                                                                           
      36      36      36      36      36      36       4       1
     0        7.65339080      0.00000000      0.00000000      0.00000000      0.00000000      0.00000000
   1.0000000000000482        0.0000000000000000        0.0000000000000000     
   0.0000000000000000        1.0000000000000482        0.0000000000000000     
   0.0000000000000000        0.0000000000000000        1.0000000000000482     
      296.7413303998        5.0000000000       40.0000000000    11
   1   Al    3.00
   1       0.000000000    0.000000000    0.000000000    1
   2       0.000000000    0.500000000    0.500000000    1
   3       0.500000000    0.000000000    0.500000000    1
   4       0.500000000    0.500000000    0.000000000    1
 -2.684418839E+00 -2.609329199E+00 -2.385315277E+00 -2.079608964E+00 -1.733095647E+00
 -1.361367135E+00 -9.667583735E-01 -5.787011088E-01 -2.396414617E-01  6.437627346E-02
  2.928800986E-01  4.514969028E-01  5.639310608E-01  6.400138627E-01  6.904436558E-01
  7.224194657E-01  7.431398384E-01  7.530278407E-01  7.579069273E-01  7.530278407E-01
  7.431398384E-01  7.224194657E-01  6.904436558E-01  6.400138627E-01  5.639310608E-01
  4.514969028E-01  2.928800986E-01  6.437627346E-02 -2.396414617E-01 -5.787011088E-01
 -9.667583735E-01 -1.361367135E+00 -1.733095647E+00 -2.079608964E+00 -2.385315277E+00
 -2.609329199E+00 -2.609329199E+00 -2.532446027E+00 -2.317585653E+00 -2.025847467E+00
 -1.688413529E+00 -1.324082711E+00 -9.341427103E-01 -5.534662663E-01 -2.196836856E-01
  7.864144510E-02  3.013999106E-01  4.569224571E-01  5.661800925E-01  6.399527366E-01
  6.897188929E-01  7.206806790E-01  7.400910915E-01  7.490589342E-01  7.530279394E-01
  7.490589342E-01  7.400910915E-01  7.206806790E-01  6.897188929E-01  6.399527366E-01
  5.661800925E-01  4.569224571E-01  3.013999106E-01  7.864144510E-02 -2.196836856E-01
 -5.534662663E-01 -9.341427103E-01 -1.324082711E+00 -1.688413529E+00 -2.025847467E+00
 -2.317585653E+00 -2.532446027E+00 -2.385315277E+00 -2.317585653E+00 -2.134856032E+00
 -1.873812179E+00 -1.559790760E+00 -1.212580046E+00 -8.367541755E-01 -4.801318589E-01
 -1.617021364E-01  1.200096309E-01  3.254028372E-01  4.705854619E-01  5.716529622E-01
  6.396901286E-01  6.860733512E-01  7.141396405E-01  7.314679862E-01  7.400913853E-01
  7.431402310E-01  7.400913853E-01  7.314679862E-01  7.141396405E-01  6.860733512E-01
  6.396901286E-01  5.716529622E-01  4.705854619E-01  3.254028372E-01  1.200096309E-01
 -1.617021364E-01 -4.801318589E-01 -8.367541755E-01 -1.212580046E+00 -1.559790760E+00
 -1.873812179E+00 -2.134856032E+00 -2.317585653E+00 -2.079608964E+00 -2.025847467E+00
 -1.873812179E+00 -1.644050506E+00 -1.361262617E+00 -1.034763146E+00 -6.868771740E-01
 -3.664854933E-01 -7.103223910E-02  1.812094779E-01  3.607334896E-01  4.899328334E-01
  5.790249001E-01  6.383677248E-01  6.771332405E-01  7.004083522E-01  7.141401223E-01
  7.206814547E-01  7.224203401E-01  7.206814547E-01  7.141401223E-01  7.004083522E-01
  6.771332405E-01  6.383677248E-01  5.790249001E-01  4.899328334E-01  3.607334896E-01
  1.812094779E-01 -7.103223910E-02 -3.664854933E-01 -6.868771740E-01 -1.034763146E+00
 -1.361262617E+00 -1.644050506E+00 -1.873812179E+00 -2.025847467E+00 -1.733095647E+00
 -1.688413529E+00 -1.559790760E+00 -1.361262617E+00 -1.104849396E+00 -8.058432646E-01
 -5.044978352E-01 -2.223525625E-01  4.166179446E-02  2.521051249E-01  4.025205976E-01
  5.107040017E-01  5.831489080E-01  6.311296958E-01  6.599785041E-01  6.771338975E-01
  6.860744901E-01  6.897203258E-01  6.904451875E-01  6.897203258E-01  6.860744901E-01
  6.771338975E-01  6.599785041E-01  6.311296958E-01  5.831489080E-01  5.107040017E-01
  4.025205976E-01  2.521051249E-01  4.166179446E-02 -2.223525625E-01 -5.044978352E-01
 -8.058432646E-01 -1.104849396E+00 -1.361262617E+00 -1.559790760E+00 -1.688413529E+00
 -1.361367135E+00 -1.324082711E+00 -1.212580046E+00 -1.034763146E+00 -8.058432646E-01
 -5.543776868E-01 -3.043958722E-01 -5.828850140E-02  1.603484313E-01  3.237207049E-01
  4.435050729E-01  5.267662257E-01  5.806991755E-01  6.145815601E-01  6.311305097E-01
  6.383691958E-01  6.396920816E-01  6.399549837E-01  6.400162087E-01  6.399549837E-01
  6.396920816E-01  6.383691958E-01  6.311305097E-01  6.145815601E-01  5.806991755E-01
  5.267662257E-01  4.435050729E-01  3.237207049E-01  1.603484313E-01 -5.828850140E-02
 -3.043958722E-01 -5.543776868E-01 -8.058432646E-01 -1.034763146E+00 -1.212580046E+00
 -1.324082711E+00 -9.667583735E-01 -9.341427103E-01 -8.367541755E-01 -6.868771740E-01
 -5.044978352E-01 -3.043958722E-01 -9.341445684E-02  1.073387814E-01  2.683764814E-01
  3.880735880E-01  4.760082520E-01  5.328796201E-01  5.656741731E-01  5.807001225E-01
  5.831506688E-01  5.790273178E-01  5.716558618E-01  5.661832862E-01  5.639343534E-01
  5.661832862E-01  5.716558618E-01  5.790273178E-01  5.831506688E-01  5.807001225E-01
  5.656741731E-01  5.328796201E-01  4.760082520E-01  3.880735880E-01  2.683764814E-01
  1.073387814E-01 -9.341445684E-02 -3.043958722E-01 -5.044978352E-01 -6.868771740E-01
 -8.367541755E-01 -9.341427103E-01 -5.787011088E-01 -5.534662663E-01 -4.801318589E-01
 -3.664854933E-01 -2.223525625E-01 -5.828850140E-02  1.073387814E-01  2.483874915E-01
  3.582528592E-01  4.408224448E-01  4.947366413E-01  5.238199239E-01  5.328806718E-01
  5.267682238E-01  5.107068125E-01  4.899362999E-01  4.705894091E-01  4.569266976E-01
  4.515012419E-01  4.569266976E-01  4.705894091E-01  4.899362999E-01  5.107068125E-01
  5.267682238E-01  5.328806718E-01  5.238199239E-01  4.947366413E-01  4.408224448E-01
  3.582528592E-01  2.483874915E-01  1.073387814E-01 -5.828850140E-02 -2.223525625E-01
 -3.664854933E-01 -4.801318589E-01 -5.534662663E-01 -2.396414617E-01 -2.196836856E-01
 -1.617021364E-01 -7.103223910E-02  4.166179446E-02  1.603484313E-01  2.683764814E-01
  3.582528592E-01  4.290596976E-01  4.737776635E-01  4.940915893E-01  4.947377653E-01
  4.760104264E-01  4.435081912E-01  4.025245251E-01  3.607380686E-01  3.254078930E-01
  3.014052567E-01  2.928855422E-01  3.014052567E-01  3.254078930E-01  3.607380686E-01
  4.025245251E-01  4.435081912E-01  4.760104264E-01  4.947377653E-01  4.940915893E-01
  4.737776635E-01  4.290596976E-01  3.582528592E-01  2.683764814E-01  1.603484313E-01
  4.166179446E-02 -7.103223910E-02 -1.617021364E-01 -2.196836856E-01  6.437627346E-02
  7.864144510E-02  1.200096309E-01  1.812094779E-01  2.521051249E-01  3.237207049E-01
  3.880735880E-01  4.408224448E-01  4.737776635E-01  4.835204352E-01  4.737788243E-01
  4.408247277E-01  3.880769172E-01  3.237249715E-01  2.521101920E-01  1.812151865E-01
  1.200158068E-01  7.864790473E-02  6.438282814E-02  7.864790473E-02  1.200158068E-01
  1.812151865E-01  2.521101920E-01  3.237249715E-01  3.880769172E-01  4.408247277E-01
  4.737788243E-01  4.835204352E-01  4.737776635E-01  4.408224448E-01  3.880735880E-01
  3.237207049E-01  2.521051249E-01  1.812094779E-01  1.200096309E-01  7.864144510E-02
  2.928800986E-01  3.013999106E-01  3.254028372E-01  3.607334896E-01  4.025205976E-01
  4.435050729E-01  4.760082520E-01  4.947366413E-01  4.940915893E-01  4.737788243E-01
  4.290620171E-01  3.582562957E-01  2.683809549E-01  1.603538286E-01  4.166797448E-02
 -7.102543687E-02 -1.616948846E-01 -2.196761626E-01 -2.396338482E-01 -2.196761626E-01
 -1.616948846E-01 -7.102543687E-02  4.166797448E-02  1.603538286E-01  2.683809549E-01
  3.582562957E-01  4.290620171E-01  4.737788243E-01  4.940915893E-01  4.947366413E-01
  4.760082520E-01  4.435050729E-01  4.025205976E-01  3.607334896E-01  3.254028372E-01
  3.013999106E-01  4.514969028E-01  4.569224571E-01  4.705854619E-01  4.899328334E-01
  5.107040017E-01  5.267662257E-01  5.328796201E-01  5.238199239E-01  4.947377653E-01
  4.408247277E-01  3.582562957E-01  2.483920346E-01  1.073443446E-01 -5.828203868E-02
 -2.223453469E-01 -3.664776872E-01 -4.801236316E-01 -5.534577874E-01 -5.786925462E-01
 -5.534577874E-01 -4.801236316E-01 -3.664776872E-01 -2.223453469E-01 -5.828203868E-02
  1.073443446E-01  2.483920346E-01  3.582562957E-01  4.408247277E-01  4.947377653E-01
  5.238199239E-01  5.328796201E-01  5.267662257E-01  5.107040017E-01  4.899328334E-01
  4.705854619E-01  4.569224571E-01  5.639310608E-01  5.661800925E-01  5.716529622E-01
  5.790249001E-01  5.831489080E-01  5.806991755E-01  5.656741731E-01  5.328806718E-01
  4.760104264E-01  3.880769172E-01  2.683809549E-01  1.073443446E-01 -9.340790021E-02
 -3.043884527E-01 -5.044897060E-01 -6.868684975E-01 -8.367451133E-01 -9.341334192E-01
 -9.667490064E-01 -9.341334192E-01 -8.367451133E-01 -6.868684975E-01 -5.044897060E-01
 -3.043884527E-01 -9.340790021E-02  1.073443446E-01  2.683809549E-01  3.880769172E-01
  4.760104264E-01  5.328806718E-01  5.656741731E-01  5.806991755E-01  5.831489080E-01
  5.790249001E-01  5.716529622E-01  5.661800925E-01  6.400138627E-01  6.399527366E-01
  6.396901286E-01  6.383677248E-01  6.311296958E-01  6.145815601E-01  5.807001225E-01
  5.267682238E-01  4.435081912E-01  3.237249715E-01  1.603538286E-01 -5.828203868E-02
 -3.043884527E-01 -5.543694518E-01 -8.058343710E-01 -1.034753749E+00 -1.212570293E+00
 -1.324072744E+00 -1.361357095E+00 -1.324072744E+00 -1.212570293E+00 -1.034753749E+00
 -8.058343710E-01 -5.543694518E-01 -3.043884527E-01 -5.828203868E-02  1.603538286E-01
  3.237249715E-01  4.435081912E-01  5.267682238E-01  5.807001225E-01  6.145815601E-01
  6.311296958E-01  6.383677248E-01  6.396901286E-01  6.399527366E-01  6.904436558E-01
  6.897188929E-01  6.860733512E-01  6.771332405E-01  6.599785041E-01  6.311305097E-01
  5.831506688E-01  5.107068125E-01  4.025245251E-01  2.521101920E-01  4.166797448E-02
 -2.223453469E-01 -5.044897060E-01 -8.058343710E-01 -1.104839889E+00 -1.361252634E+00
 -1.559780426E+00 -1.688402973E+00 -1.733085015E+00 -1.688402973E+00 -1.559780426E+00
 -1.361252634E+00 -1.104839889E+00 -8.058343710E-01 -5.044897060E-01 -2.223453469E-01
  4.166797448E-02  2.521101920E-01  4.025245251E-01  5.107068125E-01  5.831506688E-01
  6.311305097E-01  6.599785041E-01  6.771332405E-01  6.860733512E-01  6.897188929E-01
  7.224194657E-01  7.206806790E-01  7.141396405E-01  7.004083522E-01  6.771338975E-01
  6.383691958E-01  5.790273178E-01  4.899362999E-01  3.607380686E-01  1.812151865E-01
 -7.102543687E-02 -3.664776872E-01 -6.868684975E-01 -1.034753749E+00 -1.361252634E+00
 -1.644040043E+00 -1.873801336E+00 -2.025836368E+00 -2.079597774E+00 -2.025836368E+00
 -1.873801336E+00 -1.644040043E+00 -1.361252634E+00 -1.034753749E+00 -6.868684975E-01
 -3.664776872E-01 -7.102543687E-02  1.812151865E-01  3.607380686E-01  4.899362999E-01
  5.790273178E-01  6.383691958E-01  6.771338975E-01  7.004083522E-01  7.141396405E-01
  7.206806790E-01  7.431398384E-01  7.400910915E-01  7.314679862E-01  7.141401223E-01
  6.860744901E-01  6.396920816E-01  5.716558618E-01  4.705894091E-01  3.254078930E-01
  1.200158068E-01 -1.616948846E-01 -4.801236316E-01 -8.367451133E-01 -1.212570293E+00
 -1.559780426E+00 -1.873801336E+00 -2.134844754E+00 -2.317574067E+00 -2.385303578E+00
 -2.317574067E+00 -2.134844754E+00 -1.873801336E+00 -1.559780426E+00 -1.212570293E+00
 -8.367451133E-01 -4.801236316E-01 -1.616948846E-01  1.200158068E-01  3.254078930E-01
  4.705894091E-01  5.716558618E-01  6.396920816E-01  6.860744901E-01  7.141401223E-01
  7.314679862E-01  7.400910915E-01  7.530278407E-01  7.490589342E-01  7.400913853E-01
  7.206814547E-01  6.897203258E-01  6.399549837E-01  5.661832862E-01  4.569266976E-01
  3.014052567E-01  7.864790473E-02 -2.196761626E-01 -5.534577874E-01 -9.341334192E-01
 -1.324072744E+00 -1.688402973E+00 -2.025836368E+00 -2.317574067E+00 -2.532434086E+00
 -2.609317126E+00 -2.532434086E+00 -2.317574067E+00 -2.025836368E+00 -1.688402973E+00
 -1.324072744E+00 -9.341334192E-01 -5.534577874E-01 -2.196761626E-01  7.864790473E-02
  3.014052567E-01  4.569266976E-01  5.661832862E-01  6.399549837E-01  6.897203258E-01
  7.206814547E-01  7.400913853E-01  7.490589342E-01  7.579069273E-01  7.530279394E-01
  7.431402310E-01  7.224203401E-01  6.904451875E-01  6.400162087E-01  5.639343534E-01
  4.515012419E-01  2.928855422E-01  6.438282814E-02 -2.396338482E-01 -5.786925462E-01
 -9.667490064E-01 -1.361357095E+00 -1.733085015E+00 -2.079597774E+00 -2.385303578E+00
 -2.609317126E+00 -2.684406627E+00 -2.609317126E+00 -2.385303578E+00 -2.079597774E+00
 -1.733085015E+00 -1.361357095E+00 -9.667490064E-01 -5.786925462E-01 -2.396338482E-01
  6.438282814E-02  2.928855422E-01  4.515012419E-01  5.639343534E-01  6.400162087E-01
  6.904451875E-01  7.224203401E-01  7.431402310E-01  7.530279394E-01  7.530278407E-01
  7.490589342E-01  7.400913853E-01  7.206814547E-01  6.897203258E-01  6.399549837E-01
  5.661832862E-01  4.569266976E-01  3.014052567E-01  7.864790473E-02 -2.196761626E-01
 -5.534577874E-01 -9.341334192E-01 -1.324072744E+00 -1.688402973E+00 -2.025836368E+00
 -2.317574067E+00 -2.532434086E+00 -2.609317126E+00 -2.532434086E+00 -2.317574067E+00
 -2.025836368E+00 -1.688402973E+00 -1.324072744E+00 -9.341334192E-01 -5.534577874E-01
 -2.196761626E-01  7.864790473E-02  3.014052567E-01  4.569266976E-01  5.661832862E-01
  6.399549837E-01  6.897203258E-01  7.206814547E-01  7.400913853E-01  7.490589342E-01
  7.431398384E-01  7.400910915E-01  7.314679862E-01  7.141401223E-01  6.860744901E-01
  6.396920816E-01  5.716558618E-01  4.705894091E-01  3.254078930E-01  1.200158068E-01
 -1.616948846E-01 -4.801236316E-01 -8.367451133E-01 -1.212570293E+00 -1.559780426E+00
 -1.873801336E+00 -2.134844754E+00 -2.317574067E+00 -2.385303578E+00 -2.317574067E+00
 -2.134844754E+00 -1.873801336E+00 -1.559780426E+00 -1.212570293E+00 -8.367451133E-01
 -4.801236316E-01 -1.616948846E-01  1.200158068E-01  3.254078930E-01  4.705894091E-01
  5.716558618E-01  6.396920816E-01  6.860744901E-01  7.141401223E-01  7.314679862E-01
  7.400910915E-01  7.224194657E-01  7.206806790E-01  7.141396405E-01  7.004083522E-01
  6.771338975E-01  6.383691958E-01  5.790273178E-01  4.899362999E-01  3.607380686E-01
  1.812151865E-01 -7.102543687E-02 -3.664776872E-01 -6.868684975E-01 -1.034753749E+00
 -1.361252634E+00 -1.644040043E+00 -1.873801336E+00 -2.025836368E+00 -2.079597774E+00
 -2.025836368E+00 -1.873801336E+00 -1.644040043E+00 -1.361252634E+00 -1.034753749E+00
 -6.868684975E-01 -3.664776872E-01 -7.102543687E-02  1.812151865E-01  3.607380686E-01
  4.899362999E-01  5.790273178E-01  6.383691958E-01  6.771338975E-01  7.004083522E-01
  7.141396405E-01  7.206806790E-01  6.904436558E-01  6.897188929E-01  6.860733512E-01
  6.771332405E-01  6.599785041E-01  6.311305097E-01  5.831506688E-01  5.107068125E-01
  4.025245251E-01  2.521101920E-01  4.166797448E-02 -2.223453469E-01 -5.044897060E-01
 -8.058343710E-01 -1.104839889E+00 -1.361252634E+00 -1.559780426E+00 -1.688402973E+00
 -1.733085015E+00 -1.688402973E+00 -1.559780426E+00 -1.361252634E+00 -1.104839889E+00
 -8.058343710E-01 -5.044897060E-01 -2.223453469E-01  4.166797448E-02  2.521101920E-01
  4.025245251E-01  5.107068125E-01  5.831506688E-01  6.311305097E-01  6.599785041E-01
  6.771332405E-01  6.860733512E-01  6.897188929E-01  6.400138627E-01  6.399527366E-01
  6.396901286E-01  6.383677248E-01  6.311296958E-01  6.145815601E-01  5.807001225E-01
  5.267682238E-01  4.435081912E-01  3.237249715E-01  1.603538286E-01 -5.828203868E-02
 -3.043884527E-01 -5.543694518E-01 -8.058343710E-01 -1.034753749E+00 -1.212570293E+00
 -1.324072744E+00 -1.361357095E+00 -1.324072744E+00 -1.212570293E+00 -1.034753749E+00
 -8.058343710E-01 -5.543694518E-01 -3.043884527E-01 -5.828203868E-02  1.603538286E-01
  3.237249715E-01  4.435081912E-01  5.267682238E-01  5.807001225E-01  6.145815601E-01
  6.311296958E-01  6.383677248E-01  6.396901286E-01  6.399527366E-01  5.639310608E-01
  5.661800925E-01  5.716529622E-01  5.790249001E-01  5.831489080E-01  5.806991755E-01
  5.656741731E-01  5.328806718E-01  4.760104264E-01  3.880769172E-01  2.683809549E-01
  1.073443446E-01 -9.340790021E-02 -3.043884527E-01 -5.044897060E-01 -6.868684975E-01
 -8.367451133E-01 -9.341334192E-01 -9.667490064E-01 -9.341334192E-01 -8.367451133E-01
 -6.868684975E-01 -5.044897060E-01 -3.043884527E-01 -9.340790021E-02  1.073443446E-01
  2.683809549E-01  3.880769172E-01  4.760104264E-01  5.328806718E-01  5.656741731E-01
  5.806991755E-01  5.831489080E-01  5.790249001E-01  5.716529622E-01  5.661800925E-01
  4.514969028E-01  4.569224571E-01  4.705854619E-01  4.899328334E-01  5.107040017E-01
  5.267662257E-01  5.328796201E-01  5.238199239E-01  4.947377653E-01  4.408247277E-01
  3.582562957E-01  2.483920346E-01  1.073443446E-01 -5.828203868E-02 -2.223453469E-01
 -3.664776872E-01 -4.801236316E-01 -5.534577874E-01 -5.786925462E-01 -5.534577874E-01
 -4.801236316E-01 -3.664776872E-01 -2.223453469E-01 -5.828203868E-02  1.073443446E-01
  2.483920346E-01  3.582562957E-01  4.408247277E-01  4.947377653E-01  5.238199239E-01
  5.328796201E-01  5.267662257E-01  5.107040017E-01  4.899328334E-01  4.705854619E-01
  4.569224571E-01  2.928800986E-01  3.013999106E-01  3.254028372E-01  3.607334896E-01
  4.025205976E-01  4.435050729E-01  4.760082520E-01  4.947366413E-01  4.940915893E-01
  4.737788243E-01  4.290620171E-01  3.582562957E-01  2.683809549E-01  1.603538286E-01
  4.166797448E-02 -7.102543687E-02 -1.616948846E-01 -2.196761626E-01 -2.396338482E-01
 -2.196761626E-01 -1.616948846E-01 -7.102543687E-02  4.166797448E-02  1.603538286E-01
  2.683809549E-01  3.582562957E-01  4.290620171E-01  4.737788243E-01  4.940915893E-01
  4.947366413E-01  4.760082520E-01  4.435050729E-01  4.025205976E-01  3.607334896E-01
  3.254028372E-01  3.013999106E-01  6.437627346E-02  7.864144510E-02  1.200096309E-01
  1.812094779E-01  2.521051249E-01  3.237207049E-01  3.880735880E-01  4.408224448E-01
  4.737776635E-01  4.835204352E-01  4.737788243E-01  4.408247277E-01  3.880769172E-01
  3.237249715E-01  2.521101920E-01  1.812151865E-01  1.200158068E-01  7.864790473E-02
  6.438282814E-02  7.864790473E-02  1.200158068E-01  1.812151865E-01  2.521101920E-01
  3.237249715E-01  3.880769172E-01  4.408247277E-01  4.737788243E-01  4.835204352E-01
  4.737776635E-01  4.408224448E-01  3.880735880E-01  3.237207049E-01  2.521051249E-01
  1.812094779E-01  1.200096309E-01  7.864144510E-02 -2.396414617E-01 -2.196836856E-01
 -1.617021364E-01 -7.103223910E-02  4.166179446E-02  1.603484313E-01  2.683764814E-01
  3.582528592E-01  4.290596976E-01  4.737776635E-01  4.940915893E-01  4.947377653E-01
  4.760104264E-01  4.435081912E-01  4.025245251E-01  3.607380686E-01  3.254078930E-01
  3.014052567E-01  2.928855422E-01  3.014052567E-01  3.254078930E-01  3.607380686E-01
  4.025245251E-01  4.435081912E-01  4.760104264E-01  4.947377653E-01  4.940915893E-01
  4.737776635E-01  4.290596976E-01  3.582528592E-01  2.683764814E-01  1.603484313E-01
  4.166179446E-02 -7.103223910E-02 -1.617021364E-01 -2.196836856E-01 -5.787011088E-01
 -5.534662663E-01 -4.801318589E-01 -3.664854933E-01 -2.223525625E-01 -5.828850140E-02
  1.073387814E-01  2.483874915E-01  3.582528592E-01  4.408224448E-01  4.947366413E-01
  5.238199239E-01  5.328806718E-01  5.267682238E-01  5.107068125E-01  4.899362999E-01
  4.705894091E-01  4.569266976E-01  4.515012419E-01  4.569266976E-01  4.705894091E-01
  4.899362999E-01  5.107068125E-01  5.267682238E-01  5.328806718E-01  5.238199239E-01
  4.947366413E-01  4.408224448E-01  3.582528592E-01  2.483874915E-01  1.073387814E-01
 -5.828850140E-02 -2.223525625E-01 -3.664854933E-01 -4.801318589E-01 -5.534662663E-01
 -9.667583735E-01 -9.341427103E-01 -8.367541755E-01 -6.868771740E-01 -5.044978352E-01
 -3.043958722E-01 -9.341445684E-02  1.073387814E-01  2.683764814E-01  3.880735880E-01
  4.760082520E-01  5.328796201E-01  5.656741731E-01  5.807001225E-01  5.831506688E-01
  5.790273178E-01  5.716558618E-01  5.661832862E-01  5.639343534E-01  5.661832862E-01
  5.716558618E-01  5.790273178E-01  5.831506688E-01  5.807001225E-01  5.656741731E-01
  5.328796201E-01  4.760082520E-01  3.880735880E-01  2.683764814E-01  1.073387814E-01
 -9.341445684E-02 -3.043958722E-01 -5.044978352E-01 -6.868771740E-01 -8.367541755E-01
 -9.341427103E-01 -1.361367135E+00 -1.324082711E+00 -1.212580046E+00 -1.034763146E+00
 -8.058432646E-01 -5.543776868E-01 -3.043958722E-01 -5.828850140E-02  1.603484313E-01
  3.237207049E-01  4.435050729E-01  5.267662257E-01  5.806991755E-01  6.145815601E-01
  6.311305097E-01  6.383691958E-01  6.396920816E-01  6.399549837E-01  6.400162087E-01
  6.399549837E-01  6.396920816E-01  6.383691958E-01  6.311305097E-01  6.145815601E-01
  5.806991755E-01  5.267662257E-01  4.435050729E-01  3.237207049E-01  1.603484313E-01
 -5.828850140E-02 -3.043958722E-01 -5.543776868E-01 -8.058432646E-01 -1.034763146E+00
 -1.212580046E+00 -1.324082711E+00 -1.733095647E+00 -1.688413529E+00 -1.559790760E+00
 -1.361262617E+00 -1.104849396E+00 -8.058432646E-01 -5.044978352E-01 -2.223525625E-01
  4.166179446E-02  2.521051249E-01  4.025205976E-01  5.107040017E-01  5.831489080E-01
  6.311296958E-01  6.599785041E-01  6.771338975E-01  6.860744901E-01  6.897203258E-01
  6.904451875E-01  6.897203258E-01  6.860744901E-01  6.771338975E-01  6.599785041E-01
  6.311296958E-01  5.831489080E-01  5.107040017E-01  4.025205976E-01  2.521051249E-01
  4.166179446E-02 -2.223525625E-01 -5.044978352E-01 -8.058432646E-01 -1.104849396E+00
 -1.361262617E+00 -1.559790760E+00 -1.688413529E+00 -2.079608964E+00 -2.025847467E+00
 -1.873812179E+00 -1.644050506E+00 -1.361262617E+00 -1.034763146E+00 -6.868771740E-01
 -3.664854933E-01 -7.103223910E-02  1.812094779E-01  3.607334896E-01  4.899328334E-01
  5.790249001E-01  6.383677248E-01  6.771332405E-01  7.004083522E-01  7.141401223E-01
  7.206814547E-01  7.224203401E-01  7.206814547E-01  7.141401223E-01  7.004083522E-01
  6.771332405E-01  6.383677248E-01  5.790249001E-01  4.899328334E-01  3.607334896E-01
  1.812094779E-01 -7.103223910E-02 -3.664854933E-01 -6.868771740E-01 -1.034763146E+00
 -1.361262617E+00 -1.644050506E+00 -1.873812179E+00 -2.025847467E+00 -2.385315277E+00
 -2.317585653E+00 -2.134856032E+00 -1.873812179E+00 -1.559790760E+00 -1.212580046E+00
 -8.367541755E-01 -4.801318589E-01 -1.617021364E-01  1.200096309E-01  3.254028372E-01
  4.705854619E-01  5.716529622E-01  6.396901286E-01  6.860733512E-01  7.141396405E-01
  7.314679862E-01  7.400913853E-01  7.431402310E-01  7.400913853E-01  7.314679862E-01
  7.141396405E-01  6.860733512E-01  6.396901286E-01  5.716529622E-01  4.705854619E-01
  3.254028372E-01  1.200096309E-01 -1.617021364E-01 -4.801318589E-01 -8.367541755E-01
 -1.212580046E+00 -1.559790760E+00 -1.873812179E+00 -2.134856032E+00 -2.317585653E+00
 -2.609329199E+00 -2.532446027E+00 -2.317585653E+00 -2.025847467E+00 -1.688413529E+00
 -1.324082711E+00 -9.341427103E-01 -5.534662663E-01 -2.196836856E-01  7.864144510E-02
  3.013999106E-01  4.569224571E-01  5.661800925E-01  6.399527366E-01  6.897188929E-01
  7.206806790E-01  7.400910915E-01  7.490589342E-01  7.530279394E-01  7.490589342E-01
  7.400910915E-01  7.206806790E-01  6.897188929E-01  6.399527366E-01  5.661800925E-01
  4.569224571E-01  3.013999106E-01  7.864144510E-02 -2.196836856E-01 -5.534662663E-01
 -9.341427103E-01 -1.324082711E+00 -1.688413529E+00 -2.025847467E+00 -2.317585653E+00
 -2.532446027E+00 -2.609329199E+00 -2.532446027E+00 -2.317585653E+00 -2.025847467E+00
 -1.688413529E+00 -1.324082711E+00 -9.341427103E-01 -5.534662663E-01 -2.196836856E-01
  7.864144510E-02  3.013999106E-01  4.569224571E-01  5.661800925E-01  6.399527366E-01
  6.897188929E-01  7.206806790E-01  7.400910915E-01  7.490589342E-01  7.530279394E-01
  7.490589342E-01  7.400910915E-01  7.206806790E-01  6.897188929E-01  6.399527366E-01
  5.661800925E-01  4.569224571E-01  3.013999106E-01  7.864144510E-02 -2.196836856E-01
 -5.534662663E-01 -9.341427103E-01 -1.324082711E+00 -1.688413529E+00 -2.025847467E+00
 -2.317585653E+00 -2.532446027E+00 -2.532446027E+00 -2.457294875E+00 -2.253457577E+00
 -1.973514186E+00 -1.644290761E+00 -1.286590740E+00 -9.012773651E-01 -5.281305600E-01
 -1.998169259E-01  9.254141918E-02  3.096741417E-01  4.620269871E-01  5.687413443E-01
  6.405913461E-01  6.888373897E-01  7.186370909E-01  7.372337597E-01  7.456840276E-01
  7.490590326E-01  7.456840276E-01  7.372337597E-01  7.186370909E-01  6.888373897E-01
  6.405913461E-01  5.687413443E-01  4.620269871E-01  3.096741417E-01  9.254141918E-02
 -1.998169259E-01 -5.281305600E-01 -9.012773651E-01 -1.286590740E+00 -1.644290761E+00
 -1.973514186E+00 -2.253457577E+00 -2.457294875E+00 -2.317585653E+00 -2.253457577E+00
 -2.079144965E+00 -1.825439329E+00 -1.518373647E+00 -1.176259405E+00 -8.056095765E-01
 -4.561367834E-01 -1.426146690E-01  1.329716619E-01  3.333397894E-01  4.752414141E-01
  5.742996569E-01  6.410112022E-01  6.852587261E-01  7.122740329E-01  7.290310394E-01
  7.372340525E-01  7.400914827E-01  7.372340525E-01  7.290310394E-01  7.122740329E-01
  6.852587261E-01  6.410112022E-01  5.742996569E-01  4.752414141E-01  3.333397894E-01
  1.329716619E-01 -1.426146690E-01 -4.561367834E-01 -8.056095765E-01 -1.176259405E+00
 -1.518373647E+00 -1.825439329E+00 -2.079144965E+00 -2.253457577E+00 -2.025847467E+00
 -1.973514186E+00 -1.825439329E+00 -1.601086541E+00 -1.323263955E+00 -1.000867714E+00
 -6.597614130E-01 -3.451060158E-01 -5.336511509E-02  1.928956279E-01  3.681886524E-01
  4.944017472E-01  5.815074720E-01  6.398913038E-01  6.772746364E-01  6.995804174E-01
  7.122745130E-01  7.186378639E-01  7.206815504E-01  7.186378639E-01  7.122745130E-01
  6.995804174E-01  6.772746364E-01  6.398913038E-01  5.815074720E-01  4.944017472E-01
  3.681886524E-01  1.928956279E-01 -5.336511509E-02 -3.451060158E-01 -6.597614130E-01
 -1.000867714E+00 -1.323263955E+00 -1.601086541E+00 -1.825439329E+00 -1.973514186E+00
 -1.688413529E+00 -1.644290761E+00 -1.518373647E+00 -1.323263955E+00 -1.069146857E+00
 -7.749902882E-01 -4.806604663E-01 -2.024578175E-01  5.753612844E-02  2.621839648E-01
  4.088860009E-01  5.147156732E-01  5.855553338E-01  6.325131386E-01  6.608142636E-01
  6.772752910E-01  6.852598609E-01  6.888388175E-01  6.897204192E-01  6.888388175E-01
  6.852598609E-01  6.772752910E-01  6.608142636E-01  6.325131386E-01  5.855553338E-01
  5.147156732E-01  4.088860009E-01  2.621839648E-01  5.753612844E-02 -2.024578175E-01
 -4.806604663E-01 -7.749902882E-01 -1.069146857E+00 -1.323263955E+00 -1.518373647E+00
 -1.644290761E+00 -1.324082711E+00 -1.286590740E+00 -1.176259405E+00 -1.000867714E+00
 -7.749902882E-01 -5.288485839E-01 -2.834188114E-01 -4.040939440E-02  1.735583763E-01
  3.325315874E-01  4.490862885E-01  5.304686482E-01  5.835214972E-01  6.161907777E-01
  6.325139494E-01  6.398927693E-01  6.410131480E-01  6.405935852E-01  6.399550742E-01
  6.405935852E-01  6.410131480E-01  6.398927693E-01  6.325139494E-01  6.161907777E-01
  5.835214972E-01  5.304686482E-01  4.490862885E-01  3.325315874E-01  1.735583763E-01
 -4.040939440E-02 -2.834188114E-01 -5.288485839E-01 -7.749902882E-01 -1.000867714E+00
 -1.176259405E+00 -1.286590740E+00 -9.341427103E-01 -9.012773651E-01 -8.056095765E-01
 -6.597614130E-01 -4.806604663E-01 -2.834188114E-01 -7.548780141E-02  1.215081523E-01
  2.787986494E-01  3.961673200E-01  4.815437394E-01  5.369427105E-01  5.694729312E-01
  5.835224405E-01  5.855570878E-01  5.815098806E-01  5.743025457E-01  5.687445264E-01
  5.661833731E-01  5.687445264E-01  5.743025457E-01  5.815098806E-01  5.855570878E-01
  5.835224405E-01  5.694729312E-01  5.369427105E-01  4.815437394E-01  3.961673200E-01
  2.787986494E-01  1.215081523E-01 -7.548780141E-02 -2.834188114E-01 -4.806604663E-01
 -6.597614130E-01 -8.056095765E-01 -9.012773651E-01 -5.534662663E-01 -5.281305600E-01
 -4.561367834E-01 -3.451060158E-01 -2.024578175E-01 -4.040939440E-02  1.215081523E-01
  2.586402426E-01  3.658421130E-01  4.474285099E-01  5.001640637E-01  5.282277295E-01
  5.369437581E-01  5.304706386E-01  5.147184734E-01  4.944052008E-01  4.752453468E-01
  4.620312122E-01  4.569267804E-01  4.620312122E-01  4.752453468E-01  4.944052008E-01
  5.147184734E-01  5.304706386E-01  5.369437581E-01  5.282277295E-01  5.001640637E-01
  4.474285099E-01  3.658421130E-01  2.586402426E-01  1.215081523E-01 -4.040939440E-02
 -2.024578175E-01 -3.451060158E-01 -4.561367834E-01 -5.281305600E-01 -2.196836856E-01
 -1.998169259E-01 -1.426146690E-01 -5.336511509E-02  5.753612844E-02  1.735583763E-01
  2.787986494E-01  3.658421130E-01  4.346460023E-01  4.794842610E-01  4.998223891E-01
  5.001651832E-01  4.815459053E-01  4.490893949E-01  4.088899137E-01  3.681932147E-01
  3.333448271E-01  3.096794690E-01  3.014053351E-01  3.096794690E-01  3.333448271E-01
  3.681932147E-01  4.088899137E-01  4.490893949E-01  4.815459053E-01  5.001651832E-01
  4.998223891E-01  4.794842610E-01  4.346460023E-01  3.658421130E-01  2.787986494E-01
  1.735583763E-01  5.753612844E-02 -5.336511509E-02 -1.426146690E-01 -1.998169259E-01
  7.864144510E-02  9.254141918E-02  1.329716619E-01  1.928956279E-01  2.621839648E-01
  3.325315874E-01  3.961673200E-01  4.474285099E-01  4.794842610E-01  4.894618632E-01
  4.794854172E-01  4.474307838E-01  3.961706365E-01  3.325358382E-01  2.621890136E-01
  1.929013167E-01  1.329778171E-01  9.254785764E-02  7.864797848E-02  9.254785764E-02
  1.329778171E-01  1.929013167E-01  2.621890136E-01  3.325358382E-01  3.961706365E-01
  4.474307838E-01  4.794854172E-01  4.894618632E-01  4.794842610E-01  4.474285099E-01
  3.961673200E-01  3.325315874E-01  2.621839648E-01  1.928956279E-01  1.329716619E-01
  9.254141918E-02  3.013999106E-01  3.096741417E-01  3.333397894E-01  3.681886524E-01
  4.088860009E-01  4.490862885E-01  4.815437394E-01  5.001640637E-01  4.998223891E-01
  4.794854172E-01  4.346483127E-01  3.658455362E-01  2.788031065E-01  1.735637546E-01
  5.754228787E-02 -5.335833425E-02 -1.426074388E-01 -1.998094247E-01 -2.196760938E-01
 -1.998094247E-01 -1.426074388E-01 -5.335833425E-02  5.754228787E-02  1.735637546E-01
  2.788031065E-01  3.658455362E-01  4.346483127E-01  4.794854172E-01  4.998223891E-01
  5.001640637E-01  4.815437394E-01  4.490862885E-01  4.088860009E-01  3.681886524E-01
  3.333397894E-01  3.096741417E-01  4.569224571E-01  4.620269871E-01  4.752414141E-01
  4.944017472E-01  5.147156732E-01  5.304686482E-01  5.369427105E-01  5.282277295E-01
  5.001651832E-01  4.474307838E-01  3.658455362E-01  2.586447689E-01  1.215136962E-01
 -4.040295261E-02 -2.024506233E-01 -3.450982308E-01 -4.561285766E-01 -5.281221010E-01
 -5.534577235E-01 -5.281221010E-01 -4.561285766E-01 -3.450982308E-01 -2.024506233E-01
 -4.040295261E-02  1.215136962E-01  2.586447689E-01  3.658455362E-01  4.474307838E-01
  5.001651832E-01  5.282277295E-01  5.369427105E-01  5.304686482E-01  5.147156732E-01
  4.944017472E-01  4.752414141E-01  4.620269871E-01  5.661800925E-01  5.687413443E-01
  5.742996569E-01  5.815074720E-01  5.855553338E-01  5.835214972E-01  5.694729312E-01
  5.369437581E-01  4.815459053E-01  3.961706365E-01  2.788031065E-01  1.215136962E-01
 -7.548126579E-02 -2.834114132E-01 -4.806523575E-01 -6.597527557E-01 -8.056005323E-01
 -9.012680913E-01 -9.341333604E-01 -9.012680913E-01 -8.056005323E-01 -6.597527557E-01
 -4.806523575E-01 -2.834114132E-01 -7.548126579E-02  1.215136962E-01  2.788031065E-01
  3.961706365E-01  4.815459053E-01  5.369437581E-01  5.694729312E-01  5.835214972E-01
  5.855553338E-01  5.815074720E-01  5.742996569E-01  5.687413443E-01  6.399527366E-01
  6.405913461E-01  6.410112022E-01  6.398913038E-01  6.325131386E-01  6.161907777E-01
  5.835224405E-01  5.304706386E-01  4.490893949E-01  3.325358382E-01  1.735637546E-01
 -4.040295261E-02 -2.834114132E-01 -5.288403691E-01 -7.749814131E-01 -1.000858334E+00
 -1.176249670E+00 -1.286580791E+00 -1.324072690E+00 -1.286580791E+00 -1.176249670E+00
 -1.000858334E+00 -7.749814131E-01 -5.288403691E-01 -2.834114132E-01 -4.040295261E-02
  1.735637546E-01  3.325358382E-01  4.490893949E-01  5.304706386E-01  5.835224405E-01
  6.161907777E-01  6.325131386E-01  6.398913038E-01  6.410112022E-01  6.405913461E-01
  6.897188929E-01  6.888373897E-01  6.852587261E-01  6.772746364E-01  6.608142636E-01
  6.325139494E-01  5.855570878E-01  5.147184734E-01  4.088899137E-01  2.621890136E-01
  5.754228787E-02 -2.024506233E-01 -4.806523575E-01 -7.749814131E-01 -1.069137368E+00
 -1.323253991E+00 -1.518363334E+00 -1.644280231E+00 -1.688402924E+00 -1.644280231E+00
 -1.518363334E+00 -1.323253991E+00 -1.069137368E+00 -7.749814131E-01 -4.806523575E-01
 -2.024506233E-01  5.754228787E-02  2.621890136E-01  4.088899137E-01  5.147184734E-01
  5.855570878E-01  6.325139494E-01  6.608142636E-01  6.772746364E-01  6.852587261E-01
  6.888373897E-01  7.206806790E-01  7.186370909E-01  7.122740329E-01  6.995804174E-01
  6.772752910E-01  6.398927693E-01  5.815098806E-01  4.944052008E-01  3.681932147E-01
  1.929013167E-01 -5.335833425E-02 -3.450982308E-01 -6.597527557E-01 -1.000858334E+00
 -1.323253991E+00 -1.601076103E+00 -1.825428520E+00 -1.973503131E+00 -2.025836324E+00
 -1.973503131E+00 -1.825428520E+00 -1.601076103E+00 -1.323253991E+00 -1.000858334E+00
 -6.597527557E-01 -3.450982308E-01 -5.335833425E-02  1.929013167E-01  3.681932147E-01
  4.944052008E-01  5.815098806E-01  6.398927693E-01  6.772752910E-01  6.995804174E-01
  7.122740329E-01  7.186370909E-01  7.400910915E-01  7.372337597E-01  7.290310394E-01
  7.122745130E-01  6.852598609E-01  6.410131480E-01  5.743025457E-01  4.752453468E-01
  3.333448271E-01  1.329778171E-01 -1.426074388E-01 -4.561285766E-01 -8.056005323E-01
 -1.176249670E+00 -1.518363334E+00 -1.825428520E+00 -2.079133738E+00 -2.253446058E+00
 -2.317574027E+00 -2.253446058E+00 -2.079133738E+00 -1.825428520E+00 -1.518363334E+00
 -1.176249670E+00 -8.056005323E-01 -4.561285766E-01 -1.426074388E-01  1.329778171E-01
  3.333448271E-01  4.752453468E-01  5.743025457E-01  6.410131480E-01  6.852598609E-01
  7.122745130E-01  7.290310394E-01  7.372337597E-01  7.490589342E-01  7.456840276E-01
  7.372340525E-01  7.186378639E-01  6.888388175E-01  6.405935852E-01  5.687445264E-01
  4.620312122E-01  3.096794690E-01  9.254785764E-02 -1.998094247E-01 -5.281221010E-01
 -9.012680913E-01 -1.286580791E+00 -1.644280231E+00 -1.973503131E+00 -2.253446058E+00
 -2.457283021E+00 -2.532434049E+00 -2.457283021E+00 -2.253446058E+00 -1.973503131E+00
 -1.644280231E+00 -1.286580791E+00 -9.012680913E-01 -5.281221010E-01 -1.998094247E-01
  9.254785764E-02  3.096794690E-01  4.620312122E-01  5.687445264E-01  6.405935852E-01
  6.888388175E-01  7.186378639E-01  7.372340525E-01  7.456840276E-01  7.530279394E-01
  7.490590326E-01  7.400914827E-01  7.206815504E-01  6.897204192E-01  6.399550742E-01
  5.661833731E-01  4.569267804E-01  3.014053351E-01  7.864797848E-02 -2.196760938E-01
 -5.534577235E-01 -9.341333604E-01 -1.324072690E+00 -1.688402924E+00 -2.025836324E+00
 -2.317574027E+00 -2.532434049E+00 -2.609317090E+00 -2.532434049E+00 -2.317574027E+00
 -2.025836324E+00 -1.688402924E+00 -1.324072690E+00 -9.341333604E-01 -5.534577235E-01
 -2.196760938E-01  7.864797848E-02  3.014053351E-01  4.569267804E-01  5.661833731E-01
  6.399550742E-01  6.897204192E-01  7.206815504E-01  7.400914827E-01  7.490590326E-01
  7.490589342E-01  7.456840276E-01  7.372340525E-01  7.186378639E-01  6.888388175E-01
  6.405935852E-01  5.687445264E-01  4.620312122E-01  3.096794690E-01  9.254785764E-02
 -1.998094247E-01 -5.281221010E-01 -9.012680913E-01 -1.286580791E+00 -1.644280231E+00
 -1.973503131E+00 -2.253446058E+00 -2.457283021E+00 -2.532434049E+00 -2.457283021E+00
 -2.253446058E+00 -1.973503131E+00 -1.644280231E+00 -1.286580791E+00 -9.012680913E-01
 -5.281221010E-01 -1.998094247E-01  9.254785764E-02  3.096794690E-01  4.620312122E-01
  5.687445264E-01  6.405935852E-01  6.888388175E-01  7.186378639E-01  7.372340525E-01
  7.456840276E-01  7.400910915E-01  7.372337597E-01  7.290310394E-01  7.122745130E-01
  6.852598609E-01  6.410131480E-01  5.743025457E-01  4.752453468E-01  3.333448271E-01
  1.329778171E-01 -1.426074388E-01 -4.561285766E-01 -8.056005323E-01 -1.176249670E+00
 -1.518363334E+00 -1.825428520E+00 -2.079133738E+00 -2.253446058E+00 -2.317574027E+00
 -2.253446058E+00 -2.079133738E+00 -1.825428520E+00 -1.518363334E+00 -1.176249670E+00
 -8.056005323E-01 -4.561285766E-01 -1.426074388E-01  1.329778171E-01  3.333448271E-01
  4.752453468E-01  5.743025457E-01  6.410131480E-01  6.852598609E-01  7.122745130E-01
  7.290310394E-01  7.372337597E-01  7.206806790E-01  7.186370909E-01  7.122740329E-01
  6.995804174E-01  6.772752910E-01  6.398927693E-01  5.815098806E-01  4.944052008E-01
  3.681932147E-01  1.929013167E-01 -5.335833425E-02 -3.450982308E-01 -6.597527557E-01
 -1.000858334E+00 -1.323253991E+00 -1.601076103E+00 -1.825428520E+00 -1.973503131E+00
 -2.025836324E+00 -1.973503131E+00 -1.825428520E+00 -1.601076103E+00 -1.323253991E+00
 -1.000858334E+00 -6.597527557E-01 -3.450982308E-01 -5.335833425E-02  1.929013167E-01
  3.681932147E-01  4.944052008E-01  5.815098806E-01  6.398927693E-01  6.772752910E-01
  6.995804174E-01  7.122740329E-01  7.186370909E-01  6.897188929E-01  6.888373897E-01
  6.852587261E-01  6.772746364E-01  6.608142636E-01  6.325139494E-01  5.855570878E-01
  5.147184734E-01  4.088899137E-01  2.621890136E-01  5.754228787E-02 -2.024506233E-01
 -4.806523575E-01 -7.749814131E-01 -1.069137368E+00 -1.323253991E+00 -1.518363334E+00
 -1.644280231E+00 -1.688402924E+00 -1.644280231E+00 -1.518363334E+00 -1.323253991E+00
 -1.069137368E+00 -7.749814131E-01 -4.806523575E-01 -2.024506233E-01  5.754228787E-02
  2.621890136E-01  4.088899137E-01  5.147184734E-01  5.855570878E-01  6.325139494E-01
  6.608142636E-01  6.772746364E-01  6.852587261E-01  6.888373897E-01  6.399527366E-01
  6.405913461E-01  6.410112022E-01  6.398913038E-01  6.325131386E-01  6.161907777E-01
  5.835224405E-01  5.304706386E-01  4.490893949E-01  3.325358382E-01  1.735637546E-01
 -4.040295261E-02 -2.834114132E-01 -5.288403691E-01 -7.749814131E-01 -1.000858334E+00
 -1.176249670E+00 -1.286580791E+00 -1.324072690E+00 -1.286580791E+00 -1.176249670E+00
 -1.000858334E+00 -7.749814131E-01 -5.288403691E-01 -2.834114132E-01 -4.040295261E-02
  1.735637546E-01  3.325358382E-01  4.490893949E-01  5.304706386E-01  5.835224405E-01
  6.161907777E-01  6.325131386E-01  6.398913038E-01  6.410112022E-01  6.405913461E-01
  5.661800925E-01  5.687413443E-01  5.742996569E-01  5.815074720E-01  5.855553338E-01
  5.835214972E-01  5.694729312E-01  5.369437581E-01  4.815459053E-01  3.961706365E-01
  2.788031065E-01  1.215136962E-01 -7.548126579E-02 -2.834114132E-01 -4.806523575E-01
 -6.597527557E-01 -8.056005323E-01 -9.012680913E-01 -9.341333604E-01 -9.012680913E-01
 -8.056005323E-01 -6.597527557E-01 -4.806523575E-01 -2.834114132E-01 -7.548126579E-02
  1.215136962E-01  2.788031065E-01  3.961706365E-01  4.815459053E-01  5.369437581E-01
  5.694729312E-01  5.835214972E-01  5.855553338E-01  5.815074720E-01  5.742996569E-01
  5.687413443E-01  4.569224571E-01  4.620269871E-01  4.752414141E-01  4.944017472E-01
  5.147156732E-01  5.304686482E-01  5.369427105E-01  5.282277295E-01  5.001651832E-01
  4.474307838E-01  3.658455362E-01  2.586447689E-01  1.215136962E-01 -4.040295261E-02
 -2.024506233E-01 -3.450982308E-01 -4.561285766E-01 -5.281221010E-01 -5.534577235E-01
 -5.281221010E-01 -4.561285766E-01 -3.450982308E-01 -2.024506233E-01 -4.040295261E-02
  1.215136962E-01  2.586447689E-01  3.658455362E-01  4.474307838E-01  5.001651832E-01
  5.282277295E-01  5.369427105E-01  5.304686482E-01  5.147156732E-01  4.944017472E-01
  4.752414141E-01  4.620269871E-01  3.013999106E-01  3.096741417E-01  3.333397894E-01
  3.681886524E-01  4.088860009E-01  4.490862885E-01  4.815437394E-01  5.001640637E-01
  4.998223891E-01  4.794854172E-01  4.346483127E-01  3.658455362E-01  2.788031065E-01
  1.735637546E-01  5.754228787E-02 -5.335833425E-02 -1.426074388E-01 -1.998094247E-01
 -2.196760938E-01 -1.998094247E-01 -1.426074388E-01 -5.335833425E-02  5.754228787E-02
  1.735637546E-01  2.788031065E-01  3.658455362E-01  4.346483127E-01  4.794854172E-01
  4.998223891E-01  5.001640637E-01  4.815437394E-01  4.490862885E-01  4.088860009E-01
  3.681886524E-01  3.333397894E-01  3.096741417E-01  7.864144510E-02  9.254141918E-02
  1.329716619E-01  1.928956279E-01  2.621839648E-01  3.325315874E-01  3.961673200E-01
  4.474285099E-01  4.794842610E-01  4.894618632E-01  4.794854172E-01  4.474307838E-01
  3.961706365E-01  3.325358382E-01  2.621890136E-01  1.929013167E-01  1.329778171E-01
  9.254785764E-02  7.864797848E-02  9.254785764E-02  1.329778171E-01  1.929013167E-01
  2.621890136E-01  3.325358382E-01  3.961706365E-01  4.474307838E-01  4.794854172E-01
  4.894618632E-01  4.794842610E-01  4.474285099E-01  3.961673200E-01  3.325315874E-01
  2.621839648E-01  1.928956279E-01  1.329716619E-01  9.254141918E-02 -2.196836856E-01
 -1.998169259E-01 -1.426146690E-01 -5.336511509E-02  5.753612844E-02  1.735583763E-01
  2.787986494E-01  3.658421130E-01  4.346460023E-01  4.794842610E-01  4.998223891E-01
  5.001651832E-01  4.815459053E-01  4.490893949E-01  4.088899137E-01  3.681932147E-01
  3.333448271E-01  3.096794690E-01  3.014053351E-01  3.096794690E-01  3.333448271E-01
  3.681932147E-01  4.088899137E-01  4.490893949E-01  4.815459053E-01  5.001651832E-01
  4.998223891E-01  4.794842610E-01  4.346460023E-01  3.658421130E-01  2.787986494E-01
  1.735583763E-01  5.753612844E-02 -5.336511509E-02 -1.426146690E-01 -1.998169259E-01
 -5.534662663E-01 -5.281305600E-01 -4.561367834E-01 -3.451060158E-01 -2.024578175E-01
 -4.040939440E-02  1.215081523E-01  2.586402426E-01  3.658421130E-01  4.474285099E-01
  5.001640637E-01  5.282277295E-01  5.369437581E-01  5.304706386E-01  5.147184734E-01
  4.944052008E-01  4.752453468E-01  4.620312122E-01  4.569267804E-01  4.620312122E-01
  4.752453468E-01  4.944052008E-01  5.147184734E-01  5.304706386E-01  5.369437581E-01
  5.282277295E-01  5.001640637E-01  4.474285099E-01  3.658421130E-01  2.586402426E-01
  1.215081523E-01 -4.040939440E-02 -2.024578175E-01 -3.451060158E-01 -4.561367834E-01
 -5.281305600E-01 -9.341427103E-01 -9.012773651E-01 -8.056095765E-01 -6.597614130E-01
 -4.806604663E-01 -2.834188114E-01 -7.548780141E-02  1.215081523E-01  2.787986494E-01
  3.961673200E-01  4.815437394E-01  5.369427105E-01  5.694729312E-01  5.835224405E-01
  5.855570878E-01  5.815098806E-01  5.743025457E-01  5.687445264E-01  5.661833731E-01
  5.687445264E-01  5.743025457E-01  5.815098806E-01  5.855570878E-01  5.835224405E-01
  5.694729312E-01  5.369427105E-01  4.815437394E-01  3.961673200E-01  2.787986494E-01
  1.215081523E-01 -7.548780141E-02 -2.834188114E-01 -4.806604663E-01 -6.597614130E-01
 -8.056095765E-01 -9.012773651E-01 -1.324082711E+00 -1.286590740E+00 -1.176259405E+00
 -1.000867714E+00 -7.749902882E-01 -5.288485839E-01 -2.834188114E-01 -4.040939440E-02
  1.735583763E-01  3.325315874E-01  4.490862885E-01  5.304686482E-01  5.835214972E-01
  6.161907777E-01  6.325139494E-01  6.398927693E-01  6.410131480E-01  6.405935852E-01
  6.399550742E-01  6.405935852E-01  6.410131480E-01  6.398927693E-01  6.325139494E-01
  6.161907777E-01  5.835214972E-01  5.304686482E-01  4.490862885E-01  3.325315874E-01
  1.735583763E-01 -4.040939440E-02 -2.834188114E-01 -5.288485839E-01 -7.749902882E-01
 -1.000867714E+00 -1.176259405E+00 -1.286590740E+00 -1.688413529E+00 -1.644290761E+00
 -1.518373647E+00 -1.323263955E+00 -1.069146857E+00 -7.749902882E-01 -4.806604663E-01
 -2.024578175E-01  5.753612844E-02  2.621839648E-01  4.088860009E-01  5.147156732E-01
  5.855553338E-01  6.325131386E-01  6.608142636E-01  6.772752910E-01  6.852598609E-01
  6.888388175E-01  6.897204192E-01  6.888388175E-01  6.852598609E-01  6.772752910E-01
  6.608142636E-01  6.325131386E-01  5.855553338E-01  5.147156732E-01  4.088860009E-01
  2.621839648E-01  5.753612844E-02 -2.024578175E-01 -4.806604663E-01 -7.749902882E-01
 -1.069146857E+00 -1.323263955E+00 -1.518373647E+00 -1.644290761E+00 -2.025847467E+00
 -1.973514186E+00 -1.825439329E+00 -1.601086541E+00 -1.323263955E+00 -1.000867714E+00
 -6.597614130E-01 -3.451060158E-01 -5.336511509E-02  1.928956279E-01  3.681886524E-01
  4.944017472E-01  5.815074720E-01  6.398913038E-01  6.772746364E-01  6.995804174E-01
  7.122745130E-01  7.186378639E-01  7.206815504E-01  7.186378639E-01  7.122745130E-01
  6.995804174E-01  6.772746364E-01  6.398913038E-01  5.815074720E-01  4.944017472E-01
  3.681886524E-01  1.928956279E-01 -5.336511509E-02 -3.451060158E-01 -6.597614130E-01
 -1.000867714E+00 -1.323263955E+00 -1.601086541E+00 -1.825439329E+00 -1.973514186E+00
 -2.317585653E+00 -2.253457577E+00 -2.079144965E+00 -1.825439329E+00 -1.518373647E+00
 -1.176259405E+00 -8.056095765E-01 -4.561367834E-01 -1.426146690E-01  1.329716619E-01
  3.333397894E-01  4.752414141E-01  5.742996569E-01  6.410112022E-01  6.852587261E-01
  7.122740329E-01  7.290310394E-01  7.372340525E-01  7.400914827E-01  7.372340525E-01
  7.290310394E-01  7.122740329E-01  6.852587261E-01  6.410112022E-01  5.742996569E-01
  4.752414141E-01  3.333397894E-01  1.329716619E-01 -1.426146690E-01 -4.561367834E-01
 -8.056095765E-01 -1.176259405E+00 -1.518373647E+00 -1.825439329E+00 -2.079144965E+00
 -2.253457577E+00 -2.532446027E+00 -2.457294875E+00 -2.253457577E+00 -1.973514186E+00
 -1.644290761E+00 -1.286590740E+00 -9.012773651E-01 -5.281305600E-01 -1.998169259E-01
  9.254141918E-02  3.096741417E-01  4.620269871E-01  5.687413443E-01  6.405913461E-01
  6.888373897E-01  7.186370909E-01  7.372337597E-01  7.456840276E-01  7.490590326E-01
  7.456840276E-01  7.372337597E-01  7.186370909E-01  6.888373897E-01  6.405913461E-01
  5.687413443E-01  4.620269871E-01  3.096741417E-01  9.254141918E-02 -1.998169259E-01
 -5.281305600E-01 -9.012773651E-01 -1.286590740E+00 -1.644290761E+00 -1.973514186E+00
 -2.253457577E+00 -2.457294875E+00 -2.385315277E+00 -2.317585653E+00 -2.134856032E+00
 -1.873812179E+00 -1.559790760E+00 -1.212580046E+00 -8.367541755E-01 -4.801318589E-01
 -1.617021364E-01  1.200096309E-01  3.254028372E-01  4.705854619E-01  5.716529622E-01
  6.396901286E-01  6.860733512E-01  7.141396405E-01  7.314679862E-01  7.400913853E-01
  7.431402310E-01  7.400913853E-01  7.314679862E-01  7.141396405E-01  6.860733512E-01
  6.396901286E-01  5.716529622E-01  4.705854619E-01  3.254028372E-01  1.200096309E-01
 -1.617021364E-01 -4.801318589E-01 -8.367541755E-01 -1.212580046E+00 -1.559790760E+00
 -1.873812179E+00 -2.134856032E+00 -2.317585653E+00 -2.317585653E+00 -2.253457577E+00
 -2.079144965E+00 -1.825439329E+00 -1.518373647E+00 -1.176259405E+00 -8.056095765E-01
 -4.561367834E-01 -1.426146690E-01  1.329716619E-01  3.333397894E-01  4.752414141E-01
  5.742996569E-01  6.410112022E-01  6.852587261E-01  7.122740329E-01  7.290310394E-01
  7.372340525E-01  7.400914827E-01  7.372340525E-01  7.290310394E-01  7.122740329E-01
  6.852587261E-01  6.410112022E-01  5.742996569E-01  4.752414141E-01  3.333397894E-01
  1.329716619E-01 -1.426146690E-01 -4.561367834E-01 -8.056095765E-01 -1.176259405E+00
 -1.518373647E+00 -1.825439329E+00 -2.079144965E+00 -2.253457577E+00 -2.134856032E+00
 -2.079144965E+00 -1.922973687E+00 -1.687756478E+00 -1.399434917E+00 -1.069240805E+00
 -7.152827687E-01 -3.876130524E-01 -8.766855167E-02  1.704684387E-01  3.560236225E-01
  4.878761343E-01  5.796053951E-01  6.417195110E-01  6.817409592E-01  7.069558594E-01
  7.219797502E-01  7.290313292E-01  7.314683735E-01  7.290313292E-01  7.219797502E-01
  7.069558594E-01  6.817409592E-01  6.417195110E-01  5.796053951E-01  4.878761343E-01
  3.560236225E-01  1.704684387E-01 -8.766855167E-02 -3.876130524E-01 -7.152827687E-01
 -1.069240805E+00 -1.399434917E+00 -1.687756478E+00 -1.922973687E+00 -2.079144965E+00
 -1.873812179E+00 -1.825439329E+00 -1.687756478E+00 -1.477593230E+00 -1.211890835E+00
 -9.000255616E-01 -5.785265962E-01 -2.813345641E-01 -2.410545153E-03  2.261070099E-01
  3.892064419E-01  5.067721537E-01  5.870868806E-01  6.412119310E-01  6.751101938E-01
  6.959663506E-01  7.069563344E-01  7.122747978E-01  7.141405028E-01  7.122747978E-01
  7.069563344E-01  6.959663506E-01  6.751101938E-01  6.412119310E-01  5.870868806E-01
  5.067721537E-01  3.892064419E-01  2.261070099E-01 -2.410545153E-03 -2.813345641E-01
 -5.785265962E-01 -9.000255616E-01 -1.211890835E+00 -1.477593230E+00 -1.687756478E+00
 -1.825439329E+00 -1.559790760E+00 -1.518373647E+00 -1.399434917E+00 -1.211890835E+00
 -9.656751435E-01 -6.862448610E-01 -4.097484038E-01 -1.437238373E-01  1.019000425E-01
  2.906792343E-01  4.279579462E-01  5.267179236E-01  5.921628717E-01  6.352277801E-01
  6.607162101E-01  6.751108412E-01  6.817420817E-01  6.852601386E-01  6.860748613E-01
  6.852601386E-01  6.817420817E-01  6.751108412E-01  6.607162101E-01  6.352277801E-01
  5.921628717E-01  5.267179236E-01  4.279579462E-01  2.906792343E-01  1.019000425E-01
 -1.437238373E-01 -4.097484038E-01 -6.862448610E-01 -9.656751435E-01 -1.211890835E+00
 -1.399434917E+00 -1.518373647E+00 -1.212580046E+00 -1.176259405E+00 -1.069240805E+00
 -9.000255616E-01 -6.862448610E-01 -4.557829795E-01 -2.212821061E-01  1.077256456E-02
  2.090120618E-01  3.567238584E-01  4.662441335E-01  5.418719572E-01  5.911370005E-01
  6.206044075E-01  6.352285816E-01  6.412133800E-01  6.417214353E-01  6.410134168E-01
  6.396924408E-01  6.410134168E-01  6.417214353E-01  6.412133800E-01  6.352285816E-01
  6.206044075E-01  5.911370005E-01  5.418719572E-01  4.662441335E-01  3.567238584E-01
  2.090120618E-01  1.077256456E-02 -2.212821061E-01 -4.557829795E-01 -6.862448610E-01
 -9.000255616E-01 -1.069240805E+00 -1.176259405E+00 -8.367541755E-01 -8.056095765E-01
 -7.152827687E-01 -5.785265962E-01 -4.097484038E-01 -2.212821061E-01 -2.234591187E-02
  1.619273908E-01  3.070274160E-01  4.173107763E-01  4.969882995E-01  5.485011328E-01
  5.789885157E-01  5.911379329E-01  5.921646055E-01  5.870892618E-01  5.796082516E-01
  5.743028037E-01  5.716562067E-01  5.743028037E-01  5.796082516E-01  5.870892618E-01
  5.921646055E-01  5.911379329E-01  5.789885157E-01  5.485011328E-01  4.969882995E-01
  4.173107763E-01  3.070274160E-01  1.619273908E-01 -2.234591187E-02 -2.212821061E-01
 -4.097484038E-01 -5.785265962E-01 -7.152827687E-01 -8.056095765E-01 -4.801318589E-01
 -4.561367834E-01 -3.876130524E-01 -2.813345641E-01 -1.437238373E-01  1.077256456E-02
  1.619273908E-01  2.894671811E-01  3.896101644E-01  4.657545574E-01  5.147037365E-01
  5.408181835E-01  5.485021680E-01  5.418739242E-01  5.267206914E-01  5.067755680E-01
  4.878800230E-01  4.752455924E-01  4.705897376E-01  4.752455924E-01  4.878800230E-01
  5.067755680E-01  5.267206914E-01  5.418739242E-01  5.485021680E-01  5.408181835E-01
  5.147037365E-01  4.657545574E-01  3.896101644E-01  2.894671811E-01  1.619273908E-01
  1.077256456E-02 -1.437238373E-01 -2.813345641E-01 -3.876130524E-01 -4.561367834E-01
 -1.617021364E-01 -1.426146690E-01 -8.766855167E-02 -2.410545153E-03  1.019000425E-01
  2.090120618E-01  3.070274160E-01  3.896101644E-01  4.542195016E-01  4.960773589E-01
  5.148701285E-01  5.147048425E-01  4.969904397E-01  4.662472037E-01  4.279618144E-01
  3.892109533E-01  3.560286050E-01  3.333450592E-01  3.254082035E-01  3.333450592E-01
  3.560286050E-01  3.892109533E-01  4.279618144E-01  4.662472037E-01  4.969904397E-01
  5.147048425E-01  5.148701285E-01  4.960773589E-01  4.542195016E-01  3.896101644E-01
  3.070274160E-01  2.090120618E-01  1.019000425E-01 -2.410545153E-03 -8.766855167E-02
 -1.426146690E-01  1.200096309E-01  1.329716619E-01  1.704684387E-01  2.261070099E-01
  2.906792343E-01  3.567238584E-01  4.173107763E-01  4.657545574E-01  4.960773589E-01
  5.059673601E-01  4.960785010E-01  4.657568041E-01  4.173140539E-01  3.567280608E-01
  2.906842275E-01  2.261126380E-01  1.704745302E-01  1.329780349E-01  1.200160984E-01
  1.329780349E-01  1.704745302E-01  2.261126380E-01  2.906842275E-01  3.567280608E-01
  4.173140539E-01  4.657568041E-01  4.960785010E-01  5.059673601E-01  4.960773589E-01
  4.657545574E-01  4.173107763E-01  3.567238584E-01  2.906792343E-01  2.261070099E-01
  1.704684387E-01  1.329716619E-01  3.254028372E-01  3.333397894E-01  3.560236225E-01
  3.892064419E-01  4.279579462E-01  4.662441335E-01  4.969882995E-01  5.147037365E-01
  5.148701285E-01  4.960785010E-01  4.542217842E-01  3.896135473E-01  3.070318223E-01
  2.090173814E-01  1.019061382E-01 -2.403830990E-03 -8.766138939E-02 -1.426072359E-01
 -1.616946128E-01 -1.426072359E-01 -8.766138939E-02 -2.403830990E-03  1.019061382E-01
  2.090173814E-01  3.070318223E-01  3.896135473E-01  4.542217842E-01  4.960785010E-01
  5.148701285E-01  5.147037365E-01  4.969882995E-01  4.662441335E-01  4.279579462E-01
  3.892064419E-01  3.560236225E-01  3.333397894E-01  4.705854619E-01  4.752414141E-01
  4.878761343E-01  5.067721537E-01  5.267179236E-01  5.418719572E-01  5.485011328E-01
  5.408181835E-01  5.147048425E-01  4.657568041E-01  3.896135473E-01  2.894716559E-01
  1.619328747E-01  1.077894123E-02 -1.437167103E-01 -2.813268463E-01 -3.876049113E-01
 -4.561283888E-01 -4.801233800E-01 -4.561283888E-01 -3.876049113E-01 -2.813268463E-01
 -1.437167103E-01  1.077894123E-02  1.619328747E-01  2.894716559E-01  3.896135473E-01
  4.657568041E-01  5.147048425E-01  5.408181835E-01  5.485011328E-01  5.418719572E-01
  5.267179236E-01  5.067721537E-01  4.878761343E-01  4.752414141E-01  5.716529622E-01
  5.742996569E-01  5.796053951E-01  5.870868806E-01  5.921628717E-01  5.911370005E-01
  5.789885157E-01  5.485021680E-01  4.969904397E-01  4.173140539E-01  3.070318223E-01
  1.619328747E-01 -2.233944174E-02 -2.212747750E-01 -4.097403605E-01 -5.785180011E-01
 -7.152737836E-01 -8.056003599E-01 -8.367448822E-01 -8.056003599E-01 -7.152737836E-01
 -5.785180011E-01 -4.097403605E-01 -2.212747750E-01 -2.233944174E-02  1.619328747E-01
  3.070318223E-01  4.173140539E-01  4.969904397E-01  5.485021680E-01  5.789885157E-01
  5.911370005E-01  5.921628717E-01  5.870868806E-01  5.796053951E-01  5.742996569E-01
  6.396901286E-01  6.410112022E-01  6.417195110E-01  6.412119310E-01  6.352277801E-01
  6.206044075E-01  5.911379329E-01  5.418739242E-01  4.662472037E-01  3.567280608E-01
  2.090173814E-01  1.077894123E-02 -2.212747750E-01 -4.557748296E-01 -6.862360463E-01
 -9.000162389E-01 -1.069231125E+00 -1.176249512E+00 -1.212570083E+00 -1.176249512E+00
 -1.069231125E+00 -9.000162389E-01 -6.862360463E-01 -4.557748296E-01 -2.212747750E-01
  1.077894123E-02  2.090173814E-01  3.567280608E-01  4.662472037E-01  5.418739242E-01
  5.911379329E-01  6.206044075E-01  6.352277801E-01  6.412119310E-01  6.417195110E-01
  6.410112022E-01  6.860733512E-01  6.852587261E-01  6.817409592E-01  6.751101938E-01
  6.607162101E-01  6.352285816E-01  5.921646055E-01  5.267206914E-01  4.279618144E-01
  2.906842275E-01  1.019061382E-01 -1.437167103E-01 -4.097403605E-01 -6.862360463E-01
 -9.656657110E-01 -1.211880929E+00 -1.399424671E+00 -1.518363192E+00 -1.559780235E+00
 -1.518363192E+00 -1.399424671E+00 -1.211880929E+00 -9.656657110E-01 -6.862360463E-01
 -4.097403605E-01 -1.437167103E-01  1.019061382E-01  2.906842275E-01  4.279618144E-01
  5.267206914E-01  5.921646055E-01  6.352285816E-01  6.607162101E-01  6.751101938E-01
  6.817409592E-01  6.852587261E-01  7.141396405E-01  7.122740329E-01  7.069558594E-01
  6.959663506E-01  6.751108412E-01  6.412133800E-01  5.870892618E-01  5.067755680E-01
  3.892109533E-01  2.261126380E-01 -2.403830990E-03 -2.813268463E-01 -5.785180011E-01
 -9.000162389E-01 -1.211880929E+00 -1.477582865E+00 -1.687745764E+00 -1.825428391E+00
 -1.873801163E+00 -1.825428391E+00 -1.687745764E+00 -1.477582865E+00 -1.211880929E+00
 -9.000162389E-01 -5.785180011E-01 -2.813268463E-01 -2.403830990E-03  2.261126380E-01
  3.892109533E-01  5.067755680E-01  5.870892618E-01  6.412133800E-01  6.751108412E-01
  6.959663506E-01  7.069558594E-01  7.122740329E-01  7.314679862E-01  7.290310394E-01
  7.219797502E-01  7.069563344E-01  6.817420817E-01  6.417214353E-01  5.796082516E-01
  4.878800230E-01  3.560286050E-01  1.704745302E-01 -8.766138939E-02 -3.876049113E-01
 -7.152737836E-01 -1.069231125E+00 -1.399424671E+00 -1.687745764E+00 -1.922962598E+00
 -2.079133621E+00 -2.134844597E+00 -2.079133621E+00 -1.922962598E+00 -1.687745764E+00
 -1.399424671E+00 -1.069231125E+00 -7.152737836E-01 -3.876049113E-01 -8.766138939E-02
  1.704745302E-01  3.560286050E-01  4.878800230E-01  5.796082516E-01  6.417214353E-01
  6.817420817E-01  7.069563344E-01  7.219797502E-01  7.290310394E-01  7.400913853E-01
  7.372340525E-01  7.290313292E-01  7.122747978E-01  6.852601386E-01  6.410134168E-01
  5.743028037E-01  4.752455924E-01  3.333450592E-01  1.329780349E-01 -1.426072359E-01
 -4.561283888E-01 -8.056003599E-01 -1.176249512E+00 -1.518363192E+00 -1.825428391E+00
 -2.079133621E+00 -2.253445948E+00 -2.317573920E+00 -2.253445948E+00 -2.079133621E+00
 -1.825428391E+00 -1.518363192E+00 -1.176249512E+00 -8.056003599E-01 -4.561283888E-01
 -1.426072359E-01  1.329780349E-01  3.333450592E-01  4.752455924E-01  5.743028037E-01
  6.410134168E-01  6.852601386E-01  7.122747978E-01  7.290313292E-01  7.372340525E-01
  7.431402310E-01  7.400914827E-01  7.314683735E-01  7.141405028E-01  6.860748613E-01
  6.396924408E-01  5.716562067E-01  4.705897376E-01  3.254082035E-01  1.200160984E-01
 -1.616946128E-01 -4.801233800E-01 -8.367448822E-01 -1.212570083E+00 -1.559780235E+00
 -1.873801163E+00 -2.134844597E+00 -2.317573920E+00 -2.385303435E+00 -2.317573920E+00
 -2.134844597E+00 -1.873801163E+00 -1.559780235E+00 -1.212570083E+00 -8.367448822E-01
 -4.801233800E-01 -1.616946128E-01  1.200160984E-01  3.254082035E-01  4.705897376E-01
  5.716562067E-01  6.396924408E-01  6.860748613E-01  7.141405028E-01  7.314683735E-01
  7.400914827E-01  7.400913853E-01  7.372340525E-01  7.290313292E-01  7.122747978E-01
  6.852601386E-01  6.410134168E-01  5.743028037E-01  4.752455924E-01  3.333450592E-01
  1.329780349E-01 -1.426072359E-01 -4.561283888E-01 -8.056003599E-01 -1.176249512E+00
 -1.518363192E+00 -1.825428391E+00 -2.079133621E+00 -2.253445948E+00 -2.317573920E+00
 -2.253445948E+00 -2.079133621E+00 -1.825428391E+00 -1.518363192E+00 -1.176249512E+00
 -8.056003599E-01 -4.561283888E-01 -1.426072359E-01  1.329780349E-01  3.333450592E-01
  4.752455924E-01  5.743028037E-01  6.410134168E-01  6.852601386E-01  7.122747978E-01
  7.290313292E-01  7.372340525E-01  7.314679862E-01  7.290310394E-01  7.219797502E-01
  7.069563344E-01  6.817420817E-01  6.417214353E-01  5.796082516E-01  4.878800230E-01
  3.560286050E-01  1.704745302E-01 -8.766138939E-02 -3.876049113E-01 -7.152737836E-01
 -1.069231125E+00 -1.399424671E+00 -1.687745764E+00 -1.922962598E+00 -2.079133621E+00
 -2.134844597E+00 -2.079133621E+00 -1.922962598E+00 -1.687745764E+00 -1.399424671E+00
 -1.069231125E+00 -7.152737836E-01 -3.876049113E-01 -8.766138939E-02  1.704745302E-01
  3.560286050E-01  4.878800230E-01  5.796082516E-01  6.417214353E-01  6.817420817E-01
  7.069563344E-01  7.219797502E-01  7.290310394E-01  7.141396405E-01  7.122740329E-01
  7.069558594E-01  6.959663506E-01  6.751108412E-01  6.412133800E-01  5.870892618E-01
  5.067755680E-01  3.892109533E-01  2.261126380E-01 -2.403830990E-03 -2.813268463E-01
 -5.785180011E-01 -9.000162389E-01 -1.211880929E+00 -1.477582865E+00 -1.687745764E+00
 -1.825428391E+00 -1.873801163E+00 -1.825428391E+00 -1.687745764E+00 -1.477582865E+00
 -1.211880929E+00 -9.000162389E-01 -5.785180011E-01 -2.813268463E-01 -2.403830990E-03
  2.261126380E-01  3.892109533E-01  5.067755680E-01  5.870892618E-01  6.412133800E-01
  6.751108412E-01  6.959663506E-01  7.069558594E-01  7.122740329E-01  6.860733512E-01
  6.852587261E-01  6.817409592E-01  6.751101938E-01  6.607162101E-01  6.352285816E-01
  5.921646055E-01  5.267206914E-01  4.279618144E-01  2.906842275E-01  1.019061382E-01
 -1.437167103E-01 -4.097403605E-01 -6.862360463E-01 -9.656657110E-01 -1.211880929E+00
 -1.399424671E+00 -1.518363192E+00 -1.559780235E+00 -1.518363192E+00 -1.399424671E+00
 -1.211880929E+00 -9.656657110E-01 -6.862360463E-01 -4.097403605E-01 -1.437167103E-01
  1.019061382E-01  2.906842275E-01  4.279618144E-01  5.267206914E-01  5.921646055E-01
  6.352285816E-01  6.607162101E-01  6.751101938E-01  6.817409592E-01  6.852587261E-01
  6.396901286E-01  6.410112022E-01  6.417195110E-01  6.412119310E-01  6.352277801E-01
  6.206044075E-01  5.911379329E-01  5.418739242E-01  4.662472037E-01  3.567280608E-01
  2.090173814E-01  1.077894123E-02 -2.212747750E-01 -4.557748296E-01 -6.862360463E-01
 -9.000162389E-01 -1.069231125E+00 -1.176249512E+00 -1.212570083E+00 -1.176249512E+00
 -1.069231125E+00 -9.000162389E-01 -6.862360463E-01 -4.557748296E-01 -2.212747750E-01
  1.077894123E-02  2.090173814E-01  3.567280608E-01  4.662472037E-01  5.418739242E-01
  5.911379329E-01  6.206044075E-01  6.352277801E-01  6.412119310E-01  6.417195110E-01
  6.410112022E-01  5.716529622E-01  5.742996569E-01  5.796053951E-01  5.870868806E-01
  5.921628717E-01  5.911370005E-01  5.789885157E-01  5.485021680E-01  4.969904397E-01
  4.173140539E-01  3.070318223E-01  1.619328747E-01 -2.233944174E-02 -2.212747750E-01
 -4.097403605E-01 -5.785180011E-01 -7.152737836E-01 -8.056003599E-01 -8.367448822E-01
 -8.056003599E-01 -7.152737836E-01 -5.785180011E-01 -4.097403605E-01 -2.212747750E-01
 -2.233944174E-02  1.619328747E-01  3.070318223E-01  4.173140539E-01  4.969904397E-01
  5.485021680E-01  5.789885157E-01  5.911370005E-01  5.921628717E-01  5.870868806E-01
  5.796053951E-01  5.742996569E-01  4.705854619E-01  4.752414141E-01  4.878761343E-01
  5.067721537E-01  5.267179236E-01  5.418719572E-01  5.485011328E-01  5.408181835E-01
  5.147048425E-01  4.657568041E-01  3.896135473E-01  2.894716559E-01  1.619328747E-01
  1.077894123E-02 -1.437167103E-01 -2.813268463E-01 -3.876049113E-01 -4.561283888E-01
 -4.801233800E-01 -4.561283888E-01 -3.876049113E-01 -2.813268463E-01 -1.437167103E-01
  1.077894123E-02  1.619328747E-01  2.894716559E-01  3.896135473E-01  4.657568041E-01
  5.147048425E-01  5.408181835E-01  5.485011328E-01  5.418719572E-01  5.267179236E-01
  5.067721537E-01  4.878761343E-01  4.752414141E-01  3.254028372E-01  3.333397894E-01
  3.560236225E-01  3.892064419E-01  4.279579462E-01  4.662441335E-01  4.969882995E-01
  5.147037365E-01  5.148701285E-01  4.960785010E-01  4.542217842E-01  3.896135473E-01
  3.070318223E-01  2.090173814E-01  1.019061382E-01 -2.403830990E-03 -8.766138939E-02
 -1.426072359E-01 -1.616946128E-01 -1.426072359E-01 -8.766138939E-02 -2.403830990E-03
  1.019061382E-01  2.090173814E-01  3.070318223E-01  3.896135473E-01  4.542217842E-01
  4.960785010E-01  5.148701285E-01  5.147037365E-01  4.969882995E-01  4.662441335E-01
  4.279579462E-01  3.892064419E-01  3.560236225E-01  3.333397894E-01  1.200096309E-01
  1.329716619E-01  1.704684387E-01  2.261070099E-01  2.906792343E-01  3.567238584E-01
  4.173107763E-01  4.657545574E-01  4.960773589E-01  5.059673601E-01  4.960785010E-01
  4.657568041E-01  4.173140539E-01  3.567280608E-01  2.906842275E-01  2.261126380E-01
  1.704745302E-01  1.329780349E-01  1.200160984E-01  1.329780349E-01  1.704745302E-01
  2.261126380E-01  2.906842275E-01  3.567280608E-01  4.173140539E-01  4.657568041E-01
  4.960785010E-01  5.059673601E-01  4.960773589E-01  4.657545574E-01  4.173107763E-01
  3.567238584E-01  2.906792343E-01  2.261070099E-01  1.704684387E-01  1.329716619E-01
 -1.617021364E-01 -1.426146690E-01 -8.766855167E-02 -2.410545153E-03  1.019000425E-01
  2.090120618E-01  3.070274160E-01  3.896101644E-01  4.542195016E-01  4.960773589E-01
  5.148701285E-01  5.147048425E-01  4.969904397E-01  4.662472037E-01  4.279618144E-01
  3.892109533E-01  3.560286050E-01  3.333450592E-01  3.254082035E-01  3.333450592E-01
  3.560286050E-01  3.892109533E-01  4.279618144E-01  4.662472037E-01  4.969904397E-01
  5.147048425E-01  5.148701285E-01  4.960773589E-01  4.542195016E-01  3.896101644E-01
  3.070274160E-01  2.090120618E-01  1.019000425E-01 -2.410545153E-03 -8.766855167E-02
 -1.426146690E-01 -4.801318589E-01 -4.561367834E-01 -3.876130524E-01 -2.813345641E-01
 -1.437238373E-01  1.077256456E-02  1.619273908E-01  2.894671811E-01  3.896101644E-01
  4.657545574E-01  5.147037365E-01  5.408181835E-01  5.485021680E-01  5.418739242E-01
  5.267206914E-01  5.067755680E-01  4.878800230E-01  4.752455924E-01  4.705897376E-01
  4.752455924E-01  4.878800230E-01  5.067755680E-01  5.267206914E-01  5.418739242E-01
  5.485021680E-01  5.408181835E-01  5.147037365E-01  4.657545574E-01  3.896101644E-01
  2.894671811E-01  1.619273908E-01  1.077256456E-02 -1.437238373E-01 -2.813345641E-01
 -3.876130524E-01 -4.561367834E-01 -8.367541755E-01 -8.056095765E-01 -7.152827687E-01
 -5.785265962E-01 -4.097484038E-01 -2.212821061E-01 -2.234591187E-02  1.619273908E-01
  3.070274160E-01  4.173107763E-01  4.969882995E-01  5.485011328E-01  5.789885157E-01
  5.911379329E-01  5.921646055E-01  5.870892618E-01  5.796082516E-01  5.743028037E-01
  5.716562067E-01  5.743028037E-01  5.796082516E-01  5.870892618E-01  5.921646055E-01
  5.911379329E-01  5.789885157E-01  5.485011328E-01  4.969882995E-01  4.173107763E-01
  3.070274160E-01  1.619273908E-01 -2.234591187E-02 -2.212821061E-01 -4.097484038E-01
 -5.785265962E-01 -7.152827687E-01 -8.056095765E-01 -1.212580046E+00 -1.176259405E+00
 -1.069240805E+00 -9.000255616E-01 -6.862448610E-01 -4.557829795E-01 -2.212821061E-01
  1.077256456E-02  2.090120618E-01  3.567238584E-01  4.662441335E-01  5.418719572E-01
  5.911370005E-01  6.206044075E-01  6.352285816E-01  6.412133800E-01  6.417214353E-01
  6.410134168E-01  6.396924408E-01  6.410134168E-01  6.417214353E-01  6.412133800E-01
  6.352285816E-01  6.206044075E-01  5.911370005E-01  5.418719572E-01  4.662441335E-01
  3.567238584E-01  2.090120618E-01  1.077256456E-02 -2.212821061E-01 -4.557829795E-01
 -6.862448610E-01 -9.000255616E-01 -1.069240805E+00 -1.176259405E+00 -1.559790760E+00
 -1.518373647E+00 -1.399434917E+00 -1.211890835E+00 -9.656751435E-01 -6.862448610E-01
 -4.097484038E-01 -1.437238373E-01  1.019000425E-01  2.906792343E-01  4.279579462E-01
  5.267179236E-01  5.921628717E-01  6.352277801E-01  6.607162101E-01  6.751108412E-01
  6.817420817E-01  6.852601386E-01  6.860748613E-01  6.852601386E-01  6.817420817E-01
  6.751108412E-01  6.607162101E-01  6.352277801E-01  5.921628717E-01  5.267179236E-01
  4.279579462E-01  2.906792343E-01  1.019000425E-01 -1.437238373E-01 -4.097484038E-01
 -6.862448610E-01 -9.656751435E-01 -1.211890835E+00 -1.399434917E+00 -1.518373647E+00
 -1.873812179E+00 -1.825439329E+00 -1.687756478E+00 -1.477593230E+00 -1.211890835E+00
 -9.000255616E-01 -5.785265962E-01 -2.813345641E-01 -2.410545153E-03  2.261070099E-01
  3.892064419E-01  5.067721537E-01  5.870868806E-01  6.412119310E-01  6.751101938E-01
  6.959663506E-01  7.069563344E-01  7.122747978E-01  7.141405028E-01  7.122747978E-01
  7.069563344E-01  6.959663506E-01  6.751101938E-01  6.412119310E-01  5.870868806E-01
  5.067721537E-01  3.892064419E-01  2.261070099E-01 -2.410545153E-03 -2.813345641E-01
 -5.785265962E-01 -9.000255616E-01 -1.211890835E+00 -1.477593230E+00 -1.687756478E+00
 -1.825439329E+00 -2.134856032E+00 -2.079144965E+00 -1.922973687E+00 -1.687756478E+00
 -1.399434917E+00 -1.069240805E+00 -7.152827687E-01 -3.876130524E-01 -8.766855167E-02
  1.704684387E-01  3.560236225E-01  4.878761343E-01  5.796053951E-01  6.417195110E-01
  6.817409592E-01  7.069558594E-01  7.219797502E-01  7.290313292E-01  7.314683735E-01
  7.290313292E-01  7.219797502E-01  7.069558594E-01  6.817409592E-01  6.417195110E-01
  5.796053951E-01  4.878761343E-01  3.560236225E-01  1.704684387E-01 -8.766855167E-02
 -3.876130524E-01 -7.152827687E-01 -1.069240805E+00 -1.399434917E+00 -1.687756478E+00
 -1.922973687E+00 -2.079144965E+00 -2.317585653E+00 -2.253457577E+00 -2.079144965E+00
 -1.825439329E+00 -1.518373647E+00 -1.176259405E+00 -8.056095765E-01 -4.561367834E-01
 -1.426146690E-01  1.329716619E-01  3.333397894E-01  4.752414141E-01  5.742996569E-01
  6.410112022E-01  6.852587261E-01  7.122740329E-01  7.290310394E-01  7.372340525E-01
  7.400914827E-01  7.372340525E-01  7.290310394E-01  7.122740329E-01  6.852587261E-01
  6.410112022E-01  5.742996569E-01  4.752414141E-01  3.333397894E-01  1.329716619E-01
 -1.426146690E-01 -4.561367834E-01 -8.056095765E-01 -1.176259405E+00 -1.518373647E+00
 -1.825439329E+00 -2.079144965E+00 -2.253457577E+00 -2.079608964E+00 -2.025847467E+00
 -1.873812179E+00 -1.644050506E+00 -1.361262617E+00 -1.034763146E+00 -6.868771740E-01
 -3.664854933E-01 -7.103223910E-02  1.812094779E-01  3.607334896E-01  4.899328334E-01
  5.790249001E-01  6.383677248E-01  6.771332405E-01  7.004083522E-01  7.141401223E-01
  7.206814547E-01  7.224203401E-01  7.206814547E-01  7.141401223E-01  7.004083522E-01
  6.771332405E-01  6.383677248E-01  5.790249001E-01  4.899328334E-01  3.607334896E-01
  1.812094779E-01 -7.103223910E-02 -3.664854933E-01 -6.868771740E-01 -1.034763146E+00
 -1.361262617E+00 -1.644050506E+00 -1.873812179E+00 -2.025847467E+00 -2.025847467E+00
 -1.973514186E+00 -1.825439329E+00 -1.601086541E+00 -1.323263955E+00 -1.000867714E+00
 -6.597614130E-01 -3.451060158E-01 -5.336511509E-02  1.928956279E-01  3.681886524E-01
  4.944017472E-01  5.815074720E-01  6.398913038E-01  6.772746364E-01  6.995804174E-01
  7.122745130E-01  7.186378639E-01  7.206815504E-01  7.186378639E-01  7.122745130E-01
  6.995804174E-01  6.772746364E-01  6.398913038E-01  5.815074720E-01  4.944017472E-01
  3.681886524E-01  1.928956279E-01 -5.336511509E-02 -3.451060158E-01 -6.597614130E-01
 -1.000867714E+00 -1.323263955E+00 -1.601086541E+00 -1.825439329E+00 -1.973514186E+00
 -1.873812179E+00 -1.825439329E+00 -1.687756478E+00 -1.477593230E+00 -1.211890835E+00
 -9.000255616E-01 -5.785265962E-01 -2.813345641E-01 -2.410545153E-03  2.261070099E-01
  3.892064419E-01  5.067721537E-01  5.870868806E-01  6.412119310E-01  6.751101938E-01
  6.959663506E-01  7.069563344E-01  7.122747978E-01  7.141405028E-01  7.122747978E-01
  7.069563344E-01  6.959663506E-01  6.751101938E-01  6.412119310E-01  5.870868806E-01
  5.067721537E-01  3.892064419E-01  2.261070099E-01 -2.410545153E-03 -2.813345641E-01
 -5.785265962E-01 -9.000255616E-01 -1.211890835E+00 -1.477593230E+00 -1.687756478E+00
 -1.825439329E+00 -1.644050506E+00 -1.601086541E+00 -1.477593230E+00 -1.284789354E+00
 -1.033780001E+00 -7.436401997E-01 -4.548353633E-01 -1.812060566E-01  7.542472273E-02
  2.754643280E-01  4.196245288E-01  5.243250234E-01  5.950297479E-01  6.421857094E-01
  6.704879688E-01  6.876704594E-01  6.959668171E-01  6.995811687E-01  7.004091994E-01
  6.995811687E-01  6.959668171E-01  6.876704594E-01  6.704879688E-01  6.421857094E-01
  5.950297479E-01  5.243250234E-01  4.196245288E-01  2.754643280E-01  7.542472273E-02
 -1.812060566E-01 -4.548353633E-01 -7.436401997E-01 -1.033780001E+00 -1.284789354E+00
 -1.477593230E+00 -1.601086541E+00 -1.361262617E+00 -1.323263955E+00 -1.211890835E+00
 -1.033780001E+00 -8.039186520E-01 -5.518855572E-01 -3.005022440E-01 -5.266192732E-02
  1.683487551E-01  3.337658417E-01  4.561028043E-01  5.432101936E-01  6.010845365E-01
  6.385399685E-01  6.594174769E-01  6.704886041E-01  6.751112956E-01  6.772760233E-01
  6.771347233E-01  6.772760233E-01  6.751112956E-01  6.704886041E-01  6.594174769E-01
  6.385399685E-01  6.010845365E-01  5.432101936E-01  4.561028043E-01  3.337658417E-01
  1.683487551E-01 -5.266192732E-02 -3.005022440E-01 -5.518855572E-01 -8.039186520E-01
 -1.033780001E+00 -1.211890835E+00 -1.323263955E+00 -1.034763146E+00 -1.000867714E+00
 -9.000255616E-01 -7.436401997E-01 -5.518855572E-01 -3.430999186E-01 -1.235794062E-01
  8.880343202E-02  2.626584525E-01  3.941397097E-01  4.922336881E-01  5.582747404E-01
  6.013818985E-01  6.266508537E-01  6.385407545E-01  6.421871308E-01  6.412138192E-01
  6.398934772E-01  6.383699942E-01  6.398934772E-01  6.412138192E-01  6.421871308E-01
  6.385407545E-01  6.266508537E-01  6.013818985E-01  5.582747404E-01  4.922336881E-01
  3.941397097E-01  2.626584525E-01  8.880343202E-02 -1.235794062E-01 -3.430999186E-01
 -5.518855572E-01 -7.436401997E-01 -9.000255616E-01 -1.000867714E+00 -6.868771740E-01
 -6.597614130E-01 -5.785265962E-01 -4.548353633E-01 -3.005022440E-01 -1.235794062E-01
  5.965382371E-02  2.220840107E-01  3.500717521E-01  4.494311532E-01  5.202331067E-01
  5.656513704E-01  5.917345906E-01  6.013828123E-01  6.010862362E-01  5.950320830E-01
  5.870896826E-01  5.815105594E-01  5.790280835E-01  5.815105594E-01  5.870896826E-01
  5.950320830E-01  6.010862362E-01  6.013828123E-01  5.917345906E-01  5.656513704E-01
  5.202331067E-01  4.494311532E-01  3.500717521E-01  2.220840107E-01  5.965382371E-02
 -1.235794062E-01 -3.005022440E-01 -4.548353633E-01 -5.785265962E-01 -6.597614130E-01
 -3.664854933E-01 -3.451060158E-01 -2.813345641E-01 -1.812060566E-01 -5.266192732E-02
  8.880343202E-02  2.220840107E-01  3.346982766E-01  4.256001632E-01  4.933133697E-01
  5.371369197E-01  5.606777373E-01  5.656523845E-01  5.582766680E-01  5.432129067E-01
  5.243283712E-01  5.067759678E-01  4.944058462E-01  4.899370282E-01  4.944058462E-01
  5.067759678E-01  5.243283712E-01  5.432129067E-01  5.582766680E-01  5.656523845E-01
  5.606777373E-01  5.371369197E-01  4.933133697E-01  4.256001632E-01  3.346982766E-01
  2.220840107E-01  8.880343202E-02 -5.266192732E-02 -1.812060566E-01 -2.813345641E-01
 -3.451060158E-01 -7.103223910E-02 -5.336511509E-02 -2.410545153E-03  7.542472273E-02
  1.683487551E-01  2.626584525E-01  3.500717521E-01  4.256001632E-01  4.840942064E-01
  5.208963803E-01  5.379015235E-01  5.371380028E-01  5.202352032E-01  4.922366968E-01
  4.561065964E-01  4.196289531E-01  3.892113299E-01  3.681938235E-01  3.607387557E-01
  3.681938235E-01  3.892113299E-01  4.196289531E-01  4.561065964E-01  4.922366968E-01
  5.202352032E-01  5.371380028E-01  5.379015235E-01  5.208963803E-01  4.840942064E-01
  4.256001632E-01  3.500717521E-01  2.626584525E-01  1.683487551E-01  7.542472273E-02
 -2.410545153E-03 -5.336511509E-02  1.812094779E-01  1.928956279E-01  2.261070099E-01
  2.754643280E-01  3.337658417E-01  3.941397097E-01  4.494311532E-01  4.933133697E-01
  5.208963803E-01  5.299844593E-01  5.208974985E-01  4.933155699E-01  4.494343644E-01
  3.941438290E-01  3.337707388E-01  2.754698509E-01  2.261129901E-01  1.929018865E-01
  1.812158299E-01  1.929018865E-01  2.261129901E-01  2.754698509E-01  3.337707388E-01
  3.941438290E-01  4.494343644E-01  4.933155699E-01  5.208974985E-01  5.299844593E-01
  5.208963803E-01  4.933133697E-01  4.494311532E-01  3.941397097E-01  3.337658417E-01
  2.754643280E-01  2.261070099E-01  1.928956279E-01  3.607334896E-01  3.681886524E-01
  3.892064419E-01  4.196245288E-01  4.561028043E-01  4.922336881E-01  5.202331067E-01
  5.371369197E-01  5.379015235E-01  5.208974985E-01  4.840964416E-01  4.256034772E-01
  3.500760711E-01  2.626636704E-01  1.683547389E-01  7.543131867E-02 -2.403504382E-03
 -5.335780488E-02 -7.102483871E-02 -5.335780488E-02 -2.403504382E-03  7.543131867E-02
  1.683547389E-01  2.626636704E-01  3.500760711E-01  4.256034772E-01  4.840964416E-01
  5.208974985E-01  5.379015235E-01  5.371369197E-01  5.202331067E-01  4.922336881E-01
  4.561028043E-01  4.196245288E-01  3.892064419E-01  3.681886524E-01  4.899328334E-01
  4.944017472E-01  5.067721537E-01  5.243250234E-01  5.432101936E-01  5.582747404E-01
  5.656513704E-01  5.606777373E-01  5.371380028E-01  4.933155699E-01  4.256034772E-01
  3.347026626E-01  2.220893902E-01  8.880969342E-02 -5.265492146E-02 -1.811984617E-01
 -2.813265454E-01 -3.450977424E-01 -3.664771351E-01 -3.450977424E-01 -2.813265454E-01
 -1.811984617E-01 -5.265492146E-02  8.880969342E-02  2.220893902E-01  3.347026626E-01
  4.256034772E-01  4.933155699E-01  5.371380028E-01  5.606777373E-01  5.656513704E-01
  5.582747404E-01  5.432101936E-01  5.243250234E-01  5.067721537E-01  4.944017472E-01
  5.790249001E-01  5.815074720E-01  5.870868806E-01  5.950297479E-01  6.010845365E-01
  6.013818985E-01  5.917345906E-01  5.656523845E-01  5.202352032E-01  4.494343644E-01
  3.500760711E-01  2.220893902E-01  5.966017755E-02 -1.235721970E-01 -3.004943228E-01
 -4.548268869E-01 -5.785177258E-01 -6.597523081E-01 -6.868679913E-01 -6.597523081E-01
 -5.785177258E-01 -4.548268869E-01 -3.004943228E-01 -1.235721970E-01  5.966017755E-02
  2.220893902E-01  3.500760711E-01  4.494343644E-01  5.202352032E-01  5.656523845E-01
  5.917345906E-01  6.013818985E-01  6.010845365E-01  5.950297479E-01  5.870868806E-01
  5.815074720E-01  6.383677248E-01  6.398913038E-01  6.412119310E-01  6.421857094E-01
  6.385399685E-01  6.266508537E-01  6.013828123E-01  5.582766680E-01  4.922366968E-01
  3.941438290E-01  2.626636704E-01  8.880969342E-02 -1.235721970E-01 -3.430918901E-01
 -5.518768588E-01 -7.436309875E-01 -9.000159885E-01 -1.000857927E+00 -1.034753288E+00
 -1.000857927E+00 -9.000159885E-01 -7.436309875E-01 -5.518768588E-01 -3.430918901E-01
 -1.235721970E-01  8.880969342E-02  2.626636704E-01  3.941438290E-01  4.922366968E-01
  5.582766680E-01  6.013828123E-01  6.266508537E-01  6.385399685E-01  6.421857094E-01
  6.412119310E-01  6.398913038E-01  6.771332405E-01  6.772746364E-01  6.751101938E-01
  6.704879688E-01  6.594174769E-01  6.385407545E-01  6.010862362E-01  5.432129067E-01
  4.561065964E-01  3.337707388E-01  1.683547389E-01 -5.265492146E-02 -3.004943228E-01
 -5.518768588E-01 -8.039093290E-01 -1.033770203E+00 -1.211880702E+00 -1.323253621E+00
 -1.361252216E+00 -1.323253621E+00 -1.211880702E+00 -1.033770203E+00 -8.039093290E-01
 -5.518768588E-01 -3.004943228E-01 -5.265492146E-02  1.683547389E-01  3.337707388E-01
  4.561065964E-01  5.432129067E-01  6.010862362E-01  6.385407545E-01  6.594174769E-01
  6.704879688E-01  6.751101938E-01  6.772746364E-01  7.004083522E-01  6.995804174E-01
  6.959663506E-01  6.876704594E-01  6.704886041E-01  6.421871308E-01  5.950320830E-01
  5.243283712E-01  4.196289531E-01  2.754698509E-01  7.543131867E-02 -1.811984617E-01
 -4.548268869E-01 -7.436309875E-01 -1.033770203E+00 -1.284779107E+00 -1.477582659E+00
 -1.601075768E+00 -1.644039664E+00 -1.601075768E+00 -1.477582659E+00 -1.284779107E+00
 -1.033770203E+00 -7.436309875E-01 -4.548268869E-01 -1.811984617E-01  7.543131867E-02
  2.754698509E-01  4.196289531E-01  5.243283712E-01  5.950320830E-01  6.421871308E-01
  6.704886041E-01  6.876704594E-01  6.959663506E-01  6.995804174E-01  7.141401223E-01
  7.122745130E-01  7.069563344E-01  6.959668171E-01  6.751112956E-01  6.412138192E-01
  5.870896826E-01  5.067759678E-01  3.892113299E-01  2.261129901E-01 -2.403504382E-03
 -2.813265454E-01 -5.785177258E-01 -9.000159885E-01 -1.211880702E+00 -1.477582659E+00
 -1.687745575E+00 -1.825428213E+00 -1.873800989E+00 -1.825428213E+00 -1.687745575E+00
 -1.477582659E+00 -1.211880702E+00 -9.000159885E-01 -5.785177258E-01 -2.813265454E-01
 -2.403504382E-03  2.261129901E-01  3.892113299E-01  5.067759678E-01  5.870896826E-01
  6.412138192E-01  6.751112956E-01  6.959668171E-01  7.069563344E-01  7.122745130E-01
  7.206814547E-01  7.186378639E-01  7.122747978E-01  6.995811687E-01  6.772760233E-01
  6.398934772E-01  5.815105594E-01  4.944058462E-01  3.681938235E-01  1.929018865E-01
 -5.335780488E-02 -3.450977424E-01 -6.597523081E-01 -1.000857927E+00 -1.323253621E+00
 -1.601075768E+00 -1.825428213E+00 -1.973502844E+00 -2.025836043E+00 -1.973502844E+00
 -1.825428213E+00 -1.601075768E+00 -1.323253621E+00 -1.000857927E+00 -6.597523081E-01
 -3.450977424E-01 -5.335780488E-02  1.929018865E-01  3.681938235E-01  4.944058462E-01
  5.815105594E-01  6.398934772E-01  6.772760233E-01  6.995811687E-01  7.122747978E-01
  7.186378639E-01  7.224203401E-01  7.206815504E-01  7.141405028E-01  7.004091994E-01
  6.771347233E-01  6.383699942E-01  5.790280835E-01  4.899370282E-01  3.607387557E-01
  1.812158299E-01 -7.102483871E-02 -3.664771351E-01 -6.868679913E-01 -1.034753288E+00
 -1.361252216E+00 -1.644039664E+00 -1.873800989E+00 -2.025836043E+00 -2.079597457E+00
 -2.025836043E+00 -1.873800989E+00 -1.644039664E+00 -1.361252216E+00 -1.034753288E+00
 -6.868679913E-01 -3.664771351E-01 -7.102483871E-02  1.812158299E-01  3.607387557E-01
  4.899370282E-01  5.790280835E-01  6.383699942E-01  6.771347233E-01  7.004091994E-01
  7.141405028E-01  7.206815504E-01  7.206814547E-01  7.186378639E-01  7.122747978E-01
  6.995811687E-01  6.772760233E-01  6.398934772E-01  5.815105594E-01  4.944058462E-01
  3.681938235E-01  1.929018865E-01 -5.335780488E-02 -3.450977424E-01 -6.597523081E-01
 -1.000857927E+00 -1.323253621E+00 -1.601075768E+00 -1.825428213E+00 -1.973502844E+00
 -2.025836043E+00 -1.973502844E+00 -1.825428213E+00 -1.601075768E+00 -1.323253621E+00
 -1.000857927E+00 -6.597523081E-01 -3.450977424E-01 -5.335780488E-02  1.929018865E-01
  3.681938235E-01  4.944058462E-01  5.815105594E-01  6.398934772E-01  6.772760233E-01
  6.995811687E-01  7.122747978E-01  7.186378639E-01  7.141401223E-01  7.122745130E-01
  7.069563344E-01  6.959668171E-01  6.751112956E-01  6.412138192E-01  5.870896826E-01
  5.067759678E-01  3.892113299E-01  2.261129901E-01 -2.403504382E-03 -2.813265454E-01
 -5.785177258E-01 -9.000159885E-01 -1.211880702E+00 -1.477582659E+00 -1.687745575E+00
 -1.825428213E+00 -1.873800989E+00 -1.825428213E+00 -1.687745575E+00 -1.477582659E+00
 -1.211880702E+00 -9.000159885E-01 -5.785177258E-01 -2.813265454E-01 -2.403504382E-03
  2.261129901E-01  3.892113299E-01  5.067759678E-01  5.870896826E-01  6.412138192E-01
  6.751112956E-01  6.959668171E-01  7.069563344E-01  7.122745130E-01  7.004083522E-01
  6.995804174E-01  6.959663506E-01  6.876704594E-01  6.704886041E-01  6.421871308E-01
  5.950320830E-01  5.243283712E-01  4.196289531E-01  2.754698509E-01  7.543131867E-02
 -1.811984617E-01 -4.548268869E-01 -7.436309875E-01 -1.033770203E+00 -1.284779107E+00
 -1.477582659E+00 -1.601075768E+00 -1.644039664E+00 -1.601075768E+00 -1.477582659E+00
 -1.284779107E+00 -1.033770203E+00 -7.436309875E-01 -4.548268869E-01 -1.811984617E-01
  7.543131867E-02  2.754698509E-01  4.196289531E-01  5.243283712E-01  5.950320830E-01
  6.421871308E-01  6.704886041E-01  6.876704594E-01  6.959663506E-01  6.995804174E-01
  6.771332405E-01  6.772746364E-01  6.751101938E-01  6.704879688E-01  6.594174769E-01
  6.385407545E-01  6.010862362E-01  5.432129067E-01  4.561065964E-01  3.337707388E-01
  1.683547389E-01 -5.265492146E-02 -3.004943228E-01 -5.518768588E-01 -8.039093290E-01
 -1.033770203E+00 -1.211880702E+00 -1.323253621E+00 -1.361252216E+00 -1.323253621E+00
 -1.211880702E+00 -1.033770203E+00 -8.039093290E-01 -5.518768588E-01 -3.004943228E-01
 -5.265492146E-02  1.683547389E-01  3.337707388E-01  4.561065964E-01  5.432129067E-01
  6.010862362E-01  6.385407545E-01  6.594174769E-01  6.704879688E-01  6.751101938E-01
  6.772746364E-01  6.383677248E-01  6.398913038E-01  6.412119310E-01  6.421857094E-01
  6.385399685E-01  6.266508537E-01  6.013828123E-01  5.582766680E-01  4.922366968E-01
  3.941438290E-01  2.626636704E-01  8.880969342E-02 -1.235721970E-01 -3.430918901E-01
 -5.518768588E-01 -7.436309875E-01 -9.000159885E-01 -1.000857927E+00 -1.034753288E+00
 -1.000857927E+00 -9.000159885E-01 -7.436309875E-01 -5.518768588E-01 -3.430918901E-01
 -1.235721970E-01  8.880969342E-02  2.626636704E-01  3.941438290E-01  4.922366968E-01
  5.582766680E-01  6.013828123E-01  6.266508537E-01  6.385399685E-01  6.421857094E-01
  6.412119310E-01  6.398913038E-01  5.790249001E-01  5.815074720E-01  5.870868806E-01
  5.950297479E-01  6.010845365E-01  6.013818985E-01  5.917345906E-01  5.656523845E-01
  5.202352032E-01  4.494343644E-01  3.500760711E-01  2.220893902E-01  5.966017755E-02
 -1.235721970E-01 -3.004943228E-01 -4.548268869E-01 -5.785177258E-01 -6.597523081E-01
 -6.868679913E-01 -6.597523081E-01 -5.785177258E-01 -4.548268869E-01 -3.004943228E-01
 -1.235721970E-01  5.966017755E-02  2.220893902E-01  3.500760711E-01  4.494343644E-01
  5.202352032E-01  5.656523845E-01  5.917345906E-01  6.013818985E-01  6.010845365E-01
  5.950297479E-01  5.870868806E-01  5.815074720E-01  4.899328334E-01  4.944017472E-01
  5.067721537E-01  5.243250234E-01  5.432101936E-01  5.582747404E-01  5.656513704E-01
  5.606777373E-01  5.371380028E-01  4.933155699E-01  4.256034772E-01  3.347026626E-01
  2.220893902E-01  8.880969342E-02 -5.265492146E-02 -1.811984617E-01 -2.813265454E-01
 -3.450977424E-01 -3.664771351E-01 -3.450977424E-01 -2.813265454E-01 -1.811984617E-01
 -5.265492146E-02  8.880969342E-02  2.220893902E-01  3.347026626E-01  4.256034772E-01
  4.933155699E-01  5.371380028E-01  5.606777373E-01  5.656513704E-01  5.582747404E-01
  5.432101936E-01  5.243250234E-01  5.067721537E-01  4.944017472E-01  3.607334896E-01
  3.681886524E-01  3.892064419E-01  4.196245288E-01  4.561028043E-01  4.922336881E-01
  5.202331067E-01  5.371369197E-01  5.379015235E-01  5.208974985E-01  4.840964416E-01
  4.256034772E-01  3.500760711E-01  2.626636704E-01  1.683547389E-01  7.543131867E-02
 -2.403504382E-03 -5.335780488E-02 -7.102483871E-02 -5.335780488E-02 -2.403504382E-03
  7.543131867E-02  1.683547389E-01  2.626636704E-01  3.500760711E-01  4.256034772E-01
  4.840964416E-01  5.208974985E-01  5.379015235E-01  5.371369197E-01  5.202331067E-01
  4.922336881E-01  4.561028043E-01  4.196245288E-01  3.892064419E-01  3.681886524E-01
  1.812094779E-01  1.928956279E-01  2.261070099E-01  2.754643280E-01  3.337658417E-01
  3.941397097E-01  4.494311532E-01  4.933133697E-01  5.208963803E-01  5.299844593E-01
  5.208974985E-01  4.933155699E-01  4.494343644E-01  3.941438290E-01  3.337707388E-01
  2.754698509E-01  2.261129901E-01  1.929018865E-01  1.812158299E-01  1.929018865E-01
  2.261129901E-01  2.754698509E-01  3.337707388E-01  3.941438290E-01  4.494343644E-01
  4.933155699E-01  5.208974985E-01  5.299844593E-01  5.208963803E-01  4.933133697E-01
  4.494311532E-01  3.941397097E-01  3.337658417E-01  2.754643280E-01  2.261070099E-01
  1.928956279E-01 -7.103223910E-02 -5.336511509E-02 -2.410545153E-03  7.542472273E-02
  1.683487551E-01  2.626584525E-01  3.500717521E-01  4.256001632E-01  4.840942064E-01
  5.208963803E-01  5.379015235E-01  5.371380028E-01  5.202352032E-01  4.922366968E-01
  4.561065964E-01  4.196289531E-01  3.892113299E-01  3.681938235E-01  3.607387557E-01
  3.681938235E-01  3.892113299E-01  4.196289531E-01  4.561065964E-01  4.922366968E-01
  5.202352032E-01  5.371380028E-01  5.379015235E-01  5.208963803E-01  4.840942064E-01
  4.256001632E-01  3.500717521E-01  2.626584525E-01  1.683487551E-01  7.542472273E-02
 -2.410545153E-03 -5.336511509E-02 -3.664854933E-01 -3.451060158E-01 -2.813345641E-01
 -1.812060566E-01 -5.266192732E-02  8.880343202E-02  2.220840107E-01  3.346982766E-01
  4.256001632E-01  4.933133697E-01  5.371369197E-01  5.606777373E-01  5.656523845E-01
  5.582766680E-01  5.432129067E-01  5.243283712E-01  5.067759678E-01  4.944058462E-01
  4.899370282E-01  4.944058462E-01  5.067759678E-01  5.243283712E-01  5.432129067E-01
  5.582766680E-01  5.656523845E-01  5.606777373E-01  5.371369197E-01  4.933133697E-01
  4.256001632E-01  3.346982766E-01  2.220840107E-01  8.880343202E-02 -5.266192732E-02
 -1.812060566E-01 -2.813345641E-01 -3.451060158E-01 -6.868771740E-01 -6.597614130E-01
 -5.785265962E-01 -4.548353633E-01 -3.005022440E-01 -1.235794062E-01  5.965382371E-02
  2.220840107E-01  3.500717521E-01  4.494311532E-01  5.202331067E-01  5.656513704E-01
  5.917345906E-01  6.013828123E-01  6.010862362E-01  5.950320830E-01  5.870896826E-01
  5.815105594E-01  5.790280835E-01  5.815105594E-01  5.870896826E-01  5.950320830E-01
  6.010862362E-01  6.013828123E-01  5.917345906E-01  5.656513704E-01  5.202331067E-01
  4.494311532E-01  3.500717521E-01  2.220840107E-01  5.965382371E-02 -1.235794062E-01
 -3.005022440E-01 -4.548353633E-01 -5.785265962E-01 -6.597614130E-01 -1.034763146E+00
 -1.000867714E+00 -9.000255616E-01 -7.436401997E-01 -5.518855572E-01 -3.430999186E-01
 -1.235794062E-01  8.880343202E-02  2.626584525E-01  3.941397097E-01  4.922336881E-01
  5.582747404E-01  6.013818985E-01  6.266508537E-01  6.385407545E-01  6.421871308E-01
  6.412138192E-01  6.398934772E-01  6.383699942E-01  6.398934772E-01  6.412138192E-01
  6.421871308E-01  6.385407545E-01  6.266508537E-01  6.013818985E-01  5.582747404E-01
  4.922336881E-01  3.941397097E-01  2.626584525E-01  8.880343202E-02 -1.235794062E-01
 -3.430999186E-01 -5.518855572E-01 -7.436401997E-01 -9.000255616E-01 -1.000867714E+00
 -1.361262617E+00 -1.323263955E+00 -1.211890835E+00 -1.033780001E+00 -8.039186520E-01
 -5.518855572E-01 -3.005022440E-01 -5.266192732E-02  1.683487551E-01  3.337658417E-01
  4.561028043E-01  5.432101936E-01  6.010845365E-01  6.385399685E-01  6.594174769E-01
  6.704886041E-01  6.751112956E-01  6.772760233E-01  6.771347233E-01  6.772760233E-01
  6.751112956E-01  6.704886041E-01  6.594174769E-01  6.385399685E-01  6.010845365E-01
  5.432101936E-01  4.561028043E-01  3.337658417E-01  1.683487551E-01 -5.266192732E-02
 -3.005022440E-01 -5.518855572E-01 -8.039186520E-01 -1.033780001E+00 -1.211890835E+00
 -1.323263955E+00 -1.644050506E+00 -1.601086541E+00 -1.477593230E+00 -1.284789354E+00
 -1.033780001E+00 -7.436401997E-01 -4.548353633E-01 -1.812060566E-01  7.542472273E-02
  2.754643280E-01  4.196245288E-01  5.243250234E-01  5.950297479E-01  6.421857094E-01
  6.704879688E-01  6.876704594E-01  6.959668171E-01  6.995811687E-01  7.004091994E-01
  6.995811687E-01  6.959668171E-01  6.876704594E-01  6.704879688E-01  6.421857094E-01
  5.950297479E-01  5.243250234E-01  4.196245288E-01  2.754643280E-01  7.542472273E-02
 -1.812060566E-01 -4.548353633E-01 -7.436401997E-01 -1.033780001E+00 -1.284789354E+00
 -1.477593230E+00 -1.601086541E+00 -1.873812179E+00 -1.825439329E+00 -1.687756478E+00
 -1.477593230E+00 -1.211890835E+00 -9.000255616E-01 -5.785265962E-01 -2.813345641E-01
 -2.410545153E-03  2.261070099E-01  3.892064419E-01  5.067721537E-01  5.870868806E-01
  6.412119310E-01  6.751101938E-01  6.959663506E-01  7.069563344E-01  7.122747978E-01
  7.141405028E-01  7.122747978E-01  7.069563344E-01  6.959663506E-01  6.751101938E-01
  6.412119310E-01  5.870868806E-01  5.067721537E-01  3.892064419E-01  2.261070099E-01
 -2.410545153E-03 -2.813345641E-01 -5.785265962E-01 -9.000255616E-01 -1.211890835E+00
 -1.477593230E+00 -1.687756478E+00 -1.825439329E+00 -2.025847467E+00 -1.973514186E+00
 -1.825439329E+00 -1.601086541E+00 -1.323263955E+00 -1.000867714E+00 -6.597614130E-01
 -3.451060158E-01 -5.336511509E-02  1.928956279E-01  3.681886524E-01  4.944017472E-01
  5.815074720E-01  6.398913038E-01  6.772746364E-01  6.995804174E-01  7.122745130E-01
  7.186378639E-01  7.206815504E-01  7.186378639E-01  7.122745130E-01  6.995804174E-01
  6.772746364E-01  6.398913038E-01  5.815074720E-01  4.944017472E-01  3.681886524E-01
  1.928956279E-01 -5.336511509E-02 -3.451060158E-01 -6.597614130E-01 -1.000867714E+00
 -1.323263955E+00 -1.601086541E+00 -1.825439329E+00 -1.973514186E+00 -1.733095647E+00
 -1.688413529E+00 -1.559790760E+00 -1.361262617E+00 -1.104849396E+00 -8.058432646E-01
 -5.044978352E-01 -2.223525625E-01  4.166179446E-02  2.521051249E-01  4.025205976E-01
  5.107040017E-01  5.831489080E-01  6.311296958E-01  6.599785041E-01  6.771338975E-01
  6.860744901E-01  6.897203258E-01  6.904451875E-01  6.897203258E-01  6.860744901E-01
  6.771338975E-01  6.599785041E-01  6.311296958E-01  5.831489080E-01  5.107040017E-01
  4.025205976E-01  2.521051249E-01  4.166179446E-02 -2.223525625E-01 -5.044978352E-01
 -8.058432646E-01 -1.104849396E+00 -1.361262617E+00 -1.559790760E+00 -1.688413529E+00
 -1.688413529E+00 -1.644290761E+00 -1.518373647E+00 -1.323263955E+00 -1.069146857E+00
 -7.749902882E-01 -4.806604663E-01 -2.024578175E-01  5.753612844E-02  2.621839648E-01
  4.088860009E-01  5.147156732E-01  5.855553338E-01  6.325131386E-01  6.608142636E-01
  6.772752910E-01  6.852598609E-01  6.888388175E-01  6.897204192E-01  6.888388175E-01
  6.852598609E-01  6.772752910E-01  6.608142636E-01  6.325131386E-01  5.855553338E-01
  5.147156732E-01  4.088860009E-01  2.621839648E-01  5.753612844E-02 -2.024578175E-01
 -4.806604663E-01 -7.749902882E-01 -1.069146857E+00 -1.323263955E+00 -1.518373647E+00
 -1.644290761E+00 -1.559790760E+00 -1.518373647E+00 -1.399434917E+00 -1.211890835E+00
 -9.656751435E-01 -6.862448610E-01 -4.097484038E-01 -1.437238373E-01  1.019000425E-01
  2.906792343E-01  4.279579462E-01  5.267179236E-01  5.921628717E-01  6.352277801E-01
  6.607162101E-01  6.751108412E-01  6.817420817E-01  6.852601386E-01  6.860748613E-01
  6.852601386E-01  6.817420817E-01  6.751108412E-01  6.607162101E-01  6.352277801E-01
  5.921628717E-01  5.267179236E-01  4.279579462E-01  2.906792343E-01  1.019000425E-01
 -1.437238373E-01 -4.097484038E-01 -6.862448610E-01 -9.656751435E-01 -1.211890835E+00
 -1.399434917E+00 -1.518373647E+00 -1.361262617E+00 -1.323263955E+00 -1.211890835E+00
 -1.033780001E+00 -8.039186520E-01 -5.518855572E-01 -3.005022440E-01 -5.266192732E-02
  1.683487551E-01  3.337658417E-01  4.561028043E-01  5.432101936E-01  6.010845365E-01
  6.385399685E-01  6.594174769E-01  6.704886041E-01  6.751112956E-01  6.772760233E-01
  6.771347233E-01  6.772760233E-01  6.751112956E-01  6.704886041E-01  6.594174769E-01
  6.385399685E-01  6.010845365E-01  5.432101936E-01  4.561028043E-01  3.337658417E-01
  1.683487551E-01 -5.266192732E-02 -3.005022440E-01 -5.518855572E-01 -8.039186520E-01
 -1.033780001E+00 -1.211890835E+00 -1.323263955E+00 -1.104849396E+00 -1.069146857E+00
 -9.656751435E-01 -8.039186520E-01 -6.021864860E-01 -3.850892569E-01 -1.601074762E-01
  6.149685563E-02  2.466818929E-01  3.849142006E-01  4.889954574E-01  5.612718497E-01
  6.089119358E-01  6.377600010E-01  6.526191110E-01  6.594180952E-01  6.607172830E-01
  6.608156145E-01  6.599799485E-01  6.608156145E-01  6.607172830E-01  6.594180952E-01
  6.526191110E-01  6.377600010E-01  6.089119358E-01  5.612718497E-01  4.889954574E-01
  3.849142006E-01  2.466818929E-01  6.149685563E-02 -1.601074762E-01 -3.850892569E-01
 -6.021864860E-01 -8.039186520E-01 -9.656751435E-01 -1.069146857E+00 -8.058432646E-01
 -7.749902882E-01 -6.862448610E-01 -5.518855572E-01 -3.850892569E-01 -1.975658096E-01
  5.146080671E-04  1.827894815E-01  3.270282921E-01  4.387884518E-01  5.215673014E-01
  5.769017975E-01  6.121795047E-01  6.304956102E-01  6.377607652E-01  6.385413510E-01
  6.352296174E-01  6.325152541E-01  6.311319050E-01  6.325152541E-01  6.352296174E-01
  6.385413510E-01  6.377607652E-01  6.304956102E-01  6.121795047E-01  5.769017975E-01
  5.215673014E-01  4.387884518E-01  3.270282921E-01  1.827894815E-01  5.146080671E-04
 -1.975658096E-01 -3.850892569E-01 -5.518855572E-01 -6.862448610E-01 -7.749902882E-01
 -5.044978352E-01 -4.806604663E-01 -4.097484038E-01 -3.005022440E-01 -1.601074762E-01
  5.146080671E-04  1.585531056E-01  2.937935590E-01  4.034724615E-01  4.885098578E-01
  5.470232943E-01  5.852340184E-01  6.061156183E-01  6.121803922E-01  6.089135876E-01
  6.010868066E-01  5.921655967E-01  5.855583371E-01  5.831520049E-01  5.855583371E-01
  5.921655967E-01  6.010868066E-01  6.089135876E-01  6.121803922E-01  6.061156183E-01
  5.852340184E-01  5.470232943E-01  4.885098578E-01  4.034724615E-01  2.937935590E-01
  1.585531056E-01  5.146080671E-04 -1.601074762E-01 -3.005022440E-01 -4.097484038E-01
 -4.806604663E-01 -2.223525625E-01 -2.024578175E-01 -1.437238373E-01 -5.266192732E-02
  6.149685563E-02  1.827894815E-01  2.937935590E-01  3.894086159E-01  4.690722488E-01
  5.266970620E-01  5.637100442E-01  5.831455591E-01  5.852350025E-01  5.769036690E-01
  5.612744852E-01  5.432134470E-01  5.267216314E-01  5.147196590E-01  5.107080810E-01
  5.147196590E-01  5.267216314E-01  5.432134470E-01  5.612744852E-01  5.769036690E-01
  5.852350025E-01  5.831455591E-01  5.637100442E-01  5.266970620E-01  4.690722488E-01
  3.894086159E-01  2.937935590E-01  1.827894815E-01  6.149685563E-02 -5.266192732E-02
 -1.437238373E-01 -2.024578175E-01  4.166179446E-02  5.753612844E-02  1.019000425E-01
  1.683487551E-01  2.466818929E-01  3.270282921E-01  4.034724615E-01  4.690722488E-01
  5.190648613E-01  5.513380298E-01  5.664027217E-01  5.637110947E-01  5.470253285E-01
  5.215702221E-01  4.889991405E-01  4.561071035E-01  4.279626980E-01  4.088910292E-01
  4.025257189E-01  4.088910292E-01  4.279626980E-01  4.561071035E-01  4.889991405E-01
  5.215702221E-01  5.470253285E-01  5.637110947E-01  5.664027217E-01  5.513380298E-01
  5.190648613E-01  4.690722488E-01  4.034724615E-01  3.270282921E-01  2.466818929E-01
  1.683487551E-01  1.019000425E-01  5.753612844E-02  2.521051249E-01  2.621839648E-01
  2.906792343E-01  3.337658417E-01  3.849142006E-01  4.387884518E-01  4.885098578E-01
  5.266970620E-01  5.513380298E-01  5.601174027E-01  5.513391139E-01  5.266991958E-01
  4.885129736E-01  4.387924512E-01  3.849189583E-01  3.337712106E-01  2.906850510E-01
  2.621900545E-01  2.521113063E-01  2.621900545E-01  2.906850510E-01  3.337712106E-01
  3.849189583E-01  4.387924512E-01  4.885129736E-01  5.266991958E-01  5.513391139E-01
  5.601174027E-01  5.513380298E-01  5.266970620E-01  4.885098578E-01  4.387884518E-01
  3.849142006E-01  3.337658417E-01  2.906792343E-01  2.621839648E-01  4.025205976E-01
  4.088860009E-01  4.279579462E-01  4.561028043E-01  4.889954574E-01  5.215673014E-01
  5.470232943E-01  5.637100442E-01  5.664027217E-01  5.513391139E-01  5.190670286E-01
  4.690754635E-01  4.034766538E-01  3.270333610E-01  2.466877109E-01  1.683551741E-01
  1.019068995E-01  5.754325150E-02  4.166900671E-02  5.754325150E-02  1.019068995E-01
  1.683551741E-01  2.466877109E-01  3.270333610E-01  4.034766538E-01  4.690754635E-01
  5.190670286E-01  5.513391139E-01  5.664027217E-01  5.637100442E-01  5.470232943E-01
  5.215673014E-01  4.889954574E-01  4.561028043E-01  4.279579462E-01  4.088860009E-01
  5.107040017E-01  5.147156732E-01  5.267179236E-01  5.432101936E-01  5.612718497E-01
  5.769017975E-01  5.852340184E-01  5.831455591E-01  5.637110947E-01  5.266991958E-01
  4.690754635E-01  3.894128729E-01  2.937987846E-01  1.827955707E-01  6.150367730E-02
 -5.265452293E-02 -1.437160115E-01 -2.024497375E-01 -2.223443976E-01 -2.024497375E-01
 -1.437160115E-01 -5.265452293E-02  6.150367730E-02  1.827955707E-01  2.937987846E-01
  3.894128729E-01  4.690754635E-01  5.266991958E-01  5.637110947E-01  5.831455591E-01
  5.852340184E-01  5.769017975E-01  5.612718497E-01  5.432101936E-01  5.267179236E-01
  5.147156732E-01  5.831489080E-01  5.855553338E-01  5.921628717E-01  6.010845365E-01
  6.089119358E-01  6.121795047E-01  6.061156183E-01  5.852350025E-01  5.470253285E-01
  4.885129736E-01  4.034766538E-01  2.937987846E-01  1.585592851E-01  5.216302035E-04
 -1.600997474E-01 -3.004939601E-01 -4.097397231E-01 -4.806515484E-01 -5.044888385E-01
 -4.806515484E-01 -4.097397231E-01 -3.004939601E-01 -1.600997474E-01  5.216302035E-04
  1.585592851E-01  2.937987846E-01  4.034766538E-01  4.885129736E-01  5.470253285E-01
  5.852350025E-01  6.061156183E-01  6.121795047E-01  6.089119358E-01  6.010845365E-01
  5.921628717E-01  5.855553338E-01  6.311296958E-01  6.325131386E-01  6.352277801E-01
  6.385399685E-01  6.377600010E-01  6.304956102E-01  6.121803922E-01  5.769036690E-01
  5.215702221E-01  4.387924512E-01  3.270333610E-01  1.827955707E-01  5.216302035E-04
 -1.975579739E-01 -3.850807493E-01 -5.518765302E-01 -6.862354678E-01 -7.749806781E-01
 -8.058335827E-01 -7.749806781E-01 -6.862354678E-01 -5.518765302E-01 -3.850807493E-01
 -1.975579739E-01  5.216302035E-04  1.827955707E-01  3.270333610E-01  4.387924512E-01
  5.215702221E-01  5.769036690E-01  6.121803922E-01  6.304956102E-01  6.377600010E-01
  6.385399685E-01  6.352277801E-01  6.325131386E-01  6.599785041E-01  6.608142636E-01
  6.607162101E-01  6.594174769E-01  6.526191110E-01  6.377607652E-01  6.089135876E-01
  5.612744852E-01  4.889991405E-01  3.849189583E-01  2.466877109E-01  6.150367730E-02
 -1.600997474E-01 -3.850807493E-01 -6.021773465E-01 -8.039090315E-01 -9.656651869E-01
 -1.069136702E+00 -1.104839175E+00 -1.069136702E+00 -9.656651869E-01 -8.039090315E-01
 -6.021773465E-01 -3.850807493E-01 -1.600997474E-01  6.150367730E-02  2.466877109E-01
  3.849189583E-01  4.889991405E-01  5.612744852E-01  6.089135876E-01  6.377607652E-01
  6.526191110E-01  6.594174769E-01  6.607162101E-01  6.608142636E-01  6.771338975E-01
  6.772752910E-01  6.751108412E-01  6.704886041E-01  6.594180952E-01  6.385413510E-01
  6.010868066E-01  5.432134470E-01  4.561071035E-01  3.337712106E-01  1.683551741E-01
 -5.265452293E-02 -3.004939601E-01 -5.518765302E-01 -8.039090315E-01 -1.033769932E+00
 -1.211880453E+00 -1.323253386E+00 -1.361251985E+00 -1.323253386E+00 -1.211880453E+00
 -1.033769932E+00 -8.039090315E-01 -5.518765302E-01 -3.004939601E-01 -5.265452293E-02
  1.683551741E-01  3.337712106E-01  4.561071035E-01  5.432134470E-01  6.010868066E-01
  6.385413510E-01  6.594180952E-01  6.704886041E-01  6.751108412E-01  6.772752910E-01
  6.860744901E-01  6.852598609E-01  6.817420817E-01  6.751112956E-01  6.607172830E-01
  6.352296174E-01  5.921655967E-01  5.267216314E-01  4.279626980E-01  2.906850510E-01
  1.019068995E-01 -1.437160115E-01 -4.097397231E-01 -6.862354678E-01 -9.656651869E-01
 -1.211880453E+00 -1.399424233E+00 -1.518362778E+00 -1.559779830E+00 -1.518362778E+00
 -1.399424233E+00 -1.211880453E+00 -9.656651869E-01 -6.862354678E-01 -4.097397231E-01
 -1.437160115E-01  1.019068995E-01  2.906850510E-01  4.279626980E-01  5.267216314E-01
  5.921655967E-01  6.352296174E-01  6.607172830E-01  6.751112956E-01  6.817420817E-01
  6.852598609E-01  6.897203258E-01  6.888388175E-01  6.852601386E-01  6.772760233E-01
  6.608156145E-01  6.325152541E-01  5.855583371E-01  5.147196590E-01  4.088910292E-01
  2.621900545E-01  5.754325150E-02 -2.024497375E-01 -4.806515484E-01 -7.749806781E-01
 -1.069136702E+00 -1.323253386E+00 -1.518362778E+00 -1.644279707E+00 -1.688402412E+00
 -1.644279707E+00 -1.518362778E+00 -1.323253386E+00 -1.069136702E+00 -7.749806781E-01
 -4.806515484E-01 -2.024497375E-01  5.754325150E-02  2.621900545E-01  4.088910292E-01
  5.147196590E-01  5.855583371E-01  6.325152541E-01  6.608156145E-01  6.772760233E-01
  6.852601386E-01  6.888388175E-01  6.904451875E-01  6.897204192E-01  6.860748613E-01
  6.771347233E-01  6.599799485E-01  6.311319050E-01  5.831520049E-01  5.107080810E-01
  4.025257189E-01  2.521113063E-01  4.166900671E-02 -2.223443976E-01 -5.044888385E-01
 -8.058335827E-01 -1.104839175E+00 -1.361251985E+00 -1.559779830E+00 -1.688402412E+00
 -1.733084466E+00 -1.688402412E+00 -1.559779830E+00 -1.361251985E+00 -1.104839175E+00
 -8.058335827E-01 -5.044888385E-01 -2.223443976E-01  4.166900671E-02  2.521113063E-01
  4.025257189E-01  5.107080810E-01  5.831520049E-01  6.311319050E-01  6.599799485E-01
  6.771347233E-01  6.860748613E-01  6.897204192E-01  6.897203258E-01  6.888388175E-01
  6.852601386E-01  6.772760233E-01  6.608156145E-01  6.325152541E-01  5.855583371E-01
  5.147196590E-01  4.088910292E-01  2.621900545E-01  5.754325150E-02 -2.024497375E-01
 -4.806515484E-01 -7.749806781E-01 -1.069136702E+00 -1.323253386E+00 -1.518362778E+00
 -1.644279707E+00 -1.688402412E+00 -1.644279707E+00 -1.518362778E+00 -1.323253386E+00
 -1.069136702E+00 -7.749806781E-01 -4.806515484E-01 -2.024497375E-01  5.754325150E-02
  2.621900545E-01  4.088910292E-01  5.147196590E-01  5.855583371E-01  6.325152541E-01
  6.608156145E-01  6.772760233E-01  6.852601386E-01  6.888388175E-01  6.860744901E-01
  6.852598609E-01  6.817420817E-01  6.751112956E-01  6.607172830E-01  6.352296174E-01
  5.921655967E-01  5.267216314E-01  4.279626980E-01  2.906850510E-01  1.019068995E-01
 -1.437160115E-01 -4.097397231E-01 -6.862354678E-01 -9.656651869E-01 -1.211880453E+00
 -1.399424233E+00 -1.518362778E+00 -1.559779830E+00 -1.518362778E+00 -1.399424233E+00
 -1.211880453E+00 -9.656651869E-01 -6.862354678E-01 -4.097397231E-01 -1.437160115E-01
  1.019068995E-01  2.906850510E-01  4.279626980E-01  5.267216314E-01  5.921655967E-01
  6.352296174E-01  6.607172830E-01  6.751112956E-01  6.817420817E-01  6.852598609E-01
  6.771338975E-01  6.772752910E-01  6.751108412E-01  6.704886041E-01  6.594180952E-01
  6.385413510E-01  6.010868066E-01  5.432134470E-01  4.561071035E-01  3.337712106E-01
  1.683551741E-01 -5.265452293E-02 -3.004939601E-01 -5.518765302E-01 -8.039090315E-01
 -1.033769932E+00 -1.211880453E+00 -1.323253386E+00 -1.361251985E+00 -1.323253386E+00
 -1.211880453E+00 -1.033769932E+00 -8.039090315E-01 -5.518765302E-01 -3.004939601E-01
 -5.265452293E-02  1.683551741E-01  3.337712106E-01  4.561071035E-01  5.432134470E-01
  6.010868066E-01  6.385413510E-01  6.594180952E-01  6.704886041E-01  6.751108412E-01
  6.772752910E-01  6.599785041E-01  6.608142636E-01  6.607162101E-01  6.594174769E-01
  6.526191110E-01  6.377607652E-01  6.089135876E-01  5.612744852E-01  4.889991405E-01
  3.849189583E-01  2.466877109E-01  6.150367730E-02 -1.600997474E-01 -3.850807493E-01
 -6.021773465E-01 -8.039090315E-01 -9.656651869E-01 -1.069136702E+00 -1.104839175E+00
 -1.069136702E+00 -9.656651869E-01 -8.039090315E-01 -6.021773465E-01 -3.850807493E-01
 -1.600997474E-01  6.150367730E-02  2.466877109E-01  3.849189583E-01  4.889991405E-01
  5.612744852E-01  6.089135876E-01  6.377607652E-01  6.526191110E-01  6.594174769E-01
  6.607162101E-01  6.608142636E-01  6.311296958E-01  6.325131386E-01  6.352277801E-01
  6.385399685E-01  6.377600010E-01  6.304956102E-01  6.121803922E-01  5.769036690E-01
  5.215702221E-01  4.387924512E-01  3.270333610E-01  1.827955707E-01  5.216302035E-04
 -1.975579739E-01 -3.850807493E-01 -5.518765302E-01 -6.862354678E-01 -7.749806781E-01
 -8.058335827E-01 -7.749806781E-01 -6.862354678E-01 -5.518765302E-01 -3.850807493E-01
 -1.975579739E-01  5.216302035E-04  1.827955707E-01  3.270333610E-01  4.387924512E-01
  5.215702221E-01  5.769036690E-01  6.121803922E-01  6.304956102E-01  6.377600010E-01
  6.385399685E-01  6.352277801E-01  6.325131386E-01  5.831489080E-01  5.855553338E-01
  5.921628717E-01  6.010845365E-01  6.089119358E-01  6.121795047E-01  6.061156183E-01
  5.852350025E-01  5.470253285E-01  4.885129736E-01  4.034766538E-01  2.937987846E-01
  1.585592851E-01  5.216302035E-04 -1.600997474E-01 -3.004939601E-01 -4.097397231E-01
 -4.806515484E-01 -5.044888385E-01 -4.806515484E-01 -4.097397231E-01 -3.004939601E-01
 -1.600997474E-01  5.216302035E-04  1.585592851E-01  2.937987846E-01  4.034766538E-01
  4.885129736E-01  5.470253285E-01  5.852350025E-01  6.061156183E-01  6.121795047E-01
  6.089119358E-01  6.010845365E-01  5.921628717E-01  5.855553338E-01  5.107040017E-01
  5.147156732E-01  5.267179236E-01  5.432101936E-01  5.612718497E-01  5.769017975E-01
  5.852340184E-01  5.831455591E-01  5.637110947E-01  5.266991958E-01  4.690754635E-01
  3.894128729E-01  2.937987846E-01  1.827955707E-01  6.150367730E-02 -5.265452293E-02
 -1.437160115E-01 -2.024497375E-01 -2.223443976E-01 -2.024497375E-01 -1.437160115E-01
 -5.265452293E-02  6.150367730E-02  1.827955707E-01  2.937987846E-01  3.894128729E-01
  4.690754635E-01  5.266991958E-01  5.637110947E-01  5.831455591E-01  5.852340184E-01
  5.769017975E-01  5.612718497E-01  5.432101936E-01  5.267179236E-01  5.147156732E-01
  4.025205976E-01  4.088860009E-01  4.279579462E-01  4.561028043E-01  4.889954574E-01
  5.215673014E-01  5.470232943E-01  5.637100442E-01  5.664027217E-01  5.513391139E-01
  5.190670286E-01  4.690754635E-01  4.034766538E-01  3.270333610E-01  2.466877109E-01
  1.683551741E-01  1.019068995E-01  5.754325150E-02  4.166900671E-02  5.754325150E-02
  1.019068995E-01  1.683551741E-01  2.466877109E-01  3.270333610E-01  4.034766538E-01
  4.690754635E-01  5.190670286E-01  5.513391139E-01  5.664027217E-01  5.637100442E-01
  5.470232943E-01  5.215673014E-01  4.889954574E-01  4.561028043E-01  4.279579462E-01
  4.088860009E-01  2.521051249E-01  2.621839648E-01  2.906792343E-01  3.337658417E-01
  3.849142006E-01  4.387884518E-01  4.885098578E-01  5.266970620E-01  5.513380298E-01
  5.601174027E-01  5.513391139E-01  5.266991958E-01  4.885129736E-01  4.387924512E-01
  3.849189583E-01  3.337712106E-01  2.906850510E-01  2.621900545E-01  2.521113063E-01
  2.621900545E-01  2.906850510E-01  3.337712106E-01  3.849189583E-01  4.387924512E-01
  4.885129736E-01  5.266991958E-01  5.513391139E-01  5.601174027E-01  5.513380298E-01
  5.266970620E-01  4.885098578E-01  4.387884518E-01  3.849142006E-01  3.337658417E-01
  2.906792343E-01  2.621839648E-01  4.166179446E-02  5.753612844E-02  1.019000425E-01
  1.683487551E-01  2.466818929E-01  3.270282921E-01  4.034724615E-01  4.690722488E-01
  5.190648613E-01  5.513380298E-01  5.664027217E-01  5.637110947E-01  5.470253285E-01
  5.215702221E-01  4.889991405E-01  4.561071035E-01  4.279626980E-01  4.088910292E-01
  4.025257189E-01  4.088910292E-01  4.279626980E-01  4.561071035E-01  4.889991405E-01
  5.215702221E-01  5.470253285E-01  5.637110947E-01  5.664027217E-01  5.513380298E-01
  5.190648613E-01  4.690722488E-01  4.034724615E-01  3.270282921E-01  2.466818929E-01
  1.683487551E-01  1.019000425E-01  5.753612844E-02 -2.223525625E-01 -2.024578175E-01
 -1.437238373E-01 -5.266192732E-02  6.149685563E-02  1.827894815E-01  2.937935590E-01
  3.894086159E-01  4.690722488E-01  5.266970620E-01  5.637100442E-01  5.831455591E-01
  5.852350025E-01  5.769036690E-01  5.612744852E-01  5.432134470E-01  5.267216314E-01
  5.147196590E-01  5.107080810E-01  5.147196590E-01  5.267216314E-01  5.432134470E-01
  5.612744852E-01  5.769036690E-01  5.852350025E-01  5.831455591E-01  5.637100442E-01
  5.266970620E-01  4.690722488E-01  3.894086159E-01  2.937935590E-01  1.827894815E-01
  6.149685563E-02 -5.266192732E-02 -1.437238373E-01 -2.024578175E-01 -5.044978352E-01
 -4.806604663E-01 -4.097484038E-01 -3.005022440E-01 -1.601074762E-01  5.146080671E-04
  1.585531056E-01  2.937935590E-01  4.034724615E-01  4.885098578E-01  5.470232943E-01
  5.852340184E-01  6.061156183E-01  6.121803922E-01  6.089135876E-01  6.010868066E-01
  5.921655967E-01  5.855583371E-01  5.831520049E-01  5.855583371E-01  5.921655967E-01
  6.010868066E-01  6.089135876E-01  6.121803922E-01  6.061156183E-01  5.852340184E-01
  5.470232943E-01  4.885098578E-01  4.034724615E-01  2.937935590E-01  1.585531056E-01
  5.146080671E-04 -1.601074762E-01 -3.005022440E-01 -4.097484038E-01 -4.806604663E-01
 -8.058432646E-01 -7.749902882E-01 -6.862448610E-01 -5.518855572E-01 -3.850892569E-01
 -1.975658096E-01  5.146080671E-04  1.827894815E-01  3.270282921E-01  4.387884518E-01
  5.215673014E-01  5.769017975E-01  6.121795047E-01  6.304956102E-01  6.377607652E-01
  6.385413510E-01  6.352296174E-01  6.325152541E-01  6.311319050E-01  6.325152541E-01
  6.352296174E-01  6.385413510E-01  6.377607652E-01  6.304956102E-01  6.121795047E-01
  5.769017975E-01  5.215673014E-01  4.387884518E-01  3.270282921E-01  1.827894815E-01
  5.146080671E-04 -1.975658096E-01 -3.850892569E-01 -5.518855572E-01 -6.862448610E-01
 -7.749902882E-01 -1.104849396E+00 -1.069146857E+00 -9.656751435E-01 -8.039186520E-01
 -6.021864860E-01 -3.850892569E-01 -1.601074762E-01  6.149685563E-02  2.466818929E-01
  3.849142006E-01  4.889954574E-01  5.612718497E-01  6.089119358E-01  6.377600010E-01
  6.526191110E-01  6.594180952E-01  6.607172830E-01  6.608156145E-01  6.599799485E-01
  6.608156145E-01  6.607172830E-01  6.594180952E-01  6.526191110E-01  6.377600010E-01
  6.089119358E-01  5.612718497E-01  4.889954574E-01  3.849142006E-01  2.466818929E-01
  6.149685563E-02 -1.601074762E-01 -3.850892569E-01 -6.021864860E-01 -8.039186520E-01
 -9.656751435E-01 -1.069146857E+00 -1.361262617E+00 -1.323263955E+00 -1.211890835E+00
 -1.033780001E+00 -8.039186520E-01 -5.518855572E-01 -3.005022440E-01 -5.266192732E-02
  1.683487551E-01  3.337658417E-01  4.561028043E-01  5.432101936E-01  6.010845365E-01
  6.385399685E-01  6.594174769E-01  6.704886041E-01  6.751112956E-01  6.772760233E-01
  6.771347233E-01  6.772760233E-01  6.751112956E-01  6.704886041E-01  6.594174769E-01
  6.385399685E-01  6.010845365E-01  5.432101936E-01  4.561028043E-01  3.337658417E-01
  1.683487551E-01 -5.266192732E-02 -3.005022440E-01 -5.518855572E-01 -8.039186520E-01
 -1.033780001E+00 -1.211890835E+00 -1.323263955E+00 -1.559790760E+00 -1.518373647E+00
 -1.399434917E+00 -1.211890835E+00 -9.656751435E-01 -6.862448610E-01 -4.097484038E-01
 -1.437238373E-01  1.019000425E-01  2.906792343E-01  4.279579462E-01  5.267179236E-01
  5.921628717E-01  6.352277801E-01  6.607162101E-01  6.751108412E-01  6.817420817E-01
  6.852601386E-01  6.860748613E-01  6.852601386E-01  6.817420817E-01  6.751108412E-01
  6.607162101E-01  6.352277801E-01  5.921628717E-01  5.267179236E-01  4.279579462E-01
  2.906792343E-01  1.019000425E-01 -1.437238373E-01 -4.097484038E-01 -6.862448610E-01
 -9.656751435E-01 -1.211890835E+00 -1.399434917E+00 -1.518373647E+00 -1.688413529E+00
 -1.644290761E+00 -1.518373647E+00 -1.323263955E+00 -1.069146857E+00 -7.749902882E-01
 -4.806604663E-01 -2.024578175E-01  5.753612844E-02  2.621839648E-01  4.088860009E-01
  5.147156732E-01  5.855553338E-01  6.325131386E-01  6.608142636E-01  6.772752910E-01
  6.852598609E-01  6.888388175E-01  6.897204192E-01  6.888388175E-01  6.852598609E-01
  6.772752910E-01  6.608142636E-01  6.325131386E-01  5.855553338E-01  5.147156732E-01
  4.088860009E-01  2.621839648E-01  5.753612844E-02 -2.024578175E-01 -4.806604663E-01
 -7.749902882E-01 -1.069146857E+00 -1.323263955E+00 -1.518373647E+00 -1.644290761E+00
 -1.361367135E+00 -1.324082711E+00 -1.212580046E+00 -1.034763146E+00 -8.058432646E-01
 -5.543776868E-01 -3.043958722E-01 -5.828850140E-02  1.603484313E-01  3.237207049E-01
  4.435050729E-01  5.267662257E-01  5.806991755E-01  6.145815601E-01  6.311305097E-01
  6.383691958E-01  6.396920816E-01  6.399549837E-01  6.400162087E-01  6.399549837E-01
  6.396920816E-01  6.383691958E-01  6.311305097E-01  6.145815601E-01  5.806991755E-01
  5.267662257E-01  4.435050729E-01  3.237207049E-01  1.603484313E-01 -5.828850140E-02
 -3.043958722E-01 -5.543776868E-01 -8.058432646E-01 -1.034763146E+00 -1.212580046E+00
 -1.324082711E+00 -1.324082711E+00 -1.286590740E+00 -1.176259405E+00 -1.000867714E+00
 -7.749902882E-01 -5.288485839E-01 -2.834188114E-01 -4.040939440E-02  1.735583763E-01
  3.325315874E-01  4.490862885E-01  5.304686482E-01  5.835214972E-01  6.161907777E-01
  6.325139494E-01  6.398927693E-01  6.410131480E-01  6.405935852E-01  6.399550742E-01
  6.405935852E-01  6.410131480E-01  6.398927693E-01  6.325139494E-01  6.161907777E-01
  5.835214972E-01  5.304686482E-01  4.490862885E-01  3.325315874E-01  1.735583763E-01
 -4.040939440E-02 -2.834188114E-01 -5.288485839E-01 -7.749902882E-01 -1.000867714E+00
 -1.176259405E+00 -1.286590740E+00 -1.212580046E+00 -1.176259405E+00 -1.069240805E+00
 -9.000255616E-01 -6.862448610E-01 -4.557829795E-01 -2.212821061E-01  1.077256456E-02
  2.090120618E-01  3.567238584E-01  4.662441335E-01  5.418719572E-01  5.911370005E-01
  6.206044075E-01  6.352285816E-01  6.412133800E-01  6.417214353E-01  6.410134168E-01
  6.396924408E-01  6.410134168E-01  6.417214353E-01  6.412133800E-01  6.352285816E-01
  6.206044075E-01  5.911370005E-01  5.418719572E-01  4.662441335E-01  3.567238584E-01
  2.090120618E-01  1.077256456E-02 -2.212821061E-01 -4.557829795E-01 -6.862448610E-01
 -9.000255616E-01 -1.069240805E+00 -1.176259405E+00 -1.034763146E+00 -1.000867714E+00
 -9.000255616E-01 -7.436401997E-01 -5.518855572E-01 -3.430999186E-01 -1.235794062E-01
  8.880343202E-02  2.626584525E-01  3.941397097E-01  4.922336881E-01  5.582747404E-01
  6.013818985E-01  6.266508537E-01  6.385407545E-01  6.421871308E-01  6.412138192E-01
  6.398934772E-01  6.383699942E-01  6.398934772E-01  6.412138192E-01  6.421871308E-01
  6.385407545E-01  6.266508537E-01  6.013818985E-01  5.582747404E-01  4.922336881E-01
  3.941397097E-01  2.626584525E-01  8.880343202E-02 -1.235794062E-01 -3.430999186E-01
 -5.518855572E-01 -7.436401997E-01 -9.000255616E-01 -1.000867714E+00 -8.058432646E-01
 -7.749902882E-01 -6.862448610E-01 -5.518855572E-01 -3.850892569E-01 -1.975658096E-01
  5.146080671E-04  1.827894815E-01  3.270282921E-01  4.387884518E-01  5.215673014E-01
  5.769017975E-01  6.121795047E-01  6.304956102E-01  6.377607652E-01  6.385413510E-01
  6.352296174E-01  6.325152541E-01  6.311319050E-01  6.325152541E-01  6.352296174E-01
  6.385413510E-01  6.377607652E-01  6.304956102E-01  6.121795047E-01  5.769017975E-01
  5.215673014E-01  4.387884518E-01  3.270282921E-01  1.827894815E-01  5.146080671E-04
 -1.975658096E-01 -3.850892569E-01 -5.518855572E-01 -6.862448610E-01 -7.749902882E-01
 -5.543776868E-01 -5.288485839E-01 -4.557829795E-01 -3.430999186E-01 -1.975658096E-01
 -3.212691356E-02  1.346111901E-01  2.788257245E-01  3.937725110E-01  4.854219505E-01
  5.510115648E-01  5.939357252E-01  6.187446012E-01  6.290436171E-01  6.304963463E-01
  6.266521864E-01  6.206061796E-01  6.161928188E-01  6.145836918E-01  6.161928188E-01
  6.206061796E-01  6.266521864E-01  6.304963463E-01  6.290436171E-01  6.187446012E-01
  5.939357252E-01  5.510115648E-01  4.854219505E-01  3.937725110E-01  2.788257245E-01
  1.346111901E-01 -3.212691356E-02 -1.975658096E-01 -3.430999186E-01 -4.557829795E-01
 -5.288485839E-01 -3.043958722E-01 -2.834188114E-01 -2.212821061E-01 -1.235794062E-01
  5.146080671E-04  1.346111901E-01  2.609537761E-01  3.692235931E-01  4.594227798E-01
  5.285974797E-01  5.750306349E-01  6.041569222E-01  6.171313413E-01  6.187454550E-01
  6.121810946E-01  6.013840849E-01  5.911396262E-01  5.835243919E-01  5.807021608E-01
  5.835243919E-01  5.911396262E-01  6.013840849E-01  6.121810946E-01  6.187454550E-01
  6.171313413E-01  6.041569222E-01  5.750306349E-01  5.285974797E-01  4.594227798E-01
  3.692235931E-01  2.609537761E-01  1.346111901E-01  5.146080671E-04 -1.235794062E-01
 -2.212821061E-01 -2.834188114E-01 -5.828850140E-02 -4.040939440E-02  1.077256456E-02
  8.880343202E-02  1.827894815E-01  2.788257245E-01  3.692235931E-01  4.499908702E-01
  5.154976868E-01  5.613217075E-01  5.907972634E-01  6.050389208E-01  6.041578677E-01
  5.939375243E-01  5.769043323E-01  5.582778713E-01  5.418755269E-01  5.304724866E-01
  5.267701546E-01  5.304724866E-01  5.418755269E-01  5.582778713E-01  5.769043323E-01
  5.939375243E-01  6.041578677E-01  6.050389208E-01  5.907972634E-01  5.613217075E-01
  5.154976868E-01  4.499908702E-01  3.692235931E-01  2.788257245E-01  1.827894815E-01
  8.880343202E-02  1.077256456E-02 -4.040939440E-02  1.603484313E-01  1.735583763E-01
  2.090120618E-01  2.626584525E-01  3.270282921E-01  3.937725110E-01  4.594227798E-01
  5.154976868E-01  5.565135150E-01  5.832327285E-01  5.951033474E-01  5.907982715E-01
  5.750325882E-01  5.510143709E-01  5.215708421E-01  4.922378234E-01  4.662487062E-01
  4.490911288E-01  4.435100033E-01  4.490911288E-01  4.662487062E-01  4.922378234E-01
  5.215708421E-01  5.510143709E-01  5.750325882E-01  5.907982715E-01  5.951033474E-01
  5.832327285E-01  5.565135150E-01  5.154976868E-01  4.594227798E-01  3.937725110E-01
  3.270282921E-01  2.626584525E-01  2.090120618E-01  1.735583763E-01  3.237207049E-01
  3.325315874E-01  3.567238584E-01  3.941397097E-01  4.387884518E-01  4.854219505E-01
  5.285974797E-01  5.613217075E-01  5.832327285E-01  5.915760936E-01  5.832337683E-01
  5.613237549E-01  5.286004708E-01  4.854257922E-01  4.387930251E-01  3.941448738E-01
  3.567294564E-01  3.325374504E-01  3.237266570E-01  3.325374504E-01  3.567294564E-01
  3.941448738E-01  4.387930251E-01  4.854257922E-01  5.286004708E-01  5.613237549E-01
  5.832337683E-01  5.915760936E-01  5.832327285E-01  5.613217075E-01  5.285974797E-01
  4.854219505E-01  4.387884518E-01  3.941397097E-01  3.567238584E-01  3.325315874E-01
  4.435050729E-01  4.490862885E-01  4.662441335E-01  4.922336881E-01  5.215673014E-01
  5.510115648E-01  5.750306349E-01  5.907972634E-01  5.951033474E-01  5.832337683E-01
  5.565155939E-01  5.155007714E-01  4.594268047E-01  3.937773814E-01  3.270338872E-01
  2.626646308E-01  2.090186667E-01  1.735652411E-01  1.603553833E-01  1.735652411E-01
  2.090186667E-01  2.626646308E-01  3.270338872E-01  3.937773814E-01  4.594268047E-01
  5.155007714E-01  5.565155939E-01  5.832337683E-01  5.951033474E-01  5.907972634E-01
  5.750306349E-01  5.510115648E-01  5.215673014E-01  4.922336881E-01  4.662441335E-01
  4.490862885E-01  5.267662257E-01  5.304686482E-01  5.418719572E-01  5.582747404E-01
  5.769017975E-01  5.939357252E-01  6.041569222E-01  6.050389208E-01  5.907982715E-01
  5.613237549E-01  5.155007714E-01  4.499949566E-01  3.692286131E-01  2.788315801E-01
  1.827960493E-01  8.881056937E-02  1.078011591E-02 -4.040159222E-02 -5.828061526E-02
 -4.040159222E-02  1.078011591E-02  8.881056937E-02  1.827960493E-01  2.788315801E-01
  3.692286131E-01  4.499949566E-01  5.155007714E-01  5.613237549E-01  5.907982715E-01
  6.050389208E-01  6.041569222E-01  5.939357252E-01  5.769017975E-01  5.582747404E-01
  5.418719572E-01  5.304686482E-01  5.806991755E-01  5.835214972E-01  5.911370005E-01
  6.013818985E-01  6.121795047E-01  6.187446012E-01  6.171313413E-01  6.041578677E-01
  5.750325882E-01  5.286004708E-01  4.594268047E-01  3.692286131E-01  2.609597186E-01
  1.346179523E-01  5.220628279E-04 -1.235714030E-01 -2.212737080E-01 -2.834101759E-01
 -3.043871576E-01 -2.834101759E-01 -2.212737080E-01 -1.235714030E-01  5.220628279E-04
  1.346179523E-01  2.609597186E-01  3.692286131E-01  4.594268047E-01  5.286004708E-01
  5.750325882E-01  6.041578677E-01  6.171313413E-01  6.187446012E-01  6.121795047E-01
  6.013818985E-01  5.911370005E-01  5.835214972E-01  6.145815601E-01  6.161907777E-01
  6.206044075E-01  6.266508537E-01  6.304956102E-01  6.290436171E-01  6.187454550E-01
  5.939375243E-01  5.510143709E-01  4.854257922E-01  3.937773814E-01  2.788315801E-01
  1.346179523E-01 -3.211935375E-02 -1.975575842E-01 -3.430911731E-01 -4.557738643E-01
 -5.288392486E-01 -5.543682786E-01 -5.288392486E-01 -4.557738643E-01 -3.430911731E-01
 -1.975575842E-01 -3.211935375E-02  1.346179523E-01  2.788315801E-01  3.937773814E-01
  4.854257922E-01  5.510143709E-01  5.939375243E-01  6.187454550E-01  6.290436171E-01
  6.304956102E-01  6.266508537E-01  6.206044075E-01  6.161907777E-01  6.311305097E-01
  6.325139494E-01  6.352285816E-01  6.385407545E-01  6.377607652E-01  6.304963463E-01
  6.121810946E-01  5.769043323E-01  5.215708421E-01  4.387930251E-01  3.270338872E-01
  1.827960493E-01  5.220628279E-04 -1.975575842E-01 -3.850803980E-01 -5.518762112E-01
 -6.862351735E-01 -7.749803994E-01 -8.058333094E-01 -7.749803994E-01 -6.862351735E-01
 -5.518762112E-01 -3.850803980E-01 -1.975575842E-01  5.220628279E-04  1.827960493E-01
  3.270338872E-01  4.387930251E-01  5.215708421E-01  5.769043323E-01  6.121810946E-01
  6.304963463E-01  6.377607652E-01  6.385407545E-01  6.352285816E-01  6.325139494E-01
  6.383691958E-01  6.398927693E-01  6.412133800E-01  6.421871308E-01  6.385413510E-01
  6.266521864E-01  6.013840849E-01  5.582778713E-01  4.922378234E-01  3.941448738E-01
  2.626646308E-01  8.881056937E-02 -1.235714030E-01 -3.430911731E-01 -5.518762112E-01
 -7.436303990E-01 -9.000154455E-01 -1.000857412E+00 -1.034752784E+00 -1.000857412E+00
 -9.000154455E-01 -7.436303990E-01 -5.518762112E-01 -3.430911731E-01 -1.235714030E-01
  8.881056937E-02  2.626646308E-01  3.941448738E-01  4.922378234E-01  5.582778713E-01
  6.013840849E-01  6.266521864E-01  6.385413510E-01  6.421871308E-01  6.412133800E-01
  6.398927693E-01  6.396920816E-01  6.410131480E-01  6.417214353E-01  6.412138192E-01
  6.352296174E-01  6.206061796E-01  5.911396262E-01  5.418755269E-01  4.662487062E-01
  3.567294564E-01  2.090186667E-01  1.078011591E-02 -2.212737080E-01 -4.557738643E-01
 -6.862351735E-01 -9.000154455E-01 -1.069230393E+00 -1.176248820E+00 -1.212569404E+00
 -1.176248820E+00 -1.069230393E+00 -9.000154455E-01 -6.862351735E-01 -4.557738643E-01
 -2.212737080E-01  1.078011591E-02  2.090186667E-01  3.567294564E-01  4.662487062E-01
  5.418755269E-01  5.911396262E-01  6.206061796E-01  6.352296174E-01  6.412138192E-01
  6.417214353E-01  6.410131480E-01  6.399549837E-01  6.405935852E-01  6.410134168E-01
  6.398934772E-01  6.325152541E-01  6.161928188E-01  5.835243919E-01  5.304724866E-01
  4.490911288E-01  3.325374504E-01  1.735652411E-01 -4.040159222E-02 -2.834101759E-01
 -5.288392486E-01 -7.749803994E-01 -1.000857412E+00 -1.176248820E+00 -1.286579987E+00
 -1.324071903E+00 -1.286579987E+00 -1.176248820E+00 -1.000857412E+00 -7.749803994E-01
 -5.288392486E-01 -2.834101759E-01 -4.040159222E-02  1.735652411E-01  3.325374504E-01
  4.490911288E-01  5.304724866E-01  5.835243919E-01  6.161928188E-01  6.325152541E-01
  6.398934772E-01  6.410134168E-01  6.405935852E-01  6.400162087E-01  6.399550742E-01
  6.396924408E-01  6.383699942E-01  6.311319050E-01  6.145836918E-01  5.807021608E-01
  5.267701546E-01  4.435100033E-01  3.237266570E-01  1.603553833E-01 -5.828061526E-02
 -3.043871576E-01 -5.543682786E-01 -8.058333094E-01 -1.034752784E+00 -1.212569404E+00
 -1.324071903E+00 -1.361356271E+00 -1.324071903E+00 -1.212569404E+00 -1.034752784E+00
 -8.058333094E-01 -5.543682786E-01 -3.043871576E-01 -5.828061526E-02  1.603553833E-01
  3.237266570E-01  4.435100033E-01  5.267701546E-01  5.807021608E-01  6.145836918E-01
  6.311319050E-01  6.383699942E-01  6.396924408E-01  6.399550742E-01  6.399549837E-01
  6.405935852E-01  6.410134168E-01  6.398934772E-01  6.325152541E-01  6.161928188E-01
  5.835243919E-01  5.304724866E-01  4.490911288E-01  3.325374504E-01  1.735652411E-01
 -4.040159222E-02 -2.834101759E-01 -5.288392486E-01 -7.749803994E-01 -1.000857412E+00
 -1.176248820E+00 -1.286579987E+00 -1.324071903E+00 -1.286579987E+00 -1.176248820E+00
 -1.000857412E+00 -7.749803994E-01 -5.288392486E-01 -2.834101759E-01 -4.040159222E-02
  1.735652411E-01  3.325374504E-01  4.490911288E-01  5.304724866E-01  5.835243919E-01
  6.161928188E-01  6.325152541E-01  6.398934772E-01  6.410134168E-01  6.405935852E-01
  6.396920816E-01  6.410131480E-01  6.417214353E-01  6.412138192E-01  6.352296174E-01
  6.206061796E-01  5.911396262E-01  5.418755269E-01  4.662487062E-01  3.567294564E-01
  2.090186667E-01  1.078011591E-02 -2.212737080E-01 -4.557738643E-01 -6.862351735E-01
 -9.000154455E-01 -1.069230393E+00 -1.176248820E+00 -1.212569404E+00 -1.176248820E+00
 -1.069230393E+00 -9.000154455E-01 -6.862351735E-01 -4.557738643E-01 -2.212737080E-01
  1.078011591E-02  2.090186667E-01  3.567294564E-01  4.662487062E-01  5.418755269E-01
  5.911396262E-01  6.206061796E-01  6.352296174E-01  6.412138192E-01  6.417214353E-01
  6.410131480E-01  6.383691958E-01  6.398927693E-01  6.412133800E-01  6.421871308E-01
  6.385413510E-01  6.266521864E-01  6.013840849E-01  5.582778713E-01  4.922378234E-01
  3.941448738E-01  2.626646308E-01  8.881056937E-02 -1.235714030E-01 -3.430911731E-01
 -5.518762112E-01 -7.436303990E-01 -9.000154455E-01 -1.000857412E+00 -1.034752784E+00
 -1.000857412E+00 -9.000154455E-01 -7.436303990E-01 -5.518762112E-01 -3.430911731E-01
 -1.235714030E-01  8.881056937E-02  2.626646308E-01  3.941448738E-01  4.922378234E-01
  5.582778713E-01  6.013840849E-01  6.266521864E-01  6.385413510E-01  6.421871308E-01
  6.412133800E-01  6.398927693E-01  6.311305097E-01  6.325139494E-01  6.352285816E-01
  6.385407545E-01  6.377607652E-01  6.304963463E-01  6.121810946E-01  5.769043323E-01
  5.215708421E-01  4.387930251E-01  3.270338872E-01  1.827960493E-01  5.220628279E-04
 -1.975575842E-01 -3.850803980E-01 -5.518762112E-01 -6.862351735E-01 -7.749803994E-01
 -8.058333094E-01 -7.749803994E-01 -6.862351735E-01 -5.518762112E-01 -3.850803980E-01
 -1.975575842E-01  5.220628279E-04  1.827960493E-01  3.270338872E-01  4.387930251E-01
  5.215708421E-01  5.769043323E-01  6.121810946E-01  6.304963463E-01  6.377607652E-01
  6.385407545E-01  6.352285816E-01  6.325139494E-01  6.145815601E-01  6.161907777E-01
  6.206044075E-01  6.266508537E-01  6.304956102E-01  6.290436171E-01  6.187454550E-01
  5.939375243E-01  5.510143709E-01  4.854257922E-01  3.937773814E-01  2.788315801E-01
  1.346179523E-01 -3.211935375E-02 -1.975575842E-01 -3.430911731E-01 -4.557738643E-01
 -5.288392486E-01 -5.543682786E-01 -5.288392486E-01 -4.557738643E-01 -3.430911731E-01
 -1.975575842E-01 -3.211935375E-02  1.346179523E-01  2.788315801E-01  3.937773814E-01
  4.854257922E-01  5.510143709E-01  5.939375243E-01  6.187454550E-01  6.290436171E-01
  6.304956102E-01  6.266508537E-01  6.206044075E-01  6.161907777E-01  5.806991755E-01
  5.835214972E-01  5.911370005E-01  6.013818985E-01  6.121795047E-01  6.187446012E-01
  6.171313413E-01  6.041578677E-01  5.750325882E-01  5.286004708E-01  4.594268047E-01
  3.692286131E-01  2.609597186E-01  1.346179523E-01  5.220628279E-04 -1.235714030E-01
 -2.212737080E-01 -2.834101759E-01 -3.043871576E-01 -2.834101759E-01 -2.212737080E-01
 -1.235714030E-01  5.220628279E-04  1.346179523E-01  2.609597186E-01  3.692286131E-01
  4.594268047E-01  5.286004708E-01  5.750325882E-01  6.041578677E-01  6.171313413E-01
  6.187446012E-01  6.121795047E-01  6.013818985E-01  5.911370005E-01  5.835214972E-01
  5.267662257E-01  5.304686482E-01  5.418719572E-01  5.582747404E-01  5.769017975E-01
  5.939357252E-01  6.041569222E-01  6.050389208E-01  5.907982715E-01  5.613237549E-01
  5.155007714E-01  4.499949566E-01  3.692286131E-01  2.788315801E-01  1.827960493E-01
  8.881056937E-02  1.078011591E-02 -4.040159222E-02 -5.828061526E-02 -4.040159222E-02
  1.078011591E-02  8.881056937E-02  1.827960493E-01  2.788315801E-01  3.692286131E-01
  4.499949566E-01  5.155007714E-01  5.613237549E-01  5.907982715E-01  6.050389208E-01
  6.041569222E-01  5.939357252E-01  5.769017975E-01  5.582747404E-01  5.418719572E-01
  5.304686482E-01  4.435050729E-01  4.490862885E-01  4.662441335E-01  4.922336881E-01
  5.215673014E-01  5.510115648E-01  5.750306349E-01  5.907972634E-01  5.951033474E-01
  5.832337683E-01  5.565155939E-01  5.155007714E-01  4.594268047E-01  3.937773814E-01
  3.270338872E-01  2.626646308E-01  2.090186667E-01  1.735652411E-01  1.603553833E-01
  1.735652411E-01  2.090186667E-01  2.626646308E-01  3.270338872E-01  3.937773814E-01
  4.594268047E-01  5.155007714E-01  5.565155939E-01  5.832337683E-01  5.951033474E-01
  5.907972634E-01  5.750306349E-01  5.510115648E-01  5.215673014E-01  4.922336881E-01
  4.662441335E-01  4.490862885E-01  3.237207049E-01  3.325315874E-01  3.567238584E-01
  3.941397097E-01  4.387884518E-01  4.854219505E-01  5.285974797E-01  5.613217075E-01
  5.832327285E-01  5.915760936E-01  5.832337683E-01  5.613237549E-01  5.286004708E-01
  4.854257922E-01  4.387930251E-01  3.941448738E-01  3.567294564E-01  3.325374504E-01
  3.237266570E-01  3.325374504E-01  3.567294564E-01  3.941448738E-01  4.387930251E-01
  4.854257922E-01  5.286004708E-01  5.613237549E-01  5.832337683E-01  5.915760936E-01
  5.832327285E-01  5.613217075E-01  5.285974797E-01  4.854219505E-01  4.387884518E-01
  3.941397097E-01  3.567238584E-01  3.325315874E-01  1.603484313E-01  1.735583763E-01
  2.090120618E-01  2.626584525E-01  3.270282921E-01  3.937725110E-01  4.594227798E-01
  5.154976868E-01  5.565135150E-01  5.832327285E-01  5.951033474E-01  5.907982715E-01
  5.750325882E-01  5.510143709E-01  5.215708421E-01  4.922378234E-01  4.662487062E-01
  4.490911288E-01  4.435100033E-01  4.490911288E-01  4.662487062E-01  4.922378234E-01
  5.215708421E-01  5.510143709E-01  5.750325882E-01  5.907982715E-01  5.951033474E-01
  5.832327285E-01  5.565135150E-01  5.154976868E-01  4.594227798E-01  3.937725110E-01
  3.270282921E-01  2.626584525E-01  2.090120618E-01  1.735583763E-01 -5.828850140E-02
 -4.040939440E-02  1.077256456E-02  8.880343202E-02  1.827894815E-01  2.788257245E-01
  3.692235931E-01  4.499908702E-01  5.154976868E-01  5.613217075E-01  5.907972634E-01
  6.050389208E-01  6.041578677E-01  5.939375243E-01  5.769043323E-01  5.582778713E-01
  5.418755269E-01  5.304724866E-01  5.267701546E-01  5.304724866E-01  5.418755269E-01
  5.582778713E-01  5.769043323E-01  5.939375243E-01  6.041578677E-01  6.050389208E-01
  5.907972634E-01  5.613217075E-01  5.154976868E-01  4.499908702E-01  3.692235931E-01
  2.788257245E-01  1.827894815E-01  8.880343202E-02  1.077256456E-02 -4.040939440E-02
 -3.043958722E-01 -2.834188114E-01 -2.212821061E-01 -1.235794062E-01  5.146080671E-04
  1.346111901E-01  2.609537761E-01  3.692235931E-01  4.594227798E-01  5.285974797E-01
  5.750306349E-01  6.041569222E-01  6.171313413E-01  6.187454550E-01  6.121810946E-01
  6.013840849E-01  5.911396262E-01  5.835243919E-01  5.807021608E-01  5.835243919E-01
  5.911396262E-01  6.013840849E-01  6.121810946E-01  6.187454550E-01  6.171313413E-01
  6.041569222E-01  5.750306349E-01  5.285974797E-01  4.594227798E-01  3.692235931E-01
  2.609537761E-01  1.346111901E-01  5.146080671E-04 -1.235794062E-01 -2.212821061E-01
 -2.834188114E-01 -5.543776868E-01 -5.288485839E-01 -4.557829795E-01 -3.430999186E-01
 -1.975658096E-01 -3.212691356E-02  1.346111901E-01  2.788257245E-01  3.937725110E-01
  4.854219505E-01  5.510115648E-01  5.939357252E-01  6.187446012E-01  6.290436171E-01
  6.304963463E-01  6.266521864E-01  6.206061796E-01  6.161928188E-01  6.145836918E-01
  6.161928188E-01  6.206061796E-01  6.266521864E-01  6.304963463E-01  6.290436171E-01
  6.187446012E-01  5.939357252E-01  5.510115648E-01  4.854219505E-01  3.937725110E-01
  2.788257245E-01  1.346111901E-01 -3.212691356E-02 -1.975658096E-01 -3.430999186E-01
 -4.557829795E-01 -5.288485839E-01 -8.058432646E-01 -7.749902882E-01 -6.862448610E-01
 -5.518855572E-01 -3.850892569E-01 -1.975658096E-01  5.146080671E-04  1.827894815E-01
  3.270282921E-01  4.387884518E-01  5.215673014E-01  5.769017975E-01  6.121795047E-01
  6.304956102E-01  6.377607652E-01  6.385413510E-01  6.352296174E-01  6.325152541E-01
  6.311319050E-01  6.325152541E-01  6.352296174E-01  6.385413510E-01  6.377607652E-01
  6.304956102E-01  6.121795047E-01  5.769017975E-01  5.215673014E-01  4.387884518E-01
  3.270282921E-01  1.827894815E-01  5.146080671E-04 -1.975658096E-01 -3.850892569E-01
 -5.518855572E-01 -6.862448610E-01 -7.749902882E-01 -1.034763146E+00 -1.000867714E+00
 -9.000255616E-01 -7.436401997E-01 -5.518855572E-01 -3.430999186E-01 -1.235794062E-01
  8.880343202E-02  2.626584525E-01  3.941397097E-01  4.922336881E-01  5.582747404E-01
  6.013818985E-01  6.266508537E-01  6.385407545E-01  6.421871308E-01  6.412138192E-01
  6.398934772E-01  6.383699942E-01  6.398934772E-01  6.412138192E-01  6.421871308E-01
  6.385407545E-01  6.266508537E-01  6.013818985E-01  5.582747404E-01  4.922336881E-01
  3.941397097E-01  2.626584525E-01  8.880343202E-02 -1.235794062E-01 -3.430999186E-01
 -5.518855572E-01 -7.436401997E-01 -9.000255616E-01 -1.000867714E+00 -1.212580046E+00
 -1.176259405E+00 -1.069240805E+00 -9.000255616E-01 -6.862448610E-01 -4.557829795E-01
 -2.212821061E-01  1.077256456E-02  2.090120618E-01  3.567238584E-01  4.662441335E-01
  5.418719572E-01  5.911370005E-01  6.206044075E-01  6.352285816E-01  6.412133800E-01
  6.417214353E-01  6.410134168E-01  6.396924408E-01  6.410134168E-01  6.417214353E-01
  6.412133800E-01  6.352285816E-01  6.206044075E-01  5.911370005E-01  5.418719572E-01
  4.662441335E-01  3.567238584E-01  2.090120618E-01  1.077256456E-02 -2.212821061E-01
 -4.557829795E-01 -6.862448610E-01 -9.000255616E-01 -1.069240805E+00 -1.176259405E+00
 -1.324082711E+00 -1.286590740E+00 -1.176259405E+00 -1.000867714E+00 -7.749902882E-01
 -5.288485839E-01 -2.834188114E-01 -4.040939440E-02  1.735583763E-01  3.325315874E-01
  4.490862885E-01  5.304686482E-01  5.835214972E-01  6.161907777E-01  6.325139494E-01
  6.398927693E-01  6.410131480E-01  6.405935852E-01  6.399550742E-01  6.405935852E-01
  6.410131480E-01  6.398927693E-01  6.325139494E-01  6.161907777E-01  5.835214972E-01
  5.304686482E-01  4.490862885E-01  3.325315874E-01  1.735583763E-01 -4.040939440E-02
 -2.834188114E-01 -5.288485839E-01 -7.749902882E-01 -1.000867714E+00 -1.176259405E+00
 -1.286590740E+00 -9.667583735E-01 -9.341427103E-01 -8.367541755E-01 -6.868771740E-01
 -5.044978352E-01 -3.043958722E-01 -9.341445684E-02  1.073387814E-01  2.683764814E-01
  3.880735880E-01  4.760082520E-01  5.328796201E-01  5.656741731E-01  5.807001225E-01
  5.831506688E-01  5.790273178E-01  5.716558618E-01  5.661832862E-01  5.639343534E-01
  5.661832862E-01  5.716558618E-01  5.790273178E-01  5.831506688E-01  5.807001225E-01
  5.656741731E-01  5.328796201E-01  4.760082520E-01  3.880735880E-01  2.683764814E-01
  1.073387814E-01 -9.341445684E-02 -3.043958722E-01 -5.044978352E-01 -6.868771740E-01
 -8.367541755E-01 -9.341427103E-01 -9.341427103E-01 -9.012773651E-01 -8.056095765E-01
 -6.597614130E-01 -4.806604663E-01 -2.834188114E-01 -7.548780141E-02  1.215081523E-01
  2.787986494E-01  3.961673200E-01  4.815437394E-01  5.369427105E-01  5.694729312E-01
  5.835224405E-01  5.855570878E-01  5.815098806E-01  5.743025457E-01  5.687445264E-01
  5.661833731E-01  5.687445264E-01  5.743025457E-01  5.815098806E-01  5.855570878E-01
  5.835224405E-01  5.694729312E-01  5.369427105E-01  4.815437394E-01  3.961673200E-01
  2.787986494E-01  1.215081523E-01 -7.548780141E-02 -2.834188114E-01 -4.806604663E-01
 -6.597614130E-01 -8.056095765E-01 -9.012773651E-01 -8.367541755E-01 -8.056095765E-01
 -7.152827687E-01 -5.785265962E-01 -4.097484038E-01 -2.212821061E-01 -2.234591187E-02
  1.619273908E-01  3.070274160E-01  4.173107763E-01  4.969882995E-01  5.485011328E-01
  5.789885157E-01  5.911379329E-01  5.921646055E-01  5.870892618E-01  5.796082516E-01
  5.743028037E-01  5.716562067E-01  5.743028037E-01  5.796082516E-01  5.870892618E-01
  5.921646055E-01  5.911379329E-01  5.789885157E-01  5.485011328E-01  4.969882995E-01
  4.173107763E-01  3.070274160E-01  1.619273908E-01 -2.234591187E-02 -2.212821061E-01
 -4.097484038E-01 -5.785265962E-01 -7.152827687E-01 -8.056095765E-01 -6.868771740E-01
 -6.597614130E-01 -5.785265962E-01 -4.548353633E-01 -3.005022440E-01 -1.235794062E-01
  5.965382371E-02  2.220840107E-01  3.500717521E-01  4.494311532E-01  5.202331067E-01
  5.656513704E-01  5.917345906E-01  6.013828123E-01  6.010862362E-01  5.950320830E-01
  5.870896826E-01  5.815105594E-01  5.790280835E-01  5.815105594E-01  5.870896826E-01
  5.950320830E-01  6.010862362E-01  6.013828123E-01  5.917345906E-01  5.656513704E-01
  5.202331067E-01  4.494311532E-01  3.500717521E-01  2.220840107E-01  5.965382371E-02
 -1.235794062E-01 -3.005022440E-01 -4.548353633E-01 -5.785265962E-01 -6.597614130E-01
 -5.044978352E-01 -4.806604663E-01 -4.097484038E-01 -3.005022440E-01 -1.601074762E-01
  5.146080671E-04  1.585531056E-01  2.937935590E-01  4.034724615E-01  4.885098578E-01
  5.470232943E-01  5.852340184E-01  6.061156183E-01  6.121803922E-01  6.089135876E-01
  6.010868066E-01  5.921655967E-01  5.855583371E-01  5.831520049E-01  5.855583371E-01
  5.921655967E-01  6.010868066E-01  6.089135876E-01  6.121803922E-01  6.061156183E-01
  5.852340184E-01  5.470232943E-01  4.885098578E-01  4.034724615E-01  2.937935590E-01
  1.585531056E-01  5.146080671E-04 -1.601074762E-01 -3.005022440E-01 -4.097484038E-01
 -4.806604663E-01 -3.043958722E-01 -2.834188114E-01 -2.212821061E-01 -1.235794062E-01
  5.146080671E-04  1.346111901E-01  2.609537761E-01  3.692235931E-01  4.594227798E-01
  5.285974797E-01  5.750306349E-01  6.041569222E-01  6.171313413E-01  6.187454550E-01
  6.121810946E-01  6.013840849E-01  5.911396262E-01  5.835243919E-01  5.807021608E-01
  5.835243919E-01  5.911396262E-01  6.013840849E-01  6.121810946E-01  6.187454550E-01
  6.171313413E-01  6.041569222E-01  5.750306349E-01  5.285974797E-01  4.594227798E-01
  3.692235931E-01  2.609537761E-01  1.346111901E-01  5.146080671E-04 -1.235794062E-01
 -2.212821061E-01 -2.834188114E-01 -9.341445684E-02 -7.548780141E-02 -2.234591187E-02
  5.965382371E-02  1.585531056E-01  2.609537761E-01  3.576078181E-01  4.423693181E-01
  5.125903996E-01  5.649861646E-01  5.993464563E-01  6.178674176E-01  6.216959174E-01
  6.171321541E-01  6.061171331E-01  5.917366755E-01  5.789910210E-01  5.694756943E-01
  5.656770231E-01  5.694756943E-01  5.789910210E-01  5.917366755E-01  6.061171331E-01
  6.171321541E-01  6.216959174E-01  6.178674176E-01  5.993464563E-01  5.649861646E-01
  5.125903996E-01  4.423693181E-01  3.576078181E-01  2.609537761E-01  1.585531056E-01
  5.965382371E-02 -2.234591187E-02 -7.548780141E-02  1.073387814E-01  1.215081523E-01
  1.619273908E-01  2.220840107E-01  2.937935590E-01  3.692235931E-01  4.423693181E-01
  5.071197388E-01  5.580935709E-01  5.937774859E-01  6.152776748E-01  6.227095328E-01
  6.178683160E-01  6.041586330E-01  5.852364307E-01  5.656543520E-01  5.485045342E-01
  5.369463692E-01  5.328833655E-01  5.369463692E-01  5.485045342E-01  5.656543520E-01
  5.852364307E-01  6.041586330E-01  6.178683160E-01  6.227095328E-01  6.152776748E-01
  5.937774859E-01  5.580935709E-01  5.071197388E-01  4.423693181E-01  3.692235931E-01
  2.937935590E-01  2.220840107E-01  1.619273908E-01  1.215081523E-01  2.683764814E-01
  2.787986494E-01  3.070274160E-01  3.500717521E-01  4.034724615E-01  4.594227798E-01
  5.125903996E-01  5.580935709E-01  5.917623323E-01  6.131257850E-01  6.211949113E-01
  6.152786313E-01  5.993483108E-01  5.750333009E-01  5.470266605E-01  5.202370407E-01
  4.969926519E-01  4.815483480E-01  4.760129469E-01  4.815483480E-01  4.969926519E-01
  5.202370407E-01  5.470266605E-01  5.750333009E-01  5.993483108E-01  6.152786313E-01
  6.211949113E-01  6.131257850E-01  5.917623323E-01  5.580935709E-01  5.125903996E-01
  4.594227798E-01  4.034724615E-01  3.500717521E-01  3.070274160E-01  2.787986494E-01
  3.880735880E-01  3.961673200E-01  4.173107763E-01  4.494311532E-01  4.885098578E-01
  5.285974797E-01  5.649861646E-01  5.937774859E-01  6.131257850E-01  6.199921260E-01
  6.131267708E-01  5.937794276E-01  5.649890027E-01  5.286011273E-01  4.885142029E-01
  4.494360630E-01  4.173161015E-01  3.961728994E-01  3.880792529E-01  3.961728994E-01
  4.173161015E-01  4.494360630E-01  4.885142029E-01  5.286011273E-01  5.649890027E-01
  5.937794276E-01  6.131267708E-01  6.199921260E-01  6.131257850E-01  5.937774859E-01
  5.649861646E-01  5.285974797E-01  4.885098578E-01  4.494311532E-01  4.173107763E-01
  3.961673200E-01  4.760082520E-01  4.815437394E-01  4.969882995E-01  5.202331067E-01
  5.470232943E-01  5.750306349E-01  5.993464563E-01  6.152776748E-01  6.211949113E-01
  6.131267708E-01  5.917643032E-01  5.580964958E-01  5.125942181E-01  4.594274033E-01
  4.034777771E-01  3.500776264E-01  3.070337001E-01  2.788051837E-01  2.683830998E-01
  2.788051837E-01  3.070337001E-01  3.500776264E-01  4.034777771E-01  4.594274033E-01
  5.125942181E-01  5.580964958E-01  5.917643032E-01  6.131267708E-01  6.211949113E-01
  6.152776748E-01  5.993464563E-01  5.750306349E-01  5.470232943E-01  5.202331067E-01
  4.969882995E-01  4.815437394E-01  5.328796201E-01  5.369427105E-01  5.485011328E-01
  5.656513704E-01  5.852340184E-01  6.041569222E-01  6.178674176E-01  6.227095328E-01
  6.152786313E-01  5.937794276E-01  5.580964958E-01  5.071236144E-01  4.423740817E-01
  3.692291541E-01  2.937998025E-01  2.220908025E-01  1.619345829E-01  1.215155879E-01
  1.073462986E-01  1.215155879E-01  1.619345829E-01  2.220908025E-01  2.937998025E-01
  3.692291541E-01  4.423740817E-01  5.071236144E-01  5.580964958E-01  5.937794276E-01
  6.152786313E-01  6.227095328E-01  6.178674176E-01  6.041569222E-01  5.852340184E-01
  5.656513704E-01  5.485011328E-01  5.369427105E-01  5.656741731E-01  5.694729312E-01
  5.789885157E-01  5.917345906E-01  6.061156183E-01  6.171313413E-01  6.216959174E-01
  6.178683160E-01  5.993483108E-01  5.649890027E-01  5.125942181E-01  4.423740817E-01
  3.576134610E-01  2.609602043E-01  1.585602014E-01  5.966145204E-02 -2.233789755E-02
 -7.547955377E-02 -9.340613120E-02 -7.547955377E-02 -2.233789755E-02  5.966145204E-02
  1.585602014E-01  2.609602043E-01  3.576134610E-01  4.423740817E-01  5.125942181E-01
  5.649890027E-01  5.993483108E-01  6.178683160E-01  6.216959174E-01  6.171313413E-01
  6.061156183E-01  5.917345906E-01  5.789885157E-01  5.694729312E-01  5.807001225E-01
  5.835224405E-01  5.911379329E-01  6.013828123E-01  6.121803922E-01  6.187454550E-01
  6.171321541E-01  6.041586330E-01  5.750333009E-01  5.286011273E-01  4.594274033E-01
  3.692291541E-01  2.609602043E-01  1.346183869E-01  5.224523235E-04 -1.235710509E-01
 -2.212733839E-01 -2.834098694E-01 -3.043868570E-01 -2.834098694E-01 -2.212733839E-01
 -1.235710509E-01  5.224523235E-04  1.346183869E-01  2.609602043E-01  3.692291541E-01
  4.594274033E-01  5.286011273E-01  5.750333009E-01  6.041586330E-01  6.171321541E-01
  6.187454550E-01  6.121803922E-01  6.013828123E-01  5.911379329E-01  5.835224405E-01
  5.831506688E-01  5.855570878E-01  5.921646055E-01  6.010862362E-01  6.089135876E-01
  6.121810946E-01  6.061171331E-01  5.852364307E-01  5.470266605E-01  4.885142029E-01
  4.034777771E-01  2.937998025E-01  1.585602014E-01  5.224523235E-04 -1.600990087E-01
 -3.004932910E-01 -4.097391066E-01 -4.806509648E-01 -5.044882661E-01 -4.806509648E-01
 -4.097391066E-01 -3.004932910E-01 -1.600990087E-01  5.224523235E-04  1.585602014E-01
  2.937998025E-01  4.034777771E-01  4.885142029E-01  5.470266605E-01  5.852364307E-01
  6.061171331E-01  6.121810946E-01  6.089135876E-01  6.010862362E-01  5.921646055E-01
  5.855570878E-01  5.790273178E-01  5.815098806E-01  5.870892618E-01  5.950320830E-01
  6.010868066E-01  6.013840849E-01  5.917366755E-01  5.656543520E-01  5.202370407E-01
  4.494360630E-01  3.500776264E-01  2.220908025E-01  5.966145204E-02 -1.235710509E-01
 -3.004932910E-01 -4.548259510E-01 -5.785168627E-01 -6.597514907E-01 -6.868671895E-01
 -6.597514907E-01 -5.785168627E-01 -4.548259510E-01 -3.004932910E-01 -1.235710509E-01
  5.966145204E-02  2.220908025E-01  3.500776264E-01  4.494360630E-01  5.202370407E-01
  5.656543520E-01  5.917366755E-01  6.013840849E-01  6.010868066E-01  5.950320830E-01
  5.870892618E-01  5.815098806E-01  5.716558618E-01  5.743025457E-01  5.796082516E-01
  5.870896826E-01  5.921655967E-01  5.911396262E-01  5.789910210E-01  5.485045342E-01
  4.969926519E-01  4.173161015E-01  3.070337001E-01  1.619345829E-01 -2.233789755E-02
 -2.212733839E-01 -4.097391066E-01 -5.785168627E-01 -7.152727335E-01 -8.055993653E-01
 -8.367439066E-01 -8.055993653E-01 -7.152727335E-01 -5.785168627E-01 -4.097391066E-01
 -2.212733839E-01 -2.233789755E-02  1.619345829E-01  3.070337001E-01  4.173161015E-01
  4.969926519E-01  5.485045342E-01  5.789910210E-01  5.911396262E-01  5.921655967E-01
  5.870896826E-01  5.796082516E-01  5.743025457E-01  5.661832862E-01  5.687445264E-01
  5.743028037E-01  5.815105594E-01  5.855583371E-01  5.835243919E-01  5.694756943E-01
  5.369463692E-01  4.815483480E-01  3.961728994E-01  2.788051837E-01  1.215155879E-01
 -7.547955377E-02 -2.834098694E-01 -4.806509648E-01 -6.597514907E-01 -8.055993653E-01
 -9.012669862E-01 -9.341322766E-01 -9.012669862E-01 -8.055993653E-01 -6.597514907E-01
 -4.806509648E-01 -2.834098694E-01 -7.547955377E-02  1.215155879E-01  2.788051837E-01
  3.961728994E-01  4.815483480E-01  5.369463692E-01  5.694756943E-01  5.835243919E-01
  5.855583371E-01  5.815105594E-01  5.743028037E-01  5.687445264E-01  5.639343534E-01
  5.661833731E-01  5.716562067E-01  5.790280835E-01  5.831520049E-01  5.807021608E-01
  5.656770231E-01  5.328833655E-01  4.760129469E-01  3.880792529E-01  2.683830998E-01
  1.073462986E-01 -9.340613120E-02 -3.043868570E-01 -5.044882661E-01 -6.868671895E-01
 -8.367439066E-01 -9.341322766E-01 -9.667478859E-01 -9.341322766E-01 -8.367439066E-01
 -6.868671895E-01 -5.044882661E-01 -3.043868570E-01 -9.340613120E-02  1.073462986E-01
  2.683830998E-01  3.880792529E-01  4.760129469E-01  5.328833655E-01  5.656770231E-01
  5.807021608E-01  5.831520049E-01  5.790280835E-01  5.716562067E-01  5.661833731E-01
  5.661832862E-01  5.687445264E-01  5.743028037E-01  5.815105594E-01  5.855583371E-01
  5.835243919E-01  5.694756943E-01  5.369463692E-01  4.815483480E-01  3.961728994E-01
  2.788051837E-01  1.215155879E-01 -7.547955377E-02 -2.834098694E-01 -4.806509648E-01
 -6.597514907E-01 -8.055993653E-01 -9.012669862E-01 -9.341322766E-01 -9.012669862E-01
 -8.055993653E-01 -6.597514907E-01 -4.806509648E-01 -2.834098694E-01 -7.547955377E-02
  1.215155879E-01  2.788051837E-01  3.961728994E-01  4.815483480E-01  5.369463692E-01
  5.694756943E-01  5.835243919E-01  5.855583371E-01  5.815105594E-01  5.743028037E-01
  5.687445264E-01  5.716558618E-01  5.743025457E-01  5.796082516E-01  5.870896826E-01
  5.921655967E-01  5.911396262E-01  5.789910210E-01  5.485045342E-01  4.969926519E-01
  4.173161015E-01  3.070337001E-01  1.619345829E-01 -2.233789755E-02 -2.212733839E-01
 -4.097391066E-01 -5.785168627E-01 -7.152727335E-01 -8.055993653E-01 -8.367439066E-01
 -8.055993653E-01 -7.152727335E-01 -5.785168627E-01 -4.097391066E-01 -2.212733839E-01
 -2.233789755E-02  1.619345829E-01  3.070337001E-01  4.173161015E-01  4.969926519E-01
  5.485045342E-01  5.789910210E-01  5.911396262E-01  5.921655967E-01  5.870896826E-01
  5.796082516E-01  5.743025457E-01  5.790273178E-01  5.815098806E-01  5.870892618E-01
  5.950320830E-01  6.010868066E-01  6.013840849E-01  5.917366755E-01  5.656543520E-01
  5.202370407E-01  4.494360630E-01  3.500776264E-01  2.220908025E-01  5.966145204E-02
 -1.235710509E-01 -3.004932910E-01 -4.548259510E-01 -5.785168627E-01 -6.597514907E-01
 -6.868671895E-01 -6.597514907E-01 -5.785168627E-01 -4.548259510E-01 -3.004932910E-01
 -1.235710509E-01  5.966145204E-02  2.220908025E-01  3.500776264E-01  4.494360630E-01
  5.202370407E-01  5.656543520E-01  5.917366755E-01  6.013840849E-01  6.010868066E-01
  5.950320830E-01  5.870892618E-01  5.815098806E-01  5.831506688E-01  5.855570878E-01
  5.921646055E-01  6.010862362E-01  6.089135876E-01  6.121810946E-01  6.061171331E-01
  5.852364307E-01  5.470266605E-01  4.885142029E-01  4.034777771E-01  2.937998025E-01
  1.585602014E-01  5.224523235E-04 -1.600990087E-01 -3.004932910E-01 -4.097391066E-01
 -4.806509648E-01 -5.044882661E-01 -4.806509648E-01 -4.097391066E-01 -3.004932910E-01
 -1.600990087E-01  5.224523235E-04  1.585602014E-01  2.937998025E-01  4.034777771E-01
  4.885142029E-01  5.470266605E-01  5.852364307E-01  6.061171331E-01  6.121810946E-01
  6.089135876E-01  6.010862362E-01  5.921646055E-01  5.855570878E-01  5.807001225E-01
  5.835224405E-01  5.911379329E-01  6.013828123E-01  6.121803922E-01  6.187454550E-01
  6.171321541E-01  6.041586330E-01  5.750333009E-01  5.286011273E-01  4.594274033E-01
  3.692291541E-01  2.609602043E-01  1.346183869E-01  5.224523235E-04 -1.235710509E-01
 -2.212733839E-01 -2.834098694E-01 -3.043868570E-01 -2.834098694E-01 -2.212733839E-01
 -1.235710509E-01  5.224523235E-04  1.346183869E-01  2.609602043E-01  3.692291541E-01
  4.594274033E-01  5.286011273E-01  5.750333009E-01  6.041586330E-01  6.171321541E-01
  6.187454550E-01  6.121803922E-01  6.013828123E-01  5.911379329E-01  5.835224405E-01
  5.656741731E-01  5.694729312E-01  5.789885157E-01  5.917345906E-01  6.061156183E-01
  6.171313413E-01  6.216959174E-01  6.178683160E-01  5.993483108E-01  5.649890027E-01
  5.125942181E-01  4.423740817E-01  3.576134610E-01  2.609602043E-01  1.585602014E-01
  5.966145204E-02 -2.233789755E-02 -7.547955377E-02 -9.340613120E-02 -7.547955377E-02
 -2.233789755E-02  5.966145204E-02  1.585602014E-01  2.609602043E-01  3.576134610E-01
  4.423740817E-01  5.125942181E-01  5.649890027E-01  5.993483108E-01  6.178683160E-01
  6.216959174E-01  6.171313413E-01  6.061156183E-01  5.917345906E-01  5.789885157E-01
  5.694729312E-01  5.328796201E-01  5.369427105E-01  5.485011328E-01  5.656513704E-01
  5.852340184E-01  6.041569222E-01  6.178674176E-01  6.227095328E-01  6.152786313E-01
  5.937794276E-01  5.580964958E-01  5.071236144E-01  4.423740817E-01  3.692291541E-01
  2.937998025E-01  2.220908025E-01  1.619345829E-01  1.215155879E-01  1.073462986E-01
  1.215155879E-01  1.619345829E-01  2.220908025E-01  2.937998025E-01  3.692291541E-01
  4.423740817E-01  5.071236144E-01  5.580964958E-01  5.937794276E-01  6.152786313E-01
  6.227095328E-01  6.178674176E-01  6.041569222E-01  5.852340184E-01  5.656513704E-01
  5.485011328E-01  5.369427105E-01  4.760082520E-01  4.815437394E-01  4.969882995E-01
  5.202331067E-01  5.470232943E-01  5.750306349E-01  5.993464563E-01  6.152776748E-01
  6.211949113E-01  6.131267708E-01  5.917643032E-01  5.580964958E-01  5.125942181E-01
  4.594274033E-01  4.034777771E-01  3.500776264E-01  3.070337001E-01  2.788051837E-01
  2.683830998E-01  2.788051837E-01  3.070337001E-01  3.500776264E-01  4.034777771E-01
  4.594274033E-01  5.125942181E-01  5.580964958E-01  5.917643032E-01  6.131267708E-01
  6.211949113E-01  6.152776748E-01  5.993464563E-01  5.750306349E-01  5.470232943E-01
  5.202331067E-01  4.969882995E-01  4.815437394E-01  3.880735880E-01  3.961673200E-01
  4.173107763E-01  4.494311532E-01  4.885098578E-01  5.285974797E-01  5.649861646E-01
  5.937774859E-01  6.131257850E-01  6.199921260E-01  6.131267708E-01  5.937794276E-01
  5.649890027E-01  5.286011273E-01  4.885142029E-01  4.494360630E-01  4.173161015E-01
  3.961728994E-01  3.880792529E-01  3.961728994E-01  4.173161015E-01  4.494360630E-01
  4.885142029E-01  5.286011273E-01  5.649890027E-01  5.937794276E-01  6.131267708E-01
  6.199921260E-01  6.131257850E-01  5.937774859E-01  5.649861646E-01  5.285974797E-01
  4.885098578E-01  4.494311532E-01  4.173107763E-01  3.961673200E-01  2.683764814E-01
  2.787986494E-01  3.070274160E-01  3.500717521E-01  4.034724615E-01  4.594227798E-01
  5.125903996E-01  5.580935709E-01  5.917623323E-01  6.131257850E-01  6.211949113E-01
  6.152786313E-01  5.993483108E-01  5.750333009E-01  5.470266605E-01  5.202370407E-01
  4.969926519E-01  4.815483480E-01  4.760129469E-01  4.815483480E-01  4.969926519E-01
  5.202370407E-01  5.470266605E-01  5.750333009E-01  5.993483108E-01  6.152786313E-01
  6.211949113E-01  6.131257850E-01  5.917623323E-01  5.580935709E-01  5.125903996E-01
  4.594227798E-01  4.034724615E-01  3.500717521E-01  3.070274160E-01  2.787986494E-01
  1.073387814E-01  1.215081523E-01  1.619273908E-01  2.220840107E-01  2.937935590E-01
  3.692235931E-01  4.423693181E-01  5.071197388E-01  5.580935709E-01  5.937774859E-01
  6.152776748E-01  6.227095328E-01  6.178683160E-01  6.041586330E-01  5.852364307E-01
  5.656543520E-01  5.485045342E-01  5.369463692E-01  5.328833655E-01  5.369463692E-01
  5.485045342E-01  5.656543520E-01  5.852364307E-01  6.041586330E-01  6.178683160E-01
  6.227095328E-01  6.152776748E-01  5.937774859E-01  5.580935709E-01  5.071197388E-01
  4.423693181E-01  3.692235931E-01  2.937935590E-01  2.220840107E-01  1.619273908E-01
  1.215081523E-01 -9.341445684E-02 -7.548780141E-02 -2.234591187E-02  5.965382371E-02
  1.585531056E-01  2.609537761E-01  3.576078181E-01  4.423693181E-01  5.125903996E-01
  5.649861646E-01  5.993464563E-01  6.178674176E-01  6.216959174E-01  6.171321541E-01
  6.061171331E-01  5.917366755E-01  5.789910210E-01  5.694756943E-01  5.656770231E-01
  5.694756943E-01  5.789910210E-01  5.917366755E-01  6.061171331E-01  6.171321541E-01
  6.216959174E-01  6.178674176E-01  5.993464563E-01  5.649861646E-01  5.125903996E-01
  4.423693181E-01  3.576078181E-01  2.609537761E-01  1.585531056E-01  5.965382371E-02
 -2.234591187E-02 -7.548780141E-02 -3.043958722E-01 -2.834188114E-01 -2.212821061E-01
 -1.235794062E-01  5.146080671E-04  1.346111901E-01  2.609537761E-01  3.692235931E-01
  4.594227798E-01  5.285974797E-01  5.750306349E-01  6.041569222E-01  6.171313413E-01
  6.187454550E-01  6.121810946E-01  6.013840849E-01  5.911396262E-01  5.835243919E-01
  5.807021608E-01  5.835243919E-01  5.911396262E-01  6.013840849E-01  6.121810946E-01
  6.187454550E-01  6.171313413E-01  6.041569222E-01  5.750306349E-01  5.285974797E-01
  4.594227798E-01  3.692235931E-01  2.609537761E-01  1.346111901E-01  5.146080671E-04
 -1.235794062E-01 -2.212821061E-01 -2.834188114E-01 -5.044978352E-01 -4.806604663E-01
 -4.097484038E-01 -3.005022440E-01 -1.601074762E-01  5.146080671E-04  1.585531056E-01
  2.937935590E-01  4.034724615E-01  4.885098578E-01  5.470232943E-01  5.852340184E-01
  6.061156183E-01  6.121803922E-01  6.089135876E-01  6.010868066E-01  5.921655967E-01
  5.855583371E-01  5.831520049E-01  5.855583371E-01  5.921655967E-01  6.010868066E-01
  6.089135876E-01  6.121803922E-01  6.061156183E-01  5.852340184E-01  5.470232943E-01
  4.885098578E-01  4.034724615E-01  2.937935590E-01  1.585531056E-01  5.146080671E-04
 -1.601074762E-01 -3.005022440E-01 -4.097484038E-01 -4.806604663E-01 -6.868771740E-01
 -6.597614130E-01 -5.785265962E-01 -4.548353633E-01 -3.005022440E-01 -1.235794062E-01
  5.965382371E-02  2.220840107E-01  3.500717521E-01  4.494311532E-01  5.202331067E-01
  5.656513704E-01  5.917345906E-01  6.013828123E-01  6.010862362E-01  5.950320830E-01
  5.870896826E-01  5.815105594E-01  5.790280835E-01  5.815105594E-01  5.870896826E-01
  5.950320830E-01  6.010862362E-01  6.013828123E-01  5.917345906E-01  5.656513704E-01
  5.202331067E-01  4.494311532E-01  3.500717521E-01  2.220840107E-01  5.965382371E-02
 -1.235794062E-01 -3.005022440E-01 -4.548353633E-01 -5.785265962E-01 -6.597614130E-01
 -8.367541755E-01 -8.056095765E-01 -7.152827687E-01 -5.785265962E-01 -4.097484038E-01
 -2.212821061E-01 -2.234591187E-02  1.619273908E-01  3.070274160E-01  4.173107763E-01
  4.969882995E-01  5.485011328E-01  5.789885157E-01  5.911379329E-01  5.921646055E-01
  5.870892618E-01  5.796082516E-01  5.743028037E-01  5.716562067E-01  5.743028037E-01
  5.796082516E-01  5.870892618E-01  5.921646055E-01  5.911379329E-01  5.789885157E-01
  5.485011328E-01  4.969882995E-01  4.173107763E-01  3.070274160E-01  1.619273908E-01
 -2.234591187E-02 -2.212821061E-01 -4.097484038E-01 -5.785265962E-01 -7.152827687E-01
 -8.056095765E-01 -9.341427103E-01 -9.012773651E-01 -8.056095765E-01 -6.597614130E-01
 -4.806604663E-01 -2.834188114E-01 -7.548780141E-02  1.215081523E-01  2.787986494E-01
  3.961673200E-01  4.815437394E-01  5.369427105E-01  5.694729312E-01  5.835224405E-01
  5.855570878E-01  5.815098806E-01  5.743025457E-01  5.687445264E-01  5.661833731E-01
  5.687445264E-01  5.743025457E-01  5.815098806E-01  5.855570878E-01  5.835224405E-01
  5.694729312E-01  5.369427105E-01  4.815437394E-01  3.961673200E-01  2.787986494E-01
  1.215081523E-01 -7.548780141E-02 -2.834188114E-01 -4.806604663E-01 -6.597614130E-01
 -8.056095765E-01 -9.012773651E-01 -5.787011088E-01 -5.534662663E-01 -4.801318589E-01
 -3.664854933E-01 -2.223525625E-01 -5.828850140E-02  1.073387814E-01  2.483874915E-01
  3.582528592E-01  4.408224448E-01  4.947366413E-01  5.238199239E-01  5.328806718E-01
  5.267682238E-01  5.107068125E-01  4.899362999E-01  4.705894091E-01  4.569266976E-01
  4.515012419E-01  4.569266976E-01  4.705894091E-01  4.899362999E-01  5.107068125E-01
  5.267682238E-01  5.328806718E-01  5.238199239E-01  4.947366413E-01  4.408224448E-01
  3.582528592E-01  2.483874915E-01  1.073387814E-01 -5.828850140E-02 -2.223525625E-01
 -3.664854933E-01 -4.801318589E-01 -5.534662663E-01 -5.534662663E-01 -5.281305600E-01
 -4.561367834E-01 -3.451060158E-01 -2.024578175E-01 -4.040939440E-02  1.215081523E-01
  2.586402426E-01  3.658421130E-01  4.474285099E-01  5.001640637E-01  5.282277295E-01
  5.369437581E-01  5.304706386E-01  5.147184734E-01  4.944052008E-01  4.752453468E-01
  4.620312122E-01  4.569267804E-01  4.620312122E-01  4.752453468E-01  4.944052008E-01
  5.147184734E-01  5.304706386E-01  5.369437581E-01  5.282277295E-01  5.001640637E-01
  4.474285099E-01  3.658421130E-01  2.586402426E-01  1.215081523E-01 -4.040939440E-02
 -2.024578175E-01 -3.451060158E-01 -4.561367834E-01 -5.281305600E-01 -4.801318589E-01
 -4.561367834E-01 -3.876130524E-01 -2.813345641E-01 -1.437238373E-01  1.077256456E-02
  1.619273908E-01  2.894671811E-01  3.896101644E-01  4.657545574E-01  5.147037365E-01
  5.408181835E-01  5.485021680E-01  5.418739242E-01  5.267206914E-01  5.067755680E-01
  4.878800230E-01  4.752455924E-01  4.705897376E-01  4.752455924E-01  4.878800230E-01
  5.067755680E-01  5.267206914E-01  5.418739242E-01  5.485021680E-01  5.408181835E-01
  5.147037365E-01  4.657545574E-01  3.896101644E-01  2.894671811E-01  1.619273908E-01
  1.077256456E-02 -1.437238373E-01 -2.813345641E-01 -3.876130524E-01 -4.561367834E-01
 -3.664854933E-01 -3.451060158E-01 -2.813345641E-01 -1.812060566E-01 -5.266192732E-02
  8.880343202E-02  2.220840107E-01  3.346982766E-01  4.256001632E-01  4.933133697E-01
  5.371369197E-01  5.606777373E-01  5.656523845E-01  5.582766680E-01  5.432129067E-01
  5.243283712E-01  5.067759678E-01  4.944058462E-01  4.899370282E-01  4.944058462E-01
  5.067759678E-01  5.243283712E-01  5.432129067E-01  5.582766680E-01  5.656523845E-01
  5.606777373E-01  5.371369197E-01  4.933133697E-01  4.256001632E-01  3.346982766E-01
  2.220840107E-01  8.880343202E-02 -5.266192732E-02 -1.812060566E-01 -2.813345641E-01
 -3.451060158E-01 -2.223525625E-01 -2.024578175E-01 -1.437238373E-01 -5.266192732E-02
  6.149685563E-02  1.827894815E-01  2.937935590E-01  3.894086159E-01  4.690722488E-01
  5.266970620E-01  5.637100442E-01  5.831455591E-01  5.852350025E-01  5.769036690E-01
  5.612744852E-01  5.432134470E-01  5.267216314E-01  5.147196590E-01  5.107080810E-01
  5.147196590E-01  5.267216314E-01  5.432134470E-01  5.612744852E-01  5.769036690E-01
  5.852350025E-01  5.831455591E-01  5.637100442E-01  5.266970620E-01  4.690722488E-01
  3.894086159E-01  2.937935590E-01  1.827894815E-01  6.149685563E-02 -5.266192732E-02
 -1.437238373E-01 -2.024578175E-01 -5.828850140E-02 -4.040939440E-02  1.077256456E-02
  8.880343202E-02  1.827894815E-01  2.788257245E-01  3.692235931E-01  4.499908702E-01
  5.154976868E-01  5.613217075E-01  5.907972634E-01  6.050389208E-01  6.041578677E-01
  5.939375243E-01  5.769043323E-01  5.582778713E-01  5.418755269E-01  5.304724866E-01
  5.267701546E-01  5.304724866E-01  5.418755269E-01  5.582778713E-01  5.769043323E-01
  5.939375243E-01  6.041578677E-01  6.050389208E-01  5.907972634E-01  5.613217075E-01
  5.154976868E-01  4.499908702E-01  3.692235931E-01  2.788257245E-01  1.827894815E-01
  8.880343202E-02  1.077256456E-02 -4.040939440E-02  1.073387814E-01  1.215081523E-01
  1.619273908E-01  2.220840107E-01  2.937935590E-01  3.692235931E-01  4.423693181E-01
  5.071197388E-01  5.580935709E-01  5.937774859E-01  6.152776748E-01  6.227095328E-01
  6.178683160E-01  6.041586330E-01  5.852364307E-01  5.656543520E-01  5.485045342E-01
  5.369463692E-01  5.328833655E-01  5.369463692E-01  5.485045342E-01  5.656543520E-01
  5.852364307E-01  6.041586330E-01  6.178683160E-01  6.227095328E-01  6.152776748E-01
  5.937774859E-01  5.580935709E-01  5.071197388E-01  4.423693181E-01  3.692235931E-01
  2.937935590E-01  2.220840107E-01  1.619273908E-01  1.215081523E-01  2.483874915E-01
  2.586402426E-01  2.894671811E-01  3.346982766E-01  3.894086159E-01  4.499908702E-01
  5.071197388E-01  5.558955015E-01  5.945424268E-01  6.207184500E-01  6.325476111E-01
  6.319750475E-01  6.227103767E-01  6.050405294E-01  5.831478295E-01  5.606805458E-01
  5.408213896E-01  5.282311797E-01  5.238234564E-01  5.282311797E-01  5.408213896E-01
  5.606805458E-01  5.831478295E-01  6.050405294E-01  6.227103767E-01  6.319750475E-01
  6.325476111E-01  6.207184500E-01  5.945424268E-01  5.558955015E-01  5.071197388E-01
  4.499908702E-01  3.894086159E-01  3.346982766E-01  2.894671811E-01  2.586402426E-01
  3.582528592E-01  3.658421130E-01  3.896101644E-01  4.256001632E-01  4.690722488E-01
  5.154976868E-01  5.580935709E-01  5.945424268E-01  6.217216665E-01  6.373454934E-01
  6.407901139E-01  6.325485078E-01  6.152794146E-01  5.907997666E-01  5.637132074E-01
  5.371406191E-01  5.147078316E-01  5.001684016E-01  4.947410611E-01  5.001684016E-01
  5.147078316E-01  5.371406191E-01  5.637132074E-01  5.907997666E-01  6.152794146E-01
  6.325485078E-01  6.407901139E-01  6.373454934E-01  6.217216665E-01  5.945424268E-01
  5.580935709E-01  5.154976868E-01  4.690722488E-01  4.256001632E-01  3.896101644E-01
  3.658421130E-01  4.408224448E-01  4.474285099E-01  4.657545574E-01  4.933133697E-01
  5.266970620E-01  5.613217075E-01  5.937774859E-01  6.207184500E-01  6.373454934E-01
  6.424078006E-01  6.373464167E-01  6.207202692E-01  5.937801463E-01  5.613251287E-01
  5.267011401E-01  4.933179807E-01  4.657595613E-01  4.474337544E-01  4.408277704E-01
  4.474337544E-01  4.657595613E-01  4.933179807E-01  5.267011401E-01  5.613251287E-01
  5.937801463E-01  6.207202692E-01  6.373464167E-01  6.424078006E-01  6.373454934E-01
  6.207184500E-01  5.937774859E-01  5.613217075E-01  5.266970620E-01  4.933133697E-01
  4.657545574E-01  4.474285099E-01  4.947366413E-01  5.001640637E-01  5.147037365E-01
  5.371369197E-01  5.637100442E-01  5.907972634E-01  6.152776748E-01  6.325476111E-01
  6.407901139E-01  6.373464167E-01  6.217235122E-01  5.945451661E-01  5.580971481E-01
  5.155020205E-01  4.690772343E-01  4.256056762E-01  3.896160653E-01  3.658482511E-01
  3.582590772E-01  3.658482511E-01  3.896160653E-01  4.256056762E-01  4.690772343E-01
  5.155020205E-01  5.580971481E-01  5.945451661E-01  6.217235122E-01  6.373464167E-01
  6.407901139E-01  6.325476111E-01  6.152776748E-01  5.907972634E-01  5.637100442E-01
  5.371369197E-01  5.147037365E-01  5.001640637E-01  5.238199239E-01  5.282277295E-01
  5.408181835E-01  5.606777373E-01  5.831455591E-01  6.050389208E-01  6.227095328E-01
  6.319750475E-01  6.325485078E-01  6.207202692E-01  5.945451661E-01  5.558991309E-01
  5.071242009E-01  4.499960819E-01  3.894144712E-01  3.347046509E-01  2.894739356E-01
  2.586472290E-01  2.483945559E-01  2.586472290E-01  2.894739356E-01  3.347046509E-01
  3.894144712E-01  4.499960819E-01  5.071242009E-01  5.558991309E-01  5.945451661E-01
  6.207202692E-01  6.325485078E-01  6.319750475E-01  6.227095328E-01  6.050389208E-01
  5.831455591E-01  5.606777373E-01  5.408181835E-01  5.282277295E-01  5.328806718E-01
  5.369437581E-01  5.485021680E-01  5.656523845E-01  5.852350025E-01  6.041578677E-01
  6.178683160E-01  6.227103767E-01  6.152794146E-01  5.937801463E-01  5.580971481E-01
  5.071242009E-01  4.423746052E-01  3.692296197E-01  2.938002175E-01  2.220911759E-01
  1.619349252E-01  1.215159110E-01  1.073466152E-01  1.215159110E-01  1.619349252E-01
  2.220911759E-01  2.938002175E-01  3.692296197E-01  4.423746052E-01  5.071242009E-01
  5.580971481E-01  5.937801463E-01  6.152794146E-01  6.227103767E-01  6.178683160E-01
  6.041578677E-01  5.852350025E-01  5.656523845E-01  5.485021680E-01  5.369437581E-01
  5.267682238E-01  5.304706386E-01  5.418739242E-01  5.582766680E-01  5.769036690E-01
  5.939375243E-01  6.041586330E-01  6.050405294E-01  5.907997666E-01  5.613251287E-01
  5.155020205E-01  4.499960819E-01  3.692296197E-01  2.788324775E-01  1.827968509E-01
  8.881129200E-02  1.078077944E-02 -4.040096534E-02 -5.828000080E-02 -4.040096534E-02
  1.078077944E-02  8.881129200E-02  1.827968509E-01  2.788324775E-01  3.692296197E-01
  4.499960819E-01  5.155020205E-01  5.613251287E-01  5.907997666E-01  6.050405294E-01
  6.041586330E-01  5.939375243E-01  5.769036690E-01  5.582766680E-01  5.418739242E-01
  5.304706386E-01  5.107068125E-01  5.147184734E-01  5.267206914E-01  5.432129067E-01
  5.612744852E-01  5.769043323E-01  5.852364307E-01  5.831478295E-01  5.637132074E-01
  5.267011401E-01  4.690772343E-01  3.894144712E-01  2.938002175E-01  1.827968509E-01
  6.150482319E-02 -5.265348812E-02 -1.437150600E-01 -2.024488377E-01 -2.223435154E-01
 -2.024488377E-01 -1.437150600E-01 -5.265348812E-02  6.150482319E-02  1.827968509E-01
  2.938002175E-01  3.894144712E-01  4.690772343E-01  5.267011401E-01  5.637132074E-01
  5.831478295E-01  5.852364307E-01  5.769043323E-01  5.612744852E-01  5.432129067E-01
  5.267206914E-01  5.147184734E-01  4.899362999E-01  4.944052008E-01  5.067755680E-01
  5.243283712E-01  5.432134470E-01  5.582778713E-01  5.656543520E-01  5.606805458E-01
  5.371406191E-01  4.933179807E-01  4.256056762E-01  3.347046509E-01  2.220911759E-01
  8.881129200E-02 -5.265348812E-02 -1.811971654E-01 -2.813253522E-01 -3.450966133E-01
 -3.664760278E-01 -3.450966133E-01 -2.813253522E-01 -1.811971654E-01 -5.265348812E-02
  8.881129200E-02  2.220911759E-01  3.347046509E-01  4.256056762E-01  4.933179807E-01
  5.371406191E-01  5.606805458E-01  5.656543520E-01  5.582778713E-01  5.432134470E-01
  5.243283712E-01  5.067755680E-01  4.944052008E-01  4.705894091E-01  4.752453468E-01
  4.878800230E-01  5.067759678E-01  5.267216314E-01  5.418755269E-01  5.485045342E-01
  5.408213896E-01  5.147078316E-01  4.657595613E-01  3.896160653E-01  2.894739356E-01
  1.619349252E-01  1.078077944E-02 -1.437150600E-01 -2.813253522E-01 -3.876035350E-01
 -4.561270860E-01 -4.801221022E-01 -4.561270860E-01 -3.876035350E-01 -2.813253522E-01
 -1.437150600E-01  1.078077944E-02  1.619349252E-01  2.894739356E-01  3.896160653E-01
  4.657595613E-01  5.147078316E-01  5.408213896E-01  5.485045342E-01  5.418755269E-01
  5.267216314E-01  5.067759678E-01  4.878800230E-01  4.752453468E-01  4.569266976E-01
  4.620312122E-01  4.752455924E-01  4.944058462E-01  5.147196590E-01  5.304724866E-01
  5.369463692E-01  5.282311797E-01  5.001684016E-01  4.474337544E-01  3.658482511E-01
  2.586472290E-01  1.215159110E-01 -4.040096534E-02 -2.024488377E-01 -3.450966133E-01
 -4.561270860E-01 -5.281206898E-01 -5.534563393E-01 -5.281206898E-01 -4.561270860E-01
 -3.450966133E-01 -2.024488377E-01 -4.040096534E-02  1.215159110E-01  2.586472290E-01
  3.658482511E-01  4.474337544E-01  5.001684016E-01  5.282311797E-01  5.369463692E-01
  5.304724866E-01  5.147196590E-01  4.944058462E-01  4.752455924E-01  4.620312122E-01
  4.515012419E-01  4.569267804E-01  4.705897376E-01  4.899370282E-01  5.107080810E-01
  5.267701546E-01  5.328833655E-01  5.238234564E-01  4.947410611E-01  4.408277704E-01
  3.582590772E-01  2.483945559E-01  1.073466152E-01 -5.828000080E-02 -2.223435154E-01
 -3.664760278E-01 -4.801221022E-01 -5.534563393E-01 -5.786911259E-01 -5.534563393E-01
 -4.801221022E-01 -3.664760278E-01 -2.223435154E-01 -5.828000080E-02  1.073466152E-01
  2.483945559E-01  3.582590772E-01  4.408277704E-01  4.947410611E-01  5.238234564E-01
  5.328833655E-01  5.267701546E-01  5.107080810E-01  4.899370282E-01  4.705897376E-01
  4.569267804E-01  4.569266976E-01  4.620312122E-01  4.752455924E-01  4.944058462E-01
  5.147196590E-01  5.304724866E-01  5.369463692E-01  5.282311797E-01  5.001684016E-01
  4.474337544E-01  3.658482511E-01  2.586472290E-01  1.215159110E-01 -4.040096534E-02
 -2.024488377E-01 -3.450966133E-01 -4.561270860E-01 -5.281206898E-01 -5.534563393E-01
 -5.281206898E-01 -4.561270860E-01 -3.450966133E-01 -2.024488377E-01 -4.040096534E-02
  1.215159110E-01  2.586472290E-01  3.658482511E-01  4.474337544E-01  5.001684016E-01
  5.282311797E-01  5.369463692E-01  5.304724866E-01  5.147196590E-01  4.944058462E-01
  4.752455924E-01  4.620312122E-01  4.705894091E-01  4.752453468E-01  4.878800230E-01
  5.067759678E-01  5.267216314E-01  5.418755269E-01  5.485045342E-01  5.408213896E-01
  5.147078316E-01  4.657595613E-01  3.896160653E-01  2.894739356E-01  1.619349252E-01
  1.078077944E-02 -1.437150600E-01 -2.813253522E-01 -3.876035350E-01 -4.561270860E-01
 -4.801221022E-01 -4.561270860E-01 -3.876035350E-01 -2.813253522E-01 -1.437150600E-01
  1.078077944E-02  1.619349252E-01  2.894739356E-01  3.896160653E-01  4.657595613E-01
  5.147078316E-01  5.408213896E-01  5.485045342E-01  5.418755269E-01  5.267216314E-01
  5.067759678E-01  4.878800230E-01  4.752453468E-01  4.899362999E-01  4.944052008E-01
  5.067755680E-01  5.243283712E-01  5.432134470E-01  5.582778713E-01  5.656543520E-01
  5.606805458E-01  5.371406191E-01  4.933179807E-01  4.256056762E-01  3.347046509E-01
  2.220911759E-01  8.881129200E-02 -5.265348812E-02 -1.811971654E-01 -2.813253522E-01
 -3.450966133E-01 -3.664760278E-01 -3.450966133E-01 -2.813253522E-01 -1.811971654E-01
 -5.265348812E-02  8.881129200E-02  2.220911759E-01  3.347046509E-01  4.256056762E-01
  4.933179807E-01  5.371406191E-01  5.606805458E-01  5.656543520E-01  5.582778713E-01
  5.432134470E-01  5.243283712E-01  5.067755680E-01  4.944052008E-01  5.107068125E-01
  5.147184734E-01  5.267206914E-01  5.432129067E-01  5.612744852E-01  5.769043323E-01
  5.852364307E-01  5.831478295E-01  5.637132074E-01  5.267011401E-01  4.690772343E-01
  3.894144712E-01  2.938002175E-01  1.827968509E-01  6.150482319E-02 -5.265348812E-02
 -1.437150600E-01 -2.024488377E-01 -2.223435154E-01 -2.024488377E-01 -1.437150600E-01
 -5.265348812E-02  6.150482319E-02  1.827968509E-01  2.938002175E-01  3.894144712E-01
  4.690772343E-01  5.267011401E-01  5.637132074E-01  5.831478295E-01  5.852364307E-01
  5.769043323E-01  5.612744852E-01  5.432129067E-01  5.267206914E-01  5.147184734E-01
  5.267682238E-01  5.304706386E-01  5.418739242E-01  5.582766680E-01  5.769036690E-01
  5.939375243E-01  6.041586330E-01  6.050405294E-01  5.907997666E-01  5.613251287E-01
  5.155020205E-01  4.499960819E-01  3.692296197E-01  2.788324775E-01  1.827968509E-01
  8.881129200E-02  1.078077944E-02 -4.040096534E-02 -5.828000080E-02 -4.040096534E-02
  1.078077944E-02  8.881129200E-02  1.827968509E-01  2.788324775E-01  3.692296197E-01
  4.499960819E-01  5.155020205E-01  5.613251287E-01  5.907997666E-01  6.050405294E-01
  6.041586330E-01  5.939375243E-01  5.769036690E-01  5.582766680E-01  5.418739242E-01
  5.304706386E-01  5.328806718E-01  5.369437581E-01  5.485021680E-01  5.656523845E-01
  5.852350025E-01  6.041578677E-01  6.178683160E-01  6.227103767E-01  6.152794146E-01
  5.937801463E-01  5.580971481E-01  5.071242009E-01  4.423746052E-01  3.692296197E-01
  2.938002175E-01  2.220911759E-01  1.619349252E-01  1.215159110E-01  1.073466152E-01
  1.215159110E-01  1.619349252E-01  2.220911759E-01  2.938002175E-01  3.692296197E-01
  4.423746052E-01  5.071242009E-01  5.580971481E-01  5.937801463E-01  6.152794146E-01
  6.227103767E-01  6.178683160E-01  6.041578677E-01  5.852350025E-01  5.656523845E-01
  5.485021680E-01  5.369437581E-01  5.238199239E-01  5.282277295E-01  5.408181835E-01
  5.606777373E-01  5.831455591E-01  6.050389208E-01  6.227095328E-01  6.319750475E-01
  6.325485078E-01  6.207202692E-01  5.945451661E-01  5.558991309E-01  5.071242009E-01
  4.499960819E-01  3.894144712E-01  3.347046509E-01  2.894739356E-01  2.586472290E-01
  2.483945559E-01  2.586472290E-01  2.894739356E-01  3.347046509E-01  3.894144712E-01
  4.499960819E-01  5.071242009E-01  5.558991309E-01  5.945451661E-01  6.207202692E-01
  6.325485078E-01  6.319750475E-01  6.227095328E-01  6.050389208E-01  5.831455591E-01
  5.606777373E-01  5.408181835E-01  5.282277295E-01  4.947366413E-01  5.001640637E-01
  5.147037365E-01  5.371369197E-01  5.637100442E-01  5.907972634E-01  6.152776748E-01
  6.325476111E-01  6.407901139E-01  6.373464167E-01  6.217235122E-01  5.945451661E-01
  5.580971481E-01  5.155020205E-01  4.690772343E-01  4.256056762E-01  3.896160653E-01
  3.658482511E-01  3.582590772E-01  3.658482511E-01  3.896160653E-01  4.256056762E-01
  4.690772343E-01  5.155020205E-01  5.580971481E-01  5.945451661E-01  6.217235122E-01
  6.373464167E-01  6.407901139E-01  6.325476111E-01  6.152776748E-01  5.907972634E-01
  5.637100442E-01  5.371369197E-01  5.147037365E-01  5.001640637E-01  4.408224448E-01
  4.474285099E-01  4.657545574E-01  4.933133697E-01  5.266970620E-01  5.613217075E-01
  5.937774859E-01  6.207184500E-01  6.373454934E-01  6.424078006E-01  6.373464167E-01
  6.207202692E-01  5.937801463E-01  5.613251287E-01  5.267011401E-01  4.933179807E-01
  4.657595613E-01  4.474337544E-01  4.408277704E-01  4.474337544E-01  4.657595613E-01
  4.933179807E-01  5.267011401E-01  5.613251287E-01  5.937801463E-01  6.207202692E-01
  6.373464167E-01  6.424078006E-01  6.373454934E-01  6.207184500E-01  5.937774859E-01
  5.613217075E-01  5.266970620E-01  4.933133697E-01  4.657545574E-01  4.474285099E-01
  3.582528592E-01  3.658421130E-01  3.896101644E-01  4.256001632E-01  4.690722488E-01
  5.154976868E-01  5.580935709E-01  5.945424268E-01  6.217216665E-01  6.373454934E-01
  6.407901139E-01  6.325485078E-01  6.152794146E-01  5.907997666E-01  5.637132074E-01
  5.371406191E-01  5.147078316E-01  5.001684016E-01  4.947410611E-01  5.001684016E-01
  5.147078316E-01  5.371406191E-01  5.637132074E-01  5.907997666E-01  6.152794146E-01
  6.325485078E-01  6.407901139E-01  6.373454934E-01  6.217216665E-01  5.945424268E-01
  5.580935709E-01  5.154976868E-01  4.690722488E-01  4.256001632E-01  3.896101644E-01
  3.658421130E-01  2.483874915E-01  2.586402426E-01  2.894671811E-01  3.346982766E-01
  3.894086159E-01  4.499908702E-01  5.071197388E-01  5.558955015E-01  5.945424268E-01
  6.207184500E-01  6.325476111E-01  6.319750475E-01  6.227103767E-01  6.050405294E-01
  5.831478295E-01  5.606805458E-01  5.408213896E-01  5.282311797E-01  5.238234564E-01
  5.282311797E-01  5.408213896E-01  5.606805458E-01  5.831478295E-01  6.050405294E-01
  6.227103767E-01  6.319750475E-01  6.325476111E-01  6.207184500E-01  5.945424268E-01
  5.558955015E-01  5.071197388E-01  4.499908702E-01  3.894086159E-01  3.346982766E-01
  2.894671811E-01  2.586402426E-01  1.073387814E-01  1.215081523E-01  1.619273908E-01
  2.220840107E-01  2.937935590E-01  3.692235931E-01  4.423693181E-01  5.071197388E-01
  5.580935709E-01  5.937774859E-01  6.152776748E-01  6.227095328E-01  6.178683160E-01
  6.041586330E-01  5.852364307E-01  5.656543520E-01  5.485045342E-01  5.369463692E-01
  5.328833655E-01  5.369463692E-01  5.485045342E-01  5.656543520E-01  5.852364307E-01
  6.041586330E-01  6.178683160E-01  6.227095328E-01  6.152776748E-01  5.937774859E-01
  5.580935709E-01  5.071197388E-01  4.423693181E-01  3.692235931E-01  2.937935590E-01
  2.220840107E-01  1.619273908E-01  1.215081523E-01 -5.828850140E-02 -4.040939440E-02
  1.077256456E-02  8.880343202E-02  1.827894815E-01  2.788257245E-01  3.692235931E-01
  4.499908702E-01  5.154976868E-01  5.613217075E-01  5.907972634E-01  6.050389208E-01
  6.041578677E-01  5.939375243E-01  5.769043323E-01  5.582778713E-01  5.418755269E-01
  5.304724866E-01  5.267701546E-01  5.304724866E-01  5.418755269E-01  5.582778713E-01
  5.769043323E-01  5.939375243E-01  6.041578677E-01  6.050389208E-01  5.907972634E-01
  5.613217075E-01  5.154976868E-01  4.499908702E-01  3.692235931E-01  2.788257245E-01
  1.827894815E-01  8.880343202E-02  1.077256456E-02 -4.040939440E-02 -2.223525625E-01
 -2.024578175E-01 -1.437238373E-01 -5.266192732E-02  6.149685563E-02  1.827894815E-01
  2.937935590E-01  3.894086159E-01  4.690722488E-01  5.266970620E-01  5.637100442E-01
  5.831455591E-01  5.852350025E-01  5.769036690E-01  5.612744852E-01  5.432134470E-01
  5.267216314E-01  5.147196590E-01  5.107080810E-01  5.147196590E-01  5.267216314E-01
  5.432134470E-01  5.612744852E-01  5.769036690E-01  5.852350025E-01  5.831455591E-01
  5.637100442E-01  5.266970620E-01  4.690722488E-01  3.894086159E-01  2.937935590E-01
  1.827894815E-01  6.149685563E-02 -5.266192732E-02 -1.437238373E-01 -2.024578175E-01
 -3.664854933E-01 -3.451060158E-01 -2.813345641E-01 -1.812060566E-01 -5.266192732E-02
  8.880343202E-02  2.220840107E-01  3.346982766E-01  4.256001632E-01  4.933133697E-01
  5.371369197E-01  5.606777373E-01  5.656523845E-01  5.582766680E-01  5.432129067E-01
  5.243283712E-01  5.067759678E-01  4.944058462E-01  4.899370282E-01  4.944058462E-01
  5.067759678E-01  5.243283712E-01  5.432129067E-01  5.582766680E-01  5.656523845E-01
  5.606777373E-01  5.371369197E-01  4.933133697E-01  4.256001632E-01  3.346982766E-01
  2.220840107E-01  8.880343202E-02 -5.266192732E-02 -1.812060566E-01 -2.813345641E-01
 -3.451060158E-01 -4.801318589E-01 -4.561367834E-01 -3.876130524E-01 -2.813345641E-01
 -1.437238373E-01  1.077256456E-02  1.619273908E-01  2.894671811E-01  3.896101644E-01
  4.657545574E-01  5.147037365E-01  5.408181835E-01  5.485021680E-01  5.418739242E-01
  5.267206914E-01  5.067755680E-01  4.878800230E-01  4.752455924E-01  4.705897376E-01
  4.752455924E-01  4.878800230E-01  5.067755680E-01  5.267206914E-01  5.418739242E-01
  5.485021680E-01  5.408181835E-01  5.147037365E-01  4.657545574E-01  3.896101644E-01
  2.894671811E-01  1.619273908E-01  1.077256456E-02 -1.437238373E-01 -2.813345641E-01
 -3.876130524E-01 -4.561367834E-01 -5.534662663E-01 -5.281305600E-01 -4.561367834E-01
 -3.451060158E-01 -2.024578175E-01 -4.040939440E-02  1.215081523E-01  2.586402426E-01
  3.658421130E-01  4.474285099E-01  5.001640637E-01  5.282277295E-01  5.369437581E-01
  5.304706386E-01  5.147184734E-01  4.944052008E-01  4.752453468E-01  4.620312122E-01
  4.569267804E-01  4.620312122E-01  4.752453468E-01  4.944052008E-01  5.147184734E-01
  5.304706386E-01  5.369437581E-01  5.282277295E-01  5.001640637E-01  4.474285099E-01
  3.658421130E-01  2.586402426E-01  1.215081523E-01 -4.040939440E-02 -2.024578175E-01
 -3.451060158E-01 -4.561367834E-01 -5.281305600E-01 -2.396414617E-01 -2.196836856E-01
 -1.617021364E-01 -7.103223910E-02  4.166179446E-02  1.603484313E-01  2.683764814E-01
  3.582528592E-01  4.290596976E-01  4.737776635E-01  4.940915893E-01  4.947377653E-01
  4.760104264E-01  4.435081912E-01  4.025245251E-01  3.607380686E-01  3.254078930E-01
  3.014052567E-01  2.928855422E-01  3.014052567E-01  3.254078930E-01  3.607380686E-01
  4.025245251E-01  4.435081912E-01  4.760104264E-01  4.947377653E-01  4.940915893E-01
  4.737776635E-01  4.290596976E-01  3.582528592E-01  2.683764814E-01  1.603484313E-01
  4.166179446E-02 -7.103223910E-02 -1.617021364E-01 -2.196836856E-01 -2.196836856E-01
 -1.998169259E-01 -1.426146690E-01 -5.336511509E-02  5.753612844E-02  1.735583763E-01
  2.787986494E-01  3.658421130E-01  4.346460023E-01  4.794842610E-01  4.998223891E-01
  5.001651832E-01  4.815459053E-01  4.490893949E-01  4.088899137E-01  3.681932147E-01
  3.333448271E-01  3.096794690E-01  3.014053351E-01  3.096794690E-01  3.333448271E-01
  3.681932147E-01  4.088899137E-01  4.490893949E-01  4.815459053E-01  5.001651832E-01
  4.998223891E-01  4.794842610E-01  4.346460023E-01  3.658421130E-01  2.787986494E-01
  1.735583763E-01  5.753612844E-02 -5.336511509E-02 -1.426146690E-01 -1.998169259E-01
 -1.617021364E-01 -1.426146690E-01 -8.766855167E-02 -2.410545153E-03  1.019000425E-01
  2.090120618E-01  3.070274160E-01  3.896101644E-01  4.542195016E-01  4.960773589E-01
  5.148701285E-01  5.147048425E-01  4.969904397E-01  4.662472037E-01  4.279618144E-01
  3.892109533E-01  3.560286050E-01  3.333450592E-01  3.254082035E-01  3.333450592E-01
  3.560286050E-01  3.892109533E-01  4.279618144E-01  4.662472037E-01  4.969904397E-01
  5.147048425E-01  5.148701285E-01  4.960773589E-01  4.542195016E-01  3.896101644E-01
  3.070274160E-01  2.090120618E-01  1.019000425E-01 -2.410545153E-03 -8.766855167E-02
 -1.426146690E-01 -7.103223910E-02 -5.336511509E-02 -2.410545153E-03  7.542472273E-02
  1.683487551E-01  2.626584525E-01  3.500717521E-01  4.256001632E-01  4.840942064E-01
  5.208963803E-01  5.379015235E-01  5.371380028E-01  5.202352032E-01  4.922366968E-01
  4.561065964E-01  4.196289531E-01  3.892113299E-01  3.681938235E-01  3.607387557E-01
  3.681938235E-01  3.892113299E-01  4.196289531E-01  4.561065964E-01  4.922366968E-01
  5.202352032E-01  5.371380028E-01  5.379015235E-01  5.208963803E-01  4.840942064E-01
  4.256001632E-01  3.500717521E-01  2.626584525E-01  1.683487551E-01  7.542472273E-02
 -2.410545153E-03 -5.336511509E-02  4.166179446E-02  5.753612844E-02  1.019000425E-01
  1.683487551E-01  2.466818929E-01  3.270282921E-01  4.034724615E-01  4.690722488E-01
  5.190648613E-01  5.513380298E-01  5.664027217E-01  5.637110947E-01  5.470253285E-01
  5.215702221E-01  4.889991405E-01  4.561071035E-01  4.279626980E-01  4.088910292E-01
  4.025257189E-01  4.088910292E-01  4.279626980E-01  4.561071035E-01  4.889991405E-01
  5.215702221E-01  5.470253285E-01  5.637110947E-01  5.664027217E-01  5.513380298E-01
  5.190648613E-01  4.690722488E-01  4.034724615E-01  3.270282921E-01  2.466818929E-01
  1.683487551E-01  1.019000425E-01  5.753612844E-02  1.603484313E-01  1.735583763E-01
  2.090120618E-01  2.626584525E-01  3.270282921E-01  3.937725110E-01  4.594227798E-01
  5.154976868E-01  5.565135150E-01  5.832327285E-01  5.951033474E-01  5.907982715E-01
  5.750325882E-01  5.510143709E-01  5.215708421E-01  4.922378234E-01  4.662487062E-01
  4.490911288E-01  4.435100033E-01  4.490911288E-01  4.662487062E-01  4.922378234E-01
  5.215708421E-01  5.510143709E-01  5.750325882E-01  5.907982715E-01  5.951033474E-01
  5.832327285E-01  5.565135150E-01  5.154976868E-01  4.594227798E-01  3.937725110E-01
  3.270282921E-01  2.626584525E-01  2.090120618E-01  1.735583763E-01  2.683764814E-01
  2.787986494E-01  3.070274160E-01  3.500717521E-01  4.034724615E-01  4.594227798E-01
  5.125903996E-01  5.580935709E-01  5.917623323E-01  6.131257850E-01  6.211949113E-01
  6.152786313E-01  5.993483108E-01  5.750333009E-01  5.470266605E-01  5.202370407E-01
  4.969926519E-01  4.815483480E-01  4.760129469E-01  4.815483480E-01  4.969926519E-01
  5.202370407E-01  5.470266605E-01  5.750333009E-01  5.993483108E-01  6.152786313E-01
  6.211949113E-01  6.131257850E-01  5.917623323E-01  5.580935709E-01  5.125903996E-01
  4.594227798E-01  4.034724615E-01  3.500717521E-01  3.070274160E-01  2.787986494E-01
  3.582528592E-01  3.658421130E-01  3.896101644E-01  4.256001632E-01  4.690722488E-01
  5.154976868E-01  5.580935709E-01  5.945424268E-01  6.217216665E-01  6.373454934E-01
  6.407901139E-01  6.325485078E-01  6.152794146E-01  5.907997666E-01  5.637132074E-01
  5.371406191E-01  5.147078316E-01  5.001684016E-01  4.947410611E-01  5.001684016E-01
  5.147078316E-01  5.371406191E-01  5.637132074E-01  5.907997666E-01  6.152794146E-01
  6.325485078E-01  6.407901139E-01  6.373454934E-01  6.217216665E-01  5.945424268E-01
  5.580935709E-01  5.154976868E-01  4.690722488E-01  4.256001632E-01  3.896101644E-01
  3.658421130E-01  4.290596976E-01  4.346460023E-01  4.542195016E-01  4.840942064E-01
  5.190648613E-01  5.565135150E-01  5.917623323E-01  6.217216665E-01  6.424383585E-01
  6.524784206E-01  6.515429382E-01  6.407909444E-01  6.211965240E-01  5.951056698E-01
  5.664056590E-01  5.379049616E-01  5.148739368E-01  4.998264249E-01  4.940957019E-01
  4.998264249E-01  5.148739368E-01  5.379049616E-01  5.664056590E-01  5.951056698E-01
  6.211965240E-01  6.407909444E-01  6.515429382E-01  6.524784206E-01  6.424383585E-01
  6.217216665E-01  5.917623323E-01  5.565135150E-01  5.190648613E-01  4.840942064E-01
  4.542195016E-01  4.346460023E-01  4.737776635E-01  4.794842610E-01  4.960773589E-01
  5.208963803E-01  5.513380298E-01  5.832327285E-01  6.131257850E-01  6.373454934E-01
  6.524784206E-01  6.578993407E-01  6.524792747E-01  6.373471767E-01  6.131282480E-01
  5.832358977E-01  5.513418100E-01  5.209006572E-01  4.960820025E-01  4.794891296E-01
  4.737826079E-01  4.794891296E-01  4.960820025E-01  5.209006572E-01  5.513418100E-01
  5.832358977E-01  6.131282480E-01  6.373471767E-01  6.524792747E-01  6.578993407E-01
  6.524784206E-01  6.373454934E-01  6.131257850E-01  5.832327285E-01  5.513380298E-01
  5.208963803E-01  4.960773589E-01  4.794842610E-01  4.940915893E-01  4.998223891E-01
  5.148701285E-01  5.379015235E-01  5.664027217E-01  5.951033474E-01  6.211949113E-01
  6.407901139E-01  6.515429382E-01  6.524792747E-01  6.424400654E-01  6.217241999E-01
  5.917656412E-01  5.565175250E-01  5.190694765E-01  4.840993125E-01  4.542249694E-01
  4.346516916E-01  4.290654616E-01  4.346516916E-01  4.542249694E-01  4.840993125E-01
  5.190694765E-01  5.565175250E-01  5.917656412E-01  6.217241999E-01  6.424400654E-01
  6.524792747E-01  6.515429382E-01  6.407901139E-01  6.211949113E-01  5.951033474E-01
  5.664027217E-01  5.379015235E-01  5.148701285E-01  4.998223891E-01  4.947377653E-01
  5.001651832E-01  5.147048425E-01  5.371380028E-01  5.637110947E-01  5.907982715E-01
  6.152786313E-01  6.325485078E-01  6.407909444E-01  6.373471767E-01  6.217241999E-01
  5.945457822E-01  5.580976959E-01  5.155025057E-01  4.690776649E-01  4.256060623E-01
  3.896164183E-01  3.658485836E-01  3.582594028E-01  3.658485836E-01  3.896164183E-01
  4.256060623E-01  4.690776649E-01  5.155025057E-01  5.580976959E-01  5.945457822E-01
  6.217241999E-01  6.373471767E-01  6.407909444E-01  6.325485078E-01  6.152786313E-01
  5.907982715E-01  5.637110947E-01  5.371380028E-01  5.147048425E-01  5.001651832E-01
  4.760104264E-01  4.815459053E-01  4.969904397E-01  5.202352032E-01  5.470253285E-01
  5.750325882E-01  5.993483108E-01  6.152794146E-01  6.211965240E-01  6.131282480E-01
  5.917656412E-01  5.580976959E-01  5.125952865E-01  4.594283511E-01  4.034786196E-01
  3.500783826E-01  3.070343921E-01  2.788058360E-01  2.683837386E-01  2.788058360E-01
  3.070343921E-01  3.500783826E-01  4.034786196E-01  4.594283511E-01  5.125952865E-01
  5.580976959E-01  5.917656412E-01  6.131282480E-01  6.211965240E-01  6.152794146E-01
  5.993483108E-01  5.750325882E-01  5.470253285E-01  5.202352032E-01  4.969904397E-01
  4.815459053E-01  4.435081912E-01  4.490893949E-01  4.662472037E-01  4.922366968E-01
  5.215702221E-01  5.510143709E-01  5.750333009E-01  5.907997666E-01  5.951056698E-01
  5.832358977E-01  5.565175250E-01  5.155025057E-01  4.594283511E-01  3.937787553E-01
  3.270351103E-01  2.626657302E-01  2.090196739E-01  1.735661912E-01  1.603563142E-01
  1.735661912E-01  2.090196739E-01  2.626657302E-01  3.270351103E-01  3.937787553E-01
  4.594283511E-01  5.155025057E-01  5.565175250E-01  5.832358977E-01  5.951056698E-01
  5.907997666E-01  5.750333009E-01  5.510143709E-01  5.215702221E-01  4.922366968E-01
  4.662472037E-01  4.490893949E-01  4.025245251E-01  4.088899137E-01  4.279618144E-01
  4.561065964E-01  4.889991405E-01  5.215708421E-01  5.470266605E-01  5.637132074E-01
  5.664056590E-01  5.513418100E-01  5.190694765E-01  4.690776649E-01  4.034786196E-01
  3.270351103E-01  2.466892707E-01  1.683565779E-01  1.019081871E-01  5.754446716E-02
  4.167019801E-02  5.754446716E-02  1.019081871E-01  1.683565779E-01  2.466892707E-01
  3.270351103E-01  4.034786196E-01  4.690776649E-01  5.190694765E-01  5.513418100E-01
  5.664056590E-01  5.637132074E-01  5.470266605E-01  5.215708421E-01  4.889991405E-01
  4.561065964E-01  4.279618144E-01  4.088899137E-01  3.607380686E-01  3.681932147E-01
  3.892109533E-01  4.196289531E-01  4.561071035E-01  4.922378234E-01  5.202370407E-01
  5.371406191E-01  5.379049616E-01  5.209006572E-01  4.840993125E-01  4.256060623E-01
  3.500783826E-01  2.626657302E-01  1.683565779E-01  7.543297599E-02 -2.401982802E-03
 -5.335636733E-02 -7.102342963E-02 -5.335636733E-02 -2.401982802E-03  7.543297599E-02
  1.683565779E-01  2.626657302E-01  3.500783826E-01  4.256060623E-01  4.840993125E-01
  5.209006572E-01  5.379049616E-01  5.371406191E-01  5.202370407E-01  4.922378234E-01
  4.561071035E-01  4.196289531E-01  3.892109533E-01  3.681932147E-01  3.254078930E-01
  3.333448271E-01  3.560286050E-01  3.892113299E-01  4.279626980E-01  4.662487062E-01
  4.969926519E-01  5.147078316E-01  5.148739368E-01  4.960820025E-01  4.542249694E-01
  3.896164183E-01  3.070343921E-01  2.090196739E-01  1.019081871E-01 -2.401982802E-03
 -8.765969128E-02 -1.426056308E-01 -1.616930392E-01 -1.426056308E-01 -8.765969128E-02
 -2.401982802E-03  1.019081871E-01  2.090196739E-01  3.070343921E-01  3.896164183E-01
  4.542249694E-01  4.960820025E-01  5.148739368E-01  5.147078316E-01  4.969926519E-01
  4.662487062E-01  4.279626980E-01  3.892113299E-01  3.560286050E-01  3.333448271E-01
  3.014052567E-01  3.096794690E-01  3.333450592E-01  3.681938235E-01  4.088910292E-01
  4.490911288E-01  4.815483480E-01  5.001684016E-01  4.998264249E-01  4.794891296E-01
  4.346516916E-01  3.658485836E-01  2.788058360E-01  1.735661912E-01  5.754446716E-02
 -5.335636733E-02 -1.426056308E-01 -1.998077151E-01 -2.196744176E-01 -1.998077151E-01
 -1.426056308E-01 -5.335636733E-02  5.754446716E-02  1.735661912E-01  2.788058360E-01
  3.658485836E-01  4.346516916E-01  4.794891296E-01  4.998264249E-01  5.001684016E-01
  4.815483480E-01  4.490911288E-01  4.088910292E-01  3.681938235E-01  3.333450592E-01
  3.096794690E-01  2.928855422E-01  3.014053351E-01  3.254082035E-01  3.607387557E-01
  4.025257189E-01  4.435100033E-01  4.760129469E-01  4.947410611E-01  4.940957019E-01
  4.737826079E-01  4.290654616E-01  3.582594028E-01  2.683837386E-01  1.603563142E-01
  4.167019801E-02 -7.102342963E-02 -1.616930392E-01 -2.196744176E-01 -2.396321372E-01
 -2.196744176E-01 -1.616930392E-01 -7.102342963E-02  4.167019801E-02  1.603563142E-01
  2.683837386E-01  3.582594028E-01  4.290654616E-01  4.737826079E-01  4.940957019E-01
  4.947410611E-01  4.760129469E-01  4.435100033E-01  4.025257189E-01  3.607387557E-01
  3.254082035E-01  3.014053351E-01  3.014052567E-01  3.096794690E-01  3.333450592E-01
  3.681938235E-01  4.088910292E-01  4.490911288E-01  4.815483480E-01  5.001684016E-01
  4.998264249E-01  4.794891296E-01  4.346516916E-01  3.658485836E-01  2.788058360E-01
  1.735661912E-01  5.754446716E-02 -5.335636733E-02 -1.426056308E-01 -1.998077151E-01
 -2.196744176E-01 -1.998077151E-01 -1.426056308E-01 -5.335636733E-02  5.754446716E-02
  1.735661912E-01  2.788058360E-01  3.658485836E-01  4.346516916E-01  4.794891296E-01
  4.998264249E-01  5.001684016E-01  4.815483480E-01  4.490911288E-01  4.088910292E-01
  3.681938235E-01  3.333450592E-01  3.096794690E-01  3.254078930E-01  3.333448271E-01
  3.560286050E-01  3.892113299E-01  4.279626980E-01  4.662487062E-01  4.969926519E-01
  5.147078316E-01  5.148739368E-01  4.960820025E-01  4.542249694E-01  3.896164183E-01
  3.070343921E-01  2.090196739E-01  1.019081871E-01 -2.401982802E-03 -8.765969128E-02
 -1.426056308E-01 -1.616930392E-01 -1.426056308E-01 -8.765969128E-02 -2.401982802E-03
  1.019081871E-01  2.090196739E-01  3.070343921E-01  3.896164183E-01  4.542249694E-01
  4.960820025E-01  5.148739368E-01  5.147078316E-01  4.969926519E-01  4.662487062E-01
  4.279626980E-01  3.892113299E-01  3.560286050E-01  3.333448271E-01  3.607380686E-01
  3.681932147E-01  3.892109533E-01  4.196289531E-01  4.561071035E-01  4.922378234E-01
  5.202370407E-01  5.371406191E-01  5.379049616E-01  5.209006572E-01  4.840993125E-01
  4.256060623E-01  3.500783826E-01  2.626657302E-01  1.683565779E-01  7.543297599E-02
 -2.401982802E-03 -5.335636733E-02 -7.102342963E-02 -5.335636733E-02 -2.401982802E-03
  7.543297599E-02  1.683565779E-01  2.626657302E-01  3.500783826E-01  4.256060623E-01
  4.840993125E-01  5.209006572E-01  5.379049616E-01  5.371406191E-01  5.202370407E-01
  4.922378234E-01  4.561071035E-01  4.196289531E-01  3.892109533E-01  3.681932147E-01
  4.025245251E-01  4.088899137E-01  4.279618144E-01  4.561065964E-01  4.889991405E-01
  5.215708421E-01  5.470266605E-01  5.637132074E-01  5.664056590E-01  5.513418100E-01
  5.190694765E-01  4.690776649E-01  4.034786196E-01  3.270351103E-01  2.466892707E-01
  1.683565779E-01  1.019081871E-01  5.754446716E-02  4.167019801E-02  5.754446716E-02
  1.019081871E-01  1.683565779E-01  2.466892707E-01  3.270351103E-01  4.034786196E-01
  4.690776649E-01  5.190694765E-01  5.513418100E-01  5.664056590E-01  5.637132074E-01
  5.470266605E-01  5.215708421E-01  4.889991405E-01  4.561065964E-01  4.279618144E-01
  4.088899137E-01  4.435081912E-01  4.490893949E-01  4.662472037E-01  4.922366968E-01
  5.215702221E-01  5.510143709E-01  5.750333009E-01  5.907997666E-01  5.951056698E-01
  5.832358977E-01  5.565175250E-01  5.155025057E-01  4.594283511E-01  3.937787553E-01
  3.270351103E-01  2.626657302E-01  2.090196739E-01  1.735661912E-01  1.603563142E-01
  1.735661912E-01  2.090196739E-01  2.626657302E-01  3.270351103E-01  3.937787553E-01
  4.594283511E-01  5.155025057E-01  5.565175250E-01  5.832358977E-01  5.951056698E-01
  5.907997666E-01  5.750333009E-01  5.510143709E-01  5.215702221E-01  4.922366968E-01
  4.662472037E-01  4.490893949E-01  4.760104264E-01  4.815459053E-01  4.969904397E-01
  5.202352032E-01  5.470253285E-01  5.750325882E-01  5.993483108E-01  6.152794146E-01
  6.211965240E-01  6.131282480E-01  5.917656412E-01  5.580976959E-01  5.125952865E-01
  4.594283511E-01  4.034786196E-01  3.500783826E-01  3.070343921E-01  2.788058360E-01
  2.683837386E-01  2.788058360E-01  3.070343921E-01  3.500783826E-01  4.034786196E-01
  4.594283511E-01  5.125952865E-01  5.580976959E-01  5.917656412E-01  6.131282480E-01
  6.211965240E-01  6.152794146E-01  5.993483108E-01  5.750325882E-01  5.470253285E-01
  5.202352032E-01  4.969904397E-01  4.815459053E-01  4.947377653E-01  5.001651832E-01
  5.147048425E-01  5.371380028E-01  5.637110947E-01  5.907982715E-01  6.152786313E-01
  6.325485078E-01  6.407909444E-01  6.373471767E-01  6.217241999E-01  5.945457822E-01
  5.580976959E-01  5.155025057E-01  4.690776649E-01  4.256060623E-01  3.896164183E-01
  3.658485836E-01  3.582594028E-01  3.658485836E-01  3.896164183E-01  4.256060623E-01
  4.690776649E-01  5.155025057E-01  5.580976959E-01  5.945457822E-01  6.217241999E-01
  6.373471767E-01  6.407909444E-01  6.325485078E-01  6.152786313E-01  5.907982715E-01
  5.637110947E-01  5.371380028E-01  5.147048425E-01  5.001651832E-01  4.940915893E-01
  4.998223891E-01  5.148701285E-01  5.379015235E-01  5.664027217E-01  5.951033474E-01
  6.211949113E-01  6.407901139E-01  6.515429382E-01  6.524792747E-01  6.424400654E-01
  6.217241999E-01  5.917656412E-01  5.565175250E-01  5.190694765E-01  4.840993125E-01
  4.542249694E-01  4.346516916E-01  4.290654616E-01  4.346516916E-01  4.542249694E-01
  4.840993125E-01  5.190694765E-01  5.565175250E-01  5.917656412E-01  6.217241999E-01
  6.424400654E-01  6.524792747E-01  6.515429382E-01  6.407901139E-01  6.211949113E-01
  5.951033474E-01  5.664027217E-01  5.379015235E-01  5.148701285E-01  4.998223891E-01
  4.737776635E-01  4.794842610E-01  4.960773589E-01  5.208963803E-01  5.513380298E-01
  5.832327285E-01  6.131257850E-01  6.373454934E-01  6.524784206E-01  6.578993407E-01
  6.524792747E-01  6.373471767E-01  6.131282480E-01  5.832358977E-01  5.513418100E-01
  5.209006572E-01  4.960820025E-01  4.794891296E-01  4.737826079E-01  4.794891296E-01
  4.960820025E-01  5.209006572E-01  5.513418100E-01  5.832358977E-01  6.131282480E-01
  6.373471767E-01  6.524792747E-01  6.578993407E-01  6.524784206E-01  6.373454934E-01
  6.131257850E-01  5.832327285E-01  5.513380298E-01  5.208963803E-01  4.960773589E-01
  4.794842610E-01  4.290596976E-01  4.346460023E-01  4.542195016E-01  4.840942064E-01
  5.190648613E-01  5.565135150E-01  5.917623323E-01  6.217216665E-01  6.424383585E-01
  6.524784206E-01  6.515429382E-01  6.407909444E-01  6.211965240E-01  5.951056698E-01
  5.664056590E-01  5.379049616E-01  5.148739368E-01  4.998264249E-01  4.940957019E-01
  4.998264249E-01  5.148739368E-01  5.379049616E-01  5.664056590E-01  5.951056698E-01
  6.211965240E-01  6.407909444E-01  6.515429382E-01  6.524784206E-01  6.424383585E-01
  6.217216665E-01  5.917623323E-01  5.565135150E-01  5.190648613E-01  4.840942064E-01
  4.542195016E-01  4.346460023E-01  3.582528592E-01  3.658421130E-01  3.896101644E-01
  4.256001632E-01  4.690722488E-01  5.154976868E-01  5.580935709E-01  5.945424268E-01
  6.217216665E-01  6.373454934E-01  6.407901139E-01  6.325485078E-01  6.152794146E-01
  5.907997666E-01  5.637132074E-01  5.371406191E-01  5.147078316E-01  5.001684016E-01
  4.947410611E-01  5.001684016E-01  5.147078316E-01  5.371406191E-01  5.637132074E-01
  5.907997666E-01  6.152794146E-01  6.325485078E-01  6.407901139E-01  6.373454934E-01
  6.217216665E-01  5.945424268E-01  5.580935709E-01  5.154976868E-01  4.690722488E-01
  4.256001632E-01  3.896101644E-01  3.658421130E-01  2.683764814E-01  2.787986494E-01
  3.070274160E-01  3.500717521E-01  4.034724615E-01  4.594227798E-01  5.125903996E-01
  5.580935709E-01  5.917623323E-01  6.131257850E-01  6.211949113E-01  6.152786313E-01
  5.993483108E-01  5.750333009E-01  5.470266605E-01  5.202370407E-01  4.969926519E-01
  4.815483480E-01  4.760129469E-01  4.815483480E-01  4.969926519E-01  5.202370407E-01
  5.470266605E-01  5.750333009E-01  5.993483108E-01  6.152786313E-01  6.211949113E-01
  6.131257850E-01  5.917623323E-01  5.580935709E-01  5.125903996E-01  4.594227798E-01
  4.034724615E-01  3.500717521E-01  3.070274160E-01  2.787986494E-01  1.603484313E-01
  1.735583763E-01  2.090120618E-01  2.626584525E-01  3.270282921E-01  3.937725110E-01
  4.594227798E-01  5.154976868E-01  5.565135150E-01  5.832327285E-01  5.951033474E-01
  5.907982715E-01  5.750325882E-01  5.510143709E-01  5.215708421E-01  4.922378234E-01
  4.662487062E-01  4.490911288E-01  4.435100033E-01  4.490911288E-01  4.662487062E-01
  4.922378234E-01  5.215708421E-01  5.510143709E-01  5.750325882E-01  5.907982715E-01
  5.951033474E-01  5.832327285E-01  5.565135150E-01  5.154976868E-01  4.594227798E-01
  3.937725110E-01  3.270282921E-01  2.626584525E-01  2.090120618E-01  1.735583763E-01
  4.166179446E-02  5.753612844E-02  1.019000425E-01  1.683487551E-01  2.466818929E-01
  3.270282921E-01  4.034724615E-01  4.690722488E-01  5.190648613E-01  5.513380298E-01
  5.664027217E-01  5.637110947E-01  5.470253285E-01  5.215702221E-01  4.889991405E-01
  4.561071035E-01  4.279626980E-01  4.088910292E-01  4.025257189E-01  4.088910292E-01
  4.279626980E-01  4.561071035E-01  4.889991405E-01  5.215702221E-01  5.470253285E-01
  5.637110947E-01  5.664027217E-01  5.513380298E-01  5.190648613E-01  4.690722488E-01
  4.034724615E-01  3.270282921E-01  2.466818929E-01  1.683487551E-01  1.019000425E-01
  5.753612844E-02 -7.103223910E-02 -5.336511509E-02 -2.410545153E-03  7.542472273E-02
  1.683487551E-01  2.626584525E-01  3.500717521E-01  4.256001632E-01  4.840942064E-01
  5.208963803E-01  5.379015235E-01  5.371380028E-01  5.202352032E-01  4.922366968E-01
  4.561065964E-01  4.196289531E-01  3.892113299E-01  3.681938235E-01  3.607387557E-01
  3.681938235E-01  3.892113299E-01  4.196289531E-01  4.561065964E-01  4.922366968E-01
  5.202352032E-01  5.371380028E-01  5.379015235E-01  5.208963803E-01  4.840942064E-01
  4.256001632E-01  3.500717521E-01  2.626584525E-01  1.683487551E-01  7.542472273E-02
 -2.410545153E-03 -5.336511509E-02 -1.617021364E-01 -1.426146690E-01 -8.766855167E-02
 -2.410545153E-03  1.019000425E-01  2.090120618E-01  3.070274160E-01  3.896101644E-01
  4.542195016E-01  4.960773589E-01  5.148701285E-01  5.147048425E-01  4.969904397E-01
  4.662472037E-01  4.279618144E-01  3.892109533E-01  3.560286050E-01  3.333450592E-01
  3.254082035E-01  3.333450592E-01  3.560286050E-01  3.892109533E-01  4.279618144E-01
  4.662472037E-01  4.969904397E-01  5.147048425E-01  5.148701285E-01  4.960773589E-01
  4.542195016E-01  3.896101644E-01  3.070274160E-01  2.090120618E-01  1.019000425E-01
 -2.410545153E-03 -8.766855167E-02 -1.426146690E-01 -2.196836856E-01 -1.998169259E-01
 -1.426146690E-01 -5.336511509E-02  5.753612844E-02  1.735583763E-01  2.787986494E-01
  3.658421130E-01  4.346460023E-01  4.794842610E-01  4.998223891E-01  5.001651832E-01
  4.815459053E-01  4.490893949E-01  4.088899137E-01  3.681932147E-01  3.333448271E-01
  3.096794690E-01  3.014053351E-01  3.096794690E-01  3.333448271E-01  3.681932147E-01
  4.088899137E-01  4.490893949E-01  4.815459053E-01  5.001651832E-01  4.998223891E-01
  4.794842610E-01  4.346460023E-01  3.658421130E-01  2.787986494E-01  1.735583763E-01
  5.753612844E-02 -5.336511509E-02 -1.426146690E-01 -1.998169259E-01  6.437627346E-02
  7.864144510E-02  1.200096309E-01  1.812094779E-01  2.521051249E-01  3.237207049E-01
  3.880735880E-01  4.408224448E-01  4.737776635E-01  4.835204352E-01  4.737788243E-01
  4.408247277E-01  3.880769172E-01  3.237249715E-01  2.521101920E-01  1.812151865E-01
  1.200158068E-01  7.864790473E-02  6.438282814E-02  7.864790473E-02  1.200158068E-01
  1.812151865E-01  2.521101920E-01  3.237249715E-01  3.880769172E-01  4.408247277E-01
  4.737788243E-01  4.835204352E-01  4.737776635E-01  4.408224448E-01  3.880735880E-01
  3.237207049E-01  2.521051249E-01  1.812094779E-01  1.200096309E-01  7.864144510E-02
  7.864144510E-02  9.254141918E-02  1.329716619E-01  1.928956279E-01  2.621839648E-01
  3.325315874E-01  3.961673200E-01  4.474285099E-01  4.794842610E-01  4.894618632E-01
  4.794854172E-01  4.474307838E-01  3.961706365E-01  3.325358382E-01  2.621890136E-01
  1.929013167E-01  1.329778171E-01  9.254785764E-02  7.864797848E-02  9.254785764E-02
  1.329778171E-01  1.929013167E-01  2.621890136E-01  3.325358382E-01  3.961706365E-01
  4.474307838E-01  4.794854172E-01  4.894618632E-01  4.794842610E-01  4.474285099E-01
  3.961673200E-01  3.325315874E-01  2.621839648E-01  1.928956279E-01  1.329716619E-01
  9.254141918E-02  1.200096309E-01  1.329716619E-01  1.704684387E-01  2.261070099E-01
  2.906792343E-01  3.567238584E-01  4.173107763E-01  4.657545574E-01  4.960773589E-01
  5.059673601E-01  4.960785010E-01  4.657568041E-01  4.173140539E-01  3.567280608E-01
  2.906842275E-01  2.261126380E-01  1.704745302E-01  1.329780349E-01  1.200160984E-01
  1.329780349E-01  1.704745302E-01  2.261126380E-01  2.906842275E-01  3.567280608E-01
  4.173140539E-01  4.657568041E-01  4.960785010E-01  5.059673601E-01  4.960773589E-01
  4.657545574E-01  4.173107763E-01  3.567238584E-01  2.906792343E-01  2.261070099E-01
  1.704684387E-01  1.329716619E-01  1.812094779E-01  1.928956279E-01  2.261070099E-01
  2.754643280E-01  3.337658417E-01  3.941397097E-01  4.494311532E-01  4.933133697E-01
  5.208963803E-01  5.299844593E-01  5.208974985E-01  4.933155699E-01  4.494343644E-01
  3.941438290E-01  3.337707388E-01  2.754698509E-01  2.261129901E-01  1.929018865E-01
  1.812158299E-01  1.929018865E-01  2.261129901E-01  2.754698509E-01  3.337707388E-01
  3.941438290E-01  4.494343644E-01  4.933155699E-01  5.208974985E-01  5.299844593E-01
  5.208963803E-01  4.933133697E-01  4.494311532E-01  3.941397097E-01  3.337658417E-01
  2.754643280E-01  2.261070099E-01  1.928956279E-01  2.521051249E-01  2.621839648E-01
  2.906792343E-01  3.337658417E-01  3.849142006E-01  4.387884518E-01  4.885098578E-01
  5.266970620E-01  5.513380298E-01  5.601174027E-01  5.513391139E-01  5.266991958E-01
  4.885129736E-01  4.387924512E-01  3.849189583E-01  3.337712106E-01  2.906850510E-01
  2.621900545E-01  2.521113063E-01  2.621900545E-01  2.906850510E-01  3.337712106E-01
  3.849189583E-01  4.387924512E-01  4.885129736E-01  5.266991958E-01  5.513391139E-01
  5.601174027E-01  5.513380298E-01  5.266970620E-01  4.885098578E-01  4.387884518E-01
  3.849142006E-01  3.337658417E-01  2.906792343E-01  2.621839648E-01  3.237207049E-01
  3.325315874E-01  3.567238584E-01  3.941397097E-01  4.387884518E-01  4.854219505E-01
  5.285974797E-01  5.613217075E-01  5.832327285E-01  5.915760936E-01  5.832337683E-01
  5.613237549E-01  5.286004708E-01  4.854257922E-01  4.387930251E-01  3.941448738E-01
  3.567294564E-01  3.325374504E-01  3.237266570E-01  3.325374504E-01  3.567294564E-01
  3.941448738E-01  4.387930251E-01  4.854257922E-01  5.286004708E-01  5.613237549E-01
  5.832337683E-01  5.915760936E-01  5.832327285E-01  5.613217075E-01  5.285974797E-01
  4.854219505E-01  4.387884518E-01  3.941397097E-01  3.567238584E-01  3.325315874E-01
  3.880735880E-01  3.961673200E-01  4.173107763E-01  4.494311532E-01  4.885098578E-01
  5.285974797E-01  5.649861646E-01  5.937774859E-01  6.131257850E-01  6.199921260E-01
  6.131267708E-01  5.937794276E-01  5.649890027E-01  5.286011273E-01  4.885142029E-01
  4.494360630E-01  4.173161015E-01  3.961728994E-01  3.880792529E-01  3.961728994E-01
  4.173161015E-01  4.494360630E-01  4.885142029E-01  5.286011273E-01  5.649890027E-01
  5.937794276E-01  6.131267708E-01  6.199921260E-01  6.131257850E-01  5.937774859E-01
  5.649861646E-01  5.285974797E-01  4.885098578E-01  4.494311532E-01  4.173107763E-01
  3.961673200E-01  4.408224448E-01  4.474285099E-01  4.657545574E-01  4.933133697E-01
  5.266970620E-01  5.613217075E-01  5.937774859E-01  6.207184500E-01  6.373454934E-01
  6.424078006E-01  6.373464167E-01  6.207202692E-01  5.937801463E-01  5.613251287E-01
  5.267011401E-01  4.933179807E-01  4.657595613E-01  4.474337544E-01  4.408277704E-01
  4.474337544E-01  4.657595613E-01  4.933179807E-01  5.267011401E-01  5.613251287E-01
  5.937801463E-01  6.207202692E-01  6.373464167E-01  6.424078006E-01  6.373454934E-01
  6.207184500E-01  5.937774859E-01  5.613217075E-01  5.266970620E-01  4.933133697E-01
  4.657545574E-01  4.474285099E-01  4.737776635E-01  4.794842610E-01  4.960773589E-01
  5.208963803E-01  5.513380298E-01  5.832327285E-01  6.131257850E-01  6.373454934E-01
  6.524784206E-01  6.578993407E-01  6.524792747E-01  6.373471767E-01  6.131282480E-01
  5.832358977E-01  5.513418100E-01  5.209006572E-01  4.960820025E-01  4.794891296E-01
  4.737826079E-01  4.794891296E-01  4.960820025E-01  5.209006572E-01  5.513418100E-01
  5.832358977E-01  6.131282480E-01  6.373471767E-01  6.524792747E-01  6.578993407E-01
  6.524784206E-01  6.373454934E-01  6.131257850E-01  5.832327285E-01  5.513380298E-01
  5.208963803E-01  4.960773589E-01  4.794842610E-01  4.835204352E-01  4.894618632E-01
  5.059673601E-01  5.299844593E-01  5.601174027E-01  5.915760936E-01  6.199921260E-01
  6.424078006E-01  6.578993407E-01  6.646126573E-01  6.579001213E-01  6.424093395E-01
  6.199943786E-01  5.915789939E-01  5.601208644E-01  5.299883784E-01  5.059716175E-01
  4.894663283E-01  4.835249705E-01  4.894663283E-01  5.059716175E-01  5.299883784E-01
  5.601208644E-01  5.915789939E-01  6.199943786E-01  6.424093395E-01  6.579001213E-01
  6.646126573E-01  6.578993407E-01  6.424078006E-01  6.199921260E-01  5.915760936E-01
  5.601174027E-01  5.299844593E-01  5.059673601E-01  4.894618632E-01  4.737788243E-01
  4.794854172E-01  4.960785010E-01  5.208974985E-01  5.513391139E-01  5.832337683E-01
  6.131267708E-01  6.373464167E-01  6.524792747E-01  6.579001213E-01  6.524799799E-01
  6.373478074E-01  6.131288076E-01  5.832363924E-01  5.513422482E-01  5.209010493E-01
  4.960823604E-01  4.794894665E-01  4.737829377E-01  4.794894665E-01  4.960823604E-01
  5.209010493E-01  5.513422482E-01  5.832363924E-01  6.131288076E-01  6.373478074E-01
  6.524799799E-01  6.579001213E-01  6.524792747E-01  6.373464167E-01  6.131267708E-01
  5.832337683E-01  5.513391139E-01  5.208974985E-01  4.960785010E-01  4.794854172E-01
  4.408247277E-01  4.474307838E-01  4.657568041E-01  4.933155699E-01  5.266991958E-01
  5.613237549E-01  5.937794276E-01  6.207202692E-01  6.373471767E-01  6.424093395E-01
  6.373478074E-01  6.207215132E-01  5.937812507E-01  5.613261054E-01  5.267020056E-01
  4.933187555E-01  4.657602687E-01  4.474344204E-01  4.408284224E-01  4.474344204E-01
  4.657602687E-01  4.933187555E-01  5.267020056E-01  5.613261054E-01  5.937812507E-01
  6.207215132E-01  6.373478074E-01  6.424093395E-01  6.373471767E-01  6.207202692E-01
  5.937794276E-01  5.613237549E-01  5.266991958E-01  4.933155699E-01  4.657568041E-01
  4.474307838E-01  3.880769172E-01  3.961706365E-01  4.173140539E-01  4.494343644E-01
  4.885129736E-01  5.286004708E-01  5.649890027E-01  5.937801463E-01  6.131282480E-01
  6.199943786E-01  6.131288076E-01  5.937812507E-01  5.649906222E-01  5.286025605E-01
  4.885154739E-01  4.494372014E-01  4.173171416E-01  3.961738788E-01  3.880802118E-01
  3.961738788E-01  4.173171416E-01  4.494372014E-01  4.885154739E-01  5.286025605E-01
  5.649906222E-01  5.937812507E-01  6.131288076E-01  6.199943786E-01  6.131282480E-01
  5.937801463E-01  5.649890027E-01  5.286004708E-01  4.885129736E-01  4.494343644E-01
  4.173140539E-01  3.961706365E-01  3.237249715E-01  3.325358382E-01  3.567280608E-01
  3.941438290E-01  4.387924512E-01  4.854257922E-01  5.286011273E-01  5.613251287E-01
  5.832358977E-01  5.915789939E-01  5.832363924E-01  5.613261054E-01  5.286025605E-01
  4.854276432E-01  4.387946680E-01  3.941463467E-01  3.567308029E-01  3.325387189E-01
  3.237278992E-01  3.325387189E-01  3.567308029E-01  3.941463467E-01  4.387946680E-01
  4.854276432E-01  5.286025605E-01  5.613261054E-01  5.832363924E-01  5.915789939E-01
  5.832358977E-01  5.613251287E-01  5.286011273E-01  4.854257922E-01  4.387924512E-01
  3.941438290E-01  3.567280608E-01  3.325358382E-01  2.521101920E-01  2.621890136E-01
  2.906842275E-01  3.337707388E-01  3.849189583E-01  4.387930251E-01  4.885142029E-01
  5.267011401E-01  5.513418100E-01  5.601208644E-01  5.513422482E-01  5.267020056E-01
  4.885154739E-01  4.387946680E-01  3.849209279E-01  3.337729777E-01  2.906866677E-01
  2.621915784E-01  2.521127989E-01  2.621915784E-01  2.906866677E-01  3.337729777E-01
  3.849209279E-01  4.387946680E-01  4.885154739E-01  5.267020056E-01  5.513422482E-01
  5.601208644E-01  5.513418100E-01  5.267011401E-01  4.885142029E-01  4.387930251E-01
  3.849189583E-01  3.337707388E-01  2.906842275E-01  2.621890136E-01  1.812151865E-01
  1.929013167E-01  2.261126380E-01  2.754698509E-01  3.337712106E-01  3.941448738E-01
  4.494360630E-01  4.933179807E-01  5.209006572E-01  5.299883784E-01  5.209010493E-01
  4.933187555E-01  4.494372014E-01  3.941463467E-01  3.337729777E-01  2.754718613E-01
  2.261148308E-01  1.929036224E-01  1.812175305E-01  1.929036224E-01  2.261148308E-01
  2.754718613E-01  3.337729777E-01  3.941463467E-01  4.494372014E-01  4.933187555E-01
  5.209010493E-01  5.299883784E-01  5.209006572E-01  4.933179807E-01  4.494360630E-01
  3.941448738E-01  3.337712106E-01  2.754698509E-01  2.261126380E-01  1.929013167E-01
  1.200158068E-01  1.329778171E-01  1.704745302E-01  2.261129901E-01  2.906850510E-01
  3.567294564E-01  4.173161015E-01  4.657595613E-01  4.960820025E-01  5.059716175E-01
  4.960823604E-01  4.657602687E-01  4.173171416E-01  3.567308029E-01  2.906866677E-01
  2.261148308E-01  1.704765390E-01  1.329799302E-01  1.200179553E-01  1.329799302E-01
  1.704765390E-01  2.261148308E-01  2.906866677E-01  3.567308029E-01  4.173171416E-01
  4.657602687E-01  4.960823604E-01  5.059716175E-01  4.960820025E-01  4.657595613E-01
  4.173161015E-01  3.567294564E-01  2.906850510E-01  2.261129901E-01  1.704745302E-01
  1.329778171E-01  7.864790473E-02  9.254785764E-02  1.329780349E-01  1.929018865E-01
  2.621900545E-01  3.325374504E-01  3.961728994E-01  4.474337544E-01  4.794891296E-01
  4.894663283E-01  4.794894665E-01  4.474344204E-01  3.961738788E-01  3.325387189E-01
  2.621915784E-01  1.929036224E-01  1.329799302E-01  9.254985192E-02  7.864993259E-02
  9.254985192E-02  1.329799302E-01  1.929036224E-01  2.621915784E-01  3.325387189E-01
  3.961738788E-01  4.474344204E-01  4.794894665E-01  4.894663283E-01  4.794891296E-01
  4.474337544E-01  3.961728994E-01  3.325374504E-01  2.621900545E-01  1.929018865E-01
  1.329780349E-01  9.254785764E-02  6.438282814E-02  7.864797848E-02  1.200160984E-01
  1.812158299E-01  2.521113063E-01  3.237266570E-01  3.880792529E-01  4.408277704E-01
  4.737826079E-01  4.835249705E-01  4.737829377E-01  4.408284224E-01  3.880802118E-01
  3.237278992E-01  2.521127989E-01  1.812175305E-01  1.200179553E-01  7.864993259E-02
  6.438481522E-02  7.864993259E-02  1.200179553E-01  1.812175305E-01  2.521127989E-01
  3.237278992E-01  3.880802118E-01  4.408284224E-01  4.737829377E-01  4.835249705E-01
  4.737826079E-01  4.408277704E-01  3.880792529E-01  3.237266570E-01  2.521113063E-01
  1.812158299E-01  1.200160984E-01  7.864797848E-02  7.864790473E-02  9.254785764E-02
  1.329780349E-01  1.929018865E-01  2.621900545E-01  3.325374504E-01  3.961728994E-01
  4.474337544E-01  4.794891296E-01  4.894663283E-01  4.794894665E-01  4.474344204E-01
  3.961738788E-01  3.325387189E-01  2.621915784E-01  1.929036224E-01  1.329799302E-01
  9.254985192E-02  7.864993259E-02  9.254985192E-02  1.329799302E-01  1.929036224E-01
  2.621915784E-01  3.325387189E-01  3.961738788E-01  4.474344204E-01  4.794894665E-01
  4.894663283E-01  4.794891296E-01  4.474337544E-01  3.961728994E-01  3.325374504E-01
  2.621900545E-01  1.929018865E-01  1.329780349E-01  9.254785764E-02  1.200158068E-01
  1.329778171E-01  1.704745302E-01  2.261129901E-01  2.906850510E-01  3.567294564E-01
  4.173161015E-01  4.657595613E-01  4.960820025E-01  5.059716175E-01  4.960823604E-01
  4.657602687E-01  4.173171416E-01  3.567308029E-01  2.906866677E-01  2.261148308E-01
  1.704765390E-01  1.329799302E-01  1.200179553E-01  1.329799302E-01  1.704765390E-01
  2.261148308E-01  2.906866677E-01  3.567308029E-01  4.173171416E-01  4.657602687E-01
  4.960823604E-01  5.059716175E-01  4.960820025E-01  4.657595613E-01  4.173161015E-01
  3.567294564E-01  2.906850510E-01  2.261129901E-01  1.704745302E-01  1.329778171E-01
  1.812151865E-01  1.929013167E-01  2.261126380E-01  2.754698509E-01  3.337712106E-01
  3.941448738E-01  4.494360630E-01  4.933179807E-01  5.209006572E-01  5.299883784E-01
  5.209010493E-01  4.933187555E-01  4.494372014E-01  3.941463467E-01  3.337729777E-01
  2.754718613E-01  2.261148308E-01  1.929036224E-01  1.812175305E-01  1.929036224E-01
  2.261148308E-01  2.754718613E-01  3.337729777E-01  3.941463467E-01  4.494372014E-01
  4.933187555E-01  5.209010493E-01  5.299883784E-01  5.209006572E-01  4.933179807E-01
  4.494360630E-01  3.941448738E-01  3.337712106E-01  2.754698509E-01  2.261126380E-01
  1.929013167E-01  2.521101920E-01  2.621890136E-01  2.906842275E-01  3.337707388E-01
  3.849189583E-01  4.387930251E-01  4.885142029E-01  5.267011401E-01  5.513418100E-01
  5.601208644E-01  5.513422482E-01  5.267020056E-01  4.885154739E-01  4.387946680E-01
  3.849209279E-01  3.337729777E-01  2.906866677E-01  2.621915784E-01  2.521127989E-01
  2.621915784E-01  2.906866677E-01  3.337729777E-01  3.849209279E-01  4.387946680E-01
  4.885154739E-01  5.267020056E-01  5.513422482E-01  5.601208644E-01  5.513418100E-01
  5.267011401E-01  4.885142029E-01  4.387930251E-01  3.849189583E-01  3.337707388E-01
  2.906842275E-01  2.621890136E-01  3.237249715E-01  3.325358382E-01  3.567280608E-01
  3.941438290E-01  4.387924512E-01  4.854257922E-01  5.286011273E-01  5.613251287E-01
  5.832358977E-01  5.915789939E-01  5.832363924E-01  5.613261054E-01  5.286025605E-01
  4.854276432E-01  4.387946680E-01  3.941463467E-01  3.567308029E-01  3.325387189E-01
  3.237278992E-01  3.325387189E-01  3.567308029E-01  3.941463467E-01  4.387946680E-01
  4.854276432E-01  5.286025605E-01  5.613261054E-01  5.832363924E-01  5.915789939E-01
  5.832358977E-01  5.613251287E-01  5.286011273E-01  4.854257922E-01  4.387924512E-01
  3.941438290E-01  3.567280608E-01  3.325358382E-01  3.880769172E-01  3.961706365E-01
  4.173140539E-01  4.494343644E-01  4.885129736E-01  5.286004708E-01  5.649890027E-01
  5.937801463E-01  6.131282480E-01  6.199943786E-01  6.131288076E-01  5.937812507E-01
  5.649906222E-01  5.286025605E-01  4.885154739E-01  4.494372014E-01  4.173171416E-01
  3.961738788E-01  3.880802118E-01  3.961738788E-01  4.173171416E-01  4.494372014E-01
  4.885154739E-01  5.286025605E-01  5.649906222E-01  5.937812507E-01  6.131288076E-01
  6.199943786E-01  6.131282480E-01  5.937801463E-01  5.649890027E-01  5.286004708E-01
  4.885129736E-01  4.494343644E-01  4.173140539E-01  3.961706365E-01  4.408247277E-01
  4.474307838E-01  4.657568041E-01  4.933155699E-01  5.266991958E-01  5.613237549E-01
  5.937794276E-01  6.207202692E-01  6.373471767E-01  6.424093395E-01  6.373478074E-01
  6.207215132E-01  5.937812507E-01  5.613261054E-01  5.267020056E-01  4.933187555E-01
  4.657602687E-01  4.474344204E-01  4.408284224E-01  4.474344204E-01  4.657602687E-01
  4.933187555E-01  5.267020056E-01  5.613261054E-01  5.937812507E-01  6.207215132E-01
  6.373478074E-01  6.424093395E-01  6.373471767E-01  6.207202692E-01  5.937794276E-01
  5.613237549E-01  5.266991958E-01  4.933155699E-01  4.657568041E-01  4.474307838E-01
  4.737788243E-01  4.794854172E-01  4.960785010E-01  5.208974985E-01  5.513391139E-01
  5.832337683E-01  6.131267708E-01  6.373464167E-01  6.524792747E-01  6.579001213E-01
  6.524799799E-01  6.373478074E-01  6.131288076E-01  5.832363924E-01  5.513422482E-01
  5.209010493E-01  4.960823604E-01  4.794894665E-01  4.737829377E-01  4.794894665E-01
  4.960823604E-01  5.209010493E-01  5.513422482E-01  5.832363924E-01  6.131288076E-01
  6.373478074E-01  6.524799799E-01  6.579001213E-01  6.524792747E-01  6.373464167E-01
  6.131267708E-01  5.832337683E-01  5.513391139E-01  5.208974985E-01  4.960785010E-01
  4.794854172E-01  4.835204352E-01  4.894618632E-01  5.059673601E-01  5.299844593E-01
  5.601174027E-01  5.915760936E-01  6.199921260E-01  6.424078006E-01  6.578993407E-01
  6.646126573E-01  6.579001213E-01  6.424093395E-01  6.199943786E-01  5.915789939E-01
  5.601208644E-01  5.299883784E-01  5.059716175E-01  4.894663283E-01  4.835249705E-01
  4.894663283E-01  5.059716175E-01  5.299883784E-01  5.601208644E-01  5.915789939E-01
  6.199943786E-01  6.424093395E-01  6.579001213E-01  6.646126573E-01  6.578993407E-01
  6.424078006E-01  6.199921260E-01  5.915760936E-01  5.601174027E-01  5.299844593E-01
  5.059673601E-01  4.894618632E-01  4.737776635E-01  4.794842610E-01  4.960773589E-01
  5.208963803E-01  5.513380298E-01  5.832327285E-01  6.131257850E-01  6.373454934E-01
  6.524784206E-01  6.578993407E-01  6.524792747E-01  6.373471767E-01  6.131282480E-01
  5.832358977E-01  5.513418100E-01  5.209006572E-01  4.960820025E-01  4.794891296E-01
  4.737826079E-01  4.794891296E-01  4.960820025E-01  5.209006572E-01  5.513418100E-01
  5.832358977E-01  6.131282480E-01  6.373471767E-01  6.524792747E-01  6.578993407E-01
  6.524784206E-01  6.373454934E-01  6.131257850E-01  5.832327285E-01  5.513380298E-01
  5.208963803E-01  4.960773589E-01  4.794842610E-01  4.408224448E-01  4.474285099E-01
  4.657545574E-01  4.933133697E-01  5.266970620E-01  5.613217075E-01  5.937774859E-01
  6.207184500E-01  6.373454934E-01  6.424078006E-01  6.373464167E-01  6.207202692E-01
  5.937801463E-01  5.613251287E-01  5.267011401E-01  4.933179807E-01  4.657595613E-01
  4.474337544E-01  4.408277704E-01  4.474337544E-01  4.657595613E-01  4.933179807E-01
  5.267011401E-01  5.613251287E-01  5.937801463E-01  6.207202692E-01  6.373464167E-01
  6.424078006E-01  6.373454934E-01  6.207184500E-01  5.937774859E-01  5.613217075E-01
  5.266970620E-01  4.933133697E-01  4.657545574E-01  4.474285099E-01  3.880735880E-01
  3.961673200E-01  4.173107763E-01  4.494311532E-01  4.885098578E-01  5.285974797E-01
  5.649861646E-01  5.937774859E-01  6.131257850E-01  6.199921260E-01  6.131267708E-01
  5.937794276E-01  5.649890027E-01  5.286011273E-01  4.885142029E-01  4.494360630E-01
  4.173161015E-01  3.961728994E-01  3.880792529E-01  3.961728994E-01  4.173161015E-01
  4.494360630E-01  4.885142029E-01  5.286011273E-01  5.649890027E-01  5.937794276E-01
  6.131267708E-01  6.199921260E-01  6.131257850E-01  5.937774859E-01  5.649861646E-01
  5.285974797E-01  4.885098578E-01  4.494311532E-01  4.173107763E-01  3.961673200E-01
  3.237207049E-01  3.325315874E-01  3.567238584E-01  3.941397097E-01  4.387884518E-01
  4.854219505E-01  5.285974797E-01  5.613217075E-01  5.832327285E-01  5.915760936E-01
  5.832337683E-01  5.613237549E-01  5.286004708E-01  4.854257922E-01  4.387930251E-01
  3.941448738E-01  3.567294564E-01  3.325374504E-01  3.237266570E-01  3.325374504E-01
  3.567294564E-01  3.941448738E-01  4.387930251E-01  4.854257922E-01  5.286004708E-01
  5.613237549E-01  5.832337683E-01  5.915760936E-01  5.832327285E-01  5.613217075E-01
  5.285974797E-01  4.854219505E-01  4.387884518E-01  3.941397097E-01  3.567238584E-01
  3.325315874E-01  2.521051249E-01  2.621839648E-01  2.906792343E-01  3.337658417E-01
  3.849142006E-01  4.387884518E-01  4.885098578E-01  5.266970620E-01  5.513380298E-01
  5.601174027E-01  5.513391139E-01  5.266991958E-01  4.885129736E-01  4.387924512E-01
  3.849189583E-01  3.337712106E-01  2.906850510E-01  2.621900545E-01  2.521113063E-01
  2.621900545E-01  2.906850510E-01  3.337712106E-01  3.849189583E-01  4.387924512E-01
  4.885129736E-01  5.266991958E-01  5.513391139E-01  5.601174027E-01  5.513380298E-01
  5.266970620E-01  4.885098578E-01  4.387884518E-01  3.849142006E-01  3.337658417E-01
  2.906792343E-01  2.621839648E-01  1.812094779E-01  1.928956279E-01  2.261070099E-01
  2.754643280E-01  3.337658417E-01  3.941397097E-01  4.494311532E-01  4.933133697E-01
  5.208963803E-01  5.299844593E-01  5.208974985E-01  4.933155699E-01  4.494343644E-01
  3.941438290E-01  3.337707388E-01  2.754698509E-01  2.261129901E-01  1.929018865E-01
  1.812158299E-01  1.929018865E-01  2.261129901E-01  2.754698509E-01  3.337707388E-01
  3.941438290E-01  4.494343644E-01  4.933155699E-01  5.208974985E-01  5.299844593E-01
  5.208963803E-01  4.933133697E-01  4.494311532E-01  3.941397097E-01  3.337658417E-01
  2.754643280E-01  2.261070099E-01  1.928956279E-01  1.200096309E-01  1.329716619E-01
  1.704684387E-01  2.261070099E-01  2.906792343E-01  3.567238584E-01  4.173107763E-01
  4.657545574E-01  4.960773589E-01  5.059673601E-01  4.960785010E-01  4.657568041E-01
  4.173140539E-01  3.567280608E-01  2.906842275E-01  2.261126380E-01  1.704745302E-01
  1.329780349E-01  1.200160984E-01  1.329780349E-01  1.704745302E-01  2.261126380E-01
  2.906842275E-01  3.567280608E-01  4.173140539E-01  4.657568041E-01  4.960785010E-01
  5.059673601E-01  4.960773589E-01  4.657545574E-01  4.173107763E-01  3.567238584E-01
  2.906792343E-01  2.261070099E-01  1.704684387E-01  1.329716619E-01  7.864144510E-02
  9.254141918E-02  1.329716619E-01  1.928956279E-01  2.621839648E-01  3.325315874E-01
  3.961673200E-01  4.474285099E-01  4.794842610E-01  4.894618632E-01  4.794854172E-01
  4.474307838E-01  3.961706365E-01  3.325358382E-01  2.621890136E-01  1.929013167E-01
  1.329778171E-01  9.254785764E-02  7.864797848E-02  9.254785764E-02  1.329778171E-01
  1.929013167E-01  2.621890136E-01  3.325358382E-01  3.961706365E-01  4.474307838E-01
  4.794854172E-01  4.894618632E-01  4.794842610E-01  4.474285099E-01  3.961673200E-01
  3.325315874E-01  2.621839648E-01  1.928956279E-01  1.329716619E-01  9.254141918E-02
  2.928800986E-01  3.013999106E-01  3.254028372E-01  3.607334896E-01  4.025205976E-01
  4.435050729E-01  4.760082520E-01  4.947366413E-01  4.940915893E-01  4.737788243E-01
  4.290620171E-01  3.582562957E-01  2.683809549E-01  1.603538286E-01  4.166797448E-02
 -7.102543687E-02 -1.616948846E-01 -2.196761626E-01 -2.396338482E-01 -2.196761626E-01
 -1.616948846E-01 -7.102543687E-02  4.166797448E-02  1.603538286E-01  2.683809549E-01
  3.582562957E-01  4.290620171E-01  4.737788243E-01  4.940915893E-01  4.947366413E-01
  4.760082520E-01  4.435050729E-01  4.025205976E-01  3.607334896E-01  3.254028372E-01
  3.013999106E-01  3.013999106E-01  3.096741417E-01  3.333397894E-01  3.681886524E-01
  4.088860009E-01  4.490862885E-01  4.815437394E-01  5.001640637E-01  4.998223891E-01
  4.794854172E-01  4.346483127E-01  3.658455362E-01  2.788031065E-01  1.735637546E-01
  5.754228787E-02 -5.335833425E-02 -1.426074388E-01 -1.998094247E-01 -2.196760938E-01
 -1.998094247E-01 -1.426074388E-01 -5.335833425E-02  5.754228787E-02  1.735637546E-01
  2.788031065E-01  3.658455362E-01  4.346483127E-01  4.794854172E-01  4.998223891E-01
  5.001640637E-01  4.815437394E-01  4.490862885E-01  4.088860009E-01  3.681886524E-01
  3.333397894E-01  3.096741417E-01  3.254028372E-01  3.333397894E-01  3.560236225E-01
  3.892064419E-01  4.279579462E-01  4.662441335E-01  4.969882995E-01  5.147037365E-01
  5.148701285E-01  4.960785010E-01  4.542217842E-01  3.896135473E-01  3.070318223E-01
  2.090173814E-01  1.019061382E-01 -2.403830990E-03 -8.766138939E-02 -1.426072359E-01
 -1.616946128E-01 -1.426072359E-01 -8.766138939E-02 -2.403830990E-03  1.019061382E-01
  2.090173814E-01  3.070318223E-01  3.896135473E-01  4.542217842E-01  4.960785010E-01
  5.148701285E-01  5.147037365E-01  4.969882995E-01  4.662441335E-01  4.279579462E-01
  3.892064419E-01  3.560236225E-01  3.333397894E-01  3.607334896E-01  3.681886524E-01
  3.892064419E-01  4.196245288E-01  4.561028043E-01  4.922336881E-01  5.202331067E-01
  5.371369197E-01  5.379015235E-01  5.208974985E-01  4.840964416E-01  4.256034772E-01
  3.500760711E-01  2.626636704E-01  1.683547389E-01  7.543131867E-02 -2.403504382E-03
 -5.335780488E-02 -7.102483871E-02 -5.335780488E-02 -2.403504382E-03  7.543131867E-02
  1.683547389E-01  2.626636704E-01  3.500760711E-01  4.256034772E-01  4.840964416E-01
  5.208974985E-01  5.379015235E-01  5.371369197E-01  5.202331067E-01  4.922336881E-01
  4.561028043E-01  4.196245288E-01  3.892064419E-01  3.681886524E-01  4.025205976E-01
  4.088860009E-01  4.279579462E-01  4.561028043E-01  4.889954574E-01  5.215673014E-01
  5.470232943E-01  5.637100442E-01  5.664027217E-01  5.513391139E-01  5.190670286E-01
  4.690754635E-01  4.034766538E-01  3.270333610E-01  2.466877109E-01  1.683551741E-01
  1.019068995E-01  5.754325150E-02  4.166900671E-02  5.754325150E-02  1.019068995E-01
  1.683551741E-01  2.466877109E-01  3.270333610E-01  4.034766538E-01  4.690754635E-01
  5.190670286E-01  5.513391139E-01  5.664027217E-01  5.637100442E-01  5.470232943E-01
  5.215673014E-01  4.889954574E-01  4.561028043E-01  4.279579462E-01  4.088860009E-01
  4.435050729E-01  4.490862885E-01  4.662441335E-01  4.922336881E-01  5.215673014E-01
  5.510115648E-01  5.750306349E-01  5.907972634E-01  5.951033474E-01  5.832337683E-01
  5.565155939E-01  5.155007714E-01  4.594268047E-01  3.937773814E-01  3.270338872E-01
  2.626646308E-01  2.090186667E-01  1.735652411E-01  1.603553833E-01  1.735652411E-01
  2.090186667E-01  2.626646308E-01  3.270338872E-01  3.937773814E-01  4.594268047E-01
  5.155007714E-01  5.565155939E-01  5.832337683E-01  5.951033474E-01  5.907972634E-01
  5.750306349E-01  5.510115648E-01  5.215673014E-01  4.922336881E-01  4.662441335E-01
  4.490862885E-01  4.760082520E-01  4.815437394E-01  4.969882995E-01  5.202331067E-01
  5.470232943E-01  5.750306349E-01  5.993464563E-01  6.152776748E-01  6.211949113E-01
  6.131267708E-01  5.917643032E-01  5.580964958E-01  5.125942181E-01  4.594274033E-01
  4.034777771E-01  3.500776264E-01  3.070337001E-01  2.788051837E-01  2.683830998E-01
  2.788051837E-01  3.070337001E-01  3.500776264E-01  4.034777771E-01  4.594274033E-01
  5.125942181E-01  5.580964958E-01  5.917643032E-01  6.131267708E-01  6.211949113E-01
  6.152776748E-01  5.993464563E-01  5.750306349E-01  5.470232943E-01  5.202331067E-01
  4.969882995E-01  4.815437394E-01  4.947366413E-01  5.001640637E-01  5.147037365E-01
  5.371369197E-01  5.637100442E-01  5.907972634E-01  6.152776748E-01  6.325476111E-01
  6.407901139E-01  6.373464167E-01  6.217235122E-01  5.945451661E-01  5.580971481E-01
  5.155020205E-01  4.690772343E-01  4.256056762E-01  3.896160653E-01  3.658482511E-01
  3.582590772E-01  3.658482511E-01  3.896160653E-01  4.256056762E-01  4.690772343E-01
  5.155020205E-01  5.580971481E-01  5.945451661E-01  6.217235122E-01  6.373464167E-01
  6.407901139E-01  6.325476111E-01  6.152776748E-01  5.907972634E-01  5.637100442E-01
  5.371369197E-01  5.147037365E-01  5.001640637E-01  4.940915893E-01  4.998223891E-01
  5.148701285E-01  5.379015235E-01  5.664027217E-01  5.951033474E-01  6.211949113E-01
  6.407901139E-01  6.515429382E-01  6.524792747E-01  6.424400654E-01  6.217241999E-01
  5.917656412E-01  5.565175250E-01  5.190694765E-01  4.840993125E-01  4.542249694E-01
  4.346516916E-01  4.290654616E-01  4.346516916E-01  4.542249694E-01  4.840993125E-01
  5.190694765E-01  5.565175250E-01  5.917656412E-01  6.217241999E-01  6.424400654E-01
  6.524792747E-01  6.515429382E-01  6.407901139E-01  6.211949113E-01  5.951033474E-01
  5.664027217E-01  5.379015235E-01  5.148701285E-01  4.998223891E-01  4.737788243E-01
  4.794854172E-01  4.960785010E-01  5.208974985E-01  5.513391139E-01  5.832337683E-01
  6.131267708E-01  6.373464167E-01  6.524792747E-01  6.579001213E-01  6.524799799E-01
  6.373478074E-01  6.131288076E-01  5.832363924E-01  5.513422482E-01  5.209010493E-01
  4.960823604E-01  4.794894665E-01  4.737829377E-01  4.794894665E-01  4.960823604E-01
  5.209010493E-01  5.513422482E-01  5.832363924E-01  6.131288076E-01  6.373478074E-01
  6.524799799E-01  6.579001213E-01  6.524792747E-01  6.373464167E-01  6.131267708E-01
  5.832337683E-01  5.513391139E-01  5.208974985E-01  4.960785010E-01  4.794854172E-01
  4.290620171E-01  4.346483127E-01  4.542217842E-01  4.840964416E-01  5.190670286E-01
  5.565155939E-01  5.917643032E-01  6.217235122E-01  6.424400654E-01  6.524799799E-01
  6.515443463E-01  6.407922030E-01  6.211976402E-01  5.951066559E-01  5.664065321E-01
  5.379057424E-01  5.148746493E-01  4.998270953E-01  4.940963581E-01  4.998270953E-01
  5.148746493E-01  5.379057424E-01  5.664065321E-01  5.951066559E-01  6.211976402E-01
  6.407922030E-01  6.515443463E-01  6.524799799E-01  6.424400654E-01  6.217235122E-01
  5.917643032E-01  5.565155939E-01  5.190670286E-01  4.840964416E-01  4.542217842E-01
  4.346483127E-01  3.582562957E-01  3.658455362E-01  3.896135473E-01  4.256034772E-01
  4.690754635E-01  5.155007714E-01  5.580964958E-01  5.945451661E-01  6.217241999E-01
  6.373478074E-01  6.407922030E-01  6.325503747E-01  6.152810698E-01  5.908012286E-01
  5.637145013E-01  5.371417761E-01  5.147088872E-01  5.001693948E-01  4.947420332E-01
  5.001693948E-01  5.147088872E-01  5.371417761E-01  5.637145013E-01  5.908012286E-01
  6.152810698E-01  6.325503747E-01  6.407922030E-01  6.373478074E-01  6.217241999E-01
  5.945451661E-01  5.580964958E-01  5.155007714E-01  4.690754635E-01  4.256034772E-01
  3.896135473E-01  3.658455362E-01  2.683809549E-01  2.788031065E-01  3.070318223E-01
  3.500760711E-01  4.034766538E-01  4.594268047E-01  5.125942181E-01  5.580971481E-01
  5.917656412E-01  6.131288076E-01  6.211976402E-01  6.152810698E-01  5.993504729E-01
  5.750352106E-01  5.470283509E-01  5.202385522E-01  4.969940309E-01  4.815496456E-01
  4.760142170E-01  4.815496456E-01  4.969940309E-01  5.202385522E-01  5.470283509E-01
  5.750352106E-01  5.993504729E-01  6.152810698E-01  6.211976402E-01  6.131288076E-01
  5.917656412E-01  5.580971481E-01  5.125942181E-01  4.594268047E-01  4.034766538E-01
  3.500760711E-01  3.070318223E-01  2.788031065E-01  1.603538286E-01  1.735637546E-01
  2.090173814E-01  2.626636704E-01  3.270333610E-01  3.937773814E-01  4.594274033E-01
  5.155020205E-01  5.565175250E-01  5.832363924E-01  5.951066559E-01  5.908012286E-01
  5.750352106E-01  5.510166879E-01  5.215728936E-01  4.922396583E-01  4.662503806E-01
  4.490927045E-01  4.435115456E-01  4.490927045E-01  4.662503806E-01  4.922396583E-01
  5.215728936E-01  5.510166879E-01  5.750352106E-01  5.908012286E-01  5.951066559E-01
  5.832363924E-01  5.565175250E-01  5.155020205E-01  4.594274033E-01  3.937773814E-01
  3.270333610E-01  2.626636704E-01  2.090173814E-01  1.735637546E-01  4.166797448E-02
  5.754228787E-02  1.019061382E-01  1.683547389E-01  2.466877109E-01  3.270338872E-01
  4.034777771E-01  4.690772343E-01  5.190694765E-01  5.513422482E-01  5.664065321E-01
  5.637145013E-01  5.470283509E-01  5.215728936E-01  4.890015068E-01  4.561092209E-01
  4.279646309E-01  4.088928485E-01  4.025274999E-01  4.088928485E-01  4.279646309E-01
  4.561092209E-01  4.890015068E-01  5.215728936E-01  5.470283509E-01  5.637145013E-01
  5.664065321E-01  5.513422482E-01  5.190694765E-01  4.690772343E-01  4.034777771E-01
  3.270338872E-01  2.466877109E-01  1.683547389E-01  1.019061382E-01  5.754228787E-02
 -7.102543687E-02 -5.335833425E-02 -2.403830990E-03  7.543131867E-02  1.683551741E-01
  2.626646308E-01  3.500776264E-01  4.256056762E-01  4.840993125E-01  5.209010493E-01
  5.379057424E-01  5.371417761E-01  5.202385522E-01  4.922396583E-01  4.561092209E-01
  4.196313024E-01  3.892134754E-01  3.681958436E-01  3.607407335E-01  3.681958436E-01
  3.892134754E-01  4.196313024E-01  4.561092209E-01  4.922396583E-01  5.202385522E-01
  5.371417761E-01  5.379057424E-01  5.209010493E-01  4.840993125E-01  4.256056762E-01
  3.500776264E-01  2.626646308E-01  1.683551741E-01  7.543131867E-02 -2.403830990E-03
 -5.335833425E-02 -1.616948846E-01 -1.426074388E-01 -8.766138939E-02 -2.403504382E-03
  1.019068995E-01  2.090186667E-01  3.070337001E-01  3.896160653E-01  4.542249694E-01
  4.960823604E-01  5.148746493E-01  5.147088872E-01  4.969940309E-01  4.662503806E-01
  4.279646309E-01  3.892134754E-01  3.560309092E-01  3.333472294E-01  3.254103284E-01
  3.333472294E-01  3.560309092E-01  3.892134754E-01  4.279646309E-01  4.662503806E-01
  4.969940309E-01  5.147088872E-01  5.148746493E-01  4.960823604E-01  4.542249694E-01
  3.896160653E-01  3.070337001E-01  2.090186667E-01  1.019068995E-01 -2.403504382E-03
 -8.766138939E-02 -1.426074388E-01 -2.196761626E-01 -1.998094247E-01 -1.426072359E-01
 -5.335780488E-02  5.754325150E-02  1.735652411E-01  2.788051837E-01  3.658482511E-01
  4.346516916E-01  4.794894665E-01  4.998270953E-01  5.001693948E-01  4.815496456E-01
  4.490927045E-01  4.088928485E-01  3.681958436E-01  3.333472294E-01  3.096817320E-01
  3.014075511E-01  3.096817320E-01  3.333472294E-01  3.681958436E-01  4.088928485E-01
  4.490927045E-01  4.815496456E-01  5.001693948E-01  4.998270953E-01  4.794894665E-01
  4.346516916E-01  3.658482511E-01  2.788051837E-01  1.735652411E-01  5.754325150E-02
 -5.335780488E-02 -1.426072359E-01 -1.998094247E-01 -2.396338482E-01 -2.196760938E-01
 -1.616946128E-01 -7.102483871E-02  4.166900671E-02  1.603553833E-01  2.683830998E-01
  3.582590772E-01  4.290654616E-01  4.737829377E-01  4.940963581E-01  4.947420332E-01
  4.760142170E-01  4.435115456E-01  4.025274999E-01  3.607407335E-01  3.254103284E-01
  3.014075511E-01  2.928877890E-01  3.014075511E-01  3.254103284E-01  3.607407335E-01
  4.025274999E-01  4.435115456E-01  4.760142170E-01  4.947420332E-01  4.940963581E-01
  4.737829377E-01  4.290654616E-01  3.582590772E-01  2.683830998E-01  1.603553833E-01
  4.166900671E-02 -7.102483871E-02 -1.616946128E-01 -2.196760938E-01 -2.196761626E-01
 -1.998094247E-01 -1.426072359E-01 -5.335780488E-02  5.754325150E-02  1.735652411E-01
  2.788051837E-01  3.658482511E-01  4.346516916E-01  4.794894665E-01  4.998270953E-01
  5.001693948E-01  4.815496456E-01  4.490927045E-01  4.088928485E-01  3.681958436E-01
  3.333472294E-01  3.096817320E-01  3.014075511E-01  3.096817320E-01  3.333472294E-01
  3.681958436E-01  4.088928485E-01  4.490927045E-01  4.815496456E-01  5.001693948E-01
  4.998270953E-01  4.794894665E-01  4.346516916E-01  3.658482511E-01  2.788051837E-01
  1.735652411E-01  5.754325150E-02 -5.335780488E-02 -1.426072359E-01 -1.998094247E-01
 -1.616948846E-01 -1.426074388E-01 -8.766138939E-02 -2.403504382E-03  1.019068995E-01
  2.090186667E-01  3.070337001E-01  3.896160653E-01  4.542249694E-01  4.960823604E-01
  5.148746493E-01  5.147088872E-01  4.969940309E-01  4.662503806E-01  4.279646309E-01
  3.892134754E-01  3.560309092E-01  3.333472294E-01  3.254103284E-01  3.333472294E-01
  3.560309092E-01  3.892134754E-01  4.279646309E-01  4.662503806E-01  4.969940309E-01
  5.147088872E-01  5.148746493E-01  4.960823604E-01  4.542249694E-01  3.896160653E-01
  3.070337001E-01  2.090186667E-01  1.019068995E-01 -2.403504382E-03 -8.766138939E-02
 -1.426074388E-01 -7.102543687E-02 -5.335833425E-02 -2.403830990E-03  7.543131867E-02
  1.683551741E-01  2.626646308E-01  3.500776264E-01  4.256056762E-01  4.840993125E-01
  5.209010493E-01  5.379057424E-01  5.371417761E-01  5.202385522E-01  4.922396583E-01
  4.561092209E-01  4.196313024E-01  3.892134754E-01  3.681958436E-01  3.607407335E-01
  3.681958436E-01  3.892134754E-01  4.196313024E-01  4.561092209E-01  4.922396583E-01
  5.202385522E-01  5.371417761E-01  5.379057424E-01  5.209010493E-01  4.840993125E-01
  4.256056762E-01  3.500776264E-01  2.626646308E-01  1.683551741E-01  7.543131867E-02
 -2.403830990E-03 -5.335833425E-02  4.166797448E-02  5.754228787E-02  1.019061382E-01
  1.683547389E-01  2.466877109E-01  3.270338872E-01  4.034777771E-01  4.690772343E-01
  5.190694765E-01  5.513422482E-01  5.664065321E-01  5.637145013E-01  5.470283509E-01
  5.215728936E-01  4.890015068E-01  4.561092209E-01  4.279646309E-01  4.088928485E-01
  4.025274999E-01  4.088928485E-01  4.279646309E-01  4.561092209E-01  4.890015068E-01
  5.215728936E-01  5.470283509E-01  5.637145013E-01  5.664065321E-01  5.513422482E-01
  5.190694765E-01  4.690772343E-01  4.034777771E-01  3.270338872E-01  2.466877109E-01
  1.683547389E-01  1.019061382E-01  5.754228787E-02  1.603538286E-01  1.735637546E-01
  2.090173814E-01  2.626636704E-01  3.270333610E-01  3.937773814E-01  4.594274033E-01
  5.155020205E-01  5.565175250E-01  5.832363924E-01  5.951066559E-01  5.908012286E-01
  5.750352106E-01  5.510166879E-01  5.215728936E-01  4.922396583E-01  4.662503806E-01
  4.490927045E-01  4.435115456E-01  4.490927045E-01  4.662503806E-01  4.922396583E-01
  5.215728936E-01  5.510166879E-01  5.750352106E-01  5.908012286E-01  5.951066559E-01
  5.832363924E-01  5.565175250E-01  5.155020205E-01  4.594274033E-01  3.937773814E-01
  3.270333610E-01  2.626636704E-01  2.090173814E-01  1.735637546E-01  2.683809549E-01
  2.788031065E-01  3.070318223E-01  3.500760711E-01  4.034766538E-01  4.594268047E-01
  5.125942181E-01  5.580971481E-01  5.917656412E-01  6.131288076E-01  6.211976402E-01
  6.152810698E-01  5.993504729E-01  5.750352106E-01  5.470283509E-01  5.202385522E-01
  4.969940309E-01  4.815496456E-01  4.760142170E-01  4.815496456E-01  4.969940309E-01
  5.202385522E-01  5.470283509E-01  5.750352106E-01  5.993504729E-01  6.152810698E-01
  6.211976402E-01  6.131288076E-01  5.917656412E-01  5.580971481E-01  5.125942181E-01
  4.594268047E-01  4.034766538E-01  3.500760711E-01  3.070318223E-01  2.788031065E-01
  3.582562957E-01  3.658455362E-01  3.896135473E-01  4.256034772E-01  4.690754635E-01
  5.155007714E-01  5.580964958E-01  5.945451661E-01  6.217241999E-01  6.373478074E-01
  6.407922030E-01  6.325503747E-01  6.152810698E-01  5.908012286E-01  5.637145013E-01
  5.371417761E-01  5.147088872E-01  5.001693948E-01  4.947420332E-01  5.001693948E-01
  5.147088872E-01  5.371417761E-01  5.637145013E-01  5.908012286E-01  6.152810698E-01
  6.325503747E-01  6.407922030E-01  6.373478074E-01  6.217241999E-01  5.945451661E-01
  5.580964958E-01  5.155007714E-01  4.690754635E-01  4.256034772E-01  3.896135473E-01
  3.658455362E-01  4.290620171E-01  4.346483127E-01  4.542217842E-01  4.840964416E-01
  5.190670286E-01  5.565155939E-01  5.917643032E-01  6.217235122E-01  6.424400654E-01
  6.524799799E-01  6.515443463E-01  6.407922030E-01  6.211976402E-01  5.951066559E-01
  5.664065321E-01  5.379057424E-01  5.148746493E-01  4.998270953E-01  4.940963581E-01
  4.998270953E-01  5.148746493E-01  5.379057424E-01  5.664065321E-01  5.951066559E-01
  6.211976402E-01  6.407922030E-01  6.515443463E-01  6.524799799E-01  6.424400654E-01
  6.217235122E-01  5.917643032E-01  5.565155939E-01  5.190670286E-01  4.840964416E-01
  4.542217842E-01  4.346483127E-01  4.737788243E-01  4.794854172E-01  4.960785010E-01
  5.208974985E-01  5.513391139E-01  5.832337683E-01  6.131267708E-01  6.373464167E-01
  6.524792747E-01  6.579001213E-01  6.524799799E-01  6.373478074E-01  6.131288076E-01
  5.832363924E-01  5.513422482E-01  5.209010493E-01  4.960823604E-01  4.794894665E-01
  4.737829377E-01  4.794894665E-01  4.960823604E-01  5.209010493E-01  5.513422482E-01
  5.832363924E-01  6.131288076E-01  6.373478074E-01  6.524799799E-01  6.579001213E-01
  6.524792747E-01  6.373464167E-01  6.131267708E-01  5.832337683E-01  5.513391139E-01
  5.208974985E-01  4.960785010E-01  4.794854172E-01  4.940915893E-01  4.998223891E-01
  5.148701285E-01  5.379015235E-01  5.664027217E-01  5.951033474E-01  6.211949113E-01
  6.407901139E-01  6.515429382E-01  6.524792747E-01  6.424400654E-01  6.217241999E-01
  5.917656412E-01  5.565175250E-01  5.190694765E-01  4.840993125E-01  4.542249694E-01
  4.346516916E-01  4.290654616E-01  4.346516916E-01  4.542249694E-01  4.840993125E-01
  5.190694765E-01  5.565175250E-01  5.917656412E-01  6.217241999E-01  6.424400654E-01
  6.524792747E-01  6.515429382E-01  6.407901139E-01  6.211949113E-01  5.951033474E-01
  5.664027217E-01  5.379015235E-01  5.148701285E-01  4.998223891E-01  4.947366413E-01
  5.001640637E-01  5.147037365E-01  5.371369197E-01  5.637100442E-01  5.907972634E-01
  6.152776748E-01  6.325476111E-01  6.407901139E-01  6.373464167E-01  6.217235122E-01
  5.945451661E-01  5.580971481E-01  5.155020205E-01  4.690772343E-01  4.256056762E-01
  3.896160653E-01  3.658482511E-01  3.582590772E-01  3.658482511E-01  3.896160653E-01
  4.256056762E-01  4.690772343E-01  5.155020205E-01  5.580971481E-01  5.945451661E-01
  6.217235122E-01  6.373464167E-01  6.407901139E-01  6.325476111E-01  6.152776748E-01
  5.907972634E-01  5.637100442E-01  5.371369197E-01  5.147037365E-01  5.001640637E-01
  4.760082520E-01  4.815437394E-01  4.969882995E-01  5.202331067E-01  5.470232943E-01
  5.750306349E-01  5.993464563E-01  6.152776748E-01  6.211949113E-01  6.131267708E-01
  5.917643032E-01  5.580964958E-01  5.125942181E-01  4.594274033E-01  4.034777771E-01
  3.500776264E-01  3.070337001E-01  2.788051837E-01  2.683830998E-01  2.788051837E-01
  3.070337001E-01  3.500776264E-01  4.034777771E-01  4.594274033E-01  5.125942181E-01
  5.580964958E-01  5.917643032E-01  6.131267708E-01  6.211949113E-01  6.152776748E-01
  5.993464563E-01  5.750306349E-01  5.470232943E-01  5.202331067E-01  4.969882995E-01
  4.815437394E-01  4.435050729E-01  4.490862885E-01  4.662441335E-01  4.922336881E-01
  5.215673014E-01  5.510115648E-01  5.750306349E-01  5.907972634E-01  5.951033474E-01
  5.832337683E-01  5.565155939E-01  5.155007714E-01  4.594268047E-01  3.937773814E-01
  3.270338872E-01  2.626646308E-01  2.090186667E-01  1.735652411E-01  1.603553833E-01
  1.735652411E-01  2.090186667E-01  2.626646308E-01  3.270338872E-01  3.937773814E-01
  4.594268047E-01  5.155007714E-01  5.565155939E-01  5.832337683E-01  5.951033474E-01
  5.907972634E-01  5.750306349E-01  5.510115648E-01  5.215673014E-01  4.922336881E-01
  4.662441335E-01  4.490862885E-01  4.025205976E-01  4.088860009E-01  4.279579462E-01
  4.561028043E-01  4.889954574E-01  5.215673014E-01  5.470232943E-01  5.637100442E-01
  5.664027217E-01  5.513391139E-01  5.190670286E-01  4.690754635E-01  4.034766538E-01
  3.270333610E-01  2.466877109E-01  1.683551741E-01  1.019068995E-01  5.754325150E-02
  4.166900671E-02  5.754325150E-02  1.019068995E-01  1.683551741E-01  2.466877109E-01
  3.270333610E-01  4.034766538E-01  4.690754635E-01  5.190670286E-01  5.513391139E-01
  5.664027217E-01  5.637100442E-01  5.470232943E-01  5.215673014E-01  4.889954574E-01
  4.561028043E-01  4.279579462E-01  4.088860009E-01  3.607334896E-01  3.681886524E-01
  3.892064419E-01  4.196245288E-01  4.561028043E-01  4.922336881E-01  5.202331067E-01
  5.371369197E-01  5.379015235E-01  5.208974985E-01  4.840964416E-01  4.256034772E-01
  3.500760711E-01  2.626636704E-01  1.683547389E-01  7.543131867E-02 -2.403504382E-03
 -5.335780488E-02 -7.102483871E-02 -5.335780488E-02 -2.403504382E-03  7.543131867E-02
  1.683547389E-01  2.626636704E-01  3.500760711E-01  4.256034772E-01  4.840964416E-01
  5.208974985E-01  5.379015235E-01  5.371369197E-01  5.202331067E-01  4.922336881E-01
  4.561028043E-01  4.196245288E-01  3.892064419E-01  3.681886524E-01  3.254028372E-01
  3.333397894E-01  3.560236225E-01  3.892064419E-01  4.279579462E-01  4.662441335E-01
  4.969882995E-01  5.147037365E-01  5.148701285E-01  4.960785010E-01  4.542217842E-01
  3.896135473E-01  3.070318223E-01  2.090173814E-01  1.019061382E-01 -2.403830990E-03
 -8.766138939E-02 -1.426072359E-01 -1.616946128E-01 -1.426072359E-01 -8.766138939E-02
 -2.403830990E-03  1.019061382E-01  2.090173814E-01  3.070318223E-01  3.896135473E-01
  4.542217842E-01  4.960785010E-01  5.148701285E-01  5.147037365E-01  4.969882995E-01
  4.662441335E-01  4.279579462E-01  3.892064419E-01  3.560236225E-01  3.333397894E-01
  3.013999106E-01  3.096741417E-01  3.333397894E-01  3.681886524E-01  4.088860009E-01
  4.490862885E-01  4.815437394E-01  5.001640637E-01  4.998223891E-01  4.794854172E-01
  4.346483127E-01  3.658455362E-01  2.788031065E-01  1.735637546E-01  5.754228787E-02
 -5.335833425E-02 -1.426074388E-01 -1.998094247E-01 -2.196760938E-01 -1.998094247E-01
 -1.426074388E-01 -5.335833425E-02  5.754228787E-02  1.735637546E-01  2.788031065E-01
  3.658455362E-01  4.346483127E-01  4.794854172E-01  4.998223891E-01  5.001640637E-01
  4.815437394E-01  4.490862885E-01  4.088860009E-01  3.681886524E-01  3.333397894E-01
  3.096741417E-01  4.514969028E-01  4.569224571E-01  4.705854619E-01  4.899328334E-01
  5.107040017E-01  5.267662257E-01  5.328796201E-01  5.238199239E-01  4.947377653E-01
  4.408247277E-01  3.582562957E-01  2.483920346E-01  1.073443446E-01 -5.828203868E-02
 -2.223453469E-01 -3.664776872E-01 -4.801236316E-01 -5.534577874E-01 -5.786925462E-01
 -5.534577874E-01 -4.801236316E-01 -3.664776872E-01 -2.223453469E-01 -5.828203868E-02
  1.073443446E-01  2.483920346E-01  3.582562957E-01  4.408247277E-01  4.947377653E-01
  5.238199239E-01  5.328796201E-01  5.267662257E-01  5.107040017E-01  4.899328334E-01
  4.705854619E-01  4.569224571E-01  4.569224571E-01  4.620269871E-01  4.752414141E-01
  4.944017472E-01  5.147156732E-01  5.304686482E-01  5.369427105E-01  5.282277295E-01
  5.001651832E-01  4.474307838E-01  3.658455362E-01  2.586447689E-01  1.215136962E-01
 -4.040295261E-02 -2.024506233E-01 -3.450982308E-01 -4.561285766E-01 -5.281221010E-01
 -5.534577235E-01 -5.281221010E-01 -4.561285766E-01 -3.450982308E-01 -2.024506233E-01
 -4.040295261E-02  1.215136962E-01  2.586447689E-01  3.658455362E-01  4.474307838E-01
  5.001651832E-01  5.282277295E-01  5.369427105E-01  5.304686482E-01  5.147156732E-01
  4.944017472E-01  4.752414141E-01  4.620269871E-01  4.705854619E-01  4.752414141E-01
  4.878761343E-01  5.067721537E-01  5.267179236E-01  5.418719572E-01  5.485011328E-01
  5.408181835E-01  5.147048425E-01  4.657568041E-01  3.896135473E-01  2.894716559E-01
  1.619328747E-01  1.077894123E-02 -1.437167103E-01 -2.813268463E-01 -3.876049113E-01
 -4.561283888E-01 -4.801233800E-01 -4.561283888E-01 -3.876049113E-01 -2.813268463E-01
 -1.437167103E-01  1.077894123E-02  1.619328747E-01  2.894716559E-01  3.896135473E-01
  4.657568041E-01  5.147048425E-01  5.408181835E-01  5.485011328E-01  5.418719572E-01
  5.267179236E-01  5.067721537E-01  4.878761343E-01  4.752414141E-01  4.899328334E-01
  4.944017472E-01  5.067721537E-01  5.243250234E-01  5.432101936E-01  5.582747404E-01
  5.656513704E-01  5.606777373E-01  5.371380028E-01  4.933155699E-01  4.256034772E-01
  3.347026626E-01  2.220893902E-01  8.880969342E-02 -5.265492146E-02 -1.811984617E-01
 -2.813265454E-01 -3.450977424E-01 -3.664771351E-01 -3.450977424E-01 -2.813265454E-01
 -1.811984617E-01 -5.265492146E-02  8.880969342E-02  2.220893902E-01  3.347026626E-01
  4.256034772E-01  4.933155699E-01  5.371380028E-01  5.606777373E-01  5.656513704E-01
  5.582747404E-01  5.432101936E-01  5.243250234E-01  5.067721537E-01  4.944017472E-01
  5.107040017E-01  5.147156732E-01  5.267179236E-01  5.432101936E-01  5.612718497E-01
  5.769017975E-01  5.852340184E-01  5.831455591E-01  5.637110947E-01  5.266991958E-01
  4.690754635E-01  3.894128729E-01  2.937987846E-01  1.827955707E-01  6.150367730E-02
 -5.265452293E-02 -1.437160115E-01 -2.024497375E-01 -2.223443976E-01 -2.024497375E-01
 -1.437160115E-01 -5.265452293E-02  6.150367730E-02  1.827955707E-01  2.937987846E-01
  3.894128729E-01  4.690754635E-01  5.266991958E-01  5.637110947E-01  5.831455591E-01
  5.852340184E-01  5.769017975E-01  5.612718497E-01  5.432101936E-01  5.267179236E-01
  5.147156732E-01  5.267662257E-01  5.304686482E-01  5.418719572E-01  5.582747404E-01
  5.769017975E-01  5.939357252E-01  6.041569222E-01  6.050389208E-01  5.907982715E-01
  5.613237549E-01  5.155007714E-01  4.499949566E-01  3.692286131E-01  2.788315801E-01
  1.827960493E-01  8.881056937E-02  1.078011591E-02 -4.040159222E-02 -5.828061526E-02
 -4.040159222E-02  1.078011591E-02  8.881056937E-02  1.827960493E-01  2.788315801E-01
  3.692286131E-01  4.499949566E-01  5.155007714E-01  5.613237549E-01  5.907982715E-01
  6.050389208E-01  6.041569222E-01  5.939357252E-01  5.769017975E-01  5.582747404E-01
  5.418719572E-01  5.304686482E-01  5.328796201E-01  5.369427105E-01  5.485011328E-01
  5.656513704E-01  5.852340184E-01  6.041569222E-01  6.178674176E-01  6.227095328E-01
  6.152786313E-01  5.937794276E-01  5.580964958E-01  5.071236144E-01  4.423740817E-01
  3.692291541E-01  2.937998025E-01  2.220908025E-01  1.619345829E-01  1.215155879E-01
  1.073462986E-01  1.215155879E-01  1.619345829E-01  2.220908025E-01  2.937998025E-01
  3.692291541E-01  4.423740817E-01  5.071236144E-01  5.580964958E-01  5.937794276E-01
  6.152786313E-01  6.227095328E-01  6.178674176E-01  6.041569222E-01  5.852340184E-01
  5.656513704E-01  5.485011328E-01  5.369427105E-01  5.238199239E-01  5.282277295E-01
  5.408181835E-01  5.606777373E-01  5.831455591E-01  6.050389208E-01  6.227095328E-01
  6.319750475E-01  6.325485078E-01  6.207202692E-01  5.945451661E-01  5.558991309E-01
  5.071242009E-01  4.499960819E-01  3.894144712E-01  3.347046509E-01  2.894739356E-01
  2.586472290E-01  2.483945559E-01  2.586472290E-01  2.894739356E-01  3.347046509E-01
  3.894144712E-01  4.499960819E-01  5.071242009E-01  5.558991309E-01  5.945451661E-01
  6.207202692E-01  6.325485078E-01  6.319750475E-01  6.227095328E-01  6.050389208E-01
  5.831455591E-01  5.606777373E-01  5.408181835E-01  5.282277295E-01  4.947377653E-01
  5.001651832E-01  5.147048425E-01  5.371380028E-01  5.637110947E-01  5.907982715E-01
  6.152786313E-01  6.325485078E-01  6.407909444E-01  6.373471767E-01  6.217241999E-01
  5.945457822E-01  5.580976959E-01  5.155025057E-01  4.690776649E-01  4.256060623E-01
  3.896164183E-01  3.658485836E-01  3.582594028E-01  3.658485836E-01  3.896164183E-01
  4.256060623E-01  4.690776649E-01  5.155025057E-01  5.580976959E-01  5.945457822E-01
  6.217241999E-01  6.373471767E-01  6.407909444E-01  6.325485078E-01  6.152786313E-01
  5.907982715E-01  5.637110947E-01  5.371380028E-01  5.147048425E-01  5.001651832E-01
  4.408247277E-01  4.474307838E-01  4.657568041E-01  4.933155699E-01  5.266991958E-01
  5.613237549E-01  5.937794276E-01  6.207202692E-01  6.373471767E-01  6.424093395E-01
  6.373478074E-01  6.207215132E-01  5.937812507E-01  5.613261054E-01  5.267020056E-01
  4.933187555E-01  4.657602687E-01  4.474344204E-01  4.408284224E-01  4.474344204E-01
  4.657602687E-01  4.933187555E-01  5.267020056E-01  5.613261054E-01  5.937812507E-01
  6.207215132E-01  6.373478074E-01  6.424093395E-01  6.373471767E-01  6.207202692E-01
  5.937794276E-01  5.613237549E-01  5.266991958E-01  4.933155699E-01  4.657568041E-01
  4.474307838E-01  3.582562957E-01  3.658455362E-01  3.896135473E-01  4.256034772E-01
  4.690754635E-01  5.155007714E-01  5.580964958E-01  5.945451661E-01  6.217241999E-01
  6.373478074E-01  6.407922030E-01  6.325503747E-01  6.152810698E-01  5.908012286E-01
  5.637145013E-01  5.371417761E-01  5.147088872E-01  5.001693948E-01  4.947420332E-01
  5.001693948E-01  5.147088872E-01  5.371417761E-01  5.637145013E-01  5.908012286E-01
  6.152810698E-01  6.325503747E-01  6.407922030E-01  6.373478074E-01  6.217241999E-01
  5.945451661E-01  5.580964958E-01  5.155007714E-01  4.690754635E-01  4.256034772E-01
  3.896135473E-01  3.658455362E-01  2.483920346E-01  2.586447689E-01  2.894716559E-01
  3.347026626E-01  3.894128729E-01  4.499949566E-01  5.071236144E-01  5.558991309E-01
  5.945457822E-01  6.207215132E-01  6.325503747E-01  6.319775151E-01  6.227125625E-01
  6.050424583E-01  5.831495353E-01  5.606820699E-01  5.408227793E-01  5.282324866E-01
  5.238247354E-01  5.282324866E-01  5.408227793E-01  5.606820699E-01  5.831495353E-01
  6.050424583E-01  6.227125625E-01  6.319775151E-01  6.325503747E-01  6.207215132E-01
  5.945457822E-01  5.558991309E-01  5.071236144E-01  4.499949566E-01  3.894128729E-01
  3.347026626E-01  2.894716559E-01  2.586447689E-01  1.073443446E-01  1.215136962E-01
  1.619328747E-01  2.220893902E-01  2.937987846E-01  3.692286131E-01  4.423740817E-01
  5.071242009E-01  5.580976959E-01  5.937812507E-01  6.152810698E-01  6.227125625E-01
  6.178709984E-01  6.041609988E-01  5.852385217E-01  5.656562194E-01  5.485062362E-01
  5.369479695E-01  5.328849315E-01  5.369479695E-01  5.485062362E-01  5.656562194E-01
  5.852385217E-01  6.041609988E-01  6.178709984E-01  6.227125625E-01  6.152810698E-01
  5.937812507E-01  5.580976959E-01  5.071242009E-01  4.423740817E-01  3.692286131E-01
  2.937987846E-01  2.220893902E-01  1.619328747E-01  1.215136962E-01 -5.828203868E-02
 -4.040295261E-02  1.077894123E-02  8.880969342E-02  1.827955707E-01  2.788315801E-01
  3.692291541E-01  4.499960819E-01  5.155025057E-01  5.613261054E-01  5.908012286E-01
  6.050424583E-01  6.041609988E-01  5.939402851E-01  5.769067719E-01  5.582800495E-01
  5.418775118E-01  5.304743528E-01  5.267719807E-01  5.304743528E-01  5.418775118E-01
  5.582800495E-01  5.769067719E-01  5.939402851E-01  6.041609988E-01  6.050424583E-01
  5.908012286E-01  5.613261054E-01  5.155025057E-01  4.499960819E-01  3.692291541E-01
  2.788315801E-01  1.827955707E-01  8.880969342E-02  1.077894123E-02 -4.040295261E-02
 -2.223453469E-01 -2.024506233E-01 -1.437167103E-01 -5.265492146E-02  6.150367730E-02
  1.827960493E-01  2.937998025E-01  3.894144712E-01  4.690776649E-01  5.267020056E-01
  5.637145013E-01  5.831495353E-01  5.852385217E-01  5.769067719E-01  5.612772270E-01
  5.432158949E-01  5.267238621E-01  5.147217562E-01  5.107101333E-01  5.147217562E-01
  5.267238621E-01  5.432158949E-01  5.612772270E-01  5.769067719E-01  5.852385217E-01
  5.831495353E-01  5.637145013E-01  5.267020056E-01  4.690776649E-01  3.894144712E-01
  2.937998025E-01  1.827960493E-01  6.150367730E-02 -5.265492146E-02 -1.437167103E-01
 -2.024506233E-01 -3.664776872E-01 -3.450982308E-01 -2.813268463E-01 -1.811984617E-01
 -5.265452293E-02  8.881056937E-02  2.220908025E-01  3.347046509E-01  4.256060623E-01
  4.933187555E-01  5.371417761E-01  5.606820699E-01  5.656562194E-01  5.582800495E-01
  5.432158949E-01  5.243310394E-01  5.067783995E-01  4.944081327E-01  4.899392657E-01
  4.944081327E-01  5.067783995E-01  5.243310394E-01  5.432158949E-01  5.582800495E-01
  5.656562194E-01  5.606820699E-01  5.371417761E-01  4.933187555E-01  4.256060623E-01
  3.347046509E-01  2.220908025E-01  8.881056937E-02 -5.265452293E-02 -1.811984617E-01
 -2.813268463E-01 -3.450982308E-01 -4.801236316E-01 -4.561285766E-01 -3.876049113E-01
 -2.813265454E-01 -1.437160115E-01  1.078011591E-02  1.619345829E-01  2.894739356E-01
  3.896164183E-01  4.657602687E-01  5.147088872E-01  5.408227793E-01  5.485062362E-01
  5.418775118E-01  5.267238621E-01  5.067783995E-01  4.878826039E-01  4.752480196E-01
  4.705921129E-01  4.752480196E-01  4.878826039E-01  5.067783995E-01  5.267238621E-01
  5.418775118E-01  5.485062362E-01  5.408227793E-01  5.147088872E-01  4.657602687E-01
  3.896164183E-01  2.894739356E-01  1.619345829E-01  1.078011591E-02 -1.437160115E-01
 -2.813265454E-01 -3.876049113E-01 -4.561285766E-01 -5.534577874E-01 -5.281221010E-01
 -4.561283888E-01 -3.450977424E-01 -2.024497375E-01 -4.040159222E-02  1.215155879E-01
  2.586472290E-01  3.658485836E-01  4.474344204E-01  5.001693948E-01  5.282324866E-01
  5.369479695E-01  5.304743528E-01  5.147217562E-01  4.944081327E-01  4.752480196E-01
  4.620337260E-01  4.569292407E-01  4.620337260E-01  4.752480196E-01  4.944081327E-01
  5.147217562E-01  5.304743528E-01  5.369479695E-01  5.282324866E-01  5.001693948E-01
  4.474344204E-01  3.658485836E-01  2.586472290E-01  1.215155879E-01 -4.040159222E-02
 -2.024497375E-01 -3.450977424E-01 -4.561283888E-01 -5.281221010E-01 -5.786925462E-01
 -5.534577235E-01 -4.801233800E-01 -3.664771351E-01 -2.223443976E-01 -5.828061526E-02
  1.073462986E-01  2.483945559E-01  3.582594028E-01  4.408284224E-01  4.947420332E-01
  5.238247354E-01  5.328849315E-01  5.267719807E-01  5.107101333E-01  4.899392657E-01
  4.705921129E-01  4.569292407E-01  4.515037308E-01  4.569292407E-01  4.705921129E-01
  4.899392657E-01  5.107101333E-01  5.267719807E-01  5.328849315E-01  5.238247354E-01
  4.947420332E-01  4.408284224E-01  3.582594028E-01  2.483945559E-01  1.073462986E-01
 -5.828061526E-02 -2.223443976E-01 -3.664771351E-01 -4.801233800E-01 -5.534577235E-01
 -5.534577874E-01 -5.281221010E-01 -4.561283888E-01 -3.450977424E-01 -2.024497375E-01
 -4.040159222E-02  1.215155879E-01  2.586472290E-01  3.658485836E-01  4.474344204E-01
  5.001693948E-01  5.282324866E-01  5.369479695E-01  5.304743528E-01  5.147217562E-01
  4.944081327E-01  4.752480196E-01  4.620337260E-01  4.569292407E-01  4.620337260E-01
  4.752480196E-01  4.944081327E-01  5.147217562E-01  5.304743528E-01  5.369479695E-01
  5.282324866E-01  5.001693948E-01  4.474344204E-01  3.658485836E-01  2.586472290E-01
  1.215155879E-01 -4.040159222E-02 -2.024497375E-01 -3.450977424E-01 -4.561283888E-01
 -5.281221010E-01 -4.801236316E-01 -4.561285766E-01 -3.876049113E-01 -2.813265454E-01
 -1.437160115E-01  1.078011591E-02  1.619345829E-01  2.894739356E-01  3.896164183E-01
  4.657602687E-01  5.147088872E-01  5.408227793E-01  5.485062362E-01  5.418775118E-01
  5.267238621E-01  5.067783995E-01  4.878826039E-01  4.752480196E-01  4.705921129E-01
  4.752480196E-01  4.878826039E-01  5.067783995E-01  5.267238621E-01  5.418775118E-01
  5.485062362E-01  5.408227793E-01  5.147088872E-01  4.657602687E-01  3.896164183E-01
  2.894739356E-01  1.619345829E-01  1.078011591E-02 -1.437160115E-01 -2.813265454E-01
 -3.876049113E-01 -4.561285766E-01 -3.664776872E-01 -3.450982308E-01 -2.813268463E-01
 -1.811984617E-01 -5.265452293E-02  8.881056937E-02  2.220908025E-01  3.347046509E-01
  4.256060623E-01  4.933187555E-01  5.371417761E-01  5.606820699E-01  5.656562194E-01
  5.582800495E-01  5.432158949E-01  5.243310394E-01  5.067783995E-01  4.944081327E-01
  4.899392657E-01  4.944081327E-01  5.067783995E-01  5.243310394E-01  5.432158949E-01
  5.582800495E-01  5.656562194E-01  5.606820699E-01  5.371417761E-01  4.933187555E-01
  4.256060623E-01  3.347046509E-01  2.220908025E-01  8.881056937E-02 -5.265452293E-02
 -1.811984617E-01 -2.813268463E-01 -3.450982308E-01 -2.223453469E-01 -2.024506233E-01
 -1.437167103E-01 -5.265492146E-02  6.150367730E-02  1.827960493E-01  2.937998025E-01
  3.894144712E-01  4.690776649E-01  5.267020056E-01  5.637145013E-01  5.831495353E-01
  5.852385217E-01  5.769067719E-01  5.612772270E-01  5.432158949E-01  5.267238621E-01
  5.147217562E-01  5.107101333E-01  5.147217562E-01  5.267238621E-01  5.432158949E-01
  5.612772270E-01  5.769067719E-01  5.852385217E-01  5.831495353E-01  5.637145013E-01
  5.267020056E-01  4.690776649E-01  3.894144712E-01  2.937998025E-01  1.827960493E-01
  6.150367730E-02 -5.265492146E-02 -1.437167103E-01 -2.024506233E-01 -5.828203868E-02
 -4.040295261E-02  1.077894123E-02  8.880969342E-02  1.827955707E-01  2.788315801E-01
  3.692291541E-01  4.499960819E-01  5.155025057E-01  5.613261054E-01  5.908012286E-01
  6.050424583E-01  6.041609988E-01  5.939402851E-01  5.769067719E-01  5.582800495E-01
  5.418775118E-01  5.304743528E-01  5.267719807E-01  5.304743528E-01  5.418775118E-01
  5.582800495E-01  5.769067719E-01  5.939402851E-01  6.041609988E-01  6.050424583E-01
  5.908012286E-01  5.613261054E-01  5.155025057E-01  4.499960819E-01  3.692291541E-01
  2.788315801E-01  1.827955707E-01  8.880969342E-02  1.077894123E-02 -4.040295261E-02
  1.073443446E-01  1.215136962E-01  1.619328747E-01  2.220893902E-01  2.937987846E-01
  3.692286131E-01  4.423740817E-01  5.071242009E-01  5.580976959E-01  5.937812507E-01
  6.152810698E-01  6.227125625E-01  6.178709984E-01  6.041609988E-01  5.852385217E-01
  5.656562194E-01  5.485062362E-01  5.369479695E-01  5.328849315E-01  5.369479695E-01
  5.485062362E-01  5.656562194E-01  5.852385217E-01  6.041609988E-01  6.178709984E-01
  6.227125625E-01  6.152810698E-01  5.937812507E-01  5.580976959E-01  5.071242009E-01
  4.423740817E-01  3.692286131E-01  2.937987846E-01  2.220893902E-01  1.619328747E-01
  1.215136962E-01  2.483920346E-01  2.586447689E-01  2.894716559E-01  3.347026626E-01
  3.894128729E-01  4.499949566E-01  5.071236144E-01  5.558991309E-01  5.945457822E-01
  6.207215132E-01  6.325503747E-01  6.319775151E-01  6.227125625E-01  6.050424583E-01
  5.831495353E-01  5.606820699E-01  5.408227793E-01  5.282324866E-01  5.238247354E-01
  5.282324866E-01  5.408227793E-01  5.606820699E-01  5.831495353E-01  6.050424583E-01
  6.227125625E-01  6.319775151E-01  6.325503747E-01  6.207215132E-01  5.945457822E-01
  5.558991309E-01  5.071236144E-01  4.499949566E-01  3.894128729E-01  3.347026626E-01
  2.894716559E-01  2.586447689E-01  3.582562957E-01  3.658455362E-01  3.896135473E-01
  4.256034772E-01  4.690754635E-01  5.155007714E-01  5.580964958E-01  5.945451661E-01
  6.217241999E-01  6.373478074E-01  6.407922030E-01  6.325503747E-01  6.152810698E-01
  5.908012286E-01  5.637145013E-01  5.371417761E-01  5.147088872E-01  5.001693948E-01
  4.947420332E-01  5.001693948E-01  5.147088872E-01  5.371417761E-01  5.637145013E-01
  5.908012286E-01  6.152810698E-01  6.325503747E-01  6.407922030E-01  6.373478074E-01
  6.217241999E-01  5.945451661E-01  5.580964958E-01  5.155007714E-01  4.690754635E-01
  4.256034772E-01  3.896135473E-01  3.658455362E-01  4.408247277E-01  4.474307838E-01
  4.657568041E-01  4.933155699E-01  5.266991958E-01  5.613237549E-01  5.937794276E-01
  6.207202692E-01  6.373471767E-01  6.424093395E-01  6.373478074E-01  6.207215132E-01
  5.937812507E-01  5.613261054E-01  5.267020056E-01  4.933187555E-01  4.657602687E-01
  4.474344204E-01  4.408284224E-01  4.474344204E-01  4.657602687E-01  4.933187555E-01
  5.267020056E-01  5.613261054E-01  5.937812507E-01  6.207215132E-01  6.373478074E-01
  6.424093395E-01  6.373471767E-01  6.207202692E-01  5.937794276E-01  5.613237549E-01
  5.266991958E-01  4.933155699E-01  4.657568041E-01  4.474307838E-01  4.947377653E-01
  5.001651832E-01  5.147048425E-01  5.371380028E-01  5.637110947E-01  5.907982715E-01
  6.152786313E-01  6.325485078E-01  6.407909444E-01  6.373471767E-01  6.217241999E-01
  5.945457822E-01  5.580976959E-01  5.155025057E-01  4.690776649E-01  4.256060623E-01
  3.896164183E-01  3.658485836E-01  3.582594028E-01  3.658485836E-01  3.896164183E-01
  4.256060623E-01  4.690776649E-01  5.155025057E-01  5.580976959E-01  5.945457822E-01
  6.217241999E-01  6.373471767E-01  6.407909444E-01  6.325485078E-01  6.152786313E-01
  5.907982715E-01  5.637110947E-01  5.371380028E-01  5.147048425E-01  5.001651832E-01
  5.238199239E-01  5.282277295E-01  5.408181835E-01  5.606777373E-01  5.831455591E-01
  6.050389208E-01  6.227095328E-01  6.319750475E-01  6.325485078E-01  6.207202692E-01
  5.945451661E-01  5.558991309E-01  5.071242009E-01  4.499960819E-01  3.894144712E-01
  3.347046509E-01  2.894739356E-01  2.586472290E-01  2.483945559E-01  2.586472290E-01
  2.894739356E-01  3.347046509E-01  3.894144712E-01  4.499960819E-01  5.071242009E-01
  5.558991309E-01  5.945451661E-01  6.207202692E-01  6.325485078E-01  6.319750475E-01
  6.227095328E-01  6.050389208E-01  5.831455591E-01  5.606777373E-01  5.408181835E-01
  5.282277295E-01  5.328796201E-01  5.369427105E-01  5.485011328E-01  5.656513704E-01
  5.852340184E-01  6.041569222E-01  6.178674176E-01  6.227095328E-01  6.152786313E-01
  5.937794276E-01  5.580964958E-01  5.071236144E-01  4.423740817E-01  3.692291541E-01
  2.937998025E-01  2.220908025E-01  1.619345829E-01  1.215155879E-01  1.073462986E-01
  1.215155879E-01  1.619345829E-01  2.220908025E-01  2.937998025E-01  3.692291541E-01
  4.423740817E-01  5.071236144E-01  5.580964958E-01  5.937794276E-01  6.152786313E-01
  6.227095328E-01  6.178674176E-01  6.041569222E-01  5.852340184E-01  5.656513704E-01
  5.485011328E-01  5.369427105E-01  5.267662257E-01  5.304686482E-01  5.418719572E-01
  5.582747404E-01  5.769017975E-01  5.939357252E-01  6.041569222E-01  6.050389208E-01
  5.907982715E-01  5.613237549E-01  5.155007714E-01  4.499949566E-01  3.692286131E-01
  2.788315801E-01  1.827960493E-01  8.881056937E-02  1.078011591E-02 -4.040159222E-02
 -5.828061526E-02 -4.040159222E-02  1.078011591E-02  8.881056937E-02  1.827960493E-01
  2.788315801E-01  3.692286131E-01  4.499949566E-01  5.155007714E-01  5.613237549E-01
  5.907982715E-01  6.050389208E-01  6.041569222E-01  5.939357252E-01  5.769017975E-01
  5.582747404E-01  5.418719572E-01  5.304686482E-01  5.107040017E-01  5.147156732E-01
  5.267179236E-01  5.432101936E-01  5.612718497E-01  5.769017975E-01  5.852340184E-01
  5.831455591E-01  5.637110947E-01  5.266991958E-01  4.690754635E-01  3.894128729E-01
  2.937987846E-01  1.827955707E-01  6.150367730E-02 -5.265452293E-02 -1.437160115E-01
 -2.024497375E-01 -2.223443976E-01 -2.024497375E-01 -1.437160115E-01 -5.265452293E-02
  6.150367730E-02  1.827955707E-01  2.937987846E-01  3.894128729E-01  4.690754635E-01
  5.266991958E-01  5.637110947E-01  5.831455591E-01  5.852340184E-01  5.769017975E-01
  5.612718497E-01  5.432101936E-01  5.267179236E-01  5.147156732E-01  4.899328334E-01
  4.944017472E-01  5.067721537E-01  5.243250234E-01  5.432101936E-01  5.582747404E-01
  5.656513704E-01  5.606777373E-01  5.371380028E-01  4.933155699E-01  4.256034772E-01
  3.347026626E-01  2.220893902E-01  8.880969342E-02 -5.265492146E-02 -1.811984617E-01
 -2.813265454E-01 -3.450977424E-01 -3.664771351E-01 -3.450977424E-01 -2.813265454E-01
 -1.811984617E-01 -5.265492146E-02  8.880969342E-02  2.220893902E-01  3.347026626E-01
  4.256034772E-01  4.933155699E-01  5.371380028E-01  5.606777373E-01  5.656513704E-01
  5.582747404E-01  5.432101936E-01  5.243250234E-01  5.067721537E-01  4.944017472E-01
  4.705854619E-01  4.752414141E-01  4.878761343E-01  5.067721537E-01  5.267179236E-01
  5.418719572E-01  5.485011328E-01  5.408181835E-01  5.147048425E-01  4.657568041E-01
  3.896135473E-01  2.894716559E-01  1.619328747E-01  1.077894123E-02 -1.437167103E-01
 -2.813268463E-01 -3.876049113E-01 -4.561283888E-01 -4.801233800E-01 -4.561283888E-01
 -3.876049113E-01 -2.813268463E-01 -1.437167103E-01  1.077894123E-02  1.619328747E-01
  2.894716559E-01  3.896135473E-01  4.657568041E-01  5.147048425E-01  5.408181835E-01
  5.485011328E-01  5.418719572E-01  5.267179236E-01  5.067721537E-01  4.878761343E-01
  4.752414141E-01  4.569224571E-01  4.620269871E-01  4.752414141E-01  4.944017472E-01
  5.147156732E-01  5.304686482E-01  5.369427105E-01  5.282277295E-01  5.001651832E-01
  4.474307838E-01  3.658455362E-01  2.586447689E-01  1.215136962E-01 -4.040295261E-02
 -2.024506233E-01 -3.450982308E-01 -4.561285766E-01 -5.281221010E-01 -5.534577235E-01
 -5.281221010E-01 -4.561285766E-01 -3.450982308E-01 -2.024506233E-01 -4.040295261E-02
  1.215136962E-01  2.586447689E-01  3.658455362E-01  4.474307838E-01  5.001651832E-01
  5.282277295E-01  5.369427105E-01  5.304686482E-01  5.147156732E-01  4.944017472E-01
  4.752414141E-01  4.620269871E-01  5.639310608E-01  5.661800925E-01  5.716529622E-01
  5.790249001E-01  5.831489080E-01  5.806991755E-01  5.656741731E-01  5.328806718E-01
  4.760104264E-01  3.880769172E-01  2.683809549E-01  1.073443446E-01 -9.340790021E-02
 -3.043884527E-01 -5.044897060E-01 -6.868684975E-01 -8.367451133E-01 -9.341334192E-01
 -9.667490064E-01 -9.341334192E-01 -8.367451133E-01 -6.868684975E-01 -5.044897060E-01
 -3.043884527E-01 -9.340790021E-02  1.073443446E-01  2.683809549E-01  3.880769172E-01
  4.760104264E-01  5.328806718E-01  5.656741731E-01  5.806991755E-01  5.831489080E-01
  5.790249001E-01  5.716529622E-01  5.661800925E-01  5.661800925E-01  5.687413443E-01
  5.742996569E-01  5.815074720E-01  5.855553338E-01  5.835214972E-01  5.694729312E-01
  5.369437581E-01  4.815459053E-01  3.961706365E-01  2.788031065E-01  1.215136962E-01
 -7.548126579E-02 -2.834114132E-01 -4.806523575E-01 -6.597527557E-01 -8.056005323E-01
 -9.012680913E-01 -9.341333604E-01 -9.012680913E-01 -8.056005323E-01 -6.597527557E-01
 -4.806523575E-01 -2.834114132E-01 -7.548126579E-02  1.215136962E-01  2.788031065E-01
  3.961706365E-01  4.815459053E-01  5.369437581E-01  5.694729312E-01  5.835214972E-01
  5.855553338E-01  5.815074720E-01  5.742996569E-01  5.687413443E-01  5.716529622E-01
  5.742996569E-01  5.796053951E-01  5.870868806E-01  5.921628717E-01  5.911370005E-01
  5.789885157E-01  5.485021680E-01  4.969904397E-01  4.173140539E-01  3.070318223E-01
  1.619328747E-01 -2.233944174E-02 -2.212747750E-01 -4.097403605E-01 -5.785180011E-01
 -7.152737836E-01 -8.056003599E-01 -8.367448822E-01 -8.056003599E-01 -7.152737836E-01
 -5.785180011E-01 -4.097403605E-01 -2.212747750E-01 -2.233944174E-02  1.619328747E-01
  3.070318223E-01  4.173140539E-01  4.969904397E-01  5.485021680E-01  5.789885157E-01
  5.911370005E-01  5.921628717E-01  5.870868806E-01  5.796053951E-01  5.742996569E-01
  5.790249001E-01  5.815074720E-01  5.870868806E-01  5.950297479E-01  6.010845365E-01
  6.013818985E-01  5.917345906E-01  5.656523845E-01  5.202352032E-01  4.494343644E-01
  3.500760711E-01  2.220893902E-01  5.966017755E-02 -1.235721970E-01 -3.004943228E-01
 -4.548268869E-01 -5.785177258E-01 -6.597523081E-01 -6.868679913E-01 -6.597523081E-01
 -5.785177258E-01 -4.548268869E-01 -3.004943228E-01 -1.235721970E-01  5.966017755E-02
  2.220893902E-01  3.500760711E-01  4.494343644E-01  5.202352032E-01  5.656523845E-01
  5.917345906E-01  6.013818985E-01  6.010845365E-01  5.950297479E-01  5.870868806E-01
  5.815074720E-01  5.831489080E-01  5.855553338E-01  5.921628717E-01  6.010845365E-01
  6.089119358E-01  6.121795047E-01  6.061156183E-01  5.852350025E-01  5.470253285E-01
  4.885129736E-01  4.034766538E-01  2.937987846E-01  1.585592851E-01  5.216302035E-04
 -1.600997474E-01 -3.004939601E-01 -4.097397231E-01 -4.806515484E-01 -5.044888385E-01
 -4.806515484E-01 -4.097397231E-01 -3.004939601E-01 -1.600997474E-01  5.216302035E-04
  1.585592851E-01  2.937987846E-01  4.034766538E-01  4.885129736E-01  5.470253285E-01
  5.852350025E-01  6.061156183E-01  6.121795047E-01  6.089119358E-01  6.010845365E-01
  5.921628717E-01  5.855553338E-01  5.806991755E-01  5.835214972E-01  5.911370005E-01
  6.013818985E-01  6.121795047E-01  6.187446012E-01  6.171313413E-01  6.041578677E-01
  5.750325882E-01  5.286004708E-01  4.594268047E-01  3.692286131E-01  2.609597186E-01
  1.346179523E-01  5.220628279E-04 -1.235714030E-01 -2.212737080E-01 -2.834101759E-01
 -3.043871576E-01 -2.834101759E-01 -2.212737080E-01 -1.235714030E-01  5.220628279E-04
  1.346179523E-01  2.609597186E-01  3.692286131E-01  4.594268047E-01  5.286004708E-01
  5.750325882E-01  6.041578677E-01  6.171313413E-01  6.187446012E-01  6.121795047E-01
  6.013818985E-01  5.911370005E-01  5.835214972E-01  5.656741731E-01  5.694729312E-01
  5.789885157E-01  5.917345906E-01  6.061156183E-01  6.171313413E-01  6.216959174E-01
  6.178683160E-01  5.993483108E-01  5.649890027E-01  5.125942181E-01  4.423740817E-01
  3.576134610E-01  2.609602043E-01  1.585602014E-01  5.966145204E-02 -2.233789755E-02
 -7.547955377E-02 -9.340613120E-02 -7.547955377E-02 -2.233789755E-02  5.966145204E-02
  1.585602014E-01  2.609602043E-01  3.576134610E-01  4.423740817E-01  5.125942181E-01
  5.649890027E-01  5.993483108E-01  6.178683160E-01  6.216959174E-01  6.171313413E-01
  6.061156183E-01  5.917345906E-01  5.789885157E-01  5.694729312E-01  5.328806718E-01
  5.369437581E-01  5.485021680E-01  5.656523845E-01  5.852350025E-01  6.041578677E-01
  6.178683160E-01  6.227103767E-01  6.152794146E-01  5.937801463E-01  5.580971481E-01
  5.071242009E-01  4.423746052E-01  3.692296197E-01  2.938002175E-01  2.220911759E-01
  1.619349252E-01  1.215159110E-01  1.073466152E-01  1.215159110E-01  1.619349252E-01
  2.220911759E-01  2.938002175E-01  3.692296197E-01  4.423746052E-01  5.071242009E-01
  5.580971481E-01  5.937801463E-01  6.152794146E-01  6.227103767E-01  6.178683160E-01
  6.041578677E-01  5.852350025E-01  5.656523845E-01  5.485021680E-01  5.369437581E-01
  4.760104264E-01  4.815459053E-01  4.969904397E-01  5.202352032E-01  5.470253285E-01
  5.750325882E-01  5.993483108E-01  6.152794146E-01  6.211965240E-01  6.131282480E-01
  5.917656412E-01  5.580976959E-01  5.125952865E-01  4.594283511E-01  4.034786196E-01
  3.500783826E-01  3.070343921E-01  2.788058360E-01  2.683837386E-01  2.788058360E-01
  3.070343921E-01  3.500783826E-01  4.034786196E-01  4.594283511E-01  5.125952865E-01
  5.580976959E-01  5.917656412E-01  6.131282480E-01  6.211965240E-01  6.152794146E-01
  5.993483108E-01  5.750325882E-01  5.470253285E-01  5.202352032E-01  4.969904397E-01
  4.815459053E-01  3.880769172E-01  3.961706365E-01  4.173140539E-01  4.494343644E-01
  4.885129736E-01  5.286004708E-01  5.649890027E-01  5.937801463E-01  6.131282480E-01
  6.199943786E-01  6.131288076E-01  5.937812507E-01  5.649906222E-01  5.286025605E-01
  4.885154739E-01  4.494372014E-01  4.173171416E-01  3.961738788E-01  3.880802118E-01
  3.961738788E-01  4.173171416E-01  4.494372014E-01  4.885154739E-01  5.286025605E-01
  5.649906222E-01  5.937812507E-01  6.131288076E-01  6.199943786E-01  6.131282480E-01
  5.937801463E-01  5.649890027E-01  5.286004708E-01  4.885129736E-01  4.494343644E-01
  4.173140539E-01  3.961706365E-01  2.683809549E-01  2.788031065E-01  3.070318223E-01
  3.500760711E-01  4.034766538E-01  4.594268047E-01  5.125942181E-01  5.580971481E-01
  5.917656412E-01  6.131288076E-01  6.211976402E-01  6.152810698E-01  5.993504729E-01
  5.750352106E-01  5.470283509E-01  5.202385522E-01  4.969940309E-01  4.815496456E-01
  4.760142170E-01  4.815496456E-01  4.969940309E-01  5.202385522E-01  5.470283509E-01
  5.750352106E-01  5.993504729E-01  6.152810698E-01  6.211976402E-01  6.131288076E-01
  5.917656412E-01  5.580971481E-01  5.125942181E-01  4.594268047E-01  4.034766538E-01
  3.500760711E-01  3.070318223E-01  2.788031065E-01  1.073443446E-01  1.215136962E-01
  1.619328747E-01  2.220893902E-01  2.937987846E-01  3.692286131E-01  4.423740817E-01
  5.071242009E-01  5.580976959E-01  5.937812507E-01  6.152810698E-01  6.227125625E-01
  6.178709984E-01  6.041609988E-01  5.852385217E-01  5.656562194E-01  5.485062362E-01
  5.369479695E-01  5.328849315E-01  5.369479695E-01  5.485062362E-01  5.656562194E-01
  5.852385217E-01  6.041609988E-01  6.178709984E-01  6.227125625E-01  6.152810698E-01
  5.937812507E-01  5.580976959E-01  5.071242009E-01  4.423740817E-01  3.692286131E-01
  2.937987846E-01  2.220893902E-01  1.619328747E-01  1.215136962E-01 -9.340790021E-02
 -7.548126579E-02 -2.233944174E-02  5.966017755E-02  1.585592851E-01  2.609597186E-01
  3.576134610E-01  4.423746052E-01  5.125952865E-01  5.649906222E-01  5.993504729E-01
  6.178709984E-01  6.216990843E-01  6.171349442E-01  6.061195967E-01  5.917388734E-01
  5.789930228E-01  5.694775756E-01  5.656788638E-01  5.694775756E-01  5.789930228E-01
  5.917388734E-01  6.061195967E-01  6.171349442E-01  6.216990843E-01  6.178709984E-01
  5.993504729E-01  5.649906222E-01  5.125952865E-01  4.423746052E-01  3.576134610E-01
  2.609597186E-01  1.585592851E-01  5.966017755E-02 -2.233944174E-02 -7.548126579E-02
 -3.043884527E-01 -2.834114132E-01 -2.212747750E-01 -1.235721970E-01  5.216302035E-04
  1.346179523E-01  2.609602043E-01  3.692296197E-01  4.594283511E-01  5.286025605E-01
  5.750352106E-01  6.041609988E-01  6.171349442E-01  6.187486269E-01  6.121838934E-01
  6.013865805E-01  5.911418979E-01  5.835265263E-01  5.807042489E-01  5.835265263E-01
  5.911418979E-01  6.013865805E-01  6.121838934E-01  6.187486269E-01  6.171349442E-01
  6.041609988E-01  5.750352106E-01  5.286025605E-01  4.594283511E-01  3.692296197E-01
  2.609602043E-01  1.346179523E-01  5.216302035E-04 -1.235721970E-01 -2.212747750E-01
 -2.834114132E-01 -5.044897060E-01 -4.806523575E-01 -4.097403605E-01 -3.004943228E-01
 -1.600997474E-01  5.220628279E-04  1.585602014E-01  2.938002175E-01  4.034786196E-01
  4.885154739E-01  5.470283509E-01  5.852385217E-01  6.061195967E-01  6.121838934E-01
  6.089166756E-01  6.010895591E-01  5.921681016E-01  5.855606901E-01  5.831543069E-01
  5.855606901E-01  5.921681016E-01  6.010895591E-01  6.089166756E-01  6.121838934E-01
  6.061195967E-01  5.852385217E-01  5.470283509E-01  4.885154739E-01  4.034786196E-01
  2.938002175E-01  1.585602014E-01  5.220628279E-04 -1.600997474E-01 -3.004943228E-01
 -4.097403605E-01 -4.806523575E-01 -6.868684975E-01 -6.597527557E-01 -5.785180011E-01
 -4.548268869E-01 -3.004939601E-01 -1.235714030E-01  5.966145204E-02  2.220911759E-01
  3.500783826E-01  4.494372014E-01  5.202385522E-01  5.656562194E-01  5.917388734E-01
  6.013865805E-01  6.010895591E-01  5.950350443E-01  5.870923772E-01  5.815130906E-01
  5.790305597E-01  5.815130906E-01  5.870923772E-01  5.950350443E-01  6.010895591E-01
  6.013865805E-01  5.917388734E-01  5.656562194E-01  5.202385522E-01  4.494372014E-01
  3.500783826E-01  2.220911759E-01  5.966145204E-02 -1.235714030E-01 -3.004939601E-01
 -4.548268869E-01 -5.785180011E-01 -6.597527557E-01 -8.367451133E-01 -8.056005323E-01
 -7.152737836E-01 -5.785177258E-01 -4.097397231E-01 -2.212737080E-01 -2.233789755E-02
  1.619349252E-01  3.070343921E-01  4.173171416E-01  4.969940309E-01  5.485062362E-01
  5.789930228E-01  5.911418979E-01  5.921681016E-01  5.870923772E-01  5.796110865E-01
  5.743054667E-01  5.716588119E-01  5.743054667E-01  5.796110865E-01  5.870923772E-01
  5.921681016E-01  5.911418979E-01  5.789930228E-01  5.485062362E-01  4.969940309E-01
  4.173171416E-01  3.070343921E-01  1.619349252E-01 -2.233789755E-02 -2.212737080E-01
 -4.097397231E-01 -5.785177258E-01 -7.152737836E-01 -8.056005323E-01 -9.341334192E-01
 -9.012680913E-01 -8.056003599E-01 -6.597523081E-01 -4.806515484E-01 -2.834101759E-01
 -7.547955377E-02  1.215159110E-01  2.788058360E-01  3.961738788E-01  4.815496456E-01
  5.369479695E-01  5.694775756E-01  5.835265263E-01  5.855606901E-01  5.815130906E-01
  5.743054667E-01  5.687472705E-01  5.661860576E-01  5.687472705E-01  5.743054667E-01
  5.815130906E-01  5.855606901E-01  5.835265263E-01  5.694775756E-01  5.369479695E-01
  4.815496456E-01  3.961738788E-01  2.788058360E-01  1.215159110E-01 -7.547955377E-02
 -2.834101759E-01 -4.806515484E-01 -6.597523081E-01 -8.056003599E-01 -9.012680913E-01
 -9.667490064E-01 -9.341333604E-01 -8.367448822E-01 -6.868679913E-01 -5.044888385E-01
 -3.043871576E-01 -9.340613120E-02  1.073466152E-01  2.683837386E-01  3.880802118E-01
  4.760142170E-01  5.328849315E-01  5.656788638E-01  5.807042489E-01  5.831543069E-01
  5.790305597E-01  5.716588119E-01  5.661860576E-01  5.639370647E-01  5.661860576E-01
  5.716588119E-01  5.790305597E-01  5.831543069E-01  5.807042489E-01  5.656788638E-01
  5.328849315E-01  4.760142170E-01  3.880802118E-01  2.683837386E-01  1.073466152E-01
 -9.340613120E-02 -3.043871576E-01 -5.044888385E-01 -6.868679913E-01 -8.367448822E-01
 -9.341333604E-01 -9.341334192E-01 -9.012680913E-01 -8.056003599E-01 -6.597523081E-01
 -4.806515484E-01 -2.834101759E-01 -7.547955377E-02  1.215159110E-01  2.788058360E-01
  3.961738788E-01  4.815496456E-01  5.369479695E-01  5.694775756E-01  5.835265263E-01
  5.855606901E-01  5.815130906E-01  5.743054667E-01  5.687472705E-01  5.661860576E-01
  5.687472705E-01  5.743054667E-01  5.815130906E-01  5.855606901E-01  5.835265263E-01
  5.694775756E-01  5.369479695E-01  4.815496456E-01  3.961738788E-01  2.788058360E-01
  1.215159110E-01 -7.547955377E-02 -2.834101759E-01 -4.806515484E-01 -6.597523081E-01
 -8.056003599E-01 -9.012680913E-01 -8.367451133E-01 -8.056005323E-01 -7.152737836E-01
 -5.785177258E-01 -4.097397231E-01 -2.212737080E-01 -2.233789755E-02  1.619349252E-01
  3.070343921E-01  4.173171416E-01  4.969940309E-01  5.485062362E-01  5.789930228E-01
  5.911418979E-01  5.921681016E-01  5.870923772E-01  5.796110865E-01  5.743054667E-01
  5.716588119E-01  5.743054667E-01  5.796110865E-01  5.870923772E-01  5.921681016E-01
  5.911418979E-01  5.789930228E-01  5.485062362E-01  4.969940309E-01  4.173171416E-01
  3.070343921E-01  1.619349252E-01 -2.233789755E-02 -2.212737080E-01 -4.097397231E-01
 -5.785177258E-01 -7.152737836E-01 -8.056005323E-01 -6.868684975E-01 -6.597527557E-01
 -5.785180011E-01 -4.548268869E-01 -3.004939601E-01 -1.235714030E-01  5.966145204E-02
  2.220911759E-01  3.500783826E-01  4.494372014E-01  5.202385522E-01  5.656562194E-01
  5.917388734E-01  6.013865805E-01  6.010895591E-01  5.950350443E-01  5.870923772E-01
  5.815130906E-01  5.790305597E-01  5.815130906E-01  5.870923772E-01  5.950350443E-01
  6.010895591E-01  6.013865805E-01  5.917388734E-01  5.656562194E-01  5.202385522E-01
  4.494372014E-01  3.500783826E-01  2.220911759E-01  5.966145204E-02 -1.235714030E-01
 -3.004939601E-01 -4.548268869E-01 -5.785180011E-01 -6.597527557E-01 -5.044897060E-01
 -4.806523575E-01 -4.097403605E-01 -3.004943228E-01 -1.600997474E-01  5.220628279E-04
  1.585602014E-01  2.938002175E-01  4.034786196E-01  4.885154739E-01  5.470283509E-01
  5.852385217E-01  6.061195967E-01  6.121838934E-01  6.089166756E-01  6.010895591E-01
  5.921681016E-01  5.855606901E-01  5.831543069E-01  5.855606901E-01  5.921681016E-01
  6.010895591E-01  6.089166756E-01  6.121838934E-01  6.061195967E-01  5.852385217E-01
  5.470283509E-01  4.885154739E-01  4.034786196E-01  2.938002175E-01  1.585602014E-01
  5.220628279E-04 -1.600997474E-01 -3.004943228E-01 -4.097403605E-01 -4.806523575E-01
 -3.043884527E-01 -2.834114132E-01 -2.212747750E-01 -1.235721970E-01  5.216302035E-04
  1.346179523E-01  2.609602043E-01  3.692296197E-01  4.594283511E-01  5.286025605E-01
  5.750352106E-01  6.041609988E-01  6.171349442E-01  6.187486269E-01  6.121838934E-01
  6.013865805E-01  5.911418979E-01  5.835265263E-01  5.807042489E-01  5.835265263E-01
  5.911418979E-01  6.013865805E-01  6.121838934E-01  6.187486269E-01  6.171349442E-01
  6.041609988E-01  5.750352106E-01  5.286025605E-01  4.594283511E-01  3.692296197E-01
  2.609602043E-01  1.346179523E-01  5.216302035E-04 -1.235721970E-01 -2.212747750E-01
 -2.834114132E-01 -9.340790021E-02 -7.548126579E-02 -2.233944174E-02  5.966017755E-02
  1.585592851E-01  2.609597186E-01  3.576134610E-01  4.423746052E-01  5.125952865E-01
  5.649906222E-01  5.993504729E-01  6.178709984E-01  6.216990843E-01  6.171349442E-01
  6.061195967E-01  5.917388734E-01  5.789930228E-01  5.694775756E-01  5.656788638E-01
  5.694775756E-01  5.789930228E-01  5.917388734E-01  6.061195967E-01  6.171349442E-01
  6.216990843E-01  6.178709984E-01  5.993504729E-01  5.649906222E-01  5.125952865E-01
  4.423746052E-01  3.576134610E-01  2.609597186E-01  1.585592851E-01  5.966017755E-02
 -2.233944174E-02 -7.548126579E-02  1.073443446E-01  1.215136962E-01  1.619328747E-01
  2.220893902E-01  2.937987846E-01  3.692286131E-01  4.423740817E-01  5.071242009E-01
  5.580976959E-01  5.937812507E-01  6.152810698E-01  6.227125625E-01  6.178709984E-01
  6.041609988E-01  5.852385217E-01  5.656562194E-01  5.485062362E-01  5.369479695E-01
  5.328849315E-01  5.369479695E-01  5.485062362E-01  5.656562194E-01  5.852385217E-01
  6.041609988E-01  6.178709984E-01  6.227125625E-01  6.152810698E-01  5.937812507E-01
  5.580976959E-01  5.071242009E-01  4.423740817E-01  3.692286131E-01  2.937987846E-01
  2.220893902E-01  1.619328747E-01  1.215136962E-01  2.683809549E-01  2.788031065E-01
  3.070318223E-01  3.500760711E-01  4.034766538E-01  4.594268047E-01  5.125942181E-01
  5.580971481E-01  5.917656412E-01  6.131288076E-01  6.211976402E-01  6.152810698E-01
  5.993504729E-01  5.750352106E-01  5.470283509E-01  5.202385522E-01  4.969940309E-01
  4.815496456E-01  4.760142170E-01  4.815496456E-01  4.969940309E-01  5.202385522E-01
  5.470283509E-01  5.750352106E-01  5.993504729E-01  6.152810698E-01  6.211976402E-01
  6.131288076E-01  5.917656412E-01  5.580971481E-01  5.125942181E-01  4.594268047E-01
  4.034766538E-01  3.500760711E-01  3.070318223E-01  2.788031065E-01  3.880769172E-01
  3.961706365E-01  4.173140539E-01  4.494343644E-01  4.885129736E-01  5.286004708E-01
  5.649890027E-01  5.937801463E-01  6.131282480E-01  6.199943786E-01  6.131288076E-01
  5.937812507E-01  5.649906222E-01  5.286025605E-01  4.885154739E-01  4.494372014E-01
  4.173171416E-01  3.961738788E-01  3.880802118E-01  3.961738788E-01  4.173171416E-01
  4.494372014E-01  4.885154739E-01  5.286025605E-01  5.649906222E-01  5.937812507E-01
  6.131288076E-01  6.199943786E-01  6.131282480E-01  5.937801463E-01  5.649890027E-01
  5.286004708E-01  4.885129736E-01  4.494343644E-01  4.173140539E-01  3.961706365E-01
  4.760104264E-01  4.815459053E-01  4.969904397E-01  5.202352032E-01  5.470253285E-01
  5.750325882E-01  5.993483108E-01  6.152794146E-01  6.211965240E-01  6.131282480E-01
  5.917656412E-01  5.580976959E-01  5.125952865E-01  4.594283511E-01  4.034786196E-01
  3.500783826E-01  3.070343921E-01  2.788058360E-01  2.683837386E-01  2.788058360E-01
  3.070343921E-01  3.500783826E-01  4.034786196E-01  4.594283511E-01  5.125952865E-01
  5.580976959E-01  5.917656412E-01  6.131282480E-01  6.211965240E-01  6.152794146E-01
  5.993483108E-01  5.750325882E-01  5.470253285E-01  5.202352032E-01  4.969904397E-01
  4.815459053E-01  5.328806718E-01  5.369437581E-01  5.485021680E-01  5.656523845E-01
  5.852350025E-01  6.041578677E-01  6.178683160E-01  6.227103767E-01  6.152794146E-01
  5.937801463E-01  5.580971481E-01  5.071242009E-01  4.423746052E-01  3.692296197E-01
  2.938002175E-01  2.220911759E-01  1.619349252E-01  1.215159110E-01  1.073466152E-01
  1.215159110E-01  1.619349252E-01  2.220911759E-01  2.938002175E-01  3.692296197E-01
  4.423746052E-01  5.071242009E-01  5.580971481E-01  5.937801463E-01  6.152794146E-01
  6.227103767E-01  6.178683160E-01  6.041578677E-01  5.852350025E-01  5.656523845E-01
  5.485021680E-01  5.369437581E-01  5.656741731E-01  5.694729312E-01  5.789885157E-01
  5.917345906E-01  6.061156183E-01  6.171313413E-01  6.216959174E-01  6.178683160E-01
  5.993483108E-01  5.649890027E-01  5.125942181E-01  4.423740817E-01  3.576134610E-01
  2.609602043E-01  1.585602014E-01  5.966145204E-02 -2.233789755E-02 -7.547955377E-02
 -9.340613120E-02 -7.547955377E-02 -2.233789755E-02  5.966145204E-02  1.585602014E-01
  2.609602043E-01  3.576134610E-01  4.423740817E-01  5.125942181E-01  5.649890027E-01
  5.993483108E-01  6.178683160E-01  6.216959174E-01  6.171313413E-01  6.061156183E-01
  5.917345906E-01  5.789885157E-01  5.694729312E-01  5.806991755E-01  5.835214972E-01
  5.911370005E-01  6.013818985E-01  6.121795047E-01  6.187446012E-01  6.171313413E-01
  6.041578677E-01  5.750325882E-01  5.286004708E-01  4.594268047E-01  3.692286131E-01
  2.609597186E-01  1.346179523E-01  5.220628279E-04 -1.235714030E-01 -2.212737080E-01
 -2.834101759E-01 -3.043871576E-01 -2.834101759E-01 -2.212737080E-01 -1.235714030E-01
  5.220628279E-04  1.346179523E-01  2.609597186E-01  3.692286131E-01  4.594268047E-01
  5.286004708E-01  5.750325882E-01  6.041578677E-01  6.171313413E-01  6.187446012E-01
  6.121795047E-01  6.013818985E-01  5.911370005E-01  5.835214972E-01  5.831489080E-01
  5.855553338E-01  5.921628717E-01  6.010845365E-01  6.089119358E-01  6.121795047E-01
  6.061156183E-01  5.852350025E-01  5.470253285E-01  4.885129736E-01  4.034766538E-01
  2.937987846E-01  1.585592851E-01  5.216302035E-04 -1.600997474E-01 -3.004939601E-01
 -4.097397231E-01 -4.806515484E-01 -5.044888385E-01 -4.806515484E-01 -4.097397231E-01
 -3.004939601E-01 -1.600997474E-01  5.216302035E-04  1.585592851E-01  2.937987846E-01
  4.034766538E-01  4.885129736E-01  5.470253285E-01  5.852350025E-01  6.061156183E-01
  6.121795047E-01  6.089119358E-01  6.010845365E-01  5.921628717E-01  5.855553338E-01
  5.790249001E-01  5.815074720E-01  5.870868806E-01  5.950297479E-01  6.010845365E-01
  6.013818985E-01  5.917345906E-01  5.656523845E-01  5.202352032E-01  4.494343644E-01
  3.500760711E-01  2.220893902E-01  5.966017755E-02 -1.235721970E-01 -3.004943228E-01
 -4.548268869E-01 -5.785177258E-01 -6.597523081E-01 -6.868679913E-01 -6.597523081E-01
 -5.785177258E-01 -4.548268869E-01 -3.004943228E-01 -1.235721970E-01  5.966017755E-02
  2.220893902E-01  3.500760711E-01  4.494343644E-01  5.202352032E-01  5.656523845E-01
  5.917345906E-01  6.013818985E-01  6.010845365E-01  5.950297479E-01  5.870868806E-01
  5.815074720E-01  5.716529622E-01  5.742996569E-01  5.796053951E-01  5.870868806E-01
  5.921628717E-01  5.911370005E-01  5.789885157E-01  5.485021680E-01  4.969904397E-01
  4.173140539E-01  3.070318223E-01  1.619328747E-01 -2.233944174E-02 -2.212747750E-01
 -4.097403605E-01 -5.785180011E-01 -7.152737836E-01 -8.056003599E-01 -8.367448822E-01
 -8.056003599E-01 -7.152737836E-01 -5.785180011E-01 -4.097403605E-01 -2.212747750E-01
 -2.233944174E-02  1.619328747E-01  3.070318223E-01  4.173140539E-01  4.969904397E-01
  5.485021680E-01  5.789885157E-01  5.911370005E-01  5.921628717E-01  5.870868806E-01
  5.796053951E-01  5.742996569E-01  5.661800925E-01  5.687413443E-01  5.742996569E-01
  5.815074720E-01  5.855553338E-01  5.835214972E-01  5.694729312E-01  5.369437581E-01
  4.815459053E-01  3.961706365E-01  2.788031065E-01  1.215136962E-01 -7.548126579E-02
 -2.834114132E-01 -4.806523575E-01 -6.597527557E-01 -8.056005323E-01 -9.012680913E-01
 -9.341333604E-01 -9.012680913E-01 -8.056005323E-01 -6.597527557E-01 -4.806523575E-01
 -2.834114132E-01 -7.548126579E-02  1.215136962E-01  2.788031065E-01  3.961706365E-01
  4.815459053E-01  5.369437581E-01  5.694729312E-01  5.835214972E-01  5.855553338E-01
  5.815074720E-01  5.742996569E-01  5.687413443E-01  6.400138627E-01  6.399527366E-01
  6.396901286E-01  6.383677248E-01  6.311296958E-01  6.145815601E-01  5.807001225E-01
  5.267682238E-01  4.435081912E-01  3.237249715E-01  1.603538286E-01 -5.828203868E-02
 -3.043884527E-01 -5.543694518E-01 -8.058343710E-01 -1.034753749E+00 -1.212570293E+00
 -1.324072744E+00 -1.361357095E+00 -1.324072744E+00 -1.212570293E+00 -1.034753749E+00
 -8.058343710E-01 -5.543694518E-01 -3.043884527E-01 -5.828203868E-02  1.603538286E-01
  3.237249715E-01  4.435081912E-01  5.267682238E-01  5.807001225E-01  6.145815601E-01
  6.311296958E-01  6.383677248E-01  6.396901286E-01  6.399527366E-01  6.399527366E-01
  6.405913461E-01  6.410112022E-01  6.398913038E-01  6.325131386E-01  6.161907777E-01
  5.835224405E-01  5.304706386E-01  4.490893949E-01  3.325358382E-01  1.735637546E-01
 -4.040295261E-02 -2.834114132E-01 -5.288403691E-01 -7.749814131E-01 -1.000858334E+00
 -1.176249670E+00 -1.286580791E+00 -1.324072690E+00 -1.286580791E+00 -1.176249670E+00
 -1.000858334E+00 -7.749814131E-01 -5.288403691E-01 -2.834114132E-01 -4.040295261E-02
  1.735637546E-01  3.325358382E-01  4.490893949E-01  5.304706386E-01  5.835224405E-01
  6.161907777E-01  6.325131386E-01  6.398913038E-01  6.410112022E-01  6.405913461E-01
  6.396901286E-01  6.410112022E-01  6.417195110E-01  6.412119310E-01  6.352277801E-01
  6.206044075E-01  5.911379329E-01  5.418739242E-01  4.662472037E-01  3.567280608E-01
  2.090173814E-01  1.077894123E-02 -2.212747750E-01 -4.557748296E-01 -6.862360463E-01
 -9.000162389E-01 -1.069231125E+00 -1.176249512E+00 -1.212570083E+00 -1.176249512E+00
 -1.069231125E+00 -9.000162389E-01 -6.862360463E-01 -4.557748296E-01 -2.212747750E-01
  1.077894123E-02  2.090173814E-01  3.567280608E-01  4.662472037E-01  5.418739242E-01
  5.911379329E-01  6.206044075E-01  6.352277801E-01  6.412119310E-01  6.417195110E-01
  6.410112022E-01  6.383677248E-01  6.398913038E-01  6.412119310E-01  6.421857094E-01
  6.385399685E-01  6.266508537E-01  6.013828123E-01  5.582766680E-01  4.922366968E-01
  3.941438290E-01  2.626636704E-01  8.880969342E-02 -1.235721970E-01 -3.430918901E-01
 -5.518768588E-01 -7.436309875E-01 -9.000159885E-01 -1.000857927E+00 -1.034753288E+00
 -1.000857927E+00 -9.000159885E-01 -7.436309875E-01 -5.518768588E-01 -3.430918901E-01
 -1.235721970E-01  8.880969342E-02  2.626636704E-01  3.941438290E-01  4.922366968E-01
  5.582766680E-01  6.013828123E-01  6.266508537E-01  6.385399685E-01  6.421857094E-01
  6.412119310E-01  6.398913038E-01  6.311296958E-01  6.325131386E-01  6.352277801E-01
  6.385399685E-01  6.377600010E-01  6.304956102E-01  6.121803922E-01  5.769036690E-01
  5.215702221E-01  4.387924512E-01  3.270333610E-01  1.827955707E-01  5.216302035E-04
 -1.975579739E-01 -3.850807493E-01 -5.518765302E-01 -6.862354678E-01 -7.749806781E-01
 -8.058335827E-01 -7.749806781E-01 -6.862354678E-01 -5.518765302E-01 -3.850807493E-01
 -1.975579739E-01  5.216302035E-04  1.827955707E-01  3.270333610E-01  4.387924512E-01
  5.215702221E-01  5.769036690E-01  6.121803922E-01  6.304956102E-01  6.377600010E-01
  6.385399685E-01  6.352277801E-01  6.325131386E-01  6.145815601E-01  6.161907777E-01
  6.206044075E-01  6.266508537E-01  6.304956102E-01  6.290436171E-01  6.187454550E-01
  5.939375243E-01  5.510143709E-01  4.854257922E-01  3.937773814E-01  2.788315801E-01
  1.346179523E-01 -3.211935375E-02 -1.975575842E-01 -3.430911731E-01 -4.557738643E-01
 -5.288392486E-01 -5.543682786E-01 -5.288392486E-01 -4.557738643E-01 -3.430911731E-01
 -1.975575842E-01 -3.211935375E-02  1.346179523E-01  2.788315801E-01  3.937773814E-01
  4.854257922E-01  5.510143709E-01  5.939375243E-01  6.187454550E-01  6.290436171E-01
  6.304956102E-01  6.266508537E-01  6.206044075E-01  6.161907777E-01  5.807001225E-01
  5.835224405E-01  5.911379329E-01  6.013828123E-01  6.121803922E-01  6.187454550E-01
  6.171321541E-01  6.041586330E-01  5.750333009E-01  5.286011273E-01  4.594274033E-01
  3.692291541E-01  2.609602043E-01  1.346183869E-01  5.224523235E-04 -1.235710509E-01
 -2.212733839E-01 -2.834098694E-01 -3.043868570E-01 -2.834098694E-01 -2.212733839E-01
 -1.235710509E-01  5.224523235E-04  1.346183869E-01  2.609602043E-01  3.692291541E-01
  4.594274033E-01  5.286011273E-01  5.750333009E-01  6.041586330E-01  6.171321541E-01
  6.187454550E-01  6.121803922E-01  6.013828123E-01  5.911379329E-01  5.835224405E-01
  5.267682238E-01  5.304706386E-01  5.418739242E-01  5.582766680E-01  5.769036690E-01
  5.939375243E-01  6.041586330E-01  6.050405294E-01  5.907997666E-01  5.613251287E-01
  5.155020205E-01  4.499960819E-01  3.692296197E-01  2.788324775E-01  1.827968509E-01
  8.881129200E-02  1.078077944E-02 -4.040096534E-02 -5.828000080E-02 -4.040096534E-02
  1.078077944E-02  8.881129200E-02  1.827968509E-01  2.788324775E-01  3.692296197E-01
  4.499960819E-01  5.155020205E-01  5.613251287E-01  5.907997666E-01  6.050405294E-01
  6.041586330E-01  5.939375243E-01  5.769036690E-01  5.582766680E-01  5.418739242E-01
  5.304706386E-01  4.435081912E-01  4.490893949E-01  4.662472037E-01  4.922366968E-01
  5.215702221E-01  5.510143709E-01  5.750333009E-01  5.907997666E-01  5.951056698E-01
  5.832358977E-01  5.565175250E-01  5.155025057E-01  4.594283511E-01  3.937787553E-01
  3.270351103E-01  2.626657302E-01  2.090196739E-01  1.735661912E-01  1.603563142E-01
  1.735661912E-01  2.090196739E-01  2.626657302E-01  3.270351103E-01  3.937787553E-01
  4.594283511E-01  5.155025057E-01  5.565175250E-01  5.832358977E-01  5.951056698E-01
  5.907997666E-01  5.750333009E-01  5.510143709E-01  5.215702221E-01  4.922366968E-01
  4.662472037E-01  4.490893949E-01  3.237249715E-01  3.325358382E-01  3.567280608E-01
  3.941438290E-01  4.387924512E-01  4.854257922E-01  5.286011273E-01  5.613251287E-01
  5.832358977E-01  5.915789939E-01  5.832363924E-01  5.613261054E-01  5.286025605E-01
  4.854276432E-01  4.387946680E-01  3.941463467E-01  3.567308029E-01  3.325387189E-01
  3.237278992E-01  3.325387189E-01  3.567308029E-01  3.941463467E-01  4.387946680E-01
  4.854276432E-01  5.286025605E-01  5.613261054E-01  5.832363924E-01  5.915789939E-01
  5.832358977E-01  5.613251287E-01  5.286011273E-01  4.854257922E-01  4.387924512E-01
  3.941438290E-01  3.567280608E-01  3.325358382E-01  1.603538286E-01  1.735637546E-01
  2.090173814E-01  2.626636704E-01  3.270333610E-01  3.937773814E-01  4.594274033E-01
  5.155020205E-01  5.565175250E-01  5.832363924E-01  5.951066559E-01  5.908012286E-01
  5.750352106E-01  5.510166879E-01  5.215728936E-01  4.922396583E-01  4.662503806E-01
  4.490927045E-01  4.435115456E-01  4.490927045E-01  4.662503806E-01  4.922396583E-01
  5.215728936E-01  5.510166879E-01  5.750352106E-01  5.908012286E-01  5.951066559E-01
  5.832363924E-01  5.565175250E-01  5.155020205E-01  4.594274033E-01  3.937773814E-01
  3.270333610E-01  2.626636704E-01  2.090173814E-01  1.735637546E-01 -5.828203868E-02
 -4.040295261E-02  1.077894123E-02  8.880969342E-02  1.827955707E-01  2.788315801E-01
  3.692291541E-01  4.499960819E-01  5.155025057E-01  5.613261054E-01  5.908012286E-01
  6.050424583E-01  6.041609988E-01  5.939402851E-01  5.769067719E-01  5.582800495E-01
  5.418775118E-01  5.304743528E-01  5.267719807E-01  5.304743528E-01  5.418775118E-01
  5.582800495E-01  5.769067719E-01  5.939402851E-01  6.041609988E-01  6.050424583E-01
  5.908012286E-01  5.613261054E-01  5.155025057E-01  4.499960819E-01  3.692291541E-01
  2.788315801E-01  1.827955707E-01  8.880969342E-02  1.077894123E-02 -4.040295261E-02
 -3.043884527E-01 -2.834114132E-01 -2.212747750E-01 -1.235721970E-01  5.216302035E-04
  1.346179523E-01  2.609602043E-01  3.692296197E-01  4.594283511E-01  5.286025605E-01
  5.750352106E-01  6.041609988E-01  6.171349442E-01  6.187486269E-01  6.121838934E-01
  6.013865805E-01  5.911418979E-01  5.835265263E-01  5.807042489E-01  5.835265263E-01
  5.911418979E-01  6.013865805E-01  6.121838934E-01  6.187486269E-01  6.171349442E-01
  6.041609988E-01  5.750352106E-01  5.286025605E-01  4.594283511E-01  3.692296197E-01
  2.609602043E-01  1.346179523E-01  5.216302035E-04 -1.235721970E-01 -2.212747750E-01
 -2.834114132E-01 -5.543694518E-01 -5.288403691E-01 -4.557748296E-01 -3.430918901E-01
 -1.975579739E-01 -3.211935375E-02  1.346183869E-01  2.788324775E-01  3.937787553E-01
  4.854276432E-01  5.510166879E-01  5.939402851E-01  6.187486269E-01  6.290471575E-01
  6.304994670E-01  6.266549664E-01  6.206087084E-01  6.161951936E-01  6.145860147E-01
  6.161951936E-01  6.206087084E-01  6.266549664E-01  6.304994670E-01  6.290471575E-01
  6.187486269E-01  5.939402851E-01  5.510166879E-01  4.854276432E-01  3.937787553E-01
  2.788324775E-01  1.346183869E-01 -3.211935375E-02 -1.975579739E-01 -3.430918901E-01
 -4.557748296E-01 -5.288403691E-01 -8.058343710E-01 -7.749814131E-01 -6.862360463E-01
 -5.518768588E-01 -3.850807493E-01 -1.975575842E-01  5.224523235E-04  1.827968509E-01
  3.270351103E-01  4.387946680E-01  5.215728936E-01  5.769067719E-01  6.121838934E-01
  6.304994670E-01  6.377641624E-01  6.385443755E-01  6.352323673E-01  6.325178359E-01
  6.311344301E-01  6.325178359E-01  6.352323673E-01  6.385443755E-01  6.377641624E-01
  6.304994670E-01  6.121838934E-01  5.769067719E-01  5.215728936E-01  4.387946680E-01
  3.270351103E-01  1.827968509E-01  5.224523235E-04 -1.975575842E-01 -3.850807493E-01
 -5.518768588E-01 -6.862360463E-01 -7.749814131E-01 -1.034753749E+00 -1.000858334E+00
 -9.000162389E-01 -7.436309875E-01 -5.518765302E-01 -3.430911731E-01 -1.235710509E-01
  8.881129200E-02  2.626657302E-01  3.941463467E-01  4.922396583E-01  5.582800495E-01
  6.013865805E-01  6.266549664E-01  6.385443755E-01  6.421903533E-01  6.412167484E-01
  6.398962269E-01  6.383726835E-01  6.398962269E-01  6.412167484E-01  6.421903533E-01
  6.385443755E-01  6.266549664E-01  6.013865805E-01  5.582800495E-01  4.922396583E-01
  3.941463467E-01  2.626657302E-01  8.881129200E-02 -1.235710509E-01 -3.430911731E-01
 -5.518765302E-01 -7.436309875E-01 -9.000162389E-01 -1.000858334E+00 -1.212570293E+00
 -1.176249670E+00 -1.069231125E+00 -9.000159885E-01 -6.862354678E-01 -4.557738643E-01
 -2.212733839E-01  1.078077944E-02  2.090196739E-01  3.567308029E-01  4.662503806E-01
  5.418775118E-01  5.911418979E-01  6.206087084E-01  6.352323673E-01  6.412167484E-01
  6.417244968E-01  6.410162905E-01  6.396952514E-01  6.410162905E-01  6.417244968E-01
  6.412167484E-01  6.352323673E-01  6.206087084E-01  5.911418979E-01  5.418775118E-01
  4.662503806E-01  3.567308029E-01  2.090196739E-01  1.078077944E-02 -2.212733839E-01
 -4.557738643E-01 -6.862354678E-01 -9.000159885E-01 -1.069231125E+00 -1.176249670E+00
 -1.324072744E+00 -1.286580791E+00 -1.176249512E+00 -1.000857927E+00 -7.749806781E-01
 -5.288392486E-01 -2.834098694E-01 -4.040096534E-02  1.735661912E-01  3.325387189E-01
  4.490927045E-01  5.304743528E-01  5.835265263E-01  6.161951936E-01  6.325178359E-01
  6.398962269E-01  6.410162905E-01  6.405965350E-01  6.399579592E-01  6.405965350E-01
  6.410162905E-01  6.398962269E-01  6.325178359E-01  6.161951936E-01  5.835265263E-01
  5.304743528E-01  4.490927045E-01  3.325387189E-01  1.735661912E-01 -4.040096534E-02
 -2.834098694E-01 -5.288392486E-01 -7.749806781E-01 -1.000857927E+00 -1.176249512E+00
 -1.286580791E+00 -1.361357095E+00 -1.324072690E+00 -1.212570083E+00 -1.034753288E+00
 -8.058335827E-01 -5.543682786E-01 -3.043868570E-01 -5.828000080E-02  1.603563142E-01
  3.237278992E-01  4.435115456E-01  5.267719807E-01  5.807042489E-01  6.145860147E-01
  6.311344301E-01  6.383726835E-01  6.396952514E-01  6.399579592E-01  6.400191188E-01
  6.399579592E-01  6.396952514E-01  6.383726835E-01  6.311344301E-01  6.145860147E-01
  5.807042489E-01  5.267719807E-01  4.435115456E-01  3.237278992E-01  1.603563142E-01
 -5.828000080E-02 -3.043868570E-01 -5.543682786E-01 -8.058335827E-01 -1.034753288E+00
 -1.212570083E+00 -1.324072690E+00 -1.324072744E+00 -1.286580791E+00 -1.176249512E+00
 -1.000857927E+00 -7.749806781E-01 -5.288392486E-01 -2.834098694E-01 -4.040096534E-02
  1.735661912E-01  3.325387189E-01  4.490927045E-01  5.304743528E-01  5.835265263E-01
  6.161951936E-01  6.325178359E-01  6.398962269E-01  6.410162905E-01  6.405965350E-01
  6.399579592E-01  6.405965350E-01  6.410162905E-01  6.398962269E-01  6.325178359E-01
  6.161951936E-01  5.835265263E-01  5.304743528E-01  4.490927045E-01  3.325387189E-01
  1.735661912E-01 -4.040096534E-02 -2.834098694E-01 -5.288392486E-01 -7.749806781E-01
 -1.000857927E+00 -1.176249512E+00 -1.286580791E+00 -1.212570293E+00 -1.176249670E+00
 -1.069231125E+00 -9.000159885E-01 -6.862354678E-01 -4.557738643E-01 -2.212733839E-01
  1.078077944E-02  2.090196739E-01  3.567308029E-01  4.662503806E-01  5.418775118E-01
  5.911418979E-01  6.206087084E-01  6.352323673E-01  6.412167484E-01  6.417244968E-01
  6.410162905E-01  6.396952514E-01  6.410162905E-01  6.417244968E-01  6.412167484E-01
  6.352323673E-01  6.206087084E-01  5.911418979E-01  5.418775118E-01  4.662503806E-01
  3.567308029E-01  2.090196739E-01  1.078077944E-02 -2.212733839E-01 -4.557738643E-01
 -6.862354678E-01 -9.000159885E-01 -1.069231125E+00 -1.176249670E+00 -1.034753749E+00
 -1.000858334E+00 -9.000162389E-01 -7.436309875E-01 -5.518765302E-01 -3.430911731E-01
 -1.235710509E-01  8.881129200E-02  2.626657302E-01  3.941463467E-01  4.922396583E-01
  5.582800495E-01  6.013865805E-01  6.266549664E-01  6.385443755E-01  6.421903533E-01
  6.412167484E-01  6.398962269E-01  6.383726835E-01  6.398962269E-01  6.412167484E-01
  6.421903533E-01  6.385443755E-01  6.266549664E-01  6.013865805E-01  5.582800495E-01
  4.922396583E-01  3.941463467E-01  2.626657302E-01  8.881129200E-02 -1.235710509E-01
 -3.430911731E-01 -5.518765302E-01 -7.436309875E-01 -9.000162389E-01 -1.000858334E+00
 -8.058343710E-01 -7.749814131E-01 -6.862360463E-01 -5.518768588E-01 -3.850807493E-01
 -1.975575842E-01  5.224523235E-04  1.827968509E-01  3.270351103E-01  4.387946680E-01
  5.215728936E-01  5.769067719E-01  6.121838934E-01  6.304994670E-01  6.377641624E-01
  6.385443755E-01  6.352323673E-01  6.325178359E-01  6.311344301E-01  6.325178359E-01
  6.352323673E-01  6.385443755E-01  6.377641624E-01  6.304994670E-01  6.121838934E-01
  5.769067719E-01  5.215728936E-01  4.387946680E-01  3.270351103E-01  1.827968509E-01
  5.224523235E-04 -1.975575842E-01 -3.850807493E-01 -5.518768588E-01 -6.862360463E-01
 -7.749814131E-01 -5.543694518E-01 -5.288403691E-01 -4.557748296E-01 -3.430918901E-01
 -1.975579739E-01 -3.211935375E-02  1.346183869E-01  2.788324775E-01  3.937787553E-01
  4.854276432E-01  5.510166879E-01  5.939402851E-01  6.187486269E-01  6.290471575E-01
  6.304994670E-01  6.266549664E-01  6.206087084E-01  6.161951936E-01  6.145860147E-01
  6.161951936E-01  6.206087084E-01  6.266549664E-01  6.304994670E-01  6.290471575E-01
  6.187486269E-01  5.939402851E-01  5.510166879E-01  4.854276432E-01  3.937787553E-01
  2.788324775E-01  1.346183869E-01 -3.211935375E-02 -1.975579739E-01 -3.430918901E-01
 -4.557748296E-01 -5.288403691E-01 -3.043884527E-01 -2.834114132E-01 -2.212747750E-01
 -1.235721970E-01  5.216302035E-04  1.346179523E-01  2.609602043E-01  3.692296197E-01
  4.594283511E-01  5.286025605E-01  5.750352106E-01  6.041609988E-01  6.171349442E-01
  6.187486269E-01  6.121838934E-01  6.013865805E-01  5.911418979E-01  5.835265263E-01
  5.807042489E-01  5.835265263E-01  5.911418979E-01  6.013865805E-01  6.121838934E-01
  6.187486269E-01  6.171349442E-01  6.041609988E-01  5.750352106E-01  5.286025605E-01
  4.594283511E-01  3.692296197E-01  2.609602043E-01  1.346179523E-01  5.216302035E-04
 -1.235721970E-01 -2.212747750E-01 -2.834114132E-01 -5.828203868E-02 -4.040295261E-02
  1.077894123E-02  8.880969342E-02  1.827955707E-01  2.788315801E-01  3.692291541E-01
  4.499960819E-01  5.155025057E-01  5.613261054E-01  5.908012286E-01  6.050424583E-01
  6.041609988E-01  5.939402851E-01  5.769067719E-01  5.582800495E-01  5.418775118E-01
  5.304743528E-01  5.267719807E-01  5.304743528E-01  5.418775118E-01  5.582800495E-01
  5.769067719E-01  5.939402851E-01  6.041609988E-01  6.050424583E-01  5.908012286E-01
  5.613261054E-01  5.155025057E-01  4.499960819E-01  3.692291541E-01  2.788315801E-01
  1.827955707E-01  8.880969342E-02  1.077894123E-02 -4.040295261E-02  1.603538286E-01
  1.735637546E-01  2.090173814E-01  2.626636704E-01  3.270333610E-01  3.937773814E-01
  4.594274033E-01  5.155020205E-01  5.565175250E-01  5.832363924E-01  5.951066559E-01
  5.908012286E-01  5.750352106E-01  5.510166879E-01  5.215728936E-01  4.922396583E-01
  4.662503806E-01  4.490927045E-01  4.435115456E-01  4.490927045E-01  4.662503806E-01
  4.922396583E-01  5.215728936E-01  5.510166879E-01  5.750352106E-01  5.908012286E-01
  5.951066559E-01  5.832363924E-01  5.565175250E-01  5.155020205E-01  4.594274033E-01
  3.937773814E-01  3.270333610E-01  2.626636704E-01  2.090173814E-01  1.735637546E-01
  3.237249715E-01  3.325358382E-01  3.567280608E-01  3.941438290E-01  4.387924512E-01
  4.854257922E-01  5.286011273E-01  5.613251287E-01  5.832358977E-01  5.915789939E-01
  5.832363924E-01  5.613261054E-01  5.286025605E-01  4.854276432E-01  4.387946680E-01
  3.941463467E-01  3.567308029E-01  3.325387189E-01  3.237278992E-01  3.325387189E-01
  3.567308029E-01  3.941463467E-01  4.387946680E-01  4.854276432E-01  5.286025605E-01
  5.613261054E-01  5.832363924E-01  5.915789939E-01  5.832358977E-01  5.613251287E-01
  5.286011273E-01  4.854257922E-01  4.387924512E-01  3.941438290E-01  3.567280608E-01
  3.325358382E-01  4.435081912E-01  4.490893949E-01  4.662472037E-01  4.922366968E-01
  5.215702221E-01  5.510143709E-01  5.750333009E-01  5.907997666E-01  5.951056698E-01
  5.832358977E-01  5.565175250E-01  5.155025057E-01  4.594283511E-01  3.937787553E-01
  3.270351103E-01  2.626657302E-01  2.090196739E-01  1.735661912E-01  1.603563142E-01
  1.735661912E-01  2.090196739E-01  2.626657302E-01  3.270351103E-01  3.937787553E-01
  4.594283511E-01  5.155025057E-01  5.565175250E-01  5.832358977E-01  5.951056698E-01
  5.907997666E-01  5.750333009E-01  5.510143709E-01  5.215702221E-01  4.922366968E-01
  4.662472037E-01  4.490893949E-01  5.267682238E-01  5.304706386E-01  5.418739242E-01
  5.582766680E-01  5.769036690E-01  5.939375243E-01  6.041586330E-01  6.050405294E-01
  5.907997666E-01  5.613251287E-01  5.155020205E-01  4.499960819E-01  3.692296197E-01
  2.788324775E-01  1.827968509E-01  8.881129200E-02  1.078077944E-02 -4.040096534E-02
 -5.828000080E-02 -4.040096534E-02  1.078077944E-02  8.881129200E-02  1.827968509E-01
  2.788324775E-01  3.692296197E-01  4.499960819E-01  5.155020205E-01  5.613251287E-01
  5.907997666E-01  6.050405294E-01  6.041586330E-01  5.939375243E-01  5.769036690E-01
  5.582766680E-01  5.418739242E-01  5.304706386E-01  5.807001225E-01  5.835224405E-01
  5.911379329E-01  6.013828123E-01  6.121803922E-01  6.187454550E-01  6.171321541E-01
  6.041586330E-01  5.750333009E-01  5.286011273E-01  4.594274033E-01  3.692291541E-01
  2.609602043E-01  1.346183869E-01  5.224523235E-04 -1.235710509E-01 -2.212733839E-01
 -2.834098694E-01 -3.043868570E-01 -2.834098694E-01 -2.212733839E-01 -1.235710509E-01
  5.224523235E-04  1.346183869E-01  2.609602043E-01  3.692291541E-01  4.594274033E-01
  5.286011273E-01  5.750333009E-01  6.041586330E-01  6.171321541E-01  6.187454550E-01
  6.121803922E-01  6.013828123E-01  5.911379329E-01  5.835224405E-01  6.145815601E-01
  6.161907777E-01  6.206044075E-01  6.266508537E-01  6.304956102E-01  6.290436171E-01
  6.187454550E-01  5.939375243E-01  5.510143709E-01  4.854257922E-01  3.937773814E-01
  2.788315801E-01  1.346179523E-01 -3.211935375E-02 -1.975575842E-01 -3.430911731E-01
 -4.557738643E-01 -5.288392486E-01 -5.543682786E-01 -5.288392486E-01 -4.557738643E-01
 -3.430911731E-01 -1.975575842E-01 -3.211935375E-02  1.346179523E-01  2.788315801E-01
  3.937773814E-01  4.854257922E-01  5.510143709E-01  5.939375243E-01  6.187454550E-01
  6.290436171E-01  6.304956102E-01  6.266508537E-01  6.206044075E-01  6.161907777E-01
  6.311296958E-01  6.325131386E-01  6.352277801E-01  6.385399685E-01  6.377600010E-01
  6.304956102E-01  6.121803922E-01  5.769036690E-01  5.215702221E-01  4.387924512E-01
  3.270333610E-01  1.827955707E-01  5.216302035E-04 -1.975579739E-01 -3.850807493E-01
 -5.518765302E-01 -6.862354678E-01 -7.749806781E-01 -8.058335827E-01 -7.749806781E-01
 -6.862354678E-01 -5.518765302E-01 -3.850807493E-01 -1.975579739E-01  5.216302035E-04
  1.827955707E-01  3.270333610E-01  4.387924512E-01  5.215702221E-01  5.769036690E-01
  6.121803922E-01  6.304956102E-01  6.377600010E-01  6.385399685E-01  6.352277801E-01
  6.325131386E-01  6.383677248E-01  6.398913038E-01  6.412119310E-01  6.421857094E-01
  6.385399685E-01  6.266508537E-01  6.013828123E-01  5.582766680E-01  4.922366968E-01
  3.941438290E-01  2.626636704E-01  8.880969342E-02 -1.235721970E-01 -3.430918901E-01
 -5.518768588E-01 -7.436309875E-01 -9.000159885E-01 -1.000857927E+00 -1.034753288E+00
 -1.000857927E+00 -9.000159885E-01 -7.436309875E-01 -5.518768588E-01 -3.430918901E-01
 -1.235721970E-01  8.880969342E-02  2.626636704E-01  3.941438290E-01  4.922366968E-01
  5.582766680E-01  6.013828123E-01  6.266508537E-01  6.385399685E-01  6.421857094E-01
  6.412119310E-01  6.398913038E-01  6.396901286E-01  6.410112022E-01  6.417195110E-01
  6.412119310E-01  6.352277801E-01  6.206044075E-01  5.911379329E-01  5.418739242E-01
  4.662472037E-01  3.567280608E-01  2.090173814E-01  1.077894123E-02 -2.212747750E-01
 -4.557748296E-01 -6.862360463E-01 -9.000162389E-01 -1.069231125E+00 -1.176249512E+00
 -1.212570083E+00 -1.176249512E+00 -1.069231125E+00 -9.000162389E-01 -6.862360463E-01
 -4.557748296E-01 -2.212747750E-01  1.077894123E-02  2.090173814E-01  3.567280608E-01
  4.662472037E-01  5.418739242E-01  5.911379329E-01  6.206044075E-01  6.352277801E-01
  6.412119310E-01  6.417195110E-01  6.410112022E-01  6.399527366E-01  6.405913461E-01
  6.410112022E-01  6.398913038E-01  6.325131386E-01  6.161907777E-01  5.835224405E-01
  5.304706386E-01  4.490893949E-01  3.325358382E-01  1.735637546E-01 -4.040295261E-02
 -2.834114132E-01 -5.288403691E-01 -7.749814131E-01 -1.000858334E+00 -1.176249670E+00
 -1.286580791E+00 -1.324072690E+00 -1.286580791E+00 -1.176249670E+00 -1.000858334E+00
 -7.749814131E-01 -5.288403691E-01 -2.834114132E-01 -4.040295261E-02  1.735637546E-01
  3.325358382E-01  4.490893949E-01  5.304706386E-01  5.835224405E-01  6.161907777E-01
  6.325131386E-01  6.398913038E-01  6.410112022E-01  6.405913461E-01  6.904436558E-01
  6.897188929E-01  6.860733512E-01  6.771332405E-01  6.599785041E-01  6.311305097E-01
  5.831506688E-01  5.107068125E-01  4.025245251E-01  2.521101920E-01  4.166797448E-02
 -2.223453469E-01 -5.044897060E-01 -8.058343710E-01 -1.104839889E+00 -1.361252634E+00
 -1.559780426E+00 -1.688402973E+00 -1.733085015E+00 -1.688402973E+00 -1.559780426E+00
 -1.361252634E+00 -1.104839889E+00 -8.058343710E-01 -5.044897060E-01 -2.223453469E-01
  4.166797448E-02  2.521101920E-01  4.025245251E-01  5.107068125E-01  5.831506688E-01
  6.311305097E-01  6.599785041E-01  6.771332405E-01  6.860733512E-01  6.897188929E-01
  6.897188929E-01  6.888373897E-01  6.852587261E-01  6.772746364E-01  6.608142636E-01
  6.325139494E-01  5.855570878E-01  5.147184734E-01  4.088899137E-01  2.621890136E-01
  5.754228787E-02 -2.024506233E-01 -4.806523575E-01 -7.749814131E-01 -1.069137368E+00
 -1.323253991E+00 -1.518363334E+00 -1.644280231E+00 -1.688402924E+00 -1.644280231E+00
 -1.518363334E+00 -1.323253991E+00 -1.069137368E+00 -7.749814131E-01 -4.806523575E-01
 -2.024506233E-01  5.754228787E-02  2.621890136E-01  4.088899137E-01  5.147184734E-01
  5.855570878E-01  6.325139494E-01  6.608142636E-01  6.772746364E-01  6.852587261E-01
  6.888373897E-01  6.860733512E-01  6.852587261E-01  6.817409592E-01  6.751101938E-01
  6.607162101E-01  6.352285816E-01  5.921646055E-01  5.267206914E-01  4.279618144E-01
  2.906842275E-01  1.019061382E-01 -1.437167103E-01 -4.097403605E-01 -6.862360463E-01
 -9.656657110E-01 -1.211880929E+00 -1.399424671E+00 -1.518363192E+00 -1.559780235E+00
 -1.518363192E+00 -1.399424671E+00 -1.211880929E+00 -9.656657110E-01 -6.862360463E-01
 -4.097403605E-01 -1.437167103E-01  1.019061382E-01  2.906842275E-01  4.279618144E-01
  5.267206914E-01  5.921646055E-01  6.352285816E-01  6.607162101E-01  6.751101938E-01
  6.817409592E-01  6.852587261E-01  6.771332405E-01  6.772746364E-01  6.751101938E-01
  6.704879688E-01  6.594174769E-01  6.385407545E-01  6.010862362E-01  5.432129067E-01
  4.561065964E-01  3.337707388E-01  1.683547389E-01 -5.265492146E-02 -3.004943228E-01
 -5.518768588E-01 -8.039093290E-01 -1.033770203E+00 -1.211880702E+00 -1.323253621E+00
 -1.361252216E+00 -1.323253621E+00 -1.211880702E+00 -1.033770203E+00 -8.039093290E-01
 -5.518768588E-01 -3.004943228E-01 -5.265492146E-02  1.683547389E-01  3.337707388E-01
  4.561065964E-01  5.432129067E-01  6.010862362E-01  6.385407545E-01  6.594174769E-01
  6.704879688E-01  6.751101938E-01  6.772746364E-01  6.599785041E-01  6.608142636E-01
  6.607162101E-01  6.594174769E-01  6.526191110E-01  6.377607652E-01  6.089135876E-01
  5.612744852E-01  4.889991405E-01  3.849189583E-01  2.466877109E-01  6.150367730E-02
 -1.600997474E-01 -3.850807493E-01 -6.021773465E-01 -8.039090315E-01 -9.656651869E-01
 -1.069136702E+00 -1.104839175E+00 -1.069136702E+00 -9.656651869E-01 -8.039090315E-01
 -6.021773465E-01 -3.850807493E-01 -1.600997474E-01  6.150367730E-02  2.466877109E-01
  3.849189583E-01  4.889991405E-01  5.612744852E-01  6.089135876E-01  6.377607652E-01
  6.526191110E-01  6.594174769E-01  6.607162101E-01  6.608142636E-01  6.311305097E-01
  6.325139494E-01  6.352285816E-01  6.385407545E-01  6.377607652E-01  6.304963463E-01
  6.121810946E-01  5.769043323E-01  5.215708421E-01  4.387930251E-01  3.270338872E-01
  1.827960493E-01  5.220628279E-04 -1.975575842E-01 -3.850803980E-01 -5.518762112E-01
 -6.862351735E-01 -7.749803994E-01 -8.058333094E-01 -7.749803994E-01 -6.862351735E-01
 -5.518762112E-01 -3.850803980E-01 -1.975575842E-01  5.220628279E-04  1.827960493E-01
  3.270338872E-01  4.387930251E-01  5.215708421E-01  5.769043323E-01  6.121810946E-01
  6.304963463E-01  6.377607652E-01  6.385407545E-01  6.352285816E-01  6.325139494E-01
  5.831506688E-01  5.855570878E-01  5.921646055E-01  6.010862362E-01  6.089135876E-01
  6.121810946E-01  6.061171331E-01  5.852364307E-01  5.470266605E-01  4.885142029E-01
  4.034777771E-01  2.937998025E-01  1.585602014E-01  5.224523235E-04 -1.600990087E-01
 -3.004932910E-01 -4.097391066E-01 -4.806509648E-01 -5.044882661E-01 -4.806509648E-01
 -4.097391066E-01 -3.004932910E-01 -1.600990087E-01  5.224523235E-04  1.585602014E-01
  2.937998025E-01  4.034777771E-01  4.885142029E-01  5.470266605E-01  5.852364307E-01
  6.061171331E-01  6.121810946E-01  6.089135876E-01  6.010862362E-01  5.921646055E-01
  5.855570878E-01  5.107068125E-01  5.147184734E-01  5.267206914E-01  5.432129067E-01
  5.612744852E-01  5.769043323E-01  5.852364307E-01  5.831478295E-01  5.637132074E-01
  5.267011401E-01  4.690772343E-01  3.894144712E-01  2.938002175E-01  1.827968509E-01
  6.150482319E-02 -5.265348812E-02 -1.437150600E-01 -2.024488377E-01 -2.223435154E-01
 -2.024488377E-01 -1.437150600E-01 -5.265348812E-02  6.150482319E-02  1.827968509E-01
  2.938002175E-01  3.894144712E-01  4.690772343E-01  5.267011401E-01  5.637132074E-01
  5.831478295E-01  5.852364307E-01  5.769043323E-01  5.612744852E-01  5.432129067E-01
  5.267206914E-01  5.147184734E-01  4.025245251E-01  4.088899137E-01  4.279618144E-01
  4.561065964E-01  4.889991405E-01  5.215708421E-01  5.470266605E-01  5.637132074E-01
  5.664056590E-01  5.513418100E-01  5.190694765E-01  4.690776649E-01  4.034786196E-01
  3.270351103E-01  2.466892707E-01  1.683565779E-01  1.019081871E-01  5.754446716E-02
  4.167019801E-02  5.754446716E-02  1.019081871E-01  1.683565779E-01  2.466892707E-01
  3.270351103E-01  4.034786196E-01  4.690776649E-01  5.190694765E-01  5.513418100E-01
  5.664056590E-01  5.637132074E-01  5.470266605E-01  5.215708421E-01  4.889991405E-01
  4.561065964E-01  4.279618144E-01  4.088899137E-01  2.521101920E-01  2.621890136E-01
  2.906842275E-01  3.337707388E-01  3.849189583E-01  4.387930251E-01  4.885142029E-01
  5.267011401E-01  5.513418100E-01  5.601208644E-01  5.513422482E-01  5.267020056E-01
  4.885154739E-01  4.387946680E-01  3.849209279E-01  3.337729777E-01  2.906866677E-01
  2.621915784E-01  2.521127989E-01  2.621915784E-01  2.906866677E-01  3.337729777E-01
  3.849209279E-01  4.387946680E-01  4.885154739E-01  5.267020056E-01  5.513422482E-01
  5.601208644E-01  5.513418100E-01  5.267011401E-01  4.885142029E-01  4.387930251E-01
  3.849189583E-01  3.337707388E-01  2.906842275E-01  2.621890136E-01  4.166797448E-02
  5.754228787E-02  1.019061382E-01  1.683547389E-01  2.466877109E-01  3.270338872E-01
  4.034777771E-01  4.690772343E-01  5.190694765E-01  5.513422482E-01  5.664065321E-01
  5.637145013E-01  5.470283509E-01  5.215728936E-01  4.890015068E-01  4.561092209E-01
  4.279646309E-01  4.088928485E-01  4.025274999E-01  4.088928485E-01  4.279646309E-01
  4.561092209E-01  4.890015068E-01  5.215728936E-01  5.470283509E-01  5.637145013E-01
  5.664065321E-01  5.513422482E-01  5.190694765E-01  4.690772343E-01  4.034777771E-01
  3.270338872E-01  2.466877109E-01  1.683547389E-01  1.019061382E-01  5.754228787E-02
 -2.223453469E-01 -2.024506233E-01 -1.437167103E-01 -5.265492146E-02  6.150367730E-02
  1.827960493E-01  2.937998025E-01  3.894144712E-01  4.690776649E-01  5.267020056E-01
  5.637145013E-01  5.831495353E-01  5.852385217E-01  5.769067719E-01  5.612772270E-01
  5.432158949E-01  5.267238621E-01  5.147217562E-01  5.107101333E-01  5.147217562E-01
  5.267238621E-01  5.432158949E-01  5.612772270E-01  5.769067719E-01  5.852385217E-01
  5.831495353E-01  5.637145013E-01  5.267020056E-01  4.690776649E-01  3.894144712E-01
  2.937998025E-01  1.827960493E-01  6.150367730E-02 -5.265492146E-02 -1.437167103E-01
 -2.024506233E-01 -5.044897060E-01 -4.806523575E-01 -4.097403605E-01 -3.004943228E-01
 -1.600997474E-01  5.220628279E-04  1.585602014E-01  2.938002175E-01  4.034786196E-01
  4.885154739E-01  5.470283509E-01  5.852385217E-01  6.061195967E-01  6.121838934E-01
  6.089166756E-01  6.010895591E-01  5.921681016E-01  5.855606901E-01  5.831543069E-01
  5.855606901E-01  5.921681016E-01  6.010895591E-01  6.089166756E-01  6.121838934E-01
  6.061195967E-01  5.852385217E-01  5.470283509E-01  4.885154739E-01  4.034786196E-01
  2.938002175E-01  1.585602014E-01  5.220628279E-04 -1.600997474E-01 -3.004943228E-01
 -4.097403605E-01 -4.806523575E-01 -8.058343710E-01 -7.749814131E-01 -6.862360463E-01
 -5.518768588E-01 -3.850807493E-01 -1.975575842E-01  5.224523235E-04  1.827968509E-01
  3.270351103E-01  4.387946680E-01  5.215728936E-01  5.769067719E-01  6.121838934E-01
  6.304994670E-01  6.377641624E-01  6.385443755E-01  6.352323673E-01  6.325178359E-01
  6.311344301E-01  6.325178359E-01  6.352323673E-01  6.385443755E-01  6.377641624E-01
  6.304994670E-01  6.121838934E-01  5.769067719E-01  5.215728936E-01  4.387946680E-01
  3.270351103E-01  1.827968509E-01  5.224523235E-04 -1.975575842E-01 -3.850807493E-01
 -5.518768588E-01 -6.862360463E-01 -7.749814131E-01 -1.104839889E+00 -1.069137368E+00
 -9.656657110E-01 -8.039093290E-01 -6.021773465E-01 -3.850803980E-01 -1.600990087E-01
  6.150482319E-02  2.466892707E-01  3.849209279E-01  4.890015068E-01  5.612772270E-01
  6.089166756E-01  6.377641624E-01  6.526227731E-01  6.594213529E-01  6.607202432E-01
  6.608183926E-01  6.599826653E-01  6.608183926E-01  6.607202432E-01  6.594213529E-01
  6.526227731E-01  6.377641624E-01  6.089166756E-01  5.612772270E-01  4.890015068E-01
  3.849209279E-01  2.466892707E-01  6.150482319E-02 -1.600990087E-01 -3.850803980E-01
 -6.021773465E-01 -8.039093290E-01 -9.656657110E-01 -1.069137368E+00 -1.361252634E+00
 -1.323253991E+00 -1.211880929E+00 -1.033770203E+00 -8.039090315E-01 -5.518762112E-01
 -3.004932910E-01 -5.265348812E-02  1.683565779E-01  3.337729777E-01  4.561092209E-01
  5.432158949E-01  6.010895591E-01  6.385443755E-01  6.594213529E-01  6.704920503E-01
  6.751144260E-01  6.772789606E-01  6.771375956E-01  6.772789606E-01  6.751144260E-01
  6.704920503E-01  6.594213529E-01  6.385443755E-01  6.010895591E-01  5.432158949E-01
  4.561092209E-01  3.337729777E-01  1.683565779E-01 -5.265348812E-02 -3.004932910E-01
 -5.518762112E-01 -8.039090315E-01 -1.033770203E+00 -1.211880929E+00 -1.323253991E+00
 -1.559780426E+00 -1.518363334E+00 -1.399424671E+00 -1.211880702E+00 -9.656651869E-01
 -6.862351735E-01 -4.097391066E-01 -1.437150600E-01  1.019081871E-01  2.906866677E-01
  4.279646309E-01  5.267238621E-01  5.921681016E-01  6.352323673E-01  6.607202432E-01
  6.751144260E-01  6.817453373E-01  6.852631932E-01  6.860778482E-01  6.852631932E-01
  6.817453373E-01  6.751144260E-01  6.607202432E-01  6.352323673E-01  5.921681016E-01
  5.267238621E-01  4.279646309E-01  2.906866677E-01  1.019081871E-01 -1.437150600E-01
 -4.097391066E-01 -6.862351735E-01 -9.656651869E-01 -1.211880702E+00 -1.399424671E+00
 -1.518363334E+00 -1.688402973E+00 -1.644280231E+00 -1.518363192E+00 -1.323253621E+00
 -1.069136702E+00 -7.749803994E-01 -4.806509648E-01 -2.024488377E-01  5.754446716E-02
  2.621915784E-01  4.088928485E-01  5.147217562E-01  5.855606901E-01  6.325178359E-01
  6.608183926E-01  6.772789606E-01  6.852631932E-01  6.888419439E-01  6.897234765E-01
  6.888419439E-01  6.852631932E-01  6.772789606E-01  6.608183926E-01  6.325178359E-01
  5.855606901E-01  5.147217562E-01  4.088928485E-01  2.621915784E-01  5.754446716E-02
 -2.024488377E-01 -4.806509648E-01 -7.749803994E-01 -1.069136702E+00 -1.323253621E+00
 -1.518363192E+00 -1.644280231E+00 -1.733085015E+00 -1.688402924E+00 -1.559780235E+00
 -1.361252216E+00 -1.104839175E+00 -8.058333094E-01 -5.044882661E-01 -2.223435154E-01
  4.167019801E-02  2.521127989E-01  4.025274999E-01  5.107101333E-01  5.831543069E-01
  6.311344301E-01  6.599826653E-01  6.771375956E-01  6.860778482E-01  6.897234765E-01
  6.904482684E-01  6.897234765E-01  6.860778482E-01  6.771375956E-01  6.599826653E-01
  6.311344301E-01  5.831543069E-01  5.107101333E-01  4.025274999E-01  2.521127989E-01
  4.167019801E-02 -2.223435154E-01 -5.044882661E-01 -8.058333094E-01 -1.104839175E+00
 -1.361252216E+00 -1.559780235E+00 -1.688402924E+00 -1.688402973E+00 -1.644280231E+00
 -1.518363192E+00 -1.323253621E+00 -1.069136702E+00 -7.749803994E-01 -4.806509648E-01
 -2.024488377E-01  5.754446716E-02  2.621915784E-01  4.088928485E-01  5.147217562E-01
  5.855606901E-01  6.325178359E-01  6.608183926E-01  6.772789606E-01  6.852631932E-01
  6.888419439E-01  6.897234765E-01  6.888419439E-01  6.852631932E-01  6.772789606E-01
  6.608183926E-01  6.325178359E-01  5.855606901E-01  5.147217562E-01  4.088928485E-01
  2.621915784E-01  5.754446716E-02 -2.024488377E-01 -4.806509648E-01 -7.749803994E-01
 -1.069136702E+00 -1.323253621E+00 -1.518363192E+00 -1.644280231E+00 -1.559780426E+00
 -1.518363334E+00 -1.399424671E+00 -1.211880702E+00 -9.656651869E-01 -6.862351735E-01
 -4.097391066E-01 -1.437150600E-01  1.019081871E-01  2.906866677E-01  4.279646309E-01
  5.267238621E-01  5.921681016E-01  6.352323673E-01  6.607202432E-01  6.751144260E-01
  6.817453373E-01  6.852631932E-01  6.860778482E-01  6.852631932E-01  6.817453373E-01
  6.751144260E-01  6.607202432E-01  6.352323673E-01  5.921681016E-01  5.267238621E-01
  4.279646309E-01  2.906866677E-01  1.019081871E-01 -1.437150600E-01 -4.097391066E-01
 -6.862351735E-01 -9.656651869E-01 -1.211880702E+00 -1.399424671E+00 -1.518363334E+00
 -1.361252634E+00 -1.323253991E+00 -1.211880929E+00 -1.033770203E+00 -8.039090315E-01
 -5.518762112E-01 -3.004932910E-01 -5.265348812E-02  1.683565779E-01  3.337729777E-01
  4.561092209E-01  5.432158949E-01  6.010895591E-01  6.385443755E-01  6.594213529E-01
  6.704920503E-01  6.751144260E-01  6.772789606E-01  6.771375956E-01  6.772789606E-01
  6.751144260E-01  6.704920503E-01  6.594213529E-01  6.385443755E-01  6.010895591E-01
  5.432158949E-01  4.561092209E-01  3.337729777E-01  1.683565779E-01 -5.265348812E-02
 -3.004932910E-01 -5.518762112E-01 -8.039090315E-01 -1.033770203E+00 -1.211880929E+00
 -1.323253991E+00 -1.104839889E+00 -1.069137368E+00 -9.656657110E-01 -8.039093290E-01
 -6.021773465E-01 -3.850803980E-01 -1.600990087E-01  6.150482319E-02  2.466892707E-01
  3.849209279E-01  4.890015068E-01  5.612772270E-01  6.089166756E-01  6.377641624E-01
  6.526227731E-01  6.594213529E-01  6.607202432E-01  6.608183926E-01  6.599826653E-01
  6.608183926E-01  6.607202432E-01  6.594213529E-01  6.526227731E-01  6.377641624E-01
  6.089166756E-01  5.612772270E-01  4.890015068E-01  3.849209279E-01  2.466892707E-01
  6.150482319E-02 -1.600990087E-01 -3.850803980E-01 -6.021773465E-01 -8.039093290E-01
 -9.656657110E-01 -1.069137368E+00 -8.058343710E-01 -7.749814131E-01 -6.862360463E-01
 -5.518768588E-01 -3.850807493E-01 -1.975575842E-01  5.224523235E-04  1.827968509E-01
  3.270351103E-01  4.387946680E-01  5.215728936E-01  5.769067719E-01  6.121838934E-01
  6.304994670E-01  6.377641624E-01  6.385443755E-01  6.352323673E-01  6.325178359E-01
  6.311344301E-01  6.325178359E-01  6.352323673E-01  6.385443755E-01  6.377641624E-01
  6.304994670E-01  6.121838934E-01  5.769067719E-01  5.215728936E-01  4.387946680E-01
  3.270351103E-01  1.827968509E-01  5.224523235E-04 -1.975575842E-01 -3.850807493E-01
 -5.518768588E-01 -6.862360463E-01 -7.749814131E-01 -5.044897060E-01 -4.806523575E-01
 -4.097403605E-01 -3.004943228E-01 -1.600997474E-01  5.220628279E-04  1.585602014E-01
  2.938002175E-01  4.034786196E-01  4.885154739E-01  5.470283509E-01  5.852385217E-01
  6.061195967E-01  6.121838934E-01  6.089166756E-01  6.010895591E-01  5.921681016E-01
  5.855606901E-01  5.831543069E-01  5.855606901E-01  5.921681016E-01  6.010895591E-01
  6.089166756E-01  6.121838934E-01  6.061195967E-01  5.852385217E-01  5.470283509E-01
  4.885154739E-01  4.034786196E-01  2.938002175E-01  1.585602014E-01  5.220628279E-04
 -1.600997474E-01 -3.004943228E-01 -4.097403605E-01 -4.806523575E-01 -2.223453469E-01
 -2.024506233E-01 -1.437167103E-01 -5.265492146E-02  6.150367730E-02  1.827960493E-01
  2.937998025E-01  3.894144712E-01  4.690776649E-01  5.267020056E-01  5.637145013E-01
  5.831495353E-01  5.852385217E-01  5.769067719E-01  5.612772270E-01  5.432158949E-01
  5.267238621E-01  5.147217562E-01  5.107101333E-01  5.147217562E-01  5.267238621E-01
  5.432158949E-01  5.612772270E-01  5.769067719E-01  5.852385217E-01  5.831495353E-01
  5.637145013E-01  5.267020056E-01  4.690776649E-01  3.894144712E-01  2.937998025E-01
  1.827960493E-01  6.150367730E-02 -5.265492146E-02 -1.437167103E-01 -2.024506233E-01
  4.166797448E-02  5.754228787E-02  1.019061382E-01  1.683547389E-01  2.466877109E-01
  3.270338872E-01  4.034777771E-01  4.690772343E-01  5.190694765E-01  5.513422482E-01
  5.664065321E-01  5.637145013E-01  5.470283509E-01  5.215728936E-01  4.890015068E-01
  4.561092209E-01  4.279646309E-01  4.088928485E-01  4.025274999E-01  4.088928485E-01
  4.279646309E-01  4.561092209E-01  4.890015068E-01  5.215728936E-01  5.470283509E-01
  5.637145013E-01  5.664065321E-01  5.513422482E-01  5.190694765E-01  4.690772343E-01
  4.034777771E-01  3.270338872E-01  2.466877109E-01  1.683547389E-01  1.019061382E-01
  5.754228787E-02  2.521101920E-01  2.621890136E-01  2.906842275E-01  3.337707388E-01
  3.849189583E-01  4.387930251E-01  4.885142029E-01  5.267011401E-01  5.513418100E-01
  5.601208644E-01  5.513422482E-01  5.267020056E-01  4.885154739E-01  4.387946680E-01
  3.849209279E-01  3.337729777E-01  2.906866677E-01  2.621915784E-01  2.521127989E-01
  2.621915784E-01  2.906866677E-01  3.337729777E-01  3.849209279E-01  4.387946680E-01
  4.885154739E-01  5.267020056E-01  5.513422482E-01  5.601208644E-01  5.513418100E-01
  5.267011401E-01  4.885142029E-01  4.387930251E-01  3.849189583E-01  3.337707388E-01
  2.906842275E-01  2.621890136E-01  4.025245251E-01  4.088899137E-01  4.279618144E-01
  4.561065964E-01  4.889991405E-01  5.215708421E-01  5.470266605E-01  5.637132074E-01
  5.664056590E-01  5.513418100E-01  5.190694765E-01  4.690776649E-01  4.034786196E-01
  3.270351103E-01  2.466892707E-01  1.683565779E-01  1.019081871E-01  5.754446716E-02
  4.167019801E-02  5.754446716E-02  1.019081871E-01  1.683565779E-01  2.466892707E-01
  3.270351103E-01  4.034786196E-01  4.690776649E-01  5.190694765E-01  5.513418100E-01
  5.664056590E-01  5.637132074E-01  5.470266605E-01  5.215708421E-01  4.889991405E-01
  4.561065964E-01  4.279618144E-01  4.088899137E-01  5.107068125E-01  5.147184734E-01
  5.267206914E-01  5.432129067E-01  5.612744852E-01  5.769043323E-01  5.852364307E-01
  5.831478295E-01  5.637132074E-01  5.267011401E-01  4.690772343E-01  3.894144712E-01
  2.938002175E-01  1.827968509E-01  6.150482319E-02 -5.265348812E-02 -1.437150600E-01
 -2.024488377E-01 -2.223435154E-01 -2.024488377E-01 -1.437150600E-01 -5.265348812E-02
  6.150482319E-02  1.827968509E-01  2.938002175E-01  3.894144712E-01  4.690772343E-01
  5.267011401E-01  5.637132074E-01  5.831478295E-01  5.852364307E-01  5.769043323E-01
  5.612744852E-01  5.432129067E-01  5.267206914E-01  5.147184734E-01  5.831506688E-01
  5.855570878E-01  5.921646055E-01  6.010862362E-01  6.089135876E-01  6.121810946E-01
  6.061171331E-01  5.852364307E-01  5.470266605E-01  4.885142029E-01  4.034777771E-01
  2.937998025E-01  1.585602014E-01  5.224523235E-04 -1.600990087E-01 -3.004932910E-01
 -4.097391066E-01 -4.806509648E-01 -5.044882661E-01 -4.806509648E-01 -4.097391066E-01
 -3.004932910E-01 -1.600990087E-01  5.224523235E-04  1.585602014E-01  2.937998025E-01
  4.034777771E-01  4.885142029E-01  5.470266605E-01  5.852364307E-01  6.061171331E-01
  6.121810946E-01  6.089135876E-01  6.010862362E-01  5.921646055E-01  5.855570878E-01
  6.311305097E-01  6.325139494E-01  6.352285816E-01  6.385407545E-01  6.377607652E-01
  6.304963463E-01  6.121810946E-01  5.769043323E-01  5.215708421E-01  4.387930251E-01
  3.270338872E-01  1.827960493E-01  5.220628279E-04 -1.975575842E-01 -3.850803980E-01
 -5.518762112E-01 -6.862351735E-01 -7.749803994E-01 -8.058333094E-01 -7.749803994E-01
 -6.862351735E-01 -5.518762112E-01 -3.850803980E-01 -1.975575842E-01  5.220628279E-04
  1.827960493E-01  3.270338872E-01  4.387930251E-01  5.215708421E-01  5.769043323E-01
  6.121810946E-01  6.304963463E-01  6.377607652E-01  6.385407545E-01  6.352285816E-01
  6.325139494E-01  6.599785041E-01  6.608142636E-01  6.607162101E-01  6.594174769E-01
  6.526191110E-01  6.377607652E-01  6.089135876E-01  5.612744852E-01  4.889991405E-01
  3.849189583E-01  2.466877109E-01  6.150367730E-02 -1.600997474E-01 -3.850807493E-01
 -6.021773465E-01 -8.039090315E-01 -9.656651869E-01 -1.069136702E+00 -1.104839175E+00
 -1.069136702E+00 -9.656651869E-01 -8.039090315E-01 -6.021773465E-01 -3.850807493E-01
 -1.600997474E-01  6.150367730E-02  2.466877109E-01  3.849189583E-01  4.889991405E-01
  5.612744852E-01  6.089135876E-01  6.377607652E-01  6.526191110E-01  6.594174769E-01
  6.607162101E-01  6.608142636E-01  6.771332405E-01  6.772746364E-01  6.751101938E-01
  6.704879688E-01  6.594174769E-01  6.385407545E-01  6.010862362E-01  5.432129067E-01
  4.561065964E-01  3.337707388E-01  1.683547389E-01 -5.265492146E-02 -3.004943228E-01
 -5.518768588E-01 -8.039093290E-01 -1.033770203E+00 -1.211880702E+00 -1.323253621E+00
 -1.361252216E+00 -1.323253621E+00 -1.211880702E+00 -1.033770203E+00 -8.039093290E-01
 -5.518768588E-01 -3.004943228E-01 -5.265492146E-02  1.683547389E-01  3.337707388E-01
  4.561065964E-01  5.432129067E-01  6.010862362E-01  6.385407545E-01  6.594174769E-01
  6.704879688E-01  6.751101938E-01  6.772746364E-01  6.860733512E-01  6.852587261E-01
  6.817409592E-01  6.751101938E-01  6.607162101E-01  6.352285816E-01  5.921646055E-01
  5.267206914E-01  4.279618144E-01  2.906842275E-01  1.019061382E-01 -1.437167103E-01
 -4.097403605E-01 -6.862360463E-01 -9.656657110E-01 -1.211880929E+00 -1.399424671E+00
 -1.518363192E+00 -1.559780235E+00 -1.518363192E+00 -1.399424671E+00 -1.211880929E+00
 -9.656657110E-01 -6.862360463E-01 -4.097403605E-01 -1.437167103E-01  1.019061382E-01
  2.906842275E-01  4.279618144E-01  5.267206914E-01  5.921646055E-01  6.352285816E-01
  6.607162101E-01  6.751101938E-01  6.817409592E-01  6.852587261E-01  6.897188929E-01
  6.888373897E-01  6.852587261E-01  6.772746364E-01  6.608142636E-01  6.325139494E-01
  5.855570878E-01  5.147184734E-01  4.088899137E-01  2.621890136E-01  5.754228787E-02
 -2.024506233E-01 -4.806523575E-01 -7.749814131E-01 -1.069137368E+00 -1.323253991E+00
 -1.518363334E+00 -1.644280231E+00 -1.688402924E+00 -1.644280231E+00 -1.518363334E+00
 -1.323253991E+00 -1.069137368E+00 -7.749814131E-01 -4.806523575E-01 -2.024506233E-01
  5.754228787E-02  2.621890136E-01  4.088899137E-01  5.147184734E-01  5.855570878E-01
  6.325139494E-01  6.608142636E-01  6.772746364E-01  6.852587261E-01  6.888373897E-01
  7.224194657E-01  7.206806790E-01  7.141396405E-01  7.004083522E-01  6.771338975E-01
  6.383691958E-01  5.790273178E-01  4.899362999E-01  3.607380686E-01  1.812151865E-01
 -7.102543687E-02 -3.664776872E-01 -6.868684975E-01 -1.034753749E+00 -1.361252634E+00
 -1.644040043E+00 -1.873801336E+00 -2.025836368E+00 -2.079597774E+00 -2.025836368E+00
 -1.873801336E+00 -1.644040043E+00 -1.361252634E+00 -1.034753749E+00 -6.868684975E-01
 -3.664776872E-01 -7.102543687E-02  1.812151865E-01  3.607380686E-01  4.899362999E-01
  5.790273178E-01  6.383691958E-01  6.771338975E-01  7.004083522E-01  7.141396405E-01
  7.206806790E-01  7.206806790E-01  7.186370909E-01  7.122740329E-01  6.995804174E-01
  6.772752910E-01  6.398927693E-01  5.815098806E-01  4.944052008E-01  3.681932147E-01
  1.929013167E-01 -5.335833425E-02 -3.450982308E-01 -6.597527557E-01 -1.000858334E+00
 -1.323253991E+00 -1.601076103E+00 -1.825428520E+00 -1.973503131E+00 -2.025836324E+00
 -1.973503131E+00 -1.825428520E+00 -1.601076103E+00 -1.323253991E+00 -1.000858334E+00
 -6.597527557E-01 -3.450982308E-01 -5.335833425E-02  1.929013167E-01  3.681932147E-01
  4.944052008E-01  5.815098806E-01  6.398927693E-01  6.772752910E-01  6.995804174E-01
  7.122740329E-01  7.186370909E-01  7.141396405E-01  7.122740329E-01  7.069558594E-01
  6.959663506E-01  6.751108412E-01  6.412133800E-01  5.870892618E-01  5.067755680E-01
  3.892109533E-01  2.261126380E-01 -2.403830990E-03 -2.813268463E-01 -5.785180011E-01
 -9.000162389E-01 -1.211880929E+00 -1.477582865E+00 -1.687745764E+00 -1.825428391E+00
 -1.873801163E+00 -1.825428391E+00 -1.687745764E+00 -1.477582865E+00 -1.211880929E+00
 -9.000162389E-01 -5.785180011E-01 -2.813268463E-01 -2.403830990E-03  2.261126380E-01
  3.892109533E-01  5.067755680E-01  5.870892618E-01  6.412133800E-01  6.751108412E-01
  6.959663506E-01  7.069558594E-01  7.122740329E-01  7.004083522E-01  6.995804174E-01
  6.959663506E-01  6.876704594E-01  6.704886041E-01  6.421871308E-01  5.950320830E-01
  5.243283712E-01  4.196289531E-01  2.754698509E-01  7.543131867E-02 -1.811984617E-01
 -4.548268869E-01 -7.436309875E-01 -1.033770203E+00 -1.284779107E+00 -1.477582659E+00
 -1.601075768E+00 -1.644039664E+00 -1.601075768E+00 -1.477582659E+00 -1.284779107E+00
 -1.033770203E+00 -7.436309875E-01 -4.548268869E-01 -1.811984617E-01  7.543131867E-02
  2.754698509E-01  4.196289531E-01  5.243283712E-01  5.950320830E-01  6.421871308E-01
  6.704886041E-01  6.876704594E-01  6.959663506E-01  6.995804174E-01  6.771338975E-01
  6.772752910E-01  6.751108412E-01  6.704886041E-01  6.594180952E-01  6.385413510E-01
  6.010868066E-01  5.432134470E-01  4.561071035E-01  3.337712106E-01  1.683551741E-01
 -5.265452293E-02 -3.004939601E-01 -5.518765302E-01 -8.039090315E-01 -1.033769932E+00
 -1.211880453E+00 -1.323253386E+00 -1.361251985E+00 -1.323253386E+00 -1.211880453E+00
 -1.033769932E+00 -8.039090315E-01 -5.518765302E-01 -3.004939601E-01 -5.265452293E-02
  1.683551741E-01  3.337712106E-01  4.561071035E-01  5.432134470E-01  6.010868066E-01
  6.385413510E-01  6.594180952E-01  6.704886041E-01  6.751108412E-01  6.772752910E-01
  6.383691958E-01  6.398927693E-01  6.412133800E-01  6.421871308E-01  6.385413510E-01
  6.266521864E-01  6.013840849E-01  5.582778713E-01  4.922378234E-01  3.941448738E-01
  2.626646308E-01  8.881056937E-02 -1.235714030E-01 -3.430911731E-01 -5.518762112E-01
 -7.436303990E-01 -9.000154455E-01 -1.000857412E+00 -1.034752784E+00 -1.000857412E+00
 -9.000154455E-01 -7.436303990E-01 -5.518762112E-01 -3.430911731E-01 -1.235714030E-01
  8.881056937E-02  2.626646308E-01  3.941448738E-01  4.922378234E-01  5.582778713E-01
  6.013840849E-01  6.266521864E-01  6.385413510E-01  6.421871308E-01  6.412133800E-01
  6.398927693E-01  5.790273178E-01  5.815098806E-01  5.870892618E-01  5.950320830E-01
  6.010868066E-01  6.013840849E-01  5.917366755E-01  5.656543520E-01  5.202370407E-01
  4.494360630E-01  3.500776264E-01  2.220908025E-01  5.966145204E-02 -1.235710509E-01
 -3.004932910E-01 -4.548259510E-01 -5.785168627E-01 -6.597514907E-01 -6.868671895E-01
 -6.597514907E-01 -5.785168627E-01 -4.548259510E-01 -3.004932910E-01 -1.235710509E-01
  5.966145204E-02  2.220908025E-01  3.500776264E-01  4.494360630E-01  5.202370407E-01
  5.656543520E-01  5.917366755E-01  6.013840849E-01  6.010868066E-01  5.950320830E-01
  5.870892618E-01  5.815098806E-01  4.899362999E-01  4.944052008E-01  5.067755680E-01
  5.243283712E-01  5.432134470E-01  5.582778713E-01  5.656543520E-01  5.606805458E-01
  5.371406191E-01  4.933179807E-01  4.256056762E-01  3.347046509E-01  2.220911759E-01
  8.881129200E-02 -5.265348812E-02 -1.811971654E-01 -2.813253522E-01 -3.450966133E-01
 -3.664760278E-01 -3.450966133E-01 -2.813253522E-01 -1.811971654E-01 -5.265348812E-02
  8.881129200E-02  2.220911759E-01  3.347046509E-01  4.256056762E-01  4.933179807E-01
  5.371406191E-01  5.606805458E-01  5.656543520E-01  5.582778713E-01  5.432134470E-01
  5.243283712E-01  5.067755680E-01  4.944052008E-01  3.607380686E-01  3.681932147E-01
  3.892109533E-01  4.196289531E-01  4.561071035E-01  4.922378234E-01  5.202370407E-01
  5.371406191E-01  5.379049616E-01  5.209006572E-01  4.840993125E-01  4.256060623E-01
  3.500783826E-01  2.626657302E-01  1.683565779E-01  7.543297599E-02 -2.401982802E-03
 -5.335636733E-02 -7.102342963E-02 -5.335636733E-02 -2.401982802E-03  7.543297599E-02
  1.683565779E-01  2.626657302E-01  3.500783826E-01  4.256060623E-01  4.840993125E-01
  5.209006572E-01  5.379049616E-01  5.371406191E-01  5.202370407E-01  4.922378234E-01
  4.561071035E-01  4.196289531E-01  3.892109533E-01  3.681932147E-01  1.812151865E-01
  1.929013167E-01  2.261126380E-01  2.754698509E-01  3.337712106E-01  3.941448738E-01
  4.494360630E-01  4.933179807E-01  5.209006572E-01  5.299883784E-01  5.209010493E-01
  4.933187555E-01  4.494372014E-01  3.941463467E-01  3.337729777E-01  2.754718613E-01
  2.261148308E-01  1.929036224E-01  1.812175305E-01  1.929036224E-01  2.261148308E-01
  2.754718613E-01  3.337729777E-01  3.941463467E-01  4.494372014E-01  4.933187555E-01
  5.209010493E-01  5.299883784E-01  5.209006572E-01  4.933179807E-01  4.494360630E-01
  3.941448738E-01  3.337712106E-01  2.754698509E-01  2.261126380E-01  1.929013167E-01
 -7.102543687E-02 -5.335833425E-02 -2.403830990E-03  7.543131867E-02  1.683551741E-01
  2.626646308E-01  3.500776264E-01  4.256056762E-01  4.840993125E-01  5.209010493E-01
  5.379057424E-01  5.371417761E-01  5.202385522E-01  4.922396583E-01  4.561092209E-01
  4.196313024E-01  3.892134754E-01  3.681958436E-01  3.607407335E-01  3.681958436E-01
  3.892134754E-01  4.196313024E-01  4.561092209E-01  4.922396583E-01  5.202385522E-01
  5.371417761E-01  5.379057424E-01  5.209010493E-01  4.840993125E-01  4.256056762E-01
  3.500776264E-01  2.626646308E-01  1.683551741E-01  7.543131867E-02 -2.403830990E-03
 -5.335833425E-02 -3.664776872E-01 -3.450982308E-01 -2.813268463E-01 -1.811984617E-01
 -5.265452293E-02  8.881056937E-02  2.220908025E-01  3.347046509E-01  4.256060623E-01
  4.933187555E-01  5.371417761E-01  5.606820699E-01  5.656562194E-01  5.582800495E-01
  5.432158949E-01  5.243310394E-01  5.067783995E-01  4.944081327E-01  4.899392657E-01
  4.944081327E-01  5.067783995E-01  5.243310394E-01  5.432158949E-01  5.582800495E-01
  5.656562194E-01  5.606820699E-01  5.371417761E-01  4.933187555E-01  4.256060623E-01
  3.347046509E-01  2.220908025E-01  8.881056937E-02 -5.265452293E-02 -1.811984617E-01
 -2.813268463E-01 -3.450982308E-01 -6.868684975E-01 -6.597527557E-01 -5.785180011E-01
 -4.548268869E-01 -3.004939601E-01 -1.235714030E-01  5.966145204E-02  2.220911759E-01
  3.500783826E-01  4.494372014E-01  5.202385522E-01  5.656562194E-01  5.917388734E-01
  6.013865805E-01  6.010895591E-01  5.950350443E-01  5.870923772E-01  5.815130906E-01
  5.790305597E-01  5.815130906E-01  5.870923772E-01  5.950350443E-01  6.010895591E-01
  6.013865805E-01  5.917388734E-01  5.656562194E-01  5.202385522E-01  4.494372014E-01
  3.500783826E-01  2.220911759E-01  5.966145204E-02 -1.235714030E-01 -3.004939601E-01
 -4.548268869E-01 -5.785180011E-01 -6.597527557E-01 -1.034753749E+00 -1.000858334E+00
 -9.000162389E-01 -7.436309875E-01 -5.518765302E-01 -3.430911731E-01 -1.235710509E-01
  8.881129200E-02  2.626657302E-01  3.941463467E-01  4.922396583E-01  5.582800495E-01
  6.013865805E-01  6.266549664E-01  6.385443755E-01  6.421903533E-01  6.412167484E-01
  6.398962269E-01  6.383726835E-01  6.398962269E-01  6.412167484E-01  6.421903533E-01
  6.385443755E-01  6.266549664E-01  6.013865805E-01  5.582800495E-01  4.922396583E-01
  3.941463467E-01  2.626657302E-01  8.881129200E-02 -1.235710509E-01 -3.430911731E-01
 -5.518765302E-01 -7.436309875E-01 -9.000162389E-01 -1.000858334E+00 -1.361252634E+00
 -1.323253991E+00 -1.211880929E+00 -1.033770203E+00 -8.039090315E-01 -5.518762112E-01
 -3.004932910E-01 -5.265348812E-02  1.683565779E-01  3.337729777E-01  4.561092209E-01
  5.432158949E-01  6.010895591E-01  6.385443755E-01  6.594213529E-01  6.704920503E-01
  6.751144260E-01  6.772789606E-01  6.771375956E-01  6.772789606E-01  6.751144260E-01
  6.704920503E-01  6.594213529E-01  6.385443755E-01  6.010895591E-01  5.432158949E-01
  4.561092209E-01  3.337729777E-01  1.683565779E-01 -5.265348812E-02 -3.004932910E-01
 -5.518762112E-01 -8.039090315E-01 -1.033770203E+00 -1.211880929E+00 -1.323253991E+00
 -1.644040043E+00 -1.601076103E+00 -1.477582865E+00 -1.284779107E+00 -1.033769932E+00
 -7.436303990E-01 -4.548259510E-01 -1.811971654E-01  7.543297599E-02  2.754718613E-01
  4.196313024E-01  5.243310394E-01  5.950350443E-01  6.421903533E-01  6.704920503E-01
  6.876740862E-01  6.959701100E-01  6.995842578E-01  7.004122199E-01  6.995842578E-01
  6.959701100E-01  6.876740862E-01  6.704920503E-01  6.421903533E-01  5.950350443E-01
  5.243310394E-01  4.196313024E-01  2.754718613E-01  7.543297599E-02 -1.811971654E-01
 -4.548259510E-01 -7.436303990E-01 -1.033769932E+00 -1.284779107E+00 -1.477582865E+00
 -1.601076103E+00 -1.873801336E+00 -1.825428520E+00 -1.687745764E+00 -1.477582659E+00
 -1.211880453E+00 -9.000154455E-01 -5.785168627E-01 -2.813253522E-01 -2.401982802E-03
  2.261148308E-01  3.892134754E-01  5.067783995E-01  5.870923772E-01  6.412167484E-01
  6.751144260E-01  6.959701100E-01  7.069597470E-01  7.122779988E-01  7.141436327E-01
  7.122779988E-01  7.069597470E-01  6.959701100E-01  6.751144260E-01  6.412167484E-01
  5.870923772E-01  5.067783995E-01  3.892134754E-01  2.261148308E-01 -2.401982802E-03
 -2.813253522E-01 -5.785168627E-01 -9.000154455E-01 -1.211880453E+00 -1.477582659E+00
 -1.687745764E+00 -1.825428520E+00 -2.025836368E+00 -1.973503131E+00 -1.825428391E+00
 -1.601075768E+00 -1.323253386E+00 -1.000857412E+00 -6.597514907E-01 -3.450966133E-01
 -5.335636733E-02  1.929036224E-01  3.681958436E-01  4.944081327E-01  5.815130906E-01
  6.398962269E-01  6.772789606E-01  6.995842578E-01  7.122779988E-01  7.186411334E-01
  7.206847473E-01  7.186411334E-01  7.122779988E-01  6.995842578E-01  6.772789606E-01
  6.398962269E-01  5.815130906E-01  4.944081327E-01  3.681958436E-01  1.929036224E-01
 -5.335636733E-02 -3.450966133E-01 -6.597514907E-01 -1.000857412E+00 -1.323253386E+00
 -1.601075768E+00 -1.825428391E+00 -1.973503131E+00 -2.079597774E+00 -2.025836324E+00
 -1.873801163E+00 -1.644039664E+00 -1.361251985E+00 -1.034752784E+00 -6.868671895E-01
 -3.664760278E-01 -7.102342963E-02  1.812175305E-01  3.607407335E-01  4.899392657E-01
  5.790305597E-01  6.383726835E-01  6.771375956E-01  7.004122199E-01  7.141436327E-01
  7.206847473E-01  7.224235595E-01  7.206847473E-01  7.141436327E-01  7.004122199E-01
  6.771375956E-01  6.383726835E-01  5.790305597E-01  4.899392657E-01  3.607407335E-01
  1.812175305E-01 -7.102342963E-02 -3.664760278E-01 -6.868671895E-01 -1.034752784E+00
 -1.361251985E+00 -1.644039664E+00 -1.873801163E+00 -2.025836324E+00 -2.025836368E+00
 -1.973503131E+00 -1.825428391E+00 -1.601075768E+00 -1.323253386E+00 -1.000857412E+00
 -6.597514907E-01 -3.450966133E-01 -5.335636733E-02  1.929036224E-01  3.681958436E-01
  4.944081327E-01  5.815130906E-01  6.398962269E-01  6.772789606E-01  6.995842578E-01
  7.122779988E-01  7.186411334E-01  7.206847473E-01  7.186411334E-01  7.122779988E-01
  6.995842578E-01  6.772789606E-01  6.398962269E-01  5.815130906E-01  4.944081327E-01
  3.681958436E-01  1.929036224E-01 -5.335636733E-02 -3.450966133E-01 -6.597514907E-01
 -1.000857412E+00 -1.323253386E+00 -1.601075768E+00 -1.825428391E+00 -1.973503131E+00
 -1.873801336E+00 -1.825428520E+00 -1.687745764E+00 -1.477582659E+00 -1.211880453E+00
 -9.000154455E-01 -5.785168627E-01 -2.813253522E-01 -2.401982802E-03  2.261148308E-01
  3.892134754E-01  5.067783995E-01  5.870923772E-01  6.412167484E-01  6.751144260E-01
  6.959701100E-01  7.069597470E-01  7.122779988E-01  7.141436327E-01  7.122779988E-01
  7.069597470E-01  6.959701100E-01  6.751144260E-01  6.412167484E-01  5.870923772E-01
  5.067783995E-01  3.892134754E-01  2.261148308E-01 -2.401982802E-03 -2.813253522E-01
 -5.785168627E-01 -9.000154455E-01 -1.211880453E+00 -1.477582659E+00 -1.687745764E+00
 -1.825428520E+00 -1.644040043E+00 -1.601076103E+00 -1.477582865E+00 -1.284779107E+00
 -1.033769932E+00 -7.436303990E-01 -4.548259510E-01 -1.811971654E-01  7.543297599E-02
  2.754718613E-01  4.196313024E-01  5.243310394E-01  5.950350443E-01  6.421903533E-01
  6.704920503E-01  6.876740862E-01  6.959701100E-01  6.995842578E-01  7.004122199E-01
  6.995842578E-01  6.959701100E-01  6.876740862E-01  6.704920503E-01  6.421903533E-01
  5.950350443E-01  5.243310394E-01  4.196313024E-01  2.754718613E-01  7.543297599E-02
 -1.811971654E-01 -4.548259510E-01 -7.436303990E-01 -1.033769932E+00 -1.284779107E+00
 -1.477582865E+00 -1.601076103E+00 -1.361252634E+00 -1.323253991E+00 -1.211880929E+00
 -1.033770203E+00 -8.039090315E-01 -5.518762112E-01 -3.004932910E-01 -5.265348812E-02
  1.683565779E-01  3.337729777E-01  4.561092209E-01  5.432158949E-01  6.010895591E-01
  6.385443755E-01  6.594213529E-01  6.704920503E-01  6.751144260E-01  6.772789606E-01
  6.771375956E-01  6.772789606E-01  6.751144260E-01  6.704920503E-01  6.594213529E-01
  6.385443755E-01  6.010895591E-01  5.432158949E-01  4.561092209E-01  3.337729777E-01
  1.683565779E-01 -5.265348812E-02 -3.004932910E-01 -5.518762112E-01 -8.039090315E-01
 -1.033770203E+00 -1.211880929E+00 -1.323253991E+00 -1.034753749E+00 -1.000858334E+00
 -9.000162389E-01 -7.436309875E-01 -5.518765302E-01 -3.430911731E-01 -1.235710509E-01
  8.881129200E-02  2.626657302E-01  3.941463467E-01  4.922396583E-01  5.582800495E-01
  6.013865805E-01  6.266549664E-01  6.385443755E-01  6.421903533E-01  6.412167484E-01
  6.398962269E-01  6.383726835E-01  6.398962269E-01  6.412167484E-01  6.421903533E-01
  6.385443755E-01  6.266549664E-01  6.013865805E-01  5.582800495E-01  4.922396583E-01
  3.941463467E-01  2.626657302E-01  8.881129200E-02 -1.235710509E-01 -3.430911731E-01
 -5.518765302E-01 -7.436309875E-01 -9.000162389E-01 -1.000858334E+00 -6.868684975E-01
 -6.597527557E-01 -5.785180011E-01 -4.548268869E-01 -3.004939601E-01 -1.235714030E-01
  5.966145204E-02  2.220911759E-01  3.500783826E-01  4.494372014E-01  5.202385522E-01
  5.656562194E-01  5.917388734E-01  6.013865805E-01  6.010895591E-01  5.950350443E-01
  5.870923772E-01  5.815130906E-01  5.790305597E-01  5.815130906E-01  5.870923772E-01
  5.950350443E-01  6.010895591E-01  6.013865805E-01  5.917388734E-01  5.656562194E-01
  5.202385522E-01  4.494372014E-01  3.500783826E-01  2.220911759E-01  5.966145204E-02
 -1.235714030E-01 -3.004939601E-01 -4.548268869E-01 -5.785180011E-01 -6.597527557E-01
 -3.664776872E-01 -3.450982308E-01 -2.813268463E-01 -1.811984617E-01 -5.265452293E-02
  8.881056937E-02  2.220908025E-01  3.347046509E-01  4.256060623E-01  4.933187555E-01
  5.371417761E-01  5.606820699E-01  5.656562194E-01  5.582800495E-01  5.432158949E-01
  5.243310394E-01  5.067783995E-01  4.944081327E-01  4.899392657E-01  4.944081327E-01
  5.067783995E-01  5.243310394E-01  5.432158949E-01  5.582800495E-01  5.656562194E-01
  5.606820699E-01  5.371417761E-01  4.933187555E-01  4.256060623E-01  3.347046509E-01
  2.220908025E-01  8.881056937E-02 -5.265452293E-02 -1.811984617E-01 -2.813268463E-01
 -3.450982308E-01 -7.102543687E-02 -5.335833425E-02 -2.403830990E-03  7.543131867E-02
  1.683551741E-01  2.626646308E-01  3.500776264E-01  4.256056762E-01  4.840993125E-01
  5.209010493E-01  5.379057424E-01  5.371417761E-01  5.202385522E-01  4.922396583E-01
  4.561092209E-01  4.196313024E-01  3.892134754E-01  3.681958436E-01  3.607407335E-01
  3.681958436E-01  3.892134754E-01  4.196313024E-01  4.561092209E-01  4.922396583E-01
  5.202385522E-01  5.371417761E-01  5.379057424E-01  5.209010493E-01  4.840993125E-01
  4.256056762E-01  3.500776264E-01  2.626646308E-01  1.683551741E-01  7.543131867E-02
 -2.403830990E-03 -5.335833425E-02  1.812151865E-01  1.929013167E-01  2.261126380E-01
  2.754698509E-01  3.337712106E-01  3.941448738E-01  4.494360630E-01  4.933179807E-01
  5.209006572E-01  5.299883784E-01  5.209010493E-01  4.933187555E-01  4.494372014E-01
  3.941463467E-01  3.337729777E-01  2.754718613E-01  2.261148308E-01  1.929036224E-01
  1.812175305E-01  1.929036224E-01  2.261148308E-01  2.754718613E-01  3.337729777E-01
  3.941463467E-01  4.494372014E-01  4.933187555E-01  5.209010493E-01  5.299883784E-01
  5.209006572E-01  4.933179807E-01  4.494360630E-01  3.941448738E-01  3.337712106E-01
  2.754698509E-01  2.261126380E-01  1.929013167E-01  3.607380686E-01  3.681932147E-01
  3.892109533E-01  4.196289531E-01  4.561071035E-01  4.922378234E-01  5.202370407E-01
  5.371406191E-01  5.379049616E-01  5.209006572E-01  4.840993125E-01  4.256060623E-01
  3.500783826E-01  2.626657302E-01  1.683565779E-01  7.543297599E-02 -2.401982802E-03
 -5.335636733E-02 -7.102342963E-02 -5.335636733E-02 -2.401982802E-03  7.543297599E-02
  1.683565779E-01  2.626657302E-01  3.500783826E-01  4.256060623E-01  4.840993125E-01
  5.209006572E-01  5.379049616E-01  5.371406191E-01  5.202370407E-01  4.922378234E-01
  4.561071035E-01  4.196289531E-01  3.892109533E-01  3.681932147E-01  4.899362999E-01
  4.944052008E-01  5.067755680E-01  5.243283712E-01  5.432134470E-01  5.582778713E-01
  5.656543520E-01  5.606805458E-01  5.371406191E-01  4.933179807E-01  4.256056762E-01
  3.347046509E-01  2.220911759E-01  8.881129200E-02 -5.265348812E-02 -1.811971654E-01
 -2.813253522E-01 -3.450966133E-01 -3.664760278E-01 -3.450966133E-01 -2.813253522E-01
 -1.811971654E-01 -5.265348812E-02  8.881129200E-02  2.220911759E-01  3.347046509E-01
  4.256056762E-01  4.933179807E-01  5.371406191E-01  5.606805458E-01  5.656543520E-01
  5.582778713E-01  5.432134470E-01  5.243283712E-01  5.067755680E-01  4.944052008E-01
  5.790273178E-01  5.815098806E-01  5.870892618E-01  5.950320830E-01  6.010868066E-01
  6.013840849E-01  5.917366755E-01  5.656543520E-01  5.202370407E-01  4.494360630E-01
  3.500776264E-01  2.220908025E-01  5.966145204E-02 -1.235710509E-01 -3.004932910E-01
 -4.548259510E-01 -5.785168627E-01 -6.597514907E-01 -6.868671895E-01 -6.597514907E-01
 -5.785168627E-01 -4.548259510E-01 -3.004932910E-01 -1.235710509E-01  5.966145204E-02
  2.220908025E-01  3.500776264E-01  4.494360630E-01  5.202370407E-01  5.656543520E-01
  5.917366755E-01  6.013840849E-01  6.010868066E-01  5.950320830E-01  5.870892618E-01
  5.815098806E-01  6.383691958E-01  6.398927693E-01  6.412133800E-01  6.421871308E-01
  6.385413510E-01  6.266521864E-01  6.013840849E-01  5.582778713E-01  4.922378234E-01
  3.941448738E-01  2.626646308E-01  8.881056937E-02 -1.235714030E-01 -3.430911731E-01
 -5.518762112E-01 -7.436303990E-01 -9.000154455E-01 -1.000857412E+00 -1.034752784E+00
 -1.000857412E+00 -9.000154455E-01 -7.436303990E-01 -5.518762112E-01 -3.430911731E-01
 -1.235714030E-01  8.881056937E-02  2.626646308E-01  3.941448738E-01  4.922378234E-01
  5.582778713E-01  6.013840849E-01  6.266521864E-01  6.385413510E-01  6.421871308E-01
  6.412133800E-01  6.398927693E-01  6.771338975E-01  6.772752910E-01  6.751108412E-01
  6.704886041E-01  6.594180952E-01  6.385413510E-01  6.010868066E-01  5.432134470E-01
  4.561071035E-01  3.337712106E-01  1.683551741E-01 -5.265452293E-02 -3.004939601E-01
 -5.518765302E-01 -8.039090315E-01 -1.033769932E+00 -1.211880453E+00 -1.323253386E+00
 -1.361251985E+00 -1.323253386E+00 -1.211880453E+00 -1.033769932E+00 -8.039090315E-01
 -5.518765302E-01 -3.004939601E-01 -5.265452293E-02  1.683551741E-01  3.337712106E-01
  4.561071035E-01  5.432134470E-01  6.010868066E-01  6.385413510E-01  6.594180952E-01
  6.704886041E-01  6.751108412E-01  6.772752910E-01  7.004083522E-01  6.995804174E-01
  6.959663506E-01  6.876704594E-01  6.704886041E-01  6.421871308E-01  5.950320830E-01
  5.243283712E-01  4.196289531E-01  2.754698509E-01  7.543131867E-02 -1.811984617E-01
 -4.548268869E-01 -7.436309875E-01 -1.033770203E+00 -1.284779107E+00 -1.477582659E+00
 -1.601075768E+00 -1.644039664E+00 -1.601075768E+00 -1.477582659E+00 -1.284779107E+00
 -1.033770203E+00 -7.436309875E-01 -4.548268869E-01 -1.811984617E-01  7.543131867E-02
  2.754698509E-01  4.196289531E-01  5.243283712E-01  5.950320830E-01  6.421871308E-01
  6.704886041E-01  6.876704594E-01  6.959663506E-01  6.995804174E-01  7.141396405E-01
  7.122740329E-01  7.069558594E-01  6.959663506E-01  6.751108412E-01  6.412133800E-01
  5.870892618E-01  5.067755680E-01  3.892109533E-01  2.261126380E-01 -2.403830990E-03
 -2.813268463E-01 -5.785180011E-01 -9.000162389E-01 -1.211880929E+00 -1.477582865E+00
 -1.687745764E+00 -1.825428391E+00 -1.873801163E+00 -1.825428391E+00 -1.687745764E+00
 -1.477582865E+00 -1.211880929E+00 -9.000162389E-01 -5.785180011E-01 -2.813268463E-01
 -2.403830990E-03  2.261126380E-01  3.892109533E-01  5.067755680E-01  5.870892618E-01
  6.412133800E-01  6.751108412E-01  6.959663506E-01  7.069558594E-01  7.122740329E-01
  7.206806790E-01  7.186370909E-01  7.122740329E-01  6.995804174E-01  6.772752910E-01
  6.398927693E-01  5.815098806E-01  4.944052008E-01  3.681932147E-01  1.929013167E-01
 -5.335833425E-02 -3.450982308E-01 -6.597527557E-01 -1.000858334E+00 -1.323253991E+00
 -1.601076103E+00 -1.825428520E+00 -1.973503131E+00 -2.025836324E+00 -1.973503131E+00
 -1.825428520E+00 -1.601076103E+00 -1.323253991E+00 -1.000858334E+00 -6.597527557E-01
 -3.450982308E-01 -5.335833425E-02  1.929013167E-01  3.681932147E-01  4.944052008E-01
  5.815098806E-01  6.398927693E-01  6.772752910E-01  6.995804174E-01  7.122740329E-01
  7.186370909E-01  7.431398384E-01  7.400910915E-01  7.314679862E-01  7.141401223E-01
  6.860744901E-01  6.396920816E-01  5.716558618E-01  4.705894091E-01  3.254078930E-01
  1.200158068E-01 -1.616948846E-01 -4.801236316E-01 -8.367451133E-01 -1.212570293E+00
 -1.559780426E+00 -1.873801336E+00 -2.134844754E+00 -2.317574067E+00 -2.385303578E+00
 -2.317574067E+00 -2.134844754E+00 -1.873801336E+00 -1.559780426E+00 -1.212570293E+00
 -8.367451133E-01 -4.801236316E-01 -1.616948846E-01  1.200158068E-01  3.254078930E-01
  4.705894091E-01  5.716558618E-01  6.396920816E-01  6.860744901E-01  7.141401223E-01
  7.314679862E-01  7.400910915E-01  7.400910915E-01  7.372337597E-01  7.290310394E-01
  7.122745130E-01  6.852598609E-01  6.410131480E-01  5.743025457E-01  4.752453468E-01
  3.333448271E-01  1.329778171E-01 -1.426074388E-01 -4.561285766E-01 -8.056005323E-01
 -1.176249670E+00 -1.518363334E+00 -1.825428520E+00 -2.079133738E+00 -2.253446058E+00
 -2.317574027E+00 -2.253446058E+00 -2.079133738E+00 -1.825428520E+00 -1.518363334E+00
 -1.176249670E+00 -8.056005323E-01 -4.561285766E-01 -1.426074388E-01  1.329778171E-01
  3.333448271E-01  4.752453468E-01  5.743025457E-01  6.410131480E-01  6.852598609E-01
  7.122745130E-01  7.290310394E-01  7.372337597E-01  7.314679862E-01  7.290310394E-01
  7.219797502E-01  7.069563344E-01  6.817420817E-01  6.417214353E-01  5.796082516E-01
  4.878800230E-01  3.560286050E-01  1.704745302E-01 -8.766138939E-02 -3.876049113E-01
 -7.152737836E-01 -1.069231125E+00 -1.399424671E+00 -1.687745764E+00 -1.922962598E+00
 -2.079133621E+00 -2.134844597E+00 -2.079133621E+00 -1.922962598E+00 -1.687745764E+00
 -1.399424671E+00 -1.069231125E+00 -7.152737836E-01 -3.876049113E-01 -8.766138939E-02
  1.704745302E-01  3.560286050E-01  4.878800230E-01  5.796082516E-01  6.417214353E-01
  6.817420817E-01  7.069563344E-01  7.219797502E-01  7.290310394E-01  7.141401223E-01
  7.122745130E-01  7.069563344E-01  6.959668171E-01  6.751112956E-01  6.412138192E-01
  5.870896826E-01  5.067759678E-01  3.892113299E-01  2.261129901E-01 -2.403504382E-03
 -2.813265454E-01 -5.785177258E-01 -9.000159885E-01 -1.211880702E+00 -1.477582659E+00
 -1.687745575E+00 -1.825428213E+00 -1.873800989E+00 -1.825428213E+00 -1.687745575E+00
 -1.477582659E+00 -1.211880702E+00 -9.000159885E-01 -5.785177258E-01 -2.813265454E-01
 -2.403504382E-03  2.261129901E-01  3.892113299E-01  5.067759678E-01  5.870896826E-01
  6.412138192E-01  6.751112956E-01  6.959668171E-01  7.069563344E-01  7.122745130E-01
  6.860744901E-01  6.852598609E-01  6.817420817E-01  6.751112956E-01  6.607172830E-01
  6.352296174E-01  5.921655967E-01  5.267216314E-01  4.279626980E-01  2.906850510E-01
  1.019068995E-01 -1.437160115E-01 -4.097397231E-01 -6.862354678E-01 -9.656651869E-01
 -1.211880453E+00 -1.399424233E+00 -1.518362778E+00 -1.559779830E+00 -1.518362778E+00
 -1.399424233E+00 -1.211880453E+00 -9.656651869E-01 -6.862354678E-01 -4.097397231E-01
 -1.437160115E-01  1.019068995E-01  2.906850510E-01  4.279626980E-01  5.267216314E-01
  5.921655967E-01  6.352296174E-01  6.607172830E-01  6.751112956E-01  6.817420817E-01
  6.852598609E-01  6.396920816E-01  6.410131480E-01  6.417214353E-01  6.412138192E-01
  6.352296174E-01  6.206061796E-01  5.911396262E-01  5.418755269E-01  4.662487062E-01
  3.567294564E-01  2.090186667E-01  1.078011591E-02 -2.212737080E-01 -4.557738643E-01
 -6.862351735E-01 -9.000154455E-01 -1.069230393E+00 -1.176248820E+00 -1.212569404E+00
 -1.176248820E+00 -1.069230393E+00 -9.000154455E-01 -6.862351735E-01 -4.557738643E-01
 -2.212737080E-01  1.078011591E-02  2.090186667E-01  3.567294564E-01  4.662487062E-01
  5.418755269E-01  5.911396262E-01  6.206061796E-01  6.352296174E-01  6.412138192E-01
  6.417214353E-01  6.410131480E-01  5.716558618E-01  5.743025457E-01  5.796082516E-01
  5.870896826E-01  5.921655967E-01  5.911396262E-01  5.789910210E-01  5.485045342E-01
  4.969926519E-01  4.173161015E-01  3.070337001E-01  1.619345829E-01 -2.233789755E-02
 -2.212733839E-01 -4.097391066E-01 -5.785168627E-01 -7.152727335E-01 -8.055993653E-01
 -8.367439066E-01 -8.055993653E-01 -7.152727335E-01 -5.785168627E-01 -4.097391066E-01
 -2.212733839E-01 -2.233789755E-02  1.619345829E-01  3.070337001E-01  4.173161015E-01
  4.969926519E-01  5.485045342E-01  5.789910210E-01  5.911396262E-01  5.921655967E-01
  5.870896826E-01  5.796082516E-01  5.743025457E-01  4.705894091E-01  4.752453468E-01
  4.878800230E-01  5.067759678E-01  5.267216314E-01  5.418755269E-01  5.485045342E-01
  5.408213896E-01  5.147078316E-01  4.657595613E-01  3.896160653E-01  2.894739356E-01
  1.619349252E-01  1.078077944E-02 -1.437150600E-01 -2.813253522E-01 -3.876035350E-01
 -4.561270860E-01 -4.801221022E-01 -4.561270860E-01 -3.876035350E-01 -2.813253522E-01
 -1.437150600E-01  1.078077944E-02  1.619349252E-01  2.894739356E-01  3.896160653E-01
  4.657595613E-01  5.147078316E-01  5.408213896E-01  5.485045342E-01  5.418755269E-01
  5.267216314E-01  5.067759678E-01  4.878800230E-01  4.752453468E-01  3.254078930E-01
  3.333448271E-01  3.560286050E-01  3.892113299E-01  4.279626980E-01  4.662487062E-01
  4.969926519E-01  5.147078316E-01  5.148739368E-01  4.960820025E-01  4.542249694E-01
  3.896164183E-01  3.070343921E-01  2.090196739E-01  1.019081871E-01 -2.401982802E-03
 -8.765969128E-02 -1.426056308E-01 -1.616930392E-01 -1.426056308E-01 -8.765969128E-02
 -2.401982802E-03  1.019081871E-01  2.090196739E-01  3.070343921E-01  3.896164183E-01
  4.542249694E-01  4.960820025E-01  5.148739368E-01  5.147078316E-01  4.969926519E-01
  4.662487062E-01  4.279626980E-01  3.892113299E-01  3.560286050E-01  3.333448271E-01
  1.200158068E-01  1.329778171E-01  1.704745302E-01  2.261129901E-01  2.906850510E-01
  3.567294564E-01  4.173161015E-01  4.657595613E-01  4.960820025E-01  5.059716175E-01
  4.960823604E-01  4.657602687E-01  4.173171416E-01  3.567308029E-01  2.906866677E-01
  2.261148308E-01  1.704765390E-01  1.329799302E-01  1.200179553E-01  1.329799302E-01
  1.704765390E-01  2.261148308E-01  2.906866677E-01  3.567308029E-01  4.173171416E-01
  4.657602687E-01  4.960823604E-01  5.059716175E-01  4.960820025E-01  4.657595613E-01
  4.173161015E-01  3.567294564E-01  2.906850510E-01  2.261129901E-01  1.704745302E-01
  1.329778171E-01 -1.616948846E-01 -1.426074388E-01 -8.766138939E-02 -2.403504382E-03
  1.019068995E-01  2.090186667E-01  3.070337001E-01  3.896160653E-01  4.542249694E-01
  4.960823604E-01  5.148746493E-01  5.147088872E-01  4.969940309E-01  4.662503806E-01
  4.279646309E-01  3.892134754E-01  3.560309092E-01  3.333472294E-01  3.254103284E-01
  3.333472294E-01  3.560309092E-01  3.892134754E-01  4.279646309E-01  4.662503806E-01
  4.969940309E-01  5.147088872E-01  5.148746493E-01  4.960823604E-01  4.542249694E-01
  3.896160653E-01  3.070337001E-01  2.090186667E-01  1.019068995E-01 -2.403504382E-03
 -8.766138939E-02 -1.426074388E-01 -4.801236316E-01 -4.561285766E-01 -3.876049113E-01
 -2.813265454E-01 -1.437160115E-01  1.078011591E-02  1.619345829E-01  2.894739356E-01
  3.896164183E-01  4.657602687E-01  5.147088872E-01  5.408227793E-01  5.485062362E-01
  5.418775118E-01  5.267238621E-01  5.067783995E-01  4.878826039E-01  4.752480196E-01
  4.705921129E-01  4.752480196E-01  4.878826039E-01  5.067783995E-01  5.267238621E-01
  5.418775118E-01  5.485062362E-01  5.408227793E-01  5.147088872E-01  4.657602687E-01
  3.896164183E-01  2.894739356E-01  1.619345829E-01  1.078011591E-02 -1.437160115E-01
 -2.813265454E-01 -3.876049113E-01 -4.561285766E-01 -8.367451133E-01 -8.056005323E-01
 -7.152737836E-01 -5.785177258E-01 -4.097397231E-01 -2.212737080E-01 -2.233789755E-02
  1.619349252E-01  3.070343921E-01  4.173171416E-01  4.969940309E-01  5.485062362E-01
  5.789930228E-01  5.911418979E-01  5.921681016E-01  5.870923772E-01  5.796110865E-01
  5.743054667E-01  5.716588119E-01  5.743054667E-01  5.796110865E-01  5.870923772E-01
  5.921681016E-01  5.911418979E-01  5.789930228E-01  5.485062362E-01  4.969940309E-01
  4.173171416E-01  3.070343921E-01  1.619349252E-01 -2.233789755E-02 -2.212737080E-01
 -4.097397231E-01 -5.785177258E-01 -7.152737836E-01 -8.056005323E-01 -1.212570293E+00
 -1.176249670E+00 -1.069231125E+00 -9.000159885E-01 -6.862354678E-01 -4.557738643E-01
 -2.212733839E-01  1.078077944E-02  2.090196739E-01  3.567308029E-01  4.662503806E-01
  5.418775118E-01  5.911418979E-01  6.206087084E-01  6.352323673E-01  6.412167484E-01
  6.417244968E-01  6.410162905E-01  6.396952514E-01  6.410162905E-01  6.417244968E-01
  6.412167484E-01  6.352323673E-01  6.206087084E-01  5.911418979E-01  5.418775118E-01
  4.662503806E-01  3.567308029E-01  2.090196739E-01  1.078077944E-02 -2.212733839E-01
 -4.557738643E-01 -6.862354678E-01 -9.000159885E-01 -1.069231125E+00 -1.176249670E+00
 -1.559780426E+00 -1.518363334E+00 -1.399424671E+00 -1.211880702E+00 -9.656651869E-01
 -6.862351735E-01 -4.097391066E-01 -1.437150600E-01  1.019081871E-01  2.906866677E-01
  4.279646309E-01  5.267238621E-01  5.921681016E-01  6.352323673E-01  6.607202432E-01
  6.751144260E-01  6.817453373E-01  6.852631932E-01  6.860778482E-01  6.852631932E-01
  6.817453373E-01  6.751144260E-01  6.607202432E-01  6.352323673E-01  5.921681016E-01
  5.267238621E-01  4.279646309E-01  2.906866677E-01  1.019081871E-01 -1.437150600E-01
 -4.097391066E-01 -6.862351735E-01 -9.656651869E-01 -1.211880702E+00 -1.399424671E+00
 -1.518363334E+00 -1.873801336E+00 -1.825428520E+00 -1.687745764E+00 -1.477582659E+00
 -1.211880453E+00 -9.000154455E-01 -5.785168627E-01 -2.813253522E-01 -2.401982802E-03
  2.261148308E-01  3.892134754E-01  5.067783995E-01  5.870923772E-01  6.412167484E-01
  6.751144260E-01  6.959701100E-01  7.069597470E-01  7.122779988E-01  7.141436327E-01
  7.122779988E-01  7.069597470E-01  6.959701100E-01  6.751144260E-01  6.412167484E-01
  5.870923772E-01  5.067783995E-01  3.892134754E-01  2.261148308E-01 -2.401982802E-03
 -2.813253522E-01 -5.785168627E-01 -9.000154455E-01 -1.211880453E+00 -1.477582659E+00
 -1.687745764E+00 -1.825428520E+00 -2.134844754E+00 -2.079133738E+00 -1.922962598E+00
 -1.687745575E+00 -1.399424233E+00 -1.069230393E+00 -7.152727335E-01 -3.876035350E-01
 -8.765969128E-02  1.704765390E-01  3.560309092E-01  4.878826039E-01  5.796110865E-01
  6.417244968E-01  6.817453373E-01  7.069597470E-01  7.219832782E-01  7.290346380E-01
  7.314716087E-01  7.290346380E-01  7.219832782E-01  7.069597470E-01  6.817453373E-01
  6.417244968E-01  5.796110865E-01  4.878826039E-01  3.560309092E-01  1.704765390E-01
 -8.765969128E-02 -3.876035350E-01 -7.152727335E-01 -1.069230393E+00 -1.399424233E+00
 -1.687745575E+00 -1.922962598E+00 -2.079133738E+00 -2.317574067E+00 -2.253446058E+00
 -2.079133621E+00 -1.825428213E+00 -1.518362778E+00 -1.176248820E+00 -8.055993653E-01
 -4.561270860E-01 -1.426056308E-01  1.329799302E-01  3.333472294E-01  4.752480196E-01
  5.743054667E-01  6.410162905E-01  6.852631932E-01  7.122779988E-01  7.290346380E-01
  7.372374274E-01  7.400947825E-01  7.372374274E-01  7.290346380E-01  7.122779988E-01
  6.852631932E-01  6.410162905E-01  5.743054667E-01  4.752480196E-01  3.333472294E-01
  1.329799302E-01 -1.426056308E-01 -4.561270860E-01 -8.055993653E-01 -1.176248820E+00
 -1.518362778E+00 -1.825428213E+00 -2.079133621E+00 -2.253446058E+00 -2.385303578E+00
 -2.317574027E+00 -2.134844597E+00 -1.873800989E+00 -1.559779830E+00 -1.212569404E+00
 -8.367439066E-01 -4.801221022E-01 -1.616930392E-01  1.200179553E-01  3.254103284E-01
  4.705921129E-01  5.716588119E-01  6.396952514E-01  6.860778482E-01  7.141436327E-01
  7.314716087E-01  7.400947825E-01  7.431435526E-01  7.400947825E-01  7.314716087E-01
  7.141436327E-01  6.860778482E-01  6.396952514E-01  5.716588119E-01  4.705921129E-01
  3.254103284E-01  1.200179553E-01 -1.616930392E-01 -4.801221022E-01 -8.367439066E-01
 -1.212569404E+00 -1.559779830E+00 -1.873800989E+00 -2.134844597E+00 -2.317574027E+00
 -2.317574067E+00 -2.253446058E+00 -2.079133621E+00 -1.825428213E+00 -1.518362778E+00
 -1.176248820E+00 -8.055993653E-01 -4.561270860E-01 -1.426056308E-01  1.329799302E-01
  3.333472294E-01  4.752480196E-01  5.743054667E-01  6.410162905E-01  6.852631932E-01
  7.122779988E-01  7.290346380E-01  7.372374274E-01  7.400947825E-01  7.372374274E-01
  7.290346380E-01  7.122779988E-01  6.852631932E-01  6.410162905E-01  5.743054667E-01
  4.752480196E-01  3.333472294E-01  1.329799302E-01 -1.426056308E-01 -4.561270860E-01
 -8.055993653E-01 -1.176248820E+00 -1.518362778E+00 -1.825428213E+00 -2.079133621E+00
 -2.253446058E+00 -2.134844754E+00 -2.079133738E+00 -1.922962598E+00 -1.687745575E+00
 -1.399424233E+00 -1.069230393E+00 -7.152727335E-01 -3.876035350E-01 -8.765969128E-02
  1.704765390E-01  3.560309092E-01  4.878826039E-01  5.796110865E-01  6.417244968E-01
  6.817453373E-01  7.069597470E-01  7.219832782E-01  7.290346380E-01  7.314716087E-01
  7.290346380E-01  7.219832782E-01  7.069597470E-01  6.817453373E-01  6.417244968E-01
  5.796110865E-01  4.878826039E-01  3.560309092E-01  1.704765390E-01 -8.765969128E-02
 -3.876035350E-01 -7.152727335E-01 -1.069230393E+00 -1.399424233E+00 -1.687745575E+00
 -1.922962598E+00 -2.079133738E+00 -1.873801336E+00 -1.825428520E+00 -1.687745764E+00
 -1.477582659E+00 -1.211880453E+00 -9.000154455E-01 -5.785168627E-01 -2.813253522E-01
 -2.401982802E-03  2.261148308E-01  3.892134754E-01  5.067783995E-01  5.870923772E-01
  6.412167484E-01  6.751144260E-01  6.959701100E-01  7.069597470E-01  7.122779988E-01
  7.141436327E-01  7.122779988E-01  7.069597470E-01  6.959701100E-01  6.751144260E-01
  6.412167484E-01  5.870923772E-01  5.067783995E-01  3.892134754E-01  2.261148308E-01
 -2.401982802E-03 -2.813253522E-01 -5.785168627E-01 -9.000154455E-01 -1.211880453E+00
 -1.477582659E+00 -1.687745764E+00 -1.825428520E+00 -1.559780426E+00 -1.518363334E+00
 -1.399424671E+00 -1.211880702E+00 -9.656651869E-01 -6.862351735E-01 -4.097391066E-01
 -1.437150600E-01  1.019081871E-01  2.906866677E-01  4.279646309E-01  5.267238621E-01
  5.921681016E-01  6.352323673E-01  6.607202432E-01  6.751144260E-01  6.817453373E-01
  6.852631932E-01  6.860778482E-01  6.852631932E-01  6.817453373E-01  6.751144260E-01
  6.607202432E-01  6.352323673E-01  5.921681016E-01  5.267238621E-01  4.279646309E-01
  2.906866677E-01  1.019081871E-01 -1.437150600E-01 -4.097391066E-01 -6.862351735E-01
 -9.656651869E-01 -1.211880702E+00 -1.399424671E+00 -1.518363334E+00 -1.212570293E+00
 -1.176249670E+00 -1.069231125E+00 -9.000159885E-01 -6.862354678E-01 -4.557738643E-01
 -2.212733839E-01  1.078077944E-02  2.090196739E-01  3.567308029E-01  4.662503806E-01
  5.418775118E-01  5.911418979E-01  6.206087084E-01  6.352323673E-01  6.412167484E-01
  6.417244968E-01  6.410162905E-01  6.396952514E-01  6.410162905E-01  6.417244968E-01
  6.412167484E-01  6.352323673E-01  6.206087084E-01  5.911418979E-01  5.418775118E-01
  4.662503806E-01  3.567308029E-01  2.090196739E-01  1.078077944E-02 -2.212733839E-01
 -4.557738643E-01 -6.862354678E-01 -9.000159885E-01 -1.069231125E+00 -1.176249670E+00
 -8.367451133E-01 -8.056005323E-01 -7.152737836E-01 -5.785177258E-01 -4.097397231E-01
 -2.212737080E-01 -2.233789755E-02  1.619349252E-01  3.070343921E-01  4.173171416E-01
  4.969940309E-01  5.485062362E-01  5.789930228E-01  5.911418979E-01  5.921681016E-01
  5.870923772E-01  5.796110865E-01  5.743054667E-01  5.716588119E-01  5.743054667E-01
  5.796110865E-01  5.870923772E-01  5.921681016E-01  5.911418979E-01  5.789930228E-01
  5.485062362E-01  4.969940309E-01  4.173171416E-01  3.070343921E-01  1.619349252E-01
 -2.233789755E-02 -2.212737080E-01 -4.097397231E-01 -5.785177258E-01 -7.152737836E-01
 -8.056005323E-01 -4.801236316E-01 -4.561285766E-01 -3.876049113E-01 -2.813265454E-01
 -1.437160115E-01  1.078011591E-02  1.619345829E-01  2.894739356E-01  3.896164183E-01
  4.657602687E-01  5.147088872E-01  5.408227793E-01  5.485062362E-01  5.418775118E-01
  5.267238621E-01  5.067783995E-01  4.878826039E-01  4.752480196E-01  4.705921129E-01
  4.752480196E-01  4.878826039E-01  5.067783995E-01  5.267238621E-01  5.418775118E-01
  5.485062362E-01  5.408227793E-01  5.147088872E-01  4.657602687E-01  3.896164183E-01
  2.894739356E-01  1.619345829E-01  1.078011591E-02 -1.437160115E-01 -2.813265454E-01
 -3.876049113E-01 -4.561285766E-01 -1.616948846E-01 -1.426074388E-01 -8.766138939E-02
 -2.403504382E-03  1.019068995E-01  2.090186667E-01  3.070337001E-01  3.896160653E-01
  4.542249694E-01  4.960823604E-01  5.148746493E-01  5.147088872E-01  4.969940309E-01
  4.662503806E-01  4.279646309E-01  3.892134754E-01  3.560309092E-01  3.333472294E-01
  3.254103284E-01  3.333472294E-01  3.560309092E-01  3.892134754E-01  4.279646309E-01
  4.662503806E-01  4.969940309E-01  5.147088872E-01  5.148746493E-01  4.960823604E-01
  4.542249694E-01  3.896160653E-01  3.070337001E-01  2.090186667E-01  1.019068995E-01
 -2.403504382E-03 -8.766138939E-02 -1.426074388E-01  1.200158068E-01  1.329778171E-01
  1.704745302E-01  2.261129901E-01  2.906850510E-01  3.567294564E-01  4.173161015E-01
  4.657595613E-01  4.960820025E-01  5.059716175E-01  4.960823604E-01  4.657602687E-01
  4.173171416E-01  3.567308029E-01  2.906866677E-01  2.261148308E-01  1.704765390E-01
  1.329799302E-01  1.200179553E-01  1.329799302E-01  1.704765390E-01  2.261148308E-01
  2.906866677E-01  3.567308029E-01  4.173171416E-01  4.657602687E-01  4.960823604E-01
  5.059716175E-01  4.960820025E-01  4.657595613E-01  4.173161015E-01  3.567294564E-01
  2.906850510E-01  2.261129901E-01  1.704745302E-01  1.329778171E-01  3.254078930E-01
  3.333448271E-01  3.560286050E-01  3.892113299E-01  4.279626980E-01  4.662487062E-01
  4.969926519E-01  5.147078316E-01  5.148739368E-01  4.960820025E-01  4.542249694E-01
  3.896164183E-01  3.070343921E-01  2.090196739E-01  1.019081871E-01 -2.401982802E-03
 -8.765969128E-02 -1.426056308E-01 -1.616930392E-01 -1.426056308E-01 -8.765969128E-02
 -2.401982802E-03  1.019081871E-01  2.090196739E-01  3.070343921E-01  3.896164183E-01
  4.542249694E-01  4.960820025E-01  5.148739368E-01  5.147078316E-01  4.969926519E-01
  4.662487062E-01  4.279626980E-01  3.892113299E-01  3.560286050E-01  3.333448271E-01
  4.705894091E-01  4.752453468E-01  4.878800230E-01  5.067759678E-01  5.267216314E-01
  5.418755269E-01  5.485045342E-01  5.408213896E-01  5.147078316E-01  4.657595613E-01
  3.896160653E-01  2.894739356E-01  1.619349252E-01  1.078077944E-02 -1.437150600E-01
 -2.813253522E-01 -3.876035350E-01 -4.561270860E-01 -4.801221022E-01 -4.561270860E-01
 -3.876035350E-01 -2.813253522E-01 -1.437150600E-01  1.078077944E-02  1.619349252E-01
  2.894739356E-01  3.896160653E-01  4.657595613E-01  5.147078316E-01  5.408213896E-01
  5.485045342E-01  5.418755269E-01  5.267216314E-01  5.067759678E-01  4.878800230E-01
  4.752453468E-01  5.716558618E-01  5.743025457E-01  5.796082516E-01  5.870896826E-01
  5.921655967E-01  5.911396262E-01  5.789910210E-01  5.485045342E-01  4.969926519E-01
  4.173161015E-01  3.070337001E-01  1.619345829E-01 -2.233789755E-02 -2.212733839E-01
 -4.097391066E-01 -5.785168627E-01 -7.152727335E-01 -8.055993653E-01 -8.367439066E-01
 -8.055993653E-01 -7.152727335E-01 -5.785168627E-01 -4.097391066E-01 -2.212733839E-01
 -2.233789755E-02  1.619345829E-01  3.070337001E-01  4.173161015E-01  4.969926519E-01
  5.485045342E-01  5.789910210E-01  5.911396262E-01  5.921655967E-01  5.870896826E-01
  5.796082516E-01  5.743025457E-01  6.396920816E-01  6.410131480E-01  6.417214353E-01
  6.412138192E-01  6.352296174E-01  6.206061796E-01  5.911396262E-01  5.418755269E-01
  4.662487062E-01  3.567294564E-01  2.090186667E-01  1.078011591E-02 -2.212737080E-01
 -4.557738643E-01 -6.862351735E-01 -9.000154455E-01 -1.069230393E+00 -1.176248820E+00
 -1.212569404E+00 -1.176248820E+00 -1.069230393E+00 -9.000154455E-01 -6.862351735E-01
 -4.557738643E-01 -2.212737080E-01  1.078011591E-02  2.090186667E-01  3.567294564E-01
  4.662487062E-01  5.418755269E-01  5.911396262E-01  6.206061796E-01  6.352296174E-01
  6.412138192E-01  6.417214353E-01  6.410131480E-01  6.860744901E-01  6.852598609E-01
  6.817420817E-01  6.751112956E-01  6.607172830E-01  6.352296174E-01  5.921655967E-01
  5.267216314E-01  4.279626980E-01  2.906850510E-01  1.019068995E-01 -1.437160115E-01
 -4.097397231E-01 -6.862354678E-01 -9.656651869E-01 -1.211880453E+00 -1.399424233E+00
 -1.518362778E+00 -1.559779830E+00 -1.518362778E+00 -1.399424233E+00 -1.211880453E+00
 -9.656651869E-01 -6.862354678E-01 -4.097397231E-01 -1.437160115E-01  1.019068995E-01
  2.906850510E-01  4.279626980E-01  5.267216314E-01  5.921655967E-01  6.352296174E-01
  6.607172830E-01  6.751112956E-01  6.817420817E-01  6.852598609E-01  7.141401223E-01
  7.122745130E-01  7.069563344E-01  6.959668171E-01  6.751112956E-01  6.412138192E-01
  5.870896826E-01  5.067759678E-01  3.892113299E-01  2.261129901E-01 -2.403504382E-03
 -2.813265454E-01 -5.785177258E-01 -9.000159885E-01 -1.211880702E+00 -1.477582659E+00
 -1.687745575E+00 -1.825428213E+00 -1.873800989E+00 -1.825428213E+00 -1.687745575E+00
 -1.477582659E+00 -1.211880702E+00 -9.000159885E-01 -5.785177258E-01 -2.813265454E-01
 -2.403504382E-03  2.261129901E-01  3.892113299E-01  5.067759678E-01  5.870896826E-01
  6.412138192E-01  6.751112956E-01  6.959668171E-01  7.069563344E-01  7.122745130E-01
  7.314679862E-01  7.290310394E-01  7.219797502E-01  7.069563344E-01  6.817420817E-01
  6.417214353E-01  5.796082516E-01  4.878800230E-01  3.560286050E-01  1.704745302E-01
 -8.766138939E-02 -3.876049113E-01 -7.152737836E-01 -1.069231125E+00 -1.399424671E+00
 -1.687745764E+00 -1.922962598E+00 -2.079133621E+00 -2.134844597E+00 -2.079133621E+00
 -1.922962598E+00 -1.687745764E+00 -1.399424671E+00 -1.069231125E+00 -7.152737836E-01
 -3.876049113E-01 -8.766138939E-02  1.704745302E-01  3.560286050E-01  4.878800230E-01
  5.796082516E-01  6.417214353E-01  6.817420817E-01  7.069563344E-01  7.219797502E-01
  7.290310394E-01  7.400910915E-01  7.372337597E-01  7.290310394E-01  7.122745130E-01
  6.852598609E-01  6.410131480E-01  5.743025457E-01  4.752453468E-01  3.333448271E-01
  1.329778171E-01 -1.426074388E-01 -4.561285766E-01 -8.056005323E-01 -1.176249670E+00
 -1.518363334E+00 -1.825428520E+00 -2.079133738E+00 -2.253446058E+00 -2.317574027E+00
 -2.253446058E+00 -2.079133738E+00 -1.825428520E+00 -1.518363334E+00 -1.176249670E+00
 -8.056005323E-01 -4.561285766E-01 -1.426074388E-01  1.329778171E-01  3.333448271E-01
  4.752453468E-01  5.743025457E-01  6.410131480E-01  6.852598609E-01  7.122745130E-01
  7.290310394E-01  7.372337597E-01  7.530278407E-01  7.490589342E-01  7.400913853E-01
  7.206814547E-01  6.897203258E-01  6.399549837E-01  5.661832862E-01  4.569266976E-01
  3.014052567E-01  7.864790473E-02 -2.196761626E-01 -5.534577874E-01 -9.341334192E-01
 -1.324072744E+00 -1.688402973E+00 -2.025836368E+00 -2.317574067E+00 -2.532434086E+00
 -2.609317126E+00 -2.532434086E+00 -2.317574067E+00 -2.025836368E+00 -1.688402973E+00
 -1.324072744E+00 -9.341334192E-01 -5.534577874E-01 -2.196761626E-01  7.864790473E-02
  3.014052567E-01  4.569266976E-01  5.661832862E-01  6.399549837E-01  6.897203258E-01
  7.206814547E-01  7.400913853E-01  7.490589342E-01  7.490589342E-01  7.456840276E-01
  7.372340525E-01  7.186378639E-01  6.888388175E-01  6.405935852E-01  5.687445264E-01
  4.620312122E-01  3.096794690E-01  9.254785764E-02 -1.998094247E-01 -5.281221010E-01
 -9.012680913E-01 -1.286580791E+00 -1.644280231E+00 -1.973503131E+00 -2.253446058E+00
 -2.457283021E+00 -2.532434049E+00 -2.457283021E+00 -2.253446058E+00 -1.973503131E+00
 -1.644280231E+00 -1.286580791E+00 -9.012680913E-01 -5.281221010E-01 -1.998094247E-01
  9.254785764E-02  3.096794690E-01  4.620312122E-01  5.687445264E-01  6.405935852E-01
  6.888388175E-01  7.186378639E-01  7.372340525E-01  7.456840276E-01  7.400913853E-01
  7.372340525E-01  7.290313292E-01  7.122747978E-01  6.852601386E-01  6.410134168E-01
  5.743028037E-01  4.752455924E-01  3.333450592E-01  1.329780349E-01 -1.426072359E-01
 -4.561283888E-01 -8.056003599E-01 -1.176249512E+00 -1.518363192E+00 -1.825428391E+00
 -2.079133621E+00 -2.253445948E+00 -2.317573920E+00 -2.253445948E+00 -2.079133621E+00
 -1.825428391E+00 -1.518363192E+00 -1.176249512E+00 -8.056003599E-01 -4.561283888E-01
 -1.426072359E-01  1.329780349E-01  3.333450592E-01  4.752455924E-01  5.743028037E-01
  6.410134168E-01  6.852601386E-01  7.122747978E-01  7.290313292E-01  7.372340525E-01
  7.206814547E-01  7.186378639E-01  7.122747978E-01  6.995811687E-01  6.772760233E-01
  6.398934772E-01  5.815105594E-01  4.944058462E-01  3.681938235E-01  1.929018865E-01
 -5.335780488E-02 -3.450977424E-01 -6.597523081E-01 -1.000857927E+00 -1.323253621E+00
 -1.601075768E+00 -1.825428213E+00 -1.973502844E+00 -2.025836043E+00 -1.973502844E+00
 -1.825428213E+00 -1.601075768E+00 -1.323253621E+00 -1.000857927E+00 -6.597523081E-01
 -3.450977424E-01 -5.335780488E-02  1.929018865E-01  3.681938235E-01  4.944058462E-01
  5.815105594E-01  6.398934772E-01  6.772760233E-01  6.995811687E-01  7.122747978E-01
  7.186378639E-01  6.897203258E-01  6.888388175E-01  6.852601386E-01  6.772760233E-01
  6.608156145E-01  6.325152541E-01  5.855583371E-01  5.147196590E-01  4.088910292E-01
  2.621900545E-01  5.754325150E-02 -2.024497375E-01 -4.806515484E-01 -7.749806781E-01
 -1.069136702E+00 -1.323253386E+00 -1.518362778E+00 -1.644279707E+00 -1.688402412E+00
 -1.644279707E+00 -1.518362778E+00 -1.323253386E+00 -1.069136702E+00 -7.749806781E-01
 -4.806515484E-01 -2.024497375E-01  5.754325150E-02  2.621900545E-01  4.088910292E-01
  5.147196590E-01  5.855583371E-01  6.325152541E-01  6.608156145E-01  6.772760233E-01
  6.852601386E-01  6.888388175E-01  6.399549837E-01  6.405935852E-01  6.410134168E-01
  6.398934772E-01  6.325152541E-01  6.161928188E-01  5.835243919E-01  5.304724866E-01
  4.490911288E-01  3.325374504E-01  1.735652411E-01 -4.040159222E-02 -2.834101759E-01
 -5.288392486E-01 -7.749803994E-01 -1.000857412E+00 -1.176248820E+00 -1.286579987E+00
 -1.324071903E+00 -1.286579987E+00 -1.176248820E+00 -1.000857412E+00 -7.749803994E-01
 -5.288392486E-01 -2.834101759E-01 -4.040159222E-02  1.735652411E-01  3.325374504E-01
  4.490911288E-01  5.304724866E-01  5.835243919E-01  6.161928188E-01  6.325152541E-01
  6.398934772E-01  6.410134168E-01  6.405935852E-01  5.661832862E-01  5.687445264E-01
  5.743028037E-01  5.815105594E-01  5.855583371E-01  5.835243919E-01  5.694756943E-01
  5.369463692E-01  4.815483480E-01  3.961728994E-01  2.788051837E-01  1.215155879E-01
 -7.547955377E-02 -2.834098694E-01 -4.806509648E-01 -6.597514907E-01 -8.055993653E-01
 -9.012669862E-01 -9.341322766E-01 -9.012669862E-01 -8.055993653E-01 -6.597514907E-01
 -4.806509648E-01 -2.834098694E-01 -7.547955377E-02  1.215155879E-01  2.788051837E-01
  3.961728994E-01  4.815483480E-01  5.369463692E-01  5.694756943E-01  5.835243919E-01
  5.855583371E-01  5.815105594E-01  5.743028037E-01  5.687445264E-01  4.569266976E-01
  4.620312122E-01  4.752455924E-01  4.944058462E-01  5.147196590E-01  5.304724866E-01
  5.369463692E-01  5.282311797E-01  5.001684016E-01  4.474337544E-01  3.658482511E-01
  2.586472290E-01  1.215159110E-01 -4.040096534E-02 -2.024488377E-01 -3.450966133E-01
 -4.561270860E-01 -5.281206898E-01 -5.534563393E-01 -5.281206898E-01 -4.561270860E-01
 -3.450966133E-01 -2.024488377E-01 -4.040096534E-02  1.215159110E-01  2.586472290E-01
  3.658482511E-01  4.474337544E-01  5.001684016E-01  5.282311797E-01  5.369463692E-01
  5.304724866E-01  5.147196590E-01  4.944058462E-01  4.752455924E-01  4.620312122E-01
  3.014052567E-01  3.096794690E-01  3.333450592E-01  3.681938235E-01  4.088910292E-01
  4.490911288E-01  4.815483480E-01  5.001684016E-01  4.998264249E-01  4.794891296E-01
  4.346516916E-01  3.658485836E-01  2.788058360E-01  1.735661912E-01  5.754446716E-02
 -5.335636733E-02 -1.426056308E-01 -1.998077151E-01 -2.196744176E-01 -1.998077151E-01
 -1.426056308E-01 -5.335636733E-02  5.754446716E-02  1.735661912E-01  2.788058360E-01
  3.658485836E-01  4.346516916E-01  4.794891296E-01  4.998264249E-01  5.001684016E-01
  4.815483480E-01  4.490911288E-01  4.088910292E-01  3.681938235E-01  3.333450592E-01
  3.096794690E-01  7.864790473E-02  9.254785764E-02  1.329780349E-01  1.929018865E-01
  2.621900545E-01  3.325374504E-01  3.961728994E-01  4.474337544E-01  4.794891296E-01
  4.894663283E-01  4.794894665E-01  4.474344204E-01  3.961738788E-01  3.325387189E-01
  2.621915784E-01  1.929036224E-01  1.329799302E-01  9.254985192E-02  7.864993259E-02
  9.254985192E-02  1.329799302E-01  1.929036224E-01  2.621915784E-01  3.325387189E-01
  3.961738788E-01  4.474344204E-01  4.794894665E-01  4.894663283E-01  4.794891296E-01
  4.474337544E-01  3.961728994E-01  3.325374504E-01  2.621900545E-01  1.929018865E-01
  1.329780349E-01  9.254785764E-02 -2.196761626E-01 -1.998094247E-01 -1.426072359E-01
 -5.335780488E-02  5.754325150E-02  1.735652411E-01  2.788051837E-01  3.658482511E-01
  4.346516916E-01  4.794894665E-01  4.998270953E-01  5.001693948E-01  4.815496456E-01
  4.490927045E-01  4.088928485E-01  3.681958436E-01  3.333472294E-01  3.096817320E-01
  3.014075511E-01  3.096817320E-01  3.333472294E-01  3.681958436E-01  4.088928485E-01
  4.490927045E-01  4.815496456E-01  5.001693948E-01  4.998270953E-01  4.794894665E-01
  4.346516916E-01  3.658482511E-01  2.788051837E-01  1.735652411E-01  5.754325150E-02
 -5.335780488E-02 -1.426072359E-01 -1.998094247E-01 -5.534577874E-01 -5.281221010E-01
 -4.561283888E-01 -3.450977424E-01 -2.024497375E-01 -4.040159222E-02  1.215155879E-01
  2.586472290E-01  3.658485836E-01  4.474344204E-01  5.001693948E-01  5.282324866E-01
  5.369479695E-01  5.304743528E-01  5.147217562E-01  4.944081327E-01  4.752480196E-01
  4.620337260E-01  4.569292407E-01  4.620337260E-01  4.752480196E-01  4.944081327E-01
  5.147217562E-01  5.304743528E-01  5.369479695E-01  5.282324866E-01  5.001693948E-01
  4.474344204E-01  3.658485836E-01  2.586472290E-01  1.215155879E-01 -4.040159222E-02
 -2.024497375E-01 -3.450977424E-01 -4.561283888E-01 -5.281221010E-01 -9.341334192E-01
 -9.012680913E-01 -8.056003599E-01 -6.597523081E-01 -4.806515484E-01 -2.834101759E-01
 -7.547955377E-02  1.215159110E-01  2.788058360E-01  3.961738788E-01  4.815496456E-01
  5.369479695E-01  5.694775756E-01  5.835265263E-01  5.855606901E-01  5.815130906E-01
  5.743054667E-01  5.687472705E-01  5.661860576E-01  5.687472705E-01  5.743054667E-01
  5.815130906E-01  5.855606901E-01  5.835265263E-01  5.694775756E-01  5.369479695E-01
  4.815496456E-01  3.961738788E-01  2.788058360E-01  1.215159110E-01 -7.547955377E-02
 -2.834101759E-01 -4.806515484E-01 -6.597523081E-01 -8.056003599E-01 -9.012680913E-01
 -1.324072744E+00 -1.286580791E+00 -1.176249512E+00 -1.000857927E+00 -7.749806781E-01
 -5.288392486E-01 -2.834098694E-01 -4.040096534E-02  1.735661912E-01  3.325387189E-01
  4.490927045E-01  5.304743528E-01  5.835265263E-01  6.161951936E-01  6.325178359E-01
  6.398962269E-01  6.410162905E-01  6.405965350E-01  6.399579592E-01  6.405965350E-01
  6.410162905E-01  6.398962269E-01  6.325178359E-01  6.161951936E-01  5.835265263E-01
  5.304743528E-01  4.490927045E-01  3.325387189E-01  1.735661912E-01 -4.040096534E-02
 -2.834098694E-01 -5.288392486E-01 -7.749806781E-01 -1.000857927E+00 -1.176249512E+00
 -1.286580791E+00 -1.688402973E+00 -1.644280231E+00 -1.518363192E+00 -1.323253621E+00
 -1.069136702E+00 -7.749803994E-01 -4.806509648E-01 -2.024488377E-01  5.754446716E-02
  2.621915784E-01  4.088928485E-01  5.147217562E-01  5.855606901E-01  6.325178359E-01
  6.608183926E-01  6.772789606E-01  6.852631932E-01  6.888419439E-01  6.897234765E-01
  6.888419439E-01  6.852631932E-01  6.772789606E-01  6.608183926E-01  6.325178359E-01
  5.855606901E-01  5.147217562E-01  4.088928485E-01  2.621915784E-01  5.754446716E-02
 -2.024488377E-01 -4.806509648E-01 -7.749803994E-01 -1.069136702E+00 -1.323253621E+00
 -1.518363192E+00 -1.644280231E+00 -2.025836368E+00 -1.973503131E+00 -1.825428391E+00
 -1.601075768E+00 -1.323253386E+00 -1.000857412E+00 -6.597514907E-01 -3.450966133E-01
 -5.335636733E-02  1.929036224E-01  3.681958436E-01  4.944081327E-01  5.815130906E-01
  6.398962269E-01  6.772789606E-01  6.995842578E-01  7.122779988E-01  7.186411334E-01
  7.206847473E-01  7.186411334E-01  7.122779988E-01  6.995842578E-01  6.772789606E-01
  6.398962269E-01  5.815130906E-01  4.944081327E-01  3.681958436E-01  1.929036224E-01
 -5.335636733E-02 -3.450966133E-01 -6.597514907E-01 -1.000857412E+00 -1.323253386E+00
 -1.601075768E+00 -1.825428391E+00 -1.973503131E+00 -2.317574067E+00 -2.253446058E+00
 -2.079133621E+00 -1.825428213E+00 -1.518362778E+00 -1.176248820E+00 -8.055993653E-01
 -4.561270860E-01 -1.426056308E-01  1.329799302E-01  3.333472294E-01  4.752480196E-01
  5.743054667E-01  6.410162905E-01  6.852631932E-01  7.122779988E-01  7.290346380E-01
  7.372374274E-01  7.400947825E-01  7.372374274E-01  7.290346380E-01  7.122779988E-01
  6.852631932E-01  6.410162905E-01  5.743054667E-01  4.752480196E-01  3.333472294E-01
  1.329799302E-01 -1.426056308E-01 -4.561270860E-01 -8.055993653E-01 -1.176248820E+00
 -1.518362778E+00 -1.825428213E+00 -2.079133621E+00 -2.253446058E+00 -2.532434086E+00
 -2.457283021E+00 -2.253445948E+00 -1.973502844E+00 -1.644279707E+00 -1.286579987E+00
 -9.012669862E-01 -5.281206898E-01 -1.998077151E-01  9.254985192E-02  3.096817320E-01
  4.620337260E-01  5.687472705E-01  6.405965350E-01  6.888419439E-01  7.186411334E-01
  7.372374274E-01  7.456874671E-01  7.490623955E-01  7.456874671E-01  7.372374274E-01
  7.186411334E-01  6.888419439E-01  6.405965350E-01  5.687472705E-01  4.620337260E-01
  3.096817320E-01  9.254985192E-02 -1.998077151E-01 -5.281206898E-01 -9.012669862E-01
 -1.286579987E+00 -1.644279707E+00 -1.973502844E+00 -2.253445948E+00 -2.457283021E+00
 -2.609317126E+00 -2.532434049E+00 -2.317573920E+00 -2.025836043E+00 -1.688402412E+00
 -1.324071903E+00 -9.341322766E-01 -5.534563393E-01 -2.196744176E-01  7.864993259E-02
  3.014075511E-01  4.569292407E-01  5.661860576E-01  6.399579592E-01  6.897234765E-01
  7.206847473E-01  7.400947825E-01  7.490623955E-01  7.530313236E-01  7.490623955E-01
  7.400947825E-01  7.206847473E-01  6.897234765E-01  6.399579592E-01  5.661860576E-01
  4.569292407E-01  3.014075511E-01  7.864993259E-02 -2.196744176E-01 -5.534563393E-01
 -9.341322766E-01 -1.324071903E+00 -1.688402412E+00 -2.025836043E+00 -2.317573920E+00
 -2.532434049E+00 -2.532434086E+00 -2.457283021E+00 -2.253445948E+00 -1.973502844E+00
 -1.644279707E+00 -1.286579987E+00 -9.012669862E-01 -5.281206898E-01 -1.998077151E-01
  9.254985192E-02  3.096817320E-01  4.620337260E-01  5.687472705E-01  6.405965350E-01
  6.888419439E-01  7.186411334E-01  7.372374274E-01  7.456874671E-01  7.490623955E-01
  7.456874671E-01  7.372374274E-01  7.186411334E-01  6.888419439E-01  6.405965350E-01
  5.687472705E-01  4.620337260E-01  3.096817320E-01  9.254985192E-02 -1.998077151E-01
 -5.281206898E-01 -9.012669862E-01 -1.286579987E+00 -1.644279707E+00 -1.973502844E+00
 -2.253445948E+00 -2.457283021E+00 -2.317574067E+00 -2.253446058E+00 -2.079133621E+00
 -1.825428213E+00 -1.518362778E+00 -1.176248820E+00 -8.055993653E-01 -4.561270860E-01
 -1.426056308E-01  1.329799302E-01  3.333472294E-01  4.752480196E-01  5.743054667E-01
  6.410162905E-01  6.852631932E-01  7.122779988E-01  7.290346380E-01  7.372374274E-01
  7.400947825E-01  7.372374274E-01  7.290346380E-01  7.122779988E-01  6.852631932E-01
  6.410162905E-01  5.743054667E-01  4.752480196E-01  3.333472294E-01  1.329799302E-01
 -1.426056308E-01 -4.561270860E-01 -8.055993653E-01 -1.176248820E+00 -1.518362778E+00
 -1.825428213E+00 -2.079133621E+00 -2.253446058E+00 -2.025836368E+00 -1.973503131E+00
 -1.825428391E+00 -1.601075768E+00 -1.323253386E+00 -1.000857412E+00 -6.597514907E-01
 -3.450966133E-01 -5.335636733E-02  1.929036224E-01  3.681958436E-01  4.944081327E-01
  5.815130906E-01  6.398962269E-01  6.772789606E-01  6.995842578E-01  7.122779988E-01
  7.186411334E-01  7.206847473E-01  7.186411334E-01  7.122779988E-01  6.995842578E-01
  6.772789606E-01  6.398962269E-01  5.815130906E-01  4.944081327E-01  3.681958436E-01
  1.929036224E-01 -5.335636733E-02 -3.450966133E-01 -6.597514907E-01 -1.000857412E+00
 -1.323253386E+00 -1.601075768E+00 -1.825428391E+00 -1.973503131E+00 -1.688402973E+00
 -1.644280231E+00 -1.518363192E+00 -1.323253621E+00 -1.069136702E+00 -7.749803994E-01
 -4.806509648E-01 -2.024488377E-01  5.754446716E-02  2.621915784E-01  4.088928485E-01
  5.147217562E-01  5.855606901E-01  6.325178359E-01  6.608183926E-01  6.772789606E-01
  6.852631932E-01  6.888419439E-01  6.897234765E-01  6.888419439E-01  6.852631932E-01
  6.772789606E-01  6.608183926E-01  6.325178359E-01  5.855606901E-01  5.147217562E-01
  4.088928485E-01  2.621915784E-01  5.754446716E-02 -2.024488377E-01 -4.806509648E-01
 -7.749803994E-01 -1.069136702E+00 -1.323253621E+00 -1.518363192E+00 -1.644280231E+00
 -1.324072744E+00 -1.286580791E+00 -1.176249512E+00 -1.000857927E+00 -7.749806781E-01
 -5.288392486E-01 -2.834098694E-01 -4.040096534E-02  1.735661912E-01  3.325387189E-01
  4.490927045E-01  5.304743528E-01  5.835265263E-01  6.161951936E-01  6.325178359E-01
  6.398962269E-01  6.410162905E-01  6.405965350E-01  6.399579592E-01  6.405965350E-01
  6.410162905E-01  6.398962269E-01  6.325178359E-01  6.161951936E-01  5.835265263E-01
  5.304743528E-01  4.490927045E-01  3.325387189E-01  1.735661912E-01 -4.040096534E-02
 -2.834098694E-01 -5.288392486E-01 -7.749806781E-01 -1.000857927E+00 -1.176249512E+00
 -1.286580791E+00 -9.341334192E-01 -9.012680913E-01 -8.056003599E-01 -6.597523081E-01
 -4.806515484E-01 -2.834101759E-01 -7.547955377E-02  1.215159110E-01  2.788058360E-01
  3.961738788E-01  4.815496456E-01  5.369479695E-01  5.694775756E-01  5.835265263E-01
  5.855606901E-01  5.815130906E-01  5.743054667E-01  5.687472705E-01  5.661860576E-01
  5.687472705E-01  5.743054667E-01  5.815130906E-01  5.855606901E-01  5.835265263E-01
  5.694775756E-01  5.369479695E-01  4.815496456E-01  3.961738788E-01  2.788058360E-01
  1.215159110E-01 -7.547955377E-02 -2.834101759E-01 -4.806515484E-01 -6.597523081E-01
 -8.056003599E-01 -9.012680913E-01 -5.534577874E-01 -5.281221010E-01 -4.561283888E-01
 -3.450977424E-01 -2.024497375E-01 -4.040159222E-02  1.215155879E-01  2.586472290E-01
  3.658485836E-01  4.474344204E-01  5.001693948E-01  5.282324866E-01  5.369479695E-01
  5.304743528E-01  5.147217562E-01  4.944081327E-01  4.752480196E-01  4.620337260E-01
  4.569292407E-01  4.620337260E-01  4.752480196E-01  4.944081327E-01  5.147217562E-01
  5.304743528E-01  5.369479695E-01  5.282324866E-01  5.001693948E-01  4.474344204E-01
  3.658485836E-01  2.586472290E-01  1.215155879E-01 -4.040159222E-02 -2.024497375E-01
 -3.450977424E-01 -4.561283888E-01 -5.281221010E-01 -2.196761626E-01 -1.998094247E-01
 -1.426072359E-01 -5.335780488E-02  5.754325150E-02  1.735652411E-01  2.788051837E-01
  3.658482511E-01  4.346516916E-01  4.794894665E-01  4.998270953E-01  5.001693948E-01
  4.815496456E-01  4.490927045E-01  4.088928485E-01  3.681958436E-01  3.333472294E-01
  3.096817320E-01  3.014075511E-01  3.096817320E-01  3.333472294E-01  3.681958436E-01
  4.088928485E-01  4.490927045E-01  4.815496456E-01  5.001693948E-01  4.998270953E-01
  4.794894665E-01  4.346516916E-01  3.658482511E-01  2.788051837E-01  1.735652411E-01
  5.754325150E-02 -5.335780488E-02 -1.426072359E-01 -1.998094247E-01  7.864790473E-02
  9.254785764E-02  1.329780349E-01  1.929018865E-01  2.621900545E-01  3.325374504E-01
  3.961728994E-01  4.474337544E-01  4.794891296E-01  4.894663283E-01  4.794894665E-01
  4.474344204E-01  3.961738788E-01  3.325387189E-01  2.621915784E-01  1.929036224E-01
  1.329799302E-01  9.254985192E-02  7.864993259E-02  9.254985192E-02  1.329799302E-01
  1.929036224E-01  2.621915784E-01  3.325387189E-01  3.961738788E-01  4.474344204E-01
  4.794894665E-01  4.894663283E-01  4.794891296E-01  4.474337544E-01  3.961728994E-01
  3.325374504E-01  2.621900545E-01  1.929018865E-01  1.329780349E-01  9.254785764E-02
  3.014052567E-01  3.096794690E-01  3.333450592E-01  3.681938235E-01  4.088910292E-01
  4.490911288E-01  4.815483480E-01  5.001684016E-01  4.998264249E-01  4.794891296E-01
  4.346516916E-01  3.658485836E-01  2.788058360E-01  1.735661912E-01  5.754446716E-02
 -5.335636733E-02 -1.426056308E-01 -1.998077151E-01 -2.196744176E-01 -1.998077151E-01
 -1.426056308E-01 -5.335636733E-02  5.754446716E-02  1.735661912E-01  2.788058360E-01
  3.658485836E-01  4.346516916E-01  4.794891296E-01  4.998264249E-01  5.001684016E-01
  4.815483480E-01  4.490911288E-01  4.088910292E-01  3.681938235E-01  3.333450592E-01
  3.096794690E-01  4.569266976E-01  4.620312122E-01  4.752455924E-01  4.944058462E-01
  5.147196590E-01  5.304724866E-01  5.369463692E-01  5.282311797E-01  5.001684016E-01
  4.474337544E-01  3.658482511E-01  2.586472290E-01  1.215159110E-01 -4.040096534E-02
 -2.024488377E-01 -3.450966133E-01 -4.561270860E-01 -5.281206898E-01 -5.534563393E-01
 -5.281206898E-01 -4.561270860E-01 -3.450966133E-01 -2.024488377E-01 -4.040096534E-02
  1.215159110E-01  2.586472290E-01  3.658482511E-01  4.474337544E-01  5.001684016E-01
  5.282311797E-01  5.369463692E-01  5.304724866E-01  5.147196590E-01  4.944058462E-01
  4.752455924E-01  4.620312122E-01  5.661832862E-01  5.687445264E-01  5.743028037E-01
  5.815105594E-01  5.855583371E-01  5.835243919E-01  5.694756943E-01  5.369463692E-01
  4.815483480E-01  3.961728994E-01  2.788051837E-01  1.215155879E-01 -7.547955377E-02
 -2.834098694E-01 -4.806509648E-01 -6.597514907E-01 -8.055993653E-01 -9.012669862E-01
 -9.341322766E-01 -9.012669862E-01 -8.055993653E-01 -6.597514907E-01 -4.806509648E-01
 -2.834098694E-01 -7.547955377E-02  1.215155879E-01  2.788051837E-01  3.961728994E-01
  4.815483480E-01  5.369463692E-01  5.694756943E-01  5.835243919E-01  5.855583371E-01
  5.815105594E-01  5.743028037E-01  5.687445264E-01  6.399549837E-01  6.405935852E-01
  6.410134168E-01  6.398934772E-01  6.325152541E-01  6.161928188E-01  5.835243919E-01
  5.304724866E-01  4.490911288E-01  3.325374504E-01  1.735652411E-01 -4.040159222E-02
 -2.834101759E-01 -5.288392486E-01 -7.749803994E-01 -1.000857412E+00 -1.176248820E+00
 -1.286579987E+00 -1.324071903E+00 -1.286579987E+00 -1.176248820E+00 -1.000857412E+00
 -7.749803994E-01 -5.288392486E-01 -2.834101759E-01 -4.040159222E-02  1.735652411E-01
  3.325374504E-01  4.490911288E-01  5.304724866E-01  5.835243919E-01  6.161928188E-01
  6.325152541E-01  6.398934772E-01  6.410134168E-01  6.405935852E-01  6.897203258E-01
  6.888388175E-01  6.852601386E-01  6.772760233E-01  6.608156145E-01  6.325152541E-01
  5.855583371E-01  5.147196590E-01  4.088910292E-01  2.621900545E-01  5.754325150E-02
 -2.024497375E-01 -4.806515484E-01 -7.749806781E-01 -1.069136702E+00 -1.323253386E+00
 -1.518362778E+00 -1.644279707E+00 -1.688402412E+00 -1.644279707E+00 -1.518362778E+00
 -1.323253386E+00 -1.069136702E+00 -7.749806781E-01 -4.806515484E-01 -2.024497375E-01
  5.754325150E-02  2.621900545E-01  4.088910292E-01  5.147196590E-01  5.855583371E-01
  6.325152541E-01  6.608156145E-01  6.772760233E-01  6.852601386E-01  6.888388175E-01
  7.206814547E-01  7.186378639E-01  7.122747978E-01  6.995811687E-01  6.772760233E-01
  6.398934772E-01  5.815105594E-01  4.944058462E-01  3.681938235E-01  1.929018865E-01
 -5.335780488E-02 -3.450977424E-01 -6.597523081E-01 -1.000857927E+00 -1.323253621E+00
 -1.601075768E+00 -1.825428213E+00 -1.973502844E+00 -2.025836043E+00 -1.973502844E+00
 -1.825428213E+00 -1.601075768E+00 -1.323253621E+00 -1.000857927E+00 -6.597523081E-01
 -3.450977424E-01 -5.335780488E-02  1.929018865E-01  3.681938235E-01  4.944058462E-01
  5.815105594E-01  6.398934772E-01  6.772760233E-01  6.995811687E-01  7.122747978E-01
  7.186378639E-01  7.400913853E-01  7.372340525E-01  7.290313292E-01  7.122747978E-01
  6.852601386E-01  6.410134168E-01  5.743028037E-01  4.752455924E-01  3.333450592E-01
  1.329780349E-01 -1.426072359E-01 -4.561283888E-01 -8.056003599E-01 -1.176249512E+00
 -1.518363192E+00 -1.825428391E+00 -2.079133621E+00 -2.253445948E+00 -2.317573920E+00
 -2.253445948E+00 -2.079133621E+00 -1.825428391E+00 -1.518363192E+00 -1.176249512E+00
 -8.056003599E-01 -4.561283888E-01 -1.426072359E-01  1.329780349E-01  3.333450592E-01
  4.752455924E-01  5.743028037E-01  6.410134168E-01  6.852601386E-01  7.122747978E-01
  7.290313292E-01  7.372340525E-01  7.490589342E-01  7.456840276E-01  7.372340525E-01
  7.186378639E-01  6.888388175E-01  6.405935852E-01  5.687445264E-01  4.620312122E-01
  3.096794690E-01  9.254785764E-02 -1.998094247E-01 -5.281221010E-01 -9.012680913E-01
 -1.286580791E+00 -1.644280231E+00 -1.973503131E+00 -2.253446058E+00 -2.457283021E+00
 -2.532434049E+00 -2.457283021E+00 -2.253446058E+00 -1.973503131E+00 -1.644280231E+00
 -1.286580791E+00 -9.012680913E-01 -5.281221010E-01 -1.998094247E-01  9.254785764E-02
  3.096794690E-01  4.620312122E-01  5.687445264E-01  6.405935852E-01  6.888388175E-01
  7.186378639E-01  7.372340525E-01  7.456840276E-01  7.579069273E-01  7.530279394E-01
  7.431402310E-01  7.224203401E-01  6.904451875E-01  6.400162087E-01  5.639343534E-01
  4.515012419E-01  2.928855422E-01  6.438282814E-02 -2.396338482E-01 -5.786925462E-01
 -9.667490064E-01 -1.361357095E+00 -1.733085015E+00 -2.079597774E+00 -2.385303578E+00
 -2.609317126E+00 -2.684406627E+00 -2.609317126E+00 -2.385303578E+00 -2.079597774E+00
 -1.733085015E+00 -1.361357095E+00 -9.667490064E-01 -5.786925462E-01 -2.396338482E-01
  6.438282814E-02  2.928855422E-01  4.515012419E-01  5.639343534E-01  6.400162087E-01
  6.904451875E-01  7.224203401E-01  7.431402310E-01  7.530279394E-01  7.530279394E-01
  7.490590326E-01  7.400914827E-01  7.206815504E-01  6.897204192E-01  6.399550742E-01
  5.661833731E-01  4.569267804E-01  3.014053351E-01  7.864797848E-02 -2.196760938E-01
 -5.534577235E-01 -9.341333604E-01 -1.324072690E+00 -1.688402924E+00 -2.025836324E+00
 -2.317574027E+00 -2.532434049E+00 -2.609317090E+00 -2.532434049E+00 -2.317574027E+00
 -2.025836324E+00 -1.688402924E+00 -1.324072690E+00 -9.341333604E-01 -5.534577235E-01
 -2.196760938E-01  7.864797848E-02  3.014053351E-01  4.569267804E-01  5.661833731E-01
  6.399550742E-01  6.897204192E-01  7.206815504E-01  7.400914827E-01  7.490590326E-01
  7.431402310E-01  7.400914827E-01  7.314683735E-01  7.141405028E-01  6.860748613E-01
  6.396924408E-01  5.716562067E-01  4.705897376E-01  3.254082035E-01  1.200160984E-01
 -1.616946128E-01 -4.801233800E-01 -8.367448822E-01 -1.212570083E+00 -1.559780235E+00
 -1.873801163E+00 -2.134844597E+00 -2.317573920E+00 -2.385303435E+00 -2.317573920E+00
 -2.134844597E+00 -1.873801163E+00 -1.559780235E+00 -1.212570083E+00 -8.367448822E-01
 -4.801233800E-01 -1.616946128E-01  1.200160984E-01  3.254082035E-01  4.705897376E-01
  5.716562067E-01  6.396924408E-01  6.860748613E-01  7.141405028E-01  7.314683735E-01
  7.400914827E-01  7.224203401E-01  7.206815504E-01  7.141405028E-01  7.004091994E-01
  6.771347233E-01  6.383699942E-01  5.790280835E-01  4.899370282E-01  3.607387557E-01
  1.812158299E-01 -7.102483871E-02 -3.664771351E-01 -6.868679913E-01 -1.034753288E+00
 -1.361252216E+00 -1.644039664E+00 -1.873800989E+00 -2.025836043E+00 -2.079597457E+00
 -2.025836043E+00 -1.873800989E+00 -1.644039664E+00 -1.361252216E+00 -1.034753288E+00
 -6.868679913E-01 -3.664771351E-01 -7.102483871E-02  1.812158299E-01  3.607387557E-01
  4.899370282E-01  5.790280835E-01  6.383699942E-01  6.771347233E-01  7.004091994E-01
  7.141405028E-01  7.206815504E-01  6.904451875E-01  6.897204192E-01  6.860748613E-01
  6.771347233E-01  6.599799485E-01  6.311319050E-01  5.831520049E-01  5.107080810E-01
  4.025257189E-01  2.521113063E-01  4.166900671E-02 -2.223443976E-01 -5.044888385E-01
 -8.058335827E-01 -1.104839175E+00 -1.361251985E+00 -1.559779830E+00 -1.688402412E+00
 -1.733084466E+00 -1.688402412E+00 -1.559779830E+00 -1.361251985E+00 -1.104839175E+00
 -8.058335827E-01 -5.044888385E-01 -2.223443976E-01  4.166900671E-02  2.521113063E-01
  4.025257189E-01  5.107080810E-01  5.831520049E-01  6.311319050E-01  6.599799485E-01
  6.771347233E-01  6.860748613E-01  6.897204192E-01  6.400162087E-01  6.399550742E-01
  6.396924408E-01  6.383699942E-01  6.311319050E-01  6.145836918E-01  5.807021608E-01
  5.267701546E-01  4.435100033E-01  3.237266570E-01  1.603553833E-01 -5.828061526E-02
 -3.043871576E-01 -5.543682786E-01 -8.058333094E-01 -1.034752784E+00 -1.212569404E+00
 -1.324071903E+00 -1.361356271E+00 -1.324071903E+00 -1.212569404E+00 -1.034752784E+00
 -8.058333094E-01 -5.543682786E-01 -3.043871576E-01 -5.828061526E-02  1.603553833E-01
  3.237266570E-01  4.435100033E-01  5.267701546E-01  5.807021608E-01  6.145836918E-01
  6.311319050E-01  6.383699942E-01  6.396924408E-01  6.399550742E-01  5.639343534E-01
  5.661833731E-01  5.716562067E-01  5.790280835E-01  5.831520049E-01  5.807021608E-01
  5.656770231E-01  5.328833655E-01  4.760129469E-01  3.880792529E-01  2.683830998E-01
  1.073462986E-01 -9.340613120E-02 -3.043868570E-01 -5.044882661E-01 -6.868671895E-01
 -8.367439066E-01 -9.341322766E-01 -9.667478859E-01 -9.341322766E-01 -8.367439066E-01
 -6.868671895E-01 -5.044882661E-01 -3.043868570E-01 -9.340613120E-02  1.073462986E-01
  2.683830998E-01  3.880792529E-01  4.760129469E-01  5.328833655E-01  5.656770231E-01
  5.807021608E-01  5.831520049E-01  5.790280835E-01  5.716562067E-01  5.661833731E-01
  4.515012419E-01  4.569267804E-01  4.705897376E-01  4.899370282E-01  5.107080810E-01
  5.267701546E-01  5.328833655E-01  5.238234564E-01  4.947410611E-01  4.408277704E-01
  3.582590772E-01  2.483945559E-01  1.073466152E-01 -5.828000080E-02 -2.223435154E-01
 -3.664760278E-01 -4.801221022E-01 -5.534563393E-01 -5.786911259E-01 -5.534563393E-01
 -4.801221022E-01 -3.664760278E-01 -2.223435154E-01 -5.828000080E-02  1.073466152E-01
  2.483945559E-01  3.582590772E-01  4.408277704E-01  4.947410611E-01  5.238234564E-01
  5.328833655E-01  5.267701546E-01  5.107080810E-01  4.899370282E-01  4.705897376E-01
  4.569267804E-01  2.928855422E-01  3.014053351E-01  3.254082035E-01  3.607387557E-01
  4.025257189E-01  4.435100033E-01  4.760129469E-01  4.947410611E-01  4.940957019E-01
  4.737826079E-01  4.290654616E-01  3.582594028E-01  2.683837386E-01  1.603563142E-01
  4.167019801E-02 -7.102342963E-02 -1.616930392E-01 -2.196744176E-01 -2.396321372E-01
 -2.196744176E-01 -1.616930392E-01 -7.102342963E-02  4.167019801E-02  1.603563142E-01
  2.683837386E-01  3.582594028E-01  4.290654616E-01  4.737826079E-01  4.940957019E-01
  4.947410611E-01  4.760129469E-01  4.435100033E-01  4.025257189E-01  3.607387557E-01
  3.254082035E-01  3.014053351E-01  6.438282814E-02  7.864797848E-02  1.200160984E-01
  1.812158299E-01  2.521113063E-01  3.237266570E-01  3.880792529E-01  4.408277704E-01
  4.737826079E-01  4.835249705E-01  4.737829377E-01  4.408284224E-01  3.880802118E-01
  3.237278992E-01  2.521127989E-01  1.812175305E-01  1.200179553E-01  7.864993259E-02
  6.438481522E-02  7.864993259E-02  1.200179553E-01  1.812175305E-01  2.521127989E-01
  3.237278992E-01  3.880802118E-01  4.408284224E-01  4.737829377E-01  4.835249705E-01
  4.737826079E-01  4.408277704E-01  3.880792529E-01  3.237266570E-01  2.521113063E-01
  1.812158299E-01  1.200160984E-01  7.864797848E-02 -2.396338482E-01 -2.196760938E-01
 -1.616946128E-01 -7.102483871E-02  4.166900671E-02  1.603553833E-01  2.683830998E-01
  3.582590772E-01  4.290654616E-01  4.737829377E-01  4.940963581E-01  4.947420332E-01
  4.760142170E-01  4.435115456E-01  4.025274999E-01  3.607407335E-01  3.254103284E-01
  3.014075511E-01  2.928877890E-01  3.014075511E-01  3.254103284E-01  3.607407335E-01
  4.025274999E-01  4.435115456E-01  4.760142170E-01  4.947420332E-01  4.940963581E-01
  4.737829377E-01  4.290654616E-01  3.582590772E-01  2.683830998E-01  1.603553833E-01
  4.166900671E-02 -7.102483871E-02 -1.616946128E-01 -2.196760938E-01 -5.786925462E-01
 -5.534577235E-01 -4.801233800E-01 -3.664771351E-01 -2.223443976E-01 -5.828061526E-02
  1.073462986E-01  2.483945559E-01  3.582594028E-01  4.408284224E-01  4.947420332E-01
  5.238247354E-01  5.328849315E-01  5.267719807E-01  5.107101333E-01  4.899392657E-01
  4.705921129E-01  4.569292407E-01  4.515037308E-01  4.569292407E-01  4.705921129E-01
  4.899392657E-01  5.107101333E-01  5.267719807E-01  5.328849315E-01  5.238247354E-01
  4.947420332E-01  4.408284224E-01  3.582594028E-01  2.483945559E-01  1.073462986E-01
 -5.828061526E-02 -2.223443976E-01 -3.664771351E-01 -4.801233800E-01 -5.534577235E-01
 -9.667490064E-01 -9.341333604E-01 -8.367448822E-01 -6.868679913E-01 -5.044888385E-01
 -3.043871576E-01 -9.340613120E-02  1.073466152E-01  2.683837386E-01  3.880802118E-01
  4.760142170E-01  5.328849315E-01  5.656788638E-01  5.807042489E-01  5.831543069E-01
  5.790305597E-01  5.716588119E-01  5.661860576E-01  5.639370647E-01  5.661860576E-01
  5.716588119E-01  5.790305597E-01  5.831543069E-01  5.807042489E-01  5.656788638E-01
  5.328849315E-01  4.760142170E-01  3.880802118E-01  2.683837386E-01  1.073466152E-01
 -9.340613120E-02 -3.043871576E-01 -5.044888385E-01 -6.868679913E-01 -8.367448822E-01
 -9.341333604E-01 -1.361357095E+00 -1.324072690E+00 -1.212570083E+00 -1.034753288E+00
 -8.058335827E-01 -5.543682786E-01 -3.043868570E-01 -5.828000080E-02  1.603563142E-01
  3.237278992E-01  4.435115456E-01  5.267719807E-01  5.807042489E-01  6.145860147E-01
  6.311344301E-01  6.383726835E-01  6.396952514E-01  6.399579592E-01  6.400191188E-01
  6.399579592E-01  6.396952514E-01  6.383726835E-01  6.311344301E-01  6.145860147E-01
  5.807042489E-01  5.267719807E-01  4.435115456E-01  3.237278992E-01  1.603563142E-01
 -5.828000080E-02 -3.043868570E-01 -5.543682786E-01 -8.058335827E-01 -1.034753288E+00
 -1.212570083E+00 -1.324072690E+00 -1.733085015E+00 -1.688402924E+00 -1.559780235E+00
 -1.361252216E+00 -1.104839175E+00 -8.058333094E-01 -5.044882661E-01 -2.223435154E-01
  4.167019801E-02  2.521127989E-01  4.025274999E-01  5.107101333E-01  5.831543069E-01
  6.311344301E-01  6.599826653E-01  6.771375956E-01  6.860778482E-01  6.897234765E-01
  6.904482684E-01  6.897234765E-01  6.860778482E-01  6.771375956E-01  6.599826653E-01
  6.311344301E-01  5.831543069E-01  5.107101333E-01  4.025274999E-01  2.521127989E-01
  4.167019801E-02 -2.223435154E-01 -5.044882661E-01 -8.058333094E-01 -1.104839175E+00
 -1.361252216E+00 -1.559780235E+00 -1.688402924E+00 -2.079597774E+00 -2.025836324E+00
 -1.873801163E+00 -1.644039664E+00 -1.361251985E+00 -1.034752784E+00 -6.868671895E-01
 -3.664760278E-01 -7.102342963E-02  1.812175305E-01  3.607407335E-01  4.899392657E-01
  5.790305597E-01  6.383726835E-01  6.771375956E-01  7.004122199E-01  7.141436327E-01
  7.206847473E-01  7.224235595E-01  7.206847473E-01  7.141436327E-01  7.004122199E-01
  6.771375956E-01  6.383726835E-01  5.790305597E-01  4.899392657E-01  3.607407335E-01
  1.812175305E-01 -7.102342963E-02 -3.664760278E-01 -6.868671895E-01 -1.034752784E+00
 -1.361251985E+00 -1.644039664E+00 -1.873801163E+00 -2.025836324E+00 -2.385303578E+00
 -2.317574027E+00 -2.134844597E+00 -1.873800989E+00 -1.559779830E+00 -1.212569404E+00
 -8.367439066E-01 -4.801221022E-01 -1.616930392E-01  1.200179553E-01  3.254103284E-01
  4.705921129E-01  5.716588119E-01  6.396952514E-01  6.860778482E-01  7.141436327E-01
  7.314716087E-01  7.400947825E-01  7.431435526E-01  7.400947825E-01  7.314716087E-01
  7.141436327E-01  6.860778482E-01  6.396952514E-01  5.716588119E-01  4.705921129E-01
  3.254103284E-01  1.200179553E-01 -1.616930392E-01 -4.801221022E-01 -8.367439066E-01
 -1.212569404E+00 -1.559779830E+00 -1.873800989E+00 -2.134844597E+00 -2.317574027E+00
 -2.609317126E+00 -2.532434049E+00 -2.317573920E+00 -2.025836043E+00 -1.688402412E+00
 -1.324071903E+00 -9.341322766E-01 -5.534563393E-01 -2.196744176E-01  7.864993259E-02
  3.014075511E-01  4.569292407E-01  5.661860576E-01  6.399579592E-01  6.897234765E-01
  7.206847473E-01  7.400947825E-01  7.490623955E-01  7.530313236E-01  7.490623955E-01
  7.400947825E-01  7.206847473E-01  6.897234765E-01  6.399579592E-01  5.661860576E-01
  4.569292407E-01  3.014075511E-01  7.864993259E-02 -2.196744176E-01 -5.534563393E-01
 -9.341322766E-01 -1.324071903E+00 -1.688402412E+00 -2.025836043E+00 -2.317573920E+00
 -2.532434049E+00 -2.684406627E+00 -2.609317090E+00 -2.385303435E+00 -2.079597457E+00
 -1.733084466E+00 -1.361356271E+00 -9.667478859E-01 -5.786911259E-01 -2.396321372E-01
  6.438481522E-02  2.928877890E-01  4.515037308E-01  5.639370647E-01  6.400191188E-01
  6.904482684E-01  7.224235595E-01  7.431435526E-01  7.530313236E-01  7.579103325E-01
  7.530313236E-01  7.431435526E-01  7.224235595E-01  6.904482684E-01  6.400191188E-01
  5.639370647E-01  4.515037308E-01  2.928877890E-01  6.438481522E-02 -2.396321372E-01
 -5.786911259E-01 -9.667478859E-01 -1.361356271E+00 -1.733084466E+00 -2.079597457E+00
 -2.385303435E+00 -2.609317090E+00 -2.609317126E+00 -2.532434049E+00 -2.317573920E+00
 -2.025836043E+00 -1.688402412E+00 -1.324071903E+00 -9.341322766E-01 -5.534563393E-01
 -2.196744176E-01  7.864993259E-02  3.014075511E-01  4.569292407E-01  5.661860576E-01
  6.399579592E-01  6.897234765E-01  7.206847473E-01  7.400947825E-01  7.490623955E-01
  7.530313236E-01  7.490623955E-01  7.400947825E-01  7.206847473E-01  6.897234765E-01
  6.399579592E-01  5.661860576E-01  4.569292407E-01  3.014075511E-01  7.864993259E-02
 -2.196744176E-01 -5.534563393E-01 -9.341322766E-01 -1.324071903E+00 -1.688402412E+00
 -2.025836043E+00 -2.317573920E+00 -2.532434049E+00 -2.385303578E+00 -2.317574027E+00
 -2.134844597E+00 -1.873800989E+00 -1.559779830E+00 -1.212569404E+00 -8.367439066E-01
 -4.801221022E-01 -1.616930392E-01  1.200179553E-01  3.254103284E-01  4.705921129E-01
  5.716588119E-01  6.396952514E-01  6.860778482E-01  7.141436327E-01  7.314716087E-01
  7.400947825E-01  7.431435526E-01  7.400947825E-01  7.314716087E-01  7.141436327E-01
  6.860778482E-01  6.396952514E-01  5.716588119E-01  4.705921129E-01  3.254103284E-01
  1.200179553E-01 -1.616930392E-01 -4.801221022E-01 -8.367439066E-01 -1.212569404E+00
 -1.559779830E+00 -1.873800989E+00 -2.134844597E+00 -2.317574027E+00 -2.079597774E+00
 -2.025836324E+00 -1.873801163E+00 -1.644039664E+00 -1.361251985E+00 -1.034752784E+00
 -6.868671895E-01 -3.664760278E-01 -7.102342963E-02  1.812175305E-01  3.607407335E-01
  4.899392657E-01  5.790305597E-01  6.383726835E-01  6.771375956E-01  7.004122199E-01
  7.141436327E-01  7.206847473E-01  7.224235595E-01  7.206847473E-01  7.141436327E-01
  7.004122199E-01  6.771375956E-01  6.383726835E-01  5.790305597E-01  4.899392657E-01
  3.607407335E-01  1.812175305E-01 -7.102342963E-02 -3.664760278E-01 -6.868671895E-01
 -1.034752784E+00 -1.361251985E+00 -1.644039664E+00 -1.873801163E+00 -2.025836324E+00
 -1.733085015E+00 -1.688402924E+00 -1.559780235E+00 -1.361252216E+00 -1.104839175E+00
 -8.058333094E-01 -5.044882661E-01 -2.223435154E-01  4.167019801E-02  2.521127989E-01
  4.025274999E-01  5.107101333E-01  5.831543069E-01  6.311344301E-01  6.599826653E-01
  6.771375956E-01  6.860778482E-01  6.897234765E-01  6.904482684E-01  6.897234765E-01
  6.860778482E-01  6.771375956E-01  6.599826653E-01  6.311344301E-01  5.831543069E-01
  5.107101333E-01  4.025274999E-01  2.521127989E-01  4.167019801E-02 -2.223435154E-01
 -5.044882661E-01 -8.058333094E-01 -1.104839175E+00 -1.361252216E+00 -1.559780235E+00
 -1.688402924E+00 -1.361357095E+00 -1.324072690E+00 -1.212570083E+00 -1.034753288E+00
 -8.058335827E-01 -5.543682786E-01 -3.043868570E-01 -5.828000080E-02  1.603563142E-01
  3.237278992E-01  4.435115456E-01  5.267719807E-01  5.807042489E-01  6.145860147E-01
  6.311344301E-01  6.383726835E-01  6.396952514E-01  6.399579592E-01  6.400191188E-01
  6.399579592E-01  6.396952514E-01  6.383726835E-01  6.311344301E-01  6.145860147E-01
  5.807042489E-01  5.267719807E-01  4.435115456E-01  3.237278992E-01  1.603563142E-01
 -5.828000080E-02 -3.043868570E-01 -5.543682786E-01 -8.058335827E-01 -1.034753288E+00
 -1.212570083E+00 -1.324072690E+00 -9.667490064E-01 -9.341333604E-01 -8.367448822E-01
 -6.868679913E-01 -5.044888385E-01 -3.043871576E-01 -9.340613120E-02  1.073466152E-01
  2.683837386E-01  3.880802118E-01  4.760142170E-01  5.328849315E-01  5.656788638E-01
  5.807042489E-01  5.831543069E-01  5.790305597E-01  5.716588119E-01  5.661860576E-01
  5.639370647E-01  5.661860576E-01  5.716588119E-01  5.790305597E-01  5.831543069E-01
  5.807042489E-01  5.656788638E-01  5.328849315E-01  4.760142170E-01  3.880802118E-01
  2.683837386E-01  1.073466152E-01 -9.340613120E-02 -3.043871576E-01 -5.044888385E-01
 -6.868679913E-01 -8.367448822E-01 -9.341333604E-01 -5.786925462E-01 -5.534577235E-01
 -4.801233800E-01 -3.664771351E-01 -2.223443976E-01 -5.828061526E-02  1.073462986E-01
  2.483945559E-01  3.582594028E-01  4.408284224E-01  4.947420332E-01  5.238247354E-01
  5.328849315E-01  5.267719807E-01  5.107101333E-01  4.899392657E-01  4.705921129E-01
  4.569292407E-01  4.515037308E-01  4.569292407E-01  4.705921129E-01  4.899392657E-01
  5.107101333E-01  5.267719807E-01  5.328849315E-01  5.238247354E-01  4.947420332E-01
  4.408284224E-01  3.582594028E-01  2.483945559E-01  1.073462986E-01 -5.828061526E-02
 -2.223443976E-01 -3.664771351E-01 -4.801233800E-01 -5.534577235E-01 -2.396338482E-01
 -2.196760938E-01 -1.616946128E-01 -7.102483871E-02  4.166900671E-02  1.603553833E-01
  2.683830998E-01  3.582590772E-01  4.290654616E-01  4.737829377E-01  4.940963581E-01
  4.947420332E-01  4.760142170E-01  4.435115456E-01  4.025274999E-01  3.607407335E-01
  3.254103284E-01  3.014075511E-01  2.928877890E-01  3.014075511E-01  3.254103284E-01
  3.607407335E-01  4.025274999E-01  4.435115456E-01  4.760142170E-01  4.947420332E-01
  4.940963581E-01  4.737829377E-01  4.290654616E-01  3.582590772E-01  2.683830998E-01
  1.603553833E-01  4.166900671E-02 -7.102483871E-02 -1.616946128E-01 -2.196760938E-01
  6.438282814E-02  7.864797848E-02  1.200160984E-01  1.812158299E-01  2.521113063E-01
  3.237266570E-01  3.880792529E-01  4.408277704E-01  4.737826079E-01  4.835249705E-01
  4.737829377E-01  4.408284224E-01  3.880802118E-01  3.237278992E-01  2.521127989E-01
  1.812175305E-01  1.200179553E-01  7.864993259E-02  6.438481522E-02  7.864993259E-02
  1.200179553E-01  1.812175305E-01  2.521127989E-01  3.237278992E-01  3.880802118E-01
  4.408284224E-01  4.737829377E-01  4.835249705E-01  4.737826079E-01  4.408277704E-01
  3.880792529E-01  3.237266570E-01  2.521113063E-01  1.812158299E-01  1.200160984E-01
  7.864797848E-02  2.928855422E-01  3.014053351E-01  3.254082035E-01  3.607387557E-01
  4.025257189E-01  4.435100033E-01  4.760129469E-01  4.947410611E-01  4.940957019E-01
  4.737826079E-01  4.290654616E-01  3.582594028E-01  2.683837386E-01  1.603563142E-01
  4.167019801E-02 -7.102342963E-02 -1.616930392E-01 -2.196744176E-01 -2.396321372E-01
 -2.196744176E-01 -1.616930392E-01 -7.102342963E-02  4.167019801E-02  1.603563142E-01
  2.683837386E-01  3.582594028E-01  4.290654616E-01  4.737826079E-01  4.940957019E-01
  4.947410611E-01  4.760129469E-01  4.435100033E-01  4.025257189E-01  3.607387557E-01
  3.254082035E-01  3.014053351E-01  4.515012419E-01  4.569267804E-01  4.705897376E-01
  4.899370282E-01  5.107080810E-01  5.267701546E-01  5.328833655E-01  5.238234564E-01
  4.947410611E-01  4.408277704E-01  3.582590772E-01  2.483945559E-01  1.073466152E-01
 -5.828000080E-02 -2.223435154E-01 -3.664760278E-01 -4.801221022E-01 -5.534563393E-01
 -5.786911259E-01 -5.534563393E-01 -4.801221022E-01 -3.664760278E-01 -2.223435154E-01
 -5.828000080E-02  1.073466152E-01  2.483945559E-01  3.582590772E-01  4.408277704E-01
  4.947410611E-01  5.238234564E-01  5.328833655E-01  5.267701546E-01  5.107080810E-01
  4.899370282E-01  4.705897376E-01  4.569267804E-01  5.639343534E-01  5.661833731E-01
  5.716562067E-01  5.790280835E-01  5.831520049E-01  5.807021608E-01  5.656770231E-01
  5.328833655E-01  4.760129469E-01  3.880792529E-01  2.683830998E-01  1.073462986E-01
 -9.340613120E-02 -3.043868570E-01 -5.044882661E-01 -6.868671895E-01 -8.367439066E-01
 -9.341322766E-01 -9.667478859E-01 -9.341322766E-01 -8.367439066E-01 -6.868671895E-01
 -5.044882661E-01 -3.043868570E-01 -9.340613120E-02  1.073462986E-01  2.683830998E-01
  3.880792529E-01  4.760129469E-01  5.328833655E-01  5.656770231E-01  5.807021608E-01
  5.831520049E-01  5.790280835E-01  5.716562067E-01  5.661833731E-01  6.400162087E-01
  6.399550742E-01  6.396924408E-01  6.383699942E-01  6.311319050E-01  6.145836918E-01
  5.807021608E-01  5.267701546E-01  4.435100033E-01  3.237266570E-01  1.603553833E-01
 -5.828061526E-02 -3.043871576E-01 -5.543682786E-01 -8.058333094E-01 -1.034752784E+00
 -1.212569404E+00 -1.324071903E+00 -1.361356271E+00 -1.324071903E+00 -1.212569404E+00
 -1.034752784E+00 -8.058333094E-01 -5.543682786E-01 -3.043871576E-01 -5.828061526E-02
  1.603553833E-01  3.237266570E-01  4.435100033E-01  5.267701546E-01  5.807021608E-01
  6.145836918E-01  6.311319050E-01  6.383699942E-01  6.396924408E-01  6.399550742E-01
  6.904451875E-01  6.897204192E-01  6.860748613E-01  6.771347233E-01  6.599799485E-01
  6.311319050E-01  5.831520049E-01  5.107080810E-01  4.025257189E-01  2.521113063E-01
  4.166900671E-02 -2.223443976E-01 -5.044888385E-01 -8.058335827E-01 -1.104839175E+00
 -1.361251985E+00 -1.559779830E+00 -1.688402412E+00 -1.733084466E+00 -1.688402412E+00
 -1.559779830E+00 -1.361251985E+00 -1.104839175E+00 -8.058335827E-01 -5.044888385E-01
 -2.223443976E-01  4.166900671E-02  2.521113063E-01  4.025257189E-01  5.107080810E-01
  5.831520049E-01  6.311319050E-01  6.599799485E-01  6.771347233E-01  6.860748613E-01
  6.897204192E-01  7.224203401E-01  7.206815504E-01  7.141405028E-01  7.004091994E-01
  6.771347233E-01  6.383699942E-01  5.790280835E-01  4.899370282E-01  3.607387557E-01
  1.812158299E-01 -7.102483871E-02 -3.664771351E-01 -6.868679913E-01 -1.034753288E+00
 -1.361252216E+00 -1.644039664E+00 -1.873800989E+00 -2.025836043E+00 -2.079597457E+00
 -2.025836043E+00 -1.873800989E+00 -1.644039664E+00 -1.361252216E+00 -1.034753288E+00
 -6.868679913E-01 -3.664771351E-01 -7.102483871E-02  1.812158299E-01  3.607387557E-01
  4.899370282E-01  5.790280835E-01  6.383699942E-01  6.771347233E-01  7.004091994E-01
  7.141405028E-01  7.206815504E-01  7.431402310E-01  7.400914827E-01  7.314683735E-01
  7.141405028E-01  6.860748613E-01  6.396924408E-01  5.716562067E-01  4.705897376E-01
  3.254082035E-01  1.200160984E-01 -1.616946128E-01 -4.801233800E-01 -8.367448822E-01
 -1.212570083E+00 -1.559780235E+00 -1.873801163E+00 -2.134844597E+00 -2.317573920E+00
 -2.385303435E+00 -2.317573920E+00 -2.134844597E+00 -1.873801163E+00 -1.559780235E+00
 -1.212570083E+00 -8.367448822E-01 -4.801233800E-01 -1.616946128E-01  1.200160984E-01
  3.254082035E-01  4.705897376E-01  5.716562067E-01  6.396924408E-01  6.860748613E-01
  7.141405028E-01  7.314683735E-01  7.400914827E-01  7.530279394E-01  7.490590326E-01
  7.400914827E-01  7.206815504E-01  6.897204192E-01  6.399550742E-01  5.661833731E-01
  4.569267804E-01  3.014053351E-01  7.864797848E-02 -2.196760938E-01 -5.534577235E-01
 -9.341333604E-01 -1.324072690E+00 -1.688402924E+00 -2.025836324E+00 -2.317574027E+00
 -2.532434049E+00 -2.609317090E+00 -2.532434049E+00 -2.317574027E+00 -2.025836324E+00
 -1.688402924E+00 -1.324072690E+00 -9.341333604E-01 -5.534577235E-01 -2.196760938E-01
  7.864797848E-02  3.014053351E-01  4.569267804E-01  5.661833731E-01  6.399550742E-01
  6.897204192E-01  7.206815504E-01  7.400914827E-01  7.490590326E-01  7.530278407E-01
  7.490589342E-01  7.400913853E-01  7.206814547E-01  6.897203258E-01  6.399549837E-01
  5.661832862E-01  4.569266976E-01  3.014052567E-01  7.864790473E-02 -2.196761626E-01
 -5.534577874E-01 -9.341334192E-01 -1.324072744E+00 -1.688402973E+00 -2.025836368E+00
 -2.317574067E+00 -2.532434086E+00 -2.609317126E+00 -2.532434086E+00 -2.317574067E+00
 -2.025836368E+00 -1.688402973E+00 -1.324072744E+00 -9.341334192E-01 -5.534577874E-01
 -2.196761626E-01  7.864790473E-02  3.014052567E-01  4.569266976E-01  5.661832862E-01
  6.399549837E-01  6.897203258E-01  7.206814547E-01  7.400913853E-01  7.490589342E-01
  7.490589342E-01  7.456840276E-01  7.372340525E-01  7.186378639E-01  6.888388175E-01
  6.405935852E-01  5.687445264E-01  4.620312122E-01  3.096794690E-01  9.254785764E-02
 -1.998094247E-01 -5.281221010E-01 -9.012680913E-01 -1.286580791E+00 -1.644280231E+00
 -1.973503131E+00 -2.253446058E+00 -2.457283021E+00 -2.532434049E+00 -2.457283021E+00
 -2.253446058E+00 -1.973503131E+00 -1.644280231E+00 -1.286580791E+00 -9.012680913E-01
 -5.281221010E-01 -1.998094247E-01  9.254785764E-02  3.096794690E-01  4.620312122E-01
  5.687445264E-01  6.405935852E-01  6.888388175E-01  7.186378639E-01  7.372340525E-01
  7.456840276E-01  7.400913853E-01  7.372340525E-01  7.290313292E-01  7.122747978E-01
  6.852601386E-01  6.410134168E-01  5.743028037E-01  4.752455924E-01  3.333450592E-01
  1.329780349E-01 -1.426072359E-01 -4.561283888E-01 -8.056003599E-01 -1.176249512E+00
 -1.518363192E+00 -1.825428391E+00 -2.079133621E+00 -2.253445948E+00 -2.317573920E+00
 -2.253445948E+00 -2.079133621E+00 -1.825428391E+00 -1.518363192E+00 -1.176249512E+00
 -8.056003599E-01 -4.561283888E-01 -1.426072359E-01  1.329780349E-01  3.333450592E-01
  4.752455924E-01  5.743028037E-01  6.410134168E-01  6.852601386E-01  7.122747978E-01
  7.290313292E-01  7.372340525E-01  7.206814547E-01  7.186378639E-01  7.122747978E-01
  6.995811687E-01  6.772760233E-01  6.398934772E-01  5.815105594E-01  4.944058462E-01
  3.681938235E-01  1.929018865E-01 -5.335780488E-02 -3.450977424E-01 -6.597523081E-01
 -1.000857927E+00 -1.323253621E+00 -1.601075768E+00 -1.825428213E+00 -1.973502844E+00
 -2.025836043E+00 -1.973502844E+00 -1.825428213E+00 -1.601075768E+00 -1.323253621E+00
 -1.000857927E+00 -6.597523081E-01 -3.450977424E-01 -5.335780488E-02  1.929018865E-01
  3.681938235E-01  4.944058462E-01  5.815105594E-01  6.398934772E-01  6.772760233E-01
  6.995811687E-01  7.122747978E-01  7.186378639E-01  6.897203258E-01  6.888388175E-01
  6.852601386E-01  6.772760233E-01  6.608156145E-01  6.325152541E-01  5.855583371E-01
  5.147196590E-01  4.088910292E-01  2.621900545E-01  5.754325150E-02 -2.024497375E-01
 -4.806515484E-01 -7.749806781E-01 -1.069136702E+00 -1.323253386E+00 -1.518362778E+00
 -1.644279707E+00 -1.688402412E+00 -1.644279707E+00 -1.518362778E+00 -1.323253386E+00
 -1.069136702E+00 -7.749806781E-01 -4.806515484E-01 -2.024497375E-01  5.754325150E-02
  2.621900545E-01  4.088910292E-01  5.147196590E-01  5.855583371E-01  6.325152541E-01
  6.608156145E-01  6.772760233E-01  6.852601386E-01  6.888388175E-01  6.399549837E-01
  6.405935852E-01  6.410134168E-01  6.398934772E-01  6.325152541E-01  6.161928188E-01
  5.835243919E-01  5.304724866E-01  4.490911288E-01  3.325374504E-01  1.735652411E-01
 -4.040159222E-02 -2.834101759E-01 -5.288392486E-01 -7.749803994E-01 -1.000857412E+00
 -1.176248820E+00 -1.286579987E+00 -1.324071903E+00 -1.286579987E+00 -1.176248820E+00
 -1.000857412E+00 -7.749803994E-01 -5.288392486E-01 -2.834101759E-01 -4.040159222E-02
  1.735652411E-01  3.325374504E-01  4.490911288E-01  5.304724866E-01  5.835243919E-01
  6.161928188E-01  6.325152541E-01  6.398934772E-01  6.410134168E-01  6.405935852E-01
  5.661832862E-01  5.687445264E-01  5.743028037E-01  5.815105594E-01  5.855583371E-01
  5.835243919E-01  5.694756943E-01  5.369463692E-01  4.815483480E-01  3.961728994E-01
  2.788051837E-01  1.215155879E-01 -7.547955377E-02 -2.834098694E-01 -4.806509648E-01
 -6.597514907E-01 -8.055993653E-01 -9.012669862E-01 -9.341322766E-01 -9.012669862E-01
 -8.055993653E-01 -6.597514907E-01 -4.806509648E-01 -2.834098694E-01 -7.547955377E-02
  1.215155879E-01  2.788051837E-01  3.961728994E-01  4.815483480E-01  5.369463692E-01
  5.694756943E-01  5.835243919E-01  5.855583371E-01  5.815105594E-01  5.743028037E-01
  5.687445264E-01  4.569266976E-01  4.620312122E-01  4.752455924E-01  4.944058462E-01
  5.147196590E-01  5.304724866E-01  5.369463692E-01  5.282311797E-01  5.001684016E-01
  4.474337544E-01  3.658482511E-01  2.586472290E-01  1.215159110E-01 -4.040096534E-02
 -2.024488377E-01 -3.450966133E-01 -4.561270860E-01 -5.281206898E-01 -5.534563393E-01
 -5.281206898E-01 -4.561270860E-01 -3.450966133E-01 -2.024488377E-01 -4.040096534E-02
  1.215159110E-01  2.586472290E-01  3.658482511E-01  4.474337544E-01  5.001684016E-01
  5.282311797E-01  5.369463692E-01  5.304724866E-01  5.147196590E-01  4.944058462E-01
  4.752455924E-01  4.620312122E-01  3.014052567E-01  3.096794690E-01  3.333450592E-01
  3.681938235E-01  4.088910292E-01  4.490911288E-01  4.815483480E-01  5.001684016E-01
  4.998264249E-01  4.794891296E-01  4.346516916E-01  3.658485836E-01  2.788058360E-01
  1.735661912E-01  5.754446716E-02 -5.335636733E-02 -1.426056308E-01 -1.998077151E-01
 -2.196744176E-01 -1.998077151E-01 -1.426056308E-01 -5.335636733E-02  5.754446716E-02
  1.735661912E-01  2.788058360E-01  3.658485836E-01  4.346516916E-01  4.794891296E-01
  4.998264249E-01  5.001684016E-01  4.815483480E-01  4.490911288E-01  4.088910292E-01
  3.681938235E-01  3.333450592E-01  3.096794690E-01  7.864790473E-02  9.254785764E-02
  1.329780349E-01  1.929018865E-01  2.621900545E-01  3.325374504E-01  3.961728994E-01
  4.474337544E-01  4.794891296E-01  4.894663283E-01  4.794894665E-01  4.474344204E-01
  3.961738788E-01  3.325387189E-01  2.621915784E-01  1.929036224E-01  1.329799302E-01
  9.254985192E-02  7.864993259E-02  9.254985192E-02  1.329799302E-01  1.929036224E-01
  2.621915784E-01  3.325387189E-01  3.961738788E-01  4.474344204E-01  4.794894665E-01
  4.894663283E-01  4.794891296E-01  4.474337544E-01  3.961728994E-01  3.325374504E-01
  2.621900545E-01  1.929018865E-01  1.329780349E-01  9.254785764E-02 -2.196761626E-01
 -1.998094247E-01 -1.426072359E-01 -5.335780488E-02  5.754325150E-02  1.735652411E-01
  2.788051837E-01  3.658482511E-01  4.346516916E-01  4.794894665E-01  4.998270953E-01
  5.001693948E-01  4.815496456E-01  4.490927045E-01  4.088928485E-01  3.681958436E-01
  3.333472294E-01  3.096817320E-01  3.014075511E-01  3.096817320E-01  3.333472294E-01
  3.681958436E-01  4.088928485E-01  4.490927045E-01  4.815496456E-01  5.001693948E-01
  4.998270953E-01  4.794894665E-01  4.346516916E-01  3.658482511E-01  2.788051837E-01
  1.735652411E-01  5.754325150E-02 -5.335780488E-02 -1.426072359E-01 -1.998094247E-01
 -5.534577874E-01 -5.281221010E-01 -4.561283888E-01 -3.450977424E-01 -2.024497375E-01
 -4.040159222E-02  1.215155879E-01  2.586472290E-01  3.658485836E-01  4.474344204E-01
  5.001693948E-01  5.282324866E-01  5.369479695E-01  5.304743528E-01  5.147217562E-01
  4.944081327E-01  4.752480196E-01  4.620337260E-01  4.569292407E-01  4.620337260E-01
  4.752480196E-01  4.944081327E-01  5.147217562E-01  5.304743528E-01  5.369479695E-01
  5.282324866E-01  5.001693948E-01  4.474344204E-01  3.658485836E-01  2.586472290E-01
  1.215155879E-01 -4.040159222E-02 -2.024497375E-01 -3.450977424E-01 -4.561283888E-01
 -5.281221010E-01 -9.341334192E-01 -9.012680913E-01 -8.056003599E-01 -6.597523081E-01
 -4.806515484E-01 -2.834101759E-01 -7.547955377E-02  1.215159110E-01  2.788058360E-01
  3.961738788E-01  4.815496456E-01  5.369479695E-01  5.694775756E-01  5.835265263E-01
  5.855606901E-01  5.815130906E-01  5.743054667E-01  5.687472705E-01  5.661860576E-01
  5.687472705E-01  5.743054667E-01  5.815130906E-01  5.855606901E-01  5.835265263E-01
  5.694775756E-01  5.369479695E-01  4.815496456E-01  3.961738788E-01  2.788058360E-01
  1.215159110E-01 -7.547955377E-02 -2.834101759E-01 -4.806515484E-01 -6.597523081E-01
 -8.056003599E-01 -9.012680913E-01 -1.324072744E+00 -1.286580791E+00 -1.176249512E+00
 -1.000857927E+00 -7.749806781E-01 -5.288392486E-01 -2.834098694E-01 -4.040096534E-02
  1.735661912E-01  3.325387189E-01  4.490927045E-01  5.304743528E-01  5.835265263E-01
  6.161951936E-01  6.325178359E-01  6.398962269E-01  6.410162905E-01  6.405965350E-01
  6.399579592E-01  6.405965350E-01  6.410162905E-01  6.398962269E-01  6.325178359E-01
  6.161951936E-01  5.835265263E-01  5.304743528E-01  4.490927045E-01  3.325387189E-01
  1.735661912E-01 -4.040096534E-02 -2.834098694E-01 -5.288392486E-01 -7.749806781E-01
 -1.000857927E+00 -1.176249512E+00 -1.286580791E+00 -1.688402973E+00 -1.644280231E+00
 -1.518363192E+00 -1.323253621E+00 -1.069136702E+00 -7.749803994E-01 -4.806509648E-01
 -2.024488377E-01  5.754446716E-02  2.621915784E-01  4.088928485E-01  5.147217562E-01
  5.855606901E-01  6.325178359E-01  6.608183926E-01  6.772789606E-01  6.852631932E-01
  6.888419439E-01  6.897234765E-01  6.888419439E-01  6.852631932E-01  6.772789606E-01
  6.608183926E-01  6.325178359E-01  5.855606901E-01  5.147217562E-01  4.088928485E-01
  2.621915784E-01  5.754446716E-02 -2.024488377E-01 -4.806509648E-01 -7.749803994E-01
 -1.069136702E+00 -1.323253621E+00 -1.518363192E+00 -1.644280231E+00 -2.025836368E+00
 -1.973503131E+00 -1.825428391E+00 -1.601075768E+00 -1.323253386E+00 -1.000857412E+00
 -6.597514907E-01 -3.450966133E-01 -5.335636733E-02  1.929036224E-01  3.681958436E-01
  4.944081327E-01  5.815130906E-01  6.398962269E-01  6.772789606E-01  6.995842578E-01
  7.122779988E-01  7.186411334E-01  7.206847473E-01  7.186411334E-01  7.122779988E-01
  6.995842578E-01  6.772789606E-01  6.398962269E-01  5.815130906E-01  4.944081327E-01
  3.681958436E-01  1.929036224E-01 -5.335636733E-02 -3.450966133E-01 -6.597514907E-01
 -1.000857412E+00 -1.323253386E+00 -1.601075768E+00 -1.825428391E+00 -1.973503131E+00
 -2.317574067E+00 -2.253446058E+00 -2.079133621E+00 -1.825428213E+00 -1.518362778E+00
 -1.176248820E+00 -8.055993653E-01 -4.561270860E-01 -1.426056308E-01  1.329799302E-01
  3.333472294E-01  4.752480196E-01  5.743054667E-01  6.410162905E-01  6.852631932E-01
  7.122779988E-01  7.290346380E-01  7.372374274E-01  7.400947825E-01  7.372374274E-01
  7.290346380E-01  7.122779988E-01  6.852631932E-01  6.410162905E-01  5.743054667E-01
  4.752480196E-01  3.333472294E-01  1.329799302E-01 -1.426056308E-01 -4.561270860E-01
 -8.055993653E-01 -1.176248820E+00 -1.518362778E+00 -1.825428213E+00 -2.079133621E+00
 -2.253446058E+00 -2.532434086E+00 -2.457283021E+00 -2.253445948E+00 -1.973502844E+00
 -1.644279707E+00 -1.286579987E+00 -9.012669862E-01 -5.281206898E-01 -1.998077151E-01
  9.254985192E-02  3.096817320E-01  4.620337260E-01  5.687472705E-01  6.405965350E-01
  6.888419439E-01  7.186411334E-01  7.372374274E-01  7.456874671E-01  7.490623955E-01
  7.456874671E-01  7.372374274E-01  7.186411334E-01  6.888419439E-01  6.405965350E-01
  5.687472705E-01  4.620337260E-01  3.096817320E-01  9.254985192E-02 -1.998077151E-01
 -5.281206898E-01 -9.012669862E-01 -1.286579987E+00 -1.644279707E+00 -1.973502844E+00
 -2.253445948E+00 -2.457283021E+00 -2.609317126E+00 -2.532434049E+00 -2.317573920E+00
 -2.025836043E+00 -1.688402412E+00 -1.324071903E+00 -9.341322766E-01 -5.534563393E-01
 -2.196744176E-01  7.864993259E-02  3.014075511E-01  4.569292407E-01  5.661860576E-01
  6.399579592E-01  6.897234765E-01  7.206847473E-01  7.400947825E-01  7.490623955E-01
  7.530313236E-01  7.490623955E-01  7.400947825E-01  7.206847473E-01  6.897234765E-01
  6.399579592E-01  5.661860576E-01  4.569292407E-01  3.014075511E-01  7.864993259E-02
 -2.196744176E-01 -5.534563393E-01 -9.341322766E-01 -1.324071903E+00 -1.688402412E+00
 -2.025836043E+00 -2.317573920E+00 -2.532434049E+00 -2.532434086E+00 -2.457283021E+00
 -2.253445948E+00 -1.973502844E+00 -1.644279707E+00 -1.286579987E+00 -9.012669862E-01
 -5.281206898E-01 -1.998077151E-01  9.254985192E-02  3.096817320E-01  4.620337260E-01
  5.687472705E-01  6.405965350E-01  6.888419439E-01  7.186411334E-01  7.372374274E-01
  7.456874671E-01  7.490623955E-01  7.456874671E-01  7.372374274E-01  7.186411334E-01
  6.888419439E-01  6.405965350E-01  5.687472705E-01  4.620337260E-01  3.096817320E-01
  9.254985192E-02 -1.998077151E-01 -5.281206898E-01 -9.012669862E-01 -1.286579987E+00
 -1.644279707E+00 -1.973502844E+00 -2.253445948E+00 -2.457283021E+00 -2.317574067E+00
 -2.253446058E+00 -2.079133621E+00 -1.825428213E+00 -1.518362778E+00 -1.176248820E+00
 -8.055993653E-01 -4.561270860E-01 -1.426056308E-01  1.329799302E-01  3.333472294E-01
  4.752480196E-01  5.743054667E-01  6.410162905E-01  6.852631932E-01  7.122779988E-01
  7.290346380E-01  7.372374274E-01  7.400947825E-01  7.372374274E-01  7.290346380E-01
  7.122779988E-01  6.852631932E-01  6.410162905E-01  5.743054667E-01  4.752480196E-01
  3.333472294E-01  1.329799302E-01 -1.426056308E-01 -4.561270860E-01 -8.055993653E-01
 -1.176248820E+00 -1.518362778E+00 -1.825428213E+00 -2.079133621E+00 -2.253446058E+00
 -2.025836368E+00 -1.973503131E+00 -1.825428391E+00 -1.601075768E+00 -1.323253386E+00
 -1.000857412E+00 -6.597514907E-01 -3.450966133E-01 -5.335636733E-02  1.929036224E-01
  3.681958436E-01  4.944081327E-01  5.815130906E-01  6.398962269E-01  6.772789606E-01
  6.995842578E-01  7.122779988E-01  7.186411334E-01  7.206847473E-01  7.186411334E-01
  7.122779988E-01  6.995842578E-01  6.772789606E-01  6.398962269E-01  5.815130906E-01
  4.944081327E-01  3.681958436E-01  1.929036224E-01 -5.335636733E-02 -3.450966133E-01
 -6.597514907E-01 -1.000857412E+00 -1.323253386E+00 -1.601075768E+00 -1.825428391E+00
 -1.973503131E+00 -1.688402973E+00 -1.644280231E+00 -1.518363192E+00 -1.323253621E+00
 -1.069136702E+00 -7.749803994E-01 -4.806509648E-01 -2.024488377E-01  5.754446716E-02
  2.621915784E-01  4.088928485E-01  5.147217562E-01  5.855606901E-01  6.325178359E-01
  6.608183926E-01  6.772789606E-01  6.852631932E-01  6.888419439E-01  6.897234765E-01
  6.888419439E-01  6.852631932E-01  6.772789606E-01  6.608183926E-01  6.325178359E-01
  5.855606901E-01  5.147217562E-01  4.088928485E-01  2.621915784E-01  5.754446716E-02
 -2.024488377E-01 -4.806509648E-01 -7.749803994E-01 -1.069136702E+00 -1.323253621E+00
 -1.518363192E+00 -1.644280231E+00 -1.324072744E+00 -1.286580791E+00 -1.176249512E+00
 -1.000857927E+00 -7.749806781E-01 -5.288392486E-01 -2.834098694E-01 -4.040096534E-02
  1.735661912E-01  3.325387189E-01  4.490927045E-01  5.304743528E-01  5.835265263E-01
  6.161951936E-01  6.325178359E-01  6.398962269E-01  6.410162905E-01  6.405965350E-01
  6.399579592E-01  6.405965350E-01  6.410162905E-01  6.398962269E-01  6.325178359E-01
  6.161951936E-01  5.835265263E-01  5.304743528E-01  4.490927045E-01  3.325387189E-01
  1.735661912E-01 -4.040096534E-02 -2.834098694E-01 -5.288392486E-01 -7.749806781E-01
 -1.000857927E+00 -1.176249512E+00 -1.286580791E+00 -9.341334192E-01 -9.012680913E-01
 -8.056003599E-01 -6.597523081E-01 -4.806515484E-01 -2.834101759E-01 -7.547955377E-02
  1.215159110E-01  2.788058360E-01  3.961738788E-01  4.815496456E-01  5.369479695E-01
  5.694775756E-01  5.835265263E-01  5.855606901E-01  5.815130906E-01  5.743054667E-01
  5.687472705E-01  5.661860576E-01  5.687472705E-01  5.743054667E-01  5.815130906E-01
  5.855606901E-01  5.835265263E-01  5.694775756E-01  5.369479695E-01  4.815496456E-01
  3.961738788E-01  2.788058360E-01  1.215159110E-01 -7.547955377E-02 -2.834101759E-01
 -4.806515484E-01 -6.597523081E-01 -8.056003599E-01 -9.012680913E-01 -5.534577874E-01
 -5.281221010E-01 -4.561283888E-01 -3.450977424E-01 -2.024497375E-01 -4.040159222E-02
  1.215155879E-01  2.586472290E-01  3.658485836E-01  4.474344204E-01  5.001693948E-01
  5.282324866E-01  5.369479695E-01  5.304743528E-01  5.147217562E-01  4.944081327E-01
  4.752480196E-01  4.620337260E-01  4.569292407E-01  4.620337260E-01  4.752480196E-01
  4.944081327E-01  5.147217562E-01  5.304743528E-01  5.369479695E-01  5.282324866E-01
  5.001693948E-01  4.474344204E-01  3.658485836E-01  2.586472290E-01  1.215155879E-01
 -4.040159222E-02 -2.024497375E-01 -3.450977424E-01 -4.561283888E-01 -5.281221010E-01
 -2.196761626E-01 -1.998094247E-01 -1.426072359E-01 -5.335780488E-02  5.754325150E-02
  1.735652411E-01  2.788051837E-01  3.658482511E-01  4.346516916E-01  4.794894665E-01
  4.998270953E-01  5.001693948E-01  4.815496456E-01  4.490927045E-01  4.088928485E-01
  3.681958436E-01  3.333472294E-01  3.096817320E-01  3.014075511E-01  3.096817320E-01
  3.333472294E-01  3.681958436E-01  4.088928485E-01  4.490927045E-01  4.815496456E-01
  5.001693948E-01  4.998270953E-01  4.794894665E-01  4.346516916E-01  3.658482511E-01
  2.788051837E-01  1.735652411E-01  5.754325150E-02 -5.335780488E-02 -1.426072359E-01
 -1.998094247E-01  7.864790473E-02  9.254785764E-02  1.329780349E-01  1.929018865E-01
  2.621900545E-01  3.325374504E-01  3.961728994E-01  4.474337544E-01  4.794891296E-01
  4.894663283E-01  4.794894665E-01  4.474344204E-01  3.961738788E-01  3.325387189E-01
  2.621915784E-01  1.929036224E-01  1.329799302E-01  9.254985192E-02  7.864993259E-02
  9.254985192E-02  1.329799302E-01  1.929036224E-01  2.621915784E-01  3.325387189E-01
  3.961738788E-01  4.474344204E-01  4.794894665E-01  4.894663283E-01  4.794891296E-01
  4.474337544E-01  3.961728994E-01  3.325374504E-01  2.621900545E-01  1.929018865E-01
  1.329780349E-01  9.254785764E-02  3.014052567E-01  3.096794690E-01  3.333450592E-01
  3.681938235E-01  4.088910292E-01  4.490911288E-01  4.815483480E-01  5.001684016E-01
  4.998264249E-01  4.794891296E-01  4.346516916E-01  3.658485836E-01  2.788058360E-01
  1.735661912E-01  5.754446716E-02 -5.335636733E-02 -1.426056308E-01 -1.998077151E-01
 -2.196744176E-01 -1.998077151E-01 -1.426056308E-01 -5.335636733E-02  5.754446716E-02
  1.735661912E-01  2.788058360E-01  3.658485836E-01  4.346516916E-01  4.794891296E-01
  4.998264249E-01  5.001684016E-01  4.815483480E-01  4.490911288E-01  4.088910292E-01
  3.681938235E-01  3.333450592E-01  3.096794690E-01  4.569266976E-01  4.620312122E-01
  4.752455924E-01  4.944058462E-01  5.147196590E-01  5.304724866E-01  5.369463692E-01
  5.282311797E-01  5.001684016E-01  4.474337544E-01  3.658482511E-01  2.586472290E-01
  1.215159110E-01 -4.040096534E-02 -2.024488377E-01 -3.450966133E-01 -4.561270860E-01
 -5.281206898E-01 -5.534563393E-01 -5.281206898E-01 -4.561270860E-01 -3.450966133E-01
 -2.024488377E-01 -4.040096534E-02  1.215159110E-01  2.586472290E-01  3.658482511E-01
  4.474337544E-01  5.001684016E-01  5.282311797E-01  5.369463692E-01  5.304724866E-01
  5.147196590E-01  4.944058462E-01  4.752455924E-01  4.620312122E-01  5.661832862E-01
  5.687445264E-01  5.743028037E-01  5.815105594E-01  5.855583371E-01  5.835243919E-01
  5.694756943E-01  5.369463692E-01  4.815483480E-01  3.961728994E-01  2.788051837E-01
  1.215155879E-01 -7.547955377E-02 -2.834098694E-01 -4.806509648E-01 -6.597514907E-01
 -8.055993653E-01 -9.012669862E-01 -9.341322766E-01 -9.012669862E-01 -8.055993653E-01
 -6.597514907E-01 -4.806509648E-01 -2.834098694E-01 -7.547955377E-02  1.215155879E-01
  2.788051837E-01  3.961728994E-01  4.815483480E-01  5.369463692E-01  5.694756943E-01
  5.835243919E-01  5.855583371E-01  5.815105594E-01  5.743028037E-01  5.687445264E-01
  6.399549837E-01  6.405935852E-01  6.410134168E-01  6.398934772E-01  6.325152541E-01
  6.161928188E-01  5.835243919E-01  5.304724866E-01  4.490911288E-01  3.325374504E-01
  1.735652411E-01 -4.040159222E-02 -2.834101759E-01 -5.288392486E-01 -7.749803994E-01
 -1.000857412E+00 -1.176248820E+00 -1.286579987E+00 -1.324071903E+00 -1.286579987E+00
 -1.176248820E+00 -1.000857412E+00 -7.749803994E-01 -5.288392486E-01 -2.834101759E-01
 -4.040159222E-02  1.735652411E-01  3.325374504E-01  4.490911288E-01  5.304724866E-01
  5.835243919E-01  6.161928188E-01  6.325152541E-01  6.398934772E-01  6.410134168E-01
  6.405935852E-01  6.897203258E-01  6.888388175E-01  6.852601386E-01  6.772760233E-01
  6.608156145E-01  6.325152541E-01  5.855583371E-01  5.147196590E-01  4.088910292E-01
  2.621900545E-01  5.754325150E-02 -2.024497375E-01 -4.806515484E-01 -7.749806781E-01
 -1.069136702E+00 -1.323253386E+00 -1.518362778E+00 -1.644279707E+00 -1.688402412E+00
 -1.644279707E+00 -1.518362778E+00 -1.323253386E+00 -1.069136702E+00 -7.749806781E-01
 -4.806515484E-01 -2.024497375E-01  5.754325150E-02  2.621900545E-01  4.088910292E-01
  5.147196590E-01  5.855583371E-01  6.325152541E-01  6.608156145E-01  6.772760233E-01
  6.852601386E-01  6.888388175E-01  7.206814547E-01  7.186378639E-01  7.122747978E-01
  6.995811687E-01  6.772760233E-01  6.398934772E-01  5.815105594E-01  4.944058462E-01
  3.681938235E-01  1.929018865E-01 -5.335780488E-02 -3.450977424E-01 -6.597523081E-01
 -1.000857927E+00 -1.323253621E+00 -1.601075768E+00 -1.825428213E+00 -1.973502844E+00
 -2.025836043E+00 -1.973502844E+00 -1.825428213E+00 -1.601075768E+00 -1.323253621E+00
 -1.000857927E+00 -6.597523081E-01 -3.450977424E-01 -5.335780488E-02  1.929018865E-01
  3.681938235E-01  4.944058462E-01  5.815105594E-01  6.398934772E-01  6.772760233E-01
  6.995811687E-01  7.122747978E-01  7.186378639E-01  7.400913853E-01  7.372340525E-01
  7.290313292E-01  7.122747978E-01  6.852601386E-01  6.410134168E-01  5.743028037E-01
  4.752455924E-01  3.333450592E-01  1.329780349E-01 -1.426072359E-01 -4.561283888E-01
 -8.056003599E-01 -1.176249512E+00 -1.518363192E+00 -1.825428391E+00 -2.079133621E+00
 -2.253445948E+00 -2.317573920E+00 -2.253445948E+00 -2.079133621E+00 -1.825428391E+00
 -1.518363192E+00 -1.176249512E+00 -8.056003599E-01 -4.561283888E-01 -1.426072359E-01
  1.329780349E-01  3.333450592E-01  4.752455924E-01  5.743028037E-01  6.410134168E-01
  6.852601386E-01  7.122747978E-01  7.290313292E-01  7.372340525E-01  7.490589342E-01
  7.456840276E-01  7.372340525E-01  7.186378639E-01  6.888388175E-01  6.405935852E-01
  5.687445264E-01  4.620312122E-01  3.096794690E-01  9.254785764E-02 -1.998094247E-01
 -5.281221010E-01 -9.012680913E-01 -1.286580791E+00 -1.644280231E+00 -1.973503131E+00
 -2.253446058E+00 -2.457283021E+00 -2.532434049E+00 -2.457283021E+00 -2.253446058E+00
 -1.973503131E+00 -1.644280231E+00 -1.286580791E+00 -9.012680913E-01 -5.281221010E-01
 -1.998094247E-01  9.254785764E-02  3.096794690E-01  4.620312122E-01  5.687445264E-01
  6.405935852E-01  6.888388175E-01  7.186378639E-01  7.372340525E-01  7.456840276E-01
  7.431398384E-01  7.400910915E-01  7.314679862E-01  7.141401223E-01  6.860744901E-01
  6.396920816E-01  5.716558618E-01  4.705894091E-01  3.254078930E-01  1.200158068E-01
 -1.616948846E-01 -4.801236316E-01 -8.367451133E-01 -1.212570293E+00 -1.559780426E+00
 -1.873801336E+00 -2.134844754E+00 -2.317574067E+00 -2.385303578E+00 -2.317574067E+00
 -2.134844754E+00 -1.873801336E+00 -1.559780426E+00 -1.212570293E+00 -8.367451133E-01
 -4.801236316E-01 -1.616948846E-01  1.200158068E-01  3.254078930E-01  4.705894091E-01
  5.716558618E-01  6.396920816E-01  6.860744901E-01  7.141401223E-01  7.314679862E-01
  7.400910915E-01  7.400910915E-01  7.372337597E-01  7.290310394E-01  7.122745130E-01
  6.852598609E-01  6.410131480E-01  5.743025457E-01  4.752453468E-01  3.333448271E-01
  1.329778171E-01 -1.426074388E-01 -4.561285766E-01 -8.056005323E-01 -1.176249670E+00
 -1.518363334E+00 -1.825428520E+00 -2.079133738E+00 -2.253446058E+00 -2.317574027E+00
 -2.253446058E+00 -2.079133738E+00 -1.825428520E+00 -1.518363334E+00 -1.176249670E+00
 -8.056005323E-01 -4.561285766E-01 -1.426074388E-01  1.329778171E-01  3.333448271E-01
  4.752453468E-01  5.743025457E-01  6.410131480E-01  6.852598609E-01  7.122745130E-01
  7.290310394E-01  7.372337597E-01  7.314679862E-01  7.290310394E-01  7.219797502E-01
  7.069563344E-01  6.817420817E-01  6.417214353E-01  5.796082516E-01  4.878800230E-01
  3.560286050E-01  1.704745302E-01 -8.766138939E-02 -3.876049113E-01 -7.152737836E-01
 -1.069231125E+00 -1.399424671E+00 -1.687745764E+00 -1.922962598E+00 -2.079133621E+00
 -2.134844597E+00 -2.079133621E+00 -1.922962598E+00 -1.687745764E+00 -1.399424671E+00
 -1.069231125E+00 -7.152737836E-01 -3.876049113E-01 -8.766138939E-02  1.704745302E-01
  3.560286050E-01  4.878800230E-01  5.796082516E-01  6.417214353E-01  6.817420817E-01
  7.069563344E-01  7.219797502E-01  7.290310394E-01  7.141401223E-01  7.122745130E-01
  7.069563344E-01  6.959668171E-01  6.751112956E-01  6.412138192E-01  5.870896826E-01
  5.067759678E-01  3.892113299E-01  2.261129901E-01 -2.403504382E-03 -2.813265454E-01
 -5.785177258E-01 -9.000159885E-01 -1.211880702E+00 -1.477582659E+00 -1.687745575E+00
 -1.825428213E+00 -1.873800989E+00 -1.825428213E+00 -1.687745575E+00 -1.477582659E+00
 -1.211880702E+00 -9.000159885E-01 -5.785177258E-01 -2.813265454E-01 -2.403504382E-03
  2.261129901E-01  3.892113299E-01  5.067759678E-01  5.870896826E-01  6.412138192E-01
  6.751112956E-01  6.959668171E-01  7.069563344E-01  7.122745130E-01  6.860744901E-01
  6.852598609E-01  6.817420817E-01  6.751112956E-01  6.607172830E-01  6.352296174E-01
  5.921655967E-01  5.267216314E-01  4.279626980E-01  2.906850510E-01  1.019068995E-01
 -1.437160115E-01 -4.097397231E-01 -6.862354678E-01 -9.656651869E-01 -1.211880453E+00
 -1.399424233E+00 -1.518362778E+00 -1.559779830E+00 -1.518362778E+00 -1.399424233E+00
 -1.211880453E+00 -9.656651869E-01 -6.862354678E-01 -4.097397231E-01 -1.437160115E-01
  1.019068995E-01  2.906850510E-01  4.279626980E-01  5.267216314E-01  5.921655967E-01
  6.352296174E-01  6.607172830E-01  6.751112956E-01  6.817420817E-01  6.852598609E-01
  6.396920816E-01  6.410131480E-01  6.417214353E-01  6.412138192E-01  6.352296174E-01
  6.206061796E-01  5.911396262E-01  5.418755269E-01  4.662487062E-01  3.567294564E-01
  2.090186667E-01  1.078011591E-02 -2.212737080E-01 -4.557738643E-01 -6.862351735E-01
 -9.000154455E-01 -1.069230393E+00 -1.176248820E+00 -1.212569404E+00 -1.176248820E+00
 -1.069230393E+00 -9.000154455E-01 -6.862351735E-01 -4.557738643E-01 -2.212737080E-01
  1.078011591E-02  2.090186667E-01  3.567294564E-01  4.662487062E-01  5.418755269E-01
  5.911396262E-01  6.206061796E-01  6.352296174E-01  6.412138192E-01  6.417214353E-01
  6.410131480E-01  5.716558618E-01  5.743025457E-01  5.796082516E-01  5.870896826E-01
  5.921655967E-01  5.911396262E-01  5.789910210E-01  5.485045342E-01  4.969926519E-01
  4.173161015E-01  3.070337001E-01  1.619345829E-01 -2.233789755E-02 -2.212733839E-01
 -4.097391066E-01 -5.785168627E-01 -7.152727335E-01 -8.055993653E-01 -8.367439066E-01
 -8.055993653E-01 -7.152727335E-01 -5.785168627E-01 -4.097391066E-01 -2.212733839E-01
 -2.233789755E-02  1.619345829E-01  3.070337001E-01  4.173161015E-01  4.969926519E-01
  5.485045342E-01  5.789910210E-01  5.911396262E-01  5.921655967E-01  5.870896826E-01
  5.796082516E-01  5.743025457E-01  4.705894091E-01  4.752453468E-01  4.878800230E-01
  5.067759678E-01  5.267216314E-01  5.418755269E-01  5.485045342E-01  5.408213896E-01
  5.147078316E-01  4.657595613E-01  3.896160653E-01  2.894739356E-01  1.619349252E-01
  1.078077944E-02 -1.437150600E-01 -2.813253522E-01 -3.876035350E-01 -4.561270860E-01
 -4.801221022E-01 -4.561270860E-01 -3.876035350E-01 -2.813253522E-01 -1.437150600E-01
  1.078077944E-02  1.619349252E-01  2.894739356E-01  3.896160653E-01  4.657595613E-01
  5.147078316E-01  5.408213896E-01  5.485045342E-01  5.418755269E-01  5.267216314E-01
  5.067759678E-01  4.878800230E-01  4.752453468E-01  3.254078930E-01  3.333448271E-01
  3.560286050E-01  3.892113299E-01  4.279626980E-01  4.662487062E-01  4.969926519E-01
  5.147078316E-01  5.148739368E-01  4.960820025E-01  4.542249694E-01  3.896164183E-01
  3.070343921E-01  2.090196739E-01  1.019081871E-01 -2.401982802E-03 -8.765969128E-02
 -1.426056308E-01 -1.616930392E-01 -1.426056308E-01 -8.765969128E-02 -2.401982802E-03
  1.019081871E-01  2.090196739E-01  3.070343921E-01  3.896164183E-01  4.542249694E-01
  4.960820025E-01  5.148739368E-01  5.147078316E-01  4.969926519E-01  4.662487062E-01
  4.279626980E-01  3.892113299E-01  3.560286050E-01  3.333448271E-01  1.200158068E-01
  1.329778171E-01  1.704745302E-01  2.261129901E-01  2.906850510E-01  3.567294564E-01
  4.173161015E-01  4.657595613E-01  4.960820025E-01  5.059716175E-01  4.960823604E-01
  4.657602687E-01  4.173171416E-01  3.567308029E-01  2.906866677E-01  2.261148308E-01
  1.704765390E-01  1.329799302E-01  1.200179553E-01  1.329799302E-01  1.704765390E-01
  2.261148308E-01  2.906866677E-01  3.567308029E-01  4.173171416E-01  4.657602687E-01
  4.960823604E-01  5.059716175E-01  4.960820025E-01  4.657595613E-01  4.173161015E-01
  3.567294564E-01  2.906850510E-01  2.261129901E-01  1.704745302E-01  1.329778171E-01
 -1.616948846E-01 -1.426074388E-01 -8.766138939E-02 -2.403504382E-03  1.019068995E-01
  2.090186667E-01  3.070337001E-01  3.896160653E-01  4.542249694E-01  4.960823604E-01
  5.148746493E-01  5.147088872E-01  4.969940309E-01  4.662503806E-01  4.279646309E-01
  3.892134754E-01  3.560309092E-01  3.333472294E-01  3.254103284E-01  3.333472294E-01
  3.560309092E-01  3.892134754E-01  4.279646309E-01  4.662503806E-01  4.969940309E-01
  5.147088872E-01  5.148746493E-01  4.960823604E-01  4.542249694E-01  3.896160653E-01
  3.070337001E-01  2.090186667E-01  1.019068995E-01 -2.403504382E-03 -8.766138939E-02
 -1.426074388E-01 -4.801236316E-01 -4.561285766E-01 -3.876049113E-01 -2.813265454E-01
 -1.437160115E-01  1.078011591E-02  1.619345829E-01  2.894739356E-01  3.896164183E-01
  4.657602687E-01  5.147088872E-01  5.408227793E-01  5.485062362E-01  5.418775118E-01
  5.267238621E-01  5.067783995E-01  4.878826039E-01  4.752480196E-01  4.705921129E-01
  4.752480196E-01  4.878826039E-01  5.067783995E-01  5.267238621E-01  5.418775118E-01
  5.485062362E-01  5.408227793E-01  5.147088872E-01  4.657602687E-01  3.896164183E-01
  2.894739356E-01  1.619345829E-01  1.078011591E-02 -1.437160115E-01 -2.813265454E-01
 -3.876049113E-01 -4.561285766E-01 -8.367451133E-01 -8.056005323E-01 -7.152737836E-01
 -5.785177258E-01 -4.097397231E-01 -2.212737080E-01 -2.233789755E-02  1.619349252E-01
  3.070343921E-01  4.173171416E-01  4.969940309E-01  5.485062362E-01  5.789930228E-01
  5.911418979E-01  5.921681016E-01  5.870923772E-01  5.796110865E-01  5.743054667E-01
  5.716588119E-01  5.743054667E-01  5.796110865E-01  5.870923772E-01  5.921681016E-01
  5.911418979E-01  5.789930228E-01  5.485062362E-01  4.969940309E-01  4.173171416E-01
  3.070343921E-01  1.619349252E-01 -2.233789755E-02 -2.212737080E-01 -4.097397231E-01
 -5.785177258E-01 -7.152737836E-01 -8.056005323E-01 -1.212570293E+00 -1.176249670E+00
 -1.069231125E+00 -9.000159885E-01 -6.862354678E-01 -4.557738643E-01 -2.212733839E-01
  1.078077944E-02  2.090196739E-01  3.567308029E-01  4.662503806E-01  5.418775118E-01
  5.911418979E-01  6.206087084E-01  6.352323673E-01  6.412167484E-01  6.417244968E-01
  6.410162905E-01  6.396952514E-01  6.410162905E-01  6.417244968E-01  6.412167484E-01
  6.352323673E-01  6.206087084E-01  5.911418979E-01  5.418775118E-01  4.662503806E-01
  3.567308029E-01  2.090196739E-01  1.078077944E-02 -2.212733839E-01 -4.557738643E-01
 -6.862354678E-01 -9.000159885E-01 -1.069231125E+00 -1.176249670E+00 -1.559780426E+00
 -1.518363334E+00 -1.399424671E+00 -1.211880702E+00 -9.656651869E-01 -6.862351735E-01
 -4.097391066E-01 -1.437150600E-01  1.019081871E-01  2.906866677E-01  4.279646309E-01
  5.267238621E-01  5.921681016E-01  6.352323673E-01  6.607202432E-01  6.751144260E-01
  6.817453373E-01  6.852631932E-01  6.860778482E-01  6.852631932E-01  6.817453373E-01
  6.751144260E-01  6.607202432E-01  6.352323673E-01  5.921681016E-01  5.267238621E-01
  4.279646309E-01  2.906866677E-01  1.019081871E-01 -1.437150600E-01 -4.097391066E-01
 -6.862351735E-01 -9.656651869E-01 -1.211880702E+00 -1.399424671E+00 -1.518363334E+00
 -1.873801336E+00 -1.825428520E+00 -1.687745764E+00 -1.477582659E+00 -1.211880453E+00
 -9.000154455E-01 -5.785168627E-01 -2.813253522E-01 -2.401982802E-03  2.261148308E-01
  3.892134754E-01  5.067783995E-01  5.870923772E-01  6.412167484E-01  6.751144260E-01
  6.959701100E-01  7.069597470E-01  7.122779988E-01  7.141436327E-01  7.122779988E-01
  7.069597470E-01  6.959701100E-01  6.751144260E-01  6.412167484E-01  5.870923772E-01
  5.067783995E-01  3.892134754E-01  2.261148308E-01 -2.401982802E-03 -2.813253522E-01
 -5.785168627E-01 -9.000154455E-01 -1.211880453E+00 -1.477582659E+00 -1.687745764E+00
 -1.825428520E+00 -2.134844754E+00 -2.079133738E+00 -1.922962598E+00 -1.687745575E+00
 -1.399424233E+00 -1.069230393E+00 -7.152727335E-01 -3.876035350E-01 -8.765969128E-02
  1.704765390E-01  3.560309092E-01  4.878826039E-01  5.796110865E-01  6.417244968E-01
  6.817453373E-01  7.069597470E-01  7.219832782E-01  7.290346380E-01  7.314716087E-01
  7.290346380E-01  7.219832782E-01  7.069597470E-01  6.817453373E-01  6.417244968E-01
  5.796110865E-01  4.878826039E-01  3.560309092E-01  1.704765390E-01 -8.765969128E-02
 -3.876035350E-01 -7.152727335E-01 -1.069230393E+00 -1.399424233E+00 -1.687745575E+00
 -1.922962598E+00 -2.079133738E+00 -2.317574067E+00 -2.253446058E+00 -2.079133621E+00
 -1.825428213E+00 -1.518362778E+00 -1.176248820E+00 -8.055993653E-01 -4.561270860E-01
 -1.426056308E-01  1.329799302E-01  3.333472294E-01  4.752480196E-01  5.743054667E-01
  6.410162905E-01  6.852631932E-01  7.122779988E-01  7.290346380E-01  7.372374274E-01
  7.400947825E-01  7.372374274E-01  7.290346380E-01  7.122779988E-01  6.852631932E-01
  6.410162905E-01  5.743054667E-01  4.752480196E-01  3.333472294E-01  1.329799302E-01
 -1.426056308E-01 -4.561270860E-01 -8.055993653E-01 -1.176248820E+00 -1.518362778E+00
 -1.825428213E+00 -2.079133621E+00 -2.253446058E+00 -2.385303578E+00 -2.317574027E+00
 -2.134844597E+00 -1.873800989E+00 -1.559779830E+00 -1.212569404E+00 -8.367439066E-01
 -4.801221022E-01 -1.616930392E-01  1.200179553E-01  3.254103284E-01  4.705921129E-01
  5.716588119E-01  6.396952514E-01  6.860778482E-01  7.141436327E-01  7.314716087E-01
  7.400947825E-01  7.431435526E-01  7.400947825E-01  7.314716087E-01  7.141436327E-01
  6.860778482E-01  6.396952514E-01  5.716588119E-01  4.705921129E-01  3.254103284E-01
  1.200179553E-01 -1.616930392E-01 -4.801221022E-01 -8.367439066E-01 -1.212569404E+00
 -1.559779830E+00 -1.873800989E+00 -2.134844597E+00 -2.317574027E+00 -2.317574067E+00
 -2.253446058E+00 -2.079133621E+00 -1.825428213E+00 -1.518362778E+00 -1.176248820E+00
 -8.055993653E-01 -4.561270860E-01 -1.426056308E-01  1.329799302E-01  3.333472294E-01
  4.752480196E-01  5.743054667E-01  6.410162905E-01  6.852631932E-01  7.122779988E-01
  7.290346380E-01  7.372374274E-01  7.400947825E-01  7.372374274E-01  7.290346380E-01
  7.122779988E-01  6.852631932E-01  6.410162905E-01  5.743054667E-01  4.752480196E-01
  3.333472294E-01  1.329799302E-01 -1.426056308E-01 -4.561270860E-01 -8.055993653E-01
 -1.176248820E+00 -1.518362778E+00 -1.825428213E+00 -2.079133621E+00 -2.253446058E+00
 -2.134844754E+00 -2.079133738E+00 -1.922962598E+00 -1.687745575E+00 -1.399424233E+00
 -1.069230393E+00 -7.152727335E-01 -3.876035350E-01 -8.765969128E-02  1.704765390E-01
  3.560309092E-01  4.878826039E-01  5.796110865E-01  6.417244968E-01  6.817453373E-01
  7.069597470E-01  7.219832782E-01  7.290346380E-01  7.314716087E-01  7.290346380E-01
  7.219832782E-01  7.069597470E-01  6.817453373E-01  6.417244968E-01  5.796110865E-01
  4.878826039E-01  3.560309092E-01  1.704765390E-01 -8.765969128E-02 -3.876035350E-01
 -7.152727335E-01 -1.069230393E+00 -1.399424233E+00 -1.687745575E+00 -1.922962598E+00
 -2.079133738E+00 -1.873801336E+00 -1.825428520E+00 -1.687745764E+00 -1.477582659E+00
 -1.211880453E+00 -9.000154455E-01 -5.785168627E-01 -2.813253522E-01 -2.401982802E-03
  2.261148308E-01  3.892134754E-01  5.067783995E-01  5.870923772E-01  6.412167484E-01
  6.751144260E-01  6.959701100E-01  7.069597470E-01  7.122779988E-01  7.141436327E-01
  7.122779988E-01  7.069597470E-01  6.959701100E-01  6.751144260E-01  6.412167484E-01
  5.870923772E-01  5.067783995E-01  3.892134754E-01  2.261148308E-01 -2.401982802E-03
 -2.813253522E-01 -5.785168627E-01 -9.000154455E-01 -1.211880453E+00 -1.477582659E+00
 -1.687745764E+00 -1.825428520E+00 -1.559780426E+00 -1.518363334E+00 -1.399424671E+00
 -1.211880702E+00 -9.656651869E-01 -6.862351735E-01 -4.097391066E-01 -1.437150600E-01
  1.019081871E-01  2.906866677E-01  4.279646309E-01  5.267238621E-01  5.921681016E-01
  6.352323673E-01  6.607202432E-01  6.751144260E-01  6.817453373E-01  6.852631932E-01
  6.860778482E-01  6.852631932E-01  6.817453373E-01  6.751144260E-01  6.607202432E-01
  6.352323673E-01  5.921681016E-01  5.267238621E-01  4.279646309E-01  2.906866677E-01
  1.019081871E-01 -1.437150600E-01 -4.097391066E-01 -6.862351735E-01 -9.656651869E-01
 -1.211880702E+00 -1.399424671E+00 -1.518363334E+00 -1.212570293E+00 -1.176249670E+00
 -1.069231125E+00 -9.000159885E-01 -6.862354678E-01 -4.557738643E-01 -2.212733839E-01
  1.078077944E-02  2.090196739E-01  3.567308029E-01  4.662503806E-01  5.418775118E-01
  5.911418979E-01  6.206087084E-01  6.352323673E-01  6.412167484E-01  6.417244968E-01
  6.410162905E-01  6.396952514E-01  6.410162905E-01  6.417244968E-01  6.412167484E-01
  6.352323673E-01  6.206087084E-01  5.911418979E-01  5.418775118E-01  4.662503806E-01
  3.567308029E-01  2.090196739E-01  1.078077944E-02 -2.212733839E-01 -4.557738643E-01
 -6.862354678E-01 -9.000159885E-01 -1.069231125E+00 -1.176249670E+00 -8.367451133E-01
 -8.056005323E-01 -7.152737836E-01 -5.785177258E-01 -4.097397231E-01 -2.212737080E-01
 -2.233789755E-02  1.619349252E-01  3.070343921E-01  4.173171416E-01  4.969940309E-01
  5.485062362E-01  5.789930228E-01  5.911418979E-01  5.921681016E-01  5.870923772E-01
  5.796110865E-01  5.743054667E-01  5.716588119E-01  5.743054667E-01  5.796110865E-01
  5.870923772E-01  5.921681016E-01  5.911418979E-01  5.789930228E-01  5.485062362E-01
  4.969940309E-01  4.173171416E-01  3.070343921E-01  1.619349252E-01 -2.233789755E-02
 -2.212737080E-01 -4.097397231E-01 -5.785177258E-01 -7.152737836E-01 -8.056005323E-01
 -4.801236316E-01 -4.561285766E-01 -3.876049113E-01 -2.813265454E-01 -1.437160115E-01
  1.078011591E-02  1.619345829E-01  2.894739356E-01  3.896164183E-01  4.657602687E-01
  5.147088872E-01  5.408227793E-01  5.485062362E-01  5.418775118E-01  5.267238621E-01
  5.067783995E-01  4.878826039E-01  4.752480196E-01  4.705921129E-01  4.752480196E-01
  4.878826039E-01  5.067783995E-01  5.267238621E-01  5.418775118E-01  5.485062362E-01
  5.408227793E-01  5.147088872E-01  4.657602687E-01  3.896164183E-01  2.894739356E-01
  1.619345829E-01  1.078011591E-02 -1.437160115E-01 -2.813265454E-01 -3.876049113E-01
 -4.561285766E-01 -1.616948846E-01 -1.426074388E-01 -8.766138939E-02 -2.403504382E-03
  1.019068995E-01  2.090186667E-01  3.070337001E-01  3.896160653E-01  4.542249694E-01
  4.960823604E-01  5.148746493E-01  5.147088872E-01  4.969940309E-01  4.662503806E-01
  4.279646309E-01  3.892134754E-01  3.560309092E-01  3.333472294E-01  3.254103284E-01
  3.333472294E-01  3.560309092E-01  3.892134754E-01  4.279646309E-01  4.662503806E-01
  4.969940309E-01  5.147088872E-01  5.148746493E-01  4.960823604E-01  4.542249694E-01
  3.896160653E-01  3.070337001E-01  2.090186667E-01  1.019068995E-01 -2.403504382E-03
 -8.766138939E-02 -1.426074388E-01  1.200158068E-01  1.329778171E-01  1.704745302E-01
  2.261129901E-01  2.906850510E-01  3.567294564E-01  4.173161015E-01  4.657595613E-01
  4.960820025E-01  5.059716175E-01  4.960823604E-01  4.657602687E-01  4.173171416E-01
  3.567308029E-01  2.906866677E-01  2.261148308E-01  1.704765390E-01  1.329799302E-01
  1.200179553E-01  1.329799302E-01  1.704765390E-01  2.261148308E-01  2.906866677E-01
  3.567308029E-01  4.173171416E-01  4.657602687E-01  4.960823604E-01  5.059716175E-01
  4.960820025E-01  4.657595613E-01  4.173161015E-01  3.567294564E-01  2.906850510E-01
  2.261129901E-01  1.704745302E-01  1.329778171E-01  3.254078930E-01  3.333448271E-01
  3.560286050E-01  3.892113299E-01  4.279626980E-01  4.662487062E-01  4.969926519E-01
  5.147078316E-01  5.148739368E-01  4.960820025E-01  4.542249694E-01  3.896164183E-01
  3.070343921E-01  2.090196739E-01  1.019081871E-01 -2.401982802E-03 -8.765969128E-02
 -1.426056308E-01 -1.616930392E-01 -1.426056308E-01 -8.765969128E-02 -2.401982802E-03
  1.019081871E-01  2.090196739E-01  3.070343921E-01  3.896164183E-01  4.542249694E-01
  4.960820025E-01  5.148739368E-01  5.147078316E-01  4.969926519E-01  4.662487062E-01
  4.279626980E-01  3.892113299E-01  3.560286050E-01  3.333448271E-01  4.705894091E-01
  4.752453468E-01  4.878800230E-01  5.067759678E-01  5.267216314E-01  5.418755269E-01
  5.485045342E-01  5.408213896E-01  5.147078316E-01  4.657595613E-01  3.896160653E-01
  2.894739356E-01  1.619349252E-01  1.078077944E-02 -1.437150600E-01 -2.813253522E-01
 -3.876035350E-01 -4.561270860E-01 -4.801221022E-01 -4.561270860E-01 -3.876035350E-01
 -2.813253522E-01 -1.437150600E-01  1.078077944E-02  1.619349252E-01  2.894739356E-01
  3.896160653E-01  4.657595613E-01  5.147078316E-01  5.408213896E-01  5.485045342E-01
  5.418755269E-01  5.267216314E-01  5.067759678E-01  4.878800230E-01  4.752453468E-01
  5.716558618E-01  5.743025457E-01  5.796082516E-01  5.870896826E-01  5.921655967E-01
  5.911396262E-01  5.789910210E-01  5.485045342E-01  4.969926519E-01  4.173161015E-01
  3.070337001E-01  1.619345829E-01 -2.233789755E-02 -2.212733839E-01 -4.097391066E-01
 -5.785168627E-01 -7.152727335E-01 -8.055993653E-01 -8.367439066E-01 -8.055993653E-01
 -7.152727335E-01 -5.785168627E-01 -4.097391066E-01 -2.212733839E-01 -2.233789755E-02
  1.619345829E-01  3.070337001E-01  4.173161015E-01  4.969926519E-01  5.485045342E-01
  5.789910210E-01  5.911396262E-01  5.921655967E-01  5.870896826E-01  5.796082516E-01
  5.743025457E-01  6.396920816E-01  6.410131480E-01  6.417214353E-01  6.412138192E-01
  6.352296174E-01  6.206061796E-01  5.911396262E-01  5.418755269E-01  4.662487062E-01
  3.567294564E-01  2.090186667E-01  1.078011591E-02 -2.212737080E-01 -4.557738643E-01
 -6.862351735E-01 -9.000154455E-01 -1.069230393E+00 -1.176248820E+00 -1.212569404E+00
 -1.176248820E+00 -1.069230393E+00 -9.000154455E-01 -6.862351735E-01 -4.557738643E-01
 -2.212737080E-01  1.078011591E-02  2.090186667E-01  3.567294564E-01  4.662487062E-01
  5.418755269E-01  5.911396262E-01  6.206061796E-01  6.352296174E-01  6.412138192E-01
  6.417214353E-01  6.410131480E-01  6.860744901E-01  6.852598609E-01  6.817420817E-01
  6.751112956E-01  6.607172830E-01  6.352296174E-01  5.921655967E-01  5.267216314E-01
  4.279626980E-01  2.906850510E-01  1.019068995E-01 -1.437160115E-01 -4.097397231E-01
 -6.862354678E-01 -9.656651869E-01 -1.211880453E+00 -1.399424233E+00 -1.518362778E+00
 -1.559779830E+00 -1.518362778E+00 -1.399424233E+00 -1.211880453E+00 -9.656651869E-01
 -6.862354678E-01 -4.097397231E-01 -1.437160115E-01  1.019068995E-01  2.906850510E-01
  4.279626980E-01  5.267216314E-01  5.921655967E-01  6.352296174E-01  6.607172830E-01
  6.751112956E-01  6.817420817E-01  6.852598609E-01  7.141401223E-01  7.122745130E-01
  7.069563344E-01  6.959668171E-01  6.751112956E-01  6.412138192E-01  5.870896826E-01
  5.067759678E-01  3.892113299E-01  2.261129901E-01 -2.403504382E-03 -2.813265454E-01
 -5.785177258E-01 -9.000159885E-01 -1.211880702E+00 -1.477582659E+00 -1.687745575E+00
 -1.825428213E+00 -1.873800989E+00 -1.825428213E+00 -1.687745575E+00 -1.477582659E+00
 -1.211880702E+00 -9.000159885E-01 -5.785177258E-01 -2.813265454E-01 -2.403504382E-03
  2.261129901E-01  3.892113299E-01  5.067759678E-01  5.870896826E-01  6.412138192E-01
  6.751112956E-01  6.959668171E-01  7.069563344E-01  7.122745130E-01  7.314679862E-01
  7.290310394E-01  7.219797502E-01  7.069563344E-01  6.817420817E-01  6.417214353E-01
  5.796082516E-01  4.878800230E-01  3.560286050E-01  1.704745302E-01 -8.766138939E-02
 -3.876049113E-01 -7.152737836E-01 -1.069231125E+00 -1.399424671E+00 -1.687745764E+00
 -1.922962598E+00 -2.079133621E+00 -2.134844597E+00 -2.079133621E+00 -1.922962598E+00
 -1.687745764E+00 -1.399424671E+00 -1.069231125E+00 -7.152737836E-01 -3.876049113E-01
 -8.766138939E-02  1.704745302E-01  3.560286050E-01  4.878800230E-01  5.796082516E-01
  6.417214353E-01  6.817420817E-01  7.069563344E-01  7.219797502E-01  7.290310394E-01
  7.400910915E-01  7.372337597E-01  7.290310394E-01  7.122745130E-01  6.852598609E-01
  6.410131480E-01  5.743025457E-01  4.752453468E-01  3.333448271E-01  1.329778171E-01
 -1.426074388E-01 -4.561285766E-01 -8.056005323E-01 -1.176249670E+00 -1.518363334E+00
 -1.825428520E+00 -2.079133738E+00 -2.253446058E+00 -2.317574027E+00 -2.253446058E+00
 -2.079133738E+00 -1.825428520E+00 -1.518363334E+00 -1.176249670E+00 -8.056005323E-01
 -4.561285766E-01 -1.426074388E-01  1.329778171E-01  3.333448271E-01  4.752453468E-01
  5.743025457E-01  6.410131480E-01  6.852598609E-01  7.122745130E-01  7.290310394E-01
  7.372337597E-01  7.224194657E-01  7.206806790E-01  7.141396405E-01  7.004083522E-01
  6.771338975E-01  6.383691958E-01  5.790273178E-01  4.899362999E-01  3.607380686E-01
  1.812151865E-01 -7.102543687E-02 -3.664776872E-01 -6.868684975E-01 -1.034753749E+00
 -1.361252634E+00 -1.644040043E+00 -1.873801336E+00 -2.025836368E+00 -2.079597774E+00
 -2.025836368E+00 -1.873801336E+00 -1.644040043E+00 -1.361252634E+00 -1.034753749E+00
 -6.868684975E-01 -3.664776872E-01 -7.102543687E-02  1.812151865E-01  3.607380686E-01
  4.899362999E-01  5.790273178E-01  6.383691958E-01  6.771338975E-01  7.004083522E-01
  7.141396405E-01  7.206806790E-01  7.206806790E-01  7.186370909E-01  7.122740329E-01
  6.995804174E-01  6.772752910E-01  6.398927693E-01  5.815098806E-01  4.944052008E-01
  3.681932147E-01  1.929013167E-01 -5.335833425E-02 -3.450982308E-01 -6.597527557E-01
 -1.000858334E+00 -1.323253991E+00 -1.601076103E+00 -1.825428520E+00 -1.973503131E+00
 -2.025836324E+00 -1.973503131E+00 -1.825428520E+00 -1.601076103E+00 -1.323253991E+00
 -1.000858334E+00 -6.597527557E-01 -3.450982308E-01 -5.335833425E-02  1.929013167E-01
  3.681932147E-01  4.944052008E-01  5.815098806E-01  6.398927693E-01  6.772752910E-01
  6.995804174E-01  7.122740329E-01  7.186370909E-01  7.141396405E-01  7.122740329E-01
  7.069558594E-01  6.959663506E-01  6.751108412E-01  6.412133800E-01  5.870892618E-01
  5.067755680E-01  3.892109533E-01  2.261126380E-01 -2.403830990E-03 -2.813268463E-01
 -5.785180011E-01 -9.000162389E-01 -1.211880929E+00 -1.477582865E+00 -1.687745764E+00
 -1.825428391E+00 -1.873801163E+00 -1.825428391E+00 -1.687745764E+00 -1.477582865E+00
 -1.211880929E+00 -9.000162389E-01 -5.785180011E-01 -2.813268463E-01 -2.403830990E-03
  2.261126380E-01  3.892109533E-01  5.067755680E-01  5.870892618E-01  6.412133800E-01
  6.751108412E-01  6.959663506E-01  7.069558594E-01  7.122740329E-01  7.004083522E-01
  6.995804174E-01  6.959663506E-01  6.876704594E-01  6.704886041E-01  6.421871308E-01
  5.950320830E-01  5.243283712E-01  4.196289531E-01  2.754698509E-01  7.543131867E-02
 -1.811984617E-01 -4.548268869E-01 -7.436309875E-01 -1.033770203E+00 -1.284779107E+00
 -1.477582659E+00 -1.601075768E+00 -1.644039664E+00 -1.601075768E+00 -1.477582659E+00
 -1.284779107E+00 -1.033770203E+00 -7.436309875E-01 -4.548268869E-01 -1.811984617E-01
  7.543131867E-02  2.754698509E-01  4.196289531E-01  5.243283712E-01  5.950320830E-01
  6.421871308E-01  6.704886041E-01  6.876704594E-01  6.959663506E-01  6.995804174E-01
  6.771338975E-01  6.772752910E-01  6.751108412E-01  6.704886041E-01  6.594180952E-01
  6.385413510E-01  6.010868066E-01  5.432134470E-01  4.561071035E-01  3.337712106E-01
  1.683551741E-01 -5.265452293E-02 -3.004939601E-01 -5.518765302E-01 -8.039090315E-01
 -1.033769932E+00 -1.211880453E+00 -1.323253386E+00 -1.361251985E+00 -1.323253386E+00
 -1.211880453E+00 -1.033769932E+00 -8.039090315E-01 -5.518765302E-01 -3.004939601E-01
 -5.265452293E-02  1.683551741E-01  3.337712106E-01  4.561071035E-01  5.432134470E-01
  6.010868066E-01  6.385413510E-01  6.594180952E-01  6.704886041E-01  6.751108412E-01
  6.772752910E-01  6.383691958E-01  6.398927693E-01  6.412133800E-01  6.421871308E-01
  6.385413510E-01  6.266521864E-01  6.013840849E-01  5.582778713E-01  4.922378234E-01
  3.941448738E-01  2.626646308E-01  8.881056937E-02 -1.235714030E-01 -3.430911731E-01
 -5.518762112E-01 -7.436303990E-01 -9.000154455E-01 -1.000857412E+00 -1.034752784E+00
 -1.000857412E+00 -9.000154455E-01 -7.436303990E-01 -5.518762112E-01 -3.430911731E-01
 -1.235714030E-01  8.881056937E-02  2.626646308E-01  3.941448738E-01  4.922378234E-01
  5.582778713E-01  6.013840849E-01  6.266521864E-01  6.385413510E-01  6.421871308E-01
  6.412133800E-01  6.398927693E-01  5.790273178E-01  5.815098806E-01  5.870892618E-01
  5.950320830E-01  6.010868066E-01  6.013840849E-01  5.917366755E-01  5.656543520E-01
  5.202370407E-01  4.494360630E-01  3.500776264E-01  2.220908025E-01  5.966145204E-02
 -1.235710509E-01 -3.004932910E-01 -4.548259510E-01 -5.785168627E-01 -6.597514907E-01
 -6.868671895E-01 -6.597514907E-01 -5.785168627E-01 -4.548259510E-01 -3.004932910E-01
 -1.235710509E-01  5.966145204E-02  2.220908025E-01  3.500776264E-01  4.494360630E-01
  5.202370407E-01  5.656543520E-01  5.917366755E-01  6.013840849E-01  6.010868066E-01
  5.950320830E-01  5.870892618E-01  5.815098806E-01  4.899362999E-01  4.944052008E-01
  5.067755680E-01  5.243283712E-01  5.432134470E-01  5.582778713E-01  5.656543520E-01
  5.606805458E-01  5.371406191E-01  4.933179807E-01  4.256056762E-01  3.347046509E-01
  2.220911759E-01  8.881129200E-02 -5.265348812E-02 -1.811971654E-01 -2.813253522E-01
 -3.450966133E-01 -3.664760278E-01 -3.450966133E-01 -2.813253522E-01 -1.811971654E-01
 -5.265348812E-02  8.881129200E-02  2.220911759E-01  3.347046509E-01  4.256056762E-01
  4.933179807E-01  5.371406191E-01  5.606805458E-01  5.656543520E-01  5.582778713E-01
  5.432134470E-01  5.243283712E-01  5.067755680E-01  4.944052008E-01  3.607380686E-01
  3.681932147E-01  3.892109533E-01  4.196289531E-01  4.561071035E-01  4.922378234E-01
  5.202370407E-01  5.371406191E-01  5.379049616E-01  5.209006572E-01  4.840993125E-01
  4.256060623E-01  3.500783826E-01  2.626657302E-01  1.683565779E-01  7.543297599E-02
 -2.401982802E-03 -5.335636733E-02 -7.102342963E-02 -5.335636733E-02 -2.401982802E-03
  7.543297599E-02  1.683565779E-01  2.626657302E-01  3.500783826E-01  4.256060623E-01
  4.840993125E-01  5.209006572E-01  5.379049616E-01  5.371406191E-01  5.202370407E-01
  4.922378234E-01  4.561071035E-01  4.196289531E-01  3.892109533E-01  3.681932147E-01
  1.812151865E-01  1.929013167E-01  2.261126380E-01  2.754698509E-01  3.337712106E-01
  3.941448738E-01  4.494360630E-01  4.933179807E-01  5.209006572E-01  5.299883784E-01
  5.209010493E-01  4.933187555E-01  4.494372014E-01  3.941463467E-01  3.337729777E-01
  2.754718613E-01  2.261148308E-01  1.929036224E-01  1.812175305E-01  1.929036224E-01
  2.261148308E-01  2.754718613E-01  3.337729777E-01  3.941463467E-01  4.494372014E-01
  4.933187555E-01  5.209010493E-01  5.299883784E-01  5.209006572E-01  4.933179807E-01
  4.494360630E-01  3.941448738E-01  3.337712106E-01  2.754698509E-01  2.261126380E-01
  1.929013167E-01 -7.102543687E-02 -5.335833425E-02 -2.403830990E-03  7.543131867E-02
  1.683551741E-01  2.626646308E-01  3.500776264E-01  4.256056762E-01  4.840993125E-01
  5.209010493E-01  5.379057424E-01  5.371417761E-01  5.202385522E-01  4.922396583E-01
  4.561092209E-01  4.196313024E-01  3.892134754E-01  3.681958436E-01  3.607407335E-01
  3.681958436E-01  3.892134754E-01  4.196313024E-01  4.561092209E-01  4.922396583E-01
  5.202385522E-01  5.371417761E-01  5.379057424E-01  5.209010493E-01  4.840993125E-01
  4.256056762E-01  3.500776264E-01  2.626646308E-01  1.683551741E-01  7.543131867E-02
 -2.403830990E-03 -5.335833425E-02 -3.664776872E-01 -3.450982308E-01 -2.813268463E-01
 -1.811984617E-01 -5.265452293E-02  8.881056937E-02  2.220908025E-01  3.347046509E-01
  4.256060623E-01  4.933187555E-01  5.371417761E-01  5.606820699E-01  5.656562194E-01
  5.582800495E-01  5.432158949E-01  5.243310394E-01  5.067783995E-01  4.944081327E-01
  4.899392657E-01  4.944081327E-01  5.067783995E-01  5.243310394E-01  5.432158949E-01
  5.582800495E-01  5.656562194E-01  5.606820699E-01  5.371417761E-01  4.933187555E-01
  4.256060623E-01  3.347046509E-01  2.220908025E-01  8.881056937E-02 -5.265452293E-02
 -1.811984617E-01 -2.813268463E-01 -3.450982308E-01 -6.868684975E-01 -6.597527557E-01
 -5.785180011E-01 -4.548268869E-01 -3.004939601E-01 -1.235714030E-01  5.966145204E-02
  2.220911759E-01  3.500783826E-01  4.494372014E-01  5.202385522E-01  5.656562194E-01
  5.917388734E-01  6.013865805E-01  6.010895591E-01  5.950350443E-01  5.870923772E-01
  5.815130906E-01  5.790305597E-01  5.815130906E-01  5.870923772E-01  5.950350443E-01
  6.010895591E-01  6.013865805E-01  5.917388734E-01  5.656562194E-01  5.202385522E-01
  4.494372014E-01  3.500783826E-01  2.220911759E-01  5.966145204E-02 -1.235714030E-01
 -3.004939601E-01 -4.548268869E-01 -5.785180011E-01 -6.597527557E-01 -1.034753749E+00
 -1.000858334E+00 -9.000162389E-01 -7.436309875E-01 -5.518765302E-01 -3.430911731E-01
 -1.235710509E-01  8.881129200E-02  2.626657302E-01  3.941463467E-01  4.922396583E-01
  5.582800495E-01  6.013865805E-01  6.266549664E-01  6.385443755E-01  6.421903533E-01
  6.412167484E-01  6.398962269E-01  6.383726835E-01  6.398962269E-01  6.412167484E-01
  6.421903533E-01  6.385443755E-01  6.266549664E-01  6.013865805E-01  5.582800495E-01
  4.922396583E-01  3.941463467E-01  2.626657302E-01  8.881129200E-02 -1.235710509E-01
 -3.430911731E-01 -5.518765302E-01 -7.436309875E-01 -9.000162389E-01 -1.000858334E+00
 -1.361252634E+00 -1.323253991E+00 -1.211880929E+00 -1.033770203E+00 -8.039090315E-01
 -5.518762112E-01 -3.004932910E-01 -5.265348812E-02  1.683565779E-01  3.337729777E-01
  4.561092209E-01  5.432158949E-01  6.010895591E-01  6.385443755E-01  6.594213529E-01
  6.704920503E-01  6.751144260E-01  6.772789606E-01  6.771375956E-01  6.772789606E-01
  6.751144260E-01  6.704920503E-01  6.594213529E-01  6.385443755E-01  6.010895591E-01
  5.432158949E-01  4.561092209E-01  3.337729777E-01  1.683565779E-01 -5.265348812E-02
 -3.004932910E-01 -5.518762112E-01 -8.039090315E-01 -1.033770203E+00 -1.211880929E+00
 -1.323253991E+00 -1.644040043E+00 -1.601076103E+00 -1.477582865E+00 -1.284779107E+00
 -1.033769932E+00 -7.436303990E-01 -4.548259510E-01 -1.811971654E-01  7.543297599E-02
  2.754718613E-01  4.196313024E-01  5.243310394E-01  5.950350443E-01  6.421903533E-01
  6.704920503E-01  6.876740862E-01  6.959701100E-01  6.995842578E-01  7.004122199E-01
  6.995842578E-01  6.959701100E-01  6.876740862E-01  6.704920503E-01  6.421903533E-01
  5.950350443E-01  5.243310394E-01  4.196313024E-01  2.754718613E-01  7.543297599E-02
 -1.811971654E-01 -4.548259510E-01 -7.436303990E-01 -1.033769932E+00 -1.284779107E+00
 -1.477582865E+00 -1.601076103E+00 -1.873801336E+00 -1.825428520E+00 -1.687745764E+00
 -1.477582659E+00 -1.211880453E+00 -9.000154455E-01 -5.785168627E-01 -2.813253522E-01
 -2.401982802E-03  2.261148308E-01  3.892134754E-01  5.067783995E-01  5.870923772E-01
  6.412167484E-01  6.751144260E-01  6.959701100E-01  7.069597470E-01  7.122779988E-01
  7.141436327E-01  7.122779988E-01  7.069597470E-01  6.959701100E-01  6.751144260E-01
  6.412167484E-01  5.870923772E-01  5.067783995E-01  3.892134754E-01  2.261148308E-01
 -2.401982802E-03 -2.813253522E-01 -5.785168627E-01 -9.000154455E-01 -1.211880453E+00
 -1.477582659E+00 -1.687745764E+00 -1.825428520E+00 -2.025836368E+00 -1.973503131E+00
 -1.825428391E+00 -1.601075768E+00 -1.323253386E+00 -1.000857412E+00 -6.597514907E-01
 -3.450966133E-01 -5.335636733E-02  1.929036224E-01  3.681958436E-01  4.944081327E-01
  5.815130906E-01  6.398962269E-01  6.772789606E-01  6.995842578E-01  7.122779988E-01
  7.186411334E-01  7.206847473E-01  7.186411334E-01  7.122779988E-01  6.995842578E-01
  6.772789606E-01  6.398962269E-01  5.815130906E-01  4.944081327E-01  3.681958436E-01
  1.929036224E-01 -5.335636733E-02 -3.450966133E-01 -6.597514907E-01 -1.000857412E+00
 -1.323253386E+00 -1.601075768E+00 -1.825428391E+00 -1.973503131E+00 -2.079597774E+00
 -2.025836324E+00 -1.873801163E+00 -1.644039664E+00 -1.361251985E+00 -1.034752784E+00
 -6.868671895E-01 -3.664760278E-01 -7.102342963E-02  1.812175305E-01  3.607407335E-01
  4.899392657E-01  5.790305597E-01  6.383726835E-01  6.771375956E-01  7.004122199E-01
  7.141436327E-01  7.206847473E-01  7.224235595E-01  7.206847473E-01  7.141436327E-01
  7.004122199E-01  6.771375956E-01  6.383726835E-01  5.790305597E-01  4.899392657E-01
  3.607407335E-01  1.812175305E-01 -7.102342963E-02 -3.664760278E-01 -6.868671895E-01
 -1.034752784E+00 -1.361251985E+00 -1.644039664E+00 -1.873801163E+00 -2.025836324E+00
 -2.025836368E+00 -1.973503131E+00 -1.825428391E+00 -1.601075768E+00 -1.323253386E+00
 -1.000857412E+00 -6.597514907E-01 -3.450966133E-01 -5.335636733E-02  1.929036224E-01
  3.681958436E-01  4.944081327E-01  5.815130906E-01  6.398962269E-01  6.772789606E-01
  6.995842578E-01  7.122779988E-01  7.186411334E-01  7.206847473E-01  7.186411334E-01
  7.122779988E-01  6.995842578E-01  6.772789606E-01  6.398962269E-01  5.815130906E-01
  4.944081327E-01  3.681958436E-01  1.929036224E-01 -5.335636733E-02 -3.450966133E-01
 -6.597514907E-01 -1.000857412E+00 -1.323253386E+00 -1.601075768E+00 -1.825428391E+00
 -1.973503131E+00 -1.873801336E+00 -1.825428520E+00 -1.687745764E+00 -1.477582659E+00
 -1.211880453E+00 -9.000154455E-01 -5.785168627E-01 -2.813253522E-01 -2.401982802E-03
  2.261148308E-01  3.892134754E-01  5.067783995E-01  5.870923772E-01  6.412167484E-01
  6.751144260E-01  6.959701100E-01  7.069597470E-01  7.122779988E-01  7.141436327E-01
  7.122779988E-01  7.069597470E-01  6.959701100E-01  6.751144260E-01  6.412167484E-01
  5.870923772E-01  5.067783995E-01  3.892134754E-01  2.261148308E-01 -2.401982802E-03
 -2.813253522E-01 -5.785168627E-01 -9.000154455E-01 -1.211880453E+00 -1.477582659E+00
 -1.687745764E+00 -1.825428520E+00 -1.644040043E+00 -1.601076103E+00 -1.477582865E+00
 -1.284779107E+00 -1.033769932E+00 -7.436303990E-01 -4.548259510E-01 -1.811971654E-01
  7.543297599E-02  2.754718613E-01  4.196313024E-01  5.243310394E-01  5.950350443E-01
  6.421903533E-01  6.704920503E-01  6.876740862E-01  6.959701100E-01  6.995842578E-01
  7.004122199E-01  6.995842578E-01  6.959701100E-01  6.876740862E-01  6.704920503E-01
  6.421903533E-01  5.950350443E-01  5.243310394E-01  4.196313024E-01  2.754718613E-01
  7.543297599E-02 -1.811971654E-01 -4.548259510E-01 -7.436303990E-01 -1.033769932E+00
 -1.284779107E+00 -1.477582865E+00 -1.601076103E+00 -1.361252634E+00 -1.323253991E+00
 -1.211880929E+00 -1.033770203E+00 -8.039090315E-01 -5.518762112E-01 -3.004932910E-01
 -5.265348812E-02  1.683565779E-01  3.337729777E-01  4.561092209E-01  5.432158949E-01
  6.010895591E-01  6.385443755E-01  6.594213529E-01  6.704920503E-01  6.751144260E-01
  6.772789606E-01  6.771375956E-01  6.772789606E-01  6.751144260E-01  6.704920503E-01
  6.594213529E-01  6.385443755E-01  6.010895591E-01  5.432158949E-01  4.561092209E-01
  3.337729777E-01  1.683565779E-01 -5.265348812E-02 -3.004932910E-01 -5.518762112E-01
 -8.039090315E-01 -1.033770203E+00 -1.211880929E+00 -1.323253991E+00 -1.034753749E+00
 -1.000858334E+00 -9.000162389E-01 -7.436309875E-01 -5.518765302E-01 -3.430911731E-01
 -1.235710509E-01  8.881129200E-02  2.626657302E-01  3.941463467E-01  4.922396583E-01
  5.582800495E-01  6.013865805E-01  6.266549664E-01  6.385443755E-01  6.421903533E-01
  6.412167484E-01  6.398962269E-01  6.383726835E-01  6.398962269E-01  6.412167484E-01
  6.421903533E-01  6.385443755E-01  6.266549664E-01  6.013865805E-01  5.582800495E-01
  4.922396583E-01  3.941463467E-01  2.626657302E-01  8.881129200E-02 -1.235710509E-01
 -3.430911731E-01 -5.518765302E-01 -7.436309875E-01 -9.000162389E-01 -1.000858334E+00
 -6.868684975E-01 -6.597527557E-01 -5.785180011E-01 -4.548268869E-01 -3.004939601E-01
 -1.235714030E-01  5.966145204E-02  2.220911759E-01  3.500783826E-01  4.494372014E-01
  5.202385522E-01  5.656562194E-01  5.917388734E-01  6.013865805E-01  6.010895591E-01
  5.950350443E-01  5.870923772E-01  5.815130906E-01  5.790305597E-01  5.815130906E-01
  5.870923772E-01  5.950350443E-01  6.010895591E-01  6.013865805E-01  5.917388734E-01
  5.656562194E-01  5.202385522E-01  4.494372014E-01  3.500783826E-01  2.220911759E-01
  5.966145204E-02 -1.235714030E-01 -3.004939601E-01 -4.548268869E-01 -5.785180011E-01
 -6.597527557E-01 -3.664776872E-01 -3.450982308E-01 -2.813268463E-01 -1.811984617E-01
 -5.265452293E-02  8.881056937E-02  2.220908025E-01  3.347046509E-01  4.256060623E-01
  4.933187555E-01  5.371417761E-01  5.606820699E-01  5.656562194E-01  5.582800495E-01
  5.432158949E-01  5.243310394E-01  5.067783995E-01  4.944081327E-01  4.899392657E-01
  4.944081327E-01  5.067783995E-01  5.243310394E-01  5.432158949E-01  5.582800495E-01
  5.656562194E-01  5.606820699E-01  5.371417761E-01  4.933187555E-01  4.256060623E-01
  3.347046509E-01  2.220908025E-01  8.881056937E-02 -5.265452293E-02 -1.811984617E-01
 -2.813268463E-01 -3.450982308E-01 -7.102543687E-02 -5.335833425E-02 -2.403830990E-03
  7.543131867E-02  1.683551741E-01  2.626646308E-01  3.500776264E-01  4.256056762E-01
  4.840993125E-01  5.209010493E-01  5.379057424E-01  5.371417761E-01  5.202385522E-01
  4.922396583E-01  4.561092209E-01  4.196313024E-01  3.892134754E-01  3.681958436E-01
  3.607407335E-01  3.681958436E-01  3.892134754E-01  4.196313024E-01  4.561092209E-01
  4.922396583E-01  5.202385522E-01  5.371417761E-01  5.379057424E-01  5.209010493E-01
  4.840993125E-01  4.256056762E-01  3.500776264E-01  2.626646308E-01  1.683551741E-01
  7.543131867E-02 -2.403830990E-03 -5.335833425E-02  1.812151865E-01  1.929013167E-01
  2.261126380E-01  2.754698509E-01  3.337712106E-01  3.941448738E-01  4.494360630E-01
  4.933179807E-01  5.209006572E-01  5.299883784E-01  5.209010493E-01  4.933187555E-01
  4.494372014E-01  3.941463467E-01  3.337729777E-01  2.754718613E-01  2.261148308E-01
  1.929036224E-01  1.812175305E-01  1.929036224E-01  2.261148308E-01  2.754718613E-01
  3.337729777E-01  3.941463467E-01  4.494372014E-01  4.933187555E-01  5.209010493E-01
  5.299883784E-01  5.209006572E-01  4.933179807E-01  4.494360630E-01  3.941448738E-01
  3.337712106E-01  2.754698509E-01  2.261126380E-01  1.929013167E-01  3.607380686E-01
  3.681932147E-01  3.892109533E-01  4.196289531E-01  4.561071035E-01  4.922378234E-01
  5.202370407E-01  5.371406191E-01  5.379049616E-01  5.209006572E-01  4.840993125E-01
  4.256060623E-01  3.500783826E-01  2.626657302E-01  1.683565779E-01  7.543297599E-02
 -2.401982802E-03 -5.335636733E-02 -7.102342963E-02 -5.335636733E-02 -2.401982802E-03
  7.543297599E-02  1.683565779E-01  2.626657302E-01  3.500783826E-01  4.256060623E-01
  4.840993125E-01  5.209006572E-01  5.379049616E-01  5.371406191E-01  5.202370407E-01
  4.922378234E-01  4.561071035E-01  4.196289531E-01  3.892109533E-01  3.681932147E-01
  4.899362999E-01  4.944052008E-01  5.067755680E-01  5.243283712E-01  5.432134470E-01
  5.582778713E-01  5.656543520E-01  5.606805458E-01  5.371406191E-01  4.933179807E-01
  4.256056762E-01  3.347046509E-01  2.220911759E-01  8.881129200E-02 -5.265348812E-02
 -1.811971654E-01 -2.813253522E-01 -3.450966133E-01 -3.664760278E-01 -3.450966133E-01
 -2.813253522E-01 -1.811971654E-01 -5.265348812E-02  8.881129200E-02  2.220911759E-01
  3.347046509E-01  4.256056762E-01  4.933179807E-01  5.371406191E-01  5.606805458E-01
  5.656543520E-01  5.582778713E-01  5.432134470E-01  5.243283712E-01  5.067755680E-01
  4.944052008E-01  5.790273178E-01  5.815098806E-01  5.870892618E-01  5.950320830E-01
  6.010868066E-01  6.013840849E-01  5.917366755E-01  5.656543520E-01  5.202370407E-01
  4.494360630E-01  3.500776264E-01  2.220908025E-01  5.966145204E-02 -1.235710509E-01
 -3.004932910E-01 -4.548259510E-01 -5.785168627E-01 -6.597514907E-01 -6.868671895E-01
 -6.597514907E-01 -5.785168627E-01 -4.548259510E-01 -3.004932910E-01 -1.235710509E-01
  5.966145204E-02  2.220908025E-01  3.500776264E-01  4.494360630E-01  5.202370407E-01
  5.656543520E-01  5.917366755E-01  6.013840849E-01  6.010868066E-01  5.950320830E-01
  5.870892618E-01  5.815098806E-01  6.383691958E-01  6.398927693E-01  6.412133800E-01
  6.421871308E-01  6.385413510E-01  6.266521864E-01  6.013840849E-01  5.582778713E-01
  4.922378234E-01  3.941448738E-01  2.626646308E-01  8.881056937E-02 -1.235714030E-01
 -3.430911731E-01 -5.518762112E-01 -7.436303990E-01 -9.000154455E-01 -1.000857412E+00
 -1.034752784E+00 -1.000857412E+00 -9.000154455E-01 -7.436303990E-01 -5.518762112E-01
 -3.430911731E-01 -1.235714030E-01  8.881056937E-02  2.626646308E-01  3.941448738E-01
  4.922378234E-01  5.582778713E-01  6.013840849E-01  6.266521864E-01  6.385413510E-01
  6.421871308E-01  6.412133800E-01  6.398927693E-01  6.771338975E-01  6.772752910E-01
  6.751108412E-01  6.704886041E-01  6.594180952E-01  6.385413510E-01  6.010868066E-01
  5.432134470E-01  4.561071035E-01  3.337712106E-01  1.683551741E-01 -5.265452293E-02
 -3.004939601E-01 -5.518765302E-01 -8.039090315E-01 -1.033769932E+00 -1.211880453E+00
 -1.323253386E+00 -1.361251985E+00 -1.323253386E+00 -1.211880453E+00 -1.033769932E+00
 -8.039090315E-01 -5.518765302E-01 -3.004939601E-01 -5.265452293E-02  1.683551741E-01
  3.337712106E-01  4.561071035E-01  5.432134470E-01  6.010868066E-01  6.385413510E-01
  6.594180952E-01  6.704886041E-01  6.751108412E-01  6.772752910E-01  7.004083522E-01
  6.995804174E-01  6.959663506E-01  6.876704594E-01  6.704886041E-01  6.421871308E-01
  5.950320830E-01  5.243283712E-01  4.196289531E-01  2.754698509E-01  7.543131867E-02
 -1.811984617E-01 -4.548268869E-01 -7.436309875E-01 -1.033770203E+00 -1.284779107E+00
 -1.477582659E+00 -1.601075768E+00 -1.644039664E+00 -1.601075768E+00 -1.477582659E+00
 -1.284779107E+00 -1.033770203E+00 -7.436309875E-01 -4.548268869E-01 -1.811984617E-01
  7.543131867E-02  2.754698509E-01  4.196289531E-01  5.243283712E-01  5.950320830E-01
  6.421871308E-01  6.704886041E-01  6.876704594E-01  6.959663506E-01  6.995804174E-01
  7.141396405E-01  7.122740329E-01  7.069558594E-01  6.959663506E-01  6.751108412E-01
  6.412133800E-01  5.870892618E-01  5.067755680E-01  3.892109533E-01  2.261126380E-01
 -2.403830990E-03 -2.813268463E-01 -5.785180011E-01 -9.000162389E-01 -1.211880929E+00
 -1.477582865E+00 -1.687745764E+00 -1.825428391E+00 -1.873801163E+00 -1.825428391E+00
 -1.687745764E+00 -1.477582865E+00 -1.211880929E+00 -9.000162389E-01 -5.785180011E-01
 -2.813268463E-01 -2.403830990E-03  2.261126380E-01  3.892109533E-01  5.067755680E-01
  5.870892618E-01  6.412133800E-01  6.751108412E-01  6.959663506E-01  7.069558594E-01
  7.122740329E-01  7.206806790E-01  7.186370909E-01  7.122740329E-01  6.995804174E-01
  6.772752910E-01  6.398927693E-01  5.815098806E-01  4.944052008E-01  3.681932147E-01
  1.929013167E-01 -5.335833425E-02 -3.450982308E-01 -6.597527557E-01 -1.000858334E+00
 -1.323253991E+00 -1.601076103E+00 -1.825428520E+00 -1.973503131E+00 -2.025836324E+00
 -1.973503131E+00 -1.825428520E+00 -1.601076103E+00 -1.323253991E+00 -1.000858334E+00
 -6.597527557E-01 -3.450982308E-01 -5.335833425E-02  1.929013167E-01  3.681932147E-01
  4.944052008E-01  5.815098806E-01  6.398927693E-01  6.772752910E-01  6.995804174E-01
  7.122740329E-01  7.186370909E-01  6.904436558E-01  6.897188929E-01  6.860733512E-01
  6.771332405E-01  6.599785041E-01  6.311305097E-01  5.831506688E-01  5.107068125E-01
  4.025245251E-01  2.521101920E-01  4.166797448E-02 -2.223453469E-01 -5.044897060E-01
 -8.058343710E-01 -1.104839889E+00 -1.361252634E+00 -1.559780426E+00 -1.688402973E+00
 -1.733085015E+00 -1.688402973E+00 -1.559780426E+00 -1.361252634E+00 -1.104839889E+00
 -8.058343710E-01 -5.044897060E-01 -2.223453469E-01  4.166797448E-02  2.521101920E-01
  4.025245251E-01  5.107068125E-01  5.831506688E-01  6.311305097E-01  6.599785041E-01
  6.771332405E-01  6.860733512E-01  6.897188929E-01  6.897188929E-01  6.888373897E-01
  6.852587261E-01  6.772746364E-01  6.608142636E-01  6.325139494E-01  5.855570878E-01
  5.147184734E-01  4.088899137E-01  2.621890136E-01  5.754228787E-02 -2.024506233E-01
 -4.806523575E-01 -7.749814131E-01 -1.069137368E+00 -1.323253991E+00 -1.518363334E+00
 -1.644280231E+00 -1.688402924E+00 -1.644280231E+00 -1.518363334E+00 -1.323253991E+00
 -1.069137368E+00 -7.749814131E-01 -4.806523575E-01 -2.024506233E-01  5.754228787E-02
  2.621890136E-01  4.088899137E-01  5.147184734E-01  5.855570878E-01  6.325139494E-01
  6.608142636E-01  6.772746364E-01  6.852587261E-01  6.888373897E-01  6.860733512E-01
  6.852587261E-01  6.817409592E-01  6.751101938E-01  6.607162101E-01  6.352285816E-01
  5.921646055E-01  5.267206914E-01  4.279618144E-01  2.906842275E-01  1.019061382E-01
 -1.437167103E-01 -4.097403605E-01 -6.862360463E-01 -9.656657110E-01 -1.211880929E+00
 -1.399424671E+00 -1.518363192E+00 -1.559780235E+00 -1.518363192E+00 -1.399424671E+00
 -1.211880929E+00 -9.656657110E-01 -6.862360463E-01 -4.097403605E-01 -1.437167103E-01
  1.019061382E-01  2.906842275E-01  4.279618144E-01  5.267206914E-01  5.921646055E-01
  6.352285816E-01  6.607162101E-01  6.751101938E-01  6.817409592E-01  6.852587261E-01
  6.771332405E-01  6.772746364E-01  6.751101938E-01  6.704879688E-01  6.594174769E-01
  6.385407545E-01  6.010862362E-01  5.432129067E-01  4.561065964E-01  3.337707388E-01
  1.683547389E-01 -5.265492146E-02 -3.004943228E-01 -5.518768588E-01 -8.039093290E-01
 -1.033770203E+00 -1.211880702E+00 -1.323253621E+00 -1.361252216E+00 -1.323253621E+00
 -1.211880702E+00 -1.033770203E+00 -8.039093290E-01 -5.518768588E-01 -3.004943228E-01
 -5.265492146E-02  1.683547389E-01  3.337707388E-01  4.561065964E-01  5.432129067E-01
  6.010862362E-01  6.385407545E-01  6.594174769E-01  6.704879688E-01  6.751101938E-01
  6.772746364E-01  6.599785041E-01  6.608142636E-01  6.607162101E-01  6.594174769E-01
  6.526191110E-01  6.377607652E-01  6.089135876E-01  5.612744852E-01  4.889991405E-01
  3.849189583E-01  2.466877109E-01  6.150367730E-02 -1.600997474E-01 -3.850807493E-01
 -6.021773465E-01 -8.039090315E-01 -9.656651869E-01 -1.069136702E+00 -1.104839175E+00
 -1.069136702E+00 -9.656651869E-01 -8.039090315E-01 -6.021773465E-01 -3.850807493E-01
 -1.600997474E-01  6.150367730E-02  2.466877109E-01  3.849189583E-01  4.889991405E-01
  5.612744852E-01  6.089135876E-01  6.377607652E-01  6.526191110E-01  6.594174769E-01
  6.607162101E-01  6.608142636E-01  6.311305097E-01  6.325139494E-01  6.352285816E-01
  6.385407545E-01  6.377607652E-01  6.304963463E-01  6.121810946E-01  5.769043323E-01
  5.215708421E-01  4.387930251E-01  3.270338872E-01  1.827960493E-01  5.220628279E-04
 -1.975575842E-01 -3.850803980E-01 -5.518762112E-01 -6.862351735E-01 -7.749803994E-01
 -8.058333094E-01 -7.749803994E-01 -6.862351735E-01 -5.518762112E-01 -3.850803980E-01
 -1.975575842E-01  5.220628279E-04  1.827960493E-01  3.270338872E-01  4.387930251E-01
  5.215708421E-01  5.769043323E-01  6.121810946E-01  6.304963463E-01  6.377607652E-01
  6.385407545E-01  6.352285816E-01  6.325139494E-01  5.831506688E-01  5.855570878E-01
  5.921646055E-01  6.010862362E-01  6.089135876E-01  6.121810946E-01  6.061171331E-01
  5.852364307E-01  5.470266605E-01  4.885142029E-01  4.034777771E-01  2.937998025E-01
  1.585602014E-01  5.224523235E-04 -1.600990087E-01 -3.004932910E-01 -4.097391066E-01
 -4.806509648E-01 -5.044882661E-01 -4.806509648E-01 -4.097391066E-01 -3.004932910E-01
 -1.600990087E-01  5.224523235E-04  1.585602014E-01  2.937998025E-01  4.034777771E-01
  4.885142029E-01  5.470266605E-01  5.852364307E-01  6.061171331E-01  6.121810946E-01
  6.089135876E-01  6.010862362E-01  5.921646055E-01  5.855570878E-01  5.107068125E-01
  5.147184734E-01  5.267206914E-01  5.432129067E-01  5.612744852E-01  5.769043323E-01
  5.852364307E-01  5.831478295E-01  5.637132074E-01  5.267011401E-01  4.690772343E-01
  3.894144712E-01  2.938002175E-01  1.827968509E-01  6.150482319E-02 -5.265348812E-02
 -1.437150600E-01 -2.024488377E-01 -2.223435154E-01 -2.024488377E-01 -1.437150600E-01
 -5.265348812E-02  6.150482319E-02  1.827968509E-01  2.938002175E-01  3.894144712E-01
  4.690772343E-01  5.267011401E-01  5.637132074E-01  5.831478295E-01  5.852364307E-01
  5.769043323E-01  5.612744852E-01  5.432129067E-01  5.267206914E-01  5.147184734E-01
  4.025245251E-01  4.088899137E-01  4.279618144E-01  4.561065964E-01  4.889991405E-01
  5.215708421E-01  5.470266605E-01  5.637132074E-01  5.664056590E-01  5.513418100E-01
  5.190694765E-01  4.690776649E-01  4.034786196E-01  3.270351103E-01  2.466892707E-01
  1.683565779E-01  1.019081871E-01  5.754446716E-02  4.167019801E-02  5.754446716E-02
  1.019081871E-01  1.683565779E-01  2.466892707E-01  3.270351103E-01  4.034786196E-01
  4.690776649E-01  5.190694765E-01  5.513418100E-01  5.664056590E-01  5.637132074E-01
  5.470266605E-01  5.215708421E-01  4.889991405E-01  4.561065964E-01  4.279618144E-01
  4.088899137E-01  2.521101920E-01  2.621890136E-01  2.906842275E-01  3.337707388E-01
  3.849189583E-01  4.387930251E-01  4.885142029E-01  5.267011401E-01  5.513418100E-01
  5.601208644E-01  5.513422482E-01  5.267020056E-01  4.885154739E-01  4.387946680E-01
  3.849209279E-01  3.337729777E-01  2.906866677E-01  2.621915784E-01  2.521127989E-01
  2.621915784E-01  2.906866677E-01  3.337729777E-01  3.849209279E-01  4.387946680E-01
  4.885154739E-01  5.267020056E-01  5.513422482E-01  5.601208644E-01  5.513418100E-01
  5.267011401E-01  4.885142029E-01  4.387930251E-01  3.849189583E-01  3.337707388E-01
  2.906842275E-01  2.621890136E-01  4.166797448E-02  5.754228787E-02  1.019061382E-01
  1.683547389E-01  2.466877109E-01  3.270338872E-01  4.034777771E-01  4.690772343E-01
  5.190694765E-01  5.513422482E-01  5.664065321E-01  5.637145013E-01  5.470283509E-01
  5.215728936E-01  4.890015068E-01  4.561092209E-01  4.279646309E-01  4.088928485E-01
  4.025274999E-01  4.088928485E-01  4.279646309E-01  4.561092209E-01  4.890015068E-01
  5.215728936E-01  5.470283509E-01  5.637145013E-01  5.664065321E-01  5.513422482E-01
  5.190694765E-01  4.690772343E-01  4.034777771E-01  3.270338872E-01  2.466877109E-01
  1.683547389E-01  1.019061382E-01  5.754228787E-02 -2.223453469E-01 -2.024506233E-01
 -1.437167103E-01 -5.265492146E-02  6.150367730E-02  1.827960493E-01  2.937998025E-01
  3.894144712E-01  4.690776649E-01  5.267020056E-01  5.637145013E-01  5.831495353E-01
  5.852385217E-01  5.769067719E-01  5.612772270E-01  5.432158949E-01  5.267238621E-01
  5.147217562E-01  5.107101333E-01  5.147217562E-01  5.267238621E-01  5.432158949E-01
  5.612772270E-01  5.769067719E-01  5.852385217E-01  5.831495353E-01  5.637145013E-01
  5.267020056E-01  4.690776649E-01  3.894144712E-01  2.937998025E-01  1.827960493E-01
  6.150367730E-02 -5.265492146E-02 -1.437167103E-01 -2.024506233E-01 -5.044897060E-01
 -4.806523575E-01 -4.097403605E-01 -3.004943228E-01 -1.600997474E-01  5.220628279E-04
  1.585602014E-01  2.938002175E-01  4.034786196E-01  4.885154739E-01  5.470283509E-01
  5.852385217E-01  6.061195967E-01  6.121838934E-01  6.089166756E-01  6.010895591E-01
  5.921681016E-01  5.855606901E-01  5.831543069E-01  5.855606901E-01  5.921681016E-01
  6.010895591E-01  6.089166756E-01  6.121838934E-01  6.061195967E-01  5.852385217E-01
  5.470283509E-01  4.885154739E-01  4.034786196E-01  2.938002175E-01  1.585602014E-01
  5.220628279E-04 -1.600997474E-01 -3.004943228E-01 -4.097403605E-01 -4.806523575E-01
 -8.058343710E-01 -7.749814131E-01 -6.862360463E-01 -5.518768588E-01 -3.850807493E-01
 -1.975575842E-01  5.224523235E-04  1.827968509E-01  3.270351103E-01  4.387946680E-01
  5.215728936E-01  5.769067719E-01  6.121838934E-01  6.304994670E-01  6.377641624E-01
  6.385443755E-01  6.352323673E-01  6.325178359E-01  6.311344301E-01  6.325178359E-01
  6.352323673E-01  6.385443755E-01  6.377641624E-01  6.304994670E-01  6.121838934E-01
  5.769067719E-01  5.215728936E-01  4.387946680E-01  3.270351103E-01  1.827968509E-01
  5.224523235E-04 -1.975575842E-01 -3.850807493E-01 -5.518768588E-01 -6.862360463E-01
 -7.749814131E-01 -1.104839889E+00 -1.069137368E+00 -9.656657110E-01 -8.039093290E-01
 -6.021773465E-01 -3.850803980E-01 -1.600990087E-01  6.150482319E-02  2.466892707E-01
  3.849209279E-01  4.890015068E-01  5.612772270E-01  6.089166756E-01  6.377641624E-01
  6.526227731E-01  6.594213529E-01  6.607202432E-01  6.608183926E-01  6.599826653E-01
  6.608183926E-01  6.607202432E-01  6.594213529E-01  6.526227731E-01  6.377641624E-01
  6.089166756E-01  5.612772270E-01  4.890015068E-01  3.849209279E-01  2.466892707E-01
  6.150482319E-02 -1.600990087E-01 -3.850803980E-01 -6.021773465E-01 -8.039093290E-01
 -9.656657110E-01 -1.069137368E+00 -1.361252634E+00 -1.323253991E+00 -1.211880929E+00
 -1.033770203E+00 -8.039090315E-01 -5.518762112E-01 -3.004932910E-01 -5.265348812E-02
  1.683565779E-01  3.337729777E-01  4.561092209E-01  5.432158949E-01  6.010895591E-01
  6.385443755E-01  6.594213529E-01  6.704920503E-01  6.751144260E-01  6.772789606E-01
  6.771375956E-01  6.772789606E-01  6.751144260E-01  6.704920503E-01  6.594213529E-01
  6.385443755E-01  6.010895591E-01  5.432158949E-01  4.561092209E-01  3.337729777E-01
  1.683565779E-01 -5.265348812E-02 -3.004932910E-01 -5.518762112E-01 -8.039090315E-01
 -1.033770203E+00 -1.211880929E+00 -1.323253991E+00 -1.559780426E+00 -1.518363334E+00
 -1.399424671E+00 -1.211880702E+00 -9.656651869E-01 -6.862351735E-01 -4.097391066E-01
 -1.437150600E-01  1.019081871E-01  2.906866677E-01  4.279646309E-01  5.267238621E-01
  5.921681016E-01  6.352323673E-01  6.607202432E-01  6.751144260E-01  6.817453373E-01
  6.852631932E-01  6.860778482E-01  6.852631932E-01  6.817453373E-01  6.751144260E-01
  6.607202432E-01  6.352323673E-01  5.921681016E-01  5.267238621E-01  4.279646309E-01
  2.906866677E-01  1.019081871E-01 -1.437150600E-01 -4.097391066E-01 -6.862351735E-01
 -9.656651869E-01 -1.211880702E+00 -1.399424671E+00 -1.518363334E+00 -1.688402973E+00
 -1.644280231E+00 -1.518363192E+00 -1.323253621E+00 -1.069136702E+00 -7.749803994E-01
 -4.806509648E-01 -2.024488377E-01  5.754446716E-02  2.621915784E-01  4.088928485E-01
  5.147217562E-01  5.855606901E-01  6.325178359E-01  6.608183926E-01  6.772789606E-01
  6.852631932E-01  6.888419439E-01  6.897234765E-01  6.888419439E-01  6.852631932E-01
  6.772789606E-01  6.608183926E-01  6.325178359E-01  5.855606901E-01  5.147217562E-01
  4.088928485E-01  2.621915784E-01  5.754446716E-02 -2.024488377E-01 -4.806509648E-01
 -7.749803994E-01 -1.069136702E+00 -1.323253621E+00 -1.518363192E+00 -1.644280231E+00
 -1.733085015E+00 -1.688402924E+00 -1.559780235E+00 -1.361252216E+00 -1.104839175E+00
 -8.058333094E-01 -5.044882661E-01 -2.223435154E-01  4.167019801E-02  2.521127989E-01
  4.025274999E-01  5.107101333E-01  5.831543069E-01  6.311344301E-01  6.599826653E-01
  6.771375956E-01  6.860778482E-01  6.897234765E-01  6.904482684E-01  6.897234765E-01
  6.860778482E-01  6.771375956E-01  6.599826653E-01  6.311344301E-01  5.831543069E-01
  5.107101333E-01  4.025274999E-01  2.521127989E-01  4.167019801E-02 -2.223435154E-01
 -5.044882661E-01 -8.058333094E-01 -1.104839175E+00 -1.361252216E+00 -1.559780235E+00
 -1.688402924E+00 -1.688402973E+00 -1.644280231E+00 -1.518363192E+00 -1.323253621E+00
 -1.069136702E+00 -7.749803994E-01 -4.806509648E-01 -2.024488377E-01  5.754446716E-02
  2.621915784E-01  4.088928485E-01  5.147217562E-01  5.855606901E-01  6.325178359E-01
  6.608183926E-01  6.772789606E-01  6.852631932E-01  6.888419439E-01  6.897234765E-01
  6.888419439E-01  6.852631932E-01  6.772789606E-01  6.608183926E-01  6.325178359E-01
  5.855606901E-01  5.147217562E-01  4.088928485E-01  2.621915784E-01  5.754446716E-02
 -2.024488377E-01 -4.806509648E-01 -7.749803994E-01 -1.069136702E+00 -1.323253621E+00
 -1.518363192E+00 -1.644280231E+00 -1.559780426E+00 -1.518363334E+00 -1.399424671E+00
 -1.211880702E+00 -9.656651869E-01 -6.862351735E-01 -4.097391066E-01 -1.437150600E-01
  1.019081871E-01  2.906866677E-01  4.279646309E-01  5.267238621E-01  5.921681016E-01
  6.352323673E-01  6.607202432E-01  6.751144260E-01  6.817453373E-01  6.852631932E-01
  6.860778482E-01  6.852631932E-01  6.817453373E-01  6.751144260E-01  6.607202432E-01
  6.352323673E-01  5.921681016E-01  5.267238621E-01  4.279646309E-01  2.906866677E-01
  1.019081871E-01 -1.437150600E-01 -4.097391066E-01 -6.862351735E-01 -9.656651869E-01
 -1.211880702E+00 -1.399424671E+00 -1.518363334E+00 -1.361252634E+00 -1.323253991E+00
 -1.211880929E+00 -1.033770203E+00 -8.039090315E-01 -5.518762112E-01 -3.004932910E-01
 -5.265348812E-02  1.683565779E-01  3.337729777E-01  4.561092209E-01  5.432158949E-01
  6.010895591E-01  6.385443755E-01  6.594213529E-01  6.704920503E-01  6.751144260E-01
  6.772789606E-01  6.771375956E-01  6.772789606E-01  6.751144260E-01  6.704920503E-01
  6.594213529E-01  6.385443755E-01  6.010895591E-01  5.432158949E-01  4.561092209E-01
  3.337729777E-01  1.683565779E-01 -5.265348812E-02 -3.004932910E-01 -5.518762112E-01
 -8.039090315E-01 -1.033770203E+00 -1.211880929E+00 -1.323253991E+00 -1.104839889E+00
 -1.069137368E+00 -9.656657110E-01 -8.039093290E-01 -6.021773465E-01 -3.850803980E-01
 -1.600990087E-01  6.150482319E-02  2.466892707E-01  3.849209279E-01  4.890015068E-01
  5.612772270E-01  6.089166756E-01  6.377641624E-01  6.526227731E-01  6.594213529E-01
  6.607202432E-01  6.608183926E-01  6.599826653E-01  6.608183926E-01  6.607202432E-01
  6.594213529E-01  6.526227731E-01  6.377641624E-01  6.089166756E-01  5.612772270E-01
  4.890015068E-01  3.849209279E-01  2.466892707E-01  6.150482319E-02 -1.600990087E-01
 -3.850803980E-01 -6.021773465E-01 -8.039093290E-01 -9.656657110E-01 -1.069137368E+00
 -8.058343710E-01 -7.749814131E-01 -6.862360463E-01 -5.518768588E-01 -3.850807493E-01
 -1.975575842E-01  5.224523235E-04  1.827968509E-01  3.270351103E-01  4.387946680E-01
  5.215728936E-01  5.769067719E-01  6.121838934E-01  6.304994670E-01  6.377641624E-01
  6.385443755E-01  6.352323673E-01  6.325178359E-01  6.311344301E-01  6.325178359E-01
  6.352323673E-01  6.385443755E-01  6.377641624E-01  6.304994670E-01  6.121838934E-01
  5.769067719E-01  5.215728936E-01  4.387946680E-01  3.270351103E-01  1.827968509E-01
  5.224523235E-04 -1.975575842E-01 -3.850807493E-01 -5.518768588E-01 -6.862360463E-01
 -7.749814131E-01 -5.044897060E-01 -4.806523575E-01 -4.097403605E-01 -3.004943228E-01
 -1.600997474E-01  5.220628279E-04  1.585602014E-01  2.938002175E-01  4.034786196E-01
  4.885154739E-01  5.470283509E-01  5.852385217E-01  6.061195967E-01  6.121838934E-01
  6.089166756E-01  6.010895591E-01  5.921681016E-01  5.855606901E-01  5.831543069E-01
  5.855606901E-01  5.921681016E-01  6.010895591E-01  6.089166756E-01  6.121838934E-01
  6.061195967E-01  5.852385217E-01  5.470283509E-01  4.885154739E-01  4.034786196E-01
  2.938002175E-01  1.585602014E-01  5.220628279E-04 -1.600997474E-01 -3.004943228E-01
 -4.097403605E-01 -4.806523575E-01 -2.223453469E-01 -2.024506233E-01 -1.437167103E-01
 -5.265492146E-02  6.150367730E-02  1.827960493E-01  2.937998025E-01  3.894144712E-01
  4.690776649E-01  5.267020056E-01  5.637145013E-01  5.831495353E-01  5.852385217E-01
  5.769067719E-01  5.612772270E-01  5.432158949E-01  5.267238621E-01  5.147217562E-01
  5.107101333E-01  5.147217562E-01  5.267238621E-01  5.432158949E-01  5.612772270E-01
  5.769067719E-01  5.852385217E-01  5.831495353E-01  5.637145013E-01  5.267020056E-01
  4.690776649E-01  3.894144712E-01  2.937998025E-01  1.827960493E-01  6.150367730E-02
 -5.265492146E-02 -1.437167103E-01 -2.024506233E-01  4.166797448E-02  5.754228787E-02
  1.019061382E-01  1.683547389E-01  2.466877109E-01  3.270338872E-01  4.034777771E-01
  4.690772343E-01  5.190694765E-01  5.513422482E-01  5.664065321E-01  5.637145013E-01
  5.470283509E-01  5.215728936E-01  4.890015068E-01  4.561092209E-01  4.279646309E-01
  4.088928485E-01  4.025274999E-01  4.088928485E-01  4.279646309E-01  4.561092209E-01
  4.890015068E-01  5.215728936E-01  5.470283509E-01  5.637145013E-01  5.664065321E-01
  5.513422482E-01  5.190694765E-01  4.690772343E-01  4.034777771E-01  3.270338872E-01
  2.466877109E-01  1.683547389E-01  1.019061382E-01  5.754228787E-02  2.521101920E-01
  2.621890136E-01  2.906842275E-01  3.337707388E-01  3.849189583E-01  4.387930251E-01
  4.885142029E-01  5.267011401E-01  5.513418100E-01  5.601208644E-01  5.513422482E-01
  5.267020056E-01  4.885154739E-01  4.387946680E-01  3.849209279E-01  3.337729777E-01
  2.906866677E-01  2.621915784E-01  2.521127989E-01  2.621915784E-01  2.906866677E-01
  3.337729777E-01  3.849209279E-01  4.387946680E-01  4.885154739E-01  5.267020056E-01
  5.513422482E-01  5.601208644E-01  5.513418100E-01  5.267011401E-01  4.885142029E-01
  4.387930251E-01  3.849189583E-01  3.337707388E-01  2.906842275E-01  2.621890136E-01
  4.025245251E-01  4.088899137E-01  4.279618144E-01  4.561065964E-01  4.889991405E-01
  5.215708421E-01  5.470266605E-01  5.637132074E-01  5.664056590E-01  5.513418100E-01
  5.190694765E-01  4.690776649E-01  4.034786196E-01  3.270351103E-01  2.466892707E-01
  1.683565779E-01  1.019081871E-01  5.754446716E-02  4.167019801E-02  5.754446716E-02
  1.019081871E-01  1.683565779E-01  2.466892707E-01  3.270351103E-01  4.034786196E-01
  4.690776649E-01  5.190694765E-01  5.513418100E-01  5.664056590E-01  5.637132074E-01
  5.470266605E-01  5.215708421E-01  4.889991405E-01  4.561065964E-01  4.279618144E-01
  4.088899137E-01  5.107068125E-01  5.147184734E-01  5.267206914E-01  5.432129067E-01
  5.612744852E-01  5.769043323E-01  5.852364307E-01  5.831478295E-01  5.637132074E-01
  5.267011401E-01  4.690772343E-01  3.894144712E-01  2.938002175E-01  1.827968509E-01
  6.150482319E-02 -5.265348812E-02 -1.437150600E-01 -2.024488377E-01 -2.223435154E-01
 -2.024488377E-01 -1.437150600E-01 -5.265348812E-02  6.150482319E-02  1.827968509E-01
  2.938002175E-01  3.894144712E-01  4.690772343E-01  5.267011401E-01  5.637132074E-01
  5.831478295E-01  5.852364307E-01  5.769043323E-01  5.612744852E-01  5.432129067E-01
  5.267206914E-01  5.147184734E-01  5.831506688E-01  5.855570878E-01  5.921646055E-01
  6.010862362E-01  6.089135876E-01  6.121810946E-01  6.061171331E-01  5.852364307E-01
  5.470266605E-01  4.885142029E-01  4.034777771E-01  2.937998025E-01  1.585602014E-01
  5.224523235E-04 -1.600990087E-01 -3.004932910E-01 -4.097391066E-01 -4.806509648E-01
 -5.044882661E-01 -4.806509648E-01 -4.097391066E-01 -3.004932910E-01 -1.600990087E-01
  5.224523235E-04  1.585602014E-01  2.937998025E-01  4.034777771E-01  4.885142029E-01
  5.470266605E-01  5.852364307E-01  6.061171331E-01  6.121810946E-01  6.089135876E-01
  6.010862362E-01  5.921646055E-01  5.855570878E-01  6.311305097E-01  6.325139494E-01
  6.352285816E-01  6.385407545E-01  6.377607652E-01  6.304963463E-01  6.121810946E-01
  5.769043323E-01  5.215708421E-01  4.387930251E-01  3.270338872E-01  1.827960493E-01
  5.220628279E-04 -1.975575842E-01 -3.850803980E-01 -5.518762112E-01 -6.862351735E-01
 -7.749803994E-01 -8.058333094E-01 -7.749803994E-01 -6.862351735E-01 -5.518762112E-01
 -3.850803980E-01 -1.975575842E-01  5.220628279E-04  1.827960493E-01  3.270338872E-01
  4.387930251E-01  5.215708421E-01  5.769043323E-01  6.121810946E-01  6.304963463E-01
  6.377607652E-01  6.385407545E-01  6.352285816E-01  6.325139494E-01  6.599785041E-01
  6.608142636E-01  6.607162101E-01  6.594174769E-01  6.526191110E-01  6.377607652E-01
  6.089135876E-01  5.612744852E-01  4.889991405E-01  3.849189583E-01  2.466877109E-01
  6.150367730E-02 -1.600997474E-01 -3.850807493E-01 -6.021773465E-01 -8.039090315E-01
 -9.656651869E-01 -1.069136702E+00 -1.104839175E+00 -1.069136702E+00 -9.656651869E-01
 -8.039090315E-01 -6.021773465E-01 -3.850807493E-01 -1.600997474E-01  6.150367730E-02
  2.466877109E-01  3.849189583E-01  4.889991405E-01  5.612744852E-01  6.089135876E-01
  6.377607652E-01  6.526191110E-01  6.594174769E-01  6.607162101E-01  6.608142636E-01
  6.771332405E-01  6.772746364E-01  6.751101938E-01  6.704879688E-01  6.594174769E-01
  6.385407545E-01  6.010862362E-01  5.432129067E-01  4.561065964E-01  3.337707388E-01
  1.683547389E-01 -5.265492146E-02 -3.004943228E-01 -5.518768588E-01 -8.039093290E-01
 -1.033770203E+00 -1.211880702E+00 -1.323253621E+00 -1.361252216E+00 -1.323253621E+00
 -1.211880702E+00 -1.033770203E+00 -8.039093290E-01 -5.518768588E-01 -3.004943228E-01
 -5.265492146E-02  1.683547389E-01  3.337707388E-01  4.561065964E-01  5.432129067E-01
  6.010862362E-01  6.385407545E-01  6.594174769E-01  6.704879688E-01  6.751101938E-01
  6.772746364E-01  6.860733512E-01  6.852587261E-01  6.817409592E-01  6.751101938E-01
  6.607162101E-01  6.352285816E-01  5.921646055E-01  5.267206914E-01  4.279618144E-01
  2.906842275E-01  1.019061382E-01 -1.437167103E-01 -4.097403605E-01 -6.862360463E-01
 -9.656657110E-01 -1.211880929E+00 -1.399424671E+00 -1.518363192E+00 -1.559780235E+00
 -1.518363192E+00 -1.399424671E+00 -1.211880929E+00 -9.656657110E-01 -6.862360463E-01
 -4.097403605E-01 -1.437167103E-01  1.019061382E-01  2.906842275E-01  4.279618144E-01
  5.267206914E-01  5.921646055E-01  6.352285816E-01  6.607162101E-01  6.751101938E-01
  6.817409592E-01  6.852587261E-01  6.897188929E-01  6.888373897E-01  6.852587261E-01
  6.772746364E-01  6.608142636E-01  6.325139494E-01  5.855570878E-01  5.147184734E-01
  4.088899137E-01  2.621890136E-01  5.754228787E-02 -2.024506233E-01 -4.806523575E-01
 -7.749814131E-01 -1.069137368E+00 -1.323253991E+00 -1.518363334E+00 -1.644280231E+00
 -1.688402924E+00 -1.644280231E+00 -1.518363334E+00 -1.323253991E+00 -1.069137368E+00
 -7.749814131E-01 -4.806523575E-01 -2.024506233E-01  5.754228787E-02  2.621890136E-01
  4.088899137E-01  5.147184734E-01  5.855570878E-01  6.325139494E-01  6.608142636E-01
  6.772746364E-01  6.852587261E-01  6.888373897E-01  6.400138627E-01  6.399527366E-01
  6.396901286E-01  6.383677248E-01  6.311296958E-01  6.145815601E-01  5.807001225E-01
  5.267682238E-01  4.435081912E-01  3.237249715E-01  1.603538286E-01 -5.828203868E-02
 -3.043884527E-01 -5.543694518E-01 -8.058343710E-01 -1.034753749E+00 -1.212570293E+00
 -1.324072744E+00 -1.361357095E+00 -1.324072744E+00 -1.212570293E+00 -1.034753749E+00
 -8.058343710E-01 -5.543694518E-01 -3.043884527E-01 -5.828203868E-02  1.603538286E-01
  3.237249715E-01  4.435081912E-01  5.267682238E-01  5.807001225E-01  6.145815601E-01
  6.311296958E-01  6.383677248E-01  6.396901286E-01  6.399527366E-01  6.399527366E-01
  6.405913461E-01  6.410112022E-01  6.398913038E-01  6.325131386E-01  6.161907777E-01
  5.835224405E-01  5.304706386E-01  4.490893949E-01  3.325358382E-01  1.735637546E-01
 -4.040295261E-02 -2.834114132E-01 -5.288403691E-01 -7.749814131E-01 -1.000858334E+00
 -1.176249670E+00 -1.286580791E+00 -1.324072690E+00 -1.286580791E+00 -1.176249670E+00
 -1.000858334E+00 -7.749814131E-01 -5.288403691E-01 -2.834114132E-01 -4.040295261E-02
  1.735637546E-01  3.325358382E-01  4.490893949E-01  5.304706386E-01  5.835224405E-01
  6.161907777E-01  6.325131386E-01  6.398913038E-01  6.410112022E-01  6.405913461E-01
  6.396901286E-01  6.410112022E-01  6.417195110E-01  6.412119310E-01  6.352277801E-01
  6.206044075E-01  5.911379329E-01  5.418739242E-01  4.662472037E-01  3.567280608E-01
  2.090173814E-01  1.077894123E-02 -2.212747750E-01 -4.557748296E-01 -6.862360463E-01
 -9.000162389E-01 -1.069231125E+00 -1.176249512E+00 -1.212570083E+00 -1.176249512E+00
 -1.069231125E+00 -9.000162389E-01 -6.862360463E-01 -4.557748296E-01 -2.212747750E-01
  1.077894123E-02  2.090173814E-01  3.567280608E-01  4.662472037E-01  5.418739242E-01
  5.911379329E-01  6.206044075E-01  6.352277801E-01  6.412119310E-01  6.417195110E-01
  6.410112022E-01  6.383677248E-01  6.398913038E-01  6.412119310E-01  6.421857094E-01
  6.385399685E-01  6.266508537E-01  6.013828123E-01  5.582766680E-01  4.922366968E-01
  3.941438290E-01  2.626636704E-01  8.880969342E-02 -1.235721970E-01 -3.430918901E-01
 -5.518768588E-01 -7.436309875E-01 -9.000159885E-01 -1.000857927E+00 -1.034753288E+00
 -1.000857927E+00 -9.000159885E-01 -7.436309875E-01 -5.518768588E-01 -3.430918901E-01
 -1.235721970E-01  8.880969342E-02  2.626636704E-01  3.941438290E-01  4.922366968E-01
  5.582766680E-01  6.013828123E-01  6.266508537E-01  6.385399685E-01  6.421857094E-01
  6.412119310E-01  6.398913038E-01  6.311296958E-01  6.325131386E-01  6.352277801E-01
  6.385399685E-01  6.377600010E-01  6.304956102E-01  6.121803922E-01  5.769036690E-01
  5.215702221E-01  4.387924512E-01  3.270333610E-01  1.827955707E-01  5.216302035E-04
 -1.975579739E-01 -3.850807493E-01 -5.518765302E-01 -6.862354678E-01 -7.749806781E-01
 -8.058335827E-01 -7.749806781E-01 -6.862354678E-01 -5.518765302E-01 -3.850807493E-01
 -1.975579739E-01  5.216302035E-04  1.827955707E-01  3.270333610E-01  4.387924512E-01
  5.215702221E-01  5.769036690E-01  6.121803922E-01  6.304956102E-01  6.377600010E-01
  6.385399685E-01  6.352277801E-01  6.325131386E-01  6.145815601E-01  6.161907777E-01
  6.206044075E-01  6.266508537E-01  6.304956102E-01  6.290436171E-01  6.187454550E-01
  5.939375243E-01  5.510143709E-01  4.854257922E-01  3.937773814E-01  2.788315801E-01
  1.346179523E-01 -3.211935375E-02 -1.975575842E-01 -3.430911731E-01 -4.557738643E-01
 -5.288392486E-01 -5.543682786E-01 -5.288392486E-01 -4.557738643E-01 -3.430911731E-01
 -1.975575842E-01 -3.211935375E-02  1.346179523E-01  2.788315801E-01  3.937773814E-01
  4.854257922E-01  5.510143709E-01  5.939375243E-01  6.187454550E-01  6.290436171E-01
  6.304956102E-01  6.266508537E-01  6.206044075E-01  6.161907777E-01  5.807001225E-01
  5.835224405E-01  5.911379329E-01  6.013828123E-01  6.121803922E-01  6.187454550E-01
  6.171321541E-01  6.041586330E-01  5.750333009E-01  5.286011273E-01  4.594274033E-01
  3.692291541E-01  2.609602043E-01  1.346183869E-01  5.224523235E-04 -1.235710509E-01
 -2.212733839E-01 -2.834098694E-01 -3.043868570E-01 -2.834098694E-01 -2.212733839E-01
 -1.235710509E-01  5.224523235E-04  1.346183869E-01  2.609602043E-01  3.692291541E-01
  4.594274033E-01  5.286011273E-01  5.750333009E-01  6.041586330E-01  6.171321541E-01
  6.187454550E-01  6.121803922E-01  6.013828123E-01  5.911379329E-01  5.835224405E-01
  5.267682238E-01  5.304706386E-01  5.418739242E-01  5.582766680E-01  5.769036690E-01
  5.939375243E-01  6.041586330E-01  6.050405294E-01  5.907997666E-01  5.613251287E-01
  5.155020205E-01  4.499960819E-01  3.692296197E-01  2.788324775E-01  1.827968509E-01
  8.881129200E-02  1.078077944E-02 -4.040096534E-02 -5.828000080E-02 -4.040096534E-02
  1.078077944E-02  8.881129200E-02  1.827968509E-01  2.788324775E-01  3.692296197E-01
  4.499960819E-01  5.155020205E-01  5.613251287E-01  5.907997666E-01  6.050405294E-01
  6.041586330E-01  5.939375243E-01  5.769036690E-01  5.582766680E-01  5.418739242E-01
  5.304706386E-01  4.435081912E-01  4.490893949E-01  4.662472037E-01  4.922366968E-01
  5.215702221E-01  5.510143709E-01  5.750333009E-01  5.907997666E-01  5.951056698E-01
  5.832358977E-01  5.565175250E-01  5.155025057E-01  4.594283511E-01  3.937787553E-01
  3.270351103E-01  2.626657302E-01  2.090196739E-01  1.735661912E-01  1.603563142E-01
  1.735661912E-01  2.090196739E-01  2.626657302E-01  3.270351103E-01  3.937787553E-01
  4.594283511E-01  5.155025057E-01  5.565175250E-01  5.832358977E-01  5.951056698E-01
  5.907997666E-01  5.750333009E-01  5.510143709E-01  5.215702221E-01  4.922366968E-01
  4.662472037E-01  4.490893949E-01  3.237249715E-01  3.325358382E-01  3.567280608E-01
  3.941438290E-01  4.387924512E-01  4.854257922E-01  5.286011273E-01  5.613251287E-01
  5.832358977E-01  5.915789939E-01  5.832363924E-01  5.613261054E-01  5.286025605E-01
  4.854276432E-01  4.387946680E-01  3.941463467E-01  3.567308029E-01  3.325387189E-01
  3.237278992E-01  3.325387189E-01  3.567308029E-01  3.941463467E-01  4.387946680E-01
  4.854276432E-01  5.286025605E-01  5.613261054E-01  5.832363924E-01  5.915789939E-01
  5.832358977E-01  5.613251287E-01  5.286011273E-01  4.854257922E-01  4.387924512E-01
  3.941438290E-01  3.567280608E-01  3.325358382E-01  1.603538286E-01  1.735637546E-01
  2.090173814E-01  2.626636704E-01  3.270333610E-01  3.937773814E-01  4.594274033E-01
  5.155020205E-01  5.565175250E-01  5.832363924E-01  5.951066559E-01  5.908012286E-01
  5.750352106E-01  5.510166879E-01  5.215728936E-01  4.922396583E-01  4.662503806E-01
  4.490927045E-01  4.435115456E-01  4.490927045E-01  4.662503806E-01  4.922396583E-01
  5.215728936E-01  5.510166879E-01  5.750352106E-01  5.908012286E-01  5.951066559E-01
  5.832363924E-01  5.565175250E-01  5.155020205E-01  4.594274033E-01  3.937773814E-01
  3.270333610E-01  2.626636704E-01  2.090173814E-01  1.735637546E-01 -5.828203868E-02
 -4.040295261E-02  1.077894123E-02  8.880969342E-02  1.827955707E-01  2.788315801E-01
  3.692291541E-01  4.499960819E-01  5.155025057E-01  5.613261054E-01  5.908012286E-01
  6.050424583E-01  6.041609988E-01  5.939402851E-01  5.769067719E-01  5.582800495E-01
  5.418775118E-01  5.304743528E-01  5.267719807E-01  5.304743528E-01  5.418775118E-01
  5.582800495E-01  5.769067719E-01  5.939402851E-01  6.041609988E-01  6.050424583E-01
  5.908012286E-01  5.613261054E-01  5.155025057E-01  4.499960819E-01  3.692291541E-01
  2.788315801E-01  1.827955707E-01  8.880969342E-02  1.077894123E-02 -4.040295261E-02
 -3.043884527E-01 -2.834114132E-01 -2.212747750E-01 -1.235721970E-01  5.216302035E-04
  1.346179523E-01  2.609602043E-01  3.692296197E-01  4.594283511E-01  5.286025605E-01
  5.750352106E-01  6.041609988E-01  6.171349442E-01  6.187486269E-01  6.121838934E-01
  6.013865805E-01  5.911418979E-01  5.835265263E-01  5.807042489E-01  5.835265263E-01
  5.911418979E-01  6.013865805E-01  6.121838934E-01  6.187486269E-01  6.171349442E-01
  6.041609988E-01  5.750352106E-01  5.286025605E-01  4.594283511E-01  3.692296197E-01
  2.609602043E-01  1.346179523E-01  5.216302035E-04 -1.235721970E-01 -2.212747750E-01
 -2.834114132E-01 -5.543694518E-01 -5.288403691E-01 -4.557748296E-01 -3.430918901E-01
 -1.975579739E-01 -3.211935375E-02  1.346183869E-01  2.788324775E-01  3.937787553E-01
  4.854276432E-01  5.510166879E-01  5.939402851E-01  6.187486269E-01  6.290471575E-01
  6.304994670E-01  6.266549664E-01  6.206087084E-01  6.161951936E-01  6.145860147E-01
  6.161951936E-01  6.206087084E-01  6.266549664E-01  6.304994670E-01  6.290471575E-01
  6.187486269E-01  5.939402851E-01  5.510166879E-01  4.854276432E-01  3.937787553E-01
  2.788324775E-01  1.346183869E-01 -3.211935375E-02 -1.975579739E-01 -3.430918901E-01
 -4.557748296E-01 -5.288403691E-01 -8.058343710E-01 -7.749814131E-01 -6.862360463E-01
 -5.518768588E-01 -3.850807493E-01 -1.975575842E-01  5.224523235E-04  1.827968509E-01
  3.270351103E-01  4.387946680E-01  5.215728936E-01  5.769067719E-01  6.121838934E-01
  6.304994670E-01  6.377641624E-01  6.385443755E-01  6.352323673E-01  6.325178359E-01
  6.311344301E-01  6.325178359E-01  6.352323673E-01  6.385443755E-01  6.377641624E-01
  6.304994670E-01  6.121838934E-01  5.769067719E-01  5.215728936E-01  4.387946680E-01
  3.270351103E-01  1.827968509E-01  5.224523235E-04 -1.975575842E-01 -3.850807493E-01
 -5.518768588E-01 -6.862360463E-01 -7.749814131E-01 -1.034753749E+00 -1.000858334E+00
 -9.000162389E-01 -7.436309875E-01 -5.518765302E-01 -3.430911731E-01 -1.235710509E-01
  8.881129200E-02  2.626657302E-01  3.941463467E-01  4.922396583E-01  5.582800495E-01
  6.013865805E-01  6.266549664E-01  6.385443755E-01  6.421903533E-01  6.412167484E-01
  6.398962269E-01  6.383726835E-01  6.398962269E-01  6.412167484E-01  6.421903533E-01
  6.385443755E-01  6.266549664E-01  6.013865805E-01  5.582800495E-01  4.922396583E-01
  3.941463467E-01  2.626657302E-01  8.881129200E-02 -1.235710509E-01 -3.430911731E-01
 -5.518765302E-01 -7.436309875E-01 -9.000162389E-01 -1.000858334E+00 -1.212570293E+00
 -1.176249670E+00 -1.069231125E+00 -9.000159885E-01 -6.862354678E-01 -4.557738643E-01
 -2.212733839E-01  1.078077944E-02  2.090196739E-01  3.567308029E-01  4.662503806E-01
  5.418775118E-01  5.911418979E-01  6.206087084E-01  6.352323673E-01  6.412167484E-01
  6.417244968E-01  6.410162905E-01  6.396952514E-01  6.410162905E-01  6.417244968E-01
  6.412167484E-01  6.352323673E-01  6.206087084E-01  5.911418979E-01  5.418775118E-01
  4.662503806E-01  3.567308029E-01  2.090196739E-01  1.078077944E-02 -2.212733839E-01
 -4.557738643E-01 -6.862354678E-01 -9.000159885E-01 -1.069231125E+00 -1.176249670E+00
 -1.324072744E+00 -1.286580791E+00 -1.176249512E+00 -1.000857927E+00 -7.749806781E-01
 -5.288392486E-01 -2.834098694E-01 -4.040096534E-02  1.735661912E-01  3.325387189E-01
  4.490927045E-01  5.304743528E-01  5.835265263E-01  6.161951936E-01  6.325178359E-01
  6.398962269E-01  6.410162905E-01  6.405965350E-01  6.399579592E-01  6.405965350E-01
  6.410162905E-01  6.398962269E-01  6.325178359E-01  6.161951936E-01  5.835265263E-01
  5.304743528E-01  4.490927045E-01  3.325387189E-01  1.735661912E-01 -4.040096534E-02
 -2.834098694E-01 -5.288392486E-01 -7.749806781E-01 -1.000857927E+00 -1.176249512E+00
 -1.286580791E+00 -1.361357095E+00 -1.324072690E+00 -1.212570083E+00 -1.034753288E+00
 -8.058335827E-01 -5.543682786E-01 -3.043868570E-01 -5.828000080E-02  1.603563142E-01
  3.237278992E-01  4.435115456E-01  5.267719807E-01  5.807042489E-01  6.145860147E-01
  6.311344301E-01  6.383726835E-01  6.396952514E-01  6.399579592E-01  6.400191188E-01
  6.399579592E-01  6.396952514E-01  6.383726835E-01  6.311344301E-01  6.145860147E-01
  5.807042489E-01  5.267719807E-01  4.435115456E-01  3.237278992E-01  1.603563142E-01
 -5.828000080E-02 -3.043868570E-01 -5.543682786E-01 -8.058335827E-01 -1.034753288E+00
 -1.212570083E+00 -1.324072690E+00 -1.324072744E+00 -1.286580791E+00 -1.176249512E+00
 -1.000857927E+00 -7.749806781E-01 -5.288392486E-01 -2.834098694E-01 -4.040096534E-02
  1.735661912E-01  3.325387189E-01  4.490927045E-01  5.304743528E-01  5.835265263E-01
  6.161951936E-01  6.325178359E-01  6.398962269E-01  6.410162905E-01  6.405965350E-01
  6.399579592E-01  6.405965350E-01  6.410162905E-01  6.398962269E-01  6.325178359E-01
  6.161951936E-01  5.835265263E-01  5.304743528E-01  4.490927045E-01  3.325387189E-01
  1.735661912E-01 -4.040096534E-02 -2.834098694E-01 -5.288392486E-01 -7.749806781E-01
 -1.000857927E+00 -1.176249512E+00 -1.286580791E+00 -1.212570293E+00 -1.176249670E+00
 -1.069231125E+00 -9.000159885E-01 -6.862354678E-01 -4.557738643E-01 -2.212733839E-01
  1.078077944E-02  2.090196739E-01  3.567308029E-01  4.662503806E-01  5.418775118E-01
  5.911418979E-01  6.206087084E-01  6.352323673E-01  6.412167484E-01  6.417244968E-01
  6.410162905E-01  6.396952514E-01  6.410162905E-01  6.417244968E-01  6.412167484E-01
  6.352323673E-01  6.206087084E-01  5.911418979E-01  5.418775118E-01  4.662503806E-01
  3.567308029E-01  2.090196739E-01  1.078077944E-02 -2.212733839E-01 -4.557738643E-01
 -6.862354678E-01 -9.000159885E-01 -1.069231125E+00 -1.176249670E+00 -1.034753749E+00
 -1.000858334E+00 -9.000162389E-01 -7.436309875E-01 -5.518765302E-01 -3.430911731E-01
 -1.235710509E-01  8.881129200E-02  2.626657302E-01  3.941463467E-01  4.922396583E-01
  5.582800495E-01  6.013865805E-01  6.266549664E-01  6.385443755E-01  6.421903533E-01
  6.412167484E-01  6.398962269E-01  6.383726835E-01  6.398962269E-01  6.412167484E-01
  6.421903533E-01  6.385443755E-01  6.266549664E-01  6.013865805E-01  5.582800495E-01
  4.922396583E-01  3.941463467E-01  2.626657302E-01  8.881129200E-02 -1.235710509E-01
 -3.430911731E-01 -5.518765302E-01 -7.436309875E-01 -9.000162389E-01 -1.000858334E+00
 -8.058343710E-01 -7.749814131E-01 -6.862360463E-01 -5.518768588E-01 -3.850807493E-01
 -1.975575842E-01  5.224523235E-04  1.827968509E-01  3.270351103E-01  4.387946680E-01
  5.215728936E-01  5.769067719E-01  6.121838934E-01  6.304994670E-01  6.377641624E-01
  6.385443755E-01  6.352323673E-01  6.325178359E-01  6.311344301E-01  6.325178359E-01
  6.352323673E-01  6.385443755E-01  6.377641624E-01  6.304994670E-01  6.121838934E-01
  5.769067719E-01  5.215728936E-01  4.387946680E-01  3.270351103E-01  1.827968509E-01
  5.224523235E-04 -1.975575842E-01 -3.850807493E-01 -5.518768588E-01 -6.862360463E-01
 -7.749814131E-01 -5.543694518E-01 -5.288403691E-01 -4.557748296E-01 -3.430918901E-01
 -1.975579739E-01 -3.211935375E-02  1.346183869E-01  2.788324775E-01  3.937787553E-01
  4.854276432E-01  5.510166879E-01  5.939402851E-01  6.187486269E-01  6.290471575E-01
  6.304994670E-01  6.266549664E-01  6.206087084E-01  6.161951936E-01  6.145860147E-01
  6.161951936E-01  6.206087084E-01  6.266549664E-01  6.304994670E-01  6.290471575E-01
  6.187486269E-01  5.939402851E-01  5.510166879E-01  4.854276432E-01  3.937787553E-01
  2.788324775E-01  1.346183869E-01 -3.211935375E-02 -1.975579739E-01 -3.430918901E-01
 -4.557748296E-01 -5.288403691E-01 -3.043884527E-01 -2.834114132E-01 -2.212747750E-01
 -1.235721970E-01  5.216302035E-04  1.346179523E-01  2.609602043E-01  3.692296197E-01
  4.594283511E-01  5.286025605E-01  5.750352106E-01  6.041609988E-01  6.171349442E-01
  6.187486269E-01  6.121838934E-01  6.013865805E-01  5.911418979E-01  5.835265263E-01
  5.807042489E-01  5.835265263E-01  5.911418979E-01  6.013865805E-01  6.121838934E-01
  6.187486269E-01  6.171349442E-01  6.041609988E-01  5.750352106E-01  5.286025605E-01
  4.594283511E-01  3.692296197E-01  2.609602043E-01  1.346179523E-01  5.216302035E-04
 -1.235721970E-01 -2.212747750E-01 -2.834114132E-01 -5.828203868E-02 -4.040295261E-02
  1.077894123E-02  8.880969342E-02  1.827955707E-01  2.788315801E-01  3.692291541E-01
  4.499960819E-01  5.155025057E-01  5.613261054E-01  5.908012286E-01  6.050424583E-01
  6.041609988E-01  5.939402851E-01  5.769067719E-01  5.582800495E-01  5.418775118E-01
  5.304743528E-01  5.267719807E-01  5.304743528E-01  5.418775118E-01  5.582800495E-01
  5.769067719E-01  5.939402851E-01  6.041609988E-01  6.050424583E-01  5.908012286E-01
  5.613261054E-01  5.155025057E-01  4.499960819E-01  3.692291541E-01  2.788315801E-01
  1.827955707E-01  8.880969342E-02  1.077894123E-02 -4.040295261E-02  1.603538286E-01
  1.735637546E-01  2.090173814E-01  2.626636704E-01  3.270333610E-01  3.937773814E-01
  4.594274033E-01  5.155020205E-01  5.565175250E-01  5.832363924E-01  5.951066559E-01
  5.908012286E-01  5.750352106E-01  5.510166879E-01  5.215728936E-01  4.922396583E-01
  4.662503806E-01  4.490927045E-01  4.435115456E-01  4.490927045E-01  4.662503806E-01
  4.922396583E-01  5.215728936E-01  5.510166879E-01  5.750352106E-01  5.908012286E-01
  5.951066559E-01  5.832363924E-01  5.565175250E-01  5.155020205E-01  4.594274033E-01
  3.937773814E-01  3.270333610E-01  2.626636704E-01  2.090173814E-01  1.735637546E-01
  3.237249715E-01  3.325358382E-01  3.567280608E-01  3.941438290E-01  4.387924512E-01
  4.854257922E-01  5.286011273E-01  5.613251287E-01  5.832358977E-01  5.915789939E-01
  5.832363924E-01  5.613261054E-01  5.286025605E-01  4.854276432E-01  4.387946680E-01
  3.941463467E-01  3.567308029E-01  3.325387189E-01  3.237278992E-01  3.325387189E-01
  3.567308029E-01  3.941463467E-01  4.387946680E-01  4.854276432E-01  5.286025605E-01
  5.613261054E-01  5.832363924E-01  5.915789939E-01  5.832358977E-01  5.613251287E-01
  5.286011273E-01  4.854257922E-01  4.387924512E-01  3.941438290E-01  3.567280608E-01
  3.325358382E-01  4.435081912E-01  4.490893949E-01  4.662472037E-01  4.922366968E-01
  5.215702221E-01  5.510143709E-01  5.750333009E-01  5.907997666E-01  5.951056698E-01
  5.832358977E-01  5.565175250E-01  5.155025057E-01  4.594283511E-01  3.937787553E-01
  3.270351103E-01  2.626657302E-01  2.090196739E-01  1.735661912E-01  1.603563142E-01
  1.735661912E-01  2.090196739E-01  2.626657302E-01  3.270351103E-01  3.937787553E-01
  4.594283511E-01  5.155025057E-01  5.565175250E-01  5.832358977E-01  5.951056698E-01
  5.907997666E-01  5.750333009E-01  5.510143709E-01  5.215702221E-01  4.922366968E-01
  4.662472037E-01  4.490893949E-01  5.267682238E-01  5.304706386E-01  5.418739242E-01
  5.582766680E-01  5.769036690E-01  5.939375243E-01  6.041586330E-01  6.050405294E-01
  5.907997666E-01  5.613251287E-01  5.155020205E-01  4.499960819E-01  3.692296197E-01
  2.788324775E-01  1.827968509E-01  8.881129200E-02  1.078077944E-02 -4.040096534E-02
 -5.828000080E-02 -4.040096534E-02  1.078077944E-02  8.881129200E-02  1.827968509E-01
  2.788324775E-01  3.692296197E-01  4.499960819E-01  5.155020205E-01  5.613251287E-01
  5.907997666E-01  6.050405294E-01  6.041586330E-01  5.939375243E-01  5.769036690E-01
  5.582766680E-01  5.418739242E-01  5.304706386E-01  5.807001225E-01  5.835224405E-01
  5.911379329E-01  6.013828123E-01  6.121803922E-01  6.187454550E-01  6.171321541E-01
  6.041586330E-01  5.750333009E-01  5.286011273E-01  4.594274033E-01  3.692291541E-01
  2.609602043E-01  1.346183869E-01  5.224523235E-04 -1.235710509E-01 -2.212733839E-01
 -2.834098694E-01 -3.043868570E-01 -2.834098694E-01 -2.212733839E-01 -1.235710509E-01
  5.224523235E-04  1.346183869E-01  2.609602043E-01  3.692291541E-01  4.594274033E-01
  5.286011273E-01  5.750333009E-01  6.041586330E-01  6.171321541E-01  6.187454550E-01
  6.121803922E-01  6.013828123E-01  5.911379329E-01  5.835224405E-01  6.145815601E-01
  6.161907777E-01  6.206044075E-01  6.266508537E-01  6.304956102E-01  6.290436171E-01
  6.187454550E-01  5.939375243E-01  5.510143709E-01  4.854257922E-01  3.937773814E-01
  2.788315801E-01  1.346179523E-01 -3.211935375E-02 -1.975575842E-01 -3.430911731E-01
 -4.557738643E-01 -5.288392486E-01 -5.543682786E-01 -5.288392486E-01 -4.557738643E-01
 -3.430911731E-01 -1.975575842E-01 -3.211935375E-02  1.346179523E-01  2.788315801E-01
  3.937773814E-01  4.854257922E-01  5.510143709E-01  5.939375243E-01  6.187454550E-01
  6.290436171E-01  6.304956102E-01  6.266508537E-01  6.206044075E-01  6.161907777E-01
  6.311296958E-01  6.325131386E-01  6.352277801E-01  6.385399685E-01  6.377600010E-01
  6.304956102E-01  6.121803922E-01  5.769036690E-01  5.215702221E-01  4.387924512E-01
  3.270333610E-01  1.827955707E-01  5.216302035E-04 -1.975579739E-01 -3.850807493E-01
 -5.518765302E-01 -6.862354678E-01 -7.749806781E-01 -8.058335827E-01 -7.749806781E-01
 -6.862354678E-01 -5.518765302E-01 -3.850807493E-01 -1.975579739E-01  5.216302035E-04
  1.827955707E-01  3.270333610E-01  4.387924512E-01  5.215702221E-01  5.769036690E-01
  6.121803922E-01  6.304956102E-01  6.377600010E-01  6.385399685E-01  6.352277801E-01
  6.325131386E-01  6.383677248E-01  6.398913038E-01  6.412119310E-01  6.421857094E-01
  6.385399685E-01  6.266508537E-01  6.013828123E-01  5.582766680E-01  4.922366968E-01
  3.941438290E-01  2.626636704E-01  8.880969342E-02 -1.235721970E-01 -3.430918901E-01
 -5.518768588E-01 -7.436309875E-01 -9.000159885E-01 -1.000857927E+00 -1.034753288E+00
 -1.000857927E+00 -9.000159885E-01 -7.436309875E-01 -5.518768588E-01 -3.430918901E-01
 -1.235721970E-01  8.880969342E-02  2.626636704E-01  3.941438290E-01  4.922366968E-01
  5.582766680E-01  6.013828123E-01  6.266508537E-01  6.385399685E-01  6.421857094E-01
  6.412119310E-01  6.398913038E-01  6.396901286E-01  6.410112022E-01  6.417195110E-01
  6.412119310E-01  6.352277801E-01  6.206044075E-01  5.911379329E-01  5.418739242E-01
  4.662472037E-01  3.567280608E-01  2.090173814E-01  1.077894123E-02 -2.212747750E-01
 -4.557748296E-01 -6.862360463E-01 -9.000162389E-01 -1.069231125E+00 -1.176249512E+00
 -1.212570083E+00 -1.176249512E+00 -1.069231125E+00 -9.000162389E-01 -6.862360463E-01
 -4.557748296E-01 -2.212747750E-01  1.077894123E-02  2.090173814E-01  3.567280608E-01
  4.662472037E-01  5.418739242E-01  5.911379329E-01  6.206044075E-01  6.352277801E-01
  6.412119310E-01  6.417195110E-01  6.410112022E-01  6.399527366E-01  6.405913461E-01
  6.410112022E-01  6.398913038E-01  6.325131386E-01  6.161907777E-01  5.835224405E-01
  5.304706386E-01  4.490893949E-01  3.325358382E-01  1.735637546E-01 -4.040295261E-02
 -2.834114132E-01 -5.288403691E-01 -7.749814131E-01 -1.000858334E+00 -1.176249670E+00
 -1.286580791E+00 -1.324072690E+00 -1.286580791E+00 -1.176249670E+00 -1.000858334E+00
 -7.749814131E-01 -5.288403691E-01 -2.834114132E-01 -4.040295261E-02  1.735637546E-01
  3.325358382E-01  4.490893949E-01  5.304706386E-01  5.835224405E-01  6.161907777E-01
  6.325131386E-01  6.398913038E-01  6.410112022E-01  6.405913461E-01  5.639310608E-01
  5.661800925E-01  5.716529622E-01  5.790249001E-01  5.831489080E-01  5.806991755E-01
  5.656741731E-01  5.328806718E-01  4.760104264E-01  3.880769172E-01  2.683809549E-01
  1.073443446E-01 -9.340790021E-02 -3.043884527E-01 -5.044897060E-01 -6.868684975E-01
 -8.367451133E-01 -9.341334192E-01 -9.667490064E-01 -9.341334192E-01 -8.367451133E-01
 -6.868684975E-01 -5.044897060E-01 -3.043884527E-01 -9.340790021E-02  1.073443446E-01
  2.683809549E-01  3.880769172E-01  4.760104264E-01  5.328806718E-01  5.656741731E-01
  5.806991755E-01  5.831489080E-01  5.790249001E-01  5.716529622E-01  5.661800925E-01
  5.661800925E-01  5.687413443E-01  5.742996569E-01  5.815074720E-01  5.855553338E-01
  5.835214972E-01  5.694729312E-01  5.369437581E-01  4.815459053E-01  3.961706365E-01
  2.788031065E-01  1.215136962E-01 -7.548126579E-02 -2.834114132E-01 -4.806523575E-01
 -6.597527557E-01 -8.056005323E-01 -9.012680913E-01 -9.341333604E-01 -9.012680913E-01
 -8.056005323E-01 -6.597527557E-01 -4.806523575E-01 -2.834114132E-01 -7.548126579E-02
  1.215136962E-01  2.788031065E-01  3.961706365E-01  4.815459053E-01  5.369437581E-01
  5.694729312E-01  5.835214972E-01  5.855553338E-01  5.815074720E-01  5.742996569E-01
  5.687413443E-01  5.716529622E-01  5.742996569E-01  5.796053951E-01  5.870868806E-01
  5.921628717E-01  5.911370005E-01  5.789885157E-01  5.485021680E-01  4.969904397E-01
  4.173140539E-01  3.070318223E-01  1.619328747E-01 -2.233944174E-02 -2.212747750E-01
 -4.097403605E-01 -5.785180011E-01 -7.152737836E-01 -8.056003599E-01 -8.367448822E-01
 -8.056003599E-01 -7.152737836E-01 -5.785180011E-01 -4.097403605E-01 -2.212747750E-01
 -2.233944174E-02  1.619328747E-01  3.070318223E-01  4.173140539E-01  4.969904397E-01
  5.485021680E-01  5.789885157E-01  5.911370005E-01  5.921628717E-01  5.870868806E-01
  5.796053951E-01  5.742996569E-01  5.790249001E-01  5.815074720E-01  5.870868806E-01
  5.950297479E-01  6.010845365E-01  6.013818985E-01  5.917345906E-01  5.656523845E-01
  5.202352032E-01  4.494343644E-01  3.500760711E-01  2.220893902E-01  5.966017755E-02
 -1.235721970E-01 -3.004943228E-01 -4.548268869E-01 -5.785177258E-01 -6.597523081E-01
 -6.868679913E-01 -6.597523081E-01 -5.785177258E-01 -4.548268869E-01 -3.004943228E-01
 -1.235721970E-01  5.966017755E-02  2.220893902E-01  3.500760711E-01  4.494343644E-01
  5.202352032E-01  5.656523845E-01  5.917345906E-01  6.013818985E-01  6.010845365E-01
  5.950297479E-01  5.870868806E-01  5.815074720E-01  5.831489080E-01  5.855553338E-01
  5.921628717E-01  6.010845365E-01  6.089119358E-01  6.121795047E-01  6.061156183E-01
  5.852350025E-01  5.470253285E-01  4.885129736E-01  4.034766538E-01  2.937987846E-01
  1.585592851E-01  5.216302035E-04 -1.600997474E-01 -3.004939601E-01 -4.097397231E-01
 -4.806515484E-01 -5.044888385E-01 -4.806515484E-01 -4.097397231E-01 -3.004939601E-01
 -1.600997474E-01  5.216302035E-04  1.585592851E-01  2.937987846E-01  4.034766538E-01
  4.885129736E-01  5.470253285E-01  5.852350025E-01  6.061156183E-01  6.121795047E-01
  6.089119358E-01  6.010845365E-01  5.921628717E-01  5.855553338E-01  5.806991755E-01
  5.835214972E-01  5.911370005E-01  6.013818985E-01  6.121795047E-01  6.187446012E-01
  6.171313413E-01  6.041578677E-01  5.750325882E-01  5.286004708E-01  4.594268047E-01
  3.692286131E-01  2.609597186E-01  1.346179523E-01  5.220628279E-04 -1.235714030E-01
 -2.212737080E-01 -2.834101759E-01 -3.043871576E-01 -2.834101759E-01 -2.212737080E-01
 -1.235714030E-01  5.220628279E-04  1.346179523E-01  2.609597186E-01  3.692286131E-01
  4.594268047E-01  5.286004708E-01  5.750325882E-01  6.041578677E-01  6.171313413E-01
  6.187446012E-01  6.121795047E-01  6.013818985E-01  5.911370005E-01  5.835214972E-01
  5.656741731E-01  5.694729312E-01  5.789885157E-01  5.917345906E-01  6.061156183E-01
  6.171313413E-01  6.216959174E-01  6.178683160E-01  5.993483108E-01  5.649890027E-01
  5.125942181E-01  4.423740817E-01  3.576134610E-01  2.609602043E-01  1.585602014E-01
  5.966145204E-02 -2.233789755E-02 -7.547955377E-02 -9.340613120E-02 -7.547955377E-02
 -2.233789755E-02  5.966145204E-02  1.585602014E-01  2.609602043E-01  3.576134610E-01
  4.423740817E-01  5.125942181E-01  5.649890027E-01  5.993483108E-01  6.178683160E-01
  6.216959174E-01  6.171313413E-01  6.061156183E-01  5.917345906E-01  5.789885157E-01
  5.694729312E-01  5.328806718E-01  5.369437581E-01  5.485021680E-01  5.656523845E-01
  5.852350025E-01  6.041578677E-01  6.178683160E-01  6.227103767E-01  6.152794146E-01
  5.937801463E-01  5.580971481E-01  5.071242009E-01  4.423746052E-01  3.692296197E-01
  2.938002175E-01  2.220911759E-01  1.619349252E-01  1.215159110E-01  1.073466152E-01
  1.215159110E-01  1.619349252E-01  2.220911759E-01  2.938002175E-01  3.692296197E-01
  4.423746052E-01  5.071242009E-01  5.580971481E-01  5.937801463E-01  6.152794146E-01
  6.227103767E-01  6.178683160E-01  6.041578677E-01  5.852350025E-01  5.656523845E-01
  5.485021680E-01  5.369437581E-01  4.760104264E-01  4.815459053E-01  4.969904397E-01
  5.202352032E-01  5.470253285E-01  5.750325882E-01  5.993483108E-01  6.152794146E-01
  6.211965240E-01  6.131282480E-01  5.917656412E-01  5.580976959E-01  5.125952865E-01
  4.594283511E-01  4.034786196E-01  3.500783826E-01  3.070343921E-01  2.788058360E-01
  2.683837386E-01  2.788058360E-01  3.070343921E-01  3.500783826E-01  4.034786196E-01
  4.594283511E-01  5.125952865E-01  5.580976959E-01  5.917656412E-01  6.131282480E-01
  6.211965240E-01  6.152794146E-01  5.993483108E-01  5.750325882E-01  5.470253285E-01
  5.202352032E-01  4.969904397E-01  4.815459053E-01  3.880769172E-01  3.961706365E-01
  4.173140539E-01  4.494343644E-01  4.885129736E-01  5.286004708E-01  5.649890027E-01
  5.937801463E-01  6.131282480E-01  6.199943786E-01  6.131288076E-01  5.937812507E-01
  5.649906222E-01  5.286025605E-01  4.885154739E-01  4.494372014E-01  4.173171416E-01
  3.961738788E-01  3.880802118E-01  3.961738788E-01  4.173171416E-01  4.494372014E-01
  4.885154739E-01  5.286025605E-01  5.649906222E-01  5.937812507E-01  6.131288076E-01
  6.199943786E-01  6.131282480E-01  5.937801463E-01  5.649890027E-01  5.286004708E-01
  4.885129736E-01  4.494343644E-01  4.173140539E-01  3.961706365E-01  2.683809549E-01
  2.788031065E-01  3.070318223E-01  3.500760711E-01  4.034766538E-01  4.594268047E-01
  5.125942181E-01  5.580971481E-01  5.917656412E-01  6.131288076E-01  6.211976402E-01
  6.152810698E-01  5.993504729E-01  5.750352106E-01  5.470283509E-01  5.202385522E-01
  4.969940309E-01  4.815496456E-01  4.760142170E-01  4.815496456E-01  4.969940309E-01
  5.202385522E-01  5.470283509E-01  5.750352106E-01  5.993504729E-01  6.152810698E-01
  6.211976402E-01  6.131288076E-01  5.917656412E-01  5.580971481E-01  5.125942181E-01
  4.594268047E-01  4.034766538E-01  3.500760711E-01  3.070318223E-01  2.788031065E-01
  1.073443446E-01  1.215136962E-01  1.619328747E-01  2.220893902E-01  2.937987846E-01
  3.692286131E-01  4.423740817E-01  5.071242009E-01  5.580976959E-01  5.937812507E-01
  6.152810698E-01  6.227125625E-01  6.178709984E-01  6.041609988E-01  5.852385217E-01
  5.656562194E-01  5.485062362E-01  5.369479695E-01  5.328849315E-01  5.369479695E-01
  5.485062362E-01  5.656562194E-01  5.852385217E-01  6.041609988E-01  6.178709984E-01
  6.227125625E-01  6.152810698E-01  5.937812507E-01  5.580976959E-01  5.071242009E-01
  4.423740817E-01  3.692286131E-01  2.937987846E-01  2.220893902E-01  1.619328747E-01
  1.215136962E-01 -9.340790021E-02 -7.548126579E-02 -2.233944174E-02  5.966017755E-02
  1.585592851E-01  2.609597186E-01  3.576134610E-01  4.423746052E-01  5.125952865E-01
  5.649906222E-01  5.993504729E-01  6.178709984E-01  6.216990843E-01  6.171349442E-01
  6.061195967E-01  5.917388734E-01  5.789930228E-01  5.694775756E-01  5.656788638E-01
  5.694775756E-01  5.789930228E-01  5.917388734E-01  6.061195967E-01  6.171349442E-01
  6.216990843E-01  6.178709984E-01  5.993504729E-01  5.649906222E-01  5.125952865E-01
  4.423746052E-01  3.576134610E-01  2.609597186E-01  1.585592851E-01  5.966017755E-02
 -2.233944174E-02 -7.548126579E-02 -3.043884527E-01 -2.834114132E-01 -2.212747750E-01
 -1.235721970E-01  5.216302035E-04  1.346179523E-01  2.609602043E-01  3.692296197E-01
  4.594283511E-01  5.286025605E-01  5.750352106E-01  6.041609988E-01  6.171349442E-01
  6.187486269E-01  6.121838934E-01  6.013865805E-01  5.911418979E-01  5.835265263E-01
  5.807042489E-01  5.835265263E-01  5.911418979E-01  6.013865805E-01  6.121838934E-01
  6.187486269E-01  6.171349442E-01  6.041609988E-01  5.750352106E-01  5.286025605E-01
  4.594283511E-01  3.692296197E-01  2.609602043E-01  1.346179523E-01  5.216302035E-04
 -1.235721970E-01 -2.212747750E-01 -2.834114132E-01 -5.044897060E-01 -4.806523575E-01
 -4.097403605E-01 -3.004943228E-01 -1.600997474E-01  5.220628279E-04  1.585602014E-01
  2.938002175E-01  4.034786196E-01  4.885154739E-01  5.470283509E-01  5.852385217E-01
  6.061195967E-01  6.121838934E-01  6.089166756E-01  6.010895591E-01  5.921681016E-01
  5.855606901E-01  5.831543069E-01  5.855606901E-01  5.921681016E-01  6.010895591E-01
  6.089166756E-01  6.121838934E-01  6.061195967E-01  5.852385217E-01  5.470283509E-01
  4.885154739E-01  4.034786196E-01  2.938002175E-01  1.585602014E-01  5.220628279E-04
 -1.600997474E-01 -3.004943228E-01 -4.097403605E-01 -4.806523575E-01 -6.868684975E-01
 -6.597527557E-01 -5.785180011E-01 -4.548268869E-01 -3.004939601E-01 -1.235714030E-01
  5.966145204E-02  2.220911759E-01  3.500783826E-01  4.494372014E-01  5.202385522E-01
  5.656562194E-01  5.917388734E-01  6.013865805E-01  6.010895591E-01  5.950350443E-01
  5.870923772E-01  5.815130906E-01  5.790305597E-01  5.815130906E-01  5.870923772E-01
  5.950350443E-01  6.010895591E-01  6.013865805E-01  5.917388734E-01  5.656562194E-01
  5.202385522E-01  4.494372014E-01  3.500783826E-01  2.220911759E-01  5.966145204E-02
 -1.235714030E-01 -3.004939601E-01 -4.548268869E-01 -5.785180011E-01 -6.597527557E-01
 -8.367451133E-01 -8.056005323E-01 -7.152737836E-01 -5.785177258E-01 -4.097397231E-01
 -2.212737080E-01 -2.233789755E-02  1.619349252E-01  3.070343921E-01  4.173171416E-01
  4.969940309E-01  5.485062362E-01  5.789930228E-01  5.911418979E-01  5.921681016E-01
  5.870923772E-01  5.796110865E-01  5.743054667E-01  5.716588119E-01  5.743054667E-01
  5.796110865E-01  5.870923772E-01  5.921681016E-01  5.911418979E-01  5.789930228E-01
  5.485062362E-01  4.969940309E-01  4.173171416E-01  3.070343921E-01  1.619349252E-01
 -2.233789755E-02 -2.212737080E-01 -4.097397231E-01 -5.785177258E-01 -7.152737836E-01
 -8.056005323E-01 -9.341334192E-01 -9.012680913E-01 -8.056003599E-01 -6.597523081E-01
 -4.806515484E-01 -2.834101759E-01 -7.547955377E-02  1.215159110E-01  2.788058360E-01
  3.961738788E-01  4.815496456E-01  5.369479695E-01  5.694775756E-01  5.835265263E-01
  5.855606901E-01  5.815130906E-01  5.743054667E-01  5.687472705E-01  5.661860576E-01
  5.687472705E-01  5.743054667E-01  5.815130906E-01  5.855606901E-01  5.835265263E-01
  5.694775756E-01  5.369479695E-01  4.815496456E-01  3.961738788E-01  2.788058360E-01
  1.215159110E-01 -7.547955377E-02 -2.834101759E-01 -4.806515484E-01 -6.597523081E-01
 -8.056003599E-01 -9.012680913E-01 -9.667490064E-01 -9.341333604E-01 -8.367448822E-01
 -6.868679913E-01 -5.044888385E-01 -3.043871576E-01 -9.340613120E-02  1.073466152E-01
  2.683837386E-01  3.880802118E-01  4.760142170E-01  5.328849315E-01  5.656788638E-01
  5.807042489E-01  5.831543069E-01  5.790305597E-01  5.716588119E-01  5.661860576E-01
  5.639370647E-01  5.661860576E-01  5.716588119E-01  5.790305597E-01  5.831543069E-01
  5.807042489E-01  5.656788638E-01  5.328849315E-01  4.760142170E-01  3.880802118E-01
  2.683837386E-01  1.073466152E-01 -9.340613120E-02 -3.043871576E-01 -5.044888385E-01
 -6.868679913E-01 -8.367448822E-01 -9.341333604E-01 -9.341334192E-01 -9.012680913E-01
 -8.056003599E-01 -6.597523081E-01 -4.806515484E-01 -2.834101759E-01 -7.547955377E-02
  1.215159110E-01  2.788058360E-01  3.961738788E-01  4.815496456E-01  5.369479695E-01
  5.694775756E-01  5.835265263E-01  5.855606901E-01  5.815130906E-01  5.743054667E-01
  5.687472705E-01  5.661860576E-01  5.687472705E-01  5.743054667E-01  5.815130906E-01
  5.855606901E-01  5.835265263E-01  5.694775756E-01  5.369479695E-01  4.815496456E-01
  3.961738788E-01  2.788058360E-01  1.215159110E-01 -7.547955377E-02 -2.834101759E-01
 -4.806515484E-01 -6.597523081E-01 -8.056003599E-01 -9.012680913E-01 -8.367451133E-01
 -8.056005323E-01 -7.152737836E-01 -5.785177258E-01 -4.097397231E-01 -2.212737080E-01
 -2.233789755E-02  1.619349252E-01  3.070343921E-01  4.173171416E-01  4.969940309E-01
  5.485062362E-01  5.789930228E-01  5.911418979E-01  5.921681016E-01  5.870923772E-01
  5.796110865E-01  5.743054667E-01  5.716588119E-01  5.743054667E-01  5.796110865E-01
  5.870923772E-01  5.921681016E-01  5.911418979E-01  5.789930228E-01  5.485062362E-01
  4.969940309E-01  4.173171416E-01  3.070343921E-01  1.619349252E-01 -2.233789755E-02
 -2.212737080E-01 -4.097397231E-01 -5.785177258E-01 -7.152737836E-01 -8.056005323E-01
 -6.868684975E-01 -6.597527557E-01 -5.785180011E-01 -4.548268869E-01 -3.004939601E-01
 -1.235714030E-01  5.966145204E-02  2.220911759E-01  3.500783826E-01  4.494372014E-01
  5.202385522E-01  5.656562194E-01  5.917388734E-01  6.013865805E-01  6.010895591E-01
  5.950350443E-01  5.870923772E-01  5.815130906E-01  5.790305597E-01  5.815130906E-01
  5.870923772E-01  5.950350443E-01  6.010895591E-01  6.013865805E-01  5.917388734E-01
  5.656562194E-01  5.202385522E-01  4.494372014E-01  3.500783826E-01  2.220911759E-01
  5.966145204E-02 -1.235714030E-01 -3.004939601E-01 -4.548268869E-01 -5.785180011E-01
 -6.597527557E-01 -5.044897060E-01 -4.806523575E-01 -4.097403605E-01 -3.004943228E-01
 -1.600997474E-01  5.220628279E-04  1.585602014E-01  2.938002175E-01  4.034786196E-01
  4.885154739E-01  5.470283509E-01  5.852385217E-01  6.061195967E-01  6.121838934E-01
  6.089166756E-01  6.010895591E-01  5.921681016E-01  5.855606901E-01  5.831543069E-01
  5.855606901E-01  5.921681016E-01  6.010895591E-01  6.089166756E-01  6.121838934E-01
  6.061195967E-01  5.852385217E-01  5.470283509E-01  4.885154739E-01  4.034786196E-01
  2.938002175E-01  1.585602014E-01  5.220628279E-04 -1.600997474E-01 -3.004943228E-01
 -4.097403605E-01 -4.806523575E-01 -3.043884527E-01 -2.834114132E-01 -2.212747750E-01
 -1.235721970E-01  5.216302035E-04  1.346179523E-01  2.609602043E-01  3.692296197E-01
  4.594283511E-01  5.286025605E-01  5.750352106E-01  6.041609988E-01  6.171349442E-01
  6.187486269E-01  6.121838934E-01  6.013865805E-01  5.911418979E-01  5.835265263E-01
  5.807042489E-01  5.835265263E-01  5.911418979E-01  6.013865805E-01  6.121838934E-01
  6.187486269E-01  6.171349442E-01  6.041609988E-01  5.750352106E-01  5.286025605E-01
  4.594283511E-01  3.692296197E-01  2.609602043E-01  1.346179523E-01  5.216302035E-04
 -1.235721970E-01 -2.212747750E-01 -2.834114132E-01 -9.340790021E-02 -7.548126579E-02
 -2.233944174E-02  5.966017755E-02  1.585592851E-01  2.609597186E-01  3.576134610E-01
  4.423746052E-01  5.125952865E-01  5.649906222E-01  5.993504729E-01  6.178709984E-01
  6.216990843E-01  6.171349442E-01  6.061195967E-01  5.917388734E-01  5.789930228E-01
  5.694775756E-01  5.656788638E-01  5.694775756E-01  5.789930228E-01  5.917388734E-01
  6.061195967E-01  6.171349442E-01  6.216990843E-01  6.178709984E-01  5.993504729E-01
  5.649906222E-01  5.125952865E-01  4.423746052E-01  3.576134610E-01  2.609597186E-01
  1.585592851E-01  5.966017755E-02 -2.233944174E-02 -7.548126579E-02  1.073443446E-01
  1.215136962E-01  1.619328747E-01  2.220893902E-01  2.937987846E-01  3.692286131E-01
  4.423740817E-01  5.071242009E-01  5.580976959E-01  5.937812507E-01  6.152810698E-01
  6.227125625E-01  6.178709984E-01  6.041609988E-01  5.852385217E-01  5.656562194E-01
  5.485062362E-01  5.369479695E-01  5.328849315E-01  5.369479695E-01  5.485062362E-01
  5.656562194E-01  5.852385217E-01  6.041609988E-01  6.178709984E-01  6.227125625E-01
  6.152810698E-01  5.937812507E-01  5.580976959E-01  5.071242009E-01  4.423740817E-01
  3.692286131E-01  2.937987846E-01  2.220893902E-01  1.619328747E-01  1.215136962E-01
  2.683809549E-01  2.788031065E-01  3.070318223E-01  3.500760711E-01  4.034766538E-01
  4.594268047E-01  5.125942181E-01  5.580971481E-01  5.917656412E-01  6.131288076E-01
  6.211976402E-01  6.152810698E-01  5.993504729E-01  5.750352106E-01  5.470283509E-01
  5.202385522E-01  4.969940309E-01  4.815496456E-01  4.760142170E-01  4.815496456E-01
  4.969940309E-01  5.202385522E-01  5.470283509E-01  5.750352106E-01  5.993504729E-01
  6.152810698E-01  6.211976402E-01  6.131288076E-01  5.917656412E-01  5.580971481E-01
  5.125942181E-01  4.594268047E-01  4.034766538E-01  3.500760711E-01  3.070318223E-01
  2.788031065E-01  3.880769172E-01  3.961706365E-01  4.173140539E-01  4.494343644E-01
  4.885129736E-01  5.286004708E-01  5.649890027E-01  5.937801463E-01  6.131282480E-01
  6.199943786E-01  6.131288076E-01  5.937812507E-01  5.649906222E-01  5.286025605E-01
  4.885154739E-01  4.494372014E-01  4.173171416E-01  3.961738788E-01  3.880802118E-01
  3.961738788E-01  4.173171416E-01  4.494372014E-01  4.885154739E-01  5.286025605E-01
  5.649906222E-01  5.937812507E-01  6.131288076E-01  6.199943786E-01  6.131282480E-01
  5.937801463E-01  5.649890027E-01  5.286004708E-01  4.885129736E-01  4.494343644E-01
  4.173140539E-01  3.961706365E-01  4.760104264E-01  4.815459053E-01  4.969904397E-01
  5.202352032E-01  5.470253285E-01  5.750325882E-01  5.993483108E-01  6.152794146E-01
  6.211965240E-01  6.131282480E-01  5.917656412E-01  5.580976959E-01  5.125952865E-01
  4.594283511E-01  4.034786196E-01  3.500783826E-01  3.070343921E-01  2.788058360E-01
  2.683837386E-01  2.788058360E-01  3.070343921E-01  3.500783826E-01  4.034786196E-01
  4.594283511E-01  5.125952865E-01  5.580976959E-01  5.917656412E-01  6.131282480E-01
  6.211965240E-01  6.152794146E-01  5.993483108E-01  5.750325882E-01  5.470253285E-01
  5.202352032E-01  4.969904397E-01  4.815459053E-01  5.328806718E-01  5.369437581E-01
  5.485021680E-01  5.656523845E-01  5.852350025E-01  6.041578677E-01  6.178683160E-01
  6.227103767E-01  6.152794146E-01  5.937801463E-01  5.580971481E-01  5.071242009E-01
  4.423746052E-01  3.692296197E-01  2.938002175E-01  2.220911759E-01  1.619349252E-01
  1.215159110E-01  1.073466152E-01  1.215159110E-01  1.619349252E-01  2.220911759E-01
  2.938002175E-01  3.692296197E-01  4.423746052E-01  5.071242009E-01  5.580971481E-01
  5.937801463E-01  6.152794146E-01  6.227103767E-01  6.178683160E-01  6.041578677E-01
  5.852350025E-01  5.656523845E-01  5.485021680E-01  5.369437581E-01  5.656741731E-01
  5.694729312E-01  5.789885157E-01  5.917345906E-01  6.061156183E-01  6.171313413E-01
  6.216959174E-01  6.178683160E-01  5.993483108E-01  5.649890027E-01  5.125942181E-01
  4.423740817E-01  3.576134610E-01  2.609602043E-01  1.585602014E-01  5.966145204E-02
 -2.233789755E-02 -7.547955377E-02 -9.340613120E-02 -7.547955377E-02 -2.233789755E-02
  5.966145204E-02  1.585602014E-01  2.609602043E-01  3.576134610E-01  4.423740817E-01
  5.125942181E-01  5.649890027E-01  5.993483108E-01  6.178683160E-01  6.216959174E-01
  6.171313413E-01  6.061156183E-01  5.917345906E-01  5.789885157E-01  5.694729312E-01
  5.806991755E-01  5.835214972E-01  5.911370005E-01  6.013818985E-01  6.121795047E-01
  6.187446012E-01  6.171313413E-01  6.041578677E-01  5.750325882E-01  5.286004708E-01
  4.594268047E-01  3.692286131E-01  2.609597186E-01  1.346179523E-01  5.220628279E-04
 -1.235714030E-01 -2.212737080E-01 -2.834101759E-01 -3.043871576E-01 -2.834101759E-01
 -2.212737080E-01 -1.235714030E-01  5.220628279E-04  1.346179523E-01  2.609597186E-01
  3.692286131E-01  4.594268047E-01  5.286004708E-01  5.750325882E-01  6.041578677E-01
  6.171313413E-01  6.187446012E-01  6.121795047E-01  6.013818985E-01  5.911370005E-01
  5.835214972E-01  5.831489080E-01  5.855553338E-01  5.921628717E-01  6.010845365E-01
  6.089119358E-01  6.121795047E-01  6.061156183E-01  5.852350025E-01  5.470253285E-01
  4.885129736E-01  4.034766538E-01  2.937987846E-01  1.585592851E-01  5.216302035E-04
 -1.600997474E-01 -3.004939601E-01 -4.097397231E-01 -4.806515484E-01 -5.044888385E-01
 -4.806515484E-01 -4.097397231E-01 -3.004939601E-01 -1.600997474E-01  5.216302035E-04
  1.585592851E-01  2.937987846E-01  4.034766538E-01  4.885129736E-01  5.470253285E-01
  5.852350025E-01  6.061156183E-01  6.121795047E-01  6.089119358E-01  6.010845365E-01
  5.921628717E-01  5.855553338E-01  5.790249001E-01  5.815074720E-01  5.870868806E-01
  5.950297479E-01  6.010845365E-01  6.013818985E-01  5.917345906E-01  5.656523845E-01
  5.202352032E-01  4.494343644E-01  3.500760711E-01  2.220893902E-01  5.966017755E-02
 -1.235721970E-01 -3.004943228E-01 -4.548268869E-01 -5.785177258E-01 -6.597523081E-01
 -6.868679913E-01 -6.597523081E-01 -5.785177258E-01 -4.548268869E-01 -3.004943228E-01
 -1.235721970E-01  5.966017755E-02  2.220893902E-01  3.500760711E-01  4.494343644E-01
  5.202352032E-01  5.656523845E-01  5.917345906E-01  6.013818985E-01  6.010845365E-01
  5.950297479E-01  5.870868806E-01  5.815074720E-01  5.716529622E-01  5.742996569E-01
  5.796053951E-01  5.870868806E-01  5.921628717E-01  5.911370005E-01  5.789885157E-01
  5.485021680E-01  4.969904397E-01  4.173140539E-01  3.070318223E-01  1.619328747E-01
 -2.233944174E-02 -2.212747750E-01 -4.097403605E-01 -5.785180011E-01 -7.152737836E-01
 -8.056003599E-01 -8.367448822E-01 -8.056003599E-01 -7.152737836E-01 -5.785180011E-01
 -4.097403605E-01 -2.212747750E-01 -2.233944174E-02  1.619328747E-01  3.070318223E-01
  4.173140539E-01  4.969904397E-01  5.485021680E-01  5.789885157E-01  5.911370005E-01
  5.921628717E-01  5.870868806E-01  5.796053951E-01  5.742996569E-01  5.661800925E-01
  5.687413443E-01  5.742996569E-01  5.815074720E-01  5.855553338E-01  5.835214972E-01
  5.694729312E-01  5.369437581E-01  4.815459053E-01  3.961706365E-01  2.788031065E-01
  1.215136962E-01 -7.548126579E-02 -2.834114132E-01 -4.806523575E-01 -6.597527557E-01
 -8.056005323E-01 -9.012680913E-01 -9.341333604E-01 -9.012680913E-01 -8.056005323E-01
 -6.597527557E-01 -4.806523575E-01 -2.834114132E-01 -7.548126579E-02  1.215136962E-01
  2.788031065E-01  3.961706365E-01  4.815459053E-01  5.369437581E-01  5.694729312E-01
  5.835214972E-01  5.855553338E-01  5.815074720E-01  5.742996569E-01  5.687413443E-01
  4.514969028E-01  4.569224571E-01  4.705854619E-01  4.899328334E-01  5.107040017E-01
  5.267662257E-01  5.328796201E-01  5.238199239E-01  4.947377653E-01  4.408247277E-01
  3.582562957E-01  2.483920346E-01  1.073443446E-01 -5.828203868E-02 -2.223453469E-01
 -3.664776872E-01 -4.801236316E-01 -5.534577874E-01 -5.786925462E-01 -5.534577874E-01
 -4.801236316E-01 -3.664776872E-01 -2.223453469E-01 -5.828203868E-02  1.073443446E-01
  2.483920346E-01  3.582562957E-01  4.408247277E-01  4.947377653E-01  5.238199239E-01
  5.328796201E-01  5.267662257E-01  5.107040017E-01  4.899328334E-01  4.705854619E-01
  4.569224571E-01  4.569224571E-01  4.620269871E-01  4.752414141E-01  4.944017472E-01
  5.147156732E-01  5.304686482E-01  5.369427105E-01  5.282277295E-01  5.001651832E-01
  4.474307838E-01  3.658455362E-01  2.586447689E-01  1.215136962E-01 -4.040295261E-02
 -2.024506233E-01 -3.450982308E-01 -4.561285766E-01 -5.281221010E-01 -5.534577235E-01
 -5.281221010E-01 -4.561285766E-01 -3.450982308E-01 -2.024506233E-01 -4.040295261E-02
  1.215136962E-01  2.586447689E-01  3.658455362E-01  4.474307838E-01  5.001651832E-01
  5.282277295E-01  5.369427105E-01  5.304686482E-01  5.147156732E-01  4.944017472E-01
  4.752414141E-01  4.620269871E-01  4.705854619E-01  4.752414141E-01  4.878761343E-01
  5.067721537E-01  5.267179236E-01  5.418719572E-01  5.485011328E-01  5.408181835E-01
  5.147048425E-01  4.657568041E-01  3.896135473E-01  2.894716559E-01  1.619328747E-01
  1.077894123E-02 -1.437167103E-01 -2.813268463E-01 -3.876049113E-01 -4.561283888E-01
 -4.801233800E-01 -4.561283888E-01 -3.876049113E-01 -2.813268463E-01 -1.437167103E-01
  1.077894123E-02  1.619328747E-01  2.894716559E-01  3.896135473E-01  4.657568041E-01
  5.147048425E-01  5.408181835E-01  5.485011328E-01  5.418719572E-01  5.267179236E-01
  5.067721537E-01  4.878761343E-01  4.752414141E-01  4.899328334E-01  4.944017472E-01
  5.067721537E-01  5.243250234E-01  5.432101936E-01  5.582747404E-01  5.656513704E-01
  5.606777373E-01  5.371380028E-01  4.933155699E-01  4.256034772E-01  3.347026626E-01
  2.220893902E-01  8.880969342E-02 -5.265492146E-02 -1.811984617E-01 -2.813265454E-01
 -3.450977424E-01 -3.664771351E-01 -3.450977424E-01 -2.813265454E-01 -1.811984617E-01
 -5.265492146E-02  8.880969342E-02  2.220893902E-01  3.347026626E-01  4.256034772E-01
  4.933155699E-01  5.371380028E-01  5.606777373E-01  5.656513704E-01  5.582747404E-01
  5.432101936E-01  5.243250234E-01  5.067721537E-01  4.944017472E-01  5.107040017E-01
  5.147156732E-01  5.267179236E-01  5.432101936E-01  5.612718497E-01  5.769017975E-01
  5.852340184E-01  5.831455591E-01  5.637110947E-01  5.266991958E-01  4.690754635E-01
  3.894128729E-01  2.937987846E-01  1.827955707E-01  6.150367730E-02 -5.265452293E-02
 -1.437160115E-01 -2.024497375E-01 -2.223443976E-01 -2.024497375E-01 -1.437160115E-01
 -5.265452293E-02  6.150367730E-02  1.827955707E-01  2.937987846E-01  3.894128729E-01
  4.690754635E-01  5.266991958E-01  5.637110947E-01  5.831455591E-01  5.852340184E-01
  5.769017975E-01  5.612718497E-01  5.432101936E-01  5.267179236E-01  5.147156732E-01
  5.267662257E-01  5.304686482E-01  5.418719572E-01  5.582747404E-01  5.769017975E-01
  5.939357252E-01  6.041569222E-01  6.050389208E-01  5.907982715E-01  5.613237549E-01
  5.155007714E-01  4.499949566E-01  3.692286131E-01  2.788315801E-01  1.827960493E-01
  8.881056937E-02  1.078011591E-02 -4.040159222E-02 -5.828061526E-02 -4.040159222E-02
  1.078011591E-02  8.881056937E-02  1.827960493E-01  2.788315801E-01  3.692286131E-01
  4.499949566E-01  5.155007714E-01  5.613237549E-01  5.907982715E-01  6.050389208E-01
  6.041569222E-01  5.939357252E-01  5.769017975E-01  5.582747404E-01  5.418719572E-01
  5.304686482E-01  5.328796201E-01  5.369427105E-01  5.485011328E-01  5.656513704E-01
  5.852340184E-01  6.041569222E-01  6.178674176E-01  6.227095328E-01  6.152786313E-01
  5.937794276E-01  5.580964958E-01  5.071236144E-01  4.423740817E-01  3.692291541E-01
  2.937998025E-01  2.220908025E-01  1.619345829E-01  1.215155879E-01  1.073462986E-01
  1.215155879E-01  1.619345829E-01  2.220908025E-01  2.937998025E-01  3.692291541E-01
  4.423740817E-01  5.071236144E-01  5.580964958E-01  5.937794276E-01  6.152786313E-01
  6.227095328E-01  6.178674176E-01  6.041569222E-01  5.852340184E-01  5.656513704E-01
  5.485011328E-01  5.369427105E-01  5.238199239E-01  5.282277295E-01  5.408181835E-01
  5.606777373E-01  5.831455591E-01  6.050389208E-01  6.227095328E-01  6.319750475E-01
  6.325485078E-01  6.207202692E-01  5.945451661E-01  5.558991309E-01  5.071242009E-01
  4.499960819E-01  3.894144712E-01  3.347046509E-01  2.894739356E-01  2.586472290E-01
  2.483945559E-01  2.586472290E-01  2.894739356E-01  3.347046509E-01  3.894144712E-01
  4.499960819E-01  5.071242009E-01  5.558991309E-01  5.945451661E-01  6.207202692E-01
  6.325485078E-01  6.319750475E-01  6.227095328E-01  6.050389208E-01  5.831455591E-01
  5.606777373E-01  5.408181835E-01  5.282277295E-01  4.947377653E-01  5.001651832E-01
  5.147048425E-01  5.371380028E-01  5.637110947E-01  5.907982715E-01  6.152786313E-01
  6.325485078E-01  6.407909444E-01  6.373471767E-01  6.217241999E-01  5.945457822E-01
  5.580976959E-01  5.155025057E-01  4.690776649E-01  4.256060623E-01  3.896164183E-01
  3.658485836E-01  3.582594028E-01  3.658485836E-01  3.896164183E-01  4.256060623E-01
  4.690776649E-01  5.155025057E-01  5.580976959E-01  5.945457822E-01  6.217241999E-01
  6.373471767E-01  6.407909444E-01  6.325485078E-01  6.152786313E-01  5.907982715E-01
  5.637110947E-01  5.371380028E-01  5.147048425E-01  5.001651832E-01  4.408247277E-01
  4.474307838E-01  4.657568041E-01  4.933155699E-01  5.266991958E-01  5.613237549E-01
  5.937794276E-01  6.207202692E-01  6.373471767E-01  6.424093395E-01  6.373478074E-01
  6.207215132E-01  5.937812507E-01  5.613261054E-01  5.267020056E-01  4.933187555E-01
  4.657602687E-01  4.474344204E-01  4.408284224E-01  4.474344204E-01  4.657602687E-01
  4.933187555E-01  5.267020056E-01  5.613261054E-01  5.937812507E-01  6.207215132E-01
  6.373478074E-01  6.424093395E-01  6.373471767E-01  6.207202692E-01  5.937794276E-01
  5.613237549E-01  5.266991958E-01  4.933155699E-01  4.657568041E-01  4.474307838E-01
  3.582562957E-01  3.658455362E-01  3.896135473E-01  4.256034772E-01  4.690754635E-01
  5.155007714E-01  5.580964958E-01  5.945451661E-01  6.217241999E-01  6.373478074E-01
  6.407922030E-01  6.325503747E-01  6.152810698E-01  5.908012286E-01  5.637145013E-01
  5.371417761E-01  5.147088872E-01  5.001693948E-01  4.947420332E-01  5.001693948E-01
  5.147088872E-01  5.371417761E-01  5.637145013E-01  5.908012286E-01  6.152810698E-01
  6.325503747E-01  6.407922030E-01  6.373478074E-01  6.217241999E-01  5.945451661E-01
  5.580964958E-01  5.155007714E-01  4.690754635E-01  4.256034772E-01  3.896135473E-01
  3.658455362E-01  2.483920346E-01  2.586447689E-01  2.894716559E-01  3.347026626E-01
  3.894128729E-01  4.499949566E-01  5.071236144E-01  5.558991309E-01  5.945457822E-01
  6.207215132E-01  6.325503747E-01  6.319775151E-01  6.227125625E-01  6.050424583E-01
  5.831495353E-01  5.606820699E-01  5.408227793E-01  5.282324866E-01  5.238247354E-01
  5.282324866E-01  5.408227793E-01  5.606820699E-01  5.831495353E-01  6.050424583E-01
  6.227125625E-01  6.319775151E-01  6.325503747E-01  6.207215132E-01  5.945457822E-01
  5.558991309E-01  5.071236144E-01  4.499949566E-01  3.894128729E-01  3.347026626E-01
  2.894716559E-01  2.586447689E-01  1.073443446E-01  1.215136962E-01  1.619328747E-01
  2.220893902E-01  2.937987846E-01  3.692286131E-01  4.423740817E-01  5.071242009E-01
  5.580976959E-01  5.937812507E-01  6.152810698E-01  6.227125625E-01  6.178709984E-01
  6.041609988E-01  5.852385217E-01  5.656562194E-01  5.485062362E-01  5.369479695E-01
  5.328849315E-01  5.369479695E-01  5.485062362E-01  5.656562194E-01  5.852385217E-01
  6.041609988E-01  6.178709984E-01  6.227125625E-01  6.152810698E-01  5.937812507E-01
  5.580976959E-01  5.071242009E-01  4.423740817E-01  3.692286131E-01  2.937987846E-01
  2.220893902E-01  1.619328747E-01  1.215136962E-01 -5.828203868E-02 -4.040295261E-02
  1.077894123E-02  8.880969342E-02  1.827955707E-01  2.788315801E-01  3.692291541E-01
  4.499960819E-01  5.155025057E-01  5.613261054E-01  5.908012286E-01  6.050424583E-01
  6.041609988E-01  5.939402851E-01  5.769067719E-01  5.582800495E-01  5.418775118E-01
  5.304743528E-01  5.267719807E-01  5.304743528E-01  5.418775118E-01  5.582800495E-01
  5.769067719E-01  5.939402851E-01  6.041609988E-01  6.050424583E-01  5.908012286E-01
  5.613261054E-01  5.155025057E-01  4.499960819E-01  3.692291541E-01  2.788315801E-01
  1.827955707E-01  8.880969342E-02  1.077894123E-02 -4.040295261E-02 -2.223453469E-01
 -2.024506233E-01 -1.437167103E-01 -5.265492146E-02  6.150367730E-02  1.827960493E-01
  2.937998025E-01  3.894144712E-01  4.690776649E-01  5.267020056E-01  5.637145013E-01
  5.831495353E-01  5.852385217E-01  5.769067719E-01  5.612772270E-01  5.432158949E-01
  5.267238621E-01  5.147217562E-01  5.107101333E-01  5.147217562E-01  5.267238621E-01
  5.432158949E-01  5.612772270E-01  5.769067719E-01  5.852385217E-01  5.831495353E-01
  5.637145013E-01  5.267020056E-01  4.690776649E-01  3.894144712E-01  2.937998025E-01
  1.827960493E-01  6.150367730E-02 -5.265492146E-02 -1.437167103E-01 -2.024506233E-01
 -3.664776872E-01 -3.450982308E-01 -2.813268463E-01 -1.811984617E-01 -5.265452293E-02
  8.881056937E-02  2.220908025E-01  3.347046509E-01  4.256060623E-01  4.933187555E-01
  5.371417761E-01  5.606820699E-01  5.656562194E-01  5.582800495E-01  5.432158949E-01
  5.243310394E-01  5.067783995E-01  4.944081327E-01  4.899392657E-01  4.944081327E-01
  5.067783995E-01  5.243310394E-01  5.432158949E-01  5.582800495E-01  5.656562194E-01
  5.606820699E-01  5.371417761E-01  4.933187555E-01  4.256060623E-01  3.347046509E-01
  2.220908025E-01  8.881056937E-02 -5.265452293E-02 -1.811984617E-01 -2.813268463E-01
 -3.450982308E-01 -4.801236316E-01 -4.561285766E-01 -3.876049113E-01 -2.813265454E-01
 -1.437160115E-01  1.078011591E-02  1.619345829E-01  2.894739356E-01  3.896164183E-01
  4.657602687E-01  5.147088872E-01  5.408227793E-01  5.485062362E-01  5.418775118E-01
  5.267238621E-01  5.067783995E-01  4.878826039E-01  4.752480196E-01  4.705921129E-01
  4.752480196E-01  4.878826039E-01  5.067783995E-01  5.267238621E-01  5.418775118E-01
  5.485062362E-01  5.408227793E-01  5.147088872E-01  4.657602687E-01  3.896164183E-01
  2.894739356E-01  1.619345829E-01  1.078011591E-02 -1.437160115E-01 -2.813265454E-01
 -3.876049113E-01 -4.561285766E-01 -5.534577874E-01 -5.281221010E-01 -4.561283888E-01
 -3.450977424E-01 -2.024497375E-01 -4.040159222E-02  1.215155879E-01  2.586472290E-01
  3.658485836E-01  4.474344204E-01  5.001693948E-01  5.282324866E-01  5.369479695E-01
  5.304743528E-01  5.147217562E-01  4.944081327E-01  4.752480196E-01  4.620337260E-01
  4.569292407E-01  4.620337260E-01  4.752480196E-01  4.944081327E-01  5.147217562E-01
  5.304743528E-01  5.369479695E-01  5.282324866E-01  5.001693948E-01  4.474344204E-01
  3.658485836E-01  2.586472290E-01  1.215155879E-01 -4.040159222E-02 -2.024497375E-01
 -3.450977424E-01 -4.561283888E-01 -5.281221010E-01 -5.786925462E-01 -5.534577235E-01
 -4.801233800E-01 -3.664771351E-01 -2.223443976E-01 -5.828061526E-02  1.073462986E-01
  2.483945559E-01  3.582594028E-01  4.408284224E-01  4.947420332E-01  5.238247354E-01
  5.328849315E-01  5.267719807E-01  5.107101333E-01  4.899392657E-01  4.705921129E-01
  4.569292407E-01  4.515037308E-01  4.569292407E-01  4.705921129E-01  4.899392657E-01
  5.107101333E-01  5.267719807E-01  5.328849315E-01  5.238247354E-01  4.947420332E-01
  4.408284224E-01  3.582594028E-01  2.483945559E-01  1.073462986E-01 -5.828061526E-02
 -2.223443976E-01 -3.664771351E-01 -4.801233800E-01 -5.534577235E-01 -5.534577874E-01
 -5.281221010E-01 -4.561283888E-01 -3.450977424E-01 -2.024497375E-01 -4.040159222E-02
  1.215155879E-01  2.586472290E-01  3.658485836E-01  4.474344204E-01  5.001693948E-01
  5.282324866E-01  5.369479695E-01  5.304743528E-01  5.147217562E-01  4.944081327E-01
  4.752480196E-01  4.620337260E-01  4.569292407E-01  4.620337260E-01  4.752480196E-01
  4.944081327E-01  5.147217562E-01  5.304743528E-01  5.369479695E-01  5.282324866E-01
  5.001693948E-01  4.474344204E-01  3.658485836E-01  2.586472290E-01  1.215155879E-01
 -4.040159222E-02 -2.024497375E-01 -3.450977424E-01 -4.561283888E-01 -5.281221010E-01
 -4.801236316E-01 -4.561285766E-01 -3.876049113E-01 -2.813265454E-01 -1.437160115E-01
  1.078011591E-02  1.619345829E-01  2.894739356E-01  3.896164183E-01  4.657602687E-01
  5.147088872E-01  5.408227793E-01  5.485062362E-01  5.418775118E-01  5.267238621E-01
  5.067783995E-01  4.878826039E-01  4.752480196E-01  4.705921129E-01  4.752480196E-01
  4.878826039E-01  5.067783995E-01  5.267238621E-01  5.418775118E-01  5.485062362E-01
  5.408227793E-01  5.147088872E-01  4.657602687E-01  3.896164183E-01  2.894739356E-01
  1.619345829E-01  1.078011591E-02 -1.437160115E-01 -2.813265454E-01 -3.876049113E-01
 -4.561285766E-01 -3.664776872E-01 -3.450982308E-01 -2.813268463E-01 -1.811984617E-01
 -5.265452293E-02  8.881056937E-02  2.220908025E-01  3.347046509E-01  4.256060623E-01
  4.933187555E-01  5.371417761E-01  5.606820699E-01  5.656562194E-01  5.582800495E-01
  5.432158949E-01  5.243310394E-01  5.067783995E-01  4.944081327E-01  4.899392657E-01
  4.944081327E-01  5.067783995E-01  5.243310394E-01  5.432158949E-01  5.582800495E-01
  5.656562194E-01  5.606820699E-01  5.371417761E-01  4.933187555E-01  4.256060623E-01
  3.347046509E-01  2.220908025E-01  8.881056937E-02 -5.265452293E-02 -1.811984617E-01
 -2.813268463E-01 -3.450982308E-01 -2.223453469E-01 -2.024506233E-01 -1.437167103E-01
 -5.265492146E-02  6.150367730E-02  1.827960493E-01  2.937998025E-01  3.894144712E-01
  4.690776649E-01  5.267020056E-01  5.637145013E-01  5.831495353E-01  5.852385217E-01
  5.769067719E-01  5.612772270E-01  5.432158949E-01  5.267238621E-01  5.147217562E-01
  5.107101333E-01  5.147217562E-01  5.267238621E-01  5.432158949E-01  5.612772270E-01
  5.769067719E-01  5.852385217E-01  5.831495353E-01  5.637145013E-01  5.267020056E-01
  4.690776649E-01  3.894144712E-01  2.937998025E-01  1.827960493E-01  6.150367730E-02
 -5.265492146E-02 -1.437167103E-01 -2.024506233E-01 -5.828203868E-02 -4.040295261E-02
  1.077894123E-02  8.880969342E-02  1.827955707E-01  2.788315801E-01  3.692291541E-01
  4.499960819E-01  5.155025057E-01  5.613261054E-01  5.908012286E-01  6.050424583E-01
  6.041609988E-01  5.939402851E-01  5.769067719E-01  5.582800495E-01  5.418775118E-01
  5.304743528E-01  5.267719807E-01  5.304743528E-01  5.418775118E-01  5.582800495E-01
  5.769067719E-01  5.939402851E-01  6.041609988E-01  6.050424583E-01  5.908012286E-01
  5.613261054E-01  5.155025057E-01  4.499960819E-01  3.692291541E-01  2.788315801E-01
  1.827955707E-01  8.880969342E-02  1.077894123E-02 -4.040295261E-02  1.073443446E-01
  1.215136962E-01  1.619328747E-01  2.220893902E-01  2.937987846E-01  3.692286131E-01
  4.423740817E-01  5.071242009E-01  5.580976959E-01  5.937812507E-01  6.152810698E-01
  6.227125625E-01  6.178709984E-01  6.041609988E-01  5.852385217E-01  5.656562194E-01
  5.485062362E-01  5.369479695E-01  5.328849315E-01  5.369479695E-01  5.485062362E-01
  5.656562194E-01  5.852385217E-01  6.041609988E-01  6.178709984E-01  6.227125625E-01
  6.152810698E-01  5.937812507E-01  5.580976959E-01  5.071242009E-01  4.423740817E-01
  3.692286131E-01  2.937987846E-01  2.220893902E-01  1.619328747E-01  1.215136962E-01
  2.483920346E-01  2.586447689E-01  2.894716559E-01  3.347026626E-01  3.894128729E-01
  4.499949566E-01  5.071236144E-01  5.558991309E-01  5.945457822E-01  6.207215132E-01
  6.325503747E-01  6.319775151E-01  6.227125625E-01  6.050424583E-01  5.831495353E-01
  5.606820699E-01  5.408227793E-01  5.282324866E-01  5.238247354E-01  5.282324866E-01
  5.408227793E-01  5.606820699E-01  5.831495353E-01  6.050424583E-01  6.227125625E-01
  6.319775151E-01  6.325503747E-01  6.207215132E-01  5.945457822E-01  5.558991309E-01
  5.071236144E-01  4.499949566E-01  3.894128729E-01  3.347026626E-01  2.894716559E-01
  2.586447689E-01  3.582562957E-01  3.658455362E-01  3.896135473E-01  4.256034772E-01
  4.690754635E-01  5.155007714E-01  5.580964958E-01  5.945451661E-01  6.217241999E-01
  6.373478074E-01  6.407922030E-01  6.325503747E-01  6.152810698E-01  5.908012286E-01
  5.637145013E-01  5.371417761E-01  5.147088872E-01  5.001693948E-01  4.947420332E-01
  5.001693948E-01  5.147088872E-01  5.371417761E-01  5.637145013E-01  5.908012286E-01
  6.152810698E-01  6.325503747E-01  6.407922030E-01  6.373478074E-01  6.217241999E-01
  5.945451661E-01  5.580964958E-01  5.155007714E-01  4.690754635E-01  4.256034772E-01
  3.896135473E-01  3.658455362E-01  4.408247277E-01  4.474307838E-01  4.657568041E-01
  4.933155699E-01  5.266991958E-01  5.613237549E-01  5.937794276E-01  6.207202692E-01
  6.373471767E-01  6.424093395E-01  6.373478074E-01  6.207215132E-01  5.937812507E-01
  5.613261054E-01  5.267020056E-01  4.933187555E-01  4.657602687E-01  4.474344204E-01
  4.408284224E-01  4.474344204E-01  4.657602687E-01  4.933187555E-01  5.267020056E-01
  5.613261054E-01  5.937812507E-01  6.207215132E-01  6.373478074E-01  6.424093395E-01
  6.373471767E-01  6.207202692E-01  5.937794276E-01  5.613237549E-01  5.266991958E-01
  4.933155699E-01  4.657568041E-01  4.474307838E-01  4.947377653E-01  5.001651832E-01
  5.147048425E-01  5.371380028E-01  5.637110947E-01  5.907982715E-01  6.152786313E-01
  6.325485078E-01  6.407909444E-01  6.373471767E-01  6.217241999E-01  5.945457822E-01
  5.580976959E-01  5.155025057E-01  4.690776649E-01  4.256060623E-01  3.896164183E-01
  3.658485836E-01  3.582594028E-01  3.658485836E-01  3.896164183E-01  4.256060623E-01
  4.690776649E-01  5.155025057E-01  5.580976959E-01  5.945457822E-01  6.217241999E-01
  6.373471767E-01  6.407909444E-01  6.325485078E-01  6.152786313E-01  5.907982715E-01
  5.637110947E-01  5.371380028E-01  5.147048425E-01  5.001651832E-01  5.238199239E-01
  5.282277295E-01  5.408181835E-01  5.606777373E-01  5.831455591E-01  6.050389208E-01
  6.227095328E-01  6.319750475E-01  6.325485078E-01  6.207202692E-01  5.945451661E-01
  5.558991309E-01  5.071242009E-01  4.499960819E-01  3.894144712E-01  3.347046509E-01
  2.894739356E-01  2.586472290E-01  2.483945559E-01  2.586472290E-01  2.894739356E-01
  3.347046509E-01  3.894144712E-01  4.499960819E-01  5.071242009E-01  5.558991309E-01
  5.945451661E-01  6.207202692E-01  6.325485078E-01  6.319750475E-01  6.227095328E-01
  6.050389208E-01  5.831455591E-01  5.606777373E-01  5.408181835E-01  5.282277295E-01
  5.328796201E-01  5.369427105E-01  5.485011328E-01  5.656513704E-01  5.852340184E-01
  6.041569222E-01  6.178674176E-01  6.227095328E-01  6.152786313E-01  5.937794276E-01
  5.580964958E-01  5.071236144E-01  4.423740817E-01  3.692291541E-01  2.937998025E-01
  2.220908025E-01  1.619345829E-01  1.215155879E-01  1.073462986E-01  1.215155879E-01
  1.619345829E-01  2.220908025E-01  2.937998025E-01  3.692291541E-01  4.423740817E-01
  5.071236144E-01  5.580964958E-01  5.937794276E-01  6.152786313E-01  6.227095328E-01
  6.178674176E-01  6.041569222E-01  5.852340184E-01  5.656513704E-01  5.485011328E-01
  5.369427105E-01  5.267662257E-01  5.304686482E-01  5.418719572E-01  5.582747404E-01
  5.769017975E-01  5.939357252E-01  6.041569222E-01  6.050389208E-01  5.907982715E-01
  5.613237549E-01  5.155007714E-01  4.499949566E-01  3.692286131E-01  2.788315801E-01
  1.827960493E-01  8.881056937E-02  1.078011591E-02 -4.040159222E-02 -5.828061526E-02
 -4.040159222E-02  1.078011591E-02  8.881056937E-02  1.827960493E-01  2.788315801E-01
  3.692286131E-01  4.499949566E-01  5.155007714E-01  5.613237549E-01  5.907982715E-01
  6.050389208E-01  6.041569222E-01  5.939357252E-01  5.769017975E-01  5.582747404E-01
  5.418719572E-01  5.304686482E-01  5.107040017E-01  5.147156732E-01  5.267179236E-01
  5.432101936E-01  5.612718497E-01  5.769017975E-01  5.852340184E-01  5.831455591E-01
  5.637110947E-01  5.266991958E-01  4.690754635E-01  3.894128729E-01  2.937987846E-01
  1.827955707E-01  6.150367730E-02 -5.265452293E-02 -1.437160115E-01 -2.024497375E-01
 -2.223443976E-01 -2.024497375E-01 -1.437160115E-01 -5.265452293E-02  6.150367730E-02
  1.827955707E-01  2.937987846E-01  3.894128729E-01  4.690754635E-01  5.266991958E-01
  5.637110947E-01  5.831455591E-01  5.852340184E-01  5.769017975E-01  5.612718497E-01
  5.432101936E-01  5.267179236E-01  5.147156732E-01  4.899328334E-01  4.944017472E-01
  5.067721537E-01  5.243250234E-01  5.432101936E-01  5.582747404E-01  5.656513704E-01
  5.606777373E-01  5.371380028E-01  4.933155699E-01  4.256034772E-01  3.347026626E-01
  2.220893902E-01  8.880969342E-02 -5.265492146E-02 -1.811984617E-01 -2.813265454E-01
 -3.450977424E-01 -3.664771351E-01 -3.450977424E-01 -2.813265454E-01 -1.811984617E-01
 -5.265492146E-02  8.880969342E-02  2.220893902E-01  3.347026626E-01  4.256034772E-01
  4.933155699E-01  5.371380028E-01  5.606777373E-01  5.656513704E-01  5.582747404E-01
  5.432101936E-01  5.243250234E-01  5.067721537E-01  4.944017472E-01  4.705854619E-01
  4.752414141E-01  4.878761343E-01  5.067721537E-01  5.267179236E-01  5.418719572E-01
  5.485011328E-01  5.408181835E-01  5.147048425E-01  4.657568041E-01  3.896135473E-01
  2.894716559E-01  1.619328747E-01  1.077894123E-02 -1.437167103E-01 -2.813268463E-01
 -3.876049113E-01 -4.561283888E-01 -4.801233800E-01 -4.561283888E-01 -3.876049113E-01
 -2.813268463E-01 -1.437167103E-01  1.077894123E-02  1.619328747E-01  2.894716559E-01
  3.896135473E-01  4.657568041E-01  5.147048425E-01  5.408181835E-01  5.485011328E-01
  5.418719572E-01  5.267179236E-01  5.067721537E-01  4.878761343E-01  4.752414141E-01
  4.569224571E-01  4.620269871E-01  4.752414141E-01  4.944017472E-01  5.147156732E-01
  5.304686482E-01  5.369427105E-01  5.282277295E-01  5.001651832E-01  4.474307838E-01
  3.658455362E-01  2.586447689E-01  1.215136962E-01 -4.040295261E-02 -2.024506233E-01
 -3.450982308E-01 -4.561285766E-01 -5.281221010E-01 -5.534577235E-01 -5.281221010E-01
 -4.561285766E-01 -3.450982308E-01 -2.024506233E-01 -4.040295261E-02  1.215136962E-01
  2.586447689E-01  3.658455362E-01  4.474307838E-01  5.001651832E-01  5.282277295E-01
  5.369427105E-01  5.304686482E-01  5.147156732E-01  4.944017472E-01  4.752414141E-01
  4.620269871E-01  2.928800986E-01  3.013999106E-01  3.254028372E-01  3.607334896E-01
  4.025205976E-01  4.435050729E-01  4.760082520E-01  4.947366413E-01  4.940915893E-01
  4.737788243E-01  4.290620171E-01  3.582562957E-01  2.683809549E-01  1.603538286E-01
  4.166797448E-02 -7.102543687E-02 -1.616948846E-01 -2.196761626E-01 -2.396338482E-01
 -2.196761626E-01 -1.616948846E-01 -7.102543687E-02  4.166797448E-02  1.603538286E-01
  2.683809549E-01  3.582562957E-01  4.290620171E-01  4.737788243E-01  4.940915893E-01
  4.947366413E-01  4.760082520E-01  4.435050729E-01  4.025205976E-01  3.607334896E-01
  3.254028372E-01  3.013999106E-01  3.013999106E-01  3.096741417E-01  3.333397894E-01
  3.681886524E-01  4.088860009E-01  4.490862885E-01  4.815437394E-01  5.001640637E-01
  4.998223891E-01  4.794854172E-01  4.346483127E-01  3.658455362E-01  2.788031065E-01
  1.735637546E-01  5.754228787E-02 -5.335833425E-02 -1.426074388E-01 -1.998094247E-01
 -2.196760938E-01 -1.998094247E-01 -1.426074388E-01 -5.335833425E-02  5.754228787E-02
  1.735637546E-01  2.788031065E-01  3.658455362E-01  4.346483127E-01  4.794854172E-01
  4.998223891E-01  5.001640637E-01  4.815437394E-01  4.490862885E-01  4.088860009E-01
  3.681886524E-01  3.333397894E-01  3.096741417E-01  3.254028372E-01  3.333397894E-01
  3.560236225E-01  3.892064419E-01  4.279579462E-01  4.662441335E-01  4.969882995E-01
  5.147037365E-01  5.148701285E-01  4.960785010E-01  4.542217842E-01  3.896135473E-01
  3.070318223E-01  2.090173814E-01  1.019061382E-01 -2.403830990E-03 -8.766138939E-02
 -1.426072359E-01 -1.616946128E-01 -1.426072359E-01 -8.766138939E-02 -2.403830990E-03
  1.019061382E-01  2.090173814E-01  3.070318223E-01  3.896135473E-01  4.542217842E-01
  4.960785010E-01  5.148701285E-01  5.147037365E-01  4.969882995E-01  4.662441335E-01
  4.279579462E-01  3.892064419E-01  3.560236225E-01  3.333397894E-01  3.607334896E-01
  3.681886524E-01  3.892064419E-01  4.196245288E-01  4.561028043E-01  4.922336881E-01
  5.202331067E-01  5.371369197E-01  5.379015235E-01  5.208974985E-01  4.840964416E-01
  4.256034772E-01  3.500760711E-01  2.626636704E-01  1.683547389E-01  7.543131867E-02
 -2.403504382E-03 -5.335780488E-02 -7.102483871E-02 -5.335780488E-02 -2.403504382E-03
  7.543131867E-02  1.683547389E-01  2.626636704E-01  3.500760711E-01  4.256034772E-01
  4.840964416E-01  5.208974985E-01  5.379015235E-01  5.371369197E-01  5.202331067E-01
  4.922336881E-01  4.561028043E-01  4.196245288E-01  3.892064419E-01  3.681886524E-01
  4.025205976E-01  4.088860009E-01  4.279579462E-01  4.561028043E-01  4.889954574E-01
  5.215673014E-01  5.470232943E-01  5.637100442E-01  5.664027217E-01  5.513391139E-01
  5.190670286E-01  4.690754635E-01  4.034766538E-01  3.270333610E-01  2.466877109E-01
  1.683551741E-01  1.019068995E-01  5.754325150E-02  4.166900671E-02  5.754325150E-02
  1.019068995E-01  1.683551741E-01  2.466877109E-01  3.270333610E-01  4.034766538E-01
  4.690754635E-01  5.190670286E-01  5.513391139E-01  5.664027217E-01  5.637100442E-01
  5.470232943E-01  5.215673014E-01  4.889954574E-01  4.561028043E-01  4.279579462E-01
  4.088860009E-01  4.435050729E-01  4.490862885E-01  4.662441335E-01  4.922336881E-01
  5.215673014E-01  5.510115648E-01  5.750306349E-01  5.907972634E-01  5.951033474E-01
  5.832337683E-01  5.565155939E-01  5.155007714E-01  4.594268047E-01  3.937773814E-01
  3.270338872E-01  2.626646308E-01  2.090186667E-01  1.735652411E-01  1.603553833E-01
  1.735652411E-01  2.090186667E-01  2.626646308E-01  3.270338872E-01  3.937773814E-01
  4.594268047E-01  5.155007714E-01  5.565155939E-01  5.832337683E-01  5.951033474E-01
  5.907972634E-01  5.750306349E-01  5.510115648E-01  5.215673014E-01  4.922336881E-01
  4.662441335E-01  4.490862885E-01  4.760082520E-01  4.815437394E-01  4.969882995E-01
  5.202331067E-01  5.470232943E-01  5.750306349E-01  5.993464563E-01  6.152776748E-01
  6.211949113E-01  6.131267708E-01  5.917643032E-01  5.580964958E-01  5.125942181E-01
  4.594274033E-01  4.034777771E-01  3.500776264E-01  3.070337001E-01  2.788051837E-01
  2.683830998E-01  2.788051837E-01  3.070337001E-01  3.500776264E-01  4.034777771E-01
  4.594274033E-01  5.125942181E-01  5.580964958E-01  5.917643032E-01  6.131267708E-01
  6.211949113E-01  6.152776748E-01  5.993464563E-01  5.750306349E-01  5.470232943E-01
  5.202331067E-01  4.969882995E-01  4.815437394E-01  4.947366413E-01  5.001640637E-01
  5.147037365E-01  5.371369197E-01  5.637100442E-01  5.907972634E-01  6.152776748E-01
  6.325476111E-01  6.407901139E-01  6.373464167E-01  6.217235122E-01  5.945451661E-01
  5.580971481E-01  5.155020205E-01  4.690772343E-01  4.256056762E-01  3.896160653E-01
  3.658482511E-01  3.582590772E-01  3.658482511E-01  3.896160653E-01  4.256056762E-01
  4.690772343E-01  5.155020205E-01  5.580971481E-01  5.945451661E-01  6.217235122E-01
  6.373464167E-01  6.407901139E-01  6.325476111E-01  6.152776748E-01  5.907972634E-01
  5.637100442E-01  5.371369197E-01  5.147037365E-01  5.001640637E-01  4.940915893E-01
  4.998223891E-01  5.148701285E-01  5.379015235E-01  5.664027217E-01  5.951033474E-01
  6.211949113E-01  6.407901139E-01  6.515429382E-01  6.524792747E-01  6.424400654E-01
  6.217241999E-01  5.917656412E-01  5.565175250E-01  5.190694765E-01  4.840993125E-01
  4.542249694E-01  4.346516916E-01  4.290654616E-01  4.346516916E-01  4.542249694E-01
  4.840993125E-01  5.190694765E-01  5.565175250E-01  5.917656412E-01  6.217241999E-01
  6.424400654E-01  6.524792747E-01  6.515429382E-01  6.407901139E-01  6.211949113E-01
  5.951033474E-01  5.664027217E-01  5.379015235E-01  5.148701285E-01  4.998223891E-01
  4.737788243E-01  4.794854172E-01  4.960785010E-01  5.208974985E-01  5.513391139E-01
  5.832337683E-01  6.131267708E-01  6.373464167E-01  6.524792747E-01  6.579001213E-01
  6.524799799E-01  6.373478074E-01  6.131288076E-01  5.832363924E-01  5.513422482E-01
  5.209010493E-01  4.960823604E-01  4.794894665E-01  4.737829377E-01  4.794894665E-01
  4.960823604E-01  5.209010493E-01  5.513422482E-01  5.832363924E-01  6.131288076E-01
  6.373478074E-01  6.524799799E-01  6.579001213E-01  6.524792747E-01  6.373464167E-01
  6.131267708E-01  5.832337683E-01  5.513391139E-01  5.208974985E-01  4.960785010E-01
  4.794854172E-01  4.290620171E-01  4.346483127E-01  4.542217842E-01  4.840964416E-01
  5.190670286E-01  5.565155939E-01  5.917643032E-01  6.217235122E-01  6.424400654E-01
  6.524799799E-01  6.515443463E-01  6.407922030E-01  6.211976402E-01  5.951066559E-01
  5.664065321E-01  5.379057424E-01  5.148746493E-01  4.998270953E-01  4.940963581E-01
  4.998270953E-01  5.148746493E-01  5.379057424E-01  5.664065321E-01  5.951066559E-01
  6.211976402E-01  6.407922030E-01  6.515443463E-01  6.524799799E-01  6.424400654E-01
  6.217235122E-01  5.917643032E-01  5.565155939E-01  5.190670286E-01  4.840964416E-01
  4.542217842E-01  4.346483127E-01  3.582562957E-01  3.658455362E-01  3.896135473E-01
  4.256034772E-01  4.690754635E-01  5.155007714E-01  5.580964958E-01  5.945451661E-01
  6.217241999E-01  6.373478074E-01  6.407922030E-01  6.325503747E-01  6.152810698E-01
  5.908012286E-01  5.637145013E-01  5.371417761E-01  5.147088872E-01  5.001693948E-01
  4.947420332E-01  5.001693948E-01  5.147088872E-01  5.371417761E-01  5.637145013E-01
  5.908012286E-01  6.152810698E-01  6.325503747E-01  6.407922030E-01  6.373478074E-01
  6.217241999E-01  5.945451661E-01  5.580964958E-01  5.155007714E-01  4.690754635E-01
  4.256034772E-01  3.896135473E-01  3.658455362E-01  2.683809549E-01  2.788031065E-01
  3.070318223E-01  3.500760711E-01  4.034766538E-01  4.594268047E-01  5.125942181E-01
  5.580971481E-01  5.917656412E-01  6.131288076E-01  6.211976402E-01  6.152810698E-01
  5.993504729E-01  5.750352106E-01  5.470283509E-01  5.202385522E-01  4.969940309E-01
  4.815496456E-01  4.760142170E-01  4.815496456E-01  4.969940309E-01  5.202385522E-01
  5.470283509E-01  5.750352106E-01  5.993504729E-01  6.152810698E-01  6.211976402E-01
  6.131288076E-01  5.917656412E-01  5.580971481E-01  5.125942181E-01  4.594268047E-01
  4.034766538E-01  3.500760711E-01  3.070318223E-01  2.788031065E-01  1.603538286E-01
  1.735637546E-01  2.090173814E-01  2.626636704E-01  3.270333610E-01  3.937773814E-01
  4.594274033E-01  5.155020205E-01  5.565175250E-01  5.832363924E-01  5.951066559E-01
  5.908012286E-01  5.750352106E-01  5.510166879E-01  5.215728936E-01  4.922396583E-01
  4.662503806E-01  4.490927045E-01  4.435115456E-01  4.490927045E-01  4.662503806E-01
  4.922396583E-01  5.215728936E-01  5.510166879E-01  5.750352106E-01  5.908012286E-01
  5.951066559E-01  5.832363924E-01  5.565175250E-01  5.155020205E-01  4.594274033E-01
  3.937773814E-01  3.270333610E-01  2.626636704E-01  2.090173814E-01  1.735637546E-01
  4.166797448E-02  5.754228787E-02  1.019061382E-01  1.683547389E-01  2.466877109E-01
  3.270338872E-01  4.034777771E-01  4.690772343E-01  5.190694765E-01  5.513422482E-01
  5.664065321E-01  5.637145013E-01  5.470283509E-01  5.215728936E-01  4.890015068E-01
  4.561092209E-01  4.279646309E-01  4.088928485E-01  4.025274999E-01  4.088928485E-01
  4.279646309E-01  4.561092209E-01  4.890015068E-01  5.215728936E-01  5.470283509E-01
  5.637145013E-01  5.664065321E-01  5.513422482E-01  5.190694765E-01  4.690772343E-01
  4.034777771E-01  3.270338872E-01  2.466877109E-01  1.683547389E-01  1.019061382E-01
  5.754228787E-02 -7.102543687E-02 -5.335833425E-02 -2.403830990E-03  7.543131867E-02
  1.683551741E-01  2.626646308E-01  3.500776264E-01  4.256056762E-01  4.840993125E-01
  5.209010493E-01  5.379057424E-01  5.371417761E-01  5.202385522E-01  4.922396583E-01
  4.561092209E-01  4.196313024E-01  3.892134754E-01  3.681958436E-01  3.607407335E-01
  3.681958436E-01  3.892134754E-01  4.196313024E-01  4.561092209E-01  4.922396583E-01
  5.202385522E-01  5.371417761E-01  5.379057424E-01  5.209010493E-01  4.840993125E-01
  4.256056762E-01  3.500776264E-01  2.626646308E-01  1.683551741E-01  7.543131867E-02
 -2.403830990E-03 -5.335833425E-02 -1.616948846E-01 -1.426074388E-01 -8.766138939E-02
 -2.403504382E-03  1.019068995E-01  2.090186667E-01  3.070337001E-01  3.896160653E-01
  4.542249694E-01  4.960823604E-01  5.148746493E-01  5.147088872E-01  4.969940309E-01
  4.662503806E-01  4.279646309E-01  3.892134754E-01  3.560309092E-01  3.333472294E-01
  3.254103284E-01  3.333472294E-01  3.560309092E-01  3.892134754E-01  4.279646309E-01
  4.662503806E-01  4.969940309E-01  5.147088872E-01  5.148746493E-01  4.960823604E-01
  4.542249694E-01  3.896160653E-01  3.070337001E-01  2.090186667E-01  1.019068995E-01
 -2.403504382E-03 -8.766138939E-02 -1.426074388E-01 -2.196761626E-01 -1.998094247E-01
 -1.426072359E-01 -5.335780488E-02  5.754325150E-02  1.735652411E-01  2.788051837E-01
  3.658482511E-01  4.346516916E-01  4.794894665E-01  4.998270953E-01  5.001693948E-01
  4.815496456E-01  4.490927045E-01  4.088928485E-01  3.681958436E-01  3.333472294E-01
  3.096817320E-01  3.014075511E-01  3.096817320E-01  3.333472294E-01  3.681958436E-01
  4.088928485E-01  4.490927045E-01  4.815496456E-01  5.001693948E-01  4.998270953E-01
  4.794894665E-01  4.346516916E-01  3.658482511E-01  2.788051837E-01  1.735652411E-01
  5.754325150E-02 -5.335780488E-02 -1.426072359E-01 -1.998094247E-01 -2.396338482E-01
 -2.196760938E-01 -1.616946128E-01 -7.102483871E-02  4.166900671E-02  1.603553833E-01
  2.683830998E-01  3.582590772E-01  4.290654616E-01  4.737829377E-01  4.940963581E-01
  4.947420332E-01  4.760142170E-01  4.435115456E-01  4.025274999E-01  3.607407335E-01
  3.254103284E-01  3.014075511E-01  2.928877890E-01  3.014075511E-01  3.254103284E-01
  3.607407335E-01  4.025274999E-01  4.435115456E-01  4.760142170E-01  4.947420332E-01
  4.940963581E-01  4.737829377E-01  4.290654616E-01  3.582590772E-01  2.683830998E-01
  1.603553833E-01  4.166900671E-02 -7.102483871E-02 -1.616946128E-01 -2.196760938E-01
 -2.196761626E-01 -1.998094247E-01 -1.426072359E-01 -5.335780488E-02  5.754325150E-02
  1.735652411E-01  2.788051837E-01  3.658482511E-01  4.346516916E-01  4.794894665E-01
  4.998270953E-01  5.001693948E-01  4.815496456E-01  4.490927045E-01  4.088928485E-01
  3.681958436E-01  3.333472294E-01  3.096817320E-01  3.014075511E-01  3.096817320E-01
  3.333472294E-01  3.681958436E-01  4.088928485E-01  4.490927045E-01  4.815496456E-01
  5.001693948E-01  4.998270953E-01  4.794894665E-01  4.346516916E-01  3.658482511E-01
  2.788051837E-01  1.735652411E-01  5.754325150E-02 -5.335780488E-02 -1.426072359E-01
 -1.998094247E-01 -1.616948846E-01 -1.426074388E-01 -8.766138939E-02 -2.403504382E-03
  1.019068995E-01  2.090186667E-01  3.070337001E-01  3.896160653E-01  4.542249694E-01
  4.960823604E-01  5.148746493E-01  5.147088872E-01  4.969940309E-01  4.662503806E-01
  4.279646309E-01  3.892134754E-01  3.560309092E-01  3.333472294E-01  3.254103284E-01
  3.333472294E-01  3.560309092E-01  3.892134754E-01  4.279646309E-01  4.662503806E-01
  4.969940309E-01  5.147088872E-01  5.148746493E-01  4.960823604E-01  4.542249694E-01
  3.896160653E-01  3.070337001E-01  2.090186667E-01  1.019068995E-01 -2.403504382E-03
 -8.766138939E-02 -1.426074388E-01 -7.102543687E-02 -5.335833425E-02 -2.403830990E-03
  7.543131867E-02  1.683551741E-01  2.626646308E-01  3.500776264E-01  4.256056762E-01
  4.840993125E-01  5.209010493E-01  5.379057424E-01  5.371417761E-01  5.202385522E-01
  4.922396583E-01  4.561092209E-01  4.196313024E-01  3.892134754E-01  3.681958436E-01
  3.607407335E-01  3.681958436E-01  3.892134754E-01  4.196313024E-01  4.561092209E-01
  4.922396583E-01  5.202385522E-01  5.371417761E-01  5.379057424E-01  5.209010493E-01
  4.840993125E-01  4.256056762E-01  3.500776264E-01  2.626646308E-01  1.683551741E-01
  7.543131867E-02 -2.403830990E-03 -5.335833425E-02  4.166797448E-02  5.754228787E-02
  1.019061382E-01  1.683547389E-01  2.466877109E-01  3.270338872E-01  4.034777771E-01
  4.690772343E-01  5.190694765E-01  5.513422482E-01  5.664065321E-01  5.637145013E-01
  5.470283509E-01  5.215728936E-01  4.890015068E-01  4.561092209E-01  4.279646309E-01
  4.088928485E-01  4.025274999E-01  4.088928485E-01  4.279646309E-01  4.561092209E-01
  4.890015068E-01  5.215728936E-01  5.470283509E-01  5.637145013E-01  5.664065321E-01
  5.513422482E-01  5.190694765E-01  4.690772343E-01  4.034777771E-01  3.270338872E-01
  2.466877109E-01  1.683547389E-01  1.019061382E-01  5.754228787E-02  1.603538286E-01
  1.735637546E-01  2.090173814E-01  2.626636704E-01  3.270333610E-01  3.937773814E-01
  4.594274033E-01  5.155020205E-01  5.565175250E-01  5.832363924E-01  5.951066559E-01
  5.908012286E-01  5.750352106E-01  5.510166879E-01  5.215728936E-01  4.922396583E-01
  4.662503806E-01  4.490927045E-01  4.435115456E-01  4.490927045E-01  4.662503806E-01
  4.922396583E-01  5.215728936E-01  5.510166879E-01  5.750352106E-01  5.908012286E-01
  5.951066559E-01  5.832363924E-01  5.565175250E-01  5.155020205E-01  4.594274033E-01
  3.937773814E-01  3.270333610E-01  2.626636704E-01  2.090173814E-01  1.735637546E-01
  2.683809549E-01  2.788031065E-01  3.070318223E-01  3.500760711E-01  4.034766538E-01
  4.594268047E-01  5.125942181E-01  5.580971481E-01  5.917656412E-01  6.131288076E-01
  6.211976402E-01  6.152810698E-01  5.993504729E-01  5.750352106E-01  5.470283509E-01
  5.202385522E-01  4.969940309E-01  4.815496456E-01  4.760142170E-01  4.815496456E-01
  4.969940309E-01  5.202385522E-01  5.470283509E-01  5.750352106E-01  5.993504729E-01
  6.152810698E-01  6.211976402E-01  6.131288076E-01  5.917656412E-01  5.580971481E-01
  5.125942181E-01  4.594268047E-01  4.034766538E-01  3.500760711E-01  3.070318223E-01
  2.788031065E-01  3.582562957E-01  3.658455362E-01  3.896135473E-01  4.256034772E-01
  4.690754635E-01  5.155007714E-01  5.580964958E-01  5.945451661E-01  6.217241999E-01
  6.373478074E-01  6.407922030E-01  6.325503747E-01  6.152810698E-01  5.908012286E-01
  5.637145013E-01  5.371417761E-01  5.147088872E-01  5.001693948E-01  4.947420332E-01
  5.001693948E-01  5.147088872E-01  5.371417761E-01  5.637145013E-01  5.908012286E-01
  6.152810698E-01  6.325503747E-01  6.407922030E-01  6.373478074E-01  6.217241999E-01
  5.945451661E-01  5.580964958E-01  5.155007714E-01  4.690754635E-01  4.256034772E-01
  3.896135473E-01  3.658455362E-01  4.290620171E-01  4.346483127E-01  4.542217842E-01
  4.840964416E-01  5.190670286E-01  5.565155939E-01  5.917643032E-01  6.217235122E-01
  6.424400654E-01  6.524799799E-01  6.515443463E-01  6.407922030E-01  6.211976402E-01
  5.951066559E-01  5.664065321E-01  5.379057424E-01  5.148746493E-01  4.998270953E-01
  4.940963581E-01  4.998270953E-01  5.148746493E-01  5.379057424E-01  5.664065321E-01
  5.951066559E-01  6.211976402E-01  6.407922030E-01  6.515443463E-01  6.524799799E-01
  6.424400654E-01  6.217235122E-01  5.917643032E-01  5.565155939E-01  5.190670286E-01
  4.840964416E-01  4.542217842E-01  4.346483127E-01  4.737788243E-01  4.794854172E-01
  4.960785010E-01  5.208974985E-01  5.513391139E-01  5.832337683E-01  6.131267708E-01
  6.373464167E-01  6.524792747E-01  6.579001213E-01  6.524799799E-01  6.373478074E-01
  6.131288076E-01  5.832363924E-01  5.513422482E-01  5.209010493E-01  4.960823604E-01
  4.794894665E-01  4.737829377E-01  4.794894665E-01  4.960823604E-01  5.209010493E-01
  5.513422482E-01  5.832363924E-01  6.131288076E-01  6.373478074E-01  6.524799799E-01
  6.579001213E-01  6.524792747E-01  6.373464167E-01  6.131267708E-01  5.832337683E-01
  5.513391139E-01  5.208974985E-01  4.960785010E-01  4.794854172E-01  4.940915893E-01
  4.998223891E-01  5.148701285E-01  5.379015235E-01  5.664027217E-01  5.951033474E-01
  6.211949113E-01  6.407901139E-01  6.515429382E-01  6.524792747E-01  6.424400654E-01
  6.217241999E-01  5.917656412E-01  5.565175250E-01  5.190694765E-01  4.840993125E-01
  4.542249694E-01  4.346516916E-01  4.290654616E-01  4.346516916E-01  4.542249694E-01
  4.840993125E-01  5.190694765E-01  5.565175250E-01  5.917656412E-01  6.217241999E-01
  6.424400654E-01  6.524792747E-01  6.515429382E-01  6.407901139E-01  6.211949113E-01
  5.951033474E-01  5.664027217E-01  5.379015235E-01  5.148701285E-01  4.998223891E-01
  4.947366413E-01  5.001640637E-01  5.147037365E-01  5.371369197E-01  5.637100442E-01
  5.907972634E-01  6.152776748E-01  6.325476111E-01  6.407901139E-01  6.373464167E-01
  6.217235122E-01  5.945451661E-01  5.580971481E-01  5.155020205E-01  4.690772343E-01
  4.256056762E-01  3.896160653E-01  3.658482511E-01  3.582590772E-01  3.658482511E-01
  3.896160653E-01  4.256056762E-01  4.690772343E-01  5.155020205E-01  5.580971481E-01
  5.945451661E-01  6.217235122E-01  6.373464167E-01  6.407901139E-01  6.325476111E-01
  6.152776748E-01  5.907972634E-01  5.637100442E-01  5.371369197E-01  5.147037365E-01
  5.001640637E-01  4.760082520E-01  4.815437394E-01  4.969882995E-01  5.202331067E-01
  5.470232943E-01  5.750306349E-01  5.993464563E-01  6.152776748E-01  6.211949113E-01
  6.131267708E-01  5.917643032E-01  5.580964958E-01  5.125942181E-01  4.594274033E-01
  4.034777771E-01  3.500776264E-01  3.070337001E-01  2.788051837E-01  2.683830998E-01
  2.788051837E-01  3.070337001E-01  3.500776264E-01  4.034777771E-01  4.594274033E-01
  5.125942181E-01  5.580964958E-01  5.917643032E-01  6.131267708E-01  6.211949113E-01
  6.152776748E-01  5.993464563E-01  5.750306349E-01  5.470232943E-01  5.202331067E-01
  4.969882995E-01  4.815437394E-01  4.435050729E-01  4.490862885E-01  4.662441335E-01
  4.922336881E-01  5.215673014E-01  5.510115648E-01  5.750306349E-01  5.907972634E-01
  5.951033474E-01  5.832337683E-01  5.565155939E-01  5.155007714E-01  4.594268047E-01
  3.937773814E-01  3.270338872E-01  2.626646308E-01  2.090186667E-01  1.735652411E-01
  1.603553833E-01  1.735652411E-01  2.090186667E-01  2.626646308E-01  3.270338872E-01
  3.937773814E-01  4.594268047E-01  5.155007714E-01  5.565155939E-01  5.832337683E-01
  5.951033474E-01  5.907972634E-01  5.750306349E-01  5.510115648E-01  5.215673014E-01
  4.922336881E-01  4.662441335E-01  4.490862885E-01  4.025205976E-01  4.088860009E-01
  4.279579462E-01  4.561028043E-01  4.889954574E-01  5.215673014E-01  5.470232943E-01
  5.637100442E-01  5.664027217E-01  5.513391139E-01  5.190670286E-01  4.690754635E-01
  4.034766538E-01  3.270333610E-01  2.466877109E-01  1.683551741E-01  1.019068995E-01
  5.754325150E-02  4.166900671E-02  5.754325150E-02  1.019068995E-01  1.683551741E-01
  2.466877109E-01  3.270333610E-01  4.034766538E-01  4.690754635E-01  5.190670286E-01
  5.513391139E-01  5.664027217E-01  5.637100442E-01  5.470232943E-01  5.215673014E-01
  4.889954574E-01  4.561028043E-01  4.279579462E-01  4.088860009E-01  3.607334896E-01
  3.681886524E-01  3.892064419E-01  4.196245288E-01  4.561028043E-01  4.922336881E-01
  5.202331067E-01  5.371369197E-01  5.379015235E-01  5.208974985E-01  4.840964416E-01
  4.256034772E-01  3.500760711E-01  2.626636704E-01  1.683547389E-01  7.543131867E-02
 -2.403504382E-03 -5.335780488E-02 -7.102483871E-02 -5.335780488E-02 -2.403504382E-03
  7.543131867E-02  1.683547389E-01  2.626636704E-01  3.500760711E-01  4.256034772E-01
  4.840964416E-01  5.208974985E-01  5.379015235E-01  5.371369197E-01  5.202331067E-01
  4.922336881E-01  4.561028043E-01  4.196245288E-01  3.892064419E-01  3.681886524E-01
  3.254028372E-01  3.333397894E-01  3.560236225E-01  3.892064419E-01  4.279579462E-01
  4.662441335E-01  4.969882995E-01  5.147037365E-01  5.148701285E-01  4.960785010E-01
  4.542217842E-01  3.896135473E-01  3.070318223E-01  2.090173814E-01  1.019061382E-01
 -2.403830990E-03 -8.766138939E-02 -1.426072359E-01 -1.616946128E-01 -1.426072359E-01
 -8.766138939E-02 -2.403830990E-03  1.019061382E-01  2.090173814E-01  3.070318223E-01
  3.896135473E-01  4.542217842E-01  4.960785010E-01  5.148701285E-01  5.147037365E-01
  4.969882995E-01  4.662441335E-01  4.279579462E-01  3.892064419E-01  3.560236225E-01
  3.333397894E-01  3.013999106E-01  3.096741417E-01  3.333397894E-01  3.681886524E-01
  4.088860009E-01  4.490862885E-01  4.815437394E-01  5.001640637E-01  4.998223891E-01
  4.794854172E-01  4.346483127E-01  3.658455362E-01  2.788031065E-01  1.735637546E-01
  5.754228787E-02 -5.335833425E-02 -1.426074388E-01 -1.998094247E-01 -2.196760938E-01
 -1.998094247E-01 -1.426074388E-01 -5.335833425E-02  5.754228787E-02  1.735637546E-01
  2.788031065E-01  3.658455362E-01  4.346483127E-01  4.794854172E-01  4.998223891E-01
  5.001640637E-01  4.815437394E-01  4.490862885E-01  4.088860009E-01  3.681886524E-01
  3.333397894E-01  3.096741417E-01  6.437627346E-02  7.864144510E-02  1.200096309E-01
  1.812094779E-01  2.521051249E-01  3.237207049E-01  3.880735880E-01  4.408224448E-01
  4.737776635E-01  4.835204352E-01  4.737788243E-01  4.408247277E-01  3.880769172E-01
  3.237249715E-01  2.521101920E-01  1.812151865E-01  1.200158068E-01  7.864790473E-02
  6.438282814E-02  7.864790473E-02  1.200158068E-01  1.812151865E-01  2.521101920E-01
  3.237249715E-01  3.880769172E-01  4.408247277E-01  4.737788243E-01  4.835204352E-01
  4.737776635E-01  4.408224448E-01  3.880735880E-01  3.237207049E-01  2.521051249E-01
  1.812094779E-01  1.200096309E-01  7.864144510E-02  7.864144510E-02  9.254141918E-02
  1.329716619E-01  1.928956279E-01  2.621839648E-01  3.325315874E-01  3.961673200E-01
  4.474285099E-01  4.794842610E-01  4.894618632E-01  4.794854172E-01  4.474307838E-01
  3.961706365E-01  3.325358382E-01  2.621890136E-01  1.929013167E-01  1.329778171E-01
  9.254785764E-02  7.864797848E-02  9.254785764E-02  1.329778171E-01  1.929013167E-01
  2.621890136E-01  3.325358382E-01  3.961706365E-01  4.474307838E-01  4.794854172E-01
  4.894618632E-01  4.794842610E-01  4.474285099E-01  3.961673200E-01  3.325315874E-01
  2.621839648E-01  1.928956279E-01  1.329716619E-01  9.254141918E-02  1.200096309E-01
  1.329716619E-01  1.704684387E-01  2.261070099E-01  2.906792343E-01  3.567238584E-01
  4.173107763E-01  4.657545574E-01  4.960773589E-01  5.059673601E-01  4.960785010E-01
  4.657568041E-01  4.173140539E-01  3.567280608E-01  2.906842275E-01  2.261126380E-01
  1.704745302E-01  1.329780349E-01  1.200160984E-01  1.329780349E-01  1.704745302E-01
  2.261126380E-01  2.906842275E-01  3.567280608E-01  4.173140539E-01  4.657568041E-01
  4.960785010E-01  5.059673601E-01  4.960773589E-01  4.657545574E-01  4.173107763E-01
  3.567238584E-01  2.906792343E-01  2.261070099E-01  1.704684387E-01  1.329716619E-01
  1.812094779E-01  1.928956279E-01  2.261070099E-01  2.754643280E-01  3.337658417E-01
  3.941397097E-01  4.494311532E-01  4.933133697E-01  5.208963803E-01  5.299844593E-01
  5.208974985E-01  4.933155699E-01  4.494343644E-01  3.941438290E-01  3.337707388E-01
  2.754698509E-01  2.261129901E-01  1.929018865E-01  1.812158299E-01  1.929018865E-01
  2.261129901E-01  2.754698509E-01  3.337707388E-01  3.941438290E-01  4.494343644E-01
  4.933155699E-01  5.208974985E-01  5.299844593E-01  5.208963803E-01  4.933133697E-01
  4.494311532E-01  3.941397097E-01  3.337658417E-01  2.754643280E-01  2.261070099E-01
  1.928956279E-01  2.521051249E-01  2.621839648E-01  2.906792343E-01  3.337658417E-01
  3.849142006E-01  4.387884518E-01  4.885098578E-01  5.266970620E-01  5.513380298E-01
  5.601174027E-01  5.513391139E-01  5.266991958E-01  4.885129736E-01  4.387924512E-01
  3.849189583E-01  3.337712106E-01  2.906850510E-01  2.621900545E-01  2.521113063E-01
  2.621900545E-01  2.906850510E-01  3.337712106E-01  3.849189583E-01  4.387924512E-01
  4.885129736E-01  5.266991958E-01  5.513391139E-01  5.601174027E-01  5.513380298E-01
  5.266970620E-01  4.885098578E-01  4.387884518E-01  3.849142006E-01  3.337658417E-01
  2.906792343E-01  2.621839648E-01  3.237207049E-01  3.325315874E-01  3.567238584E-01
  3.941397097E-01  4.387884518E-01  4.854219505E-01  5.285974797E-01  5.613217075E-01
  5.832327285E-01  5.915760936E-01  5.832337683E-01  5.613237549E-01  5.286004708E-01
  4.854257922E-01  4.387930251E-01  3.941448738E-01  3.567294564E-01  3.325374504E-01
  3.237266570E-01  3.325374504E-01  3.567294564E-01  3.941448738E-01  4.387930251E-01
  4.854257922E-01  5.286004708E-01  5.613237549E-01  5.832337683E-01  5.915760936E-01
  5.832327285E-01  5.613217075E-01  5.285974797E-01  4.854219505E-01  4.387884518E-01
  3.941397097E-01  3.567238584E-01  3.325315874E-01  3.880735880E-01  3.961673200E-01
  4.173107763E-01  4.494311532E-01  4.885098578E-01  5.285974797E-01  5.649861646E-01
  5.937774859E-01  6.131257850E-01  6.199921260E-01  6.131267708E-01  5.937794276E-01
  5.649890027E-01  5.286011273E-01  4.885142029E-01  4.494360630E-01  4.173161015E-01
  3.961728994E-01  3.880792529E-01  3.961728994E-01  4.173161015E-01  4.494360630E-01
  4.885142029E-01  5.286011273E-01  5.649890027E-01  5.937794276E-01  6.131267708E-01
  6.199921260E-01  6.131257850E-01  5.937774859E-01  5.649861646E-01  5.285974797E-01
  4.885098578E-01  4.494311532E-01  4.173107763E-01  3.961673200E-01  4.408224448E-01
  4.474285099E-01  4.657545574E-01  4.933133697E-01  5.266970620E-01  5.613217075E-01
  5.937774859E-01  6.207184500E-01  6.373454934E-01  6.424078006E-01  6.373464167E-01
  6.207202692E-01  5.937801463E-01  5.613251287E-01  5.267011401E-01  4.933179807E-01
  4.657595613E-01  4.474337544E-01  4.408277704E-01  4.474337544E-01  4.657595613E-01
  4.933179807E-01  5.267011401E-01  5.613251287E-01  5.937801463E-01  6.207202692E-01
  6.373464167E-01  6.424078006E-01  6.373454934E-01  6.207184500E-01  5.937774859E-01
  5.613217075E-01  5.266970620E-01  4.933133697E-01  4.657545574E-01  4.474285099E-01
  4.737776635E-01  4.794842610E-01  4.960773589E-01  5.208963803E-01  5.513380298E-01
  5.832327285E-01  6.131257850E-01  6.373454934E-01  6.524784206E-01  6.578993407E-01
  6.524792747E-01  6.373471767E-01  6.131282480E-01  5.832358977E-01  5.513418100E-01
  5.209006572E-01  4.960820025E-01  4.794891296E-01  4.737826079E-01  4.794891296E-01
  4.960820025E-01  5.209006572E-01  5.513418100E-01  5.832358977E-01  6.131282480E-01
  6.373471767E-01  6.524792747E-01  6.578993407E-01  6.524784206E-01  6.373454934E-01
  6.131257850E-01  5.832327285E-01  5.513380298E-01  5.208963803E-01  4.960773589E-01
  4.794842610E-01  4.835204352E-01  4.894618632E-01  5.059673601E-01  5.299844593E-01
  5.601174027E-01  5.915760936E-01  6.199921260E-01  6.424078006E-01  6.578993407E-01
  6.646126573E-01  6.579001213E-01  6.424093395E-01  6.199943786E-01  5.915789939E-01
  5.601208644E-01  5.299883784E-01  5.059716175E-01  4.894663283E-01  4.835249705E-01
  4.894663283E-01  5.059716175E-01  5.299883784E-01  5.601208644E-01  5.915789939E-01
  6.199943786E-01  6.424093395E-01  6.579001213E-01  6.646126573E-01  6.578993407E-01
  6.424078006E-01  6.199921260E-01  5.915760936E-01  5.601174027E-01  5.299844593E-01
  5.059673601E-01  4.894618632E-01  4.737788243E-01  4.794854172E-01  4.960785010E-01
  5.208974985E-01  5.513391139E-01  5.832337683E-01  6.131267708E-01  6.373464167E-01
  6.524792747E-01  6.579001213E-01  6.524799799E-01  6.373478074E-01  6.131288076E-01
  5.832363924E-01  5.513422482E-01  5.209010493E-01  4.960823604E-01  4.794894665E-01
  4.737829377E-01  4.794894665E-01  4.960823604E-01  5.209010493E-01  5.513422482E-01
  5.832363924E-01  6.131288076E-01  6.373478074E-01  6.524799799E-01  6.579001213E-01
  6.524792747E-01  6.373464167E-01  6.131267708E-01  5.832337683E-01  5.513391139E-01
  5.208974985E-01  4.960785010E-01  4.794854172E-01  4.408247277E-01  4.474307838E-01
  4.657568041E-01  4.933155699E-01  5.266991958E-01  5.613237549E-01  5.937794276E-01
  6.207202692E-01  6.373471767E-01  6.424093395E-01  6.373478074E-01  6.207215132E-01
  5.937812507E-01  5.613261054E-01  5.267020056E-01  4.933187555E-01  4.657602687E-01
  4.474344204E-01  4.408284224E-01  4.474344204E-01  4.657602687E-01  4.933187555E-01
  5.267020056E-01  5.613261054E-01  5.937812507E-01  6.207215132E-01  6.373478074E-01
  6.424093395E-01  6.373471767E-01  6.207202692E-01  5.937794276E-01  5.613237549E-01
  5.266991958E-01  4.933155699E-01  4.657568041E-01  4.474307838E-01  3.880769172E-01
  3.961706365E-01  4.173140539E-01  4.494343644E-01  4.885129736E-01  5.286004708E-01
  5.649890027E-01  5.937801463E-01  6.131282480E-01  6.199943786E-01  6.131288076E-01
  5.937812507E-01  5.649906222E-01  5.286025605E-01  4.885154739E-01  4.494372014E-01
  4.173171416E-01  3.961738788E-01  3.880802118E-01  3.961738788E-01  4.173171416E-01
  4.494372014E-01  4.885154739E-01  5.286025605E-01  5.649906222E-01  5.937812507E-01
  6.131288076E-01  6.199943786E-01  6.131282480E-01  5.937801463E-01  5.649890027E-01
  5.286004708E-01  4.885129736E-01  4.494343644E-01  4.173140539E-01  3.961706365E-01
  3.237249715E-01  3.325358382E-01  3.567280608E-01  3.941438290E-01  4.387924512E-01
  4.854257922E-01  5.286011273E-01  5.613251287E-01  5.832358977E-01  5.915789939E-01
  5.832363924E-01  5.613261054E-01  5.286025605E-01  4.854276432E-01  4.387946680E-01
  3.941463467E-01  3.567308029E-01  3.325387189E-01  3.237278992E-01  3.325387189E-01
  3.567308029E-01  3.941463467E-01  4.387946680E-01  4.854276432E-01  5.286025605E-01
  5.613261054E-01  5.832363924E-01  5.915789939E-01  5.832358977E-01  5.613251287E-01
  5.286011273E-01  4.854257922E-01  4.387924512E-01  3.941438290E-01  3.567280608E-01
  3.325358382E-01  2.521101920E-01  2.621890136E-01  2.906842275E-01  3.337707388E-01
  3.849189583E-01  4.387930251E-01  4.885142029E-01  5.267011401E-01  5.513418100E-01
  5.601208644E-01  5.513422482E-01  5.267020056E-01  4.885154739E-01  4.387946680E-01
  3.849209279E-01  3.337729777E-01  2.906866677E-01  2.621915784E-01  2.521127989E-01
  2.621915784E-01  2.906866677E-01  3.337729777E-01  3.849209279E-01  4.387946680E-01
  4.885154739E-01  5.267020056E-01  5.513422482E-01  5.601208644E-01  5.513418100E-01
  5.267011401E-01  4.885142029E-01  4.387930251E-01  3.849189583E-01  3.337707388E-01
  2.906842275E-01  2.621890136E-01  1.812151865E-01  1.929013167E-01  2.261126380E-01
  2.754698509E-01  3.337712106E-01  3.941448738E-01  4.494360630E-01  4.933179807E-01
  5.209006572E-01  5.299883784E-01  5.209010493E-01  4.933187555E-01  4.494372014E-01
  3.941463467E-01  3.337729777E-01  2.754718613E-01  2.261148308E-01  1.929036224E-01
  1.812175305E-01  1.929036224E-01  2.261148308E-01  2.754718613E-01  3.337729777E-01
  3.941463467E-01  4.494372014E-01  4.933187555E-01  5.209010493E-01  5.299883784E-01
  5.209006572E-01  4.933179807E-01  4.494360630E-01  3.941448738E-01  3.337712106E-01
  2.754698509E-01  2.261126380E-01  1.929013167E-01  1.200158068E-01  1.329778171E-01
  1.704745302E-01  2.261129901E-01  2.906850510E-01  3.567294564E-01  4.173161015E-01
  4.657595613E-01  4.960820025E-01  5.059716175E-01  4.960823604E-01  4.657602687E-01
  4.173171416E-01  3.567308029E-01  2.906866677E-01  2.261148308E-01  1.704765390E-01
  1.329799302E-01  1.200179553E-01  1.329799302E-01  1.704765390E-01  2.261148308E-01
  2.906866677E-01  3.567308029E-01  4.173171416E-01  4.657602687E-01  4.960823604E-01
  5.059716175E-01  4.960820025E-01  4.657595613E-01  4.173161015E-01  3.567294564E-01
  2.906850510E-01  2.261129901E-01  1.704745302E-01  1.329778171E-01  7.864790473E-02
  9.254785764E-02  1.329780349E-01  1.929018865E-01  2.621900545E-01  3.325374504E-01
  3.961728994E-01  4.474337544E-01  4.794891296E-01  4.894663283E-01  4.794894665E-01
  4.474344204E-01  3.961738788E-01  3.325387189E-01  2.621915784E-01  1.929036224E-01
  1.329799302E-01  9.254985192E-02  7.864993259E-02  9.254985192E-02  1.329799302E-01
  1.929036224E-01  2.621915784E-01  3.325387189E-01  3.961738788E-01  4.474344204E-01
  4.794894665E-01  4.894663283E-01  4.794891296E-01  4.474337544E-01  3.961728994E-01
  3.325374504E-01  2.621900545E-01  1.929018865E-01  1.329780349E-01  9.254785764E-02
  6.438282814E-02  7.864797848E-02  1.200160984E-01  1.812158299E-01  2.521113063E-01
  3.237266570E-01  3.880792529E-01  4.408277704E-01  4.737826079E-01  4.835249705E-01
  4.737829377E-01  4.408284224E-01  3.880802118E-01  3.237278992E-01  2.521127989E-01
  1.812175305E-01  1.200179553E-01  7.864993259E-02  6.438481522E-02  7.864993259E-02
  1.200179553E-01  1.812175305E-01  2.521127989E-01  3.237278992E-01  3.880802118E-01
  4.408284224E-01  4.737829377E-01  4.835249705E-01  4.737826079E-01  4.408277704E-01
  3.880792529E-01  3.237266570E-01  2.521113063E-01  1.812158299E-01  1.200160984E-01
  7.864797848E-02  7.864790473E-02  9.254785764E-02  1.329780349E-01  1.929018865E-01
  2.621900545E-01  3.325374504E-01  3.961728994E-01  4.474337544E-01  4.794891296E-01
  4.894663283E-01  4.794894665E-01  4.474344204E-01  3.961738788E-01  3.325387189E-01
  2.621915784E-01  1.929036224E-01  1.329799302E-01  9.254985192E-02  7.864993259E-02
  9.254985192E-02  1.329799302E-01  1.929036224E-01  2.621915784E-01  3.325387189E-01
  3.961738788E-01  4.474344204E-01  4.794894665E-01  4.894663283E-01  4.794891296E-01
  4.474337544E-01  3.961728994E-01  3.325374504E-01  2.621900545E-01  1.929018865E-01
  1.329780349E-01  9.254785764E-02  1.200158068E-01  1.329778171E-01  1.704745302E-01
  2.261129901E-01  2.906850510E-01  3.567294564E-01  4.173161015E-01  4.657595613E-01
  4.960820025E-01  5.059716175E-01  4.960823604E-01  4.657602687E-01  4.173171416E-01
  3.567308029E-01  2.906866677E-01  2.261148308E-01  1.704765390E-01  1.329799302E-01
  1.200179553E-01  1.329799302E-01  1.704765390E-01  2.261148308E-01  2.906866677E-01
  3.567308029E-01  4.173171416E-01  4.657602687E-01  4.960823604E-01  5.059716175E-01
  4.960820025E-01  4.657595613E-01  4.173161015E-01  3.567294564E-01  2.906850510E-01
  2.261129901E-01  1.704745302E-01  1.329778171E-01  1.812151865E-01  1.929013167E-01
  2.261126380E-01  2.754698509E-01  3.337712106E-01  3.941448738E-01  4.494360630E-01
  4.933179807E-01  5.209006572E-01  5.299883784E-01  5.209010493E-01  4.933187555E-01
  4.494372014E-01  3.941463467E-01  3.337729777E-01  2.754718613E-01  2.261148308E-01
  1.929036224E-01  1.812175305E-01  1.929036224E-01  2.261148308E-01  2.754718613E-01
  3.337729777E-01  3.941463467E-01  4.494372014E-01  4.933187555E-01  5.209010493E-01
  5.299883784E-01  5.209006572E-01  4.933179807E-01  4.494360630E-01  3.941448738E-01
  3.337712106E-01  2.754698509E-01  2.261126380E-01  1.929013167E-01  2.521101920E-01
  2.621890136E-01  2.906842275E-01  3.337707388E-01  3.849189583E-01  4.387930251E-01
  4.885142029E-01  5.267011401E-01  5.513418100E-01  5.601208644E-01  5.513422482E-01
  5.267020056E-01  4.885154739E-01  4.387946680E-01  3.849209279E-01  3.337729777E-01
  2.906866677E-01  2.621915784E-01  2.521127989E-01  2.621915784E-01  2.906866677E-01
  3.337729777E-01  3.849209279E-01  4.387946680E-01  4.885154739E-01  5.267020056E-01
  5.513422482E-01  5.601208644E-01  5.513418100E-01  5.267011401E-01  4.885142029E-01
  4.387930251E-01  3.849189583E-01  3.337707388E-01  2.906842275E-01  2.621890136E-01
  3.237249715E-01  3.325358382E-01  3.567280608E-01  3.941438290E-01  4.387924512E-01
  4.854257922E-01  5.286011273E-01  5.613251287E-01  5.832358977E-01  5.915789939E-01
  5.832363924E-01  5.613261054E-01  5.286025605E-01  4.854276432E-01  4.387946680E-01
  3.941463467E-01  3.567308029E-01  3.325387189E-01  3.237278992E-01  3.325387189E-01
  3.567308029E-01  3.941463467E-01  4.387946680E-01  4.854276432E-01  5.286025605E-01
  5.613261054E-01  5.832363924E-01  5.915789939E-01  5.832358977E-01  5.613251287E-01
  5.286011273E-01  4.854257922E-01  4.387924512E-01  3.941438290E-01  3.567280608E-01
  3.325358382E-01  3.880769172E-01  3.961706365E-01  4.173140539E-01  4.494343644E-01
  4.885129736E-01  5.286004708E-01  5.649890027E-01  5.937801463E-01  6.131282480E-01
  6.199943786E-01  6.131288076E-01  5.937812507E-01  5.649906222E-01  5.286025605E-01
  4.885154739E-01  4.494372014E-01  4.173171416E-01  3.961738788E-01  3.880802118E-01
  3.961738788E-01  4.173171416E-01  4.494372014E-01  4.885154739E-01  5.286025605E-01
  5.649906222E-01  5.937812507E-01  6.131288076E-01  6.199943786E-01  6.131282480E-01
  5.937801463E-01  5.649890027E-01  5.286004708E-01  4.885129736E-01  4.494343644E-01
  4.173140539E-01  3.961706365E-01  4.408247277E-01  4.474307838E-01  4.657568041E-01
  4.933155699E-01  5.266991958E-01  5.613237549E-01  5.937794276E-01  6.207202692E-01
  6.373471767E-01  6.424093395E-01  6.373478074E-01  6.207215132E-01  5.937812507E-01
  5.613261054E-01  5.267020056E-01  4.933187555E-01  4.657602687E-01  4.474344204E-01
  4.408284224E-01  4.474344204E-01  4.657602687E-01  4.933187555E-01  5.267020056E-01
  5.613261054E-01  5.937812507E-01  6.207215132E-01  6.373478074E-01  6.424093395E-01
  6.373471767E-01  6.207202692E-01  5.937794276E-01  5.613237549E-01  5.266991958E-01
  4.933155699E-01  4.657568041E-01  4.474307838E-01  4.737788243E-01  4.794854172E-01
  4.960785010E-01  5.208974985E-01  5.513391139E-01  5.832337683E-01  6.131267708E-01
  6.373464167E-01  6.524792747E-01  6.579001213E-01  6.524799799E-01  6.373478074E-01
  6.131288076E-01  5.832363924E-01  5.513422482E-01  5.209010493E-01  4.960823604E-01
  4.794894665E-01  4.737829377E-01  4.794894665E-01  4.960823604E-01  5.209010493E-01
  5.513422482E-01  5.832363924E-01  6.131288076E-01  6.373478074E-01  6.524799799E-01
  6.579001213E-01  6.524792747E-01  6.373464167E-01  6.131267708E-01  5.832337683E-01
  5.513391139E-01  5.208974985E-01  4.960785010E-01  4.794854172E-01  4.835204352E-01
  4.894618632E-01  5.059673601E-01  5.299844593E-01  5.601174027E-01  5.915760936E-01
  6.199921260E-01  6.424078006E-01  6.578993407E-01  6.646126573E-01  6.579001213E-01
  6.424093395E-01  6.199943786E-01  5.915789939E-01  5.601208644E-01  5.299883784E-01
  5.059716175E-01  4.894663283E-01  4.835249705E-01  4.894663283E-01  5.059716175E-01
  5.299883784E-01  5.601208644E-01  5.915789939E-01  6.199943786E-01  6.424093395E-01
  6.579001213E-01  6.646126573E-01  6.578993407E-01  6.424078006E-01  6.199921260E-01
  5.915760936E-01  5.601174027E-01  5.299844593E-01  5.059673601E-01  4.894618632E-01
  4.737776635E-01  4.794842610E-01  4.960773589E-01  5.208963803E-01  5.513380298E-01
  5.832327285E-01  6.131257850E-01  6.373454934E-01  6.524784206E-01  6.578993407E-01
  6.524792747E-01  6.373471767E-01  6.131282480E-01  5.832358977E-01  5.513418100E-01
  5.209006572E-01  4.960820025E-01  4.794891296E-01  4.737826079E-01  4.794891296E-01
  4.960820025E-01  5.209006572E-01  5.513418100E-01  5.832358977E-01  6.131282480E-01
  6.373471767E-01  6.524792747E-01  6.578993407E-01  6.524784206E-01  6.373454934E-01
  6.131257850E-01  5.832327285E-01  5.513380298E-01  5.208963803E-01  4.960773589E-01
  4.794842610E-01  4.408224448E-01  4.474285099E-01  4.657545574E-01  4.933133697E-01
  5.266970620E-01  5.613217075E-01  5.937774859E-01  6.207184500E-01  6.373454934E-01
  6.424078006E-01  6.373464167E-01  6.207202692E-01  5.937801463E-01  5.613251287E-01
  5.267011401E-01  4.933179807E-01  4.657595613E-01  4.474337544E-01  4.408277704E-01
  4.474337544E-01  4.657595613E-01  4.933179807E-01  5.267011401E-01  5.613251287E-01
  5.937801463E-01  6.207202692E-01  6.373464167E-01  6.424078006E-01  6.373454934E-01
  6.207184500E-01  5.937774859E-01  5.613217075E-01  5.266970620E-01  4.933133697E-01
  4.657545574E-01  4.474285099E-01  3.880735880E-01  3.961673200E-01  4.173107763E-01
  4.494311532E-01  4.885098578E-01  5.285974797E-01  5.649861646E-01  5.937774859E-01
  6.131257850E-01  6.199921260E-01  6.131267708E-01  5.937794276E-01  5.649890027E-01
  5.286011273E-01  4.885142029E-01  4.494360630E-01  4.173161015E-01  3.961728994E-01
  3.880792529E-01  3.961728994E-01  4.173161015E-01  4.494360630E-01  4.885142029E-01
  5.286011273E-01  5.649890027E-01  5.937794276E-01  6.131267708E-01  6.199921260E-01
  6.131257850E-01  5.937774859E-01  5.649861646E-01  5.285974797E-01  4.885098578E-01
  4.494311532E-01  4.173107763E-01  3.961673200E-01  3.237207049E-01  3.325315874E-01
  3.567238584E-01  3.941397097E-01  4.387884518E-01  4.854219505E-01  5.285974797E-01
  5.613217075E-01  5.832327285E-01  5.915760936E-01  5.832337683E-01  5.613237549E-01
  5.286004708E-01  4.854257922E-01  4.387930251E-01  3.941448738E-01  3.567294564E-01
  3.325374504E-01  3.237266570E-01  3.325374504E-01  3.567294564E-01  3.941448738E-01
  4.387930251E-01  4.854257922E-01  5.286004708E-01  5.613237549E-01  5.832337683E-01
  5.915760936E-01  5.832327285E-01  5.613217075E-01  5.285974797E-01  4.854219505E-01
  4.387884518E-01  3.941397097E-01  3.567238584E-01  3.325315874E-01  2.521051249E-01
  2.621839648E-01  2.906792343E-01  3.337658417E-01  3.849142006E-01  4.387884518E-01
  4.885098578E-01  5.266970620E-01  5.513380298E-01  5.601174027E-01  5.513391139E-01
  5.266991958E-01  4.885129736E-01  4.387924512E-01  3.849189583E-01  3.337712106E-01
  2.906850510E-01  2.621900545E-01  2.521113063E-01  2.621900545E-01  2.906850510E-01
  3.337712106E-01  3.849189583E-01  4.387924512E-01  4.885129736E-01  5.266991958E-01
  5.513391139E-01  5.601174027E-01  5.513380298E-01  5.266970620E-01  4.885098578E-01
  4.387884518E-01  3.849142006E-01  3.337658417E-01  2.906792343E-01  2.621839648E-01
  1.812094779E-01  1.928956279E-01  2.261070099E-01  2.754643280E-01  3.337658417E-01
  3.941397097E-01  4.494311532E-01  4.933133697E-01  5.208963803E-01  5.299844593E-01
  5.208974985E-01  4.933155699E-01  4.494343644E-01  3.941438290E-01  3.337707388E-01
  2.754698509E-01  2.261129901E-01  1.929018865E-01  1.812158299E-01  1.929018865E-01
  2.261129901E-01  2.754698509E-01  3.337707388E-01  3.941438290E-01  4.494343644E-01
  4.933155699E-01  5.208974985E-01  5.299844593E-01  5.208963803E-01  4.933133697E-01
  4.494311532E-01  3.941397097E-01  3.337658417E-01  2.754643280E-01  2.261070099E-01
  1.928956279E-01  1.200096309E-01  1.329716619E-01  1.704684387E-01  2.261070099E-01
  2.906792343E-01  3.567238584E-01  4.173107763E-01  4.657545574E-01  4.960773589E-01
  5.059673601E-01  4.960785010E-01  4.657568041E-01  4.173140539E-01  3.567280608E-01
  2.906842275E-01  2.261126380E-01  1.704745302E-01  1.329780349E-01  1.200160984E-01
  1.329780349E-01  1.704745302E-01  2.261126380E-01  2.906842275E-01  3.567280608E-01
  4.173140539E-01  4.657568041E-01  4.960785010E-01  5.059673601E-01  4.960773589E-01
  4.657545574E-01  4.173107763E-01  3.567238584E-01  2.906792343E-01  2.261070099E-01
  1.704684387E-01  1.329716619E-01  7.864144510E-02  9.254141918E-02  1.329716619E-01
  1.928956279E-01  2.621839648E-01  3.325315874E-01  3.961673200E-01  4.474285099E-01
  4.794842610E-01  4.894618632E-01  4.794854172E-01  4.474307838E-01  3.961706365E-01
  3.325358382E-01  2.621890136E-01  1.929013167E-01  1.329778171E-01  9.254785764E-02
  7.864797848E-02  9.254785764E-02  1.329778171E-01  1.929013167E-01  2.621890136E-01
  3.325358382E-01  3.961706365E-01  4.474307838E-01  4.794854172E-01  4.894618632E-01
  4.794842610E-01  4.474285099E-01  3.961673200E-01  3.325315874E-01  2.621839648E-01
  1.928956279E-01  1.329716619E-01  9.254141918E-02 -2.396414617E-01 -2.196836856E-01
 -1.617021364E-01 -7.103223910E-02  4.166179446E-02  1.603484313E-01  2.683764814E-01
  3.582528592E-01  4.290596976E-01  4.737776635E-01  4.940915893E-01  4.947377653E-01
  4.760104264E-01  4.435081912E-01  4.025245251E-01  3.607380686E-01  3.254078930E-01
  3.014052567E-01  2.928855422E-01  3.014052567E-01  3.254078930E-01  3.607380686E-01
  4.025245251E-01  4.435081912E-01  4.760104264E-01  4.947377653E-01  4.940915893E-01
  4.737776635E-01  4.290596976E-01  3.582528592E-01  2.683764814E-01  1.603484313E-01
  4.166179446E-02 -7.103223910E-02 -1.617021364E-01 -2.196836856E-01 -2.196836856E-01
 -1.998169259E-01 -1.426146690E-01 -5.336511509E-02  5.753612844E-02  1.735583763E-01
  2.787986494E-01  3.658421130E-01  4.346460023E-01  4.794842610E-01  4.998223891E-01
  5.001651832E-01  4.815459053E-01  4.490893949E-01  4.088899137E-01  3.681932147E-01
  3.333448271E-01  3.096794690E-01  3.014053351E-01  3.096794690E-01  3.333448271E-01
  3.681932147E-01  4.088899137E-01  4.490893949E-01  4.815459053E-01  5.001651832E-01
  4.998223891E-01  4.794842610E-01  4.346460023E-01  3.658421130E-01  2.787986494E-01
  1.735583763E-01  5.753612844E-02 -5.336511509E-02 -1.426146690E-01 -1.998169259E-01
 -1.617021364E-01 -1.426146690E-01 -8.766855167E-02 -2.410545153E-03  1.019000425E-01
  2.090120618E-01  3.070274160E-01  3.896101644E-01  4.542195016E-01  4.960773589E-01
  5.148701285E-01  5.147048425E-01  4.969904397E-01  4.662472037E-01  4.279618144E-01
  3.892109533E-01  3.560286050E-01  3.333450592E-01  3.254082035E-01  3.333450592E-01
  3.560286050E-01  3.892109533E-01  4.279618144E-01  4.662472037E-01  4.969904397E-01
  5.147048425E-01  5.148701285E-01  4.960773589E-01  4.542195016E-01  3.896101644E-01
  3.070274160E-01  2.090120618E-01  1.019000425E-01 -2.410545153E-03 -8.766855167E-02
 -1.426146690E-01 -7.103223910E-02 -5.336511509E-02 -2.410545153E-03  7.542472273E-02
  1.683487551E-01  2.626584525E-01  3.500717521E-01  4.256001632E-01  4.840942064E-01
  5.208963803E-01  5.379015235E-01  5.371380028E-01  5.202352032E-01  4.922366968E-01
  4.561065964E-01  4.196289531E-01  3.892113299E-01  3.681938235E-01  3.607387557E-01
  3.681938235E-01  3.892113299E-01  4.196289531E-01  4.561065964E-01  4.922366968E-01
  5.202352032E-01  5.371380028E-01  5.379015235E-01  5.208963803E-01  4.840942064E-01
  4.256001632E-01  3.500717521E-01  2.626584525E-01  1.683487551E-01  7.542472273E-02
 -2.410545153E-03 -5.336511509E-02  4.166179446E-02  5.753612844E-02  1.019000425E-01
  1.683487551E-01  2.466818929E-01  3.270282921E-01  4.034724615E-01  4.690722488E-01
  5.190648613E-01  5.513380298E-01  5.664027217E-01  5.637110947E-01  5.470253285E-01
  5.215702221E-01  4.889991405E-01  4.561071035E-01  4.279626980E-01  4.088910292E-01
  4.025257189E-01  4.088910292E-01  4.279626980E-01  4.561071035E-01  4.889991405E-01
  5.215702221E-01  5.470253285E-01  5.637110947E-01  5.664027217E-01  5.513380298E-01
  5.190648613E-01  4.690722488E-01  4.034724615E-01  3.270282921E-01  2.466818929E-01
  1.683487551E-01  1.019000425E-01  5.753612844E-02  1.603484313E-01  1.735583763E-01
  2.090120618E-01  2.626584525E-01  3.270282921E-01  3.937725110E-01  4.594227798E-01
  5.154976868E-01  5.565135150E-01  5.832327285E-01  5.951033474E-01  5.907982715E-01
  5.750325882E-01  5.510143709E-01  5.215708421E-01  4.922378234E-01  4.662487062E-01
  4.490911288E-01  4.435100033E-01  4.490911288E-01  4.662487062E-01  4.922378234E-01
  5.215708421E-01  5.510143709E-01  5.750325882E-01  5.907982715E-01  5.951033474E-01
  5.832327285E-01  5.565135150E-01  5.154976868E-01  4.594227798E-01  3.937725110E-01
  3.270282921E-01  2.626584525E-01  2.090120618E-01  1.735583763E-01  2.683764814E-01
  2.787986494E-01  3.070274160E-01  3.500717521E-01  4.034724615E-01  4.594227798E-01
  5.125903996E-01  5.580935709E-01  5.917623323E-01  6.131257850E-01  6.211949113E-01
  6.152786313E-01  5.993483108E-01  5.750333009E-01  5.470266605E-01  5.202370407E-01
  4.969926519E-01  4.815483480E-01  4.760129469E-01  4.815483480E-01  4.969926519E-01
  5.202370407E-01  5.470266605E-01  5.750333009E-01  5.993483108E-01  6.152786313E-01
  6.211949113E-01  6.131257850E-01  5.917623323E-01  5.580935709E-01  5.125903996E-01
  4.594227798E-01  4.034724615E-01  3.500717521E-01  3.070274160E-01  2.787986494E-01
  3.582528592E-01  3.658421130E-01  3.896101644E-01  4.256001632E-01  4.690722488E-01
  5.154976868E-01  5.580935709E-01  5.945424268E-01  6.217216665E-01  6.373454934E-01
  6.407901139E-01  6.325485078E-01  6.152794146E-01  5.907997666E-01  5.637132074E-01
  5.371406191E-01  5.147078316E-01  5.001684016E-01  4.947410611E-01  5.001684016E-01
  5.147078316E-01  5.371406191E-01  5.637132074E-01  5.907997666E-01  6.152794146E-01
  6.325485078E-01  6.407901139E-01  6.373454934E-01  6.217216665E-01  5.945424268E-01
  5.580935709E-01  5.154976868E-01  4.690722488E-01  4.256001632E-01  3.896101644E-01
  3.658421130E-01  4.290596976E-01  4.346460023E-01  4.542195016E-01  4.840942064E-01
  5.190648613E-01  5.565135150E-01  5.917623323E-01  6.217216665E-01  6.424383585E-01
  6.524784206E-01  6.515429382E-01  6.407909444E-01  6.211965240E-01  5.951056698E-01
  5.664056590E-01  5.379049616E-01  5.148739368E-01  4.998264249E-01  4.940957019E-01
  4.998264249E-01  5.148739368E-01  5.379049616E-01  5.664056590E-01  5.951056698E-01
  6.211965240E-01  6.407909444E-01  6.515429382E-01  6.524784206E-01  6.424383585E-01
  6.217216665E-01  5.917623323E-01  5.565135150E-01  5.190648613E-01  4.840942064E-01
  4.542195016E-01  4.346460023E-01  4.737776635E-01  4.794842610E-01  4.960773589E-01
  5.208963803E-01  5.513380298E-01  5.832327285E-01  6.131257850E-01  6.373454934E-01
  6.524784206E-01  6.578993407E-01  6.524792747E-01  6.373471767E-01  6.131282480E-01
  5.832358977E-01  5.513418100E-01  5.209006572E-01  4.960820025E-01  4.794891296E-01
  4.737826079E-01  4.794891296E-01  4.960820025E-01  5.209006572E-01  5.513418100E-01
  5.832358977E-01  6.131282480E-01  6.373471767E-01  6.524792747E-01  6.578993407E-01
  6.524784206E-01  6.373454934E-01  6.131257850E-01  5.832327285E-01  5.513380298E-01
  5.208963803E-01  4.960773589E-01  4.794842610E-01  4.940915893E-01  4.998223891E-01
  5.148701285E-01  5.379015235E-01  5.664027217E-01  5.951033474E-01  6.211949113E-01
  6.407901139E-01  6.515429382E-01  6.524792747E-01  6.424400654E-01  6.217241999E-01
  5.917656412E-01  5.565175250E-01  5.190694765E-01  4.840993125E-01  4.542249694E-01
  4.346516916E-01  4.290654616E-01  4.346516916E-01  4.542249694E-01  4.840993125E-01
  5.190694765E-01  5.565175250E-01  5.917656412E-01  6.217241999E-01  6.424400654E-01
  6.524792747E-01  6.515429382E-01  6.407901139E-01  6.211949113E-01  5.951033474E-01
  5.664027217E-01  5.379015235E-01  5.148701285E-01  4.998223891E-01  4.947377653E-01
  5.001651832E-01  5.147048425E-01  5.371380028E-01  5.637110947E-01  5.907982715E-01
  6.152786313E-01  6.325485078E-01  6.407909444E-01  6.373471767E-01  6.217241999E-01
  5.945457822E-01  5.580976959E-01  5.155025057E-01  4.690776649E-01  4.256060623E-01
  3.896164183E-01  3.658485836E-01  3.582594028E-01  3.658485836E-01  3.896164183E-01
  4.256060623E-01  4.690776649E-01  5.155025057E-01  5.580976959E-01  5.945457822E-01
  6.217241999E-01  6.373471767E-01  6.407909444E-01  6.325485078E-01  6.152786313E-01
  5.907982715E-01  5.637110947E-01  5.371380028E-01  5.147048425E-01  5.001651832E-01
  4.760104264E-01  4.815459053E-01  4.969904397E-01  5.202352032E-01  5.470253285E-01
  5.750325882E-01  5.993483108E-01  6.152794146E-01  6.211965240E-01  6.131282480E-01
  5.917656412E-01  5.580976959E-01  5.125952865E-01  4.594283511E-01  4.034786196E-01
  3.500783826E-01  3.070343921E-01  2.788058360E-01  2.683837386E-01  2.788058360E-01
  3.070343921E-01  3.500783826E-01  4.034786196E-01  4.594283511E-01  5.125952865E-01
  5.580976959E-01  5.917656412E-01  6.131282480E-01  6.211965240E-01  6.152794146E-01
  5.993483108E-01  5.750325882E-01  5.470253285E-01  5.202352032E-01  4.969904397E-01
  4.815459053E-01  4.435081912E-01  4.490893949E-01  4.662472037E-01  4.922366968E-01
  5.215702221E-01  5.510143709E-01  5.750333009E-01  5.907997666E-01  5.951056698E-01
  5.832358977E-01  5.565175250E-01  5.155025057E-01  4.594283511E-01  3.937787553E-01
  3.270351103E-01  2.626657302E-01  2.090196739E-01  1.735661912E-01  1.603563142E-01
  1.735661912E-01  2.090196739E-01  2.626657302E-01  3.270351103E-01  3.937787553E-01
  4.594283511E-01  5.155025057E-01  5.565175250E-01  5.832358977E-01  5.951056698E-01
  5.907997666E-01  5.750333009E-01  5.510143709E-01  5.215702221E-01  4.922366968E-01
  4.662472037E-01  4.490893949E-01  4.025245251E-01  4.088899137E-01  4.279618144E-01
  4.561065964E-01  4.889991405E-01  5.215708421E-01  5.470266605E-01  5.637132074E-01
  5.664056590E-01  5.513418100E-01  5.190694765E-01  4.690776649E-01  4.034786196E-01
  3.270351103E-01  2.466892707E-01  1.683565779E-01  1.019081871E-01  5.754446716E-02
  4.167019801E-02  5.754446716E-02  1.019081871E-01  1.683565779E-01  2.466892707E-01
  3.270351103E-01  4.034786196E-01  4.690776649E-01  5.190694765E-01  5.513418100E-01
  5.664056590E-01  5.637132074E-01  5.470266605E-01  5.215708421E-01  4.889991405E-01
  4.561065964E-01  4.279618144E-01  4.088899137E-01  3.607380686E-01  3.681932147E-01
  3.892109533E-01  4.196289531E-01  4.561071035E-01  4.922378234E-01  5.202370407E-01
  5.371406191E-01  5.379049616E-01  5.209006572E-01  4.840993125E-01  4.256060623E-01
  3.500783826E-01  2.626657302E-01  1.683565779E-01  7.543297599E-02 -2.401982802E-03
 -5.335636733E-02 -7.102342963E-02 -5.335636733E-02 -2.401982802E-03  7.543297599E-02
  1.683565779E-01  2.626657302E-01  3.500783826E-01  4.256060623E-01  4.840993125E-01
  5.209006572E-01  5.379049616E-01  5.371406191E-01  5.202370407E-01  4.922378234E-01
  4.561071035E-01  4.196289531E-01  3.892109533E-01  3.681932147E-01  3.254078930E-01
  3.333448271E-01  3.560286050E-01  3.892113299E-01  4.279626980E-01  4.662487062E-01
  4.969926519E-01  5.147078316E-01  5.148739368E-01  4.960820025E-01  4.542249694E-01
  3.896164183E-01  3.070343921E-01  2.090196739E-01  1.019081871E-01 -2.401982802E-03
 -8.765969128E-02 -1.426056308E-01 -1.616930392E-01 -1.426056308E-01 -8.765969128E-02
 -2.401982802E-03  1.019081871E-01  2.090196739E-01  3.070343921E-01  3.896164183E-01
  4.542249694E-01  4.960820025E-01  5.148739368E-01  5.147078316E-01  4.969926519E-01
  4.662487062E-01  4.279626980E-01  3.892113299E-01  3.560286050E-01  3.333448271E-01
  3.014052567E-01  3.096794690E-01  3.333450592E-01  3.681938235E-01  4.088910292E-01
  4.490911288E-01  4.815483480E-01  5.001684016E-01  4.998264249E-01  4.794891296E-01
  4.346516916E-01  3.658485836E-01  2.788058360E-01  1.735661912E-01  5.754446716E-02
 -5.335636733E-02 -1.426056308E-01 -1.998077151E-01 -2.196744176E-01 -1.998077151E-01
 -1.426056308E-01 -5.335636733E-02  5.754446716E-02  1.735661912E-01  2.788058360E-01
  3.658485836E-01  4.346516916E-01  4.794891296E-01  4.998264249E-01  5.001684016E-01
  4.815483480E-01  4.490911288E-01  4.088910292E-01  3.681938235E-01  3.333450592E-01
  3.096794690E-01  2.928855422E-01  3.014053351E-01  3.254082035E-01  3.607387557E-01
  4.025257189E-01  4.435100033E-01  4.760129469E-01  4.947410611E-01  4.940957019E-01
  4.737826079E-01  4.290654616E-01  3.582594028E-01  2.683837386E-01  1.603563142E-01
  4.167019801E-02 -7.102342963E-02 -1.616930392E-01 -2.196744176E-01 -2.396321372E-01
 -2.196744176E-01 -1.616930392E-01 -7.102342963E-02  4.167019801E-02  1.603563142E-01
  2.683837386E-01  3.582594028E-01  4.290654616E-01  4.737826079E-01  4.940957019E-01
  4.947410611E-01  4.760129469E-01  4.435100033E-01  4.025257189E-01  3.607387557E-01
  3.254082035E-01  3.014053351E-01  3.014052567E-01  3.096794690E-01  3.333450592E-01
  3.681938235E-01  4.088910292E-01  4.490911288E-01  4.815483480E-01  5.001684016E-01
  4.998264249E-01  4.794891296E-01  4.346516916E-01  3.658485836E-01  2.788058360E-01
  1.735661912E-01  5.754446716E-02 -5.335636733E-02 -1.426056308E-01 -1.998077151E-01
 -2.196744176E-01 -1.998077151E-01 -1.426056308E-01 -5.335636733E-02  5.754446716E-02
  1.735661912E-01  2.788058360E-01  3.658485836E-01  4.346516916E-01  4.794891296E-01
  4.998264249E-01  5.001684016E-01  4.815483480E-01  4.490911288E-01  4.088910292E-01
  3.681938235E-01  3.333450592E-01  3.096794690E-01  3.254078930E-01  3.333448271E-01
  3.560286050E-01  3.892113299E-01  4.279626980E-01  4.662487062E-01  4.969926519E-01
  5.147078316E-01  5.148739368E-01  4.960820025E-01  4.542249694E-01  3.896164183E-01
  3.070343921E-01  2.090196739E-01  1.019081871E-01 -2.401982802E-03 -8.765969128E-02
 -1.426056308E-01 -1.616930392E-01 -1.426056308E-01 -8.765969128E-02 -2.401982802E-03
  1.019081871E-01  2.090196739E-01  3.070343921E-01  3.896164183E-01  4.542249694E-01
  4.960820025E-01  5.148739368E-01  5.147078316E-01  4.969926519E-01  4.662487062E-01
  4.279626980E-01  3.892113299E-01  3.560286050E-01  3.333448271E-01  3.607380686E-01
  3.681932147E-01  3.892109533E-01  4.196289531E-01  4.561071035E-01  4.922378234E-01
  5.202370407E-01  5.371406191E-01  5.379049616E-01  5.209006572E-01  4.840993125E-01
  4.256060623E-01  3.500783826E-01  2.626657302E-01  1.683565779E-01  7.543297599E-02
 -2.401982802E-03 -5.335636733E-02 -7.102342963E-02 -5.335636733E-02 -2.401982802E-03
  7.543297599E-02  1.683565779E-01  2.626657302E-01  3.500783826E-01  4.256060623E-01
  4.840993125E-01  5.209006572E-01  5.379049616E-01  5.371406191E-01  5.202370407E-01
  4.922378234E-01  4.561071035E-01  4.196289531E-01  3.892109533E-01  3.681932147E-01
  4.025245251E-01  4.088899137E-01  4.279618144E-01  4.561065964E-01  4.889991405E-01
  5.215708421E-01  5.470266605E-01  5.637132074E-01  5.664056590E-01  5.513418100E-01
  5.190694765E-01  4.690776649E-01  4.034786196E-01  3.270351103E-01  2.466892707E-01
  1.683565779E-01  1.019081871E-01  5.754446716E-02  4.167019801E-02  5.754446716E-02
  1.019081871E-01  1.683565779E-01  2.466892707E-01  3.270351103E-01  4.034786196E-01
  4.690776649E-01  5.190694765E-01  5.513418100E-01  5.664056590E-01  5.637132074E-01
  5.470266605E-01  5.215708421E-01  4.889991405E-01  4.561065964E-01  4.279618144E-01
  4.088899137E-01  4.435081912E-01  4.490893949E-01  4.662472037E-01  4.922366968E-01
  5.215702221E-01  5.510143709E-01  5.750333009E-01  5.907997666E-01  5.951056698E-01
  5.832358977E-01  5.565175250E-01  5.155025057E-01  4.594283511E-01  3.937787553E-01
  3.270351103E-01  2.626657302E-01  2.090196739E-01  1.735661912E-01  1.603563142E-01
  1.735661912E-01  2.090196739E-01  2.626657302E-01  3.270351103E-01  3.937787553E-01
  4.594283511E-01  5.155025057E-01  5.565175250E-01  5.832358977E-01  5.951056698E-01
  5.907997666E-01  5.750333009E-01  5.510143709E-01  5.215702221E-01  4.922366968E-01
  4.662472037E-01  4.490893949E-01  4.760104264E-01  4.815459053E-01  4.969904397E-01
  5.202352032E-01  5.470253285E-01  5.750325882E-01  5.993483108E-01  6.152794146E-01
  6.211965240E-01  6.131282480E-01  5.917656412E-01  5.580976959E-01  5.125952865E-01
  4.594283511E-01  4.034786196E-01  3.500783826E-01  3.070343921E-01  2.788058360E-01
  2.683837386E-01  2.788058360E-01  3.070343921E-01  3.500783826E-01  4.034786196E-01
  4.594283511E-01  5.125952865E-01  5.580976959E-01  5.917656412E-01  6.131282480E-01
  6.211965240E-01  6.152794146E-01  5.993483108E-01  5.750325882E-01  5.470253285E-01
  5.202352032E-01  4.969904397E-01  4.815459053E-01  4.947377653E-01  5.001651832E-01
  5.147048425E-01  5.371380028E-01  5.637110947E-01  5.907982715E-01  6.152786313E-01
  6.325485078E-01  6.407909444E-01  6.373471767E-01  6.217241999E-01  5.945457822E-01
  5.580976959E-01  5.155025057E-01  4.690776649E-01  4.256060623E-01  3.896164183E-01
  3.658485836E-01  3.582594028E-01  3.658485836E-01  3.896164183E-01  4.256060623E-01
  4.690776649E-01  5.155025057E-01  5.580976959E-01  5.945457822E-01  6.217241999E-01
  6.373471767E-01  6.407909444E-01  6.325485078E-01  6.152786313E-01  5.907982715E-01
  5.637110947E-01  5.371380028E-01  5.147048425E-01  5.001651832E-01  4.940915893E-01
  4.998223891E-01  5.148701285E-01  5.379015235E-01  5.664027217E-01  5.951033474E-01
  6.211949113E-01  6.407901139E-01  6.515429382E-01  6.524792747E-01  6.424400654E-01
  6.217241999E-01  5.917656412E-01  5.565175250E-01  5.190694765E-01  4.840993125E-01
  4.542249694E-01  4.346516916E-01  4.290654616E-01  4.346516916E-01  4.542249694E-01
  4.840993125E-01  5.190694765E-01  5.565175250E-01  5.917656412E-01  6.217241999E-01
  6.424400654E-01  6.524792747E-01  6.515429382E-01  6.407901139E-01  6.211949113E-01
  5.951033474E-01  5.664027217E-01  5.379015235E-01  5.148701285E-01  4.998223891E-01
  4.737776635E-01  4.794842610E-01  4.960773589E-01  5.208963803E-01  5.513380298E-01
  5.832327285E-01  6.131257850E-01  6.373454934E-01  6.524784206E-01  6.578993407E-01
  6.524792747E-01  6.373471767E-01  6.131282480E-01  5.832358977E-01  5.513418100E-01
  5.209006572E-01  4.960820025E-01  4.794891296E-01  4.737826079E-01  4.794891296E-01
  4.960820025E-01  5.209006572E-01  5.513418100E-01  5.832358977E-01  6.131282480E-01
  6.373471767E-01  6.524792747E-01  6.578993407E-01  6.524784206E-01  6.373454934E-01
  6.131257850E-01  5.832327285E-01  5.513380298E-01  5.208963803E-01  4.960773589E-01
  4.794842610E-01  4.290596976E-01  4.346460023E-01  4.542195016E-01  4.840942064E-01
  5.190648613E-01  5.565135150E-01  5.917623323E-01  6.217216665E-01  6.424383585E-01
  6.524784206E-01  6.515429382E-01  6.407909444E-01  6.211965240E-01  5.951056698E-01
  5.664056590E-01  5.379049616E-01  5.148739368E-01  4.998264249E-01  4.940957019E-01
  4.998264249E-01  5.148739368E-01  5.379049616E-01  5.664056590E-01  5.951056698E-01
  6.211965240E-01  6.407909444E-01  6.515429382E-01  6.524784206E-01  6.424383585E-01
  6.217216665E-01  5.917623323E-01  5.565135150E-01  5.190648613E-01  4.840942064E-01
  4.542195016E-01  4.346460023E-01  3.582528592E-01  3.658421130E-01  3.896101644E-01
  4.256001632E-01  4.690722488E-01  5.154976868E-01  5.580935709E-01  5.945424268E-01
  6.217216665E-01  6.373454934E-01  6.407901139E-01  6.325485078E-01  6.152794146E-01
  5.907997666E-01  5.637132074E-01  5.371406191E-01  5.147078316E-01  5.001684016E-01
  4.947410611E-01  5.001684016E-01  5.147078316E-01  5.371406191E-01  5.637132074E-01
  5.907997666E-01  6.152794146E-01  6.325485078E-01  6.407901139E-01  6.373454934E-01
  6.217216665E-01  5.945424268E-01  5.580935709E-01  5.154976868E-01  4.690722488E-01
  4.256001632E-01  3.896101644E-01  3.658421130E-01  2.683764814E-01  2.787986494E-01
  3.070274160E-01  3.500717521E-01  4.034724615E-01  4.594227798E-01  5.125903996E-01
  5.580935709E-01  5.917623323E-01  6.131257850E-01  6.211949113E-01  6.152786313E-01
  5.993483108E-01  5.750333009E-01  5.470266605E-01  5.202370407E-01  4.969926519E-01
  4.815483480E-01  4.760129469E-01  4.815483480E-01  4.969926519E-01  5.202370407E-01
  5.470266605E-01  5.750333009E-01  5.993483108E-01  6.152786313E-01  6.211949113E-01
  6.131257850E-01  5.917623323E-01  5.580935709E-01  5.125903996E-01  4.594227798E-01
  4.034724615E-01  3.500717521E-01  3.070274160E-01  2.787986494E-01  1.603484313E-01
  1.735583763E-01  2.090120618E-01  2.626584525E-01  3.270282921E-01  3.937725110E-01
  4.594227798E-01  5.154976868E-01  5.565135150E-01  5.832327285E-01  5.951033474E-01
  5.907982715E-01  5.750325882E-01  5.510143709E-01  5.215708421E-01  4.922378234E-01
  4.662487062E-01  4.490911288E-01  4.435100033E-01  4.490911288E-01  4.662487062E-01
  4.922378234E-01  5.215708421E-01  5.510143709E-01  5.750325882E-01  5.907982715E-01
  5.951033474E-01  5.832327285E-01  5.565135150E-01  5.154976868E-01  4.594227798E-01
  3.937725110E-01  3.270282921E-01  2.626584525E-01  2.090120618E-01  1.735583763E-01
  4.166179446E-02  5.753612844E-02  1.019000425E-01  1.683487551E-01  2.466818929E-01
  3.270282921E-01  4.034724615E-01  4.690722488E-01  5.190648613E-01  5.513380298E-01
  5.664027217E-01  5.637110947E-01  5.470253285E-01  5.215702221E-01  4.889991405E-01
  4.561071035E-01  4.279626980E-01  4.088910292E-01  4.025257189E-01  4.088910292E-01
  4.279626980E-01  4.561071035E-01  4.889991405E-01  5.215702221E-01  5.470253285E-01
  5.637110947E-01  5.664027217E-01  5.513380298E-01  5.190648613E-01  4.690722488E-01
  4.034724615E-01  3.270282921E-01  2.466818929E-01  1.683487551E-01  1.019000425E-01
  5.753612844E-02 -7.103223910E-02 -5.336511509E-02 -2.410545153E-03  7.542472273E-02
  1.683487551E-01  2.626584525E-01  3.500717521E-01  4.256001632E-01  4.840942064E-01
  5.208963803E-01  5.379015235E-01  5.371380028E-01  5.202352032E-01  4.922366968E-01
  4.561065964E-01  4.196289531E-01  3.892113299E-01  3.681938235E-01  3.607387557E-01
  3.681938235E-01  3.892113299E-01  4.196289531E-01  4.561065964E-01  4.922366968E-01
  5.202352032E-01  5.371380028E-01  5.379015235E-01  5.208963803E-01  4.840942064E-01
  4.256001632E-01  3.500717521E-01  2.626584525E-01  1.683487551E-01  7.542472273E-02
 -2.410545153E-03 -5.336511509E-02 -1.617021364E-01 -1.426146690E-01 -8.766855167E-02
 -2.410545153E-03  1.019000425E-01  2.090120618E-01  3.070274160E-01  3.896101644E-01
  4.542195016E-01  4.960773589E-01  5.148701285E-01  5.147048425E-01  4.969904397E-01
  4.662472037E-01  4.279618144E-01  3.892109533E-01  3.560286050E-01  3.333450592E-01
  3.254082035E-01  3.333450592E-01  3.560286050E-01  3.892109533E-01  4.279618144E-01
  4.662472037E-01  4.969904397E-01  5.147048425E-01  5.148701285E-01  4.960773589E-01
  4.542195016E-01  3.896101644E-01  3.070274160E-01  2.090120618E-01  1.019000425E-01
 -2.410545153E-03 -8.766855167E-02 -1.426146690E-01 -2.196836856E-01 -1.998169259E-01
 -1.426146690E-01 -5.336511509E-02  5.753612844E-02  1.735583763E-01  2.787986494E-01
  3.658421130E-01  4.346460023E-01  4.794842610E-01  4.998223891E-01  5.001651832E-01
  4.815459053E-01  4.490893949E-01  4.088899137E-01  3.681932147E-01  3.333448271E-01
  3.096794690E-01  3.014053351E-01  3.096794690E-01  3.333448271E-01  3.681932147E-01
  4.088899137E-01  4.490893949E-01  4.815459053E-01  5.001651832E-01  4.998223891E-01
  4.794842610E-01  4.346460023E-01  3.658421130E-01  2.787986494E-01  1.735583763E-01
  5.753612844E-02 -5.336511509E-02 -1.426146690E-01 -1.998169259E-01 -5.787011088E-01
 -5.534662663E-01 -4.801318589E-01 -3.664854933E-01 -2.223525625E-01 -5.828850140E-02
  1.073387814E-01  2.483874915E-01  3.582528592E-01  4.408224448E-01  4.947366413E-01
  5.238199239E-01  5.328806718E-01  5.267682238E-01  5.107068125E-01  4.899362999E-01
  4.705894091E-01  4.569266976E-01  4.515012419E-01  4.569266976E-01  4.705894091E-01
  4.899362999E-01  5.107068125E-01  5.267682238E-01  5.328806718E-01  5.238199239E-01
  4.947366413E-01  4.408224448E-01  3.582528592E-01  2.483874915E-01  1.073387814E-01
 -5.828850140E-02 -2.223525625E-01 -3.664854933E-01 -4.801318589E-01 -5.534662663E-01
 -5.534662663E-01 -5.281305600E-01 -4.561367834E-01 -3.451060158E-01 -2.024578175E-01
 -4.040939440E-02  1.215081523E-01  2.586402426E-01  3.658421130E-01  4.474285099E-01
  5.001640637E-01  5.282277295E-01  5.369437581E-01  5.304706386E-01  5.147184734E-01
  4.944052008E-01  4.752453468E-01  4.620312122E-01  4.569267804E-01  4.620312122E-01
  4.752453468E-01  4.944052008E-01  5.147184734E-01  5.304706386E-01  5.369437581E-01
  5.282277295E-01  5.001640637E-01  4.474285099E-01  3.658421130E-01  2.586402426E-01
  1.215081523E-01 -4.040939440E-02 -2.024578175E-01 -3.451060158E-01 -4.561367834E-01
 -5.281305600E-01 -4.801318589E-01 -4.561367834E-01 -3.876130524E-01 -2.813345641E-01
 -1.437238373E-01  1.077256456E-02  1.619273908E-01  2.894671811E-01  3.896101644E-01
  4.657545574E-01  5.147037365E-01  5.408181835E-01  5.485021680E-01  5.418739242E-01
  5.267206914E-01  5.067755680E-01  4.878800230E-01  4.752455924E-01  4.705897376E-01
  4.752455924E-01  4.878800230E-01  5.067755680E-01  5.267206914E-01  5.418739242E-01
  5.485021680E-01  5.408181835E-01  5.147037365E-01  4.657545574E-01  3.896101644E-01
  2.894671811E-01  1.619273908E-01  1.077256456E-02 -1.437238373E-01 -2.813345641E-01
 -3.876130524E-01 -4.561367834E-01 -3.664854933E-01 -3.451060158E-01 -2.813345641E-01
 -1.812060566E-01 -5.266192732E-02  8.880343202E-02  2.220840107E-01  3.346982766E-01
  4.256001632E-01  4.933133697E-01  5.371369197E-01  5.606777373E-01  5.656523845E-01
  5.582766680E-01  5.432129067E-01  5.243283712E-01  5.067759678E-01  4.944058462E-01
  4.899370282E-01  4.944058462E-01  5.067759678E-01  5.243283712E-01  5.432129067E-01
  5.582766680E-01  5.656523845E-01  5.606777373E-01  5.371369197E-01  4.933133697E-01
  4.256001632E-01  3.346982766E-01  2.220840107E-01  8.880343202E-02 -5.266192732E-02
 -1.812060566E-01 -2.813345641E-01 -3.451060158E-01 -2.223525625E-01 -2.024578175E-01
 -1.437238373E-01 -5.266192732E-02  6.149685563E-02  1.827894815E-01  2.937935590E-01
  3.894086159E-01  4.690722488E-01  5.266970620E-01  5.637100442E-01  5.831455591E-01
  5.852350025E-01  5.769036690E-01  5.612744852E-01  5.432134470E-01  5.267216314E-01
  5.147196590E-01  5.107080810E-01  5.147196590E-01  5.267216314E-01  5.432134470E-01
  5.612744852E-01  5.769036690E-01  5.852350025E-01  5.831455591E-01  5.637100442E-01
  5.266970620E-01  4.690722488E-01  3.894086159E-01  2.937935590E-01  1.827894815E-01
  6.149685563E-02 -5.266192732E-02 -1.437238373E-01 -2.024578175E-01 -5.828850140E-02
 -4.040939440E-02  1.077256456E-02  8.880343202E-02  1.827894815E-01  2.788257245E-01
  3.692235931E-01  4.499908702E-01  5.154976868E-01  5.613217075E-01  5.907972634E-01
  6.050389208E-01  6.041578677E-01  5.939375243E-01  5.769043323E-01  5.582778713E-01
  5.418755269E-01  5.304724866E-01  5.267701546E-01  5.304724866E-01  5.418755269E-01
  5.582778713E-01  5.769043323E-01  5.939375243E-01  6.041578677E-01  6.050389208E-01
  5.907972634E-01  5.613217075E-01  5.154976868E-01  4.499908702E-01  3.692235931E-01
  2.788257245E-01  1.827894815E-01  8.880343202E-02  1.077256456E-02 -4.040939440E-02
  1.073387814E-01  1.215081523E-01  1.619273908E-01  2.220840107E-01  2.937935590E-01
  3.692235931E-01  4.423693181E-01  5.071197388E-01  5.580935709E-01  5.937774859E-01
  6.152776748E-01  6.227095328E-01  6.178683160E-01  6.041586330E-01  5.852364307E-01
  5.656543520E-01  5.485045342E-01  5.369463692E-01  5.328833655E-01  5.369463692E-01
  5.485045342E-01  5.656543520E-01  5.852364307E-01  6.041586330E-01  6.178683160E-01
  6.227095328E-01  6.152776748E-01  5.937774859E-01  5.580935709E-01  5.071197388E-01
  4.423693181E-01  3.692235931E-01  2.937935590E-01  2.220840107E-01  1.619273908E-01
  1.215081523E-01  2.483874915E-01  2.586402426E-01  2.894671811E-01  3.346982766E-01
  3.894086159E-01  4.499908702E-01  5.071197388E-01  5.558955015E-01  5.945424268E-01
  6.207184500E-01  6.325476111E-01  6.319750475E-01  6.227103767E-01  6.050405294E-01
  5.831478295E-01  5.606805458E-01  5.408213896E-01  5.282311797E-01  5.238234564E-01
  5.282311797E-01  5.408213896E-01  5.606805458E-01  5.831478295E-01  6.050405294E-01
  6.227103767E-01  6.319750475E-01  6.325476111E-01  6.207184500E-01  5.945424268E-01
  5.558955015E-01  5.071197388E-01  4.499908702E-01  3.894086159E-01  3.346982766E-01
  2.894671811E-01  2.586402426E-01  3.582528592E-01  3.658421130E-01  3.896101644E-01
  4.256001632E-01  4.690722488E-01  5.154976868E-01  5.580935709E-01  5.945424268E-01
  6.217216665E-01  6.373454934E-01  6.407901139E-01  6.325485078E-01  6.152794146E-01
  5.907997666E-01  5.637132074E-01  5.371406191E-01  5.147078316E-01  5.001684016E-01
  4.947410611E-01  5.001684016E-01  5.147078316E-01  5.371406191E-01  5.637132074E-01
  5.907997666E-01  6.152794146E-01  6.325485078E-01  6.407901139E-01  6.373454934E-01
  6.217216665E-01  5.945424268E-01  5.580935709E-01  5.154976868E-01  4.690722488E-01
  4.256001632E-01  3.896101644E-01  3.658421130E-01  4.408224448E-01  4.474285099E-01
  4.657545574E-01  4.933133697E-01  5.266970620E-01  5.613217075E-01  5.937774859E-01
  6.207184500E-01  6.373454934E-01  6.424078006E-01  6.373464167E-01  6.207202692E-01
  5.937801463E-01  5.613251287E-01  5.267011401E-01  4.933179807E-01  4.657595613E-01
  4.474337544E-01  4.408277704E-01  4.474337544E-01  4.657595613E-01  4.933179807E-01
  5.267011401E-01  5.613251287E-01  5.937801463E-01  6.207202692E-01  6.373464167E-01
  6.424078006E-01  6.373454934E-01  6.207184500E-01  5.937774859E-01  5.613217075E-01
  5.266970620E-01  4.933133697E-01  4.657545574E-01  4.474285099E-01  4.947366413E-01
  5.001640637E-01  5.147037365E-01  5.371369197E-01  5.637100442E-01  5.907972634E-01
  6.152776748E-01  6.325476111E-01  6.407901139E-01  6.373464167E-01  6.217235122E-01
  5.945451661E-01  5.580971481E-01  5.155020205E-01  4.690772343E-01  4.256056762E-01
  3.896160653E-01  3.658482511E-01  3.582590772E-01  3.658482511E-01  3.896160653E-01
  4.256056762E-01  4.690772343E-01  5.155020205E-01  5.580971481E-01  5.945451661E-01
  6.217235122E-01  6.373464167E-01  6.407901139E-01  6.325476111E-01  6.152776748E-01
  5.907972634E-01  5.637100442E-01  5.371369197E-01  5.147037365E-01  5.001640637E-01
  5.238199239E-01  5.282277295E-01  5.408181835E-01  5.606777373E-01  5.831455591E-01
  6.050389208E-01  6.227095328E-01  6.319750475E-01  6.325485078E-01  6.207202692E-01
  5.945451661E-01  5.558991309E-01  5.071242009E-01  4.499960819E-01  3.894144712E-01
  3.347046509E-01  2.894739356E-01  2.586472290E-01  2.483945559E-01  2.586472290E-01
  2.894739356E-01  3.347046509E-01  3.894144712E-01  4.499960819E-01  5.071242009E-01
  5.558991309E-01  5.945451661E-01  6.207202692E-01  6.325485078E-01  6.319750475E-01
  6.227095328E-01  6.050389208E-01  5.831455591E-01  5.606777373E-01  5.408181835E-01
  5.282277295E-01  5.328806718E-01  5.369437581E-01  5.485021680E-01  5.656523845E-01
  5.852350025E-01  6.041578677E-01  6.178683160E-01  6.227103767E-01  6.152794146E-01
  5.937801463E-01  5.580971481E-01  5.071242009E-01  4.423746052E-01  3.692296197E-01
  2.938002175E-01  2.220911759E-01  1.619349252E-01  1.215159110E-01  1.073466152E-01
  1.215159110E-01  1.619349252E-01  2.220911759E-01  2.938002175E-01  3.692296197E-01
  4.423746052E-01  5.071242009E-01  5.580971481E-01  5.937801463E-01  6.152794146E-01
  6.227103767E-01  6.178683160E-01  6.041578677E-01  5.852350025E-01  5.656523845E-01
  5.485021680E-01  5.369437581E-01  5.267682238E-01  5.304706386E-01  5.418739242E-01
  5.582766680E-01  5.769036690E-01  5.939375243E-01  6.041586330E-01  6.050405294E-01
  5.907997666E-01  5.613251287E-01  5.155020205E-01  4.499960819E-01  3.692296197E-01
  2.788324775E-01  1.827968509E-01  8.881129200E-02  1.078077944E-02 -4.040096534E-02
 -5.828000080E-02 -4.040096534E-02  1.078077944E-02  8.881129200E-02  1.827968509E-01
  2.788324775E-01  3.692296197E-01  4.499960819E-01  5.155020205E-01  5.613251287E-01
  5.907997666E-01  6.050405294E-01  6.041586330E-01  5.939375243E-01  5.769036690E-01
  5.582766680E-01  5.418739242E-01  5.304706386E-01  5.107068125E-01  5.147184734E-01
  5.267206914E-01  5.432129067E-01  5.612744852E-01  5.769043323E-01  5.852364307E-01
  5.831478295E-01  5.637132074E-01  5.267011401E-01  4.690772343E-01  3.894144712E-01
  2.938002175E-01  1.827968509E-01  6.150482319E-02 -5.265348812E-02 -1.437150600E-01
 -2.024488377E-01 -2.223435154E-01 -2.024488377E-01 -1.437150600E-01 -5.265348812E-02
  6.150482319E-02  1.827968509E-01  2.938002175E-01  3.894144712E-01  4.690772343E-01
  5.267011401E-01  5.637132074E-01  5.831478295E-01  5.852364307E-01  5.769043323E-01
  5.612744852E-01  5.432129067E-01  5.267206914E-01  5.147184734E-01  4.899362999E-01
  4.944052008E-01  5.067755680E-01  5.243283712E-01  5.432134470E-01  5.582778713E-01
  5.656543520E-01  5.606805458E-01  5.371406191E-01  4.933179807E-01  4.256056762E-01
  3.347046509E-01  2.220911759E-01  8.881129200E-02 -5.265348812E-02 -1.811971654E-01
 -2.813253522E-01 -3.450966133E-01 -3.664760278E-01 -3.450966133E-01 -2.813253522E-01
 -1.811971654E-01 -5.265348812E-02  8.881129200E-02  2.220911759E-01  3.347046509E-01
  4.256056762E-01  4.933179807E-01  5.371406191E-01  5.606805458E-01  5.656543520E-01
  5.582778713E-01  5.432134470E-01  5.243283712E-01  5.067755680E-01  4.944052008E-01
  4.705894091E-01  4.752453468E-01  4.878800230E-01  5.067759678E-01  5.267216314E-01
  5.418755269E-01  5.485045342E-01  5.408213896E-01  5.147078316E-01  4.657595613E-01
  3.896160653E-01  2.894739356E-01  1.619349252E-01  1.078077944E-02 -1.437150600E-01
 -2.813253522E-01 -3.876035350E-01 -4.561270860E-01 -4.801221022E-01 -4.561270860E-01
 -3.876035350E-01 -2.813253522E-01 -1.437150600E-01  1.078077944E-02  1.619349252E-01
  2.894739356E-01  3.896160653E-01  4.657595613E-01  5.147078316E-01  5.408213896E-01
  5.485045342E-01  5.418755269E-01  5.267216314E-01  5.067759678E-01  4.878800230E-01
  4.752453468E-01  4.569266976E-01  4.620312122E-01  4.752455924E-01  4.944058462E-01
  5.147196590E-01  5.304724866E-01  5.369463692E-01  5.282311797E-01  5.001684016E-01
  4.474337544E-01  3.658482511E-01  2.586472290E-01  1.215159110E-01 -4.040096534E-02
 -2.024488377E-01 -3.450966133E-01 -4.561270860E-01 -5.281206898E-01 -5.534563393E-01
 -5.281206898E-01 -4.561270860E-01 -3.450966133E-01 -2.024488377E-01 -4.040096534E-02
  1.215159110E-01  2.586472290E-01  3.658482511E-01  4.474337544E-01  5.001684016E-01
  5.282311797E-01  5.369463692E-01  5.304724866E-01  5.147196590E-01  4.944058462E-01
  4.752455924E-01  4.620312122E-01  4.515012419E-01  4.569267804E-01  4.705897376E-01
  4.899370282E-01  5.107080810E-01  5.267701546E-01  5.328833655E-01  5.238234564E-01
  4.947410611E-01  4.408277704E-01  3.582590772E-01  2.483945559E-01  1.073466152E-01
 -5.828000080E-02 -2.223435154E-01 -3.664760278E-01 -4.801221022E-01 -5.534563393E-01
 -5.786911259E-01 -5.534563393E-01 -4.801221022E-01 -3.664760278E-01 -2.223435154E-01
 -5.828000080E-02  1.073466152E-01  2.483945559E-01  3.582590772E-01  4.408277704E-01
  4.947410611E-01  5.238234564E-01  5.328833655E-01  5.267701546E-01  5.107080810E-01
  4.899370282E-01  4.705897376E-01  4.569267804E-01  4.569266976E-01  4.620312122E-01
  4.752455924E-01  4.944058462E-01  5.147196590E-01  5.304724866E-01  5.369463692E-01
  5.282311797E-01  5.001684016E-01  4.474337544E-01  3.658482511E-01  2.586472290E-01
  1.215159110E-01 -4.040096534E-02 -2.024488377E-01 -3.450966133E-01 -4.561270860E-01
 -5.281206898E-01 -5.534563393E-01 -5.281206898E-01 -4.561270860E-01 -3.450966133E-01
 -2.024488377E-01 -4.040096534E-02  1.215159110E-01  2.586472290E-01  3.658482511E-01
  4.474337544E-01  5.001684016E-01  5.282311797E-01  5.369463692E-01  5.304724866E-01
  5.147196590E-01  4.944058462E-01  4.752455924E-01  4.620312122E-01  4.705894091E-01
  4.752453468E-01  4.878800230E-01  5.067759678E-01  5.267216314E-01  5.418755269E-01
  5.485045342E-01  5.408213896E-01  5.147078316E-01  4.657595613E-01  3.896160653E-01
  2.894739356E-01  1.619349252E-01  1.078077944E-02 -1.437150600E-01 -2.813253522E-01
 -3.876035350E-01 -4.561270860E-01 -4.801221022E-01 -4.561270860E-01 -3.876035350E-01
 -2.813253522E-01 -1.437150600E-01  1.078077944E-02  1.619349252E-01  2.894739356E-01
  3.896160653E-01  4.657595613E-01  5.147078316E-01  5.408213896E-01  5.485045342E-01
  5.418755269E-01  5.267216314E-01  5.067759678E-01  4.878800230E-01  4.752453468E-01
  4.899362999E-01  4.944052008E-01  5.067755680E-01  5.243283712E-01  5.432134470E-01
  5.582778713E-01  5.656543520E-01  5.606805458E-01  5.371406191E-01  4.933179807E-01
  4.256056762E-01  3.347046509E-01  2.220911759E-01  8.881129200E-02 -5.265348812E-02
 -1.811971654E-01 -2.813253522E-01 -3.450966133E-01 -3.664760278E-01 -3.450966133E-01
 -2.813253522E-01 -1.811971654E-01 -5.265348812E-02  8.881129200E-02  2.220911759E-01
  3.347046509E-01  4.256056762E-01  4.933179807E-01  5.371406191E-01  5.606805458E-01
  5.656543520E-01  5.582778713E-01  5.432134470E-01  5.243283712E-01  5.067755680E-01
  4.944052008E-01  5.107068125E-01  5.147184734E-01  5.267206914E-01  5.432129067E-01
  5.612744852E-01  5.769043323E-01  5.852364307E-01  5.831478295E-01  5.637132074E-01
  5.267011401E-01  4.690772343E-01  3.894144712E-01  2.938002175E-01  1.827968509E-01
  6.150482319E-02 -5.265348812E-02 -1.437150600E-01 -2.024488377E-01 -2.223435154E-01
 -2.024488377E-01 -1.437150600E-01 -5.265348812E-02  6.150482319E-02  1.827968509E-01
  2.938002175E-01  3.894144712E-01  4.690772343E-01  5.267011401E-01  5.637132074E-01
  5.831478295E-01  5.852364307E-01  5.769043323E-01  5.612744852E-01  5.432129067E-01
  5.267206914E-01  5.147184734E-01  5.267682238E-01  5.304706386E-01  5.418739242E-01
  5.582766680E-01  5.769036690E-01  5.939375243E-01  6.041586330E-01  6.050405294E-01
  5.907997666E-01  5.613251287E-01  5.155020205E-01  4.499960819E-01  3.692296197E-01
  2.788324775E-01  1.827968509E-01  8.881129200E-02  1.078077944E-02 -4.040096534E-02
 -5.828000080E-02 -4.040096534E-02  1.078077944E-02  8.881129200E-02  1.827968509E-01
  2.788324775E-01  3.692296197E-01  4.499960819E-01  5.155020205E-01  5.613251287E-01
  5.907997666E-01  6.050405294E-01  6.041586330E-01  5.939375243E-01  5.769036690E-01
  5.582766680E-01  5.418739242E-01  5.304706386E-01  5.328806718E-01  5.369437581E-01
  5.485021680E-01  5.656523845E-01  5.852350025E-01  6.041578677E-01  6.178683160E-01
  6.227103767E-01  6.152794146E-01  5.937801463E-01  5.580971481E-01  5.071242009E-01
  4.423746052E-01  3.692296197E-01  2.938002175E-01  2.220911759E-01  1.619349252E-01
  1.215159110E-01  1.073466152E-01  1.215159110E-01  1.619349252E-01  2.220911759E-01
  2.938002175E-01  3.692296197E-01  4.423746052E-01  5.071242009E-01  5.580971481E-01
  5.937801463E-01  6.152794146E-01  6.227103767E-01  6.178683160E-01  6.041578677E-01
  5.852350025E-01  5.656523845E-01  5.485021680E-01  5.369437581E-01  5.238199239E-01
  5.282277295E-01  5.408181835E-01  5.606777373E-01  5.831455591E-01  6.050389208E-01
  6.227095328E-01  6.319750475E-01  6.325485078E-01  6.207202692E-01  5.945451661E-01
  5.558991309E-01  5.071242009E-01  4.499960819E-01  3.894144712E-01  3.347046509E-01
  2.894739356E-01  2.586472290E-01  2.483945559E-01  2.586472290E-01  2.894739356E-01
  3.347046509E-01  3.894144712E-01  4.499960819E-01  5.071242009E-01  5.558991309E-01
  5.945451661E-01  6.207202692E-01  6.325485078E-01  6.319750475E-01  6.227095328E-01
  6.050389208E-01  5.831455591E-01  5.606777373E-01  5.408181835E-01  5.282277295E-01
  4.947366413E-01  5.001640637E-01  5.147037365E-01  5.371369197E-01  5.637100442E-01
  5.907972634E-01  6.152776748E-01  6.325476111E-01  6.407901139E-01  6.373464167E-01
  6.217235122E-01  5.945451661E-01  5.580971481E-01  5.155020205E-01  4.690772343E-01
  4.256056762E-01  3.896160653E-01  3.658482511E-01  3.582590772E-01  3.658482511E-01
  3.896160653E-01  4.256056762E-01  4.690772343E-01  5.155020205E-01  5.580971481E-01
  5.945451661E-01  6.217235122E-01  6.373464167E-01  6.407901139E-01  6.325476111E-01
  6.152776748E-01  5.907972634E-01  5.637100442E-01  5.371369197E-01  5.147037365E-01
  5.001640637E-01  4.408224448E-01  4.474285099E-01  4.657545574E-01  4.933133697E-01
  5.266970620E-01  5.613217075E-01  5.937774859E-01  6.207184500E-01  6.373454934E-01
  6.424078006E-01  6.373464167E-01  6.207202692E-01  5.937801463E-01  5.613251287E-01
  5.267011401E-01  4.933179807E-01  4.657595613E-01  4.474337544E-01  4.408277704E-01
  4.474337544E-01  4.657595613E-01  4.933179807E-01  5.267011401E-01  5.613251287E-01
  5.937801463E-01  6.207202692E-01  6.373464167E-01  6.424078006E-01  6.373454934E-01
  6.207184500E-01  5.937774859E-01  5.613217075E-01  5.266970620E-01  4.933133697E-01
  4.657545574E-01  4.474285099E-01  3.582528592E-01  3.658421130E-01  3.896101644E-01
  4.256001632E-01  4.690722488E-01  5.154976868E-01  5.580935709E-01  5.945424268E-01
  6.217216665E-01  6.373454934E-01  6.407901139E-01  6.325485078E-01  6.152794146E-01
  5.907997666E-01  5.637132074E-01  5.371406191E-01  5.147078316E-01  5.001684016E-01
  4.947410611E-01  5.001684016E-01  5.147078316E-01  5.371406191E-01  5.637132074E-01
  5.907997666E-01  6.152794146E-01  6.325485078E-01  6.407901139E-01  6.373454934E-01
  6.217216665E-01  5.945424268E-01  5.580935709E-01  5.154976868E-01  4.690722488E-01
  4.256001632E-01  3.896101644E-01  3.658421130E-01  2.483874915E-01  2.586402426E-01
  2.894671811E-01  3.346982766E-01  3.894086159E-01  4.499908702E-01  5.071197388E-01
  5.558955015E-01  5.945424268E-01  6.207184500E-01  6.325476111E-01  6.319750475E-01
  6.227103767E-01  6.050405294E-01  5.831478295E-01  5.606805458E-01  5.408213896E-01
  5.282311797E-01  5.238234564E-01  5.282311797E-01  5.408213896E-01  5.606805458E-01
  5.831478295E-01  6.050405294E-01  6.227103767E-01  6.319750475E-01  6.325476111E-01
  6.207184500E-01  5.945424268E-01  5.558955015E-01  5.071197388E-01  4.499908702E-01
  3.894086159E-01  3.346982766E-01  2.894671811E-01  2.586402426E-01  1.073387814E-01
  1.215081523E-01  1.619273908E-01  2.220840107E-01  2.937935590E-01  3.692235931E-01
  4.423693181E-01  5.071197388E-01  5.580935709E-01  5.937774859E-01  6.152776748E-01
  6.227095328E-01  6.178683160E-01  6.041586330E-01  5.852364307E-01  5.656543520E-01
  5.485045342E-01  5.369463692E-01  5.328833655E-01  5.369463692E-01  5.485045342E-01
  5.656543520E-01  5.852364307E-01  6.041586330E-01  6.178683160E-01  6.227095328E-01
  6.152776748E-01  5.937774859E-01  5.580935709E-01  5.071197388E-01  4.423693181E-01
  3.692235931E-01  2.937935590E-01  2.220840107E-01  1.619273908E-01  1.215081523E-01
 -5.828850140E-02 -4.040939440E-02  1.077256456E-02  8.880343202E-02  1.827894815E-01
  2.788257245E-01  3.692235931E-01  4.499908702E-01  5.154976868E-01  5.613217075E-01
  5.907972634E-01  6.050389208E-01  6.041578677E-01  5.939375243E-01  5.769043323E-01
  5.582778713E-01  5.418755269E-01  5.304724866E-01  5.267701546E-01  5.304724866E-01
  5.418755269E-01  5.582778713E-01  5.769043323E-01  5.939375243E-01  6.041578677E-01
  6.050389208E-01  5.907972634E-01  5.613217075E-01  5.154976868E-01  4.499908702E-01
  3.692235931E-01  2.788257245E-01  1.827894815E-01  8.880343202E-02  1.077256456E-02
 -4.040939440E-02 -2.223525625E-01 -2.024578175E-01 -1.437238373E-01 -5.266192732E-02
  6.149685563E-02  1.827894815E-01  2.937935590E-01  3.894086159E-01  4.690722488E-01
  5.266970620E-01  5.637100442E-01  5.831455591E-01  5.852350025E-01  5.769036690E-01
  5.612744852E-01  5.432134470E-01  5.267216314E-01  5.147196590E-01  5.107080810E-01
  5.147196590E-01  5.267216314E-01  5.432134470E-01  5.612744852E-01  5.769036690E-01
  5.852350025E-01  5.831455591E-01  5.637100442E-01  5.266970620E-01  4.690722488E-01
  3.894086159E-01  2.937935590E-01  1.827894815E-01  6.149685563E-02 -5.266192732E-02
 -1.437238373E-01 -2.024578175E-01 -3.664854933E-01 -3.451060158E-01 -2.813345641E-01
 -1.812060566E-01 -5.266192732E-02  8.880343202E-02  2.220840107E-01  3.346982766E-01
  4.256001632E-01  4.933133697E-01  5.371369197E-01  5.606777373E-01  5.656523845E-01
  5.582766680E-01  5.432129067E-01  5.243283712E-01  5.067759678E-01  4.944058462E-01
  4.899370282E-01  4.944058462E-01  5.067759678E-01  5.243283712E-01  5.432129067E-01
  5.582766680E-01  5.656523845E-01  5.606777373E-01  5.371369197E-01  4.933133697E-01
  4.256001632E-01  3.346982766E-01  2.220840107E-01  8.880343202E-02 -5.266192732E-02
 -1.812060566E-01 -2.813345641E-01 -3.451060158E-01 -4.801318589E-01 -4.561367834E-01
 -3.876130524E-01 -2.813345641E-01 -1.437238373E-01  1.077256456E-02  1.619273908E-01
  2.894671811E-01  3.896101644E-01  4.657545574E-01  5.147037365E-01  5.408181835E-01
  5.485021680E-01  5.418739242E-01  5.267206914E-01  5.067755680E-01  4.878800230E-01
  4.752455924E-01  4.705897376E-01  4.752455924E-01  4.878800230E-01  5.067755680E-01
  5.267206914E-01  5.418739242E-01  5.485021680E-01  5.408181835E-01  5.147037365E-01
  4.657545574E-01  3.896101644E-01  2.894671811E-01  1.619273908E-01  1.077256456E-02
 -1.437238373E-01 -2.813345641E-01 -3.876130524E-01 -4.561367834E-01 -5.534662663E-01
 -5.281305600E-01 -4.561367834E-01 -3.451060158E-01 -2.024578175E-01 -4.040939440E-02
  1.215081523E-01  2.586402426E-01  3.658421130E-01  4.474285099E-01  5.001640637E-01
  5.282277295E-01  5.369437581E-01  5.304706386E-01  5.147184734E-01  4.944052008E-01
  4.752453468E-01  4.620312122E-01  4.569267804E-01  4.620312122E-01  4.752453468E-01
  4.944052008E-01  5.147184734E-01  5.304706386E-01  5.369437581E-01  5.282277295E-01
  5.001640637E-01  4.474285099E-01  3.658421130E-01  2.586402426E-01  1.215081523E-01
 -4.040939440E-02 -2.024578175E-01 -3.451060158E-01 -4.561367834E-01 -5.281305600E-01
 -9.667583735E-01 -9.341427103E-01 -8.367541755E-01 -6.868771740E-01 -5.044978352E-01
 -3.043958722E-01 -9.341445684E-02  1.073387814E-01  2.683764814E-01  3.880735880E-01
  4.760082520E-01  5.328796201E-01  5.656741731E-01  5.807001225E-01  5.831506688E-01
  5.790273178E-01  5.716558618E-01  5.661832862E-01  5.639343534E-01  5.661832862E-01
  5.716558618E-01  5.790273178E-01  5.831506688E-01  5.807001225E-01  5.656741731E-01
  5.328796201E-01  4.760082520E-01  3.880735880E-01  2.683764814E-01  1.073387814E-01
 -9.341445684E-02 -3.043958722E-01 -5.044978352E-01 -6.868771740E-01 -8.367541755E-01
 -9.341427103E-01 -9.341427103E-01 -9.012773651E-01 -8.056095765E-01 -6.597614130E-01
 -4.806604663E-01 -2.834188114E-01 -7.548780141E-02  1.215081523E-01  2.787986494E-01
  3.961673200E-01  4.815437394E-01  5.369427105E-01  5.694729312E-01  5.835224405E-01
  5.855570878E-01  5.815098806E-01  5.743025457E-01  5.687445264E-01  5.661833731E-01
  5.687445264E-01  5.743025457E-01  5.815098806E-01  5.855570878E-01  5.835224405E-01
  5.694729312E-01  5.369427105E-01  4.815437394E-01  3.961673200E-01  2.787986494E-01
  1.215081523E-01 -7.548780141E-02 -2.834188114E-01 -4.806604663E-01 -6.597614130E-01
 -8.056095765E-01 -9.012773651E-01 -8.367541755E-01 -8.056095765E-01 -7.152827687E-01
 -5.785265962E-01 -4.097484038E-01 -2.212821061E-01 -2.234591187E-02  1.619273908E-01
  3.070274160E-01  4.173107763E-01  4.969882995E-01  5.485011328E-01  5.789885157E-01
  5.911379329E-01  5.921646055E-01  5.870892618E-01  5.796082516E-01  5.743028037E-01
  5.716562067E-01  5.743028037E-01  5.796082516E-01  5.870892618E-01  5.921646055E-01
  5.911379329E-01  5.789885157E-01  5.485011328E-01  4.969882995E-01  4.173107763E-01
  3.070274160E-01  1.619273908E-01 -2.234591187E-02 -2.212821061E-01 -4.097484038E-01
 -5.785265962E-01 -7.152827687E-01 -8.056095765E-01 -6.868771740E-01 -6.597614130E-01
 -5.785265962E-01 -4.548353633E-01 -3.005022440E-01 -1.235794062E-01  5.965382371E-02
  2.220840107E-01  3.500717521E-01  4.494311532E-01  5.202331067E-01  5.656513704E-01
  5.917345906E-01  6.013828123E-01  6.010862362E-01  5.950320830E-01  5.870896826E-01
  5.815105594E-01  5.790280835E-01  5.815105594E-01  5.870896826E-01  5.950320830E-01
  6.010862362E-01  6.013828123E-01  5.917345906E-01  5.656513704E-01  5.202331067E-01
  4.494311532E-01  3.500717521E-01  2.220840107E-01  5.965382371E-02 -1.235794062E-01
 -3.005022440E-01 -4.548353633E-01 -5.785265962E-01 -6.597614130E-01 -5.044978352E-01
 -4.806604663E-01 -4.097484038E-01 -3.005022440E-01 -1.601074762E-01  5.146080671E-04
  1.585531056E-01  2.937935590E-01  4.034724615E-01  4.885098578E-01  5.470232943E-01
  5.852340184E-01  6.061156183E-01  6.121803922E-01  6.089135876E-01  6.010868066E-01
  5.921655967E-01  5.855583371E-01  5.831520049E-01  5.855583371E-01  5.921655967E-01
  6.010868066E-01  6.089135876E-01  6.121803922E-01  6.061156183E-01  5.852340184E-01
  5.470232943E-01  4.885098578E-01  4.034724615E-01  2.937935590E-01  1.585531056E-01
  5.146080671E-04 -1.601074762E-01 -3.005022440E-01 -4.097484038E-01 -4.806604663E-01
 -3.043958722E-01 -2.834188114E-01 -2.212821061E-01 -1.235794062E-01  5.146080671E-04
  1.346111901E-01  2.609537761E-01  3.692235931E-01  4.594227798E-01  5.285974797E-01
  5.750306349E-01  6.041569222E-01  6.171313413E-01  6.187454550E-01  6.121810946E-01
  6.013840849E-01  5.911396262E-01  5.835243919E-01  5.807021608E-01  5.835243919E-01
  5.911396262E-01  6.013840849E-01  6.121810946E-01  6.187454550E-01  6.171313413E-01
  6.041569222E-01  5.750306349E-01  5.285974797E-01  4.594227798E-01  3.692235931E-01
  2.609537761E-01  1.346111901E-01  5.146080671E-04 -1.235794062E-01 -2.212821061E-01
 -2.834188114E-01 -9.341445684E-02 -7.548780141E-02 -2.234591187E-02  5.965382371E-02
  1.585531056E-01  2.609537761E-01  3.576078181E-01  4.423693181E-01  5.125903996E-01
  5.649861646E-01  5.993464563E-01  6.178674176E-01  6.216959174E-01  6.171321541E-01
  6.061171331E-01  5.917366755E-01  5.789910210E-01  5.694756943E-01  5.656770231E-01
  5.694756943E-01  5.789910210E-01  5.917366755E-01  6.061171331E-01  6.171321541E-01
  6.216959174E-01  6.178674176E-01  5.993464563E-01  5.649861646E-01  5.125903996E-01
  4.423693181E-01  3.576078181E-01  2.609537761E-01  1.585531056E-01  5.965382371E-02
 -2.234591187E-02 -7.548780141E-02  1.073387814E-01  1.215081523E-01  1.619273908E-01
  2.220840107E-01  2.937935590E-01  3.692235931E-01  4.423693181E-01  5.071197388E-01
  5.580935709E-01  5.937774859E-01  6.152776748E-01  6.227095328E-01  6.178683160E-01
  6.041586330E-01  5.852364307E-01  5.656543520E-01  5.485045342E-01  5.369463692E-01
  5.328833655E-01  5.369463692E-01  5.485045342E-01  5.656543520E-01  5.852364307E-01
  6.041586330E-01  6.178683160E-01  6.227095328E-01  6.152776748E-01  5.937774859E-01
  5.580935709E-01  5.071197388E-01  4.423693181E-01  3.692235931E-01  2.937935590E-01
  2.220840107E-01  1.619273908E-01  1.215081523E-01  2.683764814E-01  2.787986494E-01
  3.070274160E-01  3.500717521E-01  4.034724615E-01  4.594227798E-01  5.125903996E-01
  5.580935709E-01  5.917623323E-01  6.131257850E-01  6.211949113E-01  6.152786313E-01
  5.993483108E-01  5.750333009E-01  5.470266605E-01  5.202370407E-01  4.969926519E-01
  4.815483480E-01  4.760129469E-01  4.815483480E-01  4.969926519E-01  5.202370407E-01
  5.470266605E-01  5.750333009E-01  5.993483108E-01  6.152786313E-01  6.211949113E-01
  6.131257850E-01  5.917623323E-01  5.580935709E-01  5.125903996E-01  4.594227798E-01
  4.034724615E-01  3.500717521E-01  3.070274160E-01  2.787986494E-01  3.880735880E-01
  3.961673200E-01  4.173107763E-01  4.494311532E-01  4.885098578E-01  5.285974797E-01
  5.649861646E-01  5.937774859E-01  6.131257850E-01  6.199921260E-01  6.131267708E-01
  5.937794276E-01  5.649890027E-01  5.286011273E-01  4.885142029E-01  4.494360630E-01
  4.173161015E-01  3.961728994E-01  3.880792529E-01  3.961728994E-01  4.173161015E-01
  4.494360630E-01  4.885142029E-01  5.286011273E-01  5.649890027E-01  5.937794276E-01
  6.131267708E-01  6.199921260E-01  6.131257850E-01  5.937774859E-01  5.649861646E-01
  5.285974797E-01  4.885098578E-01  4.494311532E-01  4.173107763E-01  3.961673200E-01
  4.760082520E-01  4.815437394E-01  4.969882995E-01  5.202331067E-01  5.470232943E-01
  5.750306349E-01  5.993464563E-01  6.152776748E-01  6.211949113E-01  6.131267708E-01
  5.917643032E-01  5.580964958E-01  5.125942181E-01  4.594274033E-01  4.034777771E-01
  3.500776264E-01  3.070337001E-01  2.788051837E-01  2.683830998E-01  2.788051837E-01
  3.070337001E-01  3.500776264E-01  4.034777771E-01  4.594274033E-01  5.125942181E-01
  5.580964958E-01  5.917643032E-01  6.131267708E-01  6.211949113E-01  6.152776748E-01
  5.993464563E-01  5.750306349E-01  5.470232943E-01  5.202331067E-01  4.969882995E-01
  4.815437394E-01  5.328796201E-01  5.369427105E-01  5.485011328E-01  5.656513704E-01
  5.852340184E-01  6.041569222E-01  6.178674176E-01  6.227095328E-01  6.152786313E-01
  5.937794276E-01  5.580964958E-01  5.071236144E-01  4.423740817E-01  3.692291541E-01
  2.937998025E-01  2.220908025E-01  1.619345829E-01  1.215155879E-01  1.073462986E-01
  1.215155879E-01  1.619345829E-01  2.220908025E-01  2.937998025E-01  3.692291541E-01
  4.423740817E-01  5.071236144E-01  5.580964958E-01  5.937794276E-01  6.152786313E-01
  6.227095328E-01  6.178674176E-01  6.041569222E-01  5.852340184E-01  5.656513704E-01
  5.485011328E-01  5.369427105E-01  5.656741731E-01  5.694729312E-01  5.789885157E-01
  5.917345906E-01  6.061156183E-01  6.171313413E-01  6.216959174E-01  6.178683160E-01
  5.993483108E-01  5.649890027E-01  5.125942181E-01  4.423740817E-01  3.576134610E-01
  2.609602043E-01  1.585602014E-01  5.966145204E-02 -2.233789755E-02 -7.547955377E-02
 -9.340613120E-02 -7.547955377E-02 -2.233789755E-02  5.966145204E-02  1.585602014E-01
  2.609602043E-01  3.576134610E-01  4.423740817E-01  5.125942181E-01  5.649890027E-01
  5.993483108E-01  6.178683160E-01  6.216959174E-01  6.171313413E-01  6.061156183E-01
  5.917345906E-01  5.789885157E-01  5.694729312E-01  5.807001225E-01  5.835224405E-01
  5.911379329E-01  6.013828123E-01  6.121803922E-01  6.187454550E-01  6.171321541E-01
  6.041586330E-01  5.750333009E-01  5.286011273E-01  4.594274033E-01  3.692291541E-01
  2.609602043E-01  1.346183869E-01  5.224523235E-04 -1.235710509E-01 -2.212733839E-01
 -2.834098694E-01 -3.043868570E-01 -2.834098694E-01 -2.212733839E-01 -1.235710509E-01
  5.224523235E-04  1.346183869E-01  2.609602043E-01  3.692291541E-01  4.594274033E-01
  5.286011273E-01  5.750333009E-01  6.041586330E-01  6.171321541E-01  6.187454550E-01
  6.121803922E-01  6.013828123E-01  5.911379329E-01  5.835224405E-01  5.831506688E-01
  5.855570878E-01  5.921646055E-01  6.010862362E-01  6.089135876E-01  6.121810946E-01
  6.061171331E-01  5.852364307E-01  5.470266605E-01  4.885142029E-01  4.034777771E-01
  2.937998025E-01  1.585602014E-01  5.224523235E-04 -1.600990087E-01 -3.004932910E-01
 -4.097391066E-01 -4.806509648E-01 -5.044882661E-01 -4.806509648E-01 -4.097391066E-01
 -3.004932910E-01 -1.600990087E-01  5.224523235E-04  1.585602014E-01  2.937998025E-01
  4.034777771E-01  4.885142029E-01  5.470266605E-01  5.852364307E-01  6.061171331E-01
  6.121810946E-01  6.089135876E-01  6.010862362E-01  5.921646055E-01  5.855570878E-01
  5.790273178E-01  5.815098806E-01  5.870892618E-01  5.950320830E-01  6.010868066E-01
  6.013840849E-01  5.917366755E-01  5.656543520E-01  5.202370407E-01  4.494360630E-01
  3.500776264E-01  2.220908025E-01  5.966145204E-02 -1.235710509E-01 -3.004932910E-01
 -4.548259510E-01 -5.785168627E-01 -6.597514907E-01 -6.868671895E-01 -6.597514907E-01
 -5.785168627E-01 -4.548259510E-01 -3.004932910E-01 -1.235710509E-01  5.966145204E-02
  2.220908025E-01  3.500776264E-01  4.494360630E-01  5.202370407E-01  5.656543520E-01
  5.917366755E-01  6.013840849E-01  6.010868066E-01  5.950320830E-01  5.870892618E-01
  5.815098806E-01  5.716558618E-01  5.743025457E-01  5.796082516E-01  5.870896826E-01
  5.921655967E-01  5.911396262E-01  5.789910210E-01  5.485045342E-01  4.969926519E-01
  4.173161015E-01  3.070337001E-01  1.619345829E-01 -2.233789755E-02 -2.212733839E-01
 -4.097391066E-01 -5.785168627E-01 -7.152727335E-01 -8.055993653E-01 -8.367439066E-01
 -8.055993653E-01 -7.152727335E-01 -5.785168627E-01 -4.097391066E-01 -2.212733839E-01
 -2.233789755E-02  1.619345829E-01  3.070337001E-01  4.173161015E-01  4.969926519E-01
  5.485045342E-01  5.789910210E-01  5.911396262E-01  5.921655967E-01  5.870896826E-01
  5.796082516E-01  5.743025457E-01  5.661832862E-01  5.687445264E-01  5.743028037E-01
  5.815105594E-01  5.855583371E-01  5.835243919E-01  5.694756943E-01  5.369463692E-01
  4.815483480E-01  3.961728994E-01  2.788051837E-01  1.215155879E-01 -7.547955377E-02
 -2.834098694E-01 -4.806509648E-01 -6.597514907E-01 -8.055993653E-01 -9.012669862E-01
 -9.341322766E-01 -9.012669862E-01 -8.055993653E-01 -6.597514907E-01 -4.806509648E-01
 -2.834098694E-01 -7.547955377E-02  1.215155879E-01  2.788051837E-01  3.961728994E-01
  4.815483480E-01  5.369463692E-01  5.694756943E-01  5.835243919E-01  5.855583371E-01
  5.815105594E-01  5.743028037E-01  5.687445264E-01  5.639343534E-01  5.661833731E-01
  5.716562067E-01  5.790280835E-01  5.831520049E-01  5.807021608E-01  5.656770231E-01
  5.328833655E-01  4.760129469E-01  3.880792529E-01  2.683830998E-01  1.073462986E-01
 -9.340613120E-02 -3.043868570E-01 -5.044882661E-01 -6.868671895E-01 -8.367439066E-01
 -9.341322766E-01 -9.667478859E-01 -9.341322766E-01 -8.367439066E-01 -6.868671895E-01
 -5.044882661E-01 -3.043868570E-01 -9.340613120E-02  1.073462986E-01  2.683830998E-01
  3.880792529E-01  4.760129469E-01  5.328833655E-01  5.656770231E-01  5.807021608E-01
  5.831520049E-01  5.790280835E-01  5.716562067E-01  5.661833731E-01  5.661832862E-01
  5.687445264E-01  5.743028037E-01  5.815105594E-01  5.855583371E-01  5.835243919E-01
  5.694756943E-01  5.369463692E-01  4.815483480E-01  3.961728994E-01  2.788051837E-01
  1.215155879E-01 -7.547955377E-02 -2.834098694E-01 -4.806509648E-01 -6.597514907E-01
 -8.055993653E-01 -9.012669862E-01 -9.341322766E-01 -9.012669862E-01 -8.055993653E-01
 -6.597514907E-01 -4.806509648E-01 -2.834098694E-01 -7.547955377E-02  1.215155879E-01
  2.788051837E-01  3.961728994E-01  4.815483480E-01  5.369463692E-01  5.694756943E-01
  5.835243919E-01  5.855583371E-01  5.815105594E-01  5.743028037E-01  5.687445264E-01
  5.716558618E-01  5.743025457E-01  5.796082516E-01  5.870896826E-01  5.921655967E-01
  5.911396262E-01  5.789910210E-01  5.485045342E-01  4.969926519E-01  4.173161015E-01
  3.070337001E-01  1.619345829E-01 -2.233789755E-02 -2.212733839E-01 -4.097391066E-01
 -5.785168627E-01 -7.152727335E-01 -8.055993653E-01 -8.367439066E-01 -8.055993653E-01
 -7.152727335E-01 -5.785168627E-01 -4.097391066E-01 -2.212733839E-01 -2.233789755E-02
  1.619345829E-01  3.070337001E-01  4.173161015E-01  4.969926519E-01  5.485045342E-01
  5.789910210E-01  5.911396262E-01  5.921655967E-01  5.870896826E-01  5.796082516E-01
  5.743025457E-01  5.790273178E-01  5.815098806E-01  5.870892618E-01  5.950320830E-01
  6.010868066E-01  6.013840849E-01  5.917366755E-01  5.656543520E-01  5.202370407E-01
  4.494360630E-01  3.500776264E-01  2.220908025E-01  5.966145204E-02 -1.235710509E-01
 -3.004932910E-01 -4.548259510E-01 -5.785168627E-01 -6.597514907E-01 -6.868671895E-01
 -6.597514907E-01 -5.785168627E-01 -4.548259510E-01 -3.004932910E-01 -1.235710509E-01
  5.966145204E-02  2.220908025E-01  3.500776264E-01  4.494360630E-01  5.202370407E-01
  5.656543520E-01  5.917366755E-01  6.013840849E-01  6.010868066E-01  5.950320830E-01
  5.870892618E-01  5.815098806E-01  5.831506688E-01  5.855570878E-01  5.921646055E-01
  6.010862362E-01  6.089135876E-01  6.121810946E-01  6.061171331E-01  5.852364307E-01
  5.470266605E-01  4.885142029E-01  4.034777771E-01  2.937998025E-01  1.585602014E-01
  5.224523235E-04 -1.600990087E-01 -3.004932910E-01 -4.097391066E-01 -4.806509648E-01
 -5.044882661E-01 -4.806509648E-01 -4.097391066E-01 -3.004932910E-01 -1.600990087E-01
  5.224523235E-04  1.585602014E-01  2.937998025E-01  4.034777771E-01  4.885142029E-01
  5.470266605E-01  5.852364307E-01  6.061171331E-01  6.121810946E-01  6.089135876E-01
  6.010862362E-01  5.921646055E-01  5.855570878E-01  5.807001225E-01  5.835224405E-01
  5.911379329E-01  6.013828123E-01  6.121803922E-01  6.187454550E-01  6.171321541E-01
  6.041586330E-01  5.750333009E-01  5.286011273E-01  4.594274033E-01  3.692291541E-01
  2.609602043E-01  1.346183869E-01  5.224523235E-04 -1.235710509E-01 -2.212733839E-01
 -2.834098694E-01 -3.043868570E-01 -2.834098694E-01 -2.212733839E-01 -1.235710509E-01
  5.224523235E-04  1.346183869E-01  2.609602043E-01  3.692291541E-01  4.594274033E-01
  5.286011273E-01  5.750333009E-01  6.041586330E-01  6.171321541E-01  6.187454550E-01
  6.121803922E-01  6.013828123E-01  5.911379329E-01  5.835224405E-01  5.656741731E-01
  5.694729312E-01  5.789885157E-01  5.917345906E-01  6.061156183E-01  6.171313413E-01
  6.216959174E-01  6.178683160E-01  5.993483108E-01  5.649890027E-01  5.125942181E-01
  4.423740817E-01  3.576134610E-01  2.609602043E-01  1.585602014E-01  5.966145204E-02
 -2.233789755E-02 -7.547955377E-02 -9.340613120E-02 -7.547955377E-02 -2.233789755E-02
  5.966145204E-02  1.585602014E-01  2.609602043E-01  3.576134610E-01  4.423740817E-01
  5.125942181E-01  5.649890027E-01  5.993483108E-01  6.178683160E-01  6.216959174E-01
  6.171313413E-01  6.061156183E-01  5.917345906E-01  5.789885157E-01  5.694729312E-01
  5.328796201E-01  5.369427105E-01  5.485011328E-01  5.656513704E-01  5.852340184E-01
  6.041569222E-01  6.178674176E-01  6.227095328E-01  6.152786313E-01  5.937794276E-01
  5.580964958E-01  5.071236144E-01  4.423740817E-01  3.692291541E-01  2.937998025E-01
  2.220908025E-01  1.619345829E-01  1.215155879E-01  1.073462986E-01  1.215155879E-01
  1.619345829E-01  2.220908025E-01  2.937998025E-01  3.692291541E-01  4.423740817E-01
  5.071236144E-01  5.580964958E-01  5.937794276E-01  6.152786313E-01  6.227095328E-01
  6.178674176E-01  6.041569222E-01  5.852340184E-01  5.656513704E-01  5.485011328E-01
  5.369427105E-01  4.760082520E-01  4.815437394E-01  4.969882995E-01  5.202331067E-01
  5.470232943E-01  5.750306349E-01  5.993464563E-01  6.152776748E-01  6.211949113E-01
  6.131267708E-01  5.917643032E-01  5.580964958E-01  5.125942181E-01  4.594274033E-01
  4.034777771E-01  3.500776264E-01  3.070337001E-01  2.788051837E-01  2.683830998E-01
  2.788051837E-01  3.070337001E-01  3.500776264E-01  4.034777771E-01  4.594274033E-01
  5.125942181E-01  5.580964958E-01  5.917643032E-01  6.131267708E-01  6.211949113E-01
  6.152776748E-01  5.993464563E-01  5.750306349E-01  5.470232943E-01  5.202331067E-01
  4.969882995E-01  4.815437394E-01  3.880735880E-01  3.961673200E-01  4.173107763E-01
  4.494311532E-01  4.885098578E-01  5.285974797E-01  5.649861646E-01  5.937774859E-01
  6.131257850E-01  6.199921260E-01  6.131267708E-01  5.937794276E-01  5.649890027E-01
  5.286011273E-01  4.885142029E-01  4.494360630E-01  4.173161015E-01  3.961728994E-01
  3.880792529E-01  3.961728994E-01  4.173161015E-01  4.494360630E-01  4.885142029E-01
  5.286011273E-01  5.649890027E-01  5.937794276E-01  6.131267708E-01  6.199921260E-01
  6.131257850E-01  5.937774859E-01  5.649861646E-01  5.285974797E-01  4.885098578E-01
  4.494311532E-01  4.173107763E-01  3.961673200E-01  2.683764814E-01  2.787986494E-01
  3.070274160E-01  3.500717521E-01  4.034724615E-01  4.594227798E-01  5.125903996E-01
  5.580935709E-01  5.917623323E-01  6.131257850E-01  6.211949113E-01  6.152786313E-01
  5.993483108E-01  5.750333009E-01  5.470266605E-01  5.202370407E-01  4.969926519E-01
  4.815483480E-01  4.760129469E-01  4.815483480E-01  4.969926519E-01  5.202370407E-01
  5.470266605E-01  5.750333009E-01  5.993483108E-01  6.152786313E-01  6.211949113E-01
  6.131257850E-01  5.917623323E-01  5.580935709E-01  5.125903996E-01  4.594227798E-01
  4.034724615E-01  3.500717521E-01  3.070274160E-01  2.787986494E-01  1.073387814E-01
  1.215081523E-01  1.619273908E-01  2.220840107E-01  2.937935590E-01  3.692235931E-01
  4.423693181E-01  5.071197388E-01  5.580935709E-01  5.937774859E-01  6.152776748E-01
  6.227095328E-01  6.178683160E-01  6.041586330E-01  5.852364307E-01  5.656543520E-01
  5.485045342E-01  5.369463692E-01  5.328833655E-01  5.369463692E-01  5.485045342E-01
  5.656543520E-01  5.852364307E-01  6.041586330E-01  6.178683160E-01  6.227095328E-01
  6.152776748E-01  5.937774859E-01  5.580935709E-01  5.071197388E-01  4.423693181E-01
  3.692235931E-01  2.937935590E-01  2.220840107E-01  1.619273908E-01  1.215081523E-01
 -9.341445684E-02 -7.548780141E-02 -2.234591187E-02  5.965382371E-02  1.585531056E-01
  2.609537761E-01  3.576078181E-01  4.423693181E-01  5.125903996E-01  5.649861646E-01
  5.993464563E-01  6.178674176E-01  6.216959174E-01  6.171321541E-01  6.061171331E-01
  5.917366755E-01  5.789910210E-01  5.694756943E-01  5.656770231E-01  5.694756943E-01
  5.789910210E-01  5.917366755E-01  6.061171331E-01  6.171321541E-01  6.216959174E-01
  6.178674176E-01  5.993464563E-01  5.649861646E-01  5.125903996E-01  4.423693181E-01
  3.576078181E-01  2.609537761E-01  1.585531056E-01  5.965382371E-02 -2.234591187E-02
 -7.548780141E-02 -3.043958722E-01 -2.834188114E-01 -2.212821061E-01 -1.235794062E-01
  5.146080671E-04  1.346111901E-01  2.609537761E-01  3.692235931E-01  4.594227798E-01
  5.285974797E-01  5.750306349E-01  6.041569222E-01  6.171313413E-01  6.187454550E-01
  6.121810946E-01  6.013840849E-01  5.911396262E-01  5.835243919E-01  5.807021608E-01
  5.835243919E-01  5.911396262E-01  6.013840849E-01  6.121810946E-01  6.187454550E-01
  6.171313413E-01  6.041569222E-01  5.750306349E-01  5.285974797E-01  4.594227798E-01
  3.692235931E-01  2.609537761E-01  1.346111901E-01  5.146080671E-04 -1.235794062E-01
 -2.212821061E-01 -2.834188114E-01 -5.044978352E-01 -4.806604663E-01 -4.097484038E-01
 -3.005022440E-01 -1.601074762E-01  5.146080671E-04  1.585531056E-01  2.937935590E-01
  4.034724615E-01  4.885098578E-01  5.470232943E-01  5.852340184E-01  6.061156183E-01
  6.121803922E-01  6.089135876E-01  6.010868066E-01  5.921655967E-01  5.855583371E-01
  5.831520049E-01  5.855583371E-01  5.921655967E-01  6.010868066E-01  6.089135876E-01
  6.121803922E-01  6.061156183E-01  5.852340184E-01  5.470232943E-01  4.885098578E-01
  4.034724615E-01  2.937935590E-01  1.585531056E-01  5.146080671E-04 -1.601074762E-01
 -3.005022440E-01 -4.097484038E-01 -4.806604663E-01 -6.868771740E-01 -6.597614130E-01
 -5.785265962E-01 -4.548353633E-01 -3.005022440E-01 -1.235794062E-01  5.965382371E-02
  2.220840107E-01  3.500717521E-01  4.494311532E-01  5.202331067E-01  5.656513704E-01
  5.917345906E-01  6.013828123E-01  6.010862362E-01  5.950320830E-01  5.870896826E-01
  5.815105594E-01  5.790280835E-01  5.815105594E-01  5.870896826E-01  5.950320830E-01
  6.010862362E-01  6.013828123E-01  5.917345906E-01  5.656513704E-01  5.202331067E-01
  4.494311532E-01  3.500717521E-01  2.220840107E-01  5.965382371E-02 -1.235794062E-01
 -3.005022440E-01 -4.548353633E-01 -5.785265962E-01 -6.597614130E-01 -8.367541755E-01
 -8.056095765E-01 -7.152827687E-01 -5.785265962E-01 -4.097484038E-01 -2.212821061E-01
 -2.234591187E-02  1.619273908E-01  3.070274160E-01  4.173107763E-01  4.969882995E-01
  5.485011328E-01  5.789885157E-01  5.911379329E-01  5.921646055E-01  5.870892618E-01
  5.796082516E-01  5.743028037E-01  5.716562067E-01  5.743028037E-01  5.796082516E-01
  5.870892618E-01  5.921646055E-01  5.911379329E-01  5.789885157E-01  5.485011328E-01
  4.969882995E-01  4.173107763E-01  3.070274160E-01  1.619273908E-01 -2.234591187E-02
 -2.212821061E-01 -4.097484038E-01 -5.785265962E-01 -7.152827687E-01 -8.056095765E-01
 -9.341427103E-01 -9.012773651E-01 -8.056095765E-01 -6.597614130E-01 -4.806604663E-01
 -2.834188114E-01 -7.548780141E-02  1.215081523E-01  2.787986494E-01  3.961673200E-01
  4.815437394E-01  5.369427105E-01  5.694729312E-01  5.835224405E-01  5.855570878E-01
  5.815098806E-01  5.743025457E-01  5.687445264E-01  5.661833731E-01  5.687445264E-01
  5.743025457E-01  5.815098806E-01  5.855570878E-01  5.835224405E-01  5.694729312E-01
  5.369427105E-01  4.815437394E-01  3.961673200E-01  2.787986494E-01  1.215081523E-01
 -7.548780141E-02 -2.834188114E-01 -4.806604663E-01 -6.597614130E-01 -8.056095765E-01
 -9.012773651E-01 -1.361367135E+00 -1.324082711E+00 -1.212580046E+00 -1.034763146E+00
 -8.058432646E-01 -5.543776868E-01 -3.043958722E-01 -5.828850140E-02  1.603484313E-01
  3.237207049E-01  4.435050729E-01  5.267662257E-01  5.806991755E-01  6.145815601E-01
  6.311305097E-01  6.383691958E-01  6.396920816E-01  6.399549837E-01  6.400162087E-01
  6.399549837E-01  6.396920816E-01  6.383691958E-01  6.311305097E-01  6.145815601E-01
  5.806991755E-01  5.267662257E-01  4.435050729E-01  3.237207049E-01  1.603484313E-01
 -5.828850140E-02 -3.043958722E-01 -5.543776868E-01 -8.058432646E-01 -1.034763146E+00
 -1.212580046E+00 -1.324082711E+00 -1.324082711E+00 -1.286590740E+00 -1.176259405E+00
 -1.000867714E+00 -7.749902882E-01 -5.288485839E-01 -2.834188114E-01 -4.040939440E-02
  1.735583763E-01  3.325315874E-01  4.490862885E-01  5.304686482E-01  5.835214972E-01
  6.161907777E-01  6.325139494E-01  6.398927693E-01  6.410131480E-01  6.405935852E-01
  6.399550742E-01  6.405935852E-01  6.410131480E-01  6.398927693E-01  6.325139494E-01
  6.161907777E-01  5.835214972E-01  5.304686482E-01  4.490862885E-01  3.325315874E-01
  1.735583763E-01 -4.040939440E-02 -2.834188114E-01 -5.288485839E-01 -7.749902882E-01
 -1.000867714E+00 -1.176259405E+00 -1.286590740E+00 -1.212580046E+00 -1.176259405E+00
 -1.069240805E+00 -9.000255616E-01 -6.862448610E-01 -4.557829795E-01 -2.212821061E-01
  1.077256456E-02  2.090120618E-01  3.567238584E-01  4.662441335E-01  5.418719572E-01
  5.911370005E-01  6.206044075E-01  6.352285816E-01  6.412133800E-01  6.417214353E-01
  6.410134168E-01  6.396924408E-01  6.410134168E-01  6.417214353E-01  6.412133800E-01
  6.352285816E-01  6.206044075E-01  5.911370005E-01  5.418719572E-01  4.662441335E-01
  3.567238584E-01  2.090120618E-01  1.077256456E-02 -2.212821061E-01 -4.557829795E-01
 -6.862448610E-01 -9.000255616E-01 -1.069240805E+00 -1.176259405E+00 -1.034763146E+00
 -1.000867714E+00 -9.000255616E-01 -7.436401997E-01 -5.518855572E-01 -3.430999186E-01
 -1.235794062E-01  8.880343202E-02  2.626584525E-01  3.941397097E-01  4.922336881E-01
  5.582747404E-01  6.013818985E-01  6.266508537E-01  6.385407545E-01  6.421871308E-01
  6.412138192E-01  6.398934772E-01  6.383699942E-01  6.398934772E-01  6.412138192E-01
  6.421871308E-01  6.385407545E-01  6.266508537E-01  6.013818985E-01  5.582747404E-01
  4.922336881E-01  3.941397097E-01  2.626584525E-01  8.880343202E-02 -1.235794062E-01
 -3.430999186E-01 -5.518855572E-01 -7.436401997E-01 -9.000255616E-01 -1.000867714E+00
 -8.058432646E-01 -7.749902882E-01 -6.862448610E-01 -5.518855572E-01 -3.850892569E-01
 -1.975658096E-01  5.146080671E-04  1.827894815E-01  3.270282921E-01  4.387884518E-01
  5.215673014E-01  5.769017975E-01  6.121795047E-01  6.304956102E-01  6.377607652E-01
  6.385413510E-01  6.352296174E-01  6.325152541E-01  6.311319050E-01  6.325152541E-01
  6.352296174E-01  6.385413510E-01  6.377607652E-01  6.304956102E-01  6.121795047E-01
  5.769017975E-01  5.215673014E-01  4.387884518E-01  3.270282921E-01  1.827894815E-01
  5.146080671E-04 -1.975658096E-01 -3.850892569E-01 -5.518855572E-01 -6.862448610E-01
 -7.749902882E-01 -5.543776868E-01 -5.288485839E-01 -4.557829795E-01 -3.430999186E-01
 -1.975658096E-01 -3.212691356E-02  1.346111901E-01  2.788257245E-01  3.937725110E-01
  4.854219505E-01  5.510115648E-01  5.939357252E-01  6.187446012E-01  6.290436171E-01
  6.304963463E-01  6.266521864E-01  6.206061796E-01  6.161928188E-01  6.145836918E-01
  6.161928188E-01  6.206061796E-01  6.266521864E-01  6.304963463E-01  6.290436171E-01
  6.187446012E-01  5.939357252E-01  5.510115648E-01  4.854219505E-01  3.937725110E-01
  2.788257245E-01  1.346111901E-01 -3.212691356E-02 -1.975658096E-01 -3.430999186E-01
 -4.557829795E-01 -5.288485839E-01 -3.043958722E-01 -2.834188114E-01 -2.212821061E-01
 -1.235794062E-01  5.146080671E-04  1.346111901E-01  2.609537761E-01  3.692235931E-01
  4.594227798E-01  5.285974797E-01  5.750306349E-01  6.041569222E-01  6.171313413E-01
  6.187454550E-01  6.121810946E-01  6.013840849E-01  5.911396262E-01  5.835243919E-01
  5.807021608E-01  5.835243919E-01  5.911396262E-01  6.013840849E-01  6.121810946E-01
  6.187454550E-01  6.171313413E-01  6.041569222E-01  5.750306349E-01  5.285974797E-01
  4.594227798E-01  3.692235931E-01  2.609537761E-01  1.346111901E-01  5.146080671E-04
 -1.235794062E-01 -2.212821061E-01 -2.834188114E-01 -5.828850140E-02 -4.040939440E-02
  1.077256456E-02  8.880343202E-02  1.827894815E-01  2.788257245E-01  3.692235931E-01
  4.499908702E-01  5.154976868E-01  5.613217075E-01  5.907972634E-01  6.050389208E-01
  6.041578677E-01  5.939375243E-01  5.769043323E-01  5.582778713E-01  5.418755269E-01
  5.304724866E-01  5.267701546E-01  5.304724866E-01  5.418755269E-01  5.582778713E-01
  5.769043323E-01  5.939375243E-01  6.041578677E-01  6.050389208E-01  5.907972634E-01
  5.613217075E-01  5.154976868E-01  4.499908702E-01  3.692235931E-01  2.788257245E-01
  1.827894815E-01  8.880343202E-02  1.077256456E-02 -4.040939440E-02  1.603484313E-01
  1.735583763E-01  2.090120618E-01  2.626584525E-01  3.270282921E-01  3.937725110E-01
  4.594227798E-01  5.154976868E-01  5.565135150E-01  5.832327285E-01  5.951033474E-01
  5.907982715E-01  5.750325882E-01  5.510143709E-01  5.215708421E-01  4.922378234E-01
  4.662487062E-01  4.490911288E-01  4.435100033E-01  4.490911288E-01  4.662487062E-01
  4.922378234E-01  5.215708421E-01  5.510143709E-01  5.750325882E-01  5.907982715E-01
  5.951033474E-01  5.832327285E-01  5.565135150E-01  5.154976868E-01  4.594227798E-01
  3.937725110E-01  3.270282921E-01  2.626584525E-01  2.090120618E-01  1.735583763E-01
  3.237207049E-01  3.325315874E-01  3.567238584E-01  3.941397097E-01  4.387884518E-01
  4.854219505E-01  5.285974797E-01  5.613217075E-01  5.832327285E-01  5.915760936E-01
  5.832337683E-01  5.613237549E-01  5.286004708E-01  4.854257922E-01  4.387930251E-01
  3.941448738E-01  3.567294564E-01  3.325374504E-01  3.237266570E-01  3.325374504E-01
  3.567294564E-01  3.941448738E-01  4.387930251E-01  4.854257922E-01  5.286004708E-01
  5.613237549E-01  5.832337683E-01  5.915760936E-01  5.832327285E-01  5.613217075E-01
  5.285974797E-01  4.854219505E-01  4.387884518E-01  3.941397097E-01  3.567238584E-01
  3.325315874E-01  4.435050729E-01  4.490862885E-01  4.662441335E-01  4.922336881E-01
  5.215673014E-01  5.510115648E-01  5.750306349E-01  5.907972634E-01  5.951033474E-01
  5.832337683E-01  5.565155939E-01  5.155007714E-01  4.594268047E-01  3.937773814E-01
  3.270338872E-01  2.626646308E-01  2.090186667E-01  1.735652411E-01  1.603553833E-01
  1.735652411E-01  2.090186667E-01  2.626646308E-01  3.270338872E-01  3.937773814E-01
  4.594268047E-01  5.155007714E-01  5.565155939E-01  5.832337683E-01  5.951033474E-01
  5.907972634E-01  5.750306349E-01  5.510115648E-01  5.215673014E-01  4.922336881E-01
  4.662441335E-01  4.490862885E-01  5.267662257E-01  5.304686482E-01  5.418719572E-01
  5.582747404E-01  5.769017975E-01  5.939357252E-01  6.041569222E-01  6.050389208E-01
  5.907982715E-01  5.613237549E-01  5.155007714E-01  4.499949566E-01  3.692286131E-01
  2.788315801E-01  1.827960493E-01  8.881056937E-02  1.078011591E-02 -4.040159222E-02
 -5.828061526E-02 -4.040159222E-02  1.078011591E-02  8.881056937E-02  1.827960493E-01
  2.788315801E-01  3.692286131E-01  4.499949566E-01  5.155007714E-01  5.613237549E-01
  5.907982715E-01  6.050389208E-01  6.041569222E-01  5.939357252E-01  5.769017975E-01
  5.582747404E-01  5.418719572E-01  5.304686482E-01  5.806991755E-01  5.835214972E-01
  5.911370005E-01  6.013818985E-01  6.121795047E-01  6.187446012E-01  6.171313413E-01
  6.041578677E-01  5.750325882E-01  5.286004708E-01  4.594268047E-01  3.692286131E-01
  2.609597186E-01  1.346179523E-01  5.220628279E-04 -1.235714030E-01 -2.212737080E-01
 -2.834101759E-01 -3.043871576E-01 -2.834101759E-01 -2.212737080E-01 -1.235714030E-01
  5.220628279E-04  1.346179523E-01  2.609597186E-01  3.692286131E-01  4.594268047E-01
  5.286004708E-01  5.750325882E-01  6.041578677E-01  6.171313413E-01  6.187446012E-01
  6.121795047E-01  6.013818985E-01  5.911370005E-01  5.835214972E-01  6.145815601E-01
  6.161907777E-01  6.206044075E-01  6.266508537E-01  6.304956102E-01  6.290436171E-01
  6.187454550E-01  5.939375243E-01  5.510143709E-01  4.854257922E-01  3.937773814E-01
  2.788315801E-01  1.346179523E-01 -3.211935375E-02 -1.975575842E-01 -3.430911731E-01
 -4.557738643E-01 -5.288392486E-01 -5.543682786E-01 -5.288392486E-01 -4.557738643E-01
 -3.430911731E-01 -1.975575842E-01 -3.211935375E-02  1.346179523E-01  2.788315801E-01
  3.937773814E-01  4.854257922E-01  5.510143709E-01  5.939375243E-01  6.187454550E-01
  6.290436171E-01  6.304956102E-01  6.266508537E-01  6.206044075E-01  6.161907777E-01
  6.311305097E-01  6.325139494E-01  6.352285816E-01  6.385407545E-01  6.377607652E-01
  6.304963463E-01  6.121810946E-01  5.769043323E-01  5.215708421E-01  4.387930251E-01
  3.270338872E-01  1.827960493E-01  5.220628279E-04 -1.975575842E-01 -3.850803980E-01
 -5.518762112E-01 -6.862351735E-01 -7.749803994E-01 -8.058333094E-01 -7.749803994E-01
 -6.862351735E-01 -5.518762112E-01 -3.850803980E-01 -1.975575842E-01  5.220628279E-04
  1.827960493E-01  3.270338872E-01  4.387930251E-01  5.215708421E-01  5.769043323E-01
  6.121810946E-01  6.304963463E-01  6.377607652E-01  6.385407545E-01  6.352285816E-01
  6.325139494E-01  6.383691958E-01  6.398927693E-01  6.412133800E-01  6.421871308E-01
  6.385413510E-01  6.266521864E-01  6.013840849E-01  5.582778713E-01  4.922378234E-01
  3.941448738E-01  2.626646308E-01  8.881056937E-02 -1.235714030E-01 -3.430911731E-01
 -5.518762112E-01 -7.436303990E-01 -9.000154455E-01 -1.000857412E+00 -1.034752784E+00
 -1.000857412E+00 -9.000154455E-01 -7.436303990E-01 -5.518762112E-01 -3.430911731E-01
 -1.235714030E-01  8.881056937E-02  2.626646308E-01  3.941448738E-01  4.922378234E-01
  5.582778713E-01  6.013840849E-01  6.266521864E-01  6.385413510E-01  6.421871308E-01
  6.412133800E-01  6.398927693E-01  6.396920816E-01  6.410131480E-01  6.417214353E-01
  6.412138192E-01  6.352296174E-01  6.206061796E-01  5.911396262E-01  5.418755269E-01
  4.662487062E-01  3.567294564E-01  2.090186667E-01  1.078011591E-02 -2.212737080E-01
 -4.557738643E-01 -6.862351735E-01 -9.000154455E-01 -1.069230393E+00 -1.176248820E+00
 -1.212569404E+00 -1.176248820E+00 -1.069230393E+00 -9.000154455E-01 -6.862351735E-01
 -4.557738643E-01 -2.212737080E-01  1.078011591E-02  2.090186667E-01  3.567294564E-01
  4.662487062E-01  5.418755269E-01  5.911396262E-01  6.206061796E-01  6.352296174E-01
  6.412138192E-01  6.417214353E-01  6.410131480E-01  6.399549837E-01  6.405935852E-01
  6.410134168E-01  6.398934772E-01  6.325152541E-01  6.161928188E-01  5.835243919E-01
  5.304724866E-01  4.490911288E-01  3.325374504E-01  1.735652411E-01 -4.040159222E-02
 -2.834101759E-01 -5.288392486E-01 -7.749803994E-01 -1.000857412E+00 -1.176248820E+00
 -1.286579987E+00 -1.324071903E+00 -1.286579987E+00 -1.176248820E+00 -1.000857412E+00
 -7.749803994E-01 -5.288392486E-01 -2.834101759E-01 -4.040159222E-02  1.735652411E-01
  3.325374504E-01  4.490911288E-01  5.304724866E-01  5.835243919E-01  6.161928188E-01
  6.325152541E-01  6.398934772E-01  6.410134168E-01  6.405935852E-01  6.400162087E-01
  6.399550742E-01  6.396924408E-01  6.383699942E-01  6.311319050E-01  6.145836918E-01
  5.807021608E-01  5.267701546E-01  4.435100033E-01  3.237266570E-01  1.603553833E-01
 -5.828061526E-02 -3.043871576E-01 -5.543682786E-01 -8.058333094E-01 -1.034752784E+00
 -1.212569404E+00 -1.324071903E+00 -1.361356271E+00 -1.324071903E+00 -1.212569404E+00
 -1.034752784E+00 -8.058333094E-01 -5.543682786E-01 -3.043871576E-01 -5.828061526E-02
  1.603553833E-01  3.237266570E-01  4.435100033E-01  5.267701546E-01  5.807021608E-01
  6.145836918E-01  6.311319050E-01  6.383699942E-01  6.396924408E-01  6.399550742E-01
  6.399549837E-01  6.405935852E-01  6.410134168E-01  6.398934772E-01  6.325152541E-01
  6.161928188E-01  5.835243919E-01  5.304724866E-01  4.490911288E-01  3.325374504E-01
  1.735652411E-01 -4.040159222E-02 -2.834101759E-01 -5.288392486E-01 -7.749803994E-01
 -1.000857412E+00 -1.176248820E+00 -1.286579987E+00 -1.324071903E+00 -1.286579987E+00
 -1.176248820E+00 -1.000857412E+00 -7.749803994E-01 -5.288392486E-01 -2.834101759E-01
 -4.040159222E-02  1.735652411E-01  3.325374504E-01  4.490911288E-01  5.304724866E-01
  5.835243919E-01  6.161928188E-01  6.325152541E-01  6.398934772E-01  6.410134168E-01
  6.405935852E-01  6.396920816E-01  6.410131480E-01  6.417214353E-01  6.412138192E-01
  6.352296174E-01  6.206061796E-01  5.911396262E-01  5.418755269E-01  4.662487062E-01
  3.567294564E-01  2.090186667E-01  1.078011591E-02 -2.212737080E-01 -4.557738643E-01
 -6.862351735E-01 -9.000154455E-01 -1.069230393E+00 -1.176248820E+00 -1.212569404E+00
 -1.176248820E+00 -1.069230393E+00 -9.000154455E-01 -6.862351735E-01 -4.557738643E-01
 -2.212737080E-01  1.078011591E-02  2.090186667E-01  3.567294564E-01  4.662487062E-01
  5.418755269E-01  5.911396262E-01  6.206061796E-01  6.352296174E-01  6.412138192E-01
  6.417214353E-01  6.410131480E-01  6.383691958E-01  6.398927693E-01  6.412133800E-01
  6.421871308E-01  6.385413510E-01  6.266521864E-01  6.013840849E-01  5.582778713E-01
  4.922378234E-01  3.941448738E-01  2.626646308E-01  8.881056937E-02 -1.235714030E-01
 -3.430911731E-01 -5.518762112E-01 -7.436303990E-01 -9.000154455E-01 -1.000857412E+00
 -1.034752784E+00 -1.000857412E+00 -9.000154455E-01 -7.436303990E-01 -5.518762112E-01
 -3.430911731E-01 -1.235714030E-01  8.881056937E-02  2.626646308E-01  3.941448738E-01
  4.922378234E-01  5.582778713E-01  6.013840849E-01  6.266521864E-01  6.385413510E-01
  6.421871308E-01  6.412133800E-01  6.398927693E-01  6.311305097E-01  6.325139494E-01
  6.352285816E-01  6.385407545E-01  6.377607652E-01  6.304963463E-01  6.121810946E-01
  5.769043323E-01  5.215708421E-01  4.387930251E-01  3.270338872E-01  1.827960493E-01
  5.220628279E-04 -1.975575842E-01 -3.850803980E-01 -5.518762112E-01 -6.862351735E-01
 -7.749803994E-01 -8.058333094E-01 -7.749803994E-01 -6.862351735E-01 -5.518762112E-01
 -3.850803980E-01 -1.975575842E-01  5.220628279E-04  1.827960493E-01  3.270338872E-01
  4.387930251E-01  5.215708421E-01  5.769043323E-01  6.121810946E-01  6.304963463E-01
  6.377607652E-01  6.385407545E-01  6.352285816E-01  6.325139494E-01  6.145815601E-01
  6.161907777E-01  6.206044075E-01  6.266508537E-01  6.304956102E-01  6.290436171E-01
  6.187454550E-01  5.939375243E-01  5.510143709E-01  4.854257922E-01  3.937773814E-01
  2.788315801E-01  1.346179523E-01 -3.211935375E-02 -1.975575842E-01 -3.430911731E-01
 -4.557738643E-01 -5.288392486E-01 -5.543682786E-01 -5.288392486E-01 -4.557738643E-01
 -3.430911731E-01 -1.975575842E-01 -3.211935375E-02  1.346179523E-01  2.788315801E-01
  3.937773814E-01  4.854257922E-01  5.510143709E-01  5.939375243E-01  6.187454550E-01
  6.290436171E-01  6.304956102E-01  6.266508537E-01  6.206044075E-01  6.161907777E-01
  5.806991755E-01  5.835214972E-01  5.911370005E-01  6.013818985E-01  6.121795047E-01
  6.187446012E-01  6.171313413E-01  6.041578677E-01  5.750325882E-01  5.286004708E-01
  4.594268047E-01  3.692286131E-01  2.609597186E-01  1.346179523E-01  5.220628279E-04
 -1.235714030E-01 -2.212737080E-01 -2.834101759E-01 -3.043871576E-01 -2.834101759E-01
 -2.212737080E-01 -1.235714030E-01  5.220628279E-04  1.346179523E-01  2.609597186E-01
  3.692286131E-01  4.594268047E-01  5.286004708E-01  5.750325882E-01  6.041578677E-01
  6.171313413E-01  6.187446012E-01  6.121795047E-01  6.013818985E-01  5.911370005E-01
  5.835214972E-01  5.267662257E-01  5.304686482E-01  5.418719572E-01  5.582747404E-01
  5.769017975E-01  5.939357252E-01  6.041569222E-01  6.050389208E-01  5.907982715E-01
  5.613237549E-01  5.155007714E-01  4.499949566E-01  3.692286131E-01  2.788315801E-01
  1.827960493E-01  8.881056937E-02  1.078011591E-02 -4.040159222E-02 -5.828061526E-02
 -4.040159222E-02  1.078011591E-02  8.881056937E-02  1.827960493E-01  2.788315801E-01
  3.692286131E-01  4.499949566E-01  5.155007714E-01  5.613237549E-01  5.907982715E-01
  6.050389208E-01  6.041569222E-01  5.939357252E-01  5.769017975E-01  5.582747404E-01
  5.418719572E-01  5.304686482E-01  4.435050729E-01  4.490862885E-01  4.662441335E-01
  4.922336881E-01  5.215673014E-01  5.510115648E-01  5.750306349E-01  5.907972634E-01
  5.951033474E-01  5.832337683E-01  5.565155939E-01  5.155007714E-01  4.594268047E-01
  3.937773814E-01  3.270338872E-01  2.626646308E-01  2.090186667E-01  1.735652411E-01
  1.603553833E-01  1.735652411E-01  2.090186667E-01  2.626646308E-01  3.270338872E-01
  3.937773814E-01  4.594268047E-01  5.155007714E-01  5.565155939E-01  5.832337683E-01
  5.951033474E-01  5.907972634E-01  5.750306349E-01  5.510115648E-01  5.215673014E-01
  4.922336881E-01  4.662441335E-01  4.490862885E-01  3.237207049E-01  3.325315874E-01
  3.567238584E-01  3.941397097E-01  4.387884518E-01  4.854219505E-01  5.285974797E-01
  5.613217075E-01  5.832327285E-01  5.915760936E-01  5.832337683E-01  5.613237549E-01
  5.286004708E-01  4.854257922E-01  4.387930251E-01  3.941448738E-01  3.567294564E-01
  3.325374504E-01  3.237266570E-01  3.325374504E-01  3.567294564E-01  3.941448738E-01
  4.387930251E-01  4.854257922E-01  5.286004708E-01  5.613237549E-01  5.832337683E-01
  5.915760936E-01  5.832327285E-01  5.613217075E-01  5.285974797E-01  4.854219505E-01
  4.387884518E-01  3.941397097E-01  3.567238584E-01  3.325315874E-01  1.603484313E-01
  1.735583763E-01  2.090120618E-01  2.626584525E-01  3.270282921E-01  3.937725110E-01
  4.594227798E-01  5.154976868E-01  5.565135150E-01  5.832327285E-01  5.951033474E-01
  5.907982715E-01  5.750325882E-01  5.510143709E-01  5.215708421E-01  4.922378234E-01
  4.662487062E-01  4.490911288E-01  4.435100033E-01  4.490911288E-01  4.662487062E-01
  4.922378234E-01  5.215708421E-01  5.510143709E-01  5.750325882E-01  5.907982715E-01
  5.951033474E-01  5.832327285E-01  5.565135150E-01  5.154976868E-01  4.594227798E-01
  3.937725110E-01  3.270282921E-01  2.626584525E-01  2.090120618E-01  1.735583763E-01
 -5.828850140E-02 -4.040939440E-02  1.077256456E-02  8.880343202E-02  1.827894815E-01
  2.788257245E-01  3.692235931E-01  4.499908702E-01  5.154976868E-01  5.613217075E-01
  5.907972634E-01  6.050389208E-01  6.041578677E-01  5.939375243E-01  5.769043323E-01
  5.582778713E-01  5.418755269E-01  5.304724866E-01  5.267701546E-01  5.304724866E-01
  5.418755269E-01  5.582778713E-01  5.769043323E-01  5.939375243E-01  6.041578677E-01
  6.050389208E-01  5.907972634E-01  5.613217075E-01  5.154976868E-01  4.499908702E-01
  3.692235931E-01  2.788257245E-01  1.827894815E-01  8.880343202E-02  1.077256456E-02
 -4.040939440E-02 -3.043958722E-01 -2.834188114E-01 -2.212821061E-01 -1.235794062E-01
  5.146080671E-04  1.346111901E-01  2.609537761E-01  3.692235931E-01  4.594227798E-01
  5.285974797E-01  5.750306349E-01  6.041569222E-01  6.171313413E-01  6.187454550E-01
  6.121810946E-01  6.013840849E-01  5.911396262E-01  5.835243919E-01  5.807021608E-01
  5.835243919E-01  5.911396262E-01  6.013840849E-01  6.121810946E-01  6.187454550E-01
  6.171313413E-01  6.041569222E-01  5.750306349E-01  5.285974797E-01  4.594227798E-01
  3.692235931E-01  2.609537761E-01  1.346111901E-01  5.146080671E-04 -1.235794062E-01
 -2.212821061E-01 -2.834188114E-01 -5.543776868E-01 -5.288485839E-01 -4.557829795E-01
 -3.430999186E-01 -1.975658096E-01 -3.212691356E-02  1.346111901E-01  2.788257245E-01
  3.937725110E-01  4.854219505E-01  5.510115648E-01  5.939357252E-01  6.187446012E-01
  6.290436171E-01  6.304963463E-01  6.266521864E-01  6.206061796E-01  6.161928188E-01
  6.145836918E-01  6.161928188E-01  6.206061796E-01  6.266521864E-01  6.304963463E-01
  6.290436171E-01  6.187446012E-01  5.939357252E-01  5.510115648E-01  4.854219505E-01
  3.937725110E-01  2.788257245E-01  1.346111901E-01 -3.212691356E-02 -1.975658096E-01
 -3.430999186E-01 -4.557829795E-01 -5.288485839E-01 -8.058432646E-01 -7.749902882E-01
 -6.862448610E-01 -5.518855572E-01 -3.850892569E-01 -1.975658096E-01  5.146080671E-04
  1.827894815E-01  3.270282921E-01  4.387884518E-01  5.215673014E-01  5.769017975E-01
  6.121795047E-01  6.304956102E-01  6.377607652E-01  6.385413510E-01  6.352296174E-01
  6.325152541E-01  6.311319050E-01  6.325152541E-01  6.352296174E-01  6.385413510E-01
  6.377607652E-01  6.304956102E-01  6.121795047E-01  5.769017975E-01  5.215673014E-01
  4.387884518E-01  3.270282921E-01  1.827894815E-01  5.146080671E-04 -1.975658096E-01
 -3.850892569E-01 -5.518855572E-01 -6.862448610E-01 -7.749902882E-01 -1.034763146E+00
 -1.000867714E+00 -9.000255616E-01 -7.436401997E-01 -5.518855572E-01 -3.430999186E-01
 -1.235794062E-01  8.880343202E-02  2.626584525E-01  3.941397097E-01  4.922336881E-01
  5.582747404E-01  6.013818985E-01  6.266508537E-01  6.385407545E-01  6.421871308E-01
  6.412138192E-01  6.398934772E-01  6.383699942E-01  6.398934772E-01  6.412138192E-01
  6.421871308E-01  6.385407545E-01  6.266508537E-01  6.013818985E-01  5.582747404E-01
  4.922336881E-01  3.941397097E-01  2.626584525E-01  8.880343202E-02 -1.235794062E-01
 -3.430999186E-01 -5.518855572E-01 -7.436401997E-01 -9.000255616E-01 -1.000867714E+00
 -1.212580046E+00 -1.176259405E+00 -1.069240805E+00 -9.000255616E-01 -6.862448610E-01
 -4.557829795E-01 -2.212821061E-01  1.077256456E-02  2.090120618E-01  3.567238584E-01
  4.662441335E-01  5.418719572E-01  5.911370005E-01  6.206044075E-01  6.352285816E-01
  6.412133800E-01  6.417214353E-01  6.410134168E-01  6.396924408E-01  6.410134168E-01
  6.417214353E-01  6.412133800E-01  6.352285816E-01  6.206044075E-01  5.911370005E-01
  5.418719572E-01  4.662441335E-01  3.567238584E-01  2.090120618E-01  1.077256456E-02
 -2.212821061E-01 -4.557829795E-01 -6.862448610E-01 -9.000255616E-01 -1.069240805E+00
 -1.176259405E+00 -1.324082711E+00 -1.286590740E+00 -1.176259405E+00 -1.000867714E+00
 -7.749902882E-01 -5.288485839E-01 -2.834188114E-01 -4.040939440E-02  1.735583763E-01
  3.325315874E-01  4.490862885E-01  5.304686482E-01  5.835214972E-01  6.161907777E-01
  6.325139494E-01  6.398927693E-01  6.410131480E-01  6.405935852E-01  6.399550742E-01
  6.405935852E-01  6.410131480E-01  6.398927693E-01  6.325139494E-01  6.161907777E-01
  5.835214972E-01  5.304686482E-01  4.490862885E-01  3.325315874E-01  1.735583763E-01
 -4.040939440E-02 -2.834188114E-01 -5.288485839E-01 -7.749902882E-01 -1.000867714E+00
 -1.176259405E+00 -1.286590740E+00 -1.733095647E+00 -1.688413529E+00 -1.559790760E+00
 -1.361262617E+00 -1.104849396E+00 -8.058432646E-01 -5.044978352E-01 -2.223525625E-01
  4.166179446E-02  2.521051249E-01  4.025205976E-01  5.107040017E-01  5.831489080E-01
  6.311296958E-01  6.599785041E-01  6.771338975E-01  6.860744901E-01  6.897203258E-01
  6.904451875E-01  6.897203258E-01  6.860744901E-01  6.771338975E-01  6.599785041E-01
  6.311296958E-01  5.831489080E-01  5.107040017E-01  4.025205976E-01  2.521051249E-01
  4.166179446E-02 -2.223525625E-01 -5.044978352E-01 -8.058432646E-01 -1.104849396E+00
 -1.361262617E+00 -1.559790760E+00 -1.688413529E+00 -1.688413529E+00 -1.644290761E+00
 -1.518373647E+00 -1.323263955E+00 -1.069146857E+00 -7.749902882E-01 -4.806604663E-01
 -2.024578175E-01  5.753612844E-02  2.621839648E-01  4.088860009E-01  5.147156732E-01
  5.855553338E-01  6.325131386E-01  6.608142636E-01  6.772752910E-01  6.852598609E-01
  6.888388175E-01  6.897204192E-01  6.888388175E-01  6.852598609E-01  6.772752910E-01
  6.608142636E-01  6.325131386E-01  5.855553338E-01  5.147156732E-01  4.088860009E-01
  2.621839648E-01  5.753612844E-02 -2.024578175E-01 -4.806604663E-01 -7.749902882E-01
 -1.069146857E+00 -1.323263955E+00 -1.518373647E+00 -1.644290761E+00 -1.559790760E+00
 -1.518373647E+00 -1.399434917E+00 -1.211890835E+00 -9.656751435E-01 -6.862448610E-01
 -4.097484038E-01 -1.437238373E-01  1.019000425E-01  2.906792343E-01  4.279579462E-01
  5.267179236E-01  5.921628717E-01  6.352277801E-01  6.607162101E-01  6.751108412E-01
  6.817420817E-01  6.852601386E-01  6.860748613E-01  6.852601386E-01  6.817420817E-01
  6.751108412E-01  6.607162101E-01  6.352277801E-01  5.921628717E-01  5.267179236E-01
  4.279579462E-01  2.906792343E-01  1.019000425E-01 -1.437238373E-01 -4.097484038E-01
 -6.862448610E-01 -9.656751435E-01 -1.211890835E+00 -1.399434917E+00 -1.518373647E+00
 -1.361262617E+00 -1.323263955E+00 -1.211890835E+00 -1.033780001E+00 -8.039186520E-01
 -5.518855572E-01 -3.005022440E-01 -5.266192732E-02  1.683487551E-01  3.337658417E-01
  4.561028043E-01  5.432101936E-01  6.010845365E-01  6.385399685E-01  6.594174769E-01
  6.704886041E-01  6.751112956E-01  6.772760233E-01  6.771347233E-01  6.772760233E-01
  6.751112956E-01  6.704886041E-01  6.594174769E-01  6.385399685E-01  6.010845365E-01
  5.432101936E-01  4.561028043E-01  3.337658417E-01  1.683487551E-01 -5.266192732E-02
 -3.005022440E-01 -5.518855572E-01 -8.039186520E-01 -1.033780001E+00 -1.211890835E+00
 -1.323263955E+00 -1.104849396E+00 -1.069146857E+00 -9.656751435E-01 -8.039186520E-01
 -6.021864860E-01 -3.850892569E-01 -1.601074762E-01  6.149685563E-02  2.466818929E-01
  3.849142006E-01  4.889954574E-01  5.612718497E-01  6.089119358E-01  6.377600010E-01
  6.526191110E-01  6.594180952E-01  6.607172830E-01  6.608156145E-01  6.599799485E-01
  6.608156145E-01  6.607172830E-01  6.594180952E-01  6.526191110E-01  6.377600010E-01
  6.089119358E-01  5.612718497E-01  4.889954574E-01  3.849142006E-01  2.466818929E-01
  6.149685563E-02 -1.601074762E-01 -3.850892569E-01 -6.021864860E-01 -8.039186520E-01
 -9.656751435E-01 -1.069146857E+00 -8.058432646E-01 -7.749902882E-01 -6.862448610E-01
 -5.518855572E-01 -3.850892569E-01 -1.975658096E-01  5.146080671E-04  1.827894815E-01
  3.270282921E-01  4.387884518E-01  5.215673014E-01  5.769017975E-01  6.121795047E-01
  6.304956102E-01  6.377607652E-01  6.385413510E-01  6.352296174E-01  6.325152541E-01
  6.311319050E-01  6.325152541E-01  6.352296174E-01  6.385413510E-01  6.377607652E-01
  6.304956102E-01  6.121795047E-01  5.769017975E-01  5.215673014E-01  4.387884518E-01
  3.270282921E-01  1.827894815E-01  5.146080671E-04 -1.975658096E-01 -3.850892569E-01
 -5.518855572E-01 -6.862448610E-01 -7.749902882E-01 -5.044978352E-01 -4.806604663E-01
 -4.097484038E-01 -3.005022440E-01 -1.601074762E-01  5.146080671E-04  1.585531056E-01
  2.937935590E-01  4.034724615E-01  4.885098578E-01  5.470232943E-01  5.852340184E-01
  6.061156183E-01  6.121803922E-01  6.089135876E-01  6.010868066E-01  5.921655967E-01
  5.855583371E-01  5.831520049E-01  5.855583371E-01  5.921655967E-01  6.010868066E-01
  6.089135876E-01  6.121803922E-01  6.061156183E-01  5.852340184E-01  5.470232943E-01
  4.885098578E-01  4.034724615E-01  2.937935590E-01  1.585531056E-01  5.146080671E-04
 -1.601074762E-01 -3.005022440E-01 -4.097484038E-01 -4.806604663E-01 -2.223525625E-01
 -2.024578175E-01 -1.437238373E-01 -5.266192732E-02  6.149685563E-02  1.827894815E-01
  2.937935590E-01  3.894086159E-01  4.690722488E-01  5.266970620E-01  5.637100442E-01
  5.831455591E-01  5.852350025E-01  5.769036690E-01  5.612744852E-01  5.432134470E-01
  5.267216314E-01  5.147196590E-01  5.107080810E-01  5.147196590E-01  5.267216314E-01
  5.432134470E-01  5.612744852E-01  5.769036690E-01  5.852350025E-01  5.831455591E-01
  5.637100442E-01  5.266970620E-01  4.690722488E-01  3.894086159E-01  2.937935590E-01
  1.827894815E-01  6.149685563E-02 -5.266192732E-02 -1.437238373E-01 -2.024578175E-01
  4.166179446E-02  5.753612844E-02  1.019000425E-01  1.683487551E-01  2.466818929E-01
  3.270282921E-01  4.034724615E-01  4.690722488E-01  5.190648613E-01  5.513380298E-01
  5.664027217E-01  5.637110947E-01  5.470253285E-01  5.215702221E-01  4.889991405E-01
  4.561071035E-01  4.279626980E-01  4.088910292E-01  4.025257189E-01  4.088910292E-01
  4.279626980E-01  4.561071035E-01  4.889991405E-01  5.215702221E-01  5.470253285E-01
  5.637110947E-01  5.664027217E-01  5.513380298E-01  5.190648613E-01  4.690722488E-01
  4.034724615E-01  3.270282921E-01  2.466818929E-01  1.683487551E-01  1.019000425E-01
  5.753612844E-02  2.521051249E-01  2.621839648E-01  2.906792343E-01  3.337658417E-01
  3.849142006E-01  4.387884518E-01  4.885098578E-01  5.266970620E-01  5.513380298E-01
  5.601174027E-01  5.513391139E-01  5.266991958E-01  4.885129736E-01  4.387924512E-01
  3.849189583E-01  3.337712106E-01  2.906850510E-01  2.621900545E-01  2.521113063E-01
  2.621900545E-01  2.906850510E-01  3.337712106E-01  3.849189583E-01  4.387924512E-01
  4.885129736E-01  5.266991958E-01  5.513391139E-01  5.601174027E-01  5.513380298E-01
  5.266970620E-01  4.885098578E-01  4.387884518E-01  3.849142006E-01  3.337658417E-01
  2.906792343E-01  2.621839648E-01  4.025205976E-01  4.088860009E-01  4.279579462E-01
  4.561028043E-01  4.889954574E-01  5.215673014E-01  5.470232943E-01  5.637100442E-01
  5.664027217E-01  5.513391139E-01  5.190670286E-01  4.690754635E-01  4.034766538E-01
  3.270333610E-01  2.466877109E-01  1.683551741E-01  1.019068995E-01  5.754325150E-02
  4.166900671E-02  5.754325150E-02  1.019068995E-01  1.683551741E-01  2.466877109E-01
  3.270333610E-01  4.034766538E-01  4.690754635E-01  5.190670286E-01  5.513391139E-01
  5.664027217E-01  5.637100442E-01  5.470232943E-01  5.215673014E-01  4.889954574E-01
  4.561028043E-01  4.279579462E-01  4.088860009E-01  5.107040017E-01  5.147156732E-01
  5.267179236E-01  5.432101936E-01  5.612718497E-01  5.769017975E-01  5.852340184E-01
  5.831455591E-01  5.637110947E-01  5.266991958E-01  4.690754635E-01  3.894128729E-01
  2.937987846E-01  1.827955707E-01  6.150367730E-02 -5.265452293E-02 -1.437160115E-01
 -2.024497375E-01 -2.223443976E-01 -2.024497375E-01 -1.437160115E-01 -5.265452293E-02
  6.150367730E-02  1.827955707E-01  2.937987846E-01  3.894128729E-01  4.690754635E-01
  5.266991958E-01  5.637110947E-01  5.831455591E-01  5.852340184E-01  5.769017975E-01
  5.612718497E-01  5.432101936E-01  5.267179236E-01  5.147156732E-01  5.831489080E-01
  5.855553338E-01  5.921628717E-01  6.010845365E-01  6.089119358E-01  6.121795047E-01
  6.061156183E-01  5.852350025E-01  5.470253285E-01  4.885129736E-01  4.034766538E-01
  2.937987846E-01  1.585592851E-01  5.216302035E-04 -1.600997474E-01 -3.004939601E-01
 -4.097397231E-01 -4.806515484E-01 -5.044888385E-01 -4.806515484E-01 -4.097397231E-01
 -3.004939601E-01 -1.600997474E-01  5.216302035E-04  1.585592851E-01  2.937987846E-01
  4.034766538E-01  4.885129736E-01  5.470253285E-01  5.852350025E-01  6.061156183E-01
  6.121795047E-01  6.089119358E-01  6.010845365E-01  5.921628717E-01  5.855553338E-01
  6.311296958E-01  6.325131386E-01  6.352277801E-01  6.385399685E-01  6.377600010E-01
  6.304956102E-01  6.121803922E-01  5.769036690E-01  5.215702221E-01  4.387924512E-01
  3.270333610E-01  1.827955707E-01  5.216302035E-04 -1.975579739E-01 -3.850807493E-01
 -5.518765302E-01 -6.862354678E-01 -7.749806781E-01 -8.058335827E-01 -7.749806781E-01
 -6.862354678E-01 -5.518765302E-01 -3.850807493E-01 -1.975579739E-01  5.216302035E-04
  1.827955707E-01  3.270333610E-01  4.387924512E-01  5.215702221E-01  5.769036690E-01
  6.121803922E-01  6.304956102E-01  6.377600010E-01  6.385399685E-01  6.352277801E-01
  6.325131386E-01  6.599785041E-01  6.608142636E-01  6.607162101E-01  6.594174769E-01
  6.526191110E-01  6.377607652E-01  6.089135876E-01  5.612744852E-01  4.889991405E-01
  3.849189583E-01  2.466877109E-01  6.150367730E-02 -1.600997474E-01 -3.850807493E-01
 -6.021773465E-01 -8.039090315E-01 -9.656651869E-01 -1.069136702E+00 -1.104839175E+00
 -1.069136702E+00 -9.656651869E-01 -8.039090315E-01 -6.021773465E-01 -3.850807493E-01
 -1.600997474E-01  6.150367730E-02  2.466877109E-01  3.849189583E-01  4.889991405E-01
  5.612744852E-01  6.089135876E-01  6.377607652E-01  6.526191110E-01  6.594174769E-01
  6.607162101E-01  6.608142636E-01  6.771338975E-01  6.772752910E-01  6.751108412E-01
  6.704886041E-01  6.594180952E-01  6.385413510E-01  6.010868066E-01  5.432134470E-01
  4.561071035E-01  3.337712106E-01  1.683551741E-01 -5.265452293E-02 -3.004939601E-01
 -5.518765302E-01 -8.039090315E-01 -1.033769932E+00 -1.211880453E+00 -1.323253386E+00
 -1.361251985E+00 -1.323253386E+00 -1.211880453E+00 -1.033769932E+00 -8.039090315E-01
 -5.518765302E-01 -3.004939601E-01 -5.265452293E-02  1.683551741E-01  3.337712106E-01
  4.561071035E-01  5.432134470E-01  6.010868066E-01  6.385413510E-01  6.594180952E-01
  6.704886041E-01  6.751108412E-01  6.772752910E-01  6.860744901E-01  6.852598609E-01
  6.817420817E-01  6.751112956E-01  6.607172830E-01  6.352296174E-01  5.921655967E-01
  5.267216314E-01  4.279626980E-01  2.906850510E-01  1.019068995E-01 -1.437160115E-01
 -4.097397231E-01 -6.862354678E-01 -9.656651869E-01 -1.211880453E+00 -1.399424233E+00
 -1.518362778E+00 -1.559779830E+00 -1.518362778E+00 -1.399424233E+00 -1.211880453E+00
 -9.656651869E-01 -6.862354678E-01 -4.097397231E-01 -1.437160115E-01  1.019068995E-01
  2.906850510E-01  4.279626980E-01  5.267216314E-01  5.921655967E-01  6.352296174E-01
  6.607172830E-01  6.751112956E-01  6.817420817E-01  6.852598609E-01  6.897203258E-01
  6.888388175E-01  6.852601386E-01  6.772760233E-01  6.608156145E-01  6.325152541E-01
  5.855583371E-01  5.147196590E-01  4.088910292E-01  2.621900545E-01  5.754325150E-02
 -2.024497375E-01 -4.806515484E-01 -7.749806781E-01 -1.069136702E+00 -1.323253386E+00
 -1.518362778E+00 -1.644279707E+00 -1.688402412E+00 -1.644279707E+00 -1.518362778E+00
 -1.323253386E+00 -1.069136702E+00 -7.749806781E-01 -4.806515484E-01 -2.024497375E-01
  5.754325150E-02  2.621900545E-01  4.088910292E-01  5.147196590E-01  5.855583371E-01
  6.325152541E-01  6.608156145E-01  6.772760233E-01  6.852601386E-01  6.888388175E-01
  6.904451875E-01  6.897204192E-01  6.860748613E-01  6.771347233E-01  6.599799485E-01
  6.311319050E-01  5.831520049E-01  5.107080810E-01  4.025257189E-01  2.521113063E-01
  4.166900671E-02 -2.223443976E-01 -5.044888385E-01 -8.058335827E-01 -1.104839175E+00
 -1.361251985E+00 -1.559779830E+00 -1.688402412E+00 -1.733084466E+00 -1.688402412E+00
 -1.559779830E+00 -1.361251985E+00 -1.104839175E+00 -8.058335827E-01 -5.044888385E-01
 -2.223443976E-01  4.166900671E-02  2.521113063E-01  4.025257189E-01  5.107080810E-01
  5.831520049E-01  6.311319050E-01  6.599799485E-01  6.771347233E-01  6.860748613E-01
  6.897204192E-01  6.897203258E-01  6.888388175E-01  6.852601386E-01  6.772760233E-01
  6.608156145E-01  6.325152541E-01  5.855583371E-01  5.147196590E-01  4.088910292E-01
  2.621900545E-01  5.754325150E-02 -2.024497375E-01 -4.806515484E-01 -7.749806781E-01
 -1.069136702E+00 -1.323253386E+00 -1.518362778E+00 -1.644279707E+00 -1.688402412E+00
 -1.644279707E+00 -1.518362778E+00 -1.323253386E+00 -1.069136702E+00 -7.749806781E-01
 -4.806515484E-01 -2.024497375E-01  5.754325150E-02  2.621900545E-01  4.088910292E-01
  5.147196590E-01  5.855583371E-01  6.325152541E-01  6.608156145E-01  6.772760233E-01
  6.852601386E-01  6.888388175E-01  6.860744901E-01  6.852598609E-01  6.817420817E-01
  6.751112956E-01  6.607172830E-01  6.352296174E-01  5.921655967E-01  5.267216314E-01
  4.279626980E-01  2.906850510E-01  1.019068995E-01 -1.437160115E-01 -4.097397231E-01
 -6.862354678E-01 -9.656651869E-01 -1.211880453E+00 -1.399424233E+00 -1.518362778E+00
 -1.559779830E+00 -1.518362778E+00 -1.399424233E+00 -1.211880453E+00 -9.656651869E-01
 -6.862354678E-01 -4.097397231E-01 -1.437160115E-01  1.019068995E-01  2.906850510E-01
  4.279626980E-01  5.267216314E-01  5.921655967E-01  6.352296174E-01  6.607172830E-01
  6.751112956E-01  6.817420817E-01  6.852598609E-01  6.771338975E-01  6.772752910E-01
  6.751108412E-01  6.704886041E-01  6.594180952E-01  6.385413510E-01  6.010868066E-01
  5.432134470E-01  4.561071035E-01  3.337712106E-01  1.683551741E-01 -5.265452293E-02
 -3.004939601E-01 -5.518765302E-01 -8.039090315E-01 -1.033769932E+00 -1.211880453E+00
 -1.323253386E+00 -1.361251985E+00 -1.323253386E+00 -1.211880453E+00 -1.033769932E+00
 -8.039090315E-01 -5.518765302E-01 -3.004939601E-01 -5.265452293E-02  1.683551741E-01
  3.337712106E-01  4.561071035E-01  5.432134470E-01  6.010868066E-01  6.385413510E-01
  6.594180952E-01  6.704886041E-01  6.751108412E-01  6.772752910E-01  6.599785041E-01
  6.608142636E-01  6.607162101E-01  6.594174769E-01  6.526191110E-01  6.377607652E-01
  6.089135876E-01  5.612744852E-01  4.889991405E-01  3.849189583E-01  2.466877109E-01
  6.150367730E-02 -1.600997474E-01 -3.850807493E-01 -6.021773465E-01 -8.039090315E-01
 -9.656651869E-01 -1.069136702E+00 -1.104839175E+00 -1.069136702E+00 -9.656651869E-01
 -8.039090315E-01 -6.021773465E-01 -3.850807493E-01 -1.600997474E-01  6.150367730E-02
  2.466877109E-01  3.849189583E-01  4.889991405E-01  5.612744852E-01  6.089135876E-01
  6.377607652E-01  6.526191110E-01  6.594174769E-01  6.607162101E-01  6.608142636E-01
  6.311296958E-01  6.325131386E-01  6.352277801E-01  6.385399685E-01  6.377600010E-01
  6.304956102E-01  6.121803922E-01  5.769036690E-01  5.215702221E-01  4.387924512E-01
  3.270333610E-01  1.827955707E-01  5.216302035E-04 -1.975579739E-01 -3.850807493E-01
 -5.518765302E-01 -6.862354678E-01 -7.749806781E-01 -8.058335827E-01 -7.749806781E-01
 -6.862354678E-01 -5.518765302E-01 -3.850807493E-01 -1.975579739E-01  5.216302035E-04
  1.827955707E-01  3.270333610E-01  4.387924512E-01  5.215702221E-01  5.769036690E-01
  6.121803922E-01  6.304956102E-01  6.377600010E-01  6.385399685E-01  6.352277801E-01
  6.325131386E-01  5.831489080E-01  5.855553338E-01  5.921628717E-01  6.010845365E-01
  6.089119358E-01  6.121795047E-01  6.061156183E-01  5.852350025E-01  5.470253285E-01
  4.885129736E-01  4.034766538E-01  2.937987846E-01  1.585592851E-01  5.216302035E-04
 -1.600997474E-01 -3.004939601E-01 -4.097397231E-01 -4.806515484E-01 -5.044888385E-01
 -4.806515484E-01 -4.097397231E-01 -3.004939601E-01 -1.600997474E-01  5.216302035E-04
  1.585592851E-01  2.937987846E-01  4.034766538E-01  4.885129736E-01  5.470253285E-01
  5.852350025E-01  6.061156183E-01  6.121795047E-01  6.089119358E-01  6.010845365E-01
  5.921628717E-01  5.855553338E-01  5.107040017E-01  5.147156732E-01  5.267179236E-01
  5.432101936E-01  5.612718497E-01  5.769017975E-01  5.852340184E-01  5.831455591E-01
  5.637110947E-01  5.266991958E-01  4.690754635E-01  3.894128729E-01  2.937987846E-01
  1.827955707E-01  6.150367730E-02 -5.265452293E-02 -1.437160115E-01 -2.024497375E-01
 -2.223443976E-01 -2.024497375E-01 -1.437160115E-01 -5.265452293E-02  6.150367730E-02
  1.827955707E-01  2.937987846E-01  3.894128729E-01  4.690754635E-01  5.266991958E-01
  5.637110947E-01  5.831455591E-01  5.852340184E-01  5.769017975E-01  5.612718497E-01
  5.432101936E-01  5.267179236E-01  5.147156732E-01  4.025205976E-01  4.088860009E-01
  4.279579462E-01  4.561028043E-01  4.889954574E-01  5.215673014E-01  5.470232943E-01
  5.637100442E-01  5.664027217E-01  5.513391139E-01  5.190670286E-01  4.690754635E-01
  4.034766538E-01  3.270333610E-01  2.466877109E-01  1.683551741E-01  1.019068995E-01
  5.754325150E-02  4.166900671E-02  5.754325150E-02  1.019068995E-01  1.683551741E-01
  2.466877109E-01  3.270333610E-01  4.034766538E-01  4.690754635E-01  5.190670286E-01
  5.513391139E-01  5.664027217E-01  5.637100442E-01  5.470232943E-01  5.215673014E-01
  4.889954574E-01  4.561028043E-01  4.279579462E-01  4.088860009E-01  2.521051249E-01
  2.621839648E-01  2.906792343E-01  3.337658417E-01  3.849142006E-01  4.387884518E-01
  4.885098578E-01  5.266970620E-01  5.513380298E-01  5.601174027E-01  5.513391139E-01
  5.266991958E-01  4.885129736E-01  4.387924512E-01  3.849189583E-01  3.337712106E-01
  2.906850510E-01  2.621900545E-01  2.521113063E-01  2.621900545E-01  2.906850510E-01
  3.337712106E-01  3.849189583E-01  4.387924512E-01  4.885129736E-01  5.266991958E-01
  5.513391139E-01  5.601174027E-01  5.513380298E-01  5.266970620E-01  4.885098578E-01
  4.387884518E-01  3.849142006E-01  3.337658417E-01  2.906792343E-01  2.621839648E-01
  4.166179446E-02  5.753612844E-02  1.019000425E-01  1.683487551E-01  2.466818929E-01
  3.270282921E-01  4.034724615E-01  4.690722488E-01  5.190648613E-01  5.513380298E-01
  5.664027217E-01  5.637110947E-01  5.470253285E-01  5.215702221E-01  4.889991405E-01
  4.561071035E-01  4.279626980E-01  4.088910292E-01  4.025257189E-01  4.088910292E-01
  4.279626980E-01  4.561071035E-01  4.889991405E-01  5.215702221E-01  5.470253285E-01
  5.637110947E-01  5.664027217E-01  5.513380298E-01  5.190648613E-01  4.690722488E-01
  4.034724615E-01  3.270282921E-01  2.466818929E-01  1.683487551E-01  1.019000425E-01
  5.753612844E-02 -2.223525625E-01 -2.024578175E-01 -1.437238373E-01 -5.266192732E-02
  6.149685563E-02  1.827894815E-01  2.937935590E-01  3.894086159E-01  4.690722488E-01
  5.266970620E-01  5.637100442E-01  5.831455591E-01  5.852350025E-01  5.769036690E-01
  5.612744852E-01  5.432134470E-01  5.267216314E-01  5.147196590E-01  5.107080810E-01
  5.147196590E-01  5.267216314E-01  5.432134470E-01  5.612744852E-01  5.769036690E-01
  5.852350025E-01  5.831455591E-01  5.637100442E-01  5.266970620E-01  4.690722488E-01
  3.894086159E-01  2.937935590E-01  1.827894815E-01  6.149685563E-02 -5.266192732E-02
 -1.437238373E-01 -2.024578175E-01 -5.044978352E-01 -4.806604663E-01 -4.097484038E-01
 -3.005022440E-01 -1.601074762E-01  5.146080671E-04  1.585531056E-01  2.937935590E-01
  4.034724615E-01  4.885098578E-01  5.470232943E-01  5.852340184E-01  6.061156183E-01
  6.121803922E-01  6.089135876E-01  6.010868066E-01  5.921655967E-01  5.855583371E-01
  5.831520049E-01  5.855583371E-01  5.921655967E-01  6.010868066E-01  6.089135876E-01
  6.121803922E-01  6.061156183E-01  5.852340184E-01  5.470232943E-01  4.885098578E-01
  4.034724615E-01  2.937935590E-01  1.585531056E-01  5.146080671E-04 -1.601074762E-01
 -3.005022440E-01 -4.097484038E-01 -4.806604663E-01 -8.058432646E-01 -7.749902882E-01
 -6.862448610E-01 -5.518855572E-01 -3.850892569E-01 -1.975658096E-01  5.146080671E-04
  1.827894815E-01  3.270282921E-01  4.387884518E-01  5.215673014E-01  5.769017975E-01
  6.121795047E-01  6.304956102E-01  6.377607652E-01  6.385413510E-01  6.352296174E-01
  6.325152541E-01  6.311319050E-01  6.325152541E-01  6.352296174E-01  6.385413510E-01
  6.377607652E-01  6.304956102E-01  6.121795047E-01  5.769017975E-01  5.215673014E-01
  4.387884518E-01  3.270282921E-01  1.827894815E-01  5.146080671E-04 -1.975658096E-01
 -3.850892569E-01 -5.518855572E-01 -6.862448610E-01 -7.749902882E-01 -1.104849396E+00
 -1.069146857E+00 -9.656751435E-01 -8.039186520E-01 -6.021864860E-01 -3.850892569E-01
 -1.601074762E-01  6.149685563E-02  2.466818929E-01  3.849142006E-01  4.889954574E-01
  5.612718497E-01  6.089119358E-01  6.377600010E-01  6.526191110E-01  6.594180952E-01
  6.607172830E-01  6.608156145E-01  6.599799485E-01  6.608156145E-01  6.607172830E-01
  6.594180952E-01  6.526191110E-01  6.377600010E-01  6.089119358E-01  5.612718497E-01
  4.889954574E-01  3.849142006E-01  2.466818929E-01  6.149685563E-02 -1.601074762E-01
 -3.850892569E-01 -6.021864860E-01 -8.039186520E-01 -9.656751435E-01 -1.069146857E+00
 -1.361262617E+00 -1.323263955E+00 -1.211890835E+00 -1.033780001E+00 -8.039186520E-01
 -5.518855572E-01 -3.005022440E-01 -5.266192732E-02  1.683487551E-01  3.337658417E-01
  4.561028043E-01  5.432101936E-01  6.010845365E-01  6.385399685E-01  6.594174769E-01
  6.704886041E-01  6.751112956E-01  6.772760233E-01  6.771347233E-01  6.772760233E-01
  6.751112956E-01  6.704886041E-01  6.594174769E-01  6.385399685E-01  6.010845365E-01
  5.432101936E-01  4.561028043E-01  3.337658417E-01  1.683487551E-01 -5.266192732E-02
 -3.005022440E-01 -5.518855572E-01 -8.039186520E-01 -1.033780001E+00 -1.211890835E+00
 -1.323263955E+00 -1.559790760E+00 -1.518373647E+00 -1.399434917E+00 -1.211890835E+00
 -9.656751435E-01 -6.862448610E-01 -4.097484038E-01 -1.437238373E-01  1.019000425E-01
  2.906792343E-01  4.279579462E-01  5.267179236E-01  5.921628717E-01  6.352277801E-01
  6.607162101E-01  6.751108412E-01  6.817420817E-01  6.852601386E-01  6.860748613E-01
  6.852601386E-01  6.817420817E-01  6.751108412E-01  6.607162101E-01  6.352277801E-01
  5.921628717E-01  5.267179236E-01  4.279579462E-01  2.906792343E-01  1.019000425E-01
 -1.437238373E-01 -4.097484038E-01 -6.862448610E-01 -9.656751435E-01 -1.211890835E+00
 -1.399434917E+00 -1.518373647E+00 -1.688413529E+00 -1.644290761E+00 -1.518373647E+00
 -1.323263955E+00 -1.069146857E+00 -7.749902882E-01 -4.806604663E-01 -2.024578175E-01
  5.753612844E-02  2.621839648E-01  4.088860009E-01  5.147156732E-01  5.855553338E-01
  6.325131386E-01  6.608142636E-01  6.772752910E-01  6.852598609E-01  6.888388175E-01
  6.897204192E-01  6.888388175E-01  6.852598609E-01  6.772752910E-01  6.608142636E-01
  6.325131386E-01  5.855553338E-01  5.147156732E-01  4.088860009E-01  2.621839648E-01
  5.753612844E-02 -2.024578175E-01 -4.806604663E-01 -7.749902882E-01 -1.069146857E+00
 -1.323263955E+00 -1.518373647E+00 -1.644290761E+00 -2.079608964E+00 -2.025847467E+00
 -1.873812179E+00 -1.644050506E+00 -1.361262617E+00 -1.034763146E+00 -6.868771740E-01
 -3.664854933E-01 -7.103223910E-02  1.812094779E-01  3.607334896E-01  4.899328334E-01
  5.790249001E-01  6.383677248E-01  6.771332405E-01  7.004083522E-01  7.141401223E-01
  7.206814547E-01  7.224203401E-01  7.206814547E-01  7.141401223E-01  7.004083522E-01
  6.771332405E-01  6.383677248E-01  5.790249001E-01  4.899328334E-01  3.607334896E-01
  1.812094779E-01 -7.103223910E-02 -3.664854933E-01 -6.868771740E-01 -1.034763146E+00
 -1.361262617E+00 -1.644050506E+00 -1.873812179E+00 -2.025847467E+00 -2.025847467E+00
 -1.973514186E+00 -1.825439329E+00 -1.601086541E+00 -1.323263955E+00 -1.000867714E+00
 -6.597614130E-01 -3.451060158E-01 -5.336511509E-02  1.928956279E-01  3.681886524E-01
  4.944017472E-01  5.815074720E-01  6.398913038E-01  6.772746364E-01  6.995804174E-01
  7.122745130E-01  7.186378639E-01  7.206815504E-01  7.186378639E-01  7.122745130E-01
  6.995804174E-01  6.772746364E-01  6.398913038E-01  5.815074720E-01  4.944017472E-01
  3.681886524E-01  1.928956279E-01 -5.336511509E-02 -3.451060158E-01 -6.597614130E-01
 -1.000867714E+00 -1.323263955E+00 -1.601086541E+00 -1.825439329E+00 -1.973514186E+00
 -1.873812179E+00 -1.825439329E+00 -1.687756478E+00 -1.477593230E+00 -1.211890835E+00
 -9.000255616E-01 -5.785265962E-01 -2.813345641E-01 -2.410545153E-03  2.261070099E-01
  3.892064419E-01  5.067721537E-01  5.870868806E-01  6.412119310E-01  6.751101938E-01
  6.959663506E-01  7.069563344E-01  7.122747978E-01  7.141405028E-01  7.122747978E-01
  7.069563344E-01  6.959663506E-01  6.751101938E-01  6.412119310E-01  5.870868806E-01
  5.067721537E-01  3.892064419E-01  2.261070099E-01 -2.410545153E-03 -2.813345641E-01
 -5.785265962E-01 -9.000255616E-01 -1.211890835E+00 -1.477593230E+00 -1.687756478E+00
 -1.825439329E+00 -1.644050506E+00 -1.601086541E+00 -1.477593230E+00 -1.284789354E+00
 -1.033780001E+00 -7.436401997E-01 -4.548353633E-01 -1.812060566E-01  7.542472273E-02
  2.754643280E-01  4.196245288E-01  5.243250234E-01  5.950297479E-01  6.421857094E-01
  6.704879688E-01  6.876704594E-01  6.959668171E-01  6.995811687E-01  7.004091994E-01
  6.995811687E-01  6.959668171E-01  6.876704594E-01  6.704879688E-01  6.421857094E-01
  5.950297479E-01  5.243250234E-01  4.196245288E-01  2.754643280E-01  7.542472273E-02
 -1.812060566E-01 -4.548353633E-01 -7.436401997E-01 -1.033780001E+00 -1.284789354E+00
 -1.477593230E+00 -1.601086541E+00 -1.361262617E+00 -1.323263955E+00 -1.211890835E+00
 -1.033780001E+00 -8.039186520E-01 -5.518855572E-01 -3.005022440E-01 -5.266192732E-02
  1.683487551E-01  3.337658417E-01  4.561028043E-01  5.432101936E-01  6.010845365E-01
  6.385399685E-01  6.594174769E-01  6.704886041E-01  6.751112956E-01  6.772760233E-01
  6.771347233E-01  6.772760233E-01  6.751112956E-01  6.704886041E-01  6.594174769E-01
  6.385399685E-01  6.010845365E-01  5.432101936E-01  4.561028043E-01  3.337658417E-01
  1.683487551E-01 -5.266192732E-02 -3.005022440E-01 -5.518855572E-01 -8.039186520E-01
 -1.033780001E+00 -1.211890835E+00 -1.323263955E+00 -1.034763146E+00 -1.000867714E+00
 -9.000255616E-01 -7.436401997E-01 -5.518855572E-01 -3.430999186E-01 -1.235794062E-01
  8.880343202E-02  2.626584525E-01  3.941397097E-01  4.922336881E-01  5.582747404E-01
  6.013818985E-01  6.266508537E-01  6.385407545E-01  6.421871308E-01  6.412138192E-01
  6.398934772E-01  6.383699942E-01  6.398934772E-01  6.412138192E-01  6.421871308E-01
  6.385407545E-01  6.266508537E-01  6.013818985E-01  5.582747404E-01  4.922336881E-01
  3.941397097E-01  2.626584525E-01  8.880343202E-02 -1.235794062E-01 -3.430999186E-01
 -5.518855572E-01 -7.436401997E-01 -9.000255616E-01 -1.000867714E+00 -6.868771740E-01
 -6.597614130E-01 -5.785265962E-01 -4.548353633E-01 -3.005022440E-01 -1.235794062E-01
  5.965382371E-02  2.220840107E-01  3.500717521E-01  4.494311532E-01  5.202331067E-01
  5.656513704E-01  5.917345906E-01  6.013828123E-01  6.010862362E-01  5.950320830E-01
  5.870896826E-01  5.815105594E-01  5.790280835E-01  5.815105594E-01  5.870896826E-01
  5.950320830E-01  6.010862362E-01  6.013828123E-01  5.917345906E-01  5.656513704E-01
  5.202331067E-01  4.494311532E-01  3.500717521E-01  2.220840107E-01  5.965382371E-02
 -1.235794062E-01 -3.005022440E-01 -4.548353633E-01 -5.785265962E-01 -6.597614130E-01
 -3.664854933E-01 -3.451060158E-01 -2.813345641E-01 -1.812060566E-01 -5.266192732E-02
  8.880343202E-02  2.220840107E-01  3.346982766E-01  4.256001632E-01  4.933133697E-01
  5.371369197E-01  5.606777373E-01  5.656523845E-01  5.582766680E-01  5.432129067E-01
  5.243283712E-01  5.067759678E-01  4.944058462E-01  4.899370282E-01  4.944058462E-01
  5.067759678E-01  5.243283712E-01  5.432129067E-01  5.582766680E-01  5.656523845E-01
  5.606777373E-01  5.371369197E-01  4.933133697E-01  4.256001632E-01  3.346982766E-01
  2.220840107E-01  8.880343202E-02 -5.266192732E-02 -1.812060566E-01 -2.813345641E-01
 -3.451060158E-01 -7.103223910E-02 -5.336511509E-02 -2.410545153E-03  7.542472273E-02
  1.683487551E-01  2.626584525E-01  3.500717521E-01  4.256001632E-01  4.840942064E-01
  5.208963803E-01  5.379015235E-01  5.371380028E-01  5.202352032E-01  4.922366968E-01
  4.561065964E-01  4.196289531E-01  3.892113299E-01  3.681938235E-01  3.607387557E-01
  3.681938235E-01  3.892113299E-01  4.196289531E-01  4.561065964E-01  4.922366968E-01
  5.202352032E-01  5.371380028E-01  5.379015235E-01  5.208963803E-01  4.840942064E-01
  4.256001632E-01  3.500717521E-01  2.626584525E-01  1.683487551E-01  7.542472273E-02
 -2.410545153E-03 -5.336511509E-02  1.812094779E-01  1.928956279E-01  2.261070099E-01
  2.754643280E-01  3.337658417E-01  3.941397097E-01  4.494311532E-01  4.933133697E-01
  5.208963803E-01  5.299844593E-01  5.208974985E-01  4.933155699E-01  4.494343644E-01
  3.941438290E-01  3.337707388E-01  2.754698509E-01  2.261129901E-01  1.929018865E-01
  1.812158299E-01  1.929018865E-01  2.261129901E-01  2.754698509E-01  3.337707388E-01
  3.941438290E-01  4.494343644E-01  4.933155699E-01  5.208974985E-01  5.299844593E-01
  5.208963803E-01  4.933133697E-01  4.494311532E-01  3.941397097E-01  3.337658417E-01
  2.754643280E-01  2.261070099E-01  1.928956279E-01  3.607334896E-01  3.681886524E-01
  3.892064419E-01  4.196245288E-01  4.561028043E-01  4.922336881E-01  5.202331067E-01
  5.371369197E-01  5.379015235E-01  5.208974985E-01  4.840964416E-01  4.256034772E-01
  3.500760711E-01  2.626636704E-01  1.683547389E-01  7.543131867E-02 -2.403504382E-03
 -5.335780488E-02 -7.102483871E-02 -5.335780488E-02 -2.403504382E-03  7.543131867E-02
  1.683547389E-01  2.626636704E-01  3.500760711E-01  4.256034772E-01  4.840964416E-01
  5.208974985E-01  5.379015235E-01  5.371369197E-01  5.202331067E-01  4.922336881E-01
  4.561028043E-01  4.196245288E-01  3.892064419E-01  3.681886524E-01  4.899328334E-01
  4.944017472E-01  5.067721537E-01  5.243250234E-01  5.432101936E-01  5.582747404E-01
  5.656513704E-01  5.606777373E-01  5.371380028E-01  4.933155699E-01  4.256034772E-01
  3.347026626E-01  2.220893902E-01  8.880969342E-02 -5.265492146E-02 -1.811984617E-01
 -2.813265454E-01 -3.450977424E-01 -3.664771351E-01 -3.450977424E-01 -2.813265454E-01
 -1.811984617E-01 -5.265492146E-02  8.880969342E-02  2.220893902E-01  3.347026626E-01
  4.256034772E-01  4.933155699E-01  5.371380028E-01  5.606777373E-01  5.656513704E-01
  5.582747404E-01  5.432101936E-01  5.243250234E-01  5.067721537E-01  4.944017472E-01
  5.790249001E-01  5.815074720E-01  5.870868806E-01  5.950297479E-01  6.010845365E-01
  6.013818985E-01  5.917345906E-01  5.656523845E-01  5.202352032E-01  4.494343644E-01
  3.500760711E-01  2.220893902E-01  5.966017755E-02 -1.235721970E-01 -3.004943228E-01
 -4.548268869E-01 -5.785177258E-01 -6.597523081E-01 -6.868679913E-01 -6.597523081E-01
 -5.785177258E-01 -4.548268869E-01 -3.004943228E-01 -1.235721970E-01  5.966017755E-02
  2.220893902E-01  3.500760711E-01  4.494343644E-01  5.202352032E-01  5.656523845E-01
  5.917345906E-01  6.013818985E-01  6.010845365E-01  5.950297479E-01  5.870868806E-01
  5.815074720E-01  6.383677248E-01  6.398913038E-01  6.412119310E-01  6.421857094E-01
  6.385399685E-01  6.266508537E-01  6.013828123E-01  5.582766680E-01  4.922366968E-01
  3.941438290E-01  2.626636704E-01  8.880969342E-02 -1.235721970E-01 -3.430918901E-01
 -5.518768588E-01 -7.436309875E-01 -9.000159885E-01 -1.000857927E+00 -1.034753288E+00
 -1.000857927E+00 -9.000159885E-01 -7.436309875E-01 -5.518768588E-01 -3.430918901E-01
 -1.235721970E-01  8.880969342E-02  2.626636704E-01  3.941438290E-01  4.922366968E-01
  5.582766680E-01  6.013828123E-01  6.266508537E-01  6.385399685E-01  6.421857094E-01
  6.412119310E-01  6.398913038E-01  6.771332405E-01  6.772746364E-01  6.751101938E-01
  6.704879688E-01  6.594174769E-01  6.385407545E-01  6.010862362E-01  5.432129067E-01
  4.561065964E-01  3.337707388E-01  1.683547389E-01 -5.265492146E-02 -3.004943228E-01
 -5.518768588E-01 -8.039093290E-01 -1.033770203E+00 -1.211880702E+00 -1.323253621E+00
 -1.361252216E+00 -1.323253621E+00 -1.211880702E+00 -1.033770203E+00 -8.039093290E-01
 -5.518768588E-01 -3.004943228E-01 -5.265492146E-02  1.683547389E-01  3.337707388E-01
  4.561065964E-01  5.432129067E-01  6.010862362E-01  6.385407545E-01  6.594174769E-01
  6.704879688E-01  6.751101938E-01  6.772746364E-01  7.004083522E-01  6.995804174E-01
  6.959663506E-01  6.876704594E-01  6.704886041E-01  6.421871308E-01  5.950320830E-01
  5.243283712E-01  4.196289531E-01  2.754698509E-01  7.543131867E-02 -1.811984617E-01
 -4.548268869E-01 -7.436309875E-01 -1.033770203E+00 -1.284779107E+00 -1.477582659E+00
 -1.601075768E+00 -1.644039664E+00 -1.601075768E+00 -1.477582659E+00 -1.284779107E+00
 -1.033770203E+00 -7.436309875E-01 -4.548268869E-01 -1.811984617E-01  7.543131867E-02
  2.754698509E-01  4.196289531E-01  5.243283712E-01  5.950320830E-01  6.421871308E-01
  6.704886041E-01  6.876704594E-01  6.959663506E-01  6.995804174E-01  7.141401223E-01
  7.122745130E-01  7.069563344E-01  6.959668171E-01  6.751112956E-01  6.412138192E-01
  5.870896826E-01  5.067759678E-01  3.892113299E-01  2.261129901E-01 -2.403504382E-03
 -2.813265454E-01 -5.785177258E-01 -9.000159885E-01 -1.211880702E+00 -1.477582659E+00
 -1.687745575E+00 -1.825428213E+00 -1.873800989E+00 -1.825428213E+00 -1.687745575E+00
 -1.477582659E+00 -1.211880702E+00 -9.000159885E-01 -5.785177258E-01 -2.813265454E-01
 -2.403504382E-03  2.261129901E-01  3.892113299E-01  5.067759678E-01  5.870896826E-01
  6.412138192E-01  6.751112956E-01  6.959668171E-01  7.069563344E-01  7.122745130E-01
  7.206814547E-01  7.186378639E-01  7.122747978E-01  6.995811687E-01  6.772760233E-01
  6.398934772E-01  5.815105594E-01  4.944058462E-01  3.681938235E-01  1.929018865E-01
 -5.335780488E-02 -3.450977424E-01 -6.597523081E-01 -1.000857927E+00 -1.323253621E+00
 -1.601075768E+00 -1.825428213E+00 -1.973502844E+00 -2.025836043E+00 -1.973502844E+00
 -1.825428213E+00 -1.601075768E+00 -1.323253621E+00 -1.000857927E+00 -6.597523081E-01
 -3.450977424E-01 -5.335780488E-02  1.929018865E-01  3.681938235E-01  4.944058462E-01
  5.815105594E-01  6.398934772E-01  6.772760233E-01  6.995811687E-01  7.122747978E-01
  7.186378639E-01  7.224203401E-01  7.206815504E-01  7.141405028E-01  7.004091994E-01
  6.771347233E-01  6.383699942E-01  5.790280835E-01  4.899370282E-01  3.607387557E-01
  1.812158299E-01 -7.102483871E-02 -3.664771351E-01 -6.868679913E-01 -1.034753288E+00
 -1.361252216E+00 -1.644039664E+00 -1.873800989E+00 -2.025836043E+00 -2.079597457E+00
 -2.025836043E+00 -1.873800989E+00 -1.644039664E+00 -1.361252216E+00 -1.034753288E+00
 -6.868679913E-01 -3.664771351E-01 -7.102483871E-02  1.812158299E-01  3.607387557E-01
  4.899370282E-01  5.790280835E-01  6.383699942E-01  6.771347233E-01  7.004091994E-01
  7.141405028E-01  7.206815504E-01  7.206814547E-01  7.186378639E-01  7.122747978E-01
  6.995811687E-01  6.772760233E-01  6.398934772E-01  5.815105594E-01  4.944058462E-01
  3.681938235E-01  1.929018865E-01 -5.335780488E-02 -3.450977424E-01 -6.597523081E-01
 -1.000857927E+00 -1.323253621E+00 -1.601075768E+00 -1.825428213E+00 -1.973502844E+00
 -2.025836043E+00 -1.973502844E+00 -1.825428213E+00 -1.601075768E+00 -1.323253621E+00
 -1.000857927E+00 -6.597523081E-01 -3.450977424E-01 -5.335780488E-02  1.929018865E-01
  3.681938235E-01  4.944058462E-01  5.815105594E-01  6.398934772E-01  6.772760233E-01
  6.995811687E-01  7.122747978E-01  7.186378639E-01  7.141401223E-01  7.122745130E-01
  7.069563344E-01  6.959668171E-01  6.751112956E-01  6.412138192E-01  5.870896826E-01
  5.067759678E-01  3.892113299E-01  2.261129901E-01 -2.403504382E-03 -2.813265454E-01
 -5.785177258E-01 -9.000159885E-01 -1.211880702E+00 -1.477582659E+00 -1.687745575E+00
 -1.825428213E+00 -1.873800989E+00 -1.825428213E+00 -1.687745575E+00 -1.477582659E+00
 -1.211880702E+00 -9.000159885E-01 -5.785177258E-01 -2.813265454E-01 -2.403504382E-03
  2.261129901E-01  3.892113299E-01  5.067759678E-01  5.870896826E-01  6.412138192E-01
  6.751112956E-01  6.959668171E-01  7.069563344E-01  7.122745130E-01  7.004083522E-01
  6.995804174E-01  6.959663506E-01  6.876704594E-01  6.704886041E-01  6.421871308E-01
  5.950320830E-01  5.243283712E-01  4.196289531E-01  2.754698509E-01  7.543131867E-02
 -1.811984617E-01 -4.548268869E-01 -7.436309875E-01 -1.033770203E+00 -1.284779107E+00
 -1.477582659E+00 -1.601075768E+00 -1.644039664E+00 -1.601075768E+00 -1.477582659E+00
 -1.284779107E+00 -1.033770203E+00 -7.436309875E-01 -4.548268869E-01 -1.811984617E-01
  7.543131867E-02  2.754698509E-01  4.196289531E-01  5.243283712E-01  5.950320830E-01
  6.421871308E-01  6.704886041E-01  6.876704594E-01  6.959663506E-01  6.995804174E-01
  6.771332405E-01  6.772746364E-01  6.751101938E-01  6.704879688E-01  6.594174769E-01
  6.385407545E-01  6.010862362E-01  5.432129067E-01  4.561065964E-01  3.337707388E-01
  1.683547389E-01 -5.265492146E-02 -3.004943228E-01 -5.518768588E-01 -8.039093290E-01
 -1.033770203E+00 -1.211880702E+00 -1.323253621E+00 -1.361252216E+00 -1.323253621E+00
 -1.211880702E+00 -1.033770203E+00 -8.039093290E-01 -5.518768588E-01 -3.004943228E-01
 -5.265492146E-02  1.683547389E-01  3.337707388E-01  4.561065964E-01  5.432129067E-01
  6.010862362E-01  6.385407545E-01  6.594174769E-01  6.704879688E-01  6.751101938E-01
  6.772746364E-01  6.383677248E-01  6.398913038E-01  6.412119310E-01  6.421857094E-01
  6.385399685E-01  6.266508537E-01  6.013828123E-01  5.582766680E-01  4.922366968E-01
  3.941438290E-01  2.626636704E-01  8.880969342E-02 -1.235721970E-01 -3.430918901E-01
 -5.518768588E-01 -7.436309875E-01 -9.000159885E-01 -1.000857927E+00 -1.034753288E+00
 -1.000857927E+00 -9.000159885E-01 -7.436309875E-01 -5.518768588E-01 -3.430918901E-01
 -1.235721970E-01  8.880969342E-02  2.626636704E-01  3.941438290E-01  4.922366968E-01
  5.582766680E-01  6.013828123E-01  6.266508537E-01  6.385399685E-01  6.421857094E-01
  6.412119310E-01  6.398913038E-01  5.790249001E-01  5.815074720E-01  5.870868806E-01
  5.950297479E-01  6.010845365E-01  6.013818985E-01  5.917345906E-01  5.656523845E-01
  5.202352032E-01  4.494343644E-01  3.500760711E-01  2.220893902E-01  5.966017755E-02
 -1.235721970E-01 -3.004943228E-01 -4.548268869E-01 -5.785177258E-01 -6.597523081E-01
 -6.868679913E-01 -6.597523081E-01 -5.785177258E-01 -4.548268869E-01 -3.004943228E-01
 -1.235721970E-01  5.966017755E-02  2.220893902E-01  3.500760711E-01  4.494343644E-01
  5.202352032E-01  5.656523845E-01  5.917345906E-01  6.013818985E-01  6.010845365E-01
  5.950297479E-01  5.870868806E-01  5.815074720E-01  4.899328334E-01  4.944017472E-01
  5.067721537E-01  5.243250234E-01  5.432101936E-01  5.582747404E-01  5.656513704E-01
  5.606777373E-01  5.371380028E-01  4.933155699E-01  4.256034772E-01  3.347026626E-01
  2.220893902E-01  8.880969342E-02 -5.265492146E-02 -1.811984617E-01 -2.813265454E-01
 -3.450977424E-01 -3.664771351E-01 -3.450977424E-01 -2.813265454E-01 -1.811984617E-01
 -5.265492146E-02  8.880969342E-02  2.220893902E-01  3.347026626E-01  4.256034772E-01
  4.933155699E-01  5.371380028E-01  5.606777373E-01  5.656513704E-01  5.582747404E-01
  5.432101936E-01  5.243250234E-01  5.067721537E-01  4.944017472E-01  3.607334896E-01
  3.681886524E-01  3.892064419E-01  4.196245288E-01  4.561028043E-01  4.922336881E-01
  5.202331067E-01  5.371369197E-01  5.379015235E-01  5.208974985E-01  4.840964416E-01
  4.256034772E-01  3.500760711E-01  2.626636704E-01  1.683547389E-01  7.543131867E-02
 -2.403504382E-03 -5.335780488E-02 -7.102483871E-02 -5.335780488E-02 -2.403504382E-03
  7.543131867E-02  1.683547389E-01  2.626636704E-01  3.500760711E-01  4.256034772E-01
  4.840964416E-01  5.208974985E-01  5.379015235E-01  5.371369197E-01  5.202331067E-01
  4.922336881E-01  4.561028043E-01  4.196245288E-01  3.892064419E-01  3.681886524E-01
  1.812094779E-01  1.928956279E-01  2.261070099E-01  2.754643280E-01  3.337658417E-01
  3.941397097E-01  4.494311532E-01  4.933133697E-01  5.208963803E-01  5.299844593E-01
  5.208974985E-01  4.933155699E-01  4.494343644E-01  3.941438290E-01  3.337707388E-01
  2.754698509E-01  2.261129901E-01  1.929018865E-01  1.812158299E-01  1.929018865E-01
  2.261129901E-01  2.754698509E-01  3.337707388E-01  3.941438290E-01  4.494343644E-01
  4.933155699E-01  5.208974985E-01  5.299844593E-01  5.208963803E-01  4.933133697E-01
  4.494311532E-01  3.941397097E-01  3.337658417E-01  2.754643280E-01  2.261070099E-01
  1.928956279E-01 -7.103223910E-02 -5.336511509E-02 -2.410545153E-03  7.542472273E-02
  1.683487551E-01  2.626584525E-01  3.500717521E-01  4.256001632E-01  4.840942064E-01
  5.208963803E-01  5.379015235E-01  5.371380028E-01  5.202352032E-01  4.922366968E-01
  4.561065964E-01  4.196289531E-01  3.892113299E-01  3.681938235E-01  3.607387557E-01
  3.681938235E-01  3.892113299E-01  4.196289531E-01  4.561065964E-01  4.922366968E-01
  5.202352032E-01  5.371380028E-01  5.379015235E-01  5.208963803E-01  4.840942064E-01
  4.256001632E-01  3.500717521E-01  2.626584525E-01  1.683487551E-01  7.542472273E-02
 -2.410545153E-03 -5.336511509E-02 -3.664854933E-01 -3.451060158E-01 -2.813345641E-01
 -1.812060566E-01 -5.266192732E-02  8.880343202E-02  2.220840107E-01  3.346982766E-01
  4.256001632E-01  4.933133697E-01  5.371369197E-01  5.606777373E-01  5.656523845E-01
  5.582766680E-01  5.432129067E-01  5.243283712E-01  5.067759678E-01  4.944058462E-01
  4.899370282E-01  4.944058462E-01  5.067759678E-01  5.243283712E-01  5.432129067E-01
  5.582766680E-01  5.656523845E-01  5.606777373E-01  5.371369197E-01  4.933133697E-01
  4.256001632E-01  3.346982766E-01  2.220840107E-01  8.880343202E-02 -5.266192732E-02
 -1.812060566E-01 -2.813345641E-01 -3.451060158E-01 -6.868771740E-01 -6.597614130E-01
 -5.785265962E-01 -4.548353633E-01 -3.005022440E-01 -1.235794062E-01  5.965382371E-02
  2.220840107E-01  3.500717521E-01  4.494311532E-01  5.202331067E-01  5.656513704E-01
  5.917345906E-01  6.013828123E-01  6.010862362E-01  5.950320830E-01  5.870896826E-01
  5.815105594E-01  5.790280835E-01  5.815105594E-01  5.870896826E-01  5.950320830E-01
  6.010862362E-01  6.013828123E-01  5.917345906E-01  5.656513704E-01  5.202331067E-01
  4.494311532E-01  3.500717521E-01  2.220840107E-01  5.965382371E-02 -1.235794062E-01
 -3.005022440E-01 -4.548353633E-01 -5.785265962E-01 -6.597614130E-01 -1.034763146E+00
 -1.000867714E+00 -9.000255616E-01 -7.436401997E-01 -5.518855572E-01 -3.430999186E-01
 -1.235794062E-01  8.880343202E-02  2.626584525E-01  3.941397097E-01  4.922336881E-01
  5.582747404E-01  6.013818985E-01  6.266508537E-01  6.385407545E-01  6.421871308E-01
  6.412138192E-01  6.398934772E-01  6.383699942E-01  6.398934772E-01  6.412138192E-01
  6.421871308E-01  6.385407545E-01  6.266508537E-01  6.013818985E-01  5.582747404E-01
  4.922336881E-01  3.941397097E-01  2.626584525E-01  8.880343202E-02 -1.235794062E-01
 -3.430999186E-01 -5.518855572E-01 -7.436401997E-01 -9.000255616E-01 -1.000867714E+00
 -1.361262617E+00 -1.323263955E+00 -1.211890835E+00 -1.033780001E+00 -8.039186520E-01
 -5.518855572E-01 -3.005022440E-01 -5.266192732E-02  1.683487551E-01  3.337658417E-01
  4.561028043E-01  5.432101936E-01  6.010845365E-01  6.385399685E-01  6.594174769E-01
  6.704886041E-01  6.751112956E-01  6.772760233E-01  6.771347233E-01  6.772760233E-01
  6.751112956E-01  6.704886041E-01  6.594174769E-01  6.385399685E-01  6.010845365E-01
  5.432101936E-01  4.561028043E-01  3.337658417E-01  1.683487551E-01 -5.266192732E-02
 -3.005022440E-01 -5.518855572E-01 -8.039186520E-01 -1.033780001E+00 -1.211890835E+00
 -1.323263955E+00 -1.644050506E+00 -1.601086541E+00 -1.477593230E+00 -1.284789354E+00
 -1.033780001E+00 -7.436401997E-01 -4.548353633E-01 -1.812060566E-01  7.542472273E-02
  2.754643280E-01  4.196245288E-01  5.243250234E-01  5.950297479E-01  6.421857094E-01
  6.704879688E-01  6.876704594E-01  6.959668171E-01  6.995811687E-01  7.004091994E-01
  6.995811687E-01  6.959668171E-01  6.876704594E-01  6.704879688E-01  6.421857094E-01
  5.950297479E-01  5.243250234E-01  4.196245288E-01  2.754643280E-01  7.542472273E-02
 -1.812060566E-01 -4.548353633E-01 -7.436401997E-01 -1.033780001E+00 -1.284789354E+00
 -1.477593230E+00 -1.601086541E+00 -1.873812179E+00 -1.825439329E+00 -1.687756478E+00
 -1.477593230E+00 -1.211890835E+00 -9.000255616E-01 -5.785265962E-01 -2.813345641E-01
 -2.410545153E-03  2.261070099E-01  3.892064419E-01  5.067721537E-01  5.870868806E-01
  6.412119310E-01  6.751101938E-01  6.959663506E-01  7.069563344E-01  7.122747978E-01
  7.141405028E-01  7.122747978E-01  7.069563344E-01  6.959663506E-01  6.751101938E-01
  6.412119310E-01  5.870868806E-01  5.067721537E-01  3.892064419E-01  2.261070099E-01
 -2.410545153E-03 -2.813345641E-01 -5.785265962E-01 -9.000255616E-01 -1.211890835E+00
 -1.477593230E+00 -1.687756478E+00 -1.825439329E+00 -2.025847467E+00 -1.973514186E+00
 -1.825439329E+00 -1.601086541E+00 -1.323263955E+00 -1.000867714E+00 -6.597614130E-01
 -3.451060158E-01 -5.336511509E-02  1.928956279E-01  3.681886524E-01  4.944017472E-01
  5.815074720E-01  6.398913038E-01  6.772746364E-01  6.995804174E-01  7.122745130E-01
  7.186378639E-01  7.206815504E-01  7.186378639E-01  7.122745130E-01  6.995804174E-01
  6.772746364E-01  6.398913038E-01  5.815074720E-01  4.944017472E-01  3.681886524E-01
  1.928956279E-01 -5.336511509E-02 -3.451060158E-01 -6.597614130E-01 -1.000867714E+00
 -1.323263955E+00 -1.601086541E+00 -1.825439329E+00 -1.973514186E+00 -2.385315277E+00
 -2.317585653E+00 -2.134856032E+00 -1.873812179E+00 -1.559790760E+00 -1.212580046E+00
 -8.367541755E-01 -4.801318589E-01 -1.617021364E-01  1.200096309E-01  3.254028372E-01
  4.705854619E-01  5.716529622E-01  6.396901286E-01  6.860733512E-01  7.141396405E-01
  7.314679862E-01  7.400913853E-01  7.431402310E-01  7.400913853E-01  7.314679862E-01
  7.141396405E-01  6.860733512E-01  6.396901286E-01  5.716529622E-01  4.705854619E-01
  3.254028372E-01  1.200096309E-01 -1.617021364E-01 -4.801318589E-01 -8.367541755E-01
 -1.212580046E+00 -1.559790760E+00 -1.873812179E+00 -2.134856032E+00 -2.317585653E+00
 -2.317585653E+00 -2.253457577E+00 -2.079144965E+00 -1.825439329E+00 -1.518373647E+00
 -1.176259405E+00 -8.056095765E-01 -4.561367834E-01 -1.426146690E-01  1.329716619E-01
  3.333397894E-01  4.752414141E-01  5.742996569E-01  6.410112022E-01  6.852587261E-01
  7.122740329E-01  7.290310394E-01  7.372340525E-01  7.400914827E-01  7.372340525E-01
  7.290310394E-01  7.122740329E-01  6.852587261E-01  6.410112022E-01  5.742996569E-01
  4.752414141E-01  3.333397894E-01  1.329716619E-01 -1.426146690E-01 -4.561367834E-01
 -8.056095765E-01 -1.176259405E+00 -1.518373647E+00 -1.825439329E+00 -2.079144965E+00
 -2.253457577E+00 -2.134856032E+00 -2.079144965E+00 -1.922973687E+00 -1.687756478E+00
 -1.399434917E+00 -1.069240805E+00 -7.152827687E-01 -3.876130524E-01 -8.766855167E-02
  1.704684387E-01  3.560236225E-01  4.878761343E-01  5.796053951E-01  6.417195110E-01
  6.817409592E-01  7.069558594E-01  7.219797502E-01  7.290313292E-01  7.314683735E-01
  7.290313292E-01  7.219797502E-01  7.069558594E-01  6.817409592E-01  6.417195110E-01
  5.796053951E-01  4.878761343E-01  3.560236225E-01  1.704684387E-01 -8.766855167E-02
 -3.876130524E-01 -7.152827687E-01 -1.069240805E+00 -1.399434917E+00 -1.687756478E+00
 -1.922973687E+00 -2.079144965E+00 -1.873812179E+00 -1.825439329E+00 -1.687756478E+00
 -1.477593230E+00 -1.211890835E+00 -9.000255616E-01 -5.785265962E-01 -2.813345641E-01
 -2.410545153E-03  2.261070099E-01  3.892064419E-01  5.067721537E-01  5.870868806E-01
  6.412119310E-01  6.751101938E-01  6.959663506E-01  7.069563344E-01  7.122747978E-01
  7.141405028E-01  7.122747978E-01  7.069563344E-01  6.959663506E-01  6.751101938E-01
  6.412119310E-01  5.870868806E-01  5.067721537E-01  3.892064419E-01  2.261070099E-01
 -2.410545153E-03 -2.813345641E-01 -5.785265962E-01 -9.000255616E-01 -1.211890835E+00
 -1.477593230E+00 -1.687756478E+00 -1.825439329E+00 -1.559790760E+00 -1.518373647E+00
 -1.399434917E+00 -1.211890835E+00 -9.656751435E-01 -6.862448610E-01 -4.097484038E-01
 -1.437238373E-01  1.019000425E-01  2.906792343E-01  4.279579462E-01  5.267179236E-01
  5.921628717E-01  6.352277801E-01  6.607162101E-01  6.751108412E-01  6.817420817E-01
  6.852601386E-01  6.860748613E-01  6.852601386E-01  6.817420817E-01  6.751108412E-01
  6.607162101E-01  6.352277801E-01  5.921628717E-01  5.267179236E-01  4.279579462E-01
  2.906792343E-01  1.019000425E-01 -1.437238373E-01 -4.097484038E-01 -6.862448610E-01
 -9.656751435E-01 -1.211890835E+00 -1.399434917E+00 -1.518373647E+00 -1.212580046E+00
 -1.176259405E+00 -1.069240805E+00 -9.000255616E-01 -6.862448610E-01 -4.557829795E-01
 -2.212821061E-01  1.077256456E-02  2.090120618E-01  3.567238584E-01  4.662441335E-01
  5.418719572E-01  5.911370005E-01  6.206044075E-01  6.352285816E-01  6.412133800E-01
  6.417214353E-01  6.410134168E-01  6.396924408E-01  6.410134168E-01  6.417214353E-01
  6.412133800E-01  6.352285816E-01  6.206044075E-01  5.911370005E-01  5.418719572E-01
  4.662441335E-01  3.567238584E-01  2.090120618E-01  1.077256456E-02 -2.212821061E-01
 -4.557829795E-01 -6.862448610E-01 -9.000255616E-01 -1.069240805E+00 -1.176259405E+00
 -8.367541755E-01 -8.056095765E-01 -7.152827687E-01 -5.785265962E-01 -4.097484038E-01
 -2.212821061E-01 -2.234591187E-02  1.619273908E-01  3.070274160E-01  4.173107763E-01
  4.969882995E-01  5.485011328E-01  5.789885157E-01  5.911379329E-01  5.921646055E-01
  5.870892618E-01  5.796082516E-01  5.743028037E-01  5.716562067E-01  5.743028037E-01
  5.796082516E-01  5.870892618E-01  5.921646055E-01  5.911379329E-01  5.789885157E-01
  5.485011328E-01  4.969882995E-01  4.173107763E-01  3.070274160E-01  1.619273908E-01
 -2.234591187E-02 -2.212821061E-01 -4.097484038E-01 -5.785265962E-01 -7.152827687E-01
 -8.056095765E-01 -4.801318589E-01 -4.561367834E-01 -3.876130524E-01 -2.813345641E-01
 -1.437238373E-01  1.077256456E-02  1.619273908E-01  2.894671811E-01  3.896101644E-01
  4.657545574E-01  5.147037365E-01  5.408181835E-01  5.485021680E-01  5.418739242E-01
  5.267206914E-01  5.067755680E-01  4.878800230E-01  4.752455924E-01  4.705897376E-01
  4.752455924E-01  4.878800230E-01  5.067755680E-01  5.267206914E-01  5.418739242E-01
  5.485021680E-01  5.408181835E-01  5.147037365E-01  4.657545574E-01  3.896101644E-01
  2.894671811E-01  1.619273908E-01  1.077256456E-02 -1.437238373E-01 -2.813345641E-01
 -3.876130524E-01 -4.561367834E-01 -1.617021364E-01 -1.426146690E-01 -8.766855167E-02
 -2.410545153E-03  1.019000425E-01  2.090120618E-01  3.070274160E-01  3.896101644E-01
  4.542195016E-01  4.960773589E-01  5.148701285E-01  5.147048425E-01  4.969904397E-01
  4.662472037E-01  4.279618144E-01  3.892109533E-01  3.560286050E-01  3.333450592E-01
  3.254082035E-01  3.333450592E-01  3.560286050E-01  3.892109533E-01  4.279618144E-01
  4.662472037E-01  4.969904397E-01  5.147048425E-01  5.148701285E-01  4.960773589E-01
  4.542195016E-01  3.896101644E-01  3.070274160E-01  2.090120618E-01  1.019000425E-01
 -2.410545153E-03 -8.766855167E-02 -1.426146690E-01  1.200096309E-01  1.329716619E-01
  1.704684387E-01  2.261070099E-01  2.906792343E-01  3.567238584E-01  4.173107763E-01
  4.657545574E-01  4.960773589E-01  5.059673601E-01  4.960785010E-01  4.657568041E-01
  4.173140539E-01  3.567280608E-01  2.906842275E-01  2.261126380E-01  1.704745302E-01
  1.329780349E-01  1.200160984E-01  1.329780349E-01  1.704745302E-01  2.261126380E-01
  2.906842275E-01  3.567280608E-01  4.173140539E-01  4.657568041E-01  4.960785010E-01
  5.059673601E-01  4.960773589E-01  4.657545574E-01  4.173107763E-01  3.567238584E-01
  2.906792343E-01  2.261070099E-01  1.704684387E-01  1.329716619E-01  3.254028372E-01
  3.333397894E-01  3.560236225E-01  3.892064419E-01  4.279579462E-01  4.662441335E-01
  4.969882995E-01  5.147037365E-01  5.148701285E-01  4.960785010E-01  4.542217842E-01
  3.896135473E-01  3.070318223E-01  2.090173814E-01  1.019061382E-01 -2.403830990E-03
 -8.766138939E-02 -1.426072359E-01 -1.616946128E-01 -1.426072359E-01 -8.766138939E-02
 -2.403830990E-03  1.019061382E-01  2.090173814E-01  3.070318223E-01  3.896135473E-01
  4.542217842E-01  4.960785010E-01  5.148701285E-01  5.147037365E-01  4.969882995E-01
  4.662441335E-01  4.279579462E-01  3.892064419E-01  3.560236225E-01  3.333397894E-01
  4.705854619E-01  4.752414141E-01  4.878761343E-01  5.067721537E-01  5.267179236E-01
  5.418719572E-01  5.485011328E-01  5.408181835E-01  5.147048425E-01  4.657568041E-01
  3.896135473E-01  2.894716559E-01  1.619328747E-01  1.077894123E-02 -1.437167103E-01
 -2.813268463E-01 -3.876049113E-01 -4.561283888E-01 -4.801233800E-01 -4.561283888E-01
 -3.876049113E-01 -2.813268463E-01 -1.437167103E-01  1.077894123E-02  1.619328747E-01
  2.894716559E-01  3.896135473E-01  4.657568041E-01  5.147048425E-01  5.408181835E-01
  5.485011328E-01  5.418719572E-01  5.267179236E-01  5.067721537E-01  4.878761343E-01
  4.752414141E-01  5.716529622E-01  5.742996569E-01  5.796053951E-01  5.870868806E-01
  5.921628717E-01  5.911370005E-01  5.789885157E-01  5.485021680E-01  4.969904397E-01
  4.173140539E-01  3.070318223E-01  1.619328747E-01 -2.233944174E-02 -2.212747750E-01
 -4.097403605E-01 -5.785180011E-01 -7.152737836E-01 -8.056003599E-01 -8.367448822E-01
 -8.056003599E-01 -7.152737836E-01 -5.785180011E-01 -4.097403605E-01 -2.212747750E-01
 -2.233944174E-02  1.619328747E-01  3.070318223E-01  4.173140539E-01  4.969904397E-01
  5.485021680E-01  5.789885157E-01  5.911370005E-01  5.921628717E-01  5.870868806E-01
  5.796053951E-01  5.742996569E-01  6.396901286E-01  6.410112022E-01  6.417195110E-01
  6.412119310E-01  6.352277801E-01  6.206044075E-01  5.911379329E-01  5.418739242E-01
  4.662472037E-01  3.567280608E-01  2.090173814E-01  1.077894123E-02 -2.212747750E-01
 -4.557748296E-01 -6.862360463E-01 -9.000162389E-01 -1.069231125E+00 -1.176249512E+00
 -1.212570083E+00 -1.176249512E+00 -1.069231125E+00 -9.000162389E-01 -6.862360463E-01
 -4.557748296E-01 -2.212747750E-01  1.077894123E-02  2.090173814E-01  3.567280608E-01
  4.662472037E-01  5.418739242E-01  5.911379329E-01  6.206044075E-01  6.352277801E-01
  6.412119310E-01  6.417195110E-01  6.410112022E-01  6.860733512E-01  6.852587261E-01
  6.817409592E-01  6.751101938E-01  6.607162101E-01  6.352285816E-01  5.921646055E-01
  5.267206914E-01  4.279618144E-01  2.906842275E-01  1.019061382E-01 -1.437167103E-01
 -4.097403605E-01 -6.862360463E-01 -9.656657110E-01 -1.211880929E+00 -1.399424671E+00
 -1.518363192E+00 -1.559780235E+00 -1.518363192E+00 -1.399424671E+00 -1.211880929E+00
 -9.656657110E-01 -6.862360463E-01 -4.097403605E-01 -1.437167103E-01  1.019061382E-01
  2.906842275E-01  4.279618144E-01  5.267206914E-01  5.921646055E-01  6.352285816E-01
  6.607162101E-01  6.751101938E-01  6.817409592E-01  6.852587261E-01  7.141396405E-01
  7.122740329E-01  7.069558594E-01  6.959663506E-01  6.751108412E-01  6.412133800E-01
  5.870892618E-01  5.067755680E-01  3.892109533E-01  2.261126380E-01 -2.403830990E-03
 -2.813268463E-01 -5.785180011E-01 -9.000162389E-01 -1.211880929E+00 -1.477582865E+00
 -1.687745764E+00 -1.825428391E+00 -1.873801163E+00 -1.825428391E+00 -1.687745764E+00
 -1.477582865E+00 -1.211880929E+00 -9.000162389E-01 -5.785180011E-01 -2.813268463E-01
 -2.403830990E-03  2.261126380E-01  3.892109533E-01  5.067755680E-01  5.870892618E-01
  6.412133800E-01  6.751108412E-01  6.959663506E-01  7.069558594E-01  7.122740329E-01
  7.314679862E-01  7.290310394E-01  7.219797502E-01  7.069563344E-01  6.817420817E-01
  6.417214353E-01  5.796082516E-01  4.878800230E-01  3.560286050E-01  1.704745302E-01
 -8.766138939E-02 -3.876049113E-01 -7.152737836E-01 -1.069231125E+00 -1.399424671E+00
 -1.687745764E+00 -1.922962598E+00 -2.079133621E+00 -2.134844597E+00 -2.079133621E+00
 -1.922962598E+00 -1.687745764E+00 -1.399424671E+00 -1.069231125E+00 -7.152737836E-01
 -3.876049113E-01 -8.766138939E-02  1.704745302E-01  3.560286050E-01  4.878800230E-01
  5.796082516E-01  6.417214353E-01  6.817420817E-01  7.069563344E-01  7.219797502E-01
  7.290310394E-01  7.400913853E-01  7.372340525E-01  7.290313292E-01  7.122747978E-01
  6.852601386E-01  6.410134168E-01  5.743028037E-01  4.752455924E-01  3.333450592E-01
  1.329780349E-01 -1.426072359E-01 -4.561283888E-01 -8.056003599E-01 -1.176249512E+00
 -1.518363192E+00 -1.825428391E+00 -2.079133621E+00 -2.253445948E+00 -2.317573920E+00
 -2.253445948E+00 -2.079133621E+00 -1.825428391E+00 -1.518363192E+00 -1.176249512E+00
 -8.056003599E-01 -4.561283888E-01 -1.426072359E-01  1.329780349E-01  3.333450592E-01
  4.752455924E-01  5.743028037E-01  6.410134168E-01  6.852601386E-01  7.122747978E-01
  7.290313292E-01  7.372340525E-01  7.431402310E-01  7.400914827E-01  7.314683735E-01
  7.141405028E-01  6.860748613E-01  6.396924408E-01  5.716562067E-01  4.705897376E-01
  3.254082035E-01  1.200160984E-01 -1.616946128E-01 -4.801233800E-01 -8.367448822E-01
 -1.212570083E+00 -1.559780235E+00 -1.873801163E+00 -2.134844597E+00 -2.317573920E+00
 -2.385303435E+00 -2.317573920E+00 -2.134844597E+00 -1.873801163E+00 -1.559780235E+00
 -1.212570083E+00 -8.367448822E-01 -4.801233800E-01 -1.616946128E-01  1.200160984E-01
  3.254082035E-01  4.705897376E-01  5.716562067E-01  6.396924408E-01  6.860748613E-01
  7.141405028E-01  7.314683735E-01  7.400914827E-01  7.400913853E-01  7.372340525E-01
  7.290313292E-01  7.122747978E-01  6.852601386E-01  6.410134168E-01  5.743028037E-01
  4.752455924E-01  3.333450592E-01  1.329780349E-01 -1.426072359E-01 -4.561283888E-01
 -8.056003599E-01 -1.176249512E+00 -1.518363192E+00 -1.825428391E+00 -2.079133621E+00
 -2.253445948E+00 -2.317573920E+00 -2.253445948E+00 -2.079133621E+00 -1.825428391E+00
 -1.518363192E+00 -1.176249512E+00 -8.056003599E-01 -4.561283888E-01 -1.426072359E-01
  1.329780349E-01  3.333450592E-01  4.752455924E-01  5.743028037E-01  6.410134168E-01
  6.852601386E-01  7.122747978E-01  7.290313292E-01  7.372340525E-01  7.314679862E-01
  7.290310394E-01  7.219797502E-01  7.069563344E-01  6.817420817E-01  6.417214353E-01
  5.796082516E-01  4.878800230E-01  3.560286050E-01  1.704745302E-01 -8.766138939E-02
 -3.876049113E-01 -7.152737836E-01 -1.069231125E+00 -1.399424671E+00 -1.687745764E+00
 -1.922962598E+00 -2.079133621E+00 -2.134844597E+00 -2.079133621E+00 -1.922962598E+00
 -1.687745764E+00 -1.399424671E+00 -1.069231125E+00 -7.152737836E-01 -3.876049113E-01
 -8.766138939E-02  1.704745302E-01  3.560286050E-01  4.878800230E-01  5.796082516E-01
  6.417214353E-01  6.817420817E-01  7.069563344E-01  7.219797502E-01  7.290310394E-01
  7.141396405E-01  7.122740329E-01  7.069558594E-01  6.959663506E-01  6.751108412E-01
  6.412133800E-01  5.870892618E-01  5.067755680E-01  3.892109533E-01  2.261126380E-01
 -2.403830990E-03 -2.813268463E-01 -5.785180011E-01 -9.000162389E-01 -1.211880929E+00
 -1.477582865E+00 -1.687745764E+00 -1.825428391E+00 -1.873801163E+00 -1.825428391E+00
 -1.687745764E+00 -1.477582865E+00 -1.211880929E+00 -9.000162389E-01 -5.785180011E-01
 -2.813268463E-01 -2.403830990E-03  2.261126380E-01  3.892109533E-01  5.067755680E-01
  5.870892618E-01  6.412133800E-01  6.751108412E-01  6.959663506E-01  7.069558594E-01
  7.122740329E-01  6.860733512E-01  6.852587261E-01  6.817409592E-01  6.751101938E-01
  6.607162101E-01  6.352285816E-01  5.921646055E-01  5.267206914E-01  4.279618144E-01
  2.906842275E-01  1.019061382E-01 -1.437167103E-01 -4.097403605E-01 -6.862360463E-01
 -9.656657110E-01 -1.211880929E+00 -1.399424671E+00 -1.518363192E+00 -1.559780235E+00
 -1.518363192E+00 -1.399424671E+00 -1.211880929E+00 -9.656657110E-01 -6.862360463E-01
 -4.097403605E-01 -1.437167103E-01  1.019061382E-01  2.906842275E-01  4.279618144E-01
  5.267206914E-01  5.921646055E-01  6.352285816E-01  6.607162101E-01  6.751101938E-01
  6.817409592E-01  6.852587261E-01  6.396901286E-01  6.410112022E-01  6.417195110E-01
  6.412119310E-01  6.352277801E-01  6.206044075E-01  5.911379329E-01  5.418739242E-01
  4.662472037E-01  3.567280608E-01  2.090173814E-01  1.077894123E-02 -2.212747750E-01
 -4.557748296E-01 -6.862360463E-01 -9.000162389E-01 -1.069231125E+00 -1.176249512E+00
 -1.212570083E+00 -1.176249512E+00 -1.069231125E+00 -9.000162389E-01 -6.862360463E-01
 -4.557748296E-01 -2.212747750E-01  1.077894123E-02  2.090173814E-01  3.567280608E-01
  4.662472037E-01  5.418739242E-01  5.911379329E-01  6.206044075E-01  6.352277801E-01
  6.412119310E-01  6.417195110E-01  6.410112022E-01  5.716529622E-01  5.742996569E-01
  5.796053951E-01  5.870868806E-01  5.921628717E-01  5.911370005E-01  5.789885157E-01
  5.485021680E-01  4.969904397E-01  4.173140539E-01  3.070318223E-01  1.619328747E-01
 -2.233944174E-02 -2.212747750E-01 -4.097403605E-01 -5.785180011E-01 -7.152737836E-01
 -8.056003599E-01 -8.367448822E-01 -8.056003599E-01 -7.152737836E-01 -5.785180011E-01
 -4.097403605E-01 -2.212747750E-01 -2.233944174E-02  1.619328747E-01  3.070318223E-01
  4.173140539E-01  4.969904397E-01  5.485021680E-01  5.789885157E-01  5.911370005E-01
  5.921628717E-01  5.870868806E-01  5.796053951E-01  5.742996569E-01  4.705854619E-01
  4.752414141E-01  4.878761343E-01  5.067721537E-01  5.267179236E-01  5.418719572E-01
  5.485011328E-01  5.408181835E-01  5.147048425E-01  4.657568041E-01  3.896135473E-01
  2.894716559E-01  1.619328747E-01  1.077894123E-02 -1.437167103E-01 -2.813268463E-01
 -3.876049113E-01 -4.561283888E-01 -4.801233800E-01 -4.561283888E-01 -3.876049113E-01
 -2.813268463E-01 -1.437167103E-01  1.077894123E-02  1.619328747E-01  2.894716559E-01
  3.896135473E-01  4.657568041E-01  5.147048425E-01  5.408181835E-01  5.485011328E-01
  5.418719572E-01  5.267179236E-01  5.067721537E-01  4.878761343E-01  4.752414141E-01
  3.254028372E-01  3.333397894E-01  3.560236225E-01  3.892064419E-01  4.279579462E-01
  4.662441335E-01  4.969882995E-01  5.147037365E-01  5.148701285E-01  4.960785010E-01
  4.542217842E-01  3.896135473E-01  3.070318223E-01  2.090173814E-01  1.019061382E-01
 -2.403830990E-03 -8.766138939E-02 -1.426072359E-01 -1.616946128E-01 -1.426072359E-01
 -8.766138939E-02 -2.403830990E-03  1.019061382E-01  2.090173814E-01  3.070318223E-01
  3.896135473E-01  4.542217842E-01  4.960785010E-01  5.148701285E-01  5.147037365E-01
  4.969882995E-01  4.662441335E-01  4.279579462E-01  3.892064419E-01  3.560236225E-01
  3.333397894E-01  1.200096309E-01  1.329716619E-01  1.704684387E-01  2.261070099E-01
  2.906792343E-01  3.567238584E-01  4.173107763E-01  4.657545574E-01  4.960773589E-01
  5.059673601E-01  4.960785010E-01  4.657568041E-01  4.173140539E-01  3.567280608E-01
  2.906842275E-01  2.261126380E-01  1.704745302E-01  1.329780349E-01  1.200160984E-01
  1.329780349E-01  1.704745302E-01  2.261126380E-01  2.906842275E-01  3.567280608E-01
  4.173140539E-01  4.657568041E-01  4.960785010E-01  5.059673601E-01  4.960773589E-01
  4.657545574E-01  4.173107763E-01  3.567238584E-01  2.906792343E-01  2.261070099E-01
  1.704684387E-01  1.329716619E-01 -1.617021364E-01 -1.426146690E-01 -8.766855167E-02
 -2.410545153E-03  1.019000425E-01  2.090120618E-01  3.070274160E-01  3.896101644E-01
  4.542195016E-01  4.960773589E-01  5.148701285E-01  5.147048425E-01  4.969904397E-01
  4.662472037E-01  4.279618144E-01  3.892109533E-01  3.560286050E-01  3.333450592E-01
  3.254082035E-01  3.333450592E-01  3.560286050E-01  3.892109533E-01  4.279618144E-01
  4.662472037E-01  4.969904397E-01  5.147048425E-01  5.148701285E-01  4.960773589E-01
  4.542195016E-01  3.896101644E-01  3.070274160E-01  2.090120618E-01  1.019000425E-01
 -2.410545153E-03 -8.766855167E-02 -1.426146690E-01 -4.801318589E-01 -4.561367834E-01
 -3.876130524E-01 -2.813345641E-01 -1.437238373E-01  1.077256456E-02  1.619273908E-01
  2.894671811E-01  3.896101644E-01  4.657545574E-01  5.147037365E-01  5.408181835E-01
  5.485021680E-01  5.418739242E-01  5.267206914E-01  5.067755680E-01  4.878800230E-01
  4.752455924E-01  4.705897376E-01  4.752455924E-01  4.878800230E-01  5.067755680E-01
  5.267206914E-01  5.418739242E-01  5.485021680E-01  5.408181835E-01  5.147037365E-01
  4.657545574E-01  3.896101644E-01  2.894671811E-01  1.619273908E-01  1.077256456E-02
 -1.437238373E-01 -2.813345641E-01 -3.876130524E-01 -4.561367834E-01 -8.367541755E-01
 -8.056095765E-01 -7.152827687E-01 -5.785265962E-01 -4.097484038E-01 -2.212821061E-01
 -2.234591187E-02  1.619273908E-01  3.070274160E-01  4.173107763E-01  4.969882995E-01
  5.485011328E-01  5.789885157E-01  5.911379329E-01  5.921646055E-01  5.870892618E-01
  5.796082516E-01  5.743028037E-01  5.716562067E-01  5.743028037E-01  5.796082516E-01
  5.870892618E-01  5.921646055E-01  5.911379329E-01  5.789885157E-01  5.485011328E-01
  4.969882995E-01  4.173107763E-01  3.070274160E-01  1.619273908E-01 -2.234591187E-02
 -2.212821061E-01 -4.097484038E-01 -5.785265962E-01 -7.152827687E-01 -8.056095765E-01
 -1.212580046E+00 -1.176259405E+00 -1.069240805E+00 -9.000255616E-01 -6.862448610E-01
 -4.557829795E-01 -2.212821061E-01  1.077256456E-02  2.090120618E-01  3.567238584E-01
  4.662441335E-01  5.418719572E-01  5.911370005E-01  6.206044075E-01  6.352285816E-01
  6.412133800E-01  6.417214353E-01  6.410134168E-01  6.396924408E-01  6.410134168E-01
  6.417214353E-01  6.412133800E-01  6.352285816E-01  6.206044075E-01  5.911370005E-01
  5.418719572E-01  4.662441335E-01  3.567238584E-01  2.090120618E-01  1.077256456E-02
 -2.212821061E-01 -4.557829795E-01 -6.862448610E-01 -9.000255616E-01 -1.069240805E+00
 -1.176259405E+00 -1.559790760E+00 -1.518373647E+00 -1.399434917E+00 -1.211890835E+00
 -9.656751435E-01 -6.862448610E-01 -4.097484038E-01 -1.437238373E-01  1.019000425E-01
  2.906792343E-01  4.279579462E-01  5.267179236E-01  5.921628717E-01  6.352277801E-01
  6.607162101E-01  6.751108412E-01  6.817420817E-01  6.852601386E-01  6.860748613E-01
  6.852601386E-01  6.817420817E-01  6.751108412E-01  6.607162101E-01  6.352277801E-01
  5.921628717E-01  5.267179236E-01  4.279579462E-01  2.906792343E-01  1.019000425E-01
 -1.437238373E-01 -4.097484038E-01 -6.862448610E-01 -9.656751435E-01 -1.211890835E+00
 -1.399434917E+00 -1.518373647E+00 -1.873812179E+00 -1.825439329E+00 -1.687756478E+00
 -1.477593230E+00 -1.211890835E+00 -9.000255616E-01 -5.785265962E-01 -2.813345641E-01
 -2.410545153E-03  2.261070099E-01  3.892064419E-01  5.067721537E-01  5.870868806E-01
  6.412119310E-01  6.751101938E-01  6.959663506E-01  7.069563344E-01  7.122747978E-01
  7.141405028E-01  7.122747978E-01  7.069563344E-01  6.959663506E-01  6.751101938E-01
  6.412119310E-01  5.870868806E-01  5.067721537E-01  3.892064419E-01  2.261070099E-01
 -2.410545153E-03 -2.813345641E-01 -5.785265962E-01 -9.000255616E-01 -1.211890835E+00
 -1.477593230E+00 -1.687756478E+00 -1.825439329E+00 -2.134856032E+00 -2.079144965E+00
 -1.922973687E+00 -1.687756478E+00 -1.399434917E+00 -1.069240805E+00 -7.152827687E-01
 -3.876130524E-01 -8.766855167E-02  1.704684387E-01  3.560236225E-01  4.878761343E-01
  5.796053951E-01  6.417195110E-01  6.817409592E-01  7.069558594E-01  7.219797502E-01
  7.290313292E-01  7.314683735E-01  7.290313292E-01  7.219797502E-01  7.069558594E-01
  6.817409592E-01  6.417195110E-01  5.796053951E-01  4.878761343E-01  3.560236225E-01
  1.704684387E-01 -8.766855167E-02 -3.876130524E-01 -7.152827687E-01 -1.069240805E+00
 -1.399434917E+00 -1.687756478E+00 -1.922973687E+00 -2.079144965E+00 -2.317585653E+00
 -2.253457577E+00 -2.079144965E+00 -1.825439329E+00 -1.518373647E+00 -1.176259405E+00
 -8.056095765E-01 -4.561367834E-01 -1.426146690E-01  1.329716619E-01  3.333397894E-01
  4.752414141E-01  5.742996569E-01  6.410112022E-01  6.852587261E-01  7.122740329E-01
  7.290310394E-01  7.372340525E-01  7.400914827E-01  7.372340525E-01  7.290310394E-01
  7.122740329E-01  6.852587261E-01  6.410112022E-01  5.742996569E-01  4.752414141E-01
  3.333397894E-01  1.329716619E-01 -1.426146690E-01 -4.561367834E-01 -8.056095765E-01
 -1.176259405E+00 -1.518373647E+00 -1.825439329E+00 -2.079144965E+00 -2.253457577E+00
 -2.609329199E+00 -2.532446027E+00 -2.317585653E+00 -2.025847467E+00 -1.688413529E+00
 -1.324082711E+00 -9.341427103E-01 -5.534662663E-01 -2.196836856E-01  7.864144510E-02
  3.013999106E-01  4.569224571E-01  5.661800925E-01  6.399527366E-01  6.897188929E-01
  7.206806790E-01  7.400910915E-01  7.490589342E-01  7.530279394E-01  7.490589342E-01
  7.400910915E-01  7.206806790E-01  6.897188929E-01  6.399527366E-01  5.661800925E-01
  4.569224571E-01  3.013999106E-01  7.864144510E-02 -2.196836856E-01 -5.534662663E-01
 -9.341427103E-01 -1.324082711E+00 -1.688413529E+00 -2.025847467E+00 -2.317585653E+00
 -2.532446027E+00 -2.532446027E+00 -2.457294875E+00 -2.253457577E+00 -1.973514186E+00
 -1.644290761E+00 -1.286590740E+00 -9.012773651E-01 -5.281305600E-01 -1.998169259E-01
  9.254141918E-02  3.096741417E-01  4.620269871E-01  5.687413443E-01  6.405913461E-01
  6.888373897E-01  7.186370909E-01  7.372337597E-01  7.456840276E-01  7.490590326E-01
  7.456840276E-01  7.372337597E-01  7.186370909E-01  6.888373897E-01  6.405913461E-01
  5.687413443E-01  4.620269871E-01  3.096741417E-01  9.254141918E-02 -1.998169259E-01
 -5.281305600E-01 -9.012773651E-01 -1.286590740E+00 -1.644290761E+00 -1.973514186E+00
 -2.253457577E+00 -2.457294875E+00 -2.317585653E+00 -2.253457577E+00 -2.079144965E+00
 -1.825439329E+00 -1.518373647E+00 -1.176259405E+00 -8.056095765E-01 -4.561367834E-01
 -1.426146690E-01  1.329716619E-01  3.333397894E-01  4.752414141E-01  5.742996569E-01
  6.410112022E-01  6.852587261E-01  7.122740329E-01  7.290310394E-01  7.372340525E-01
  7.400914827E-01  7.372340525E-01  7.290310394E-01  7.122740329E-01  6.852587261E-01
  6.410112022E-01  5.742996569E-01  4.752414141E-01  3.333397894E-01  1.329716619E-01
 -1.426146690E-01 -4.561367834E-01 -8.056095765E-01 -1.176259405E+00 -1.518373647E+00
 -1.825439329E+00 -2.079144965E+00 -2.253457577E+00 -2.025847467E+00 -1.973514186E+00
 -1.825439329E+00 -1.601086541E+00 -1.323263955E+00 -1.000867714E+00 -6.597614130E-01
 -3.451060158E-01 -5.336511509E-02  1.928956279E-01  3.681886524E-01  4.944017472E-01
  5.815074720E-01  6.398913038E-01  6.772746364E-01  6.995804174E-01  7.122745130E-01
  7.186378639E-01  7.206815504E-01  7.186378639E-01  7.122745130E-01  6.995804174E-01
  6.772746364E-01  6.398913038E-01  5.815074720E-01  4.944017472E-01  3.681886524E-01
  1.928956279E-01 -5.336511509E-02 -3.451060158E-01 -6.597614130E-01 -1.000867714E+00
 -1.323263955E+00 -1.601086541E+00 -1.825439329E+00 -1.973514186E+00 -1.688413529E+00
 -1.644290761E+00 -1.518373647E+00 -1.323263955E+00 -1.069146857E+00 -7.749902882E-01
 -4.806604663E-01 -2.024578175E-01  5.753612844E-02  2.621839648E-01  4.088860009E-01
  5.147156732E-01  5.855553338E-01  6.325131386E-01  6.608142636E-01  6.772752910E-01
  6.852598609E-01  6.888388175E-01  6.897204192E-01  6.888388175E-01  6.852598609E-01
  6.772752910E-01  6.608142636E-01  6.325131386E-01  5.855553338E-01  5.147156732E-01
  4.088860009E-01  2.621839648E-01  5.753612844E-02 -2.024578175E-01 -4.806604663E-01
 -7.749902882E-01 -1.069146857E+00 -1.323263955E+00 -1.518373647E+00 -1.644290761E+00
 -1.324082711E+00 -1.286590740E+00 -1.176259405E+00 -1.000867714E+00 -7.749902882E-01
 -5.288485839E-01 -2.834188114E-01 -4.040939440E-02  1.735583763E-01  3.325315874E-01
  4.490862885E-01  5.304686482E-01  5.835214972E-01  6.161907777E-01  6.325139494E-01
  6.398927693E-01  6.410131480E-01  6.405935852E-01  6.399550742E-01  6.405935852E-01
  6.410131480E-01  6.398927693E-01  6.325139494E-01  6.161907777E-01  5.835214972E-01
  5.304686482E-01  4.490862885E-01  3.325315874E-01  1.735583763E-01 -4.040939440E-02
 -2.834188114E-01 -5.288485839E-01 -7.749902882E-01 -1.000867714E+00 -1.176259405E+00
 -1.286590740E+00 -9.341427103E-01 -9.012773651E-01 -8.056095765E-01 -6.597614130E-01
 -4.806604663E-01 -2.834188114E-01 -7.548780141E-02  1.215081523E-01  2.787986494E-01
  3.961673200E-01  4.815437394E-01  5.369427105E-01  5.694729312E-01  5.835224405E-01
  5.855570878E-01  5.815098806E-01  5.743025457E-01  5.687445264E-01  5.661833731E-01
  5.687445264E-01  5.743025457E-01  5.815098806E-01  5.855570878E-01  5.835224405E-01
  5.694729312E-01  5.369427105E-01  4.815437394E-01  3.961673200E-01  2.787986494E-01
  1.215081523E-01 -7.548780141E-02 -2.834188114E-01 -4.806604663E-01 -6.597614130E-01
 -8.056095765E-01 -9.012773651E-01 -5.534662663E-01 -5.281305600E-01 -4.561367834E-01
 -3.451060158E-01 -2.024578175E-01 -4.040939440E-02  1.215081523E-01  2.586402426E-01
  3.658421130E-01  4.474285099E-01  5.001640637E-01  5.282277295E-01  5.369437581E-01
  5.304706386E-01  5.147184734E-01  4.944052008E-01  4.752453468E-01  4.620312122E-01
  4.569267804E-01  4.620312122E-01  4.752453468E-01  4.944052008E-01  5.147184734E-01
  5.304706386E-01  5.369437581E-01  5.282277295E-01  5.001640637E-01  4.474285099E-01
  3.658421130E-01  2.586402426E-01  1.215081523E-01 -4.040939440E-02 -2.024578175E-01
 -3.451060158E-01 -4.561367834E-01 -5.281305600E-01 -2.196836856E-01 -1.998169259E-01
 -1.426146690E-01 -5.336511509E-02  5.753612844E-02  1.735583763E-01  2.787986494E-01
  3.658421130E-01  4.346460023E-01  4.794842610E-01  4.998223891E-01  5.001651832E-01
  4.815459053E-01  4.490893949E-01  4.088899137E-01  3.681932147E-01  3.333448271E-01
  3.096794690E-01  3.014053351E-01  3.096794690E-01  3.333448271E-01  3.681932147E-01
  4.088899137E-01  4.490893949E-01  4.815459053E-01  5.001651832E-01  4.998223891E-01
  4.794842610E-01  4.346460023E-01  3.658421130E-01  2.787986494E-01  1.735583763E-01
  5.753612844E-02 -5.336511509E-02 -1.426146690E-01 -1.998169259E-01  7.864144510E-02
  9.254141918E-02  1.329716619E-01  1.928956279E-01  2.621839648E-01  3.325315874E-01
  3.961673200E-01  4.474285099E-01  4.794842610E-01  4.894618632E-01  4.794854172E-01
  4.474307838E-01  3.961706365E-01  3.325358382E-01  2.621890136E-01  1.929013167E-01
  1.329778171E-01  9.254785764E-02  7.864797848E-02  9.254785764E-02  1.329778171E-01
  1.929013167E-01  2.621890136E-01  3.325358382E-01  3.961706365E-01  4.474307838E-01
  4.794854172E-01  4.894618632E-01  4.794842610E-01  4.474285099E-01  3.961673200E-01
  3.325315874E-01  2.621839648E-01  1.928956279E-01  1.329716619E-01  9.254141918E-02
  3.013999106E-01  3.096741417E-01  3.333397894E-01  3.681886524E-01  4.088860009E-01
  4.490862885E-01  4.815437394E-01  5.001640637E-01  4.998223891E-01  4.794854172E-01
  4.346483127E-01  3.658455362E-01  2.788031065E-01  1.735637546E-01  5.754228787E-02
 -5.335833425E-02 -1.426074388E-01 -1.998094247E-01 -2.196760938E-01 -1.998094247E-01
 -1.426074388E-01 -5.335833425E-02  5.754228787E-02  1.735637546E-01  2.788031065E-01
  3.658455362E-01  4.346483127E-01  4.794854172E-01  4.998223891E-01  5.001640637E-01
  4.815437394E-01  4.490862885E-01  4.088860009E-01  3.681886524E-01  3.333397894E-01
  3.096741417E-01  4.569224571E-01  4.620269871E-01  4.752414141E-01  4.944017472E-01
  5.147156732E-01  5.304686482E-01  5.369427105E-01  5.282277295E-01  5.001651832E-01
  4.474307838E-01  3.658455362E-01  2.586447689E-01  1.215136962E-01 -4.040295261E-02
 -2.024506233E-01 -3.450982308E-01 -4.561285766E-01 -5.281221010E-01 -5.534577235E-01
 -5.281221010E-01 -4.561285766E-01 -3.450982308E-01 -2.024506233E-01 -4.040295261E-02
  1.215136962E-01  2.586447689E-01  3.658455362E-01  4.474307838E-01  5.001651832E-01
  5.282277295E-01  5.369427105E-01  5.304686482E-01  5.147156732E-01  4.944017472E-01
  4.752414141E-01  4.620269871E-01  5.661800925E-01  5.687413443E-01  5.742996569E-01
  5.815074720E-01  5.855553338E-01  5.835214972E-01  5.694729312E-01  5.369437581E-01
  4.815459053E-01  3.961706365E-01  2.788031065E-01  1.215136962E-01 -7.548126579E-02
 -2.834114132E-01 -4.806523575E-01 -6.597527557E-01 -8.056005323E-01 -9.012680913E-01
 -9.341333604E-01 -9.012680913E-01 -8.056005323E-01 -6.597527557E-01 -4.806523575E-01
 -2.834114132E-01 -7.548126579E-02  1.215136962E-01  2.788031065E-01  3.961706365E-01
  4.815459053E-01  5.369437581E-01  5.694729312E-01  5.835214972E-01  5.855553338E-01
  5.815074720E-01  5.742996569E-01  5.687413443E-01  6.399527366E-01  6.405913461E-01
  6.410112022E-01  6.398913038E-01  6.325131386E-01  6.161907777E-01  5.835224405E-01
  5.304706386E-01  4.490893949E-01  3.325358382E-01  1.735637546E-01 -4.040295261E-02
 -2.834114132E-01 -5.288403691E-01 -7.749814131E-01 -1.000858334E+00 -1.176249670E+00
 -1.286580791E+00 -1.324072690E+00 -1.286580791E+00 -1.176249670E+00 -1.000858334E+00
 -7.749814131E-01 -5.288403691E-01 -2.834114132E-01 -4.040295261E-02  1.735637546E-01
  3.325358382E-01  4.490893949E-01  5.304706386E-01  5.835224405E-01  6.161907777E-01
  6.325131386E-01  6.398913038E-01  6.410112022E-01  6.405913461E-01  6.897188929E-01
  6.888373897E-01  6.852587261E-01  6.772746364E-01  6.608142636E-01  6.325139494E-01
  5.855570878E-01  5.147184734E-01  4.088899137E-01  2.621890136E-01  5.754228787E-02
 -2.024506233E-01 -4.806523575E-01 -7.749814131E-01 -1.069137368E+00 -1.323253991E+00
 -1.518363334E+00 -1.644280231E+00 -1.688402924E+00 -1.644280231E+00 -1.518363334E+00
 -1.323253991E+00 -1.069137368E+00 -7.749814131E-01 -4.806523575E-01 -2.024506233E-01
  5.754228787E-02  2.621890136E-01  4.088899137E-01  5.147184734E-01  5.855570878E-01
  6.325139494E-01  6.608142636E-01  6.772746364E-01  6.852587261E-01  6.888373897E-01
  7.206806790E-01  7.186370909E-01  7.122740329E-01  6.995804174E-01  6.772752910E-01
  6.398927693E-01  5.815098806E-01  4.944052008E-01  3.681932147E-01  1.929013167E-01
 -5.335833425E-02 -3.450982308E-01 -6.597527557E-01 -1.000858334E+00 -1.323253991E+00
 -1.601076103E+00 -1.825428520E+00 -1.973503131E+00 -2.025836324E+00 -1.973503131E+00
 -1.825428520E+00 -1.601076103E+00 -1.323253991E+00 -1.000858334E+00 -6.597527557E-01
 -3.450982308E-01 -5.335833425E-02  1.929013167E-01  3.681932147E-01  4.944052008E-01
  5.815098806E-01  6.398927693E-01  6.772752910E-01  6.995804174E-01  7.122740329E-01
  7.186370909E-01  7.400910915E-01  7.372337597E-01  7.290310394E-01  7.122745130E-01
  6.852598609E-01  6.410131480E-01  5.743025457E-01  4.752453468E-01  3.333448271E-01
  1.329778171E-01 -1.426074388E-01 -4.561285766E-01 -8.056005323E-01 -1.176249670E+00
 -1.518363334E+00 -1.825428520E+00 -2.079133738E+00 -2.253446058E+00 -2.317574027E+00
 -2.253446058E+00 -2.079133738E+00 -1.825428520E+00 -1.518363334E+00 -1.176249670E+00
 -8.056005323E-01 -4.561285766E-01 -1.426074388E-01  1.329778171E-01  3.333448271E-01
  4.752453468E-01  5.743025457E-01  6.410131480E-01  6.852598609E-01  7.122745130E-01
  7.290310394E-01  7.372337597E-01  7.490589342E-01  7.456840276E-01  7.372340525E-01
  7.186378639E-01  6.888388175E-01  6.405935852E-01  5.687445264E-01  4.620312122E-01
  3.096794690E-01  9.254785764E-02 -1.998094247E-01 -5.281221010E-01 -9.012680913E-01
 -1.286580791E+00 -1.644280231E+00 -1.973503131E+00 -2.253446058E+00 -2.457283021E+00
 -2.532434049E+00 -2.457283021E+00 -2.253446058E+00 -1.973503131E+00 -1.644280231E+00
 -1.286580791E+00 -9.012680913E-01 -5.281221010E-01 -1.998094247E-01  9.254785764E-02
  3.096794690E-01  4.620312122E-01  5.687445264E-01  6.405935852E-01  6.888388175E-01
  7.186378639E-01  7.372340525E-01  7.456840276E-01  7.530279394E-01  7.490590326E-01
  7.400914827E-01  7.206815504E-01  6.897204192E-01  6.399550742E-01  5.661833731E-01
  4.569267804E-01  3.014053351E-01  7.864797848E-02 -2.196760938E-01 -5.534577235E-01
 -9.341333604E-01 -1.324072690E+00 -1.688402924E+00 -2.025836324E+00 -2.317574027E+00
 -2.532434049E+00 -2.609317090E+00 -2.532434049E+00 -2.317574027E+00 -2.025836324E+00
 -1.688402924E+00 -1.324072690E+00 -9.341333604E-01 -5.534577235E-01 -2.196760938E-01
  7.864797848E-02  3.014053351E-01  4.569267804E-01  5.661833731E-01  6.399550742E-01
  6.897204192E-01  7.206815504E-01  7.400914827E-01  7.490590326E-01  7.490589342E-01
  7.456840276E-01  7.372340525E-01  7.186378639E-01  6.888388175E-01  6.405935852E-01
  5.687445264E-01  4.620312122E-01  3.096794690E-01  9.254785764E-02 -1.998094247E-01
 -5.281221010E-01 -9.012680913E-01 -1.286580791E+00 -1.644280231E+00 -1.973503131E+00
 -2.253446058E+00 -2.457283021E+00 -2.532434049E+00 -2.457283021E+00 -2.253446058E+00
 -1.973503131E+00 -1.644280231E+00 -1.286580791E+00 -9.012680913E-01 -5.281221010E-01
 -1.998094247E-01  9.254785764E-02  3.096794690E-01  4.620312122E-01  5.687445264E-01
  6.405935852E-01  6.888388175E-01  7.186378639E-01  7.372340525E-01  7.456840276E-01
  7.400910915E-01  7.372337597E-01  7.290310394E-01  7.122745130E-01  6.852598609E-01
  6.410131480E-01  5.743025457E-01  4.752453468E-01  3.333448271E-01  1.329778171E-01
 -1.426074388E-01 -4.561285766E-01 -8.056005323E-01 -1.176249670E+00 -1.518363334E+00
 -1.825428520E+00 -2.079133738E+00 -2.253446058E+00 -2.317574027E+00 -2.253446058E+00
 -2.079133738E+00 -1.825428520E+00 -1.518363334E+00 -1.176249670E+00 -8.056005323E-01
 -4.561285766E-01 -1.426074388E-01  1.329778171E-01  3.333448271E-01  4.752453468E-01
  5.743025457E-01  6.410131480E-01  6.852598609E-01  7.122745130E-01  7.290310394E-01
  7.372337597E-01  7.206806790E-01  7.186370909E-01  7.122740329E-01  6.995804174E-01
  6.772752910E-01  6.398927693E-01  5.815098806E-01  4.944052008E-01  3.681932147E-01
  1.929013167E-01 -5.335833425E-02 -3.450982308E-01 -6.597527557E-01 -1.000858334E+00
 -1.323253991E+00 -1.601076103E+00 -1.825428520E+00 -1.973503131E+00 -2.025836324E+00
 -1.973503131E+00 -1.825428520E+00 -1.601076103E+00 -1.323253991E+00 -1.000858334E+00
 -6.597527557E-01 -3.450982308E-01 -5.335833425E-02  1.929013167E-01  3.681932147E-01
  4.944052008E-01  5.815098806E-01  6.398927693E-01  6.772752910E-01  6.995804174E-01
  7.122740329E-01  7.186370909E-01  6.897188929E-01  6.888373897E-01  6.852587261E-01
  6.772746364E-01  6.608142636E-01  6.325139494E-01  5.855570878E-01  5.147184734E-01
  4.088899137E-01  2.621890136E-01  5.754228787E-02 -2.024506233E-01 -4.806523575E-01
 -7.749814131E-01 -1.069137368E+00 -1.323253991E+00 -1.518363334E+00 -1.644280231E+00
 -1.688402924E+00 -1.644280231E+00 -1.518363334E+00 -1.323253991E+00 -1.069137368E+00
 -7.749814131E-01 -4.806523575E-01 -2.024506233E-01  5.754228787E-02  2.621890136E-01
  4.088899137E-01  5.147184734E-01  5.855570878E-01  6.325139494E-01  6.608142636E-01
  6.772746364E-01  6.852587261E-01  6.888373897E-01  6.399527366E-01  6.405913461E-01
  6.410112022E-01  6.398913038E-01  6.325131386E-01  6.161907777E-01  5.835224405E-01
  5.304706386E-01  4.490893949E-01  3.325358382E-01  1.735637546E-01 -4.040295261E-02
 -2.834114132E-01 -5.288403691E-01 -7.749814131E-01 -1.000858334E+00 -1.176249670E+00
 -1.286580791E+00 -1.324072690E+00 -1.286580791E+00 -1.176249670E+00 -1.000858334E+00
 -7.749814131E-01 -5.288403691E-01 -2.834114132E-01 -4.040295261E-02  1.735637546E-01
  3.325358382E-01  4.490893949E-01  5.304706386E-01  5.835224405E-01  6.161907777E-01
  6.325131386E-01  6.398913038E-01  6.410112022E-01  6.405913461E-01  5.661800925E-01
  5.687413443E-01  5.742996569E-01  5.815074720E-01  5.855553338E-01  5.835214972E-01
  5.694729312E-01  5.369437581E-01  4.815459053E-01  3.961706365E-01  2.788031065E-01
  1.215136962E-01 -7.548126579E-02 -2.834114132E-01 -4.806523575E-01 -6.597527557E-01
 -8.056005323E-01 -9.012680913E-01 -9.341333604E-01 -9.012680913E-01 -8.056005323E-01
 -6.597527557E-01 -4.806523575E-01 -2.834114132E-01 -7.548126579E-02  1.215136962E-01
  2.788031065E-01  3.961706365E-01  4.815459053E-01  5.369437581E-01  5.694729312E-01
  5.835214972E-01  5.855553338E-01  5.815074720E-01  5.742996569E-01  5.687413443E-01
  4.569224571E-01  4.620269871E-01  4.752414141E-01  4.944017472E-01  5.147156732E-01
  5.304686482E-01  5.369427105E-01  5.282277295E-01  5.001651832E-01  4.474307838E-01
  3.658455362E-01  2.586447689E-01  1.215136962E-01 -4.040295261E-02 -2.024506233E-01
 -3.450982308E-01 -4.561285766E-01 -5.281221010E-01 -5.534577235E-01 -5.281221010E-01
 -4.561285766E-01 -3.450982308E-01 -2.024506233E-01 -4.040295261E-02  1.215136962E-01
  2.586447689E-01  3.658455362E-01  4.474307838E-01  5.001651832E-01  5.282277295E-01
  5.369427105E-01  5.304686482E-01  5.147156732E-01  4.944017472E-01  4.752414141E-01
  4.620269871E-01  3.013999106E-01  3.096741417E-01  3.333397894E-01  3.681886524E-01
  4.088860009E-01  4.490862885E-01  4.815437394E-01  5.001640637E-01  4.998223891E-01
  4.794854172E-01  4.346483127E-01  3.658455362E-01  2.788031065E-01  1.735637546E-01
  5.754228787E-02 -5.335833425E-02 -1.426074388E-01 -1.998094247E-01 -2.196760938E-01
 -1.998094247E-01 -1.426074388E-01 -5.335833425E-02  5.754228787E-02  1.735637546E-01
  2.788031065E-01  3.658455362E-01  4.346483127E-01  4.794854172E-01  4.998223891E-01
  5.001640637E-01  4.815437394E-01  4.490862885E-01  4.088860009E-01  3.681886524E-01
  3.333397894E-01  3.096741417E-01  7.864144510E-02  9.254141918E-02  1.329716619E-01
  1.928956279E-01  2.621839648E-01  3.325315874E-01  3.961673200E-01  4.474285099E-01
  4.794842610E-01  4.894618632E-01  4.794854172E-01  4.474307838E-01  3.961706365E-01
  3.325358382E-01  2.621890136E-01  1.929013167E-01  1.329778171E-01  9.254785764E-02
  7.864797848E-02  9.254785764E-02  1.329778171E-01  1.929013167E-01  2.621890136E-01
  3.325358382E-01  3.961706365E-01  4.474307838E-01  4.794854172E-01  4.894618632E-01
  4.794842610E-01  4.474285099E-01  3.961673200E-01  3.325315874E-01  2.621839648E-01
  1.928956279E-01  1.329716619E-01  9.254141918E-02 -2.196836856E-01 -1.998169259E-01
 -1.426146690E-01 -5.336511509E-02  5.753612844E-02  1.735583763E-01  2.787986494E-01
  3.658421130E-01  4.346460023E-01  4.794842610E-01  4.998223891E-01  5.001651832E-01
  4.815459053E-01  4.490893949E-01  4.088899137E-01  3.681932147E-01  3.333448271E-01
  3.096794690E-01  3.014053351E-01  3.096794690E-01  3.333448271E-01  3.681932147E-01
  4.088899137E-01  4.490893949E-01  4.815459053E-01  5.001651832E-01  4.998223891E-01
  4.794842610E-01  4.346460023E-01  3.658421130E-01  2.787986494E-01  1.735583763E-01
  5.753612844E-02 -5.336511509E-02 -1.426146690E-01 -1.998169259E-01 -5.534662663E-01
 -5.281305600E-01 -4.561367834E-01 -3.451060158E-01 -2.024578175E-01 -4.040939440E-02
  1.215081523E-01  2.586402426E-01  3.658421130E-01  4.474285099E-01  5.001640637E-01
  5.282277295E-01  5.369437581E-01  5.304706386E-01  5.147184734E-01  4.944052008E-01
  4.752453468E-01  4.620312122E-01  4.569267804E-01  4.620312122E-01  4.752453468E-01
  4.944052008E-01  5.147184734E-01  5.304706386E-01  5.369437581E-01  5.282277295E-01
  5.001640637E-01  4.474285099E-01  3.658421130E-01  2.586402426E-01  1.215081523E-01
 -4.040939440E-02 -2.024578175E-01 -3.451060158E-01 -4.561367834E-01 -5.281305600E-01
 -9.341427103E-01 -9.012773651E-01 -8.056095765E-01 -6.597614130E-01 -4.806604663E-01
 -2.834188114E-01 -7.548780141E-02  1.215081523E-01  2.787986494E-01  3.961673200E-01
  4.815437394E-01  5.369427105E-01  5.694729312E-01  5.835224405E-01  5.855570878E-01
  5.815098806E-01  5.743025457E-01  5.687445264E-01  5.661833731E-01  5.687445264E-01
  5.743025457E-01  5.815098806E-01  5.855570878E-01  5.835224405E-01  5.694729312E-01
  5.369427105E-01  4.815437394E-01  3.961673200E-01  2.787986494E-01  1.215081523E-01
 -7.548780141E-02 -2.834188114E-01 -4.806604663E-01 -6.597614130E-01 -8.056095765E-01
 -9.012773651E-01 -1.324082711E+00 -1.286590740E+00 -1.176259405E+00 -1.000867714E+00
 -7.749902882E-01 -5.288485839E-01 -2.834188114E-01 -4.040939440E-02  1.735583763E-01
  3.325315874E-01  4.490862885E-01  5.304686482E-01  5.835214972E-01  6.161907777E-01
  6.325139494E-01  6.398927693E-01  6.410131480E-01  6.405935852E-01  6.399550742E-01
  6.405935852E-01  6.410131480E-01  6.398927693E-01  6.325139494E-01  6.161907777E-01
  5.835214972E-01  5.304686482E-01  4.490862885E-01  3.325315874E-01  1.735583763E-01
 -4.040939440E-02 -2.834188114E-01 -5.288485839E-01 -7.749902882E-01 -1.000867714E+00
 -1.176259405E+00 -1.286590740E+00 -1.688413529E+00 -1.644290761E+00 -1.518373647E+00
 -1.323263955E+00 -1.069146857E+00 -7.749902882E-01 -4.806604663E-01 -2.024578175E-01
  5.753612844E-02  2.621839648E-01  4.088860009E-01  5.147156732E-01  5.855553338E-01
  6.325131386E-01  6.608142636E-01  6.772752910E-01  6.852598609E-01  6.888388175E-01
  6.897204192E-01  6.888388175E-01  6.852598609E-01  6.772752910E-01  6.608142636E-01
  6.325131386E-01  5.855553338E-01  5.147156732E-01  4.088860009E-01  2.621839648E-01
  5.753612844E-02 -2.024578175E-01 -4.806604663E-01 -7.749902882E-01 -1.069146857E+00
 -1.323263955E+00 -1.518373647E+00 -1.644290761E+00 -2.025847467E+00 -1.973514186E+00
 -1.825439329E+00 -1.601086541E+00 -1.323263955E+00 -1.000867714E+00 -6.597614130E-01
 -3.451060158E-01 -5.336511509E-02  1.928956279E-01  3.681886524E-01  4.944017472E-01
  5.815074720E-01  6.398913038E-01  6.772746364E-01  6.995804174E-01  7.122745130E-01
  7.186378639E-01  7.206815504E-01  7.186378639E-01  7.122745130E-01  6.995804174E-01
  6.772746364E-01  6.398913038E-01  5.815074720E-01  4.944017472E-01  3.681886524E-01
  1.928956279E-01 -5.336511509E-02 -3.451060158E-01 -6.597614130E-01 -1.000867714E+00
 -1.323263955E+00 -1.601086541E+00 -1.825439329E+00 -1.973514186E+00 -2.317585653E+00
 -2.253457577E+00 -2.079144965E+00 -1.825439329E+00 -1.518373647E+00 -1.176259405E+00
 -8.056095765E-01 -4.561367834E-01 -1.426146690E-01  1.329716619E-01  3.333397894E-01
  4.752414141E-01  5.742996569E-01  6.410112022E-01  6.852587261E-01  7.122740329E-01
  7.290310394E-01  7.372340525E-01  7.400914827E-01  7.372340525E-01  7.290310394E-01
  7.122740329E-01  6.852587261E-01  6.410112022E-01  5.742996569E-01  4.752414141E-01
  3.333397894E-01  1.329716619E-01 -1.426146690E-01 -4.561367834E-01 -8.056095765E-01
 -1.176259405E+00 -1.518373647E+00 -1.825439329E+00 -2.079144965E+00 -2.253457577E+00
 -2.532446027E+00 -2.457294875E+00 -2.253457577E+00 -1.973514186E+00 -1.644290761E+00
 -1.286590740E+00 -9.012773651E-01 -5.281305600E-01 -1.998169259E-01  9.254141918E-02
  3.096741417E-01  4.620269871E-01  5.687413443E-01  6.405913461E-01  6.888373897E-01
  7.186370909E-01  7.372337597E-01  7.456840276E-01  7.490590326E-01  7.456840276E-01
  7.372337597E-01  7.186370909E-01  6.888373897E-01  6.405913461E-01  5.687413443E-01
  4.620269871E-01  3.096741417E-01  9.254141918E-02 -1.998169259E-01 -5.281305600E-01
 -9.012773651E-01 -1.286590740E+00 -1.644290761E+00 -1.973514186E+00 -2.253457577E+00
 -2.457294875E+00
