
     Program PROJWFC v.6.7MaX starts on 25Jul2026 at  2:35:23 

     This program is part of the open-source Quantum ESPRESSO suite
     for quantum simulation of materials; please cite
         "P. Giannozzi et al., J. Phys.:Condens. Matter 21 395502 (2009);
         "P. Giannozzi et al., J. Phys.:Condens. Matter 29 465901 (2017);
          URL http://www.quantum-espresso.org", 
     in publications or presentations arising from this work. More details at
     http://www.quantum-espresso.org/quote

     Parallel version (MPI), running on     1 processors

     MPI processes distributed on     1 nodes

     Reading xml data from directory:

     ./tmp_Al/Al.save/
     file Al.pbe-n-kjpaw_psl.1.0.0.UPF: wavefunction(s)  3S 3P renormalized

     IMPORTANT: XC functional enforced from input :
     Exchange-correlation= PBE
                           (   1   4   3   4   0   0   0)
     Any further DFT definition will be discarded
     Please, verify this is what you really want


     G-vector sticks info
     --------------------
     sticks:   dense  smooth     PW     G-vecs:    dense   smooth      PW
     Sum         941     749    233                21367    15419    2601


     Gaussian broadening (read from input): ngauss,degauss=   1    0.015000


     Calling projwave .... 

  Problem Sizes 
  natomwfc =           16
  nbnd     =           10
  nkstot   =           35
  npwx     =         1936
  nkb      =           72


     Atomic states used for projection
     (read from pseudopotential files):

     state #   1: atom   1 (Al ), wfc  1 (l=0 m= 1)
     state #   2: atom   1 (Al ), wfc  2 (l=1 m= 1)
     state #   3: atom   1 (Al ), wfc  2 (l=1 m= 2)
     state #   4: atom   1 (Al ), wfc  2 (l=1 m= 3)
     state #   5: atom   2 (Al ), wfc  1 (l=0 m= 1)
     state #   6: atom   2 (Al ), wfc  2 (l=1 m= 1)
     state #   7: atom   2 (Al ), wfc  2 (l=1 m= 2)
     state #   8: atom   2 (Al ), wfc  2 (l=1 m= 3)
     state #   9: atom   3 (Al ), wfc  1 (l=0 m= 1)
     state #  10: atom   3 (Al ), wfc  2 (l=1 m= 1)
     state #  11: atom   3 (Al ), wfc  2 (l=1 m= 2)
     state #  12: atom   3 (Al ), wfc  2 (l=1 m= 3)
     state #  13: atom   4 (Al ), wfc  1 (l=0 m= 1)
     state #  14: atom   4 (Al ), wfc  2 (l=1 m= 1)
     state #  15: atom   4 (Al ), wfc  2 (l=1 m= 2)
     state #  16: atom   4 (Al ), wfc  2 (l=1 m= 3)

 k =   0.0000000000  0.0000000000  0.0000000000
==== e(   1) =    -3.25403 eV ==== 
     psi = 0.250*[#   1]+0.250*[#   5]+0.250*[#   9]+0.250*[#  13]
    |psi|^2 = 1.000
==== e(   2) =     4.93049 eV ==== 
     psi = 0.083*[#   2]+0.083*[#   3]+0.083*[#   4]+0.083*[#   6]+0.083*[#   7]
          +0.083*[#   8]+0.083*[#  10]+0.083*[#  11]+0.083*[#  12]+0.083*[#  14]
          +0.083*[#  15]+0.083*[#  16]
    |psi|^2 = 0.999
==== e(   3) =     4.93049 eV ==== 
     psi = 0.083*[#   2]+0.083*[#   3]+0.083*[#   4]+0.083*[#   6]+0.083*[#   7]
          +0.083*[#   8]+0.083*[#  10]+0.083*[#  11]+0.083*[#  12]+0.083*[#  14]
          +0.083*[#  15]+0.083*[#  16]
    |psi|^2 = 0.999
==== e(   4) =     4.93049 eV ==== 
     psi = 0.083*[#   2]+0.083*[#   3]+0.083*[#   4]+0.083*[#   6]+0.083*[#   7]
          +0.083*[#   8]+0.083*[#  10]+0.083*[#  11]+0.083*[#  12]+0.083*[#  14]
          +0.083*[#  15]+0.083*[#  16]
    |psi|^2 = 0.999
==== e(   5) =     6.23933 eV ==== 
     psi = 0.287*[#   5]+0.287*[#   9]+0.287*[#  13]
    |psi|^2 = 0.860
==== e(   6) =     6.23933 eV ==== 
     psi = 0.287*[#   5]+0.287*[#   9]+0.287*[#  13]
    |psi|^2 = 0.860
==== e(   7) =     6.23936 eV ==== 
     psi = 0.645*[#   1]+0.072*[#   5]+0.072*[#   9]+0.072*[#  13]
    |psi|^2 = 0.860
==== e(   8) =    13.40932 eV ==== 
     psi = 0.084*[#   6]+0.084*[#   8]+0.084*[#  10]+0.084*[#  11]+0.084*[#  15]
          +0.084*[#  16]+0.081*[#   2]+0.081*[#   3]+0.081*[#   4]+0.081*[#   7]
          +0.081*[#  12]+0.081*[#  14]
    |psi|^2 = 0.990
==== e(   9) =    13.41006 eV ==== 
     psi = 0.097*[#   2]+0.097*[#   3]+0.097*[#   4]+0.097*[#   7]+0.097*[#  12]
          +0.097*[#  14]+0.069*[#   6]+0.069*[#   8]+0.069*[#  10]+0.069*[#  11]
          +0.069*[#  15]+0.069*[#  16]
    |psi|^2 = 0.992
==== e(  10) =    13.41024 eV ==== 
     psi = 0.136*[#   2]+0.136*[#   3]+0.136*[#   4]+0.136*[#   7]+0.136*[#  12]
          +0.136*[#  14]+0.029*[#   6]+0.029*[#   8]+0.029*[#  10]+0.029*[#  11]
          +0.029*[#  15]+0.029*[#  16]
    |psi|^2 = 0.993

 k =   0.0000000000  0.0000000000  0.1250000000
==== e(   1) =    -3.11296 eV ==== 
     psi = 0.211*[#   1]+0.211*[#   5]+0.211*[#   9]+0.211*[#  13]+0.013*[#   2]
          +0.013*[#   3]+0.013*[#   4]+0.013*[#   6]+0.013*[#   7]+0.013*[#   8]
          +0.013*[#  10]+0.013*[#  11]+0.013*[#  12]+0.013*[#  14]+0.013*[#  15]
          +0.013*[#  16]
    |psi|^2 = 0.999
==== e(   2) =     3.45896 eV ==== 
     psi = 0.069*[#   1]+0.069*[#   5]+0.069*[#   9]+0.069*[#  13]+0.059*[#   2]
          +0.059*[#   3]+0.059*[#   4]+0.059*[#   6]+0.059*[#   7]+0.059*[#   8]
          +0.059*[#  10]+0.059*[#  11]+0.059*[#  12]+0.059*[#  14]+0.059*[#  15]
          +0.059*[#  16]
    |psi|^2 = 0.987
==== e(   3) =     5.05964 eV ==== 
     psi = 0.083*[#   2]+0.083*[#   3]+0.083*[#   4]+0.083*[#   6]+0.083*[#   7]
          +0.083*[#   8]+0.083*[#  10]+0.083*[#  11]+0.083*[#  12]+0.083*[#  14]
          +0.083*[#  15]+0.083*[#  16]
    |psi|^2 = 0.998
==== e(   4) =     5.05964 eV ==== 
     psi = 0.083*[#   2]+0.083*[#   3]+0.083*[#   4]+0.083*[#   6]+0.083*[#   7]
          +0.083*[#   8]+0.083*[#  10]+0.083*[#  11]+0.083*[#  12]+0.083*[#  14]
          +0.083*[#  15]+0.083*[#  16]
    |psi|^2 = 0.998
==== e(   5) =     6.37576 eV ==== 
     psi = 0.269*[#   5]+0.269*[#   9]+0.269*[#  13]+0.012*[#   6]+0.012*[#   8]
          +0.012*[#  10]+0.012*[#  11]+0.012*[#  15]+0.012*[#  16]
    |psi|^2 = 0.875
==== e(   6) =     6.37578 eV ==== 
     psi = 0.403*[#   1]+0.134*[#   5]+0.134*[#   9]+0.134*[#  13]+0.012*[#   2]
          +0.012*[#   3]+0.012*[#   4]+0.012*[#   7]+0.012*[#  12]+0.012*[#  14]
          
    |psi|^2 = 0.875
==== e(   7) =     7.95539 eV ==== 
     psi = 0.141*[#   1]+0.141*[#   5]+0.141*[#   9]+0.141*[#  13]+0.022*[#   2]
          +0.022*[#   3]+0.022*[#   4]+0.022*[#   6]+0.022*[#   7]+0.022*[#   8]
          +0.022*[#  10]+0.022*[#  11]+0.022*[#  12]+0.022*[#  14]+0.022*[#  15]
          +0.022*[#  16]
    |psi|^2 = 0.832
==== e(   8) =    11.29005 eV ==== 
     psi = 0.060*[#   2]+0.060*[#   3]+0.060*[#   4]+0.060*[#   7]+0.060*[#  12]
          +0.060*[#  14]+0.060*[#   6]+0.060*[#   8]+0.060*[#  10]+0.060*[#  11]
          +0.060*[#  15]+0.060*[#  16]
    |psi|^2 = 0.718
==== e(   9) =    11.29007 eV ==== 
     psi = 0.060*[#   2]+0.060*[#   3]+0.060*[#   4]+0.060*[#   7]+0.060*[#  12]
          +0.060*[#  14]+0.060*[#   6]+0.060*[#   8]+0.060*[#  10]+0.060*[#  11]
          +0.060*[#  15]+0.060*[#  16]
    |psi|^2 = 0.718
==== e(  10) =    12.54684 eV ==== 
     psi = 0.122*[#   2]+0.122*[#   3]+0.122*[#   4]+0.122*[#   7]+0.122*[#  12]
          +0.122*[#  14]+0.050*[#   1]+0.022*[#   5]+0.022*[#   9]+0.022*[#  13]
          +0.018*[#   6]+0.018*[#   8]+0.018*[#  10]+0.018*[#  11]+0.018*[#  15]
          +0.018*[#  16]
    |psi|^2 = 0.958

 k =   0.0000000000  0.0000000000  0.2500000000
==== e(   1) =    -2.69068 eV ==== 
     psi = 0.148*[#   1]+0.148*[#   5]+0.148*[#   9]+0.148*[#  13]+0.034*[#   2]
          +0.034*[#   3]+0.034*[#   4]+0.034*[#   6]+0.034*[#   7]+0.034*[#   8]
          +0.034*[#  10]+0.034*[#  11]+0.034*[#  12]+0.034*[#  14]+0.034*[#  15]
          +0.034*[#  16]
    |psi|^2 = 0.999
==== e(   2) =     1.73025 eV ==== 
     psi = 0.075*[#   1]+0.075*[#   5]+0.075*[#   9]+0.075*[#  13]+0.058*[#   2]
          +0.058*[#   3]+0.058*[#   4]+0.058*[#   6]+0.058*[#   7]+0.058*[#   8]
          +0.058*[#  10]+0.058*[#  11]+0.058*[#  12]+0.058*[#  14]+0.058*[#  15]
          +0.058*[#  16]
    |psi|^2 = 0.995
==== e(   3) =     5.44732 eV ==== 
     psi = 0.083*[#   2]+0.083*[#   3]+0.083*[#   4]+0.083*[#   6]+0.083*[#   7]
          +0.083*[#   8]+0.083*[#  10]+0.083*[#  11]+0.083*[#  12]+0.083*[#  14]
          +0.083*[#  15]+0.083*[#  16]
    |psi|^2 = 0.996
==== e(   4) =     5.44732 eV ==== 
     psi = 0.083*[#   2]+0.083*[#   3]+0.083*[#   4]+0.083*[#   6]+0.083*[#   7]
          +0.083*[#   8]+0.083*[#  10]+0.083*[#  11]+0.083*[#  12]+0.083*[#  14]
          +0.083*[#  15]+0.083*[#  16]
    |psi|^2 = 0.996
==== e(   5) =     6.78027 eV ==== 
     psi = 0.221*[#   5]+0.221*[#   9]+0.221*[#  13]+0.040*[#   6]+0.040*[#   8]
          +0.040*[#  10]+0.040*[#  11]+0.040*[#  15]+0.040*[#  16]
    |psi|^2 = 0.906
==== e(   6) =     6.78028 eV ==== 
     psi = 0.332*[#   1]+0.111*[#   5]+0.111*[#   9]+0.111*[#  13]+0.040*[#   2]
          +0.040*[#   3]+0.040*[#   4]+0.040*[#   7]+0.040*[#  12]+0.040*[#  14]
          
    |psi|^2 = 0.906
==== e(   7) =     9.59909 eV ==== 
     psi = 0.074*[#   2]+0.074*[#   3]+0.074*[#   4]+0.074*[#   6]+0.074*[#   7]
          +0.074*[#   8]+0.074*[#  10]+0.074*[#  11]+0.074*[#  12]+0.074*[#  14]
          +0.074*[#  15]+0.074*[#  16]
    |psi|^2 = 0.890
==== e(   8) =     9.59909 eV ==== 
     psi = 0.074*[#   2]+0.074*[#   3]+0.074*[#   4]+0.074*[#   6]+0.074*[#   7]
          +0.074*[#   8]+0.074*[#  10]+0.074*[#  11]+0.074*[#  12]+0.074*[#  14]
          +0.074*[#  15]+0.074*[#  16]
    |psi|^2 = 0.890
==== e(   9) =    10.41669 eV ==== 
     psi = 0.118*[#   1]+0.118*[#   5]+0.118*[#   9]+0.118*[#  13]+0.020*[#   2]
          +0.020*[#   3]+0.020*[#   4]+0.020*[#   6]+0.020*[#   7]+0.020*[#   8]
          +0.020*[#  10]+0.020*[#  11]+0.020*[#  12]+0.020*[#  14]+0.020*[#  15]
          +0.020*[#  16]
    |psi|^2 = 0.715
==== e(  10) =    11.09684 eV ==== 
     psi = 0.083*[#   5]+0.083*[#   9]+0.083*[#  13]+0.073*[#   6]+0.073*[#   8]
          +0.073*[#  10]+0.073*[#  11]+0.073*[#  15]+0.073*[#  16]+0.051*[#   1]
          +0.038*[#   2]+0.038*[#   3]+0.038*[#   4]+0.038*[#   7]+0.038*[#  12]
          +0.038*[#  14]
    |psi|^2 = 0.964

 k =   0.0000000000  0.0000000000  0.3750000000
==== e(   1) =    -1.98967 eV ==== 
     psi = 0.107*[#   1]+0.107*[#   5]+0.107*[#   9]+0.107*[#  13]+0.048*[#   2]
          +0.048*[#   3]+0.048*[#   4]+0.048*[#   6]+0.048*[#   7]+0.048*[#   8]
          +0.048*[#  10]+0.048*[#  11]+0.048*[#  12]+0.048*[#  14]+0.048*[#  15]
          +0.048*[#  16]
    |psi|^2 = 0.999
==== e(   2) =     0.22928 eV ==== 
     psi = 0.077*[#   1]+0.077*[#   5]+0.077*[#   9]+0.077*[#  13]+0.057*[#   2]
          +0.057*[#   3]+0.057*[#   4]+0.057*[#   6]+0.057*[#   7]+0.057*[#   8]
          +0.057*[#  10]+0.057*[#  11]+0.057*[#  12]+0.057*[#  14]+0.057*[#  15]
          +0.057*[#  16]
    |psi|^2 = 0.998
==== e(   3) =     6.09417 eV ==== 
     psi = 0.083*[#   2]+0.083*[#   3]+0.083*[#   4]+0.083*[#   6]+0.083*[#   7]
          +0.083*[#   8]+0.083*[#  10]+0.083*[#  11]+0.083*[#  12]+0.083*[#  14]
          +0.083*[#  15]+0.083*[#  16]
    |psi|^2 = 0.993
==== e(   4) =     6.09417 eV ==== 
     psi = 0.083*[#   2]+0.083*[#   3]+0.083*[#   4]+0.083*[#   6]+0.083*[#   7]
          +0.083*[#   8]+0.083*[#  10]+0.083*[#  11]+0.083*[#  12]+0.083*[#  14]
          +0.083*[#  15]+0.083*[#  16]
    |psi|^2 = 0.993
==== e(   5) =     7.42714 eV ==== 
     psi = 0.145*[#   5]+0.145*[#   9]+0.145*[#  13]+0.083*[#   6]+0.083*[#   8]
          +0.083*[#  10]+0.083*[#  11]+0.083*[#  15]+0.083*[#  16]
    |psi|^2 = 0.931
==== e(   6) =     7.42715 eV ==== 
     psi = 0.217*[#   1]+0.083*[#   2]+0.083*[#   3]+0.083*[#   4]+0.083*[#   7]
          +0.083*[#  12]+0.083*[#  14]+0.072*[#   5]+0.072*[#   9]+0.072*[#  13]
          
    |psi|^2 = 0.931
==== e(   7) =     8.16918 eV ==== 
     psi = 0.080*[#   2]+0.080*[#   3]+0.080*[#   4]+0.080*[#   6]+0.080*[#   7]
          +0.080*[#   8]+0.080*[#  10]+0.080*[#  11]+0.080*[#  12]+0.080*[#  14]
          +0.080*[#  15]+0.080*[#  16]
    |psi|^2 = 0.959
==== e(   8) =     8.16918 eV ==== 
     psi = 0.080*[#   2]+0.080*[#   3]+0.080*[#   4]+0.080*[#   6]+0.080*[#   7]
          +0.080*[#   8]+0.080*[#  10]+0.080*[#  11]+0.080*[#  12]+0.080*[#  14]
          +0.080*[#  15]+0.080*[#  16]
    |psi|^2 = 0.959
==== e(   9) =     9.74743 eV ==== 
     psi = 0.182*[#   5]+0.182*[#   9]+0.182*[#  13]+0.071*[#   6]+0.071*[#   8]
          +0.071*[#  10]+0.071*[#  11]+0.071*[#  15]+0.071*[#  16]
    |psi|^2 = 0.974
==== e(  10) =     9.74746 eV ==== 
     psi = 0.273*[#   1]+0.091*[#   5]+0.091*[#   9]+0.091*[#  13]+0.071*[#   2]
          +0.071*[#   3]+0.071*[#   4]+0.071*[#   7]+0.071*[#  12]+0.071*[#  14]
          
    |psi|^2 = 0.974

 k =   0.0000000000  0.0000000000 -0.5000000000
==== e(   1) =    -1.01424 eV ==== 
     psi = 0.114*[#   5]+0.114*[#   9]+0.114*[#  13]+0.109*[#   2]+0.109*[#   3]
          +0.109*[#   4]+0.109*[#   7]+0.109*[#  12]+0.109*[#  14]
    |psi|^2 = 0.999
==== e(   2) =    -1.01423 eV ==== 
     psi = 0.171*[#   1]+0.109*[#   6]+0.109*[#   8]+0.109*[#  10]+0.109*[#  11]
          +0.109*[#  15]+0.109*[#  16]+0.057*[#   5]+0.057*[#   9]+0.057*[#  13]
          
    |psi|^2 = 0.999
==== e(   3) =     7.00110 eV ==== 
     psi = 0.164*[#   7]+0.164*[#  12]+0.164*[#  14]+0.082*[#   6]+0.082*[#   8]
          +0.082*[#  10]+0.082*[#  11]+0.082*[#  15]+0.082*[#  16]
    |psi|^2 = 0.984
==== e(   4) =     7.00110 eV ==== 
     psi = 0.164*[#   7]+0.164*[#  12]+0.164*[#  14]+0.082*[#   6]+0.082*[#   8]
          +0.082*[#  10]+0.082*[#  11]+0.082*[#  15]+0.082*[#  16]
    |psi|^2 = 0.984
==== e(   5) =     7.00111 eV ==== 
     psi = 0.164*[#   2]+0.164*[#   3]+0.164*[#   4]+0.082*[#   6]+0.082*[#   8]
          +0.082*[#  10]+0.082*[#  11]+0.082*[#  15]+0.082*[#  16]
    |psi|^2 = 0.984
==== e(   6) =     7.00111 eV ==== 
     psi = 0.164*[#   2]+0.164*[#   3]+0.164*[#   4]+0.082*[#   6]+0.082*[#   8]
          +0.082*[#  10]+0.082*[#  11]+0.082*[#  15]+0.082*[#  16]
    |psi|^2 = 0.984
==== e(   7) =     8.01953 eV ==== 
     psi = 0.155*[#   6]+0.155*[#   8]+0.155*[#  10]+0.155*[#  11]+0.155*[#  15]
          +0.155*[#  16]
    |psi|^2 = 0.932
==== e(   8) =     8.01954 eV ==== 
     psi = 0.155*[#   2]+0.155*[#   3]+0.155*[#   4]+0.155*[#   7]+0.155*[#  12]
          +0.155*[#  14]
    |psi|^2 = 0.932
==== e(   9) =     8.91373 eV ==== 
     psi = 0.328*[#   5]+0.328*[#   9]+0.328*[#  13]
    |psi|^2 = 0.984
==== e(  10) =     8.91376 eV ==== 
     psi = 0.492*[#   1]+0.164*[#   5]+0.164*[#   9]+0.164*[#  13]
    |psi|^2 = 0.984

 k =   0.0000000000  0.1250000000  0.1250000000
==== e(   1) =    -2.97206 eV ==== 
     psi = 0.184*[#   1]+0.184*[#   5]+0.184*[#   9]+0.184*[#  13]+0.022*[#   2]
          +0.022*[#   3]+0.022*[#   4]+0.022*[#   6]+0.022*[#   7]+0.022*[#   8]
          +0.022*[#  10]+0.022*[#  11]+0.022*[#  12]+0.022*[#  14]+0.022*[#  15]
          +0.022*[#  16]
    |psi|^2 = 0.999
==== e(   2) =     3.59279 eV ==== 
     psi = 0.089*[#   5]+0.089*[#   9]+0.089*[#  13]+0.079*[#   2]+0.079*[#   3]
          +0.079*[#   4]+0.060*[#   6]+0.060*[#   8]+0.060*[#  10]+0.060*[#  11]
          +0.060*[#  15]+0.060*[#  16]+0.041*[#   7]+0.041*[#  12]+0.041*[#  14]
          
    |psi|^2 = 0.988
==== e(   3) =     3.59279 eV ==== 
     psi = 0.133*[#   1]+0.079*[#   7]+0.079*[#  12]+0.079*[#  14]+0.060*[#   6]
          +0.060*[#   8]+0.060*[#  10]+0.060*[#  11]+0.060*[#  15]+0.060*[#  16]
          +0.044*[#   5]+0.044*[#   9]+0.044*[#  13]+0.041*[#   2]+0.041*[#   3]
          +0.041*[#   4]
    |psi|^2 = 0.988
==== e(   4) =     5.18883 eV ==== 
     psi = 0.083*[#   2]+0.083*[#   3]+0.083*[#   4]+0.083*[#   6]+0.083*[#   7]
          +0.083*[#   8]+0.083*[#  10]+0.083*[#  11]+0.083*[#  12]+0.083*[#  14]
          +0.083*[#  15]+0.083*[#  16]
    |psi|^2 = 0.998
==== e(   5) =     6.51014 eV ==== 
     psi = 0.189*[#   1]+0.189*[#   5]+0.189*[#   9]+0.189*[#  13]+0.010*[#   2]
          +0.010*[#   3]+0.010*[#   4]+0.010*[#   6]+0.010*[#   7]+0.010*[#   8]
          +0.010*[#  10]+0.010*[#  11]+0.010*[#  12]+0.010*[#  14]+0.010*[#  15]
          +0.010*[#  16]
    |psi|^2 = 0.882
==== e(   6) =     8.08568 eV ==== 
     psi = 0.171*[#   5]+0.171*[#   9]+0.171*[#  13]+0.049*[#   7]+0.049*[#  12]
          +0.049*[#  14]+0.028*[#   6]+0.028*[#   8]+0.028*[#  10]+0.028*[#  11]
          +0.028*[#  15]+0.028*[#  16]+0.007*[#   2]+0.007*[#   3]+0.007*[#   4]
          
    |psi|^2 = 0.850
==== e(   7) =     8.08569 eV ==== 
     psi = 0.257*[#   1]+0.086*[#   5]+0.086*[#   9]+0.086*[#  13]+0.049*[#   2]
          +0.049*[#   3]+0.049*[#   4]+0.028*[#   6]+0.028*[#   8]+0.028*[#  10]
          +0.028*[#  11]+0.028*[#  15]+0.028*[#  16]+0.007*[#   7]+0.007*[#  12]
          +0.007*[#  14]
    |psi|^2 = 0.850
==== e(   8) =     9.90658 eV ==== 
     psi = 0.063*[#   2]+0.063*[#   3]+0.063*[#   4]+0.063*[#   6]+0.063*[#   7]
          +0.063*[#   8]+0.063*[#  10]+0.063*[#  11]+0.063*[#  12]+0.063*[#  14]
          +0.063*[#  15]+0.063*[#  16]+0.031*[#   1]+0.031*[#   5]+0.031*[#   9]
          +0.031*[#  13]
    |psi|^2 = 0.879
==== e(   9) =    11.42051 eV ==== 
     psi = 0.073*[#   2]+0.073*[#   3]+0.073*[#   4]+0.073*[#   7]+0.073*[#  12]
          +0.073*[#  14]+0.047*[#   6]+0.047*[#   8]+0.047*[#  10]+0.047*[#  11]
          +0.047*[#  15]+0.047*[#  16]
    |psi|^2 = 0.718
==== e(  10) =    11.42053 eV ==== 
     psi = 0.073*[#   6]+0.073*[#   8]+0.073*[#  10]+0.073*[#  11]+0.073*[#  15]
          +0.073*[#  16]+0.047*[#   2]+0.047*[#   3]+0.047*[#   4]+0.047*[#   7]
          +0.047*[#  12]+0.047*[#  14]
    |psi|^2 = 0.718

 k =   0.0000000000  0.1250000000  0.2500000000
==== e(   1) =    -2.55020 eV ==== 
     psi = 0.138*[#   1]+0.138*[#   5]+0.138*[#   9]+0.138*[#  13]+0.037*[#   2]
          +0.037*[#   3]+0.037*[#   4]+0.037*[#   6]+0.037*[#   7]+0.037*[#   8]
          +0.037*[#  10]+0.037*[#  11]+0.037*[#  12]+0.037*[#  14]+0.037*[#  15]
          +0.037*[#  16]
    |psi|^2 = 0.999
==== e(   2) =     1.86630 eV ==== 
     psi = 0.075*[#   1]+0.075*[#   5]+0.075*[#   9]+0.075*[#  13]+0.058*[#   2]
          +0.058*[#   3]+0.058*[#   4]+0.058*[#   6]+0.058*[#   7]+0.058*[#   8]
          +0.058*[#  10]+0.058*[#  11]+0.058*[#  12]+0.058*[#  14]+0.058*[#  15]
          +0.058*[#  16]
    |psi|^2 = 0.995
==== e(   3) =     3.99358 eV ==== 
     psi = 0.062*[#   2]+0.062*[#   3]+0.062*[#   4]+0.062*[#   6]+0.062*[#   7]
          +0.062*[#   8]+0.062*[#  10]+0.062*[#  11]+0.062*[#  12]+0.062*[#  14]
          +0.062*[#  15]+0.062*[#  16]+0.061*[#   1]+0.061*[#   5]+0.061*[#   9]
          +0.061*[#  13]
    |psi|^2 = 0.990
==== e(   4) =     5.57662 eV ==== 
     psi = 0.083*[#   2]+0.083*[#   3]+0.083*[#   4]+0.083*[#   6]+0.083*[#   7]
          +0.083*[#   8]+0.083*[#  10]+0.083*[#  11]+0.083*[#  12]+0.083*[#  14]
          +0.083*[#  15]+0.083*[#  16]
    |psi|^2 = 0.996
==== e(   5) =     6.89657 eV ==== 
     psi = 0.144*[#   1]+0.144*[#   5]+0.144*[#   9]+0.144*[#  13]+0.027*[#   2]
          +0.027*[#   3]+0.027*[#   4]+0.027*[#   6]+0.027*[#   7]+0.027*[#   8]
          +0.027*[#  10]+0.027*[#  11]+0.027*[#  12]+0.027*[#  14]+0.027*[#  15]
          +0.027*[#  16]
    |psi|^2 = 0.906
==== e(   6) =     8.27554 eV ==== 
     psi = 0.068*[#   1]+0.068*[#   5]+0.068*[#   9]+0.068*[#  13]+0.056*[#   2]
          +0.056*[#   3]+0.056*[#   4]+0.056*[#   6]+0.056*[#   7]+0.056*[#   8]
          +0.056*[#  10]+0.056*[#  11]+0.056*[#  12]+0.056*[#  14]+0.056*[#  15]
          +0.056*[#  16]
    |psi|^2 = 0.947
==== e(   7) =     8.46899 eV ==== 
     psi = 0.095*[#   1]+0.095*[#   5]+0.095*[#   9]+0.095*[#  13]+0.042*[#   2]
          +0.042*[#   3]+0.042*[#   4]+0.042*[#   6]+0.042*[#   7]+0.042*[#   8]
          +0.042*[#  10]+0.042*[#  11]+0.042*[#  12]+0.042*[#  14]+0.042*[#  15]
          +0.042*[#  16]
    |psi|^2 = 0.884
==== e(   8) =     9.72922 eV ==== 
     psi = 0.074*[#   2]+0.074*[#   3]+0.074*[#   4]+0.074*[#   7]+0.074*[#  12]
          +0.074*[#  14]+0.074*[#   6]+0.074*[#   8]+0.074*[#  10]+0.074*[#  11]
          +0.074*[#  15]+0.074*[#  16]
    |psi|^2 = 0.889
==== e(   9) =    10.53760 eV ==== 
     psi = 0.101*[#   1]+0.101*[#   5]+0.101*[#   9]+0.101*[#  13]+0.028*[#   2]
          +0.028*[#   3]+0.028*[#   4]+0.028*[#   6]+0.028*[#   7]+0.028*[#   8]
          +0.028*[#  10]+0.028*[#  11]+0.028*[#  12]+0.028*[#  14]+0.028*[#  15]
          +0.028*[#  16]
    |psi|^2 = 0.741
==== e(  10) =    11.23464 eV ==== 
     psi = 0.084*[#   1]+0.084*[#   5]+0.084*[#   9]+0.084*[#  13]+0.053*[#   2]
          +0.053*[#   3]+0.053*[#   4]+0.053*[#   7]+0.053*[#  12]+0.053*[#  14]
          +0.053*[#   6]+0.053*[#   8]+0.053*[#  10]+0.053*[#  11]+0.053*[#  15]
          +0.053*[#  16]
    |psi|^2 = 0.968

 k =   0.0000000000  0.1250000000  0.3750000000
==== e(   1) =    -1.84990 eV ==== 
     psi = 0.104*[#   1]+0.104*[#   5]+0.104*[#   9]+0.104*[#  13]+0.049*[#   2]
          +0.049*[#   3]+0.049*[#   4]+0.049*[#   6]+0.049*[#   7]+0.049*[#   8]
          +0.049*[#  10]+0.049*[#  11]+0.049*[#  12]+0.049*[#  14]+0.049*[#  15]
          +0.049*[#  16]
    |psi|^2 = 0.999
==== e(   2) =     0.36687 eV ==== 
     psi = 0.077*[#   1]+0.077*[#   5]+0.077*[#   9]+0.077*[#  13]+0.058*[#   2]
          +0.058*[#   3]+0.058*[#   4]+0.058*[#   6]+0.058*[#   7]+0.058*[#   8]
          +0.058*[#  10]+0.058*[#  11]+0.058*[#  12]+0.058*[#  14]+0.058*[#  15]
          +0.058*[#  16]
    |psi|^2 = 0.998
==== e(   3) =     4.65891 eV ==== 
     psi = 0.065*[#   2]+0.065*[#   3]+0.065*[#   4]+0.065*[#   6]+0.065*[#   7]
          +0.065*[#   8]+0.065*[#  10]+0.065*[#  11]+0.065*[#  12]+0.065*[#  14]
          +0.065*[#  15]+0.065*[#  16]+0.054*[#   1]+0.054*[#   5]+0.054*[#   9]
          +0.054*[#  13]
    |psi|^2 = 0.990
==== e(   4) =     6.22363 eV ==== 
     psi = 0.083*[#   2]+0.083*[#   3]+0.083*[#   4]+0.083*[#   6]+0.083*[#   7]
          +0.083*[#   8]+0.083*[#  10]+0.083*[#  11]+0.083*[#  12]+0.083*[#  14]
          +0.083*[#  15]+0.083*[#  16]
    |psi|^2 = 0.992
==== e(   5) =     6.72787 eV ==== 
     psi = 0.077*[#   2]+0.077*[#   3]+0.077*[#   4]+0.077*[#   6]+0.077*[#   7]
          +0.077*[#   8]+0.077*[#  10]+0.077*[#  11]+0.077*[#  12]+0.077*[#  14]
          +0.077*[#  15]+0.077*[#  16]+0.012*[#   1]+0.012*[#   5]+0.012*[#   9]
          +0.012*[#  13]
    |psi|^2 = 0.978
==== e(   6) =     7.67951 eV ==== 
     psi = 0.174*[#   1]+0.174*[#   5]+0.174*[#   9]+0.174*[#  13]+0.019*[#   2]
          +0.019*[#   3]+0.019*[#   4]+0.019*[#   6]+0.019*[#   7]+0.019*[#   8]
          +0.019*[#  10]+0.019*[#  11]+0.019*[#  12]+0.019*[#  14]+0.019*[#  15]
          +0.019*[#  16]
    |psi|^2 = 0.927
==== e(   7) =     8.29906 eV ==== 
     psi = 0.080*[#   2]+0.080*[#   3]+0.080*[#   4]+0.080*[#   6]+0.080*[#   7]
          +0.080*[#   8]+0.080*[#  10]+0.080*[#  11]+0.080*[#  12]+0.080*[#  14]
          +0.080*[#  15]+0.080*[#  16]
    |psi|^2 = 0.958
==== e(   8) =     9.01360 eV ==== 
     psi = 0.069*[#   2]+0.069*[#   3]+0.069*[#   4]+0.069*[#   6]+0.069*[#   7]
          +0.069*[#   8]+0.069*[#  10]+0.069*[#  11]+0.069*[#  12]+0.069*[#  14]
          +0.069*[#  15]+0.069*[#  16]+0.020*[#   1]+0.020*[#   5]+0.020*[#   9]
          +0.020*[#  13]
    |psi|^2 = 0.903
==== e(   9) =     9.97084 eV ==== 
     psi = 0.171*[#   1]+0.171*[#   5]+0.171*[#   9]+0.171*[#  13]+0.025*[#   2]
          +0.025*[#   3]+0.025*[#   4]+0.025*[#   6]+0.025*[#   7]+0.025*[#   8]
          +0.025*[#  10]+0.025*[#  11]+0.025*[#  12]+0.025*[#  14]+0.025*[#  15]
          +0.025*[#  16]
    |psi|^2 = 0.983
==== e(  10) =    11.30345 eV ==== 
     psi = 0.059*[#   1]+0.059*[#   5]+0.059*[#   9]+0.059*[#  13]+0.058*[#   2]
          +0.058*[#   3]+0.058*[#   4]+0.058*[#   7]+0.058*[#  12]+0.058*[#  14]
          +0.058*[#   6]+0.058*[#   8]+0.058*[#  10]+0.058*[#  11]+0.058*[#  15]
          +0.058*[#  16]
    |psi|^2 = 0.926

 k =   0.0000000000  0.1250000000 -0.5000000000
==== e(   1) =    -0.87543 eV ==== 
     psi = 0.113*[#   5]+0.113*[#   9]+0.113*[#  13]+0.110*[#   7]+0.110*[#  12]
          +0.110*[#  14]+0.104*[#   2]+0.104*[#   3]+0.104*[#   4]+0.003*[#   6]
          +0.003*[#   8]+0.003*[#  10]+0.003*[#  11]+0.003*[#  15]+0.003*[#  16]
          
    |psi|^2 = 0.999
==== e(   2) =    -0.87542 eV ==== 
     psi = 0.170*[#   1]+0.107*[#   6]+0.107*[#   8]+0.107*[#  10]+0.107*[#  11]
          +0.107*[#  15]+0.107*[#  16]+0.057*[#   5]+0.057*[#   9]+0.057*[#  13]
          +0.006*[#   2]+0.006*[#   3]+0.006*[#   4]
    |psi|^2 = 0.999
==== e(   3) =     5.58275 eV ==== 
     psi = 0.137*[#   7]+0.137*[#  12]+0.137*[#  14]+0.056*[#   5]+0.056*[#   9]
          +0.056*[#  13]+0.052*[#   6]+0.052*[#   8]+0.052*[#  10]+0.052*[#  11]
          +0.052*[#  15]+0.052*[#  16]+0.032*[#   2]+0.032*[#   3]+0.032*[#   4]
          
    |psi|^2 = 0.988
==== e(   4) =     5.58276 eV ==== 
     psi = 0.104*[#   2]+0.104*[#   3]+0.104*[#   4]+0.084*[#   6]+0.084*[#   8]
          +0.084*[#  10]+0.084*[#  11]+0.084*[#  15]+0.084*[#  16]+0.084*[#   1]
          +0.028*[#   5]+0.028*[#   9]+0.028*[#  13]
    |psi|^2 = 0.988
==== e(   5) =     7.13077 eV ==== 
     psi = 0.164*[#   7]+0.164*[#  12]+0.164*[#  14]+0.082*[#   6]+0.082*[#   8]
          +0.082*[#  10]+0.082*[#  11]+0.082*[#  15]+0.082*[#  16]
    |psi|^2 = 0.982
==== e(   6) =     7.13078 eV ==== 
     psi = 0.164*[#   2]+0.164*[#   3]+0.164*[#   4]+0.082*[#   6]+0.082*[#   8]
          +0.082*[#  10]+0.082*[#  11]+0.082*[#  15]+0.082*[#  16]
    |psi|^2 = 0.982
==== e(   7) =     8.53365 eV ==== 
     psi = 0.124*[#   5]+0.124*[#   9]+0.124*[#  13]+0.094*[#   7]+0.094*[#  12]
          +0.094*[#  14]+0.092*[#   2]+0.092*[#   3]+0.092*[#   4]
    |psi|^2 = 0.937
==== e(   8) =     8.53365 eV ==== 
     psi = 0.186*[#   1]+0.093*[#   6]+0.093*[#   8]+0.093*[#  10]+0.093*[#  11]
          +0.093*[#  15]+0.093*[#  16]+0.062*[#   5]+0.062*[#   9]+0.062*[#  13]
          +0.002*[#   2]+0.002*[#   3]+0.002*[#   4]
    |psi|^2 = 0.937
==== e(   9) =    10.19177 eV ==== 
     psi = 0.148*[#   5]+0.148*[#   9]+0.148*[#  13]+0.085*[#   7]+0.085*[#  12]
          +0.085*[#  14]+0.028*[#   2]+0.028*[#   3]+0.028*[#   4]+0.028*[#   6]
          +0.028*[#   8]+0.028*[#  10]+0.028*[#  11]+0.028*[#  15]+0.028*[#  16]
          
    |psi|^2 = 0.952
==== e(  10) =    10.19179 eV ==== 
     psi = 0.222*[#   1]+0.074*[#   5]+0.074*[#   9]+0.074*[#  13]+0.057*[#   6]
          +0.057*[#   8]+0.057*[#  10]+0.057*[#  11]+0.057*[#  15]+0.057*[#  16]
          +0.056*[#   2]+0.056*[#   3]+0.056*[#   4]
    |psi|^2 = 0.952

 k =   0.0000000000  0.2500000000  0.2500000000
==== e(   1) =    -2.12962 eV ==== 
     psi = 0.116*[#   1]+0.116*[#   5]+0.116*[#   9]+0.116*[#  13]+0.044*[#   2]
          +0.044*[#   3]+0.044*[#   4]+0.044*[#   6]+0.044*[#   7]+0.044*[#   8]
          +0.044*[#  10]+0.044*[#  11]+0.044*[#  12]+0.044*[#  14]+0.044*[#  15]
          +0.044*[#  16]
    |psi|^2 = 0.999
==== e(   2) =     2.27371 eV ==== 
     psi = 0.097*[#   5]+0.097*[#   9]+0.097*[#  13]+0.095*[#   2]+0.095*[#   3]
          +0.095*[#   4]+0.059*[#   6]+0.059*[#   8]+0.059*[#  10]+0.059*[#  11]
          +0.059*[#  15]+0.059*[#  16]+0.023*[#   7]+0.023*[#  12]+0.023*[#  14]
          
    |psi|^2 = 0.995
==== e(   3) =     2.27372 eV ==== 
     psi = 0.145*[#   1]+0.095*[#   7]+0.095*[#  12]+0.095*[#  14]+0.059*[#   6]
          +0.059*[#   8]+0.059*[#  10]+0.059*[#  11]+0.059*[#  15]+0.059*[#  16]
          +0.048*[#   5]+0.048*[#   9]+0.048*[#  13]+0.023*[#   2]+0.023*[#   3]
          +0.023*[#   4]
    |psi|^2 = 0.995
==== e(   4) =     5.96471 eV ==== 
     psi = 0.083*[#   2]+0.083*[#   3]+0.083*[#   4]+0.083*[#   6]+0.083*[#   7]
          +0.083*[#   8]+0.083*[#  10]+0.083*[#  11]+0.083*[#  12]+0.083*[#  14]
          +0.083*[#  15]+0.083*[#  16]
    |psi|^2 = 0.993
==== e(   5) =     6.48927 eV ==== 
     psi = 0.077*[#   2]+0.077*[#   3]+0.077*[#   4]+0.077*[#   6]+0.077*[#   7]
          +0.077*[#   8]+0.077*[#  10]+0.077*[#  11]+0.077*[#  12]+0.077*[#  14]
          +0.077*[#  15]+0.077*[#  16]+0.012*[#   1]+0.012*[#   5]+0.012*[#   9]
          +0.012*[#  13]
    |psi|^2 = 0.979
==== e(   6) =     7.43162 eV ==== 
     psi = 0.214*[#   1]+0.214*[#   5]+0.214*[#   9]+0.214*[#  13]+0.003*[#   2]
          +0.003*[#   3]+0.003*[#   4]+0.003*[#   6]+0.003*[#   7]+0.003*[#   8]
          +0.003*[#  10]+0.003*[#  11]+0.003*[#  12]+0.003*[#  14]+0.003*[#  15]
          +0.003*[#  16]
    |psi|^2 = 0.897
==== e(   7) =    10.11950 eV ==== 
     psi = 0.147*[#   6]+0.147*[#   8]+0.147*[#  10]+0.147*[#  11]+0.147*[#  15]
          +0.147*[#  16]
    |psi|^2 = 0.884
==== e(   8) =    10.11952 eV ==== 
     psi = 0.147*[#   2]+0.147*[#   3]+0.147*[#   4]+0.147*[#   7]+0.147*[#  12]
          +0.147*[#  14]
    |psi|^2 = 0.884
==== e(   9) =    10.83093 eV ==== 
     psi = 0.109*[#   7]+0.109*[#  12]+0.109*[#  14]+0.056*[#   6]+0.056*[#   8]
          +0.056*[#  10]+0.056*[#  11]+0.056*[#  15]+0.056*[#  16]+0.041*[#   5]
          +0.041*[#   9]+0.041*[#  13]+0.002*[#   2]+0.002*[#   3]+0.002*[#   4]
          
    |psi|^2 = 0.790
==== e(  10) =    10.83094 eV ==== 
     psi = 0.109*[#   2]+0.109*[#   3]+0.109*[#   4]+0.061*[#   1]+0.056*[#   6]
          +0.056*[#   8]+0.056*[#  10]+0.056*[#  11]+0.056*[#  15]+0.056*[#  16]
          +0.020*[#   5]+0.020*[#   9]+0.020*[#  13]+0.002*[#   7]+0.002*[#  12]
          +0.002*[#  14]
    |psi|^2 = 0.790

 k =   0.0000000000  0.2500000000  0.3750000000
==== e(   1) =    -1.43140 eV ==== 
     psi = 0.096*[#   1]+0.096*[#   5]+0.096*[#   9]+0.096*[#  13]+0.051*[#   2]
          +0.051*[#   3]+0.051*[#   4]+0.051*[#   6]+0.051*[#   7]+0.051*[#   8]
          +0.051*[#  10]+0.051*[#  11]+0.051*[#  12]+0.051*[#  14]+0.051*[#  15]
          +0.051*[#  16]
    |psi|^2 = 0.999
==== e(   2) =     0.77889 eV ==== 
     psi = 0.076*[#   1]+0.076*[#   5]+0.076*[#   9]+0.076*[#  13]+0.058*[#   2]
          +0.058*[#   3]+0.058*[#   4]+0.058*[#   6]+0.058*[#   7]+0.058*[#   8]
          +0.058*[#  10]+0.058*[#  11]+0.058*[#  12]+0.058*[#  14]+0.058*[#  15]
          +0.058*[#  16]
    |psi|^2 = 0.998
==== e(   3) =     2.95012 eV ==== 
     psi = 0.069*[#   1]+0.069*[#   5]+0.069*[#   9]+0.069*[#  13]+0.060*[#   2]
          +0.060*[#   3]+0.060*[#   4]+0.060*[#   6]+0.060*[#   7]+0.060*[#   8]
          +0.060*[#  10]+0.060*[#  11]+0.060*[#  12]+0.060*[#  14]+0.060*[#  15]
          +0.060*[#  16]
    |psi|^2 = 0.995
==== e(   4) =     5.08702 eV ==== 
     psi = 0.066*[#   2]+0.066*[#   3]+0.066*[#   4]+0.066*[#   6]+0.066*[#   7]
          +0.066*[#   8]+0.066*[#  10]+0.066*[#  11]+0.066*[#  12]+0.066*[#  14]
          +0.066*[#  15]+0.066*[#  16]+0.051*[#   1]+0.051*[#   5]+0.051*[#   9]
          +0.051*[#  13]
    |psi|^2 = 0.990
==== e(   5) =     6.61219 eV ==== 
     psi = 0.082*[#   2]+0.082*[#   3]+0.082*[#   4]+0.082*[#   6]+0.082*[#   7]
          +0.082*[#   8]+0.082*[#  10]+0.082*[#  11]+0.082*[#  12]+0.082*[#  14]
          +0.082*[#  15]+0.082*[#  16]
    |psi|^2 = 0.988
==== e(   6) =     8.05905 eV ==== 
     psi = 0.168*[#   1]+0.168*[#   5]+0.168*[#   9]+0.168*[#  13]+0.020*[#   2]
          +0.020*[#   3]+0.020*[#   4]+0.020*[#   6]+0.020*[#   7]+0.020*[#   8]
          +0.020*[#  10]+0.020*[#  11]+0.020*[#  12]+0.020*[#  14]+0.020*[#  15]
          +0.020*[#  16]
    |psi|^2 = 0.909
==== e(   7) =     8.68878 eV ==== 
     psi = 0.079*[#   2]+0.079*[#   3]+0.079*[#   4]+0.079*[#   6]+0.079*[#   7]
          +0.079*[#   8]+0.079*[#  10]+0.079*[#  11]+0.079*[#  12]+0.079*[#  14]
          +0.079*[#  15]+0.079*[#  16]
    |psi|^2 = 0.952
==== e(   8) =    10.11746 eV ==== 
     psi = 0.073*[#   1]+0.073*[#   5]+0.073*[#   9]+0.073*[#  13]+0.053*[#   2]
          +0.053*[#   3]+0.053*[#   4]+0.053*[#   6]+0.053*[#   7]+0.053*[#   8]
          +0.053*[#  10]+0.053*[#  11]+0.053*[#  12]+0.053*[#  14]+0.053*[#  15]
          +0.053*[#  16]
    |psi|^2 = 0.924
==== e(   9) =    10.76974 eV ==== 
     psi = 0.073*[#   2]+0.073*[#   3]+0.073*[#   4]+0.073*[#   6]+0.073*[#   8]
          +0.073*[#  10]+0.073*[#  11]+0.073*[#  15]+0.073*[#  16]+0.073*[#   7]
          +0.073*[#  12]+0.073*[#  14]
    |psi|^2 = 0.873
==== e(  10) =    11.69397 eV ==== 
     psi = 0.102*[#   1]+0.102*[#   5]+0.102*[#   9]+0.102*[#  13]+0.040*[#   2]
          +0.040*[#   3]+0.040*[#   4]+0.040*[#   6]+0.040*[#   7]+0.040*[#   8]
          +0.040*[#  10]+0.040*[#  11]+0.040*[#  12]+0.040*[#  14]+0.040*[#  15]
          +0.040*[#  16]
    |psi|^2 = 0.894

 k =   0.0000000000  0.2500000000 -0.5000000000
==== e(   1) =    -0.45978 eV ==== 
     psi = 0.111*[#   7]+0.111*[#  12]+0.111*[#  14]+0.110*[#   5]+0.110*[#   9]
          +0.110*[#  13]+0.090*[#   2]+0.090*[#   3]+0.090*[#   4]+0.010*[#   6]
          +0.010*[#   8]+0.010*[#  10]+0.010*[#  11]+0.010*[#  15]+0.010*[#  16]
          
    |psi|^2 = 0.999
==== e(   2) =    -0.45977 eV ==== 
     psi = 0.166*[#   1]+0.101*[#   6]+0.101*[#   8]+0.101*[#  10]+0.101*[#  11]
          +0.101*[#  15]+0.101*[#  16]+0.055*[#   5]+0.055*[#   9]+0.055*[#  13]
          +0.021*[#   2]+0.021*[#   3]+0.021*[#   4]
    |psi|^2 = 0.999
==== e(   3) =     3.89105 eV ==== 
     psi = 0.123*[#   7]+0.123*[#  12]+0.123*[#  14]+0.084*[#   5]+0.084*[#   9]
          +0.084*[#  13]+0.043*[#   6]+0.043*[#   8]+0.043*[#  10]+0.043*[#  11]
          +0.043*[#  15]+0.043*[#  16]+0.037*[#   2]+0.037*[#   3]+0.037*[#   4]
          
    |psi|^2 = 0.994
==== e(   4) =     3.89106 eV ==== 
     psi = 0.127*[#   1]+0.086*[#   2]+0.086*[#   3]+0.086*[#   4]+0.080*[#   6]
          +0.080*[#   8]+0.080*[#  10]+0.080*[#  11]+0.080*[#  15]+0.080*[#  16]
          +0.042*[#   5]+0.042*[#   9]+0.042*[#  13]
    |psi|^2 = 0.994
==== e(   5) =     7.51989 eV ==== 
     psi = 0.163*[#   7]+0.163*[#  12]+0.163*[#  14]+0.081*[#   6]+0.081*[#   8]
          +0.081*[#  10]+0.081*[#  11]+0.081*[#  15]+0.081*[#  16]
    |psi|^2 = 0.978
==== e(   6) =     7.51990 eV ==== 
     psi = 0.163*[#   2]+0.163*[#   3]+0.163*[#   4]+0.081*[#   6]+0.081*[#   8]
          +0.081*[#  10]+0.081*[#  11]+0.081*[#  15]+0.081*[#  16]
    |psi|^2 = 0.978
==== e(   7) =     8.98079 eV ==== 
     psi = 0.173*[#   5]+0.173*[#   9]+0.173*[#  13]+0.068*[#   7]+0.068*[#  12]
          +0.068*[#  14]+0.067*[#   2]+0.067*[#   3]+0.067*[#   4]
    |psi|^2 = 0.927
==== e(   8) =     8.98080 eV ==== 
     psi = 0.259*[#   1]+0.086*[#   5]+0.086*[#   9]+0.086*[#  13]+0.068*[#   6]
          +0.068*[#   8]+0.068*[#  10]+0.068*[#  11]+0.068*[#  15]+0.068*[#  16]
          +0.001*[#   2]+0.001*[#   3]+0.001*[#   4]
    |psi|^2 = 0.928
==== e(   9) =    11.67932 eV ==== 
     psi = 0.115*[#   7]+0.115*[#  12]+0.115*[#  14]+0.071*[#   6]+0.071*[#   8]
          +0.071*[#  10]+0.071*[#  11]+0.071*[#  15]+0.071*[#  16]+0.027*[#   2]
          +0.027*[#   3]+0.027*[#   4]
    |psi|^2 = 0.852
==== e(  10) =    11.67933 eV ==== 
     psi = 0.115*[#   2]+0.115*[#   3]+0.115*[#   4]+0.071*[#   6]+0.071*[#   8]
          +0.071*[#  10]+0.071*[#  11]+0.071*[#  15]+0.071*[#  16]+0.027*[#   7]
          +0.027*[#  12]+0.027*[#  14]
    |psi|^2 = 0.852

 k =   0.0000000000  0.3750000000  0.3750000000
==== e(   1) =    -0.73660 eV ==== 
     psi = 0.088*[#   1]+0.088*[#   5]+0.088*[#   9]+0.088*[#  13]+0.054*[#   2]
          +0.054*[#   3]+0.054*[#   4]+0.054*[#   6]+0.054*[#   7]+0.054*[#   8]
          +0.054*[#  10]+0.054*[#  11]+0.054*[#  12]+0.054*[#  14]+0.054*[#  15]
          +0.054*[#  16]
    |psi|^2 = 0.999
==== e(   2) =     1.46300 eV ==== 
     psi = 0.109*[#   2]+0.109*[#   3]+0.109*[#   4]+0.100*[#   5]+0.100*[#   9]
          +0.100*[#  13]+0.058*[#   6]+0.058*[#   8]+0.058*[#  10]+0.058*[#  11]
          +0.058*[#  15]+0.058*[#  16]+0.008*[#   7]+0.008*[#  12]+0.008*[#  14]
          
    |psi|^2 = 0.997
==== e(   3) =     1.46301 eV ==== 
     psi = 0.150*[#   1]+0.109*[#   7]+0.109*[#  12]+0.109*[#  14]+0.058*[#   6]
          +0.058*[#   8]+0.058*[#  10]+0.058*[#  11]+0.058*[#  15]+0.058*[#  16]
          +0.050*[#   5]+0.050*[#   9]+0.050*[#  13]+0.008*[#   2]+0.008*[#   3]
          +0.008*[#   4]
    |psi|^2 = 0.997
==== e(   4) =     3.62799 eV ==== 
     psi = 0.066*[#   1]+0.066*[#   5]+0.066*[#   9]+0.066*[#  13]+0.061*[#   2]
          +0.061*[#   3]+0.061*[#   4]+0.061*[#   6]+0.061*[#   7]+0.061*[#   8]
          +0.061*[#  10]+0.061*[#  11]+0.061*[#  12]+0.061*[#  14]+0.061*[#  15]
          +0.061*[#  16]
    |psi|^2 = 0.994
==== e(   5) =     7.26035 eV ==== 
     psi = 0.082*[#   2]+0.082*[#   3]+0.082*[#   4]+0.082*[#   6]+0.082*[#   7]
          +0.082*[#   8]+0.082*[#  10]+0.082*[#  11]+0.082*[#  12]+0.082*[#  14]
          +0.082*[#  15]+0.082*[#  16]
    |psi|^2 = 0.982
==== e(   6) =     8.72832 eV ==== 
     psi = 0.163*[#   1]+0.163*[#   5]+0.163*[#   9]+0.163*[#  13]+0.021*[#   2]
          +0.021*[#   3]+0.021*[#   4]+0.021*[#   6]+0.021*[#   7]+0.021*[#   8]
          +0.021*[#  10]+0.021*[#  11]+0.021*[#  12]+0.021*[#  14]+0.021*[#  15]
          +0.021*[#  16]
    |psi|^2 = 0.901
==== e(   7) =     9.33850 eV ==== 
     psi = 0.156*[#   6]+0.156*[#   8]+0.156*[#  10]+0.156*[#  11]+0.156*[#  15]
          +0.156*[#  16]
    |psi|^2 = 0.942
==== e(   8) =     9.33851 eV ==== 
     psi = 0.156*[#   2]+0.156*[#   3]+0.156*[#   4]+0.157*[#   7]+0.157*[#  12]
          +0.157*[#  14]
    |psi|^2 = 0.942
==== e(   9) =    10.81497 eV ==== 
     psi = 0.135*[#   5]+0.135*[#   9]+0.135*[#  13]+0.051*[#   1]+0.047*[#   2]
          +0.047*[#   3]+0.047*[#   4]+0.039*[#   6]+0.039*[#   8]+0.039*[#  10]
          +0.039*[#  11]+0.039*[#  15]+0.039*[#  16]+0.031*[#   7]+0.031*[#  12]
          +0.031*[#  14]
    |psi|^2 = 0.922
==== e(  10) =    10.81500 eV ==== 
     psi = 0.177*[#   1]+0.093*[#   5]+0.093*[#   9]+0.093*[#  13]+0.047*[#   7]
          +0.047*[#  12]+0.047*[#  14]+0.039*[#   6]+0.039*[#   8]+0.039*[#  10]
          +0.039*[#  11]+0.039*[#  15]+0.039*[#  16]+0.031*[#   2]+0.031*[#   3]
          +0.031*[#   4]
    |psi|^2 = 0.922

 k =   0.0000000000  0.3750000000 -0.5000000000
==== e(   1) =     0.23035 eV ==== 
     psi = 0.113*[#   7]+0.113*[#  12]+0.113*[#  14]+0.107*[#   5]+0.107*[#   9]
          +0.107*[#  13]+0.073*[#   2]+0.073*[#   3]+0.073*[#   4]+0.020*[#   6]
          +0.020*[#   8]+0.020*[#  10]+0.020*[#  11]+0.020*[#  15]+0.020*[#  16]
          
    |psi|^2 = 0.998
==== e(   2) =     0.23036 eV ==== 
     psi = 0.161*[#   1]+0.093*[#   6]+0.093*[#   8]+0.093*[#  10]+0.093*[#  11]
          +0.093*[#  15]+0.093*[#  16]+0.054*[#   5]+0.054*[#   9]+0.054*[#  13]
          +0.039*[#   2]+0.039*[#   3]+0.039*[#   4]
    |psi|^2 = 0.998
==== e(   3) =     2.41505 eV ==== 
     psi = 0.117*[#   7]+0.117*[#  12]+0.117*[#  14]+0.097*[#   5]+0.097*[#   9]
          +0.097*[#  13]+0.045*[#   2]+0.045*[#   3]+0.045*[#   4]+0.036*[#   6]
          +0.036*[#   8]+0.036*[#  10]+0.036*[#  11]+0.036*[#  15]+0.036*[#  16]
          
    |psi|^2 = 0.996
==== e(   4) =     2.41506 eV ==== 
     psi = 0.146*[#   1]+0.081*[#   6]+0.081*[#   8]+0.081*[#  10]+0.081*[#  11]
          +0.081*[#  15]+0.081*[#  16]+0.073*[#   2]+0.073*[#   3]+0.073*[#   4]
          +0.049*[#   5]+0.049*[#   9]+0.049*[#  13]
    |psi|^2 = 0.996
==== e(   5) =     8.16887 eV ==== 
     psi = 0.162*[#   7]+0.162*[#  12]+0.162*[#  14]+0.081*[#   6]+0.081*[#   8]
          +0.081*[#  10]+0.081*[#  11]+0.081*[#  15]+0.081*[#  16]
    |psi|^2 = 0.970
==== e(   6) =     8.16888 eV ==== 
     psi = 0.162*[#   2]+0.162*[#   3]+0.162*[#   4]+0.081*[#   6]+0.081*[#   8]
          +0.081*[#  10]+0.081*[#  11]+0.081*[#  15]+0.081*[#  16]
    |psi|^2 = 0.970
==== e(   7) =     9.65461 eV ==== 
     psi = 0.196*[#   5]+0.196*[#   9]+0.196*[#  13]+0.053*[#   7]+0.053*[#  12]
          +0.053*[#  14]+0.045*[#   2]+0.045*[#   3]+0.045*[#   4]+0.004*[#   6]
          +0.004*[#   8]+0.004*[#  10]+0.004*[#  11]+0.004*[#  15]+0.004*[#  16]
          
    |psi|^2 = 0.911
==== e(   8) =     9.65462 eV ==== 
     psi = 0.295*[#   1]+0.098*[#   5]+0.098*[#   9]+0.098*[#  13]+0.049*[#   6]
          +0.049*[#   8]+0.049*[#  10]+0.049*[#  11]+0.049*[#  15]+0.049*[#  16]
          +0.009*[#   2]+0.009*[#   3]+0.009*[#   4]
    |psi|^2 = 0.911
==== e(   9) =    10.24836 eV ==== 
     psi = 0.154*[#   7]+0.154*[#  12]+0.154*[#  14]+0.077*[#   6]+0.077*[#   8]
          +0.077*[#  10]+0.077*[#  11]+0.077*[#  15]+0.077*[#  16]
    |psi|^2 = 0.923
==== e(  10) =    10.24837 eV ==== 
     psi = 0.154*[#   2]+0.154*[#   3]+0.154*[#   4]+0.077*[#   6]+0.077*[#   8]
          +0.077*[#  10]+0.077*[#  11]+0.077*[#  15]+0.077*[#  16]
    |psi|^2 = 0.923

 k =   0.0000000000 -0.5000000000 -0.5000000000
==== e(   1) =     1.19081 eV ==== 
     psi = 0.229*[#   7]+0.229*[#  12]+0.229*[#  14]+0.103*[#   5]+0.103*[#   9]
          +0.103*[#  13]
    |psi|^2 = 0.997
==== e(   2) =     1.19082 eV ==== 
     psi = 0.115*[#   2]+0.115*[#   3]+0.115*[#   4]+0.103*[#   5]+0.103*[#   9]
          +0.103*[#  13]+0.057*[#   6]+0.057*[#   8]+0.057*[#  10]+0.057*[#  11]
          +0.057*[#  15]+0.057*[#  16]
    |psi|^2 = 0.997
==== e(   3) =     1.19082 eV ==== 
     psi = 0.115*[#   2]+0.115*[#   3]+0.115*[#   4]+0.103*[#   5]+0.103*[#   9]
          +0.103*[#  13]+0.057*[#   6]+0.057*[#   8]+0.057*[#  10]+0.057*[#  11]
          +0.057*[#  15]+0.057*[#  16]
    |psi|^2 = 0.997
==== e(   4) =     1.19083 eV ==== 
     psi = 0.310*[#   1]+0.115*[#   6]+0.115*[#   8]+0.115*[#  10]+0.115*[#  11]
          +0.115*[#  15]+0.115*[#  16]
    |psi|^2 = 0.997
==== e(   5) =     9.07821 eV ==== 
     psi = 0.311*[#   7]+0.311*[#  12]+0.311*[#  14]+0.003*[#   6]+0.003*[#   8]
          +0.003*[#  10]+0.003*[#  11]+0.003*[#  15]+0.003*[#  16]
    |psi|^2 = 0.954
==== e(   6) =     9.07821 eV ==== 
     psi = 0.158*[#   6]+0.158*[#   8]+0.158*[#  10]+0.158*[#  11]+0.158*[#  15]
          +0.158*[#  16]+0.001*[#   7]+0.001*[#  12]+0.001*[#  14]
    |psi|^2 = 0.954
==== e(   7) =     9.07821 eV ==== 
     psi = 0.156*[#   6]+0.156*[#   8]+0.156*[#  10]+0.156*[#  11]+0.156*[#  15]
          +0.156*[#  16]+0.006*[#   7]+0.006*[#  12]+0.006*[#  14]
    |psi|^2 = 0.954
==== e(   8) =     9.07823 eV ==== 
     psi = 0.318*[#   2]+0.318*[#   3]+0.318*[#   4]
    |psi|^2 = 0.954
==== e(   9) =    10.57493 eV ==== 
     psi = 0.202*[#   5]+0.202*[#   9]+0.202*[#  13]+0.070*[#   7]+0.070*[#  12]
          +0.070*[#  14]+0.012*[#   2]+0.012*[#   3]+0.012*[#   4]+0.008*[#   1]
          +0.007*[#   6]+0.007*[#   8]+0.007*[#  10]+0.007*[#  11]+0.007*[#  15]
          +0.007*[#  16]
    |psi|^2 = 0.902
==== e(  10) =    10.57494 eV ==== 
     psi = 0.179*[#   1]+0.145*[#   5]+0.145*[#   9]+0.145*[#  13]+0.031*[#   2]
          +0.031*[#   3]+0.031*[#   4]+0.029*[#   6]+0.029*[#   8]+0.029*[#  10]
          +0.029*[#  11]+0.029*[#  15]+0.029*[#  16]+0.006*[#   7]+0.006*[#  12]
          +0.006*[#  14]
    |psi|^2 = 0.902

 k =   0.1250000000  0.1250000000  0.1250000000
==== e(   1) =    -2.83131 eV ==== 
     psi = 0.166*[#   1]+0.166*[#   5]+0.166*[#   9]+0.166*[#  13]+0.028*[#   2]
          +0.028*[#   3]+0.028*[#   4]+0.028*[#   6]+0.028*[#   7]+0.028*[#   8]
          +0.028*[#  10]+0.028*[#  11]+0.028*[#  12]+0.028*[#  14]+0.028*[#  15]
          +0.028*[#  16]
    |psi|^2 = 0.999
==== e(   2) =     3.72647 eV ==== 
     psi = 0.087*[#   5]+0.087*[#   9]+0.087*[#  13]+0.077*[#   2]+0.077*[#   3]
          +0.077*[#   4]+0.062*[#   6]+0.062*[#   8]+0.062*[#  10]+0.062*[#  11]
          +0.062*[#  15]+0.062*[#  16]+0.042*[#   7]+0.042*[#  12]+0.042*[#  14]
          
    |psi|^2 = 0.988
==== e(   3) =     3.72647 eV ==== 
     psi = 0.087*[#   5]+0.087*[#   9]+0.087*[#  13]+0.077*[#   2]+0.077*[#   3]
          +0.077*[#   4]+0.062*[#   6]+0.062*[#   8]+0.062*[#  10]+0.062*[#  11]
          +0.062*[#  15]+0.062*[#  16]+0.042*[#   7]+0.042*[#  12]+0.042*[#  14]
          
    |psi|^2 = 0.988
==== e(   4) =     3.72648 eV ==== 
     psi = 0.195*[#   1]+0.098*[#   7]+0.098*[#  12]+0.098*[#  14]+0.058*[#   6]
          +0.058*[#   8]+0.058*[#  10]+0.058*[#  11]+0.058*[#  15]+0.058*[#  16]
          +0.028*[#   2]+0.028*[#   3]+0.028*[#   4]+0.022*[#   5]+0.022*[#   9]
          +0.022*[#  13]
    |psi|^2 = 0.988
==== e(   5) =     8.21038 eV ==== 
     psi = 0.153*[#   5]+0.153*[#   9]+0.153*[#  13]+0.050*[#   7]+0.050*[#  12]
          +0.050*[#  14]+0.038*[#   6]+0.038*[#   8]+0.038*[#  10]+0.038*[#  11]
          +0.038*[#  15]+0.038*[#  16]+0.007*[#   2]+0.007*[#   3]+0.007*[#   4]
          
    |psi|^2 = 0.859
==== e(   6) =     8.21038 eV ==== 
     psi = 0.153*[#   5]+0.153*[#   9]+0.153*[#  13]+0.050*[#   7]+0.050*[#  12]
          +0.050*[#  14]+0.038*[#   6]+0.038*[#   8]+0.038*[#  10]+0.038*[#  11]
          +0.038*[#  15]+0.038*[#  16]+0.007*[#   2]+0.007*[#   3]+0.007*[#   4]
          
    |psi|^2 = 0.859
==== e(   7) =     8.21040 eV ==== 
     psi = 0.343*[#   1]+0.087*[#   2]+0.087*[#   3]+0.087*[#   4]+0.038*[#   5]
          +0.038*[#   9]+0.038*[#  13]+0.024*[#   6]+0.024*[#   8]+0.024*[#  10]
          +0.024*[#  11]+0.024*[#  15]+0.024*[#  16]
    |psi|^2 = 0.859
==== e(   8) =    10.04308 eV ==== 
     psi = 0.091*[#   6]+0.091*[#   8]+0.091*[#  10]+0.091*[#  11]+0.091*[#  15]
          +0.091*[#  16]+0.049*[#   5]+0.049*[#   9]+0.049*[#  13]+0.036*[#   2]
          +0.036*[#   3]+0.036*[#   4]+0.025*[#   7]+0.025*[#  12]+0.025*[#  14]
          
    |psi|^2 = 0.878
==== e(   9) =    10.04308 eV ==== 
     psi = 0.091*[#   6]+0.091*[#   8]+0.091*[#  10]+0.091*[#  11]+0.091*[#  15]
          +0.091*[#  16]+0.049*[#   5]+0.049*[#   9]+0.049*[#  13]+0.037*[#   2]
          +0.037*[#   3]+0.037*[#   4]+0.025*[#   7]+0.025*[#  12]+0.025*[#  14]
          
    |psi|^2 = 0.878
==== e(  10) =    10.04309 eV ==== 
     psi = 0.133*[#   7]+0.133*[#  12]+0.133*[#  14]+0.110*[#   2]+0.110*[#   3]
          +0.110*[#   4]+0.109*[#   1]+0.012*[#   5]+0.012*[#   9]+0.012*[#  13]
          
    |psi|^2 = 0.878

 k =   0.1250000000  0.1250000000  0.2500000000
==== e(   1) =    -2.40987 eV ==== 
     psi = 0.130*[#   1]+0.130*[#   5]+0.130*[#   9]+0.130*[#  13]+0.040*[#   2]
          +0.040*[#   3]+0.040*[#   4]+0.040*[#   6]+0.040*[#   7]+0.040*[#   8]
          +0.040*[#  10]+0.040*[#  11]+0.040*[#  12]+0.040*[#  14]+0.040*[#  15]
          +0.040*[#  16]
    |psi|^2 = 0.999
==== e(   2) =     2.00224 eV ==== 
     psi = 0.074*[#   1]+0.074*[#   5]+0.074*[#   9]+0.074*[#  13]+0.058*[#   2]
          +0.058*[#   3]+0.058*[#   4]+0.058*[#   6]+0.058*[#   7]+0.058*[#   8]
          +0.058*[#  10]+0.058*[#  11]+0.058*[#  12]+0.058*[#  14]+0.058*[#  15]
          +0.058*[#  16]
    |psi|^2 = 0.995
==== e(   3) =     4.12669 eV ==== 
     psi = 0.081*[#   5]+0.081*[#   9]+0.081*[#  13]+0.072*[#   2]+0.072*[#   3]
          +0.072*[#   4]+0.067*[#   6]+0.067*[#   8]+0.067*[#  10]+0.067*[#  11]
          +0.067*[#  15]+0.067*[#  16]+0.042*[#   7]+0.042*[#  12]+0.042*[#  14]
          
    |psi|^2 = 0.989
==== e(   4) =     4.12670 eV ==== 
     psi = 0.121*[#   1]+0.082*[#   7]+0.082*[#  12]+0.082*[#  14]+0.057*[#   6]
          +0.057*[#   8]+0.057*[#  10]+0.057*[#  11]+0.057*[#  15]+0.057*[#  16]
          +0.052*[#   2]+0.052*[#   3]+0.052*[#   4]+0.040*[#   5]+0.040*[#   9]
          +0.040*[#  13]
    |psi|^2 = 0.989
==== e(   5) =     8.25982 eV ==== 
     psi = 0.111*[#   6]+0.111*[#   8]+0.111*[#  10]+0.111*[#  11]+0.111*[#  15]
          +0.111*[#  16]+0.075*[#   7]+0.075*[#  12]+0.075*[#  14]+0.015*[#   2]
          +0.015*[#   3]+0.015*[#   4]
    |psi|^2 = 0.941
==== e(   6) =     8.25983 eV ==== 
     psi = 0.141*[#   2]+0.141*[#   3]+0.141*[#   4]+0.081*[#   7]+0.081*[#  12]
          +0.081*[#  14]+0.045*[#   6]+0.045*[#   8]+0.045*[#  10]+0.045*[#  11]
          +0.045*[#  15]+0.045*[#  16]
    |psi|^2 = 0.941
==== e(   7) =     8.73556 eV ==== 
     psi = 0.196*[#   5]+0.196*[#   9]+0.196*[#  13]+0.044*[#   2]+0.044*[#   3]
          +0.044*[#   4]+0.026*[#   6]+0.026*[#   8]+0.026*[#  10]+0.026*[#  11]
          +0.026*[#  15]+0.026*[#  16]+0.005*[#   7]+0.005*[#  12]+0.005*[#  14]
          
    |psi|^2 = 0.889
==== e(   8) =     8.73557 eV ==== 
     psi = 0.294*[#   1]+0.098*[#   5]+0.098*[#   9]+0.098*[#  13]+0.046*[#   7]
          +0.046*[#  12]+0.046*[#  14]+0.025*[#   6]+0.025*[#   8]+0.025*[#  10]
          +0.025*[#  11]+0.025*[#  15]+0.025*[#  16]+0.006*[#   2]+0.006*[#   3]
          +0.006*[#   4]
    |psi|^2 = 0.889
==== e(   9) =    10.33156 eV ==== 
     psi = 0.071*[#   2]+0.071*[#   3]+0.071*[#   4]+0.071*[#   6]+0.071*[#   7]
          +0.071*[#   8]+0.071*[#  10]+0.071*[#  11]+0.071*[#  12]+0.071*[#  14]
          +0.071*[#  15]+0.071*[#  16]
    |psi|^2 = 0.856
==== e(  10) =    10.76730 eV ==== 
     psi = 0.130*[#   1]+0.130*[#   5]+0.130*[#   9]+0.130*[#  13]+0.021*[#   2]
          +0.021*[#   3]+0.021*[#   4]+0.021*[#   6]+0.021*[#   7]+0.021*[#   8]
          +0.021*[#  10]+0.021*[#  11]+0.021*[#  12]+0.021*[#  14]+0.021*[#  15]
          +0.021*[#  16]
    |psi|^2 = 0.775

 k =   0.1250000000  0.1250000000  0.3750000000
==== e(   1) =    -1.71027 eV ==== 
     psi = 0.102*[#   1]+0.102*[#   5]+0.102*[#   9]+0.102*[#  13]+0.049*[#   2]
          +0.049*[#   3]+0.049*[#   4]+0.049*[#   6]+0.049*[#   7]+0.049*[#   8]
          +0.049*[#  10]+0.049*[#  11]+0.049*[#  12]+0.049*[#  14]+0.049*[#  15]
          +0.049*[#  16]
    |psi|^2 = 0.999
==== e(   2) =     0.50434 eV ==== 
     psi = 0.077*[#   1]+0.077*[#   5]+0.077*[#   9]+0.077*[#  13]+0.057*[#   2]
          +0.057*[#   3]+0.057*[#   4]+0.057*[#   6]+0.057*[#   7]+0.057*[#   8]
          +0.057*[#  10]+0.057*[#  11]+0.057*[#  12]+0.057*[#  14]+0.057*[#  15]
          +0.057*[#  16]
    |psi|^2 = 0.998
==== e(   3) =     4.78984 eV ==== 
     psi = 0.075*[#   6]+0.075*[#   8]+0.075*[#  10]+0.075*[#  11]+0.075*[#  15]
          +0.075*[#  16]+0.070*[#   5]+0.070*[#   9]+0.070*[#  13]+0.069*[#   2]
          +0.069*[#   3]+0.069*[#   4]+0.041*[#   7]+0.041*[#  12]+0.041*[#  14]
          
    |psi|^2 = 0.989
==== e(   4) =     4.78984 eV ==== 
     psi = 0.105*[#   1]+0.089*[#   7]+0.089*[#  12]+0.089*[#  14]+0.061*[#   2]
          +0.061*[#   3]+0.061*[#   4]+0.055*[#   6]+0.055*[#   8]+0.055*[#  10]
          +0.055*[#  11]+0.055*[#  15]+0.055*[#  16]+0.035*[#   5]+0.035*[#   9]
          +0.035*[#  13]
    |psi|^2 = 0.989
==== e(   5) =     6.91469 eV ==== 
     psi = 0.085*[#   6]+0.085*[#   8]+0.085*[#  10]+0.085*[#  11]+0.085*[#  15]
          +0.085*[#  16]+0.058*[#   5]+0.058*[#   9]+0.058*[#  13]+0.056*[#   7]
          +0.056*[#  12]+0.056*[#  14]+0.041*[#   2]+0.041*[#   3]+0.041*[#   4]
          
    |psi|^2 = 0.977
==== e(   6) =     6.91470 eV ==== 
     psi = 0.092*[#   2]+0.092*[#   3]+0.092*[#   4]+0.087*[#   1]+0.077*[#   7]
          +0.077*[#  12]+0.077*[#  14]+0.049*[#   6]+0.049*[#   8]+0.049*[#  10]
          +0.049*[#  11]+0.049*[#  15]+0.049*[#  16]+0.029*[#   5]+0.029*[#   9]
          +0.029*[#  13]
    |psi|^2 = 0.977
==== e(   7) =     9.29031 eV ==== 
     psi = 0.110*[#   5]+0.110*[#   9]+0.110*[#  13]+0.069*[#   6]+0.069*[#   8]
          +0.069*[#  10]+0.069*[#  11]+0.069*[#  15]+0.069*[#  16]+0.030*[#   2]
          +0.030*[#   3]+0.030*[#   4]+0.023*[#   7]+0.023*[#  12]+0.023*[#  14]
          
    |psi|^2 = 0.903
==== e(   8) =     9.29032 eV ==== 
     psi = 0.165*[#   1]+0.073*[#   7]+0.073*[#  12]+0.073*[#  14]+0.065*[#   2]
          +0.065*[#   3]+0.065*[#   4]+0.055*[#   5]+0.055*[#   9]+0.055*[#  13]
          +0.027*[#   6]+0.027*[#   8]+0.027*[#  10]+0.027*[#  11]+0.027*[#  15]
          +0.027*[#  16]
    |psi|^2 = 0.903
==== e(   9) =    11.05317 eV ==== 
     psi = 0.063*[#   7]+0.063*[#  12]+0.063*[#  14]+0.063*[#   2]+0.063*[#   3]
          +0.063*[#   4]+0.063*[#   6]+0.063*[#   8]+0.063*[#  10]+0.063*[#  11]
          +0.063*[#  15]+0.063*[#  16]+0.028*[#   5]+0.028*[#   9]+0.028*[#  13]
          +0.028*[#   1]
    |psi|^2 = 0.863
==== e(  10) =    11.44320 eV ==== 
     psi = 0.080*[#   5]+0.080*[#   9]+0.080*[#  13]+0.073*[#   6]+0.073*[#   8]
          +0.073*[#  10]+0.073*[#  11]+0.073*[#  15]+0.073*[#  16]+0.046*[#   7]
          +0.046*[#  12]+0.046*[#  14]+0.031*[#   2]+0.031*[#   3]+0.031*[#   4]
          +0.021*[#   1]
    |psi|^2 = 0.930

 k =   0.1250000000  0.1250000000 -0.5000000000
==== e(   1) =    -0.73675 eV ==== 
     psi = 0.113*[#   5]+0.113*[#   9]+0.113*[#  13]+0.110*[#   7]+0.110*[#  12]
          +0.110*[#  14]+0.099*[#   2]+0.099*[#   3]+0.099*[#   4]+0.005*[#   6]
          +0.005*[#   8]+0.005*[#  10]+0.005*[#  11]+0.005*[#  15]+0.005*[#  16]
          
    |psi|^2 = 0.999
==== e(   2) =    -0.73674 eV ==== 
     psi = 0.169*[#   1]+0.105*[#   6]+0.105*[#   8]+0.105*[#  10]+0.105*[#  11]
          +0.105*[#  15]+0.105*[#  16]+0.056*[#   5]+0.056*[#   9]+0.056*[#  13]
          +0.011*[#   2]+0.011*[#   3]+0.011*[#   4]
    |psi|^2 = 0.999
==== e(   3) =     5.60185 eV ==== 
     psi = 0.165*[#   7]+0.165*[#  12]+0.165*[#  14]+0.056*[#   6]+0.056*[#   8]
          +0.056*[#  10]+0.056*[#  11]+0.056*[#  15]+0.056*[#  16]+0.053*[#   2]
          +0.053*[#   3]+0.053*[#   4]
    |psi|^2 = 0.989
==== e(   4) =     5.60186 eV ==== 
     psi = 0.111*[#   2]+0.111*[#   3]+0.111*[#   4]+0.109*[#   6]+0.109*[#   8]
          +0.109*[#  10]+0.109*[#  11]+0.109*[#  15]+0.109*[#  16]
    |psi|^2 = 0.989
==== e(   5) =     5.84918 eV ==== 
     psi = 0.135*[#   5]+0.135*[#   9]+0.135*[#  13]+0.096*[#   7]+0.096*[#  12]
          +0.096*[#  14]+0.048*[#   6]+0.048*[#   8]+0.048*[#  10]+0.048*[#  11]
          +0.048*[#  15]+0.048*[#  16]
    |psi|^2 = 0.984
==== e(   6) =     5.84920 eV ==== 
     psi = 0.203*[#   1]+0.096*[#   2]+0.096*[#   3]+0.096*[#   4]+0.068*[#   5]
          +0.068*[#   9]+0.068*[#  13]+0.048*[#   6]+0.048*[#   8]+0.048*[#  10]
          +0.048*[#  11]+0.048*[#  15]+0.048*[#  16]
    |psi|^2 = 0.984
==== e(   7) =     9.94530 eV ==== 
     psi = 0.076*[#   6]+0.076*[#   8]+0.076*[#  10]+0.076*[#  11]+0.076*[#  15]
          +0.076*[#  16]+0.072*[#   2]+0.072*[#   3]+0.072*[#   4]+0.069*[#   7]
          +0.069*[#  12]+0.069*[#  14]
    |psi|^2 = 0.884
==== e(   8) =     9.94531 eV ==== 
     psi = 0.078*[#   7]+0.078*[#  12]+0.078*[#  14]+0.075*[#   2]+0.075*[#   3]
          +0.075*[#   4]+0.071*[#   6]+0.071*[#   8]+0.071*[#  10]+0.071*[#  11]
          +0.071*[#  15]+0.071*[#  16]
    |psi|^2 = 0.884
==== e(   9) =    10.54530 eV ==== 
     psi = 0.192*[#   5]+0.192*[#   9]+0.192*[#  13]+0.067*[#   7]+0.067*[#  12]
          +0.067*[#  14]+0.033*[#   6]+0.033*[#   8]+0.033*[#  10]+0.033*[#  11]
          +0.033*[#  15]+0.033*[#  16]
    |psi|^2 = 0.977
==== e(  10) =    10.54533 eV ==== 
     psi = 0.288*[#   1]+0.096*[#   5]+0.096*[#   9]+0.096*[#  13]+0.066*[#   2]
          +0.066*[#   3]+0.066*[#   4]+0.033*[#   6]+0.033*[#   8]+0.033*[#  10]
          +0.033*[#  11]+0.033*[#  15]+0.033*[#  16]
    |psi|^2 = 0.977

 k =   0.1250000000  0.2500000000  0.2500000000
==== e(   1) =    -1.98971 eV ==== 
     psi = 0.113*[#   1]+0.113*[#   5]+0.113*[#   9]+0.113*[#  13]+0.046*[#   2]
          +0.046*[#   3]+0.046*[#   4]+0.046*[#   6]+0.046*[#   7]+0.046*[#   8]
          +0.046*[#  10]+0.046*[#  11]+0.046*[#  12]+0.046*[#  14]+0.046*[#  15]
          +0.046*[#  16]
    |psi|^2 = 0.999
==== e(   2) =     2.40924 eV ==== 
     psi = 0.097*[#   5]+0.097*[#   9]+0.097*[#  13]+0.092*[#   2]+0.092*[#   3]
          +0.092*[#   4]+0.060*[#   6]+0.060*[#   8]+0.060*[#  10]+0.060*[#  11]
          +0.060*[#  15]+0.060*[#  16]+0.023*[#   7]+0.023*[#  12]+0.023*[#  14]
          
    |psi|^2 = 0.995
==== e(   3) =     2.40925 eV ==== 
     psi = 0.146*[#   1]+0.094*[#   7]+0.094*[#  12]+0.094*[#  14]+0.057*[#   6]
          +0.057*[#   8]+0.057*[#  10]+0.057*[#  11]+0.057*[#  15]+0.057*[#  16]
          +0.049*[#   5]+0.049*[#   9]+0.049*[#  13]+0.025*[#   2]+0.025*[#   3]
          +0.025*[#   4]
    |psi|^2 = 0.995
==== e(   4) =     4.52408 eV ==== 
     psi = 0.063*[#   2]+0.063*[#   3]+0.063*[#   4]+0.063*[#   6]+0.063*[#   7]
          +0.063*[#   8]+0.063*[#  10]+0.063*[#  11]+0.063*[#  12]+0.063*[#  14]
          +0.063*[#  15]+0.063*[#  16]+0.057*[#   1]+0.057*[#   5]+0.057*[#   9]
          +0.057*[#  13]
    |psi|^2 = 0.988
==== e(   5) =     6.68432 eV ==== 
     psi = 0.064*[#   2]+0.064*[#   3]+0.064*[#   4]+0.064*[#   6]+0.064*[#   7]
          +0.064*[#   8]+0.064*[#  10]+0.064*[#  11]+0.064*[#  12]+0.064*[#  14]
          +0.064*[#  15]+0.064*[#  16]+0.052*[#   1]+0.052*[#   5]+0.052*[#   9]
          +0.052*[#  13]
    |psi|^2 = 0.977
==== e(   6) =     8.74441 eV ==== 
     psi = 0.110*[#   6]+0.110*[#   8]+0.110*[#  10]+0.110*[#  11]+0.110*[#  15]
          +0.110*[#  16]+0.049*[#   5]+0.049*[#   9]+0.049*[#  13]+0.025*[#   7]
          +0.025*[#  12]+0.025*[#  14]+0.022*[#   2]+0.022*[#   3]+0.022*[#   4]
          
    |psi|^2 = 0.945
==== e(   7) =     8.74442 eV ==== 
     psi = 0.111*[#   2]+0.111*[#   3]+0.111*[#   4]+0.108*[#   7]+0.108*[#  12]
          +0.108*[#  14]+0.073*[#   1]+0.024*[#   5]+0.024*[#   9]+0.024*[#  13]
          +0.023*[#   6]+0.023*[#   8]+0.023*[#  10]+0.023*[#  11]+0.023*[#  15]
          +0.023*[#  16]
    |psi|^2 = 0.945
==== e(   8) =     9.05250 eV ==== 
     psi = 0.116*[#   1]+0.116*[#   5]+0.116*[#   9]+0.116*[#  13]+0.034*[#   2]
          +0.034*[#   3]+0.034*[#   4]+0.034*[#   6]+0.034*[#   7]+0.034*[#   8]
          +0.034*[#  10]+0.034*[#  11]+0.034*[#  12]+0.034*[#  14]+0.034*[#  15]
          +0.034*[#  16]
    |psi|^2 = 0.876
==== e(   9) =    11.08208 eV ==== 
     psi = 0.114*[#   5]+0.114*[#   9]+0.114*[#  13]+0.071*[#   7]+0.071*[#  12]
          +0.071*[#  14]+0.037*[#   6]+0.037*[#   8]+0.037*[#  10]+0.037*[#  11]
          +0.037*[#  15]+0.037*[#  16]+0.003*[#   2]+0.003*[#   3]+0.003*[#   4]
          
    |psi|^2 = 0.789
==== e(  10) =    11.08209 eV ==== 
     psi = 0.172*[#   1]+0.071*[#   2]+0.071*[#   3]+0.071*[#   4]+0.057*[#   5]
          +0.057*[#   9]+0.057*[#  13]+0.037*[#   6]+0.037*[#   8]+0.037*[#  10]
          +0.037*[#  11]+0.037*[#  15]+0.037*[#  16]+0.003*[#   7]+0.003*[#  12]
          +0.003*[#  14]
    |psi|^2 = 0.789

 k =   0.1250000000  0.2500000000  0.3750000000
==== e(   1) =    -1.29218 eV ==== 
     psi = 0.096*[#   1]+0.096*[#   5]+0.096*[#   9]+0.096*[#  13]+0.051*[#   2]
          +0.051*[#   3]+0.051*[#   4]+0.051*[#   6]+0.051*[#   7]+0.051*[#   8]
          +0.051*[#  10]+0.051*[#  11]+0.051*[#  12]+0.051*[#  14]+0.051*[#  15]
          +0.051*[#  16]
    |psi|^2 = 0.999
==== e(   2) =     0.91599 eV ==== 
     psi = 0.077*[#   1]+0.077*[#   5]+0.077*[#   9]+0.077*[#  13]+0.057*[#   2]
          +0.057*[#   3]+0.057*[#   4]+0.057*[#   6]+0.057*[#   7]+0.057*[#   8]
          +0.057*[#  10]+0.057*[#  11]+0.057*[#  12]+0.057*[#  14]+0.057*[#  15]
          +0.057*[#  16]
    |psi|^2 = 0.998
==== e(   3) =     3.08485 eV ==== 
     psi = 0.070*[#   1]+0.070*[#   5]+0.070*[#   9]+0.070*[#  13]+0.060*[#   2]
          +0.060*[#   3]+0.060*[#   4]+0.060*[#   6]+0.060*[#   7]+0.060*[#   8]
          +0.060*[#  10]+0.060*[#  11]+0.060*[#  12]+0.060*[#  14]+0.060*[#  15]
          +0.060*[#  16]
    |psi|^2 = 0.995
==== e(   4) =     5.08711 eV ==== 
     psi = 0.082*[#   2]+0.082*[#   3]+0.082*[#   4]+0.082*[#   6]+0.082*[#   7]
          +0.082*[#   8]+0.082*[#  10]+0.082*[#  11]+0.082*[#  12]+0.082*[#  14]
          +0.082*[#  15]+0.082*[#  16]
    |psi|^2 = 0.992
==== e(   5) =     5.34260 eV ==== 
     psi = 0.125*[#   1]+0.125*[#   5]+0.125*[#   9]+0.125*[#  13]+0.040*[#   2]
          +0.040*[#   3]+0.040*[#   4]+0.040*[#   6]+0.040*[#   7]+0.040*[#   8]
          +0.040*[#  10]+0.040*[#  11]+0.040*[#  12]+0.040*[#  14]+0.040*[#  15]
          +0.040*[#  16]
    |psi|^2 = 0.982
==== e(   6) =     7.31527 eV ==== 
     psi = 0.063*[#   2]+0.063*[#   3]+0.063*[#   4]+0.063*[#   6]+0.063*[#   7]
          +0.063*[#   8]+0.063*[#  10]+0.063*[#  11]+0.063*[#  12]+0.063*[#  14]
          +0.063*[#  15]+0.063*[#  16]+0.054*[#   1]+0.054*[#   5]+0.054*[#   9]
          +0.054*[#  13]
    |psi|^2 = 0.972
==== e(   7) =     9.40579 eV ==== 
     psi = 0.061*[#   2]+0.061*[#   3]+0.061*[#   4]+0.061*[#   6]+0.061*[#   7]
          +0.061*[#   8]+0.061*[#  10]+0.061*[#  11]+0.061*[#  12]+0.061*[#  14]
          +0.061*[#  15]+0.061*[#  16]+0.051*[#   1]+0.051*[#   5]+0.051*[#   9]
          +0.051*[#  13]
    |psi|^2 = 0.933
==== e(   8) =     9.70235 eV ==== 
     psi = 0.092*[#   1]+0.092*[#   5]+0.092*[#   9]+0.092*[#  13]+0.043*[#   2]
          +0.043*[#   3]+0.043*[#   4]+0.043*[#   6]+0.043*[#   7]+0.043*[#   8]
          +0.043*[#  10]+0.043*[#  11]+0.043*[#  12]+0.043*[#  14]+0.043*[#  15]
          +0.043*[#  16]
    |psi|^2 = 0.889
==== e(   9) =    11.48813 eV ==== 
     psi = 0.081*[#   1]+0.081*[#   5]+0.081*[#   9]+0.081*[#  13]+0.046*[#   2]
          +0.046*[#   3]+0.046*[#   4]+0.046*[#   6]+0.046*[#   7]+0.046*[#   8]
          +0.046*[#  10]+0.046*[#  11]+0.046*[#  12]+0.046*[#  14]+0.046*[#  15]
          +0.046*[#  16]
    |psi|^2 = 0.873
==== e(  10) =    11.50750 eV ==== 
     psi = 0.066*[#   2]+0.066*[#   3]+0.066*[#   4]+0.066*[#   6]+0.066*[#   7]
          +0.066*[#   8]+0.066*[#  10]+0.066*[#  11]+0.066*[#  12]+0.066*[#  14]
          +0.066*[#  15]+0.066*[#  16]+0.001*[#   1]+0.001*[#   5]+0.001*[#   9]
          +0.001*[#  13]
    |psi|^2 = 0.802

 k =   0.1250000000  0.2500000000 -0.5000000000
==== e(   1) =    -0.32149 eV ==== 
     psi = 0.111*[#   5]+0.111*[#   9]+0.111*[#  13]+0.111*[#   7]+0.111*[#  12]
          +0.111*[#  14]+0.087*[#   2]+0.087*[#   3]+0.087*[#   4]+0.012*[#   6]
          +0.012*[#   8]+0.012*[#  10]+0.012*[#  11]+0.012*[#  15]+0.012*[#  16]
          
    |psi|^2 = 0.998
==== e(   2) =    -0.32148 eV ==== 
     psi = 0.167*[#   1]+0.099*[#   6]+0.099*[#   8]+0.099*[#  10]+0.099*[#  11]
          +0.099*[#  15]+0.099*[#  16]+0.056*[#   5]+0.056*[#   9]+0.056*[#  13]
          +0.024*[#   2]+0.024*[#   3]+0.024*[#   4]
    |psi|^2 = 0.998
==== e(   3) =     4.02332 eV ==== 
     psi = 0.124*[#   7]+0.124*[#  12]+0.124*[#  14]+0.084*[#   5]+0.084*[#   9]
          +0.084*[#  13]+0.043*[#   6]+0.043*[#   8]+0.043*[#  10]+0.043*[#  11]
          +0.043*[#  15]+0.043*[#  16]+0.037*[#   2]+0.037*[#   3]+0.037*[#   4]
          
    |psi|^2 = 0.993
==== e(   4) =     4.02333 eV ==== 
     psi = 0.126*[#   1]+0.087*[#   2]+0.087*[#   3]+0.087*[#   4]+0.080*[#   6]
          +0.080*[#   8]+0.080*[#  10]+0.080*[#  11]+0.080*[#  15]+0.080*[#  16]
          +0.042*[#   5]+0.042*[#   9]+0.042*[#  13]
    |psi|^2 = 0.993
==== e(   5) =     6.13369 eV ==== 
     psi = 0.120*[#   7]+0.120*[#  12]+0.120*[#  14]+0.088*[#   5]+0.088*[#   9]
          +0.088*[#  13]+0.051*[#   6]+0.051*[#   8]+0.051*[#  10]+0.051*[#  11]
          +0.051*[#  15]+0.051*[#  16]+0.018*[#   2]+0.018*[#   3]+0.018*[#   4]
          
    |psi|^2 = 0.982
==== e(   6) =     6.13370 eV ==== 
     psi = 0.132*[#   1]+0.101*[#   2]+0.101*[#   3]+0.101*[#   4]+0.069*[#   6]
          +0.069*[#   8]+0.069*[#  10]+0.069*[#  11]+0.069*[#  15]+0.069*[#  16]
          +0.044*[#   5]+0.044*[#   9]+0.044*[#  13]
    |psi|^2 = 0.982
==== e(   7) =    10.32084 eV ==== 
     psi = 0.107*[#   7]+0.107*[#  12]+0.107*[#  14]+0.088*[#   5]+0.088*[#   9]
          +0.088*[#  13]+0.054*[#   6]+0.054*[#   8]+0.054*[#  10]+0.054*[#  11]
          +0.054*[#  15]+0.054*[#  16]+0.002*[#   2]+0.002*[#   3]+0.002*[#   4]
          +0.001*[#   1]
    |psi|^2 = 0.911
==== e(   8) =    10.32085 eV ==== 
     psi = 0.131*[#   1]+0.106*[#   2]+0.106*[#   3]+0.106*[#   4]+0.054*[#   6]
          +0.054*[#   8]+0.054*[#  10]+0.054*[#  11]+0.054*[#  15]+0.054*[#  16]
          +0.044*[#   5]+0.044*[#   9]+0.044*[#  13]
    |psi|^2 = 0.911
==== e(   9) =    10.59883 eV ==== 
     psi = 0.109*[#   7]+0.109*[#  12]+0.109*[#  14]+0.081*[#   5]+0.081*[#   9]
          +0.081*[#  13]+0.053*[#   2]+0.053*[#   3]+0.053*[#   4]+0.028*[#   6]
          +0.028*[#   8]+0.028*[#  10]+0.028*[#  11]+0.028*[#  15]+0.028*[#  16]
          
    |psi|^2 = 0.896
==== e(  10) =    10.59884 eV ==== 
     psi = 0.121*[#   1]+0.081*[#   6]+0.081*[#   8]+0.081*[#  10]+0.081*[#  11]
          +0.081*[#  15]+0.081*[#  16]+0.056*[#   2]+0.056*[#   3]+0.056*[#   4]
          +0.040*[#   5]+0.040*[#   9]+0.040*[#  13]
    |psi|^2 = 0.896

 k =   0.1250000000  0.3750000000  0.3750000000
==== e(   1) =    -0.59803 eV ==== 
     psi = 0.089*[#   1]+0.089*[#   5]+0.089*[#   9]+0.089*[#  13]+0.054*[#   2]
          +0.054*[#   3]+0.054*[#   4]+0.054*[#   6]+0.054*[#   7]+0.054*[#   8]
          +0.054*[#  10]+0.054*[#  11]+0.054*[#  12]+0.054*[#  14]+0.054*[#  15]
          +0.054*[#  16]
    |psi|^2 = 0.998
==== e(   2) =     1.59946 eV ==== 
     psi = 0.105*[#   2]+0.105*[#   3]+0.105*[#   4]+0.103*[#   5]+0.103*[#   9]
          +0.103*[#  13]+0.058*[#   6]+0.058*[#   8]+0.058*[#  10]+0.058*[#  11]
          +0.058*[#  15]+0.058*[#  16]+0.008*[#   7]+0.008*[#  12]+0.008*[#  14]
          
    |psi|^2 = 0.997
==== e(   3) =     1.59947 eV ==== 
     psi = 0.154*[#   1]+0.107*[#   7]+0.107*[#  12]+0.107*[#  14]+0.056*[#   6]
          +0.056*[#   8]+0.056*[#  10]+0.056*[#  11]+0.056*[#  15]+0.056*[#  16]
          +0.051*[#   5]+0.051*[#   9]+0.051*[#  13]+0.010*[#   2]+0.010*[#   3]
          +0.010*[#   4]
    |psi|^2 = 0.997
==== e(   4) =     3.76075 eV ==== 
     psi = 0.067*[#   1]+0.067*[#   5]+0.067*[#   9]+0.067*[#  13]+0.061*[#   2]
          +0.061*[#   3]+0.061*[#   4]+0.061*[#   6]+0.061*[#   7]+0.061*[#   8]
          +0.061*[#  10]+0.061*[#  11]+0.061*[#  12]+0.061*[#  14]+0.061*[#  15]
          +0.061*[#  16]
    |psi|^2 = 0.993
==== e(   5) =     5.86982 eV ==== 
     psi = 0.074*[#   1]+0.074*[#   5]+0.074*[#   9]+0.074*[#  13]+0.057*[#   2]
          +0.057*[#   3]+0.057*[#   4]+0.057*[#   6]+0.057*[#   7]+0.057*[#   8]
          +0.057*[#  10]+0.057*[#  11]+0.057*[#  12]+0.057*[#  14]+0.057*[#  15]
          +0.057*[#  16]
    |psi|^2 = 0.980
==== e(   6) =     7.97491 eV ==== 
     psi = 0.105*[#   6]+0.105*[#   8]+0.105*[#  10]+0.105*[#  11]+0.105*[#  15]
          +0.105*[#  16]+0.086*[#   5]+0.086*[#   9]+0.086*[#  13]+0.017*[#   2]
          +0.017*[#   3]+0.017*[#   4]+0.008*[#   7]+0.008*[#  12]+0.008*[#  14]
          
    |psi|^2 = 0.962
==== e(   7) =     7.97492 eV ==== 
     psi = 0.130*[#   1]+0.109*[#   7]+0.109*[#  12]+0.109*[#  14]+0.100*[#   2]
          +0.100*[#   3]+0.100*[#   4]+0.043*[#   5]+0.043*[#   9]+0.043*[#  13]
          +0.012*[#   6]+0.012*[#   8]+0.012*[#  10]+0.012*[#  11]+0.012*[#  15]
          +0.012*[#  16]
    |psi|^2 = 0.962
==== e(   8) =    10.06817 eV ==== 
     psi = 0.087*[#   1]+0.087*[#   5]+0.087*[#   9]+0.087*[#  13]+0.048*[#   2]
          +0.048*[#   3]+0.048*[#   4]+0.048*[#   6]+0.048*[#   7]+0.048*[#   8]
          +0.048*[#  10]+0.048*[#  11]+0.048*[#  12]+0.048*[#  14]+0.048*[#  15]
          +0.048*[#  16]
    |psi|^2 = 0.917
==== e(   9) =    10.36057 eV ==== 
     psi = 0.089*[#   1]+0.089*[#   5]+0.089*[#   9]+0.089*[#  13]+0.044*[#   2]
          +0.044*[#   3]+0.044*[#   4]+0.044*[#   6]+0.044*[#   7]+0.044*[#   8]
          +0.044*[#  10]+0.044*[#  11]+0.044*[#  12]+0.044*[#  14]+0.044*[#  15]
          +0.044*[#  16]
    |psi|^2 = 0.880
==== e(  10) =    12.40023 eV ==== 
     psi = 0.064*[#   7]+0.064*[#  12]+0.064*[#  14]+0.060*[#   2]+0.060*[#   3]
          +0.060*[#   4]+0.056*[#   1]+0.051*[#   6]+0.051*[#   8]+0.051*[#  10]
          +0.051*[#  11]+0.051*[#  15]+0.051*[#  16]+0.044*[#   5]+0.044*[#   9]
          +0.044*[#  13]
    |psi|^2 = 0.867

 k =   0.1250000000  0.3750000000 -0.5000000000
==== e(   1) =     0.36801 eV ==== 
     psi = 0.112*[#   7]+0.112*[#  12]+0.112*[#  14]+0.110*[#   5]+0.110*[#   9]
          +0.110*[#  13]+0.071*[#   2]+0.071*[#   3]+0.071*[#   4]+0.020*[#   6]
          +0.020*[#   8]+0.020*[#  10]+0.020*[#  11]+0.020*[#  15]+0.020*[#  16]
          
    |psi|^2 = 0.998
==== e(   2) =     0.36802 eV ==== 
     psi = 0.164*[#   1]+0.091*[#   6]+0.091*[#   8]+0.091*[#  10]+0.091*[#  11]
          +0.091*[#  15]+0.091*[#  16]+0.055*[#   5]+0.055*[#   9]+0.055*[#  13]
          +0.040*[#   2]+0.040*[#   3]+0.040*[#   4]
    |psi|^2 = 0.998
==== e(   3) =     2.55048 eV ==== 
     psi = 0.116*[#   7]+0.116*[#  12]+0.116*[#  14]+0.100*[#   5]+0.100*[#   9]
          +0.100*[#  13]+0.043*[#   2]+0.043*[#   3]+0.043*[#   4]+0.036*[#   6]
          +0.036*[#   8]+0.036*[#  10]+0.036*[#  11]+0.036*[#  15]+0.036*[#  16]
          
    |psi|^2 = 0.996
==== e(   4) =     2.55049 eV ==== 
     psi = 0.150*[#   1]+0.080*[#   6]+0.080*[#   8]+0.080*[#  10]+0.080*[#  11]
          +0.080*[#  15]+0.080*[#  16]+0.073*[#   2]+0.073*[#   3]+0.073*[#   4]
          +0.050*[#   5]+0.050*[#   9]+0.050*[#  13]
    |psi|^2 = 0.996
==== e(   5) =     6.79245 eV ==== 
     psi = 0.115*[#   7]+0.115*[#  12]+0.115*[#  14]+0.095*[#   5]+0.095*[#   9]
          +0.095*[#  13]+0.051*[#   6]+0.051*[#   8]+0.051*[#  10]+0.051*[#  11]
          +0.051*[#  15]+0.051*[#  16]+0.013*[#   2]+0.013*[#   3]+0.013*[#   4]
          
    |psi|^2 = 0.974
==== e(   6) =     6.79246 eV ==== 
     psi = 0.143*[#   1]+0.101*[#   2]+0.101*[#   3]+0.101*[#   4]+0.064*[#   6]
          +0.064*[#   8]+0.064*[#  10]+0.064*[#  11]+0.064*[#  15]+0.064*[#  16]
          +0.048*[#   5]+0.048*[#   9]+0.048*[#  13]
    |psi|^2 = 0.974
==== e(   7) =     8.89395 eV ==== 
     psi = 0.102*[#   5]+0.102*[#   7]+0.102*[#   9]+0.102*[#  12]+0.102*[#  13]
          +0.102*[#  14]+0.052*[#   6]+0.052*[#   8]+0.052*[#  10]+0.052*[#  11]
          +0.052*[#  15]+0.052*[#  16]+0.006*[#   2]+0.006*[#   3]+0.006*[#   4]
          +0.006*[#   1]
    |psi|^2 = 0.945
==== e(   8) =     8.89396 eV ==== 
     psi = 0.150*[#   1]+0.099*[#   2]+0.099*[#   3]+0.099*[#   4]+0.054*[#   6]
          +0.054*[#   8]+0.054*[#  10]+0.054*[#  11]+0.054*[#  15]+0.054*[#  16]
          +0.054*[#   5]+0.054*[#   9]+0.054*[#  13]+0.004*[#   7]+0.004*[#  12]
          +0.004*[#  14]
    |psi|^2 = 0.945
==== e(   9) =    11.26671 eV ==== 
     psi = 0.099*[#   5]+0.099*[#   9]+0.099*[#  13]+0.098*[#   7]+0.098*[#  12]
          +0.098*[#  14]+0.033*[#   2]+0.033*[#   3]+0.033*[#   4]+0.032*[#   6]
          +0.032*[#   8]+0.032*[#  10]+0.032*[#  11]+0.032*[#  15]+0.032*[#  16]
          
    |psi|^2 = 0.883
==== e(  10) =    11.26672 eV ==== 
     psi = 0.148*[#   1]+0.066*[#   6]+0.066*[#   8]+0.066*[#  10]+0.066*[#  11]
          +0.066*[#  15]+0.066*[#  16]+0.065*[#   2]+0.065*[#   3]+0.065*[#   4]
          +0.049*[#   5]+0.049*[#   9]+0.049*[#  13]
    |psi|^2 = 0.883

 k =   0.1250000000 -0.5000000000 -0.5000000000
==== e(   1) =     1.32757 eV ==== 
     psi = 0.226*[#   7]+0.226*[#  12]+0.226*[#  14]+0.107*[#   5]+0.107*[#   9]
          +0.107*[#  13]
    |psi|^2 = 0.997
==== e(   2) =     1.32757 eV ==== 
     psi = 0.111*[#   2]+0.111*[#   3]+0.111*[#   4]+0.107*[#   5]+0.107*[#   9]
          +0.107*[#  13]+0.057*[#   6]+0.057*[#   8]+0.057*[#  10]+0.057*[#  11]
          +0.057*[#  15]+0.057*[#  16]
    |psi|^2 = 0.997
==== e(   3) =     1.32757 eV ==== 
     psi = 0.111*[#   2]+0.111*[#   3]+0.111*[#   4]+0.107*[#   5]+0.107*[#   9]
          +0.107*[#  13]+0.057*[#   6]+0.057*[#   8]+0.057*[#  10]+0.057*[#  11]
          +0.057*[#  15]+0.057*[#  16]
    |psi|^2 = 0.997
==== e(   4) =     1.32759 eV ==== 
     psi = 0.320*[#   1]+0.111*[#   6]+0.111*[#   8]+0.111*[#  10]+0.111*[#  11]
          +0.111*[#  15]+0.111*[#  16]+0.004*[#   2]+0.004*[#   3]+0.004*[#   4]
          
    |psi|^2 = 0.997
==== e(   5) =     7.71462 eV ==== 
     psi = 0.217*[#   7]+0.217*[#  12]+0.217*[#  14]+0.104*[#   5]+0.104*[#   9]
          +0.104*[#  13]
    |psi|^2 = 0.963
==== e(   6) =     7.71462 eV ==== 
     psi = 0.104*[#   5]+0.104*[#   9]+0.104*[#  13]+0.101*[#   6]+0.101*[#   8]
          +0.101*[#  10]+0.101*[#  11]+0.101*[#  15]+0.101*[#  16]+0.014*[#   2]
          +0.014*[#   3]+0.014*[#   4]
    |psi|^2 = 0.963
==== e(   7) =     7.71462 eV ==== 
     psi = 0.104*[#   5]+0.104*[#   9]+0.104*[#  13]+0.101*[#   6]+0.101*[#   8]
          +0.101*[#  10]+0.101*[#  11]+0.101*[#  15]+0.101*[#  16]+0.014*[#   2]
          +0.014*[#   3]+0.014*[#   4]
    |psi|^2 = 0.963
==== e(   8) =     7.71465 eV ==== 
     psi = 0.311*[#   1]+0.189*[#   2]+0.189*[#   3]+0.189*[#   4]+0.014*[#   6]
          +0.014*[#   8]+0.014*[#  10]+0.014*[#  11]+0.014*[#  15]+0.014*[#  16]
          
    |psi|^2 = 0.963
==== e(   9) =    12.17063 eV ==== 
     psi = 0.098*[#   5]+0.098*[#   9]+0.098*[#  13]+0.093*[#   7]+0.093*[#  12]
          +0.093*[#  14]+0.039*[#   6]+0.039*[#   8]+0.039*[#  10]+0.039*[#  11]
          +0.039*[#  15]+0.039*[#  16]+0.020*[#   2]+0.020*[#   3]+0.020*[#   4]
          +0.005*[#   1]
    |psi|^2 = 0.871
==== e(  10) =    12.17063 eV ==== 
     psi = 0.079*[#   5]+0.079*[#   9]+0.079*[#  13]+0.061*[#   1]+0.053*[#   7]
          +0.053*[#  12]+0.053*[#  14]+0.048*[#   6]+0.048*[#   8]+0.048*[#  10]
          +0.048*[#  11]+0.048*[#  15]+0.048*[#  16]+0.043*[#   2]+0.043*[#   3]
          +0.043*[#   4]
    |psi|^2 = 0.871

 k =   0.2500000000  0.2500000000  0.2500000000
==== e(   1) =    -1.57078 eV ==== 
     psi = 0.105*[#   1]+0.105*[#   5]+0.105*[#   9]+0.105*[#  13]+0.048*[#   2]
          +0.048*[#   3]+0.048*[#   4]+0.048*[#   6]+0.048*[#   7]+0.048*[#   8]
          +0.048*[#  10]+0.048*[#  11]+0.048*[#  12]+0.048*[#  14]+0.048*[#  15]
          +0.048*[#  16]
    |psi|^2 = 0.999
==== e(   2) =     2.81495 eV ==== 
     psi = 0.098*[#   5]+0.098*[#   9]+0.098*[#  13]+0.084*[#   2]+0.084*[#   3]
          +0.084*[#   4]+0.063*[#   6]+0.063*[#   8]+0.063*[#  10]+0.063*[#  11]
          +0.063*[#  15]+0.063*[#  16]+0.024*[#   7]+0.024*[#  12]+0.024*[#  14]
          
    |psi|^2 = 0.994
==== e(   3) =     2.81495 eV ==== 
     psi = 0.098*[#   5]+0.098*[#   9]+0.098*[#  13]+0.084*[#   2]+0.084*[#   3]
          +0.084*[#   4]+0.063*[#   6]+0.063*[#   8]+0.063*[#  10]+0.063*[#  11]
          +0.063*[#  15]+0.063*[#  16]+0.024*[#   7]+0.024*[#  12]+0.024*[#  14]
          
    |psi|^2 = 0.994
==== e(   4) =     2.81496 eV ==== 
     psi = 0.221*[#   1]+0.127*[#   7]+0.127*[#  12]+0.127*[#  14]+0.049*[#   6]
          +0.049*[#   8]+0.049*[#  10]+0.049*[#  11]+0.049*[#  15]+0.049*[#  16]
          +0.025*[#   5]+0.025*[#   9]+0.025*[#  13]+0.008*[#   2]+0.008*[#   3]
          +0.008*[#   4]
    |psi|^2 = 0.994
==== e(   5) =     7.08704 eV ==== 
     psi = 0.089*[#   6]+0.089*[#   8]+0.089*[#  10]+0.089*[#  11]+0.089*[#  15]
          +0.089*[#  16]+0.087*[#   5]+0.087*[#   9]+0.087*[#  13]+0.030*[#   2]
          +0.030*[#   3]+0.030*[#   4]+0.029*[#   7]+0.029*[#  12]+0.029*[#  14]
          
    |psi|^2 = 0.972
==== e(   6) =     7.08704 eV ==== 
     psi = 0.089*[#   6]+0.089*[#   8]+0.089*[#  10]+0.089*[#  11]+0.089*[#  15]
          +0.089*[#  16]+0.087*[#   5]+0.087*[#   9]+0.087*[#  13]+0.030*[#   2]
          +0.030*[#   3]+0.030*[#   4]+0.029*[#   7]+0.029*[#  12]+0.029*[#  14]
          
    |psi|^2 = 0.972
==== e(   7) =     7.08705 eV ==== 
     psi = 0.196*[#   1]+0.120*[#   7]+0.120*[#  12]+0.120*[#  14]+0.117*[#   2]
          +0.117*[#   3]+0.117*[#   4]+0.022*[#   5]+0.022*[#   9]+0.022*[#  13]
          
    |psi|^2 = 0.972
==== e(   8) =    11.26695 eV ==== 
     psi = 0.124*[#   1]+0.124*[#   5]+0.124*[#   9]+0.124*[#  13]+0.031*[#   2]
          +0.031*[#   3]+0.031*[#   4]+0.031*[#   6]+0.031*[#   7]+0.031*[#   8]
          +0.031*[#  10]+0.031*[#  11]+0.031*[#  12]+0.031*[#  14]+0.031*[#  15]
          +0.031*[#  16]
    |psi|^2 = 0.864
==== e(   9) =    11.48125 eV ==== 
     psi = 0.107*[#   5]+0.107*[#   9]+0.107*[#  13]+0.058*[#   7]+0.058*[#  12]
          +0.058*[#  14]+0.044*[#   6]+0.044*[#   8]+0.044*[#  10]+0.044*[#  11]
          +0.044*[#  15]+0.044*[#  16]+0.009*[#   2]+0.009*[#   3]+0.009*[#   4]
          
    |psi|^2 = 0.791
==== e(  10) =    11.48126 eV ==== 
     psi = 0.121*[#   1]+0.067*[#   5]+0.067*[#   9]+0.067*[#  13]+0.054*[#   2]
          +0.054*[#   3]+0.054*[#   4]+0.036*[#   6]+0.036*[#   8]+0.036*[#  10]
          +0.036*[#  11]+0.036*[#  15]+0.036*[#  16]+0.029*[#   7]+0.029*[#  12]
          +0.029*[#  14]
    |psi|^2 = 0.791

 k =   0.2500000000  0.2500000000  0.3750000000
==== e(   1) =    -0.87529 eV ==== 
     psi = 0.094*[#   1]+0.094*[#   5]+0.094*[#   9]+0.094*[#  13]+0.052*[#   2]
          +0.052*[#   3]+0.052*[#   4]+0.052*[#   6]+0.052*[#   7]+0.052*[#   8]
          +0.052*[#  10]+0.052*[#  11]+0.052*[#  12]+0.052*[#  14]+0.052*[#  15]
          +0.052*[#  16]
    |psi|^2 = 0.998
==== e(   2) =     1.32651 eV ==== 
     psi = 0.080*[#   1]+0.080*[#   5]+0.080*[#   9]+0.080*[#  13]+0.057*[#   2]
          +0.057*[#   3]+0.057*[#   4]+0.057*[#   6]+0.057*[#   7]+0.057*[#   8]
          +0.057*[#  10]+0.057*[#  11]+0.057*[#  12]+0.057*[#  14]+0.057*[#  15]
          +0.057*[#  16]
    |psi|^2 = 0.997
==== e(   3) =     3.48715 eV ==== 
     psi = 0.095*[#   5]+0.095*[#   9]+0.095*[#  13]+0.074*[#   2]+0.074*[#   3]
          +0.074*[#   4]+0.069*[#   6]+0.069*[#   8]+0.069*[#  10]+0.069*[#  11]
          +0.069*[#  15]+0.069*[#  16]+0.024*[#   7]+0.024*[#  12]+0.024*[#  14]
          
    |psi|^2 = 0.993
==== e(   4) =     3.48716 eV ==== 
     psi = 0.143*[#   1]+0.094*[#   7]+0.094*[#  12]+0.094*[#  14]+0.049*[#   6]
          +0.049*[#   8]+0.049*[#  10]+0.049*[#  11]+0.049*[#  15]+0.049*[#  16]
          +0.048*[#   5]+0.048*[#   9]+0.048*[#  13]+0.044*[#   2]+0.044*[#   3]
          +0.044*[#   4]
    |psi|^2 = 0.993
==== e(   5) =     5.64237 eV ==== 
     psi = 0.113*[#   5]+0.113*[#   9]+0.113*[#  13]+0.073*[#   6]+0.073*[#   8]
          +0.073*[#  10]+0.073*[#  11]+0.073*[#  15]+0.073*[#  16]+0.037*[#   2]
          +0.037*[#   3]+0.037*[#   4]+0.032*[#   7]+0.032*[#  12]+0.032*[#  14]
          
    |psi|^2 = 0.983
==== e(   6) =     5.64238 eV ==== 
     psi = 0.169*[#   1]+0.076*[#   7]+0.076*[#  12]+0.076*[#  14]+0.071*[#   2]
          +0.071*[#   3]+0.071*[#   4]+0.056*[#   5]+0.056*[#   9]+0.056*[#  13]
          +0.034*[#   6]+0.034*[#   8]+0.034*[#  10]+0.034*[#  11]+0.034*[#  15]
          +0.034*[#  16]
    |psi|^2 = 0.983
==== e(   7) =     7.74895 eV ==== 
     psi = 0.081*[#   1]+0.081*[#   5]+0.081*[#   9]+0.081*[#  13]+0.053*[#   2]
          +0.053*[#   3]+0.053*[#   4]+0.053*[#   6]+0.053*[#   7]+0.053*[#   8]
          +0.053*[#  10]+0.053*[#  11]+0.053*[#  12]+0.053*[#  14]+0.053*[#  15]
          +0.053*[#  16]
    |psi|^2 = 0.962
==== e(   8) =     9.84659 eV ==== 
     psi = 0.122*[#   1]+0.122*[#   5]+0.122*[#   9]+0.122*[#  13]+0.035*[#   2]
          +0.035*[#   3]+0.035*[#   4]+0.035*[#   6]+0.035*[#   7]+0.035*[#   8]
          +0.035*[#  10]+0.035*[#  11]+0.035*[#  12]+0.035*[#  14]+0.035*[#  15]
          +0.035*[#  16]
    |psi|^2 = 0.909
==== e(   9) =    12.11590 eV ==== 
     psi = 0.072*[#   5]+0.072*[#   9]+0.072*[#  13]+0.062*[#   6]+0.062*[#   8]
          +0.062*[#  10]+0.062*[#  11]+0.062*[#  15]+0.062*[#  16]+0.046*[#   7]
          +0.046*[#  12]+0.046*[#  14]+0.023*[#   2]+0.023*[#   3]+0.023*[#   4]
          +0.008*[#   1]
    |psi|^2 = 0.805
==== e(  10) =    12.11591 eV ==== 
     psi = 0.105*[#   1]+0.073*[#   2]+0.073*[#   3]+0.073*[#   4]+0.051*[#   7]
          +0.051*[#  12]+0.051*[#  14]+0.040*[#   5]+0.040*[#   9]+0.040*[#  13]
          +0.035*[#   6]+0.035*[#   8]+0.035*[#  10]+0.035*[#  11]+0.035*[#  15]
          +0.035*[#  16]
    |psi|^2 = 0.806

 k =   0.2500000000  0.2500000000 -0.5000000000
==== e(   1) =     0.09264 eV ==== 
     psi = 0.114*[#   5]+0.114*[#   9]+0.114*[#  13]+0.109*[#   7]+0.109*[#  12]
          +0.109*[#  14]+0.078*[#   2]+0.078*[#   3]+0.078*[#   4]+0.016*[#   6]
          +0.016*[#   8]+0.016*[#  10]+0.016*[#  11]+0.016*[#  15]+0.016*[#  16]
          
    |psi|^2 = 0.998
==== e(   2) =     0.09265 eV ==== 
     psi = 0.171*[#   1]+0.093*[#   6]+0.093*[#   8]+0.093*[#  10]+0.093*[#  11]
          +0.093*[#  15]+0.093*[#  16]+0.057*[#   5]+0.057*[#   9]+0.057*[#  13]
          +0.032*[#   2]+0.032*[#   3]+0.032*[#   4]
    |psi|^2 = 0.998
==== e(   3) =     4.31257 eV ==== 
     psi = 0.166*[#   7]+0.166*[#  12]+0.166*[#  14]+0.056*[#   2]+0.056*[#   3]
          +0.056*[#   4]+0.055*[#   6]+0.055*[#   8]+0.055*[#  10]+0.055*[#  11]
          +0.055*[#  15]+0.055*[#  16]
    |psi|^2 = 0.996
==== e(   4) =     4.31257 eV ==== 
     psi = 0.111*[#   6]+0.111*[#   8]+0.111*[#  10]+0.111*[#  11]+0.111*[#  15]
          +0.111*[#  16]+0.110*[#   2]+0.110*[#   3]+0.110*[#   4]
    |psi|^2 = 0.996
==== e(   5) =     4.55758 eV ==== 
     psi = 0.215*[#   5]+0.215*[#   9]+0.215*[#  13]+0.056*[#   7]+0.056*[#  12]
          +0.056*[#  14]+0.028*[#   6]+0.028*[#   8]+0.028*[#  10]+0.028*[#  11]
          +0.028*[#  15]+0.028*[#  16]
    |psi|^2 = 0.983
==== e(   6) =     4.55760 eV ==== 
     psi = 0.322*[#   1]+0.107*[#   5]+0.107*[#   9]+0.107*[#  13]+0.056*[#   2]
          +0.056*[#   3]+0.056*[#   4]+0.028*[#   6]+0.028*[#   8]+0.028*[#  10]
          +0.028*[#  11]+0.028*[#  15]+0.028*[#  16]
    |psi|^2 = 0.983
==== e(   7) =     8.67042 eV ==== 
     psi = 0.136*[#   5]+0.136*[#   9]+0.136*[#  13]+0.089*[#   7]+0.089*[#  12]
          +0.089*[#  14]+0.044*[#   6]+0.044*[#   8]+0.044*[#  10]+0.044*[#  11]
          +0.044*[#  15]+0.044*[#  16]+0.001*[#   2]+0.001*[#   3]+0.001*[#   4]
          
    |psi|^2 = 0.942
==== e(   8) =     8.67043 eV ==== 
     psi = 0.204*[#   1]+0.088*[#   2]+0.088*[#   3]+0.088*[#   4]+0.068*[#   5]
          +0.068*[#   9]+0.068*[#  13]+0.045*[#   6]+0.045*[#   8]+0.045*[#  10]
          +0.045*[#  11]+0.045*[#  15]+0.045*[#  16]
    |psi|^2 = 0.942
==== e(   9) =    12.80063 eV ==== 
     psi = 0.086*[#   6]+0.086*[#   8]+0.086*[#  10]+0.086*[#  11]+0.086*[#  15]
          +0.086*[#  16]+0.051*[#   2]+0.051*[#   3]+0.051*[#   4]+0.025*[#   7]
          +0.025*[#  12]+0.025*[#  14]
    |psi|^2 = 0.742
==== e(  10) =    13.25625 eV ==== 
     psi = 0.105*[#   5]+0.105*[#   9]+0.105*[#  13]+0.092*[#   7]+0.092*[#  12]
          +0.092*[#  14]+0.052*[#   6]+0.052*[#   8]+0.052*[#  10]+0.052*[#  11]
          +0.052*[#  15]+0.052*[#  16]+0.018*[#   1]+0.011*[#   2]+0.011*[#   3]
          +0.011*[#   4]
    |psi|^2 = 0.954

 k =   0.2500000000  0.3750000000  0.3750000000
==== e(   1) =    -0.18311 eV ==== 
     psi = 0.092*[#   1]+0.092*[#   5]+0.092*[#   9]+0.092*[#  13]+0.053*[#   2]
          +0.053*[#   3]+0.053*[#   4]+0.053*[#   6]+0.053*[#   7]+0.053*[#   8]
          +0.053*[#  10]+0.053*[#  11]+0.053*[#  12]+0.053*[#  14]+0.053*[#  15]
          +0.053*[#  16]
    |psi|^2 = 0.998
==== e(   2) =     2.00800 eV ==== 
     psi = 0.110*[#   5]+0.110*[#   9]+0.110*[#  13]+0.095*[#   2]+0.095*[#   3]
          +0.095*[#   4]+0.060*[#   6]+0.060*[#   8]+0.060*[#  10]+0.060*[#  11]
          +0.060*[#  15]+0.060*[#  16]+0.008*[#   7]+0.008*[#  12]+0.008*[#  14]
          
    |psi|^2 = 0.996
==== e(   3) =     2.00800 eV ==== 
     psi = 0.164*[#   1]+0.103*[#   7]+0.103*[#  12]+0.103*[#  14]+0.055*[#   5]
          +0.055*[#   9]+0.055*[#  13]+0.052*[#   6]+0.052*[#   8]+0.052*[#  10]
          +0.052*[#  11]+0.052*[#  15]+0.052*[#  16]+0.016*[#   2]+0.016*[#   3]
          +0.016*[#   4]
    |psi|^2 = 0.996
==== e(   4) =     4.05227 eV ==== 
     psi = 0.083*[#   2]+0.083*[#   3]+0.083*[#   4]+0.083*[#   6]+0.083*[#   7]
          +0.083*[#   8]+0.083*[#  10]+0.083*[#  11]+0.083*[#  12]+0.083*[#  14]
          +0.083*[#  15]+0.083*[#  16]
    |psi|^2 = 0.997
==== e(   5) =     4.28837 eV ==== 
     psi = 0.176*[#   1]+0.176*[#   5]+0.176*[#   9]+0.176*[#  13]+0.023*[#   2]
          +0.023*[#   3]+0.023*[#   4]+0.023*[#   6]+0.023*[#   7]+0.023*[#   8]
          +0.023*[#  10]+0.023*[#  11]+0.023*[#  12]+0.023*[#  14]+0.023*[#  15]
          +0.023*[#  16]
    |psi|^2 = 0.982
==== e(   6) =     6.30510 eV ==== 
     psi = 0.130*[#   5]+0.130*[#   9]+0.130*[#  13]+0.081*[#   6]+0.081*[#   8]
          +0.081*[#  10]+0.081*[#  11]+0.081*[#  15]+0.081*[#  16]+0.024*[#   2]
          +0.024*[#   3]+0.024*[#   4]+0.010*[#   7]+0.010*[#  12]+0.010*[#  14]
          
    |psi|^2 = 0.976
==== e(   7) =     6.30511 eV ==== 
     psi = 0.196*[#   1]+0.087*[#   7]+0.087*[#  12]+0.087*[#  14]+0.074*[#   2]
          +0.074*[#   3]+0.074*[#   4]+0.065*[#   5]+0.065*[#   9]+0.065*[#  13]
          +0.017*[#   6]+0.017*[#   8]+0.017*[#  10]+0.017*[#  11]+0.017*[#  15]
          +0.017*[#  16]
    |psi|^2 = 0.976
==== e(   8) =     8.41629 eV ==== 
     psi = 0.131*[#   1]+0.131*[#   5]+0.131*[#   9]+0.131*[#  13]+0.035*[#   2]
          +0.035*[#   3]+0.035*[#   4]+0.035*[#   6]+0.035*[#   7]+0.035*[#   8]
          +0.035*[#  10]+0.035*[#  11]+0.035*[#  12]+0.035*[#  14]+0.035*[#  15]
          +0.035*[#  16]
    |psi|^2 = 0.938
==== e(   9) =    12.76726 eV ==== 
     psi = 0.053*[#   1]+0.053*[#   5]+0.053*[#   9]+0.053*[#  13]+0.049*[#   2]
          +0.049*[#   3]+0.049*[#   4]+0.049*[#   6]+0.049*[#   7]+0.049*[#   8]
          +0.049*[#  10]+0.049*[#  11]+0.049*[#  12]+0.049*[#  14]+0.049*[#  15]
          +0.049*[#  16]
    |psi|^2 = 0.801
==== e(  10) =    14.59790 eV ==== 
     psi = 0.055*[#   7]+0.055*[#  12]+0.055*[#  14]+0.054*[#   6]+0.054*[#   8]
          +0.054*[#  10]+0.054*[#  11]+0.054*[#  15]+0.054*[#  16]+0.048*[#   2]
          +0.048*[#   3]+0.048*[#   4]
    |psi|^2 = 0.633

 k =   0.2500000000  0.3750000000 -0.5000000000
==== e(   1) =     0.78021 eV ==== 
     psi = 0.117*[#   5]+0.117*[#   9]+0.117*[#  13]+0.108*[#   7]+0.108*[#  12]
          +0.108*[#  14]+0.064*[#   2]+0.064*[#   3]+0.064*[#   4]+0.022*[#   6]
          +0.022*[#   8]+0.022*[#  10]+0.022*[#  11]+0.022*[#  15]+0.022*[#  16]
          
    |psi|^2 = 0.997
==== e(   2) =     0.78022 eV ==== 
     psi = 0.175*[#   1]+0.086*[#   6]+0.086*[#   8]+0.086*[#  10]+0.086*[#  11]
          +0.086*[#  15]+0.086*[#  16]+0.058*[#   5]+0.058*[#   9]+0.058*[#  13]
          +0.044*[#   2]+0.044*[#   3]+0.044*[#   4]
    |psi|^2 = 0.997
==== e(   3) =     2.95511 eV ==== 
     psi = 0.112*[#   7]+0.112*[#  12]+0.112*[#  14]+0.107*[#   5]+0.107*[#   9]
          +0.107*[#  13]+0.039*[#   2]+0.039*[#   3]+0.039*[#   4]+0.036*[#   6]
          +0.036*[#   8]+0.036*[#  10]+0.036*[#  11]+0.036*[#  15]+0.036*[#  16]
          
    |psi|^2 = 0.994
==== e(   4) =     2.95512 eV ==== 
     psi = 0.160*[#   1]+0.076*[#   6]+0.076*[#   8]+0.076*[#  10]+0.076*[#  11]
          +0.076*[#  15]+0.076*[#  16]+0.073*[#   2]+0.073*[#   3]+0.073*[#   4]
          +0.053*[#   5]+0.053*[#   9]+0.053*[#  13]
    |psi|^2 = 0.994
==== e(   5) =     5.11144 eV ==== 
     psi = 0.139*[#   5]+0.139*[#   9]+0.139*[#  13]+0.094*[#   7]+0.094*[#  12]
          +0.094*[#  14]+0.038*[#   6]+0.038*[#   8]+0.038*[#  10]+0.038*[#  11]
          +0.038*[#  15]+0.038*[#  16]+0.017*[#   2]+0.017*[#   3]+0.017*[#   4]
          
    |psi|^2 = 0.983
==== e(   6) =     5.11145 eV ==== 
     psi = 0.209*[#   1]+0.077*[#   2]+0.077*[#   3]+0.077*[#   4]+0.070*[#   5]
          +0.070*[#   9]+0.070*[#  13]+0.056*[#   6]+0.056*[#   8]+0.056*[#  10]
          +0.056*[#  11]+0.056*[#  15]+0.056*[#  16]
    |psi|^2 = 0.983
==== e(   7) =     7.23211 eV ==== 
     psi = 0.156*[#   5]+0.156*[#   9]+0.156*[#  13]+0.082*[#   7]+0.082*[#  12]
          +0.082*[#  14]+0.039*[#   6]+0.039*[#   8]+0.039*[#  10]+0.039*[#  11]
          +0.039*[#  15]+0.039*[#  16]+0.004*[#   2]+0.004*[#   3]+0.004*[#   4]
          
    |psi|^2 = 0.961
==== e(   8) =     7.23212 eV ==== 
     psi = 0.234*[#   1]+0.078*[#   2]+0.078*[#   3]+0.078*[#   4]+0.078*[#   5]
          +0.078*[#   9]+0.078*[#  13]+0.043*[#   6]+0.043*[#   8]+0.043*[#  10]
          +0.043*[#  11]+0.043*[#  15]+0.043*[#  16]
    |psi|^2 = 0.961
==== e(   9) =    13.64312 eV ==== 
     psi = 0.104*[#   7]+0.104*[#  12]+0.104*[#  14]+0.047*[#   5]+0.047*[#   9]
          +0.047*[#  13]+0.039*[#   6]+0.039*[#   8]+0.039*[#  10]+0.039*[#  11]
          +0.039*[#  15]+0.039*[#  16]+0.036*[#   2]+0.036*[#   3]+0.036*[#   4]
          +0.003*[#   1]
    |psi|^2 = 0.796
==== e(  10) =    13.64313 eV ==== 
     psi = 0.073*[#   2]+0.073*[#   3]+0.073*[#   4]+0.070*[#   6]+0.070*[#   8]
          +0.070*[#  10]+0.070*[#  11]+0.070*[#  15]+0.070*[#  16]+0.069*[#   1]
          +0.025*[#   5]+0.025*[#   9]+0.025*[#  13]+0.005*[#   7]+0.005*[#  12]
          +0.005*[#  14]
    |psi|^2 = 0.796

 k =   0.2500000000 -0.5000000000 -0.5000000000
==== e(   1) =     1.73701 eV ==== 
     psi = 0.215*[#   7]+0.215*[#  12]+0.215*[#  14]+0.117*[#   5]+0.117*[#   9]
          +0.117*[#  13]
    |psi|^2 = 0.996
==== e(   2) =     1.73701 eV ==== 
     psi = 0.117*[#   5]+0.117*[#   9]+0.117*[#  13]+0.100*[#   2]+0.100*[#   3]
          +0.100*[#   4]+0.058*[#   6]+0.058*[#   8]+0.058*[#  10]+0.058*[#  11]
          +0.058*[#  15]+0.058*[#  16]
    |psi|^2 = 0.996
==== e(   3) =     1.73701 eV ==== 
     psi = 0.117*[#   5]+0.117*[#   9]+0.117*[#  13]+0.100*[#   2]+0.100*[#   3]
          +0.100*[#   4]+0.058*[#   6]+0.058*[#   8]+0.058*[#  10]+0.058*[#  11]
          +0.058*[#  15]+0.058*[#  16]
    |psi|^2 = 0.996
==== e(   4) =     1.73703 eV ==== 
     psi = 0.350*[#   1]+0.100*[#   6]+0.100*[#   8]+0.100*[#  10]+0.100*[#  11]
          +0.100*[#  15]+0.100*[#  16]+0.015*[#   2]+0.015*[#   3]+0.015*[#   4]
          
    |psi|^2 = 0.996
==== e(   5) =     6.04162 eV ==== 
     psi = 0.173*[#   7]+0.173*[#  12]+0.173*[#  14]+0.152*[#   5]+0.152*[#   9]
          +0.152*[#  13]
    |psi|^2 = 0.974
==== e(   6) =     6.04162 eV ==== 
     psi = 0.152*[#   5]+0.152*[#   9]+0.152*[#  13]+0.076*[#   6]+0.076*[#   8]
          +0.076*[#  10]+0.076*[#  11]+0.076*[#  15]+0.076*[#  16]+0.021*[#   2]
          +0.021*[#   3]+0.021*[#   4]
    |psi|^2 = 0.974
==== e(   7) =     6.04162 eV ==== 
     psi = 0.152*[#   5]+0.152*[#   9]+0.152*[#  13]+0.076*[#   6]+0.076*[#   8]
          +0.076*[#  10]+0.076*[#  11]+0.076*[#  15]+0.076*[#  16]+0.021*[#   2]
          +0.021*[#   3]+0.021*[#   4]
    |psi|^2 = 0.974
==== e(   8) =     6.04164 eV ==== 
     psi = 0.456*[#   1]+0.131*[#   2]+0.131*[#   3]+0.131*[#   4]+0.021*[#   6]
          +0.021*[#   8]+0.021*[#  10]+0.021*[#  11]+0.021*[#  15]+0.021*[#  16]
          
    |psi|^2 = 0.974
==== e(   9) =    14.52422 eV ==== 
     psi = 0.152*[#   7]+0.152*[#  12]+0.152*[#  14]+0.045*[#   5]+0.045*[#   9]
          +0.045*[#  13]+0.027*[#   6]+0.027*[#   8]+0.027*[#  10]+0.027*[#  11]
          +0.027*[#  15]+0.027*[#  16]+0.011*[#   2]+0.011*[#   3]+0.011*[#   4]
          
    |psi|^2 = 0.786
==== e(  10) =    14.52424 eV ==== 
     psi = 0.110*[#   2]+0.110*[#   3]+0.110*[#   4]+0.093*[#   1]+0.050*[#   6]
          +0.050*[#   8]+0.050*[#  10]+0.050*[#  11]+0.050*[#  15]+0.050*[#  16]
          +0.014*[#   5]+0.014*[#   9]+0.014*[#  13]+0.007*[#   7]+0.007*[#  12]
          +0.007*[#  14]
    |psi|^2 = 0.786

 k =   0.3750000000  0.3750000000  0.3750000000
==== e(   1) =     0.50584 eV ==== 
     psi = 0.095*[#   1]+0.095*[#   5]+0.095*[#   9]+0.095*[#  13]+0.051*[#   2]
          +0.051*[#   3]+0.051*[#   4]+0.051*[#   6]+0.051*[#   7]+0.051*[#   8]
          +0.051*[#  10]+0.051*[#  11]+0.051*[#  12]+0.051*[#  14]+0.051*[#  15]
          +0.051*[#  16]
    |psi|^2 = 0.997
==== e(   2) =     2.68528 eV ==== 
     psi = 0.116*[#   5]+0.116*[#   9]+0.116*[#  13]+0.081*[#   2]+0.081*[#   3]
          +0.081*[#   4]+0.063*[#   6]+0.063*[#   8]+0.063*[#  10]+0.063*[#  11]
          +0.063*[#  15]+0.063*[#  16]+0.009*[#   7]+0.009*[#  12]+0.009*[#  14]
          
    |psi|^2 = 0.994
==== e(   3) =     2.68528 eV ==== 
     psi = 0.116*[#   5]+0.116*[#   9]+0.116*[#  13]+0.081*[#   2]+0.081*[#   3]
          +0.081*[#   4]+0.063*[#   6]+0.063*[#   8]+0.063*[#  10]+0.063*[#  11]
          +0.063*[#  15]+0.063*[#  16]+0.009*[#   7]+0.009*[#  12]+0.009*[#  14]
          
    |psi|^2 = 0.994
==== e(   4) =     2.68529 eV ==== 
     psi = 0.262*[#   1]+0.144*[#   7]+0.144*[#  12]+0.144*[#  14]+0.035*[#   6]
          +0.035*[#   8]+0.035*[#  10]+0.035*[#  11]+0.035*[#  15]+0.035*[#  16]
          +0.029*[#   5]+0.029*[#   9]+0.029*[#  13]
    |psi|^2 = 0.994
==== e(   5) =     4.85024 eV ==== 
     psi = 0.156*[#   5]+0.156*[#   9]+0.156*[#  13]+0.064*[#   6]+0.064*[#   8]
          +0.064*[#  10]+0.064*[#  11]+0.064*[#  15]+0.064*[#  16]+0.033*[#   2]
          +0.033*[#   3]+0.033*[#   4]+0.012*[#   7]+0.012*[#  12]+0.012*[#  14]
          
    |psi|^2 = 0.983
==== e(   6) =     4.85024 eV ==== 
     psi = 0.156*[#   5]+0.156*[#   9]+0.156*[#  13]+0.064*[#   6]+0.064*[#   8]
          +0.064*[#  10]+0.064*[#  11]+0.064*[#  15]+0.064*[#  16]+0.033*[#   2]
          +0.033*[#   3]+0.033*[#   4]+0.012*[#   7]+0.012*[#  12]+0.012*[#  14]
          
    |psi|^2 = 0.983
==== e(   7) =     4.85025 eV ==== 
     psi = 0.351*[#   1]+0.105*[#   7]+0.105*[#  12]+0.105*[#  14]+0.063*[#   2]
          +0.063*[#   3]+0.063*[#   4]+0.039*[#   5]+0.039*[#   9]+0.039*[#  13]
          +0.001*[#   6]+0.001*[#   8]+0.001*[#  10]+0.001*[#  11]+0.001*[#  15]
          +0.001*[#  16]
    |psi|^2 = 0.983
==== e(   8) =     6.97558 eV ==== 
     psi = 0.146*[#   1]+0.146*[#   5]+0.146*[#   9]+0.146*[#  13]+0.031*[#   2]
          +0.031*[#   3]+0.031*[#   4]+0.031*[#   6]+0.031*[#   7]+0.031*[#   8]
          +0.031*[#  10]+0.031*[#  11]+0.031*[#  12]+0.031*[#  14]+0.031*[#  15]
          +0.031*[#  16]
    |psi|^2 = 0.956
==== e(   9) =    15.40359 eV ==== 
     psi = 0.053*[#   2]+0.053*[#   3]+0.053*[#   4]+0.046*[#   6]+0.046*[#   8]
          +0.046*[#  10]+0.046*[#  11]+0.046*[#  15]+0.046*[#  16]+0.043*[#   7]
          +0.043*[#  12]+0.043*[#  14]+0.031*[#   1]+0.025*[#   5]+0.025*[#   9]
          +0.025*[#  13]
    |psi|^2 = 0.668
==== e(  10) =    15.40365 eV ==== 
     psi = 0.061*[#   2]+0.061*[#   3]+0.061*[#   4]+0.044*[#   6]+0.044*[#   8]
          +0.044*[#  10]+0.044*[#  11]+0.044*[#  15]+0.044*[#  16]+0.039*[#   7]
          +0.039*[#  12]+0.039*[#  14]+0.036*[#   1]+0.023*[#   5]+0.023*[#   9]
          +0.023*[#  13]
    |psi|^2 = 0.668

 k =   0.3750000000  0.3750000000 -0.5000000000
==== e(   1) =     1.46455 eV ==== 
     psi = 0.127*[#   5]+0.127*[#   9]+0.127*[#  13]+0.103*[#   7]+0.103*[#  12]
          +0.103*[#  14]+0.054*[#   2]+0.054*[#   3]+0.054*[#   4]+0.025*[#   6]
          +0.025*[#   8]+0.025*[#  10]+0.025*[#  11]+0.025*[#  15]+0.025*[#  16]
          
    |psi|^2 = 0.995
==== e(   2) =     1.46456 eV ==== 
     psi = 0.190*[#   1]+0.078*[#   6]+0.078*[#   8]+0.078*[#  10]+0.078*[#  11]
          +0.078*[#  15]+0.078*[#  16]+0.063*[#   5]+0.063*[#   9]+0.063*[#  13]
          +0.049*[#   2]+0.049*[#   3]+0.049*[#   4]
    |psi|^2 = 0.995
==== e(   3) =     3.53096 eV ==== 
     psi = 0.166*[#   7]+0.166*[#  12]+0.166*[#  14]+0.056*[#   2]+0.056*[#   3]
          +0.056*[#   4]+0.055*[#   6]+0.055*[#   8]+0.055*[#  10]+0.055*[#  11]
          +0.055*[#  15]+0.055*[#  16]
    |psi|^2 = 0.999
==== e(   4) =     3.53096 eV ==== 
     psi = 0.111*[#   6]+0.111*[#   8]+0.111*[#  10]+0.111*[#  11]+0.111*[#  15]
          +0.111*[#  16]+0.111*[#   2]+0.111*[#   3]+0.111*[#   4]
    |psi|^2 = 0.999
==== e(   5) =     3.74357 eV ==== 
     psi = 0.285*[#   5]+0.285*[#   9]+0.285*[#  13]+0.021*[#   7]+0.021*[#  12]
          +0.021*[#  14]+0.010*[#   6]+0.010*[#   8]+0.010*[#  10]+0.010*[#  11]
          +0.010*[#  15]+0.010*[#  16]
    |psi|^2 = 0.980
==== e(   6) =     3.74359 eV ==== 
     psi = 0.427*[#   1]+0.142*[#   5]+0.142*[#   9]+0.142*[#  13]+0.021*[#   2]
          +0.021*[#   3]+0.021*[#   4]+0.010*[#   6]+0.010*[#   8]+0.010*[#  10]
          +0.010*[#  11]+0.010*[#  15]+0.010*[#  16]
    |psi|^2 = 0.980
==== e(   7) =     5.78267 eV ==== 
     psi = 0.180*[#   5]+0.180*[#   9]+0.180*[#  13]+0.072*[#   7]+0.072*[#  12]
          +0.072*[#  14]+0.032*[#   6]+0.032*[#   8]+0.032*[#  10]+0.032*[#  11]
          +0.032*[#  15]+0.032*[#  16]+0.008*[#   2]+0.008*[#   3]+0.008*[#   4]
          
    |psi|^2 = 0.972
==== e(   8) =     5.78268 eV ==== 
     psi = 0.270*[#   1]+0.090*[#   5]+0.090*[#   9]+0.090*[#  13]+0.064*[#   2]
          +0.064*[#   3]+0.064*[#   4]+0.040*[#   6]+0.040*[#   8]+0.040*[#  10]
          +0.040*[#  11]+0.040*[#  15]+0.040*[#  16]
    |psi|^2 = 0.972
==== e(   9) =    16.33500 eV ==== 
     psi = 0.106*[#   7]+0.106*[#  12]+0.106*[#  14]+0.062*[#   6]+0.062*[#   8]
          +0.062*[#  10]+0.062*[#  11]+0.062*[#  15]+0.062*[#  16]+0.036*[#   5]
          +0.036*[#   9]+0.036*[#  13]+0.019*[#   2]+0.019*[#   3]+0.019*[#   4]
          +0.009*[#   1]
    |psi|^2 = 0.867
==== e(  10) =    16.33515 eV ==== 
     psi = 0.106*[#   2]+0.106*[#   3]+0.106*[#   4]+0.063*[#   6]+0.063*[#   8]
          +0.063*[#  10]+0.063*[#  11]+0.063*[#  15]+0.063*[#  16]+0.050*[#   1]
          +0.023*[#   5]+0.023*[#   9]+0.023*[#  13]+0.019*[#   7]+0.019*[#  12]
          +0.019*[#  14]
    |psi|^2 = 0.867

 k =   0.3750000000 -0.5000000000 -0.5000000000
==== e(   1) =     2.41595 eV ==== 
     psi = 0.202*[#   7]+0.202*[#  12]+0.202*[#  14]+0.129*[#   5]+0.129*[#   9]
          +0.129*[#  13]
    |psi|^2 = 0.993
==== e(   2) =     2.41595 eV ==== 
     psi = 0.129*[#   5]+0.129*[#   9]+0.129*[#  13]+0.084*[#   2]+0.084*[#   3]
          +0.084*[#   4]+0.059*[#   6]+0.059*[#   8]+0.059*[#  10]+0.059*[#  11]
          +0.059*[#  15]+0.059*[#  16]
    |psi|^2 = 0.993
==== e(   3) =     2.41595 eV ==== 
     psi = 0.129*[#   5]+0.129*[#   9]+0.129*[#  13]+0.084*[#   2]+0.084*[#   3]
          +0.084*[#   4]+0.059*[#   6]+0.059*[#   8]+0.059*[#  10]+0.059*[#  11]
          +0.059*[#  15]+0.059*[#  16]
    |psi|^2 = 0.993
==== e(   4) =     2.41597 eV ==== 
     psi = 0.387*[#   1]+0.084*[#   6]+0.084*[#   8]+0.084*[#  10]+0.084*[#  11]
          +0.084*[#  15]+0.084*[#  16]+0.035*[#   2]+0.035*[#   3]+0.035*[#   4]
          
    |psi|^2 = 0.993
==== e(   5) =     4.58364 eV ==== 
     psi = 0.180*[#   5]+0.180*[#   9]+0.180*[#  13]+0.147*[#   7]+0.147*[#  12]
          +0.147*[#  14]
    |psi|^2 = 0.981
==== e(   6) =     4.58364 eV ==== 
     psi = 0.180*[#   5]+0.180*[#   9]+0.180*[#  13]+0.058*[#   6]+0.058*[#   8]
          +0.058*[#  10]+0.058*[#  11]+0.058*[#  15]+0.058*[#  16]+0.030*[#   2]
          +0.030*[#   3]+0.030*[#   4]
    |psi|^2 = 0.981
==== e(   7) =     4.58364 eV ==== 
     psi = 0.180*[#   5]+0.180*[#   9]+0.180*[#  13]+0.058*[#   6]+0.058*[#   8]
          +0.058*[#  10]+0.058*[#  11]+0.058*[#  15]+0.058*[#  16]+0.030*[#   2]
          +0.030*[#   3]+0.030*[#   4]
    |psi|^2 = 0.981
==== e(   8) =     4.58366 eV ==== 
     psi = 0.540*[#   1]+0.086*[#   2]+0.086*[#   3]+0.086*[#   4]+0.030*[#   6]
          +0.030*[#   8]+0.030*[#  10]+0.030*[#  11]+0.030*[#  15]+0.030*[#  16]
          
    |psi|^2 = 0.981
==== e(   9) =    17.02948 eV ==== 
     psi = 0.059*[#   7]+0.059*[#  12]+0.059*[#  14]+0.055*[#   6]+0.055*[#   8]
          +0.055*[#  10]+0.055*[#  11]+0.055*[#  15]+0.055*[#  16]+0.037*[#   2]
          +0.037*[#   3]+0.037*[#   4]+0.010*[#   5]+0.010*[#   9]+0.010*[#  13]
          +0.004*[#   1]
    |psi|^2 = 0.652
==== e(  10) =    17.02951 eV ==== 
     psi = 0.087*[#   2]+0.087*[#   3]+0.087*[#   4]+0.062*[#   7]+0.062*[#  12]
          +0.062*[#  14]+0.028*[#   6]+0.028*[#   8]+0.028*[#  10]+0.028*[#  11]
          +0.028*[#  15]+0.028*[#  16]+0.022*[#   1]+0.005*[#   5]+0.005*[#   9]
          +0.005*[#  13]
    |psi|^2 = 0.652

 k =  -0.5000000000 -0.5000000000 -0.5000000000
==== e(   1) =     3.26994 eV ==== 
     psi = 0.333*[#   7]+0.333*[#  12]+0.333*[#  14]
    |psi|^2 = 0.999
==== e(   2) =     3.26994 eV ==== 
     psi = 0.111*[#   2]+0.111*[#   3]+0.111*[#   4]+0.111*[#   6]+0.111*[#   8]
          +0.111*[#  10]+0.111*[#  11]+0.111*[#  15]+0.111*[#  16]
    |psi|^2 = 0.999
==== e(   3) =     3.26994 eV ==== 
     psi = 0.111*[#   2]+0.111*[#   3]+0.111*[#   4]+0.111*[#   6]+0.111*[#   8]
          +0.111*[#  10]+0.111*[#  11]+0.111*[#  15]+0.111*[#  16]
    |psi|^2 = 0.999
==== e(   4) =     3.26994 eV ==== 
     psi = 0.111*[#   2]+0.111*[#   3]+0.111*[#   4]+0.111*[#   6]+0.111*[#   8]
          +0.111*[#  10]+0.111*[#  11]+0.111*[#  15]+0.111*[#  16]
    |psi|^2 = 0.999
==== e(   5) =     3.46819 eV ==== 
     psi = 0.325*[#   5]+0.325*[#   9]+0.325*[#  13]
    |psi|^2 = 0.976
==== e(   6) =     3.46819 eV ==== 
     psi = 0.325*[#   5]+0.325*[#   9]+0.325*[#  13]
    |psi|^2 = 0.976
==== e(   7) =     3.46819 eV ==== 
     psi = 0.325*[#   5]+0.325*[#   9]+0.325*[#  13]
    |psi|^2 = 0.976
==== e(   8) =     3.46823 eV ==== 
     psi = 0.976*[#   1]
    |psi|^2 = 0.976
==== e(   9) =    19.18408 eV ==== 
     psi = 0.124*[#   7]+0.124*[#  12]+0.124*[#  14]+0.089*[#   6]+0.089*[#   8]
          +0.089*[#  10]+0.089*[#  11]+0.089*[#  15]+0.089*[#  16]+0.021*[#   2]
          +0.021*[#   3]+0.021*[#   4]
    |psi|^2 = 0.972
==== e(  10) =    19.18410 eV ==== 
     psi = 0.113*[#   2]+0.113*[#   3]+0.113*[#   4]+0.097*[#   6]+0.097*[#   8]
          +0.097*[#  10]+0.097*[#  11]+0.097*[#  15]+0.097*[#  16]+0.018*[#   7]
          +0.018*[#  12]+0.018*[#  14]
    |psi|^2 = 0.972

Lowdin Charges: 

     Atom #   1: total charge =   2.9587, s =  0.9438, 
     Atom #   1: total charge =   2.9587, p =  2.0150, pz=  0.6717, px=  0.6717, py=  0.6717, 
     Atom #   2: total charge =   2.9587, s =  0.9438, 
     Atom #   2: total charge =   2.9587, p =  2.0150, pz=  0.6717, px=  0.6717, py=  0.6717, 
     Atom #   3: total charge =   2.9587, s =  0.9438, 
     Atom #   3: total charge =   2.9587, p =  2.0150, pz=  0.6717, px=  0.6717, py=  0.6717, 
     Atom #   4: total charge =   2.9587, s =  0.9438, 
     Atom #   4: total charge =   2.9587, p =  2.0150, pz=  0.6717, px=  0.6717, py=  0.6717, 
     Spilling Parameter:   0.0138

     PROJWFC      :      2.14s CPU      2.09s WALL


   This run was terminated on:   2:35:25  25Jul2026            

=------------------------------------------------------------------------------=
   JOB DONE.
=------------------------------------------------------------------------------=
