
     Program PROJWFC v.6.7MaX starts on  4Aug2026 at  1: 3:20 

     This program is part of the open-source Quantum ESPRESSO suite
     for quantum simulation of materials; please cite
         "P. Giannozzi et al., J. Phys.:Condens. Matter 21 395502 (2009);
         "P. Giannozzi et al., J. Phys.:Condens. Matter 29 465901 (2017);
          URL http://www.quantum-espresso.org", 
     in publications or presentations arising from this work. More details at
     http://www.quantum-espresso.org/quote

     Parallel version (MPI), running on     1 processors

     MPI processes distributed on     1 nodes

     Reading xml data from directory:

     ./tmp_Al/Al.save/
     file Al.pbe-n-kjpaw_psl.1.0.0.UPF: wavefunction(s)  3S 3P renormalized

     IMPORTANT: XC functional enforced from input :
     Exchange-correlation= PBE
                           (   1   4   3   4   0   0   0)
     Any further DFT definition will be discarded
     Please, verify this is what you really want


     G-vector sticks info
     --------------------
     sticks:   dense  smooth     PW     G-vecs:    dense   smooth      PW
     Sum         941     749    233                21367    15419    2601


     Gaussian broadening (read from input): ngauss,degauss=   1    0.010000


     Calling projwave .... 

  Problem Sizes 
  natomwfc =           16
  nbnd     =           10
  nkstot   =          165
  npwx     =         1938
  nkb      =           72


     Atomic states used for projection
     (read from pseudopotential files):

     state #   1: atom   1 (Al ), wfc  1 (l=0 m= 1)
     state #   2: atom   1 (Al ), wfc  2 (l=1 m= 1)
     state #   3: atom   1 (Al ), wfc  2 (l=1 m= 2)
     state #   4: atom   1 (Al ), wfc  2 (l=1 m= 3)
     state #   5: atom   2 (Al ), wfc  1 (l=0 m= 1)
     state #   6: atom   2 (Al ), wfc  2 (l=1 m= 1)
     state #   7: atom   2 (Al ), wfc  2 (l=1 m= 2)
     state #   8: atom   2 (Al ), wfc  2 (l=1 m= 3)
     state #   9: atom   3 (Al ), wfc  1 (l=0 m= 1)
     state #  10: atom   3 (Al ), wfc  2 (l=1 m= 1)
     state #  11: atom   3 (Al ), wfc  2 (l=1 m= 2)
     state #  12: atom   3 (Al ), wfc  2 (l=1 m= 3)
     state #  13: atom   4 (Al ), wfc  1 (l=0 m= 1)
     state #  14: atom   4 (Al ), wfc  2 (l=1 m= 1)
     state #  15: atom   4 (Al ), wfc  2 (l=1 m= 2)
     state #  16: atom   4 (Al ), wfc  2 (l=1 m= 3)

 k =   0.0000000000  0.0000000000  0.0000000000
==== e(   1) =    -3.25404 eV ==== 
     psi = 0.250*[#   1]+0.250*[#   5]+0.250*[#   9]+0.250*[#  13]
    |psi|^2 = 1.000
==== e(   2) =     4.93048 eV ==== 
     psi = 0.083*[#   2]+0.083*[#   3]+0.083*[#   4]+0.083*[#   6]+0.083*[#   7]
          +0.083*[#   8]+0.083*[#  10]+0.083*[#  11]+0.083*[#  12]+0.083*[#  14]
          +0.083*[#  15]+0.083*[#  16]
    |psi|^2 = 0.999
==== e(   3) =     4.93048 eV ==== 
     psi = 0.083*[#   2]+0.083*[#   3]+0.083*[#   4]+0.083*[#   6]+0.083*[#   7]
          +0.083*[#   8]+0.083*[#  10]+0.083*[#  11]+0.083*[#  12]+0.083*[#  14]
          +0.083*[#  15]+0.083*[#  16]
    |psi|^2 = 0.999
==== e(   4) =     4.93048 eV ==== 
     psi = 0.083*[#   2]+0.083*[#   3]+0.083*[#   4]+0.083*[#   6]+0.083*[#   7]
          +0.083*[#   8]+0.083*[#  10]+0.083*[#  11]+0.083*[#  12]+0.083*[#  14]
          +0.083*[#  15]+0.083*[#  16]
    |psi|^2 = 0.999
==== e(   5) =     6.23933 eV ==== 
     psi = 0.645*[#   1]+0.072*[#   5]+0.072*[#   9]+0.072*[#  13]
    |psi|^2 = 0.860
==== e(   6) =     6.23934 eV ==== 
     psi = 0.287*[#   5]+0.287*[#   9]+0.287*[#  13]
    |psi|^2 = 0.860
==== e(   7) =     6.23934 eV ==== 
     psi = 0.287*[#   5]+0.287*[#   9]+0.287*[#  13]
    |psi|^2 = 0.860
==== e(   8) =    13.09488 eV ==== 

    |psi|^2 = 0.000
==== e(   9) =    13.09488 eV ==== 

    |psi|^2 = 0.000
==== e(  10) =    13.09488 eV ==== 

    |psi|^2 = 0.000

 k =   0.0000000000  0.0000000000  0.0625000000
==== e(   1) =    -3.21874 eV ==== 
     psi = 0.239*[#   1]+0.239*[#   5]+0.239*[#   9]+0.239*[#  13]+0.004*[#   2]
          +0.004*[#   3]+0.004*[#   4]+0.004*[#   6]+0.004*[#   7]+0.004*[#   8]
          +0.004*[#  10]+0.004*[#  11]+0.004*[#  12]+0.004*[#  14]+0.004*[#  15]
          +0.004*[#  16]
    |psi|^2 = 1.000
==== e(   2) =     4.35615 eV ==== 
     psi = 0.066*[#   2]+0.066*[#   3]+0.066*[#   4]+0.066*[#   6]+0.066*[#   7]
          +0.066*[#   8]+0.066*[#  10]+0.066*[#  11]+0.066*[#  12]+0.066*[#  14]
          +0.066*[#  15]+0.066*[#  16]+0.049*[#   1]+0.049*[#   5]+0.049*[#   9]
          +0.049*[#  13]
    |psi|^2 = 0.985
==== e(   3) =     4.96276 eV ==== 
     psi = 0.083*[#   2]+0.083*[#   3]+0.083*[#   4]+0.083*[#   6]+0.083*[#   7]
          +0.083*[#   8]+0.083*[#  10]+0.083*[#  11]+0.083*[#  12]+0.083*[#  14]
          +0.083*[#  15]+0.083*[#  16]
    |psi|^2 = 0.999
==== e(   4) =     4.96276 eV ==== 
     psi = 0.083*[#   2]+0.083*[#   3]+0.083*[#   4]+0.083*[#   6]+0.083*[#   7]
          +0.083*[#   8]+0.083*[#  10]+0.083*[#  11]+0.083*[#  12]+0.083*[#  14]
          +0.083*[#  15]+0.083*[#  16]
    |psi|^2 = 0.999
==== e(   5) =     6.27350 eV ==== 
     psi = 0.423*[#   1]+0.141*[#   5]+0.141*[#   9]+0.141*[#  13]+0.003*[#   2]
          +0.003*[#   3]+0.003*[#   4]+0.003*[#   7]+0.003*[#  12]+0.003*[#  14]
          
    |psi|^2 = 0.864
==== e(   6) =     6.27351 eV ==== 
     psi = 0.282*[#   5]+0.282*[#   9]+0.282*[#  13]+0.003*[#   6]+0.003*[#   8]
          +0.003*[#  10]+0.003*[#  11]+0.003*[#  15]+0.003*[#  16]
    |psi|^2 = 0.864
==== e(   7) =     6.87480 eV ==== 
     psi = 0.165*[#   1]+0.165*[#   5]+0.165*[#   9]+0.165*[#  13]+0.017*[#   2]
          +0.017*[#   3]+0.017*[#   4]+0.017*[#   6]+0.017*[#   7]+0.017*[#   8]
          +0.017*[#  10]+0.017*[#  11]+0.017*[#  12]+0.017*[#  14]+0.017*[#  15]
          +0.017*[#  16]
    |psi|^2 = 0.864
==== e(   8) =    12.22967 eV ==== 
     psi = 0.047*[#   2]+0.047*[#   3]+0.047*[#   4]+0.047*[#   6]+0.047*[#   7]
          +0.047*[#   8]+0.047*[#  10]+0.047*[#  11]+0.047*[#  12]+0.047*[#  14]
          +0.047*[#  15]+0.047*[#  16]
    |psi|^2 = 0.560
==== e(   9) =    12.22967 eV ==== 
     psi = 0.047*[#   2]+0.047*[#   3]+0.047*[#   4]+0.047*[#   6]+0.047*[#   7]
          +0.047*[#   8]+0.047*[#  10]+0.047*[#  11]+0.047*[#  12]+0.047*[#  14]
          +0.047*[#  15]+0.047*[#  16]
    |psi|^2 = 0.560
==== e(  10) =    13.12975 eV ==== 

    |psi|^2 = 0.000

 k =   0.0000000000  0.0000000000  0.1250000000
==== e(   1) =    -3.11297 eV ==== 
     psi = 0.211*[#   1]+0.211*[#   5]+0.211*[#   9]+0.211*[#  13]+0.013*[#   2]
          +0.013*[#   3]+0.013*[#   4]+0.013*[#   6]+0.013*[#   7]+0.013*[#   8]
          +0.013*[#  10]+0.013*[#  11]+0.013*[#  12]+0.013*[#  14]+0.013*[#  15]
          +0.013*[#  16]
    |psi|^2 = 0.999
==== e(   2) =     3.45895 eV ==== 
     psi = 0.069*[#   1]+0.069*[#   5]+0.069*[#   9]+0.069*[#  13]+0.059*[#   2]
          +0.059*[#   3]+0.059*[#   4]+0.059*[#   6]+0.059*[#   7]+0.059*[#   8]
          +0.059*[#  10]+0.059*[#  11]+0.059*[#  12]+0.059*[#  14]+0.059*[#  15]
          +0.059*[#  16]
    |psi|^2 = 0.987
==== e(   3) =     5.05963 eV ==== 
     psi = 0.083*[#   2]+0.083*[#   3]+0.083*[#   4]+0.083*[#   6]+0.083*[#   7]
          +0.083*[#   8]+0.083*[#  10]+0.083*[#  11]+0.083*[#  12]+0.083*[#  14]
          +0.083*[#  15]+0.083*[#  16]
    |psi|^2 = 0.998
==== e(   4) =     5.05963 eV ==== 
     psi = 0.083*[#   2]+0.083*[#   3]+0.083*[#   4]+0.083*[#   6]+0.083*[#   7]
          +0.083*[#   8]+0.083*[#  10]+0.083*[#  11]+0.083*[#  12]+0.083*[#  14]
          +0.083*[#  15]+0.083*[#  16]
    |psi|^2 = 0.998
==== e(   5) =     6.37576 eV ==== 
     psi = 0.403*[#   1]+0.134*[#   5]+0.134*[#   9]+0.134*[#  13]+0.012*[#   2]
          +0.012*[#   3]+0.012*[#   4]+0.012*[#   7]+0.012*[#  12]+0.012*[#  14]
          
    |psi|^2 = 0.875
==== e(   6) =     6.37576 eV ==== 
     psi = 0.269*[#   5]+0.269*[#   9]+0.269*[#  13]+0.012*[#   6]+0.012*[#   8]
          +0.012*[#  10]+0.012*[#  11]+0.012*[#  15]+0.012*[#  16]
    |psi|^2 = 0.875
==== e(   7) =     7.95538 eV ==== 
     psi = 0.141*[#   1]+0.141*[#   5]+0.141*[#   9]+0.141*[#  13]+0.022*[#   2]
          +0.022*[#   3]+0.022*[#   4]+0.022*[#   6]+0.022*[#   7]+0.022*[#   8]
          +0.022*[#  10]+0.022*[#  11]+0.022*[#  12]+0.022*[#  14]+0.022*[#  15]
          +0.022*[#  16]
    |psi|^2 = 0.832
==== e(   8) =    11.29004 eV ==== 
     psi = 0.060*[#   2]+0.060*[#   3]+0.060*[#   4]+0.060*[#   6]+0.060*[#   7]
          +0.060*[#   8]+0.060*[#  10]+0.060*[#  11]+0.060*[#  12]+0.060*[#  14]
          +0.060*[#  15]+0.060*[#  16]
    |psi|^2 = 0.718
==== e(   9) =    11.29004 eV ==== 
     psi = 0.060*[#   2]+0.060*[#   3]+0.060*[#   4]+0.060*[#   6]+0.060*[#   7]
          +0.060*[#   8]+0.060*[#  10]+0.060*[#  11]+0.060*[#  12]+0.060*[#  14]
          +0.060*[#  15]+0.060*[#  16]
    |psi|^2 = 0.718
==== e(  10) =    12.54680 eV ==== 
     psi = 0.098*[#   2]+0.098*[#   3]+0.098*[#   4]+0.098*[#   7]+0.098*[#  12]
          +0.098*[#  14]+0.042*[#   6]+0.042*[#   8]+0.042*[#  10]+0.042*[#  11]
          +0.042*[#  15]+0.042*[#  16]+0.040*[#   1]+0.025*[#   5]+0.025*[#   9]
          +0.025*[#  13]
    |psi|^2 = 0.958

 k =   0.0000000000  0.0000000000  0.1875000000
==== e(   1) =    -2.93686 eV ==== 
     psi = 0.178*[#   1]+0.178*[#   5]+0.178*[#   9]+0.178*[#  13]+0.024*[#   2]
          +0.024*[#   3]+0.024*[#   4]+0.024*[#   6]+0.024*[#   7]+0.024*[#   8]
          +0.024*[#  10]+0.024*[#  11]+0.024*[#  12]+0.024*[#  14]+0.024*[#  15]
          +0.024*[#  16]
    |psi|^2 = 0.999
==== e(   2) =     2.57035 eV ==== 
     psi = 0.074*[#   1]+0.074*[#   5]+0.074*[#   9]+0.074*[#  13]+0.058*[#   2]
          +0.058*[#   3]+0.058*[#   4]+0.058*[#   6]+0.058*[#   7]+0.058*[#   8]
          +0.058*[#  10]+0.058*[#  11]+0.058*[#  12]+0.058*[#  14]+0.058*[#  15]
          +0.058*[#  16]
    |psi|^2 = 0.991
==== e(   3) =     5.22112 eV ==== 
     psi = 0.083*[#   2]+0.083*[#   3]+0.083*[#   4]+0.083*[#   6]+0.083*[#   7]
          +0.083*[#   8]+0.083*[#  10]+0.083*[#  11]+0.083*[#  12]+0.083*[#  14]
          +0.083*[#  15]+0.083*[#  16]
    |psi|^2 = 0.998
==== e(   4) =     5.22112 eV ==== 
     psi = 0.083*[#   2]+0.083*[#   3]+0.083*[#   4]+0.083*[#   6]+0.083*[#   7]
          +0.083*[#   8]+0.083*[#  10]+0.083*[#  11]+0.083*[#  12]+0.083*[#  14]
          +0.083*[#  15]+0.083*[#  16]
    |psi|^2 = 0.998
==== e(   5) =     6.54526 eV ==== 
     psi = 0.372*[#   1]+0.124*[#   5]+0.124*[#   9]+0.124*[#  13]+0.024*[#   2]
          +0.024*[#   3]+0.024*[#   4]+0.024*[#   7]+0.024*[#  12]+0.024*[#  14]
          
    |psi|^2 = 0.890
==== e(   6) =     6.54526 eV ==== 
     psi = 0.248*[#   5]+0.248*[#   9]+0.248*[#  13]+0.024*[#   6]+0.024*[#   8]
          +0.024*[#  10]+0.024*[#  11]+0.024*[#  15]+0.024*[#  16]
    |psi|^2 = 0.890
==== e(   7) =     9.14943 eV ==== 
     psi = 0.128*[#   1]+0.128*[#   5]+0.128*[#   9]+0.128*[#  13]+0.022*[#   2]
          +0.022*[#   3]+0.022*[#   4]+0.022*[#   6]+0.022*[#   7]+0.022*[#   8]
          +0.022*[#  10]+0.022*[#  11]+0.022*[#  12]+0.022*[#  14]+0.022*[#  15]
          +0.022*[#  16]
    |psi|^2 = 0.781
==== e(   8) =    10.41218 eV ==== 
     psi = 0.068*[#   2]+0.068*[#   3]+0.068*[#   4]+0.068*[#   6]+0.068*[#   7]
          +0.068*[#   8]+0.068*[#  10]+0.068*[#  11]+0.068*[#  12]+0.068*[#  14]
          +0.068*[#  15]+0.068*[#  16]
    |psi|^2 = 0.822
==== e(   9) =    10.41218 eV ==== 
     psi = 0.068*[#   2]+0.068*[#   3]+0.068*[#   4]+0.068*[#   6]+0.068*[#   7]
          +0.068*[#   8]+0.068*[#  10]+0.068*[#  11]+0.068*[#  12]+0.068*[#  14]
          +0.068*[#  15]+0.068*[#  16]
    |psi|^2 = 0.822
==== e(  10) =    11.82861 eV ==== 
     psi = 0.126*[#   2]+0.126*[#   3]+0.126*[#   4]+0.126*[#   7]+0.126*[#  12]
          +0.126*[#  14]+0.102*[#   1]+0.034*[#   5]+0.034*[#   9]+0.034*[#  13]
          
    |psi|^2 = 0.958

 k =   0.0000000000  0.0000000000  0.2500000000
==== e(   1) =    -2.69068 eV ==== 
     psi = 0.148*[#   1]+0.148*[#   5]+0.148*[#   9]+0.148*[#  13]+0.034*[#   2]
          +0.034*[#   3]+0.034*[#   4]+0.034*[#   6]+0.034*[#   7]+0.034*[#   8]
          +0.034*[#  10]+0.034*[#  11]+0.034*[#  12]+0.034*[#  14]+0.034*[#  15]
          +0.034*[#  16]
    |psi|^2 = 0.999
==== e(   2) =     1.73024 eV ==== 
     psi = 0.075*[#   1]+0.075*[#   5]+0.075*[#   9]+0.075*[#  13]+0.058*[#   2]
          +0.058*[#   3]+0.058*[#   4]+0.058*[#   6]+0.058*[#   7]+0.058*[#   8]
          +0.058*[#  10]+0.058*[#  11]+0.058*[#  12]+0.058*[#  14]+0.058*[#  15]
          +0.058*[#  16]
    |psi|^2 = 0.995
==== e(   3) =     5.44731 eV ==== 
     psi = 0.083*[#   2]+0.083*[#   3]+0.083*[#   4]+0.083*[#   6]+0.083*[#   7]
          +0.083*[#   8]+0.083*[#  10]+0.083*[#  11]+0.083*[#  12]+0.083*[#  14]
          +0.083*[#  15]+0.083*[#  16]
    |psi|^2 = 0.996
==== e(   4) =     5.44731 eV ==== 
     psi = 0.083*[#   2]+0.083*[#   3]+0.083*[#   4]+0.083*[#   6]+0.083*[#   7]
          +0.083*[#   8]+0.083*[#  10]+0.083*[#  11]+0.083*[#  12]+0.083*[#  14]
          +0.083*[#  15]+0.083*[#  16]
    |psi|^2 = 0.996
==== e(   5) =     6.78026 eV ==== 
     psi = 0.332*[#   1]+0.111*[#   5]+0.111*[#   9]+0.111*[#  13]+0.040*[#   2]
          +0.040*[#   3]+0.040*[#   4]+0.040*[#   7]+0.040*[#  12]+0.040*[#  14]
          
    |psi|^2 = 0.906
==== e(   6) =     6.78027 eV ==== 
     psi = 0.221*[#   5]+0.221*[#   9]+0.221*[#  13]+0.040*[#   6]+0.040*[#   8]
          +0.040*[#  10]+0.040*[#  11]+0.040*[#  15]+0.040*[#  16]
    |psi|^2 = 0.906
==== e(   7) =     9.59909 eV ==== 
     psi = 0.074*[#   2]+0.074*[#   3]+0.074*[#   4]+0.074*[#   6]+0.074*[#   7]
          +0.074*[#   8]+0.074*[#  10]+0.074*[#  11]+0.074*[#  12]+0.074*[#  14]
          +0.074*[#  15]+0.074*[#  16]
    |psi|^2 = 0.890
==== e(   8) =     9.59909 eV ==== 
     psi = 0.074*[#   2]+0.074*[#   3]+0.074*[#   4]+0.074*[#   6]+0.074*[#   7]
          +0.074*[#   8]+0.074*[#  10]+0.074*[#  11]+0.074*[#  12]+0.074*[#  14]
          +0.074*[#  15]+0.074*[#  16]
    |psi|^2 = 0.890
==== e(   9) =    10.41668 eV ==== 
     psi = 0.118*[#   1]+0.118*[#   5]+0.118*[#   9]+0.118*[#  13]+0.020*[#   2]
          +0.020*[#   3]+0.020*[#   4]+0.020*[#   6]+0.020*[#   7]+0.020*[#   8]
          +0.020*[#  10]+0.020*[#  11]+0.020*[#  12]+0.020*[#  14]+0.020*[#  15]
          +0.020*[#  16]
    |psi|^2 = 0.715
==== e(  10) =    11.09683 eV ==== 
     psi = 0.127*[#   1]+0.093*[#   2]+0.093*[#   3]+0.093*[#   4]+0.093*[#   7]
          +0.093*[#  12]+0.093*[#  14]+0.058*[#   5]+0.058*[#   9]+0.058*[#  13]
          +0.018*[#   6]+0.018*[#   8]+0.018*[#  10]+0.018*[#  11]+0.018*[#  15]
          +0.018*[#  16]
    |psi|^2 = 0.964

 k =   0.0000000000  0.0000000000  0.3125000000
==== e(   1) =    -2.37479 eV ==== 
     psi = 0.125*[#   1]+0.125*[#   5]+0.125*[#   9]+0.125*[#  13]+0.042*[#   2]
          +0.042*[#   3]+0.042*[#   4]+0.042*[#   6]+0.042*[#   7]+0.042*[#   8]
          +0.042*[#  10]+0.042*[#  11]+0.042*[#  12]+0.042*[#  14]+0.042*[#  15]
          +0.042*[#  16]
    |psi|^2 = 0.999
==== e(   2) =     0.94856 eV ==== 
     psi = 0.076*[#   1]+0.076*[#   5]+0.076*[#   9]+0.076*[#  13]+0.058*[#   2]
          +0.058*[#   3]+0.058*[#   4]+0.058*[#   6]+0.058*[#   7]+0.058*[#   8]
          +0.058*[#  10]+0.058*[#  11]+0.058*[#  12]+0.058*[#  14]+0.058*[#  15]
          +0.058*[#  16]
    |psi|^2 = 0.997
==== e(   3) =     5.73829 eV ==== 
     psi = 0.083*[#   2]+0.083*[#   3]+0.083*[#   4]+0.083*[#   6]+0.083*[#   7]
          +0.083*[#   8]+0.083*[#  10]+0.083*[#  11]+0.083*[#  12]+0.083*[#  14]
          +0.083*[#  15]+0.083*[#  16]
    |psi|^2 = 0.995
==== e(   4) =     5.73829 eV ==== 
     psi = 0.083*[#   2]+0.083*[#   3]+0.083*[#   4]+0.083*[#   6]+0.083*[#   7]
          +0.083*[#   8]+0.083*[#  10]+0.083*[#  11]+0.083*[#  12]+0.083*[#  14]
          +0.083*[#  15]+0.083*[#  16]
    |psi|^2 = 0.995
==== e(   5) =     7.07719 eV ==== 
     psi = 0.282*[#   1]+0.094*[#   5]+0.094*[#   9]+0.094*[#  13]+0.059*[#   2]
          +0.059*[#   3]+0.059*[#   4]+0.059*[#   7]+0.059*[#  12]+0.059*[#  14]
          
    |psi|^2 = 0.920
==== e(   6) =     7.07719 eV ==== 
     psi = 0.188*[#   5]+0.188*[#   9]+0.188*[#  13]+0.059*[#   6]+0.059*[#   8]
          +0.059*[#  10]+0.059*[#  11]+0.059*[#  15]+0.059*[#  16]
    |psi|^2 = 0.920
==== e(   7) =     8.85138 eV ==== 
     psi = 0.078*[#   2]+0.078*[#   3]+0.078*[#   4]+0.078*[#   6]+0.078*[#   7]
          +0.078*[#   8]+0.078*[#  10]+0.078*[#  11]+0.078*[#  12]+0.078*[#  14]
          +0.078*[#  15]+0.078*[#  16]
    |psi|^2 = 0.933
==== e(   8) =     8.85138 eV ==== 
     psi = 0.078*[#   2]+0.078*[#   3]+0.078*[#   4]+0.078*[#   6]+0.078*[#   7]
          +0.078*[#   8]+0.078*[#  10]+0.078*[#  11]+0.078*[#  12]+0.078*[#  14]
          +0.078*[#  15]+0.078*[#  16]
    |psi|^2 = 0.933
==== e(   9) =    10.39445 eV ==== 
     psi = 0.205*[#   1]+0.093*[#   2]+0.093*[#   3]+0.093*[#   4]+0.093*[#   7]
          +0.093*[#  12]+0.093*[#  14]+0.068*[#   5]+0.068*[#   9]+0.068*[#  13]
          
    |psi|^2 = 0.970
==== e(  10) =    10.39447 eV ==== 
     psi = 0.137*[#   5]+0.137*[#   9]+0.137*[#  13]+0.093*[#   6]+0.093*[#   8]
          +0.093*[#  10]+0.093*[#  11]+0.093*[#  15]+0.093*[#  16]
    |psi|^2 = 0.970

 k =   0.0000000000  0.0000000000  0.3750000000
==== e(   1) =    -1.98968 eV ==== 
     psi = 0.107*[#   1]+0.107*[#   5]+0.107*[#   9]+0.107*[#  13]+0.048*[#   2]
          +0.048*[#   3]+0.048*[#   4]+0.048*[#   6]+0.048*[#   7]+0.048*[#   8]
          +0.048*[#  10]+0.048*[#  11]+0.048*[#  12]+0.048*[#  14]+0.048*[#  15]
          +0.048*[#  16]
    |psi|^2 = 0.999
==== e(   2) =     0.22927 eV ==== 
     psi = 0.077*[#   1]+0.077*[#   5]+0.077*[#   9]+0.077*[#  13]+0.057*[#   2]
          +0.057*[#   3]+0.057*[#   4]+0.057*[#   6]+0.057*[#   7]+0.057*[#   8]
          +0.057*[#  10]+0.057*[#  11]+0.057*[#  12]+0.057*[#  14]+0.057*[#  15]
          +0.057*[#  16]
    |psi|^2 = 0.998
==== e(   3) =     6.09416 eV ==== 
     psi = 0.083*[#   2]+0.083*[#   3]+0.083*[#   4]+0.083*[#   6]+0.083*[#   7]
          +0.083*[#   8]+0.083*[#  10]+0.083*[#  11]+0.083*[#  12]+0.083*[#  14]
          +0.083*[#  15]+0.083*[#  16]
    |psi|^2 = 0.993
==== e(   4) =     6.09416 eV ==== 
     psi = 0.083*[#   2]+0.083*[#   3]+0.083*[#   4]+0.083*[#   6]+0.083*[#   7]
          +0.083*[#   8]+0.083*[#  10]+0.083*[#  11]+0.083*[#  12]+0.083*[#  14]
          +0.083*[#  15]+0.083*[#  16]
    |psi|^2 = 0.993
==== e(   5) =     7.42713 eV ==== 
     psi = 0.217*[#   1]+0.083*[#   2]+0.083*[#   3]+0.083*[#   4]+0.083*[#   7]
          +0.083*[#  12]+0.083*[#  14]+0.072*[#   5]+0.072*[#   9]+0.072*[#  13]
          
    |psi|^2 = 0.931
==== e(   6) =     7.42713 eV ==== 
     psi = 0.145*[#   5]+0.145*[#   9]+0.145*[#  13]+0.083*[#   6]+0.083*[#   8]
          +0.083*[#  10]+0.083*[#  11]+0.083*[#  15]+0.083*[#  16]
    |psi|^2 = 0.931
==== e(   7) =     8.16917 eV ==== 
     psi = 0.080*[#   2]+0.080*[#   3]+0.080*[#   4]+0.080*[#   6]+0.080*[#   7]
          +0.080*[#   8]+0.080*[#  10]+0.080*[#  11]+0.080*[#  12]+0.080*[#  14]
          +0.080*[#  15]+0.080*[#  16]
    |psi|^2 = 0.959
==== e(   8) =     8.16917 eV ==== 
     psi = 0.080*[#   2]+0.080*[#   3]+0.080*[#   4]+0.080*[#   6]+0.080*[#   7]
          +0.080*[#   8]+0.080*[#  10]+0.080*[#  11]+0.080*[#  12]+0.080*[#  14]
          +0.080*[#  15]+0.080*[#  16]
    |psi|^2 = 0.959
==== e(   9) =     9.74743 eV ==== 
     psi = 0.273*[#   1]+0.091*[#   5]+0.091*[#   9]+0.091*[#  13]+0.071*[#   2]
          +0.071*[#   3]+0.071*[#   4]+0.071*[#   7]+0.071*[#  12]+0.071*[#  14]
          
    |psi|^2 = 0.974
==== e(  10) =     9.74744 eV ==== 
     psi = 0.182*[#   5]+0.182*[#   9]+0.182*[#  13]+0.071*[#   6]+0.071*[#   8]
          +0.071*[#  10]+0.071*[#  11]+0.071*[#  15]+0.071*[#  16]
    |psi|^2 = 0.974

 k =   0.0000000000  0.0000000000  0.4375000000
==== e(   1) =    -1.53592 eV ==== 
     psi = 0.094*[#   1]+0.094*[#   5]+0.094*[#   9]+0.094*[#  13]+0.052*[#   2]
          +0.052*[#   3]+0.052*[#   4]+0.052*[#   6]+0.052*[#   7]+0.052*[#   8]
          +0.052*[#  10]+0.052*[#  11]+0.052*[#  12]+0.052*[#  14]+0.052*[#  15]
          +0.052*[#  16]
    |psi|^2 = 0.999
==== e(   2) =    -0.42549 eV ==== 
     psi = 0.080*[#   1]+0.080*[#   5]+0.080*[#   9]+0.080*[#  13]+0.056*[#   2]
          +0.056*[#   3]+0.056*[#   4]+0.056*[#   6]+0.056*[#   7]+0.056*[#   8]
          +0.056*[#  10]+0.056*[#  11]+0.056*[#  12]+0.056*[#  14]+0.056*[#  15]
          +0.056*[#  16]
    |psi|^2 = 0.999
==== e(   3) =     6.51505 eV ==== 
     psi = 0.082*[#   2]+0.082*[#   3]+0.082*[#   4]+0.082*[#   6]+0.082*[#   7]
          +0.082*[#   8]+0.082*[#  10]+0.082*[#  11]+0.082*[#  12]+0.082*[#  14]
          +0.082*[#  15]+0.082*[#  16]
    |psi|^2 = 0.989
==== e(   4) =     6.51505 eV ==== 
     psi = 0.082*[#   2]+0.082*[#   3]+0.082*[#   4]+0.082*[#   6]+0.082*[#   7]
          +0.082*[#   8]+0.082*[#  10]+0.082*[#  11]+0.082*[#  12]+0.082*[#  14]
          +0.082*[#  15]+0.082*[#  16]
    |psi|^2 = 0.989
==== e(   5) =     7.55244 eV ==== 
     psi = 0.081*[#   2]+0.081*[#   3]+0.081*[#   4]+0.081*[#   6]+0.081*[#   7]
          +0.081*[#   8]+0.081*[#  10]+0.081*[#  11]+0.081*[#  12]+0.081*[#  14]
          +0.081*[#  15]+0.081*[#  16]
    |psi|^2 = 0.975
==== e(   6) =     7.55244 eV ==== 
     psi = 0.081*[#   2]+0.081*[#   3]+0.081*[#   4]+0.081*[#   6]+0.081*[#   7]
          +0.081*[#   8]+0.081*[#  10]+0.081*[#  11]+0.081*[#  12]+0.081*[#  14]
          +0.081*[#  15]+0.081*[#  16]
    |psi|^2 = 0.975
==== e(   7) =     7.79828 eV ==== 
     psi = 0.117*[#   6]+0.117*[#   8]+0.117*[#  10]+0.117*[#  11]+0.117*[#  15]
          +0.117*[#  16]+0.077*[#   5]+0.077*[#   9]+0.077*[#  13]
    |psi|^2 = 0.935
==== e(   8) =     7.79828 eV ==== 
     psi = 0.117*[#   2]+0.117*[#   3]+0.117*[#   4]+0.117*[#   7]+0.117*[#  12]
          +0.117*[#  14]+0.116*[#   1]+0.039*[#   5]+0.039*[#   9]+0.039*[#  13]
          
    |psi|^2 = 0.935
==== e(   9) =     9.19559 eV ==== 
     psi = 0.376*[#   1]+0.125*[#   5]+0.125*[#   9]+0.125*[#  13]+0.038*[#   2]
          +0.038*[#   3]+0.038*[#   4]+0.038*[#   7]+0.038*[#  12]+0.038*[#  14]
          
    |psi|^2 = 0.978
==== e(  10) =     9.19561 eV ==== 
     psi = 0.250*[#   5]+0.250*[#   9]+0.250*[#  13]+0.038*[#   6]+0.038*[#   8]
          +0.038*[#  10]+0.038*[#  11]+0.038*[#  15]+0.038*[#  16]
    |psi|^2 = 0.978

 k =   0.0000000000  0.0000000000 -0.5000000000
==== e(   1) =    -1.01425 eV ==== 
     psi = 0.171*[#   1]+0.109*[#   6]+0.109*[#   8]+0.109*[#  10]+0.109*[#  11]
          +0.109*[#  15]+0.109*[#  16]+0.057*[#   5]+0.057*[#   9]+0.057*[#  13]
          
    |psi|^2 = 0.999
==== e(   2) =    -1.01423 eV ==== 
     psi = 0.114*[#   5]+0.114*[#   9]+0.114*[#  13]+0.109*[#   2]+0.109*[#   3]
          +0.109*[#   4]+0.109*[#   7]+0.109*[#  12]+0.109*[#  14]
    |psi|^2 = 0.999
==== e(   3) =     7.00109 eV ==== 
     psi = 0.164*[#   2]+0.164*[#   3]+0.164*[#   4]+0.082*[#   6]+0.082*[#   8]
          +0.082*[#  10]+0.082*[#  11]+0.082*[#  15]+0.082*[#  16]
    |psi|^2 = 0.984
==== e(   4) =     7.00109 eV ==== 
     psi = 0.164*[#   2]+0.164*[#   3]+0.164*[#   4]+0.082*[#   6]+0.082*[#   8]
          +0.082*[#  10]+0.082*[#  11]+0.082*[#  15]+0.082*[#  16]
    |psi|^2 = 0.984
==== e(   5) =     7.00111 eV ==== 
     psi = 0.164*[#   7]+0.164*[#  12]+0.164*[#  14]+0.082*[#   6]+0.082*[#   8]
          +0.082*[#  10]+0.082*[#  11]+0.082*[#  15]+0.082*[#  16]
    |psi|^2 = 0.984
==== e(   6) =     7.00111 eV ==== 
     psi = 0.164*[#   7]+0.164*[#  12]+0.164*[#  14]+0.082*[#   6]+0.082*[#   8]
          +0.082*[#  10]+0.082*[#  11]+0.082*[#  15]+0.082*[#  16]
    |psi|^2 = 0.984
==== e(   7) =     8.01952 eV ==== 
     psi = 0.155*[#   6]+0.155*[#   8]+0.155*[#  10]+0.155*[#  11]+0.155*[#  15]
          +0.155*[#  16]
    |psi|^2 = 0.932
==== e(   8) =     8.01953 eV ==== 
     psi = 0.155*[#   2]+0.155*[#   3]+0.155*[#   4]+0.155*[#   7]+0.155*[#  12]
          +0.155*[#  14]
    |psi|^2 = 0.932
==== e(   9) =     8.91372 eV ==== 
     psi = 0.492*[#   1]+0.164*[#   5]+0.164*[#   9]+0.164*[#  13]
    |psi|^2 = 0.984
==== e(  10) =     8.91375 eV ==== 
     psi = 0.328*[#   5]+0.328*[#   9]+0.328*[#  13]
    |psi|^2 = 0.984

 k =   0.0000000000  0.0625000000  0.0625000000
==== e(   1) =    -3.18347 eV ==== 
     psi = 0.228*[#   1]+0.228*[#   5]+0.228*[#   9]+0.228*[#  13]+0.007*[#   2]
          +0.007*[#   3]+0.007*[#   4]+0.007*[#   6]+0.007*[#   7]+0.007*[#   8]
          +0.007*[#  10]+0.007*[#  11]+0.007*[#  12]+0.007*[#  14]+0.007*[#  15]
          +0.007*[#  16]
    |psi|^2 = 1.000
==== e(   2) =     4.38914 eV ==== 
     psi = 0.096*[#   1]+0.075*[#   7]+0.075*[#  12]+0.075*[#  14]+0.066*[#   6]
          +0.066*[#   8]+0.066*[#  10]+0.066*[#  11]+0.066*[#  15]+0.066*[#  16]
          +0.058*[#   2]+0.058*[#   3]+0.058*[#   4]+0.032*[#   5]+0.032*[#   9]
          +0.032*[#  13]
    |psi|^2 = 0.985
==== e(   3) =     4.38914 eV ==== 
     psi = 0.075*[#   2]+0.075*[#   3]+0.075*[#   4]+0.066*[#   6]+0.066*[#   8]
          +0.066*[#  10]+0.066*[#  11]+0.066*[#  15]+0.066*[#  16]+0.064*[#   5]
          +0.064*[#   9]+0.064*[#  13]+0.058*[#   7]+0.058*[#  12]+0.058*[#  14]
          
    |psi|^2 = 0.985
==== e(   4) =     4.99505 eV ==== 
     psi = 0.083*[#   2]+0.083*[#   3]+0.083*[#   4]+0.083*[#   6]+0.083*[#   7]
          +0.083*[#   8]+0.083*[#  10]+0.083*[#  11]+0.083*[#  12]+0.083*[#  14]
          +0.083*[#  15]+0.083*[#  16]
    |psi|^2 = 0.999
==== e(   5) =     6.30758 eV ==== 
     psi = 0.208*[#   1]+0.208*[#   5]+0.208*[#   9]+0.208*[#  13]+0.003*[#   2]
          +0.003*[#   3]+0.003*[#   4]+0.003*[#   6]+0.003*[#   7]+0.003*[#   8]
          +0.003*[#  10]+0.003*[#  11]+0.003*[#  12]+0.003*[#  14]+0.003*[#  15]
          +0.003*[#  16]
    |psi|^2 = 0.867
==== e(   6) =     6.90819 eV ==== 
     psi = 0.324*[#   1]+0.108*[#   5]+0.108*[#   9]+0.108*[#  13]+0.027*[#   2]
          +0.027*[#   3]+0.027*[#   4]+0.018*[#   6]+0.018*[#   8]+0.018*[#  10]
          +0.018*[#  11]+0.018*[#  15]+0.018*[#  16]+0.009*[#   7]+0.009*[#  12]
          +0.009*[#  14]
    |psi|^2 = 0.867
==== e(   7) =     6.90820 eV ==== 
     psi = 0.216*[#   5]+0.216*[#   9]+0.216*[#  13]+0.027*[#   7]+0.027*[#  12]
          +0.027*[#  14]+0.018*[#   6]+0.018*[#   8]+0.018*[#  10]+0.018*[#  11]
          +0.018*[#  15]+0.018*[#  16]+0.009*[#   2]+0.009*[#   3]+0.009*[#   4]
          
    |psi|^2 = 0.867
==== e(   8) =    11.63209 eV ==== 
     psi = 0.056*[#   2]+0.056*[#   3]+0.056*[#   4]+0.056*[#   6]+0.056*[#   7]
          +0.056*[#   8]+0.056*[#  10]+0.056*[#  11]+0.056*[#  12]+0.056*[#  14]
          +0.056*[#  15]+0.056*[#  16]+0.008*[#   1]+0.008*[#   5]+0.008*[#   9]
          +0.008*[#  13]
    |psi|^2 = 0.707
==== e(   9) =    12.26245 eV ==== 
     psi = 0.093*[#   2]+0.093*[#   3]+0.093*[#   4]+0.093*[#   7]+0.093*[#  12]
          +0.093*[#  14]
    |psi|^2 = 0.561
==== e(  10) =    12.26246 eV ==== 
     psi = 0.093*[#   6]+0.093*[#   8]+0.093*[#  10]+0.093*[#  11]+0.093*[#  15]
          +0.093*[#  16]
    |psi|^2 = 0.561

 k =   0.0000000000  0.0625000000  0.1250000000
==== e(   1) =    -3.07773 eV ==== 
     psi = 0.203*[#   1]+0.203*[#   5]+0.203*[#   9]+0.203*[#  13]+0.016*[#   2]
          +0.016*[#   3]+0.016*[#   4]+0.016*[#   6]+0.016*[#   7]+0.016*[#   8]
          +0.016*[#  10]+0.016*[#  11]+0.016*[#  12]+0.016*[#  14]+0.016*[#  15]
          +0.016*[#  16]
    |psi|^2 = 0.999
==== e(   2) =     3.49242 eV ==== 
     psi = 0.068*[#   1]+0.068*[#   5]+0.068*[#   9]+0.068*[#  13]+0.060*[#   2]
          +0.060*[#   3]+0.060*[#   4]+0.060*[#   6]+0.060*[#   7]+0.060*[#   8]
          +0.060*[#  10]+0.060*[#  11]+0.060*[#  12]+0.060*[#  14]+0.060*[#  15]
          +0.060*[#  16]
    |psi|^2 = 0.987
==== e(   3) =     4.48806 eV ==== 
     psi = 0.067*[#   2]+0.067*[#   3]+0.067*[#   4]+0.067*[#   6]+0.067*[#   7]
          +0.067*[#   8]+0.067*[#  10]+0.067*[#  11]+0.067*[#  12]+0.067*[#  14]
          +0.067*[#  15]+0.067*[#  16]+0.046*[#   1]+0.046*[#   5]+0.046*[#   9]
          +0.046*[#  13]
    |psi|^2 = 0.986
==== e(   4) =     5.09192 eV ==== 
     psi = 0.083*[#   2]+0.083*[#   3]+0.083*[#   4]+0.083*[#   6]+0.083*[#   7]
          +0.083*[#   8]+0.083*[#  10]+0.083*[#  11]+0.083*[#  12]+0.083*[#  14]
          +0.083*[#  15]+0.083*[#  16]
    |psi|^2 = 0.998
==== e(   5) =     6.40949 eV ==== 
     psi = 0.198*[#   1]+0.198*[#   5]+0.198*[#   9]+0.198*[#  13]+0.007*[#   2]
          +0.007*[#   3]+0.007*[#   4]+0.007*[#   6]+0.007*[#   7]+0.007*[#   8]
          +0.007*[#  10]+0.007*[#  11]+0.007*[#  12]+0.007*[#  14]+0.007*[#  15]
          +0.007*[#  16]
    |psi|^2 = 0.877
==== e(   6) =     7.00813 eV ==== 
     psi = 0.153*[#   1]+0.153*[#   5]+0.153*[#   9]+0.153*[#  13]+0.022*[#   2]
          +0.022*[#   3]+0.022*[#   4]+0.022*[#   6]+0.022*[#   7]+0.022*[#   8]
          +0.022*[#  10]+0.022*[#  11]+0.022*[#  12]+0.022*[#  14]+0.022*[#  15]
          +0.022*[#  16]
    |psi|^2 = 0.878
==== e(   7) =     7.98804 eV ==== 
     psi = 0.138*[#   1]+0.138*[#   5]+0.138*[#   9]+0.138*[#  13]+0.024*[#   2]
          +0.024*[#   3]+0.024*[#   4]+0.024*[#   6]+0.024*[#   7]+0.024*[#   8]
          +0.024*[#  10]+0.024*[#  11]+0.024*[#  12]+0.024*[#  14]+0.024*[#  15]
          +0.024*[#  16]
    |psi|^2 = 0.837
==== e(   8) =    10.75616 eV ==== 
     psi = 0.062*[#   2]+0.062*[#   3]+0.062*[#   4]+0.062*[#   6]+0.062*[#   7]
          +0.062*[#   8]+0.062*[#  10]+0.062*[#  11]+0.062*[#  12]+0.062*[#  14]
          +0.062*[#  15]+0.062*[#  16]+0.015*[#   1]+0.015*[#   5]+0.015*[#   9]
          +0.015*[#  13]
    |psi|^2 = 0.810
==== e(   9) =    11.32266 eV ==== 
     psi = 0.060*[#   2]+0.060*[#   3]+0.060*[#   4]+0.060*[#   6]+0.060*[#   7]
          +0.060*[#   8]+0.060*[#  10]+0.060*[#  11]+0.060*[#  12]+0.060*[#  14]
          +0.060*[#  15]+0.060*[#  16]
    |psi|^2 = 0.718
==== e(  10) =    12.36077 eV ==== 
     psi = 0.047*[#   2]+0.047*[#   3]+0.047*[#   4]+0.047*[#   6]+0.047*[#   7]
          +0.047*[#   8]+0.047*[#  10]+0.047*[#  11]+0.047*[#  12]+0.047*[#  14]
          +0.047*[#  15]+0.047*[#  16]
    |psi|^2 = 0.563

 k =   0.0000000000  0.0625000000  0.1875000000
==== e(   1) =    -2.90167 eV ==== 
     psi = 0.173*[#   1]+0.173*[#   5]+0.173*[#   9]+0.173*[#  13]+0.026*[#   2]
          +0.026*[#   3]+0.026*[#   4]+0.026*[#   6]+0.026*[#   7]+0.026*[#   8]
          +0.026*[#  10]+0.026*[#  11]+0.026*[#  12]+0.026*[#  14]+0.026*[#  15]
          +0.026*[#  16]
    |psi|^2 = 0.999
==== e(   2) =     2.60413 eV ==== 
     psi = 0.074*[#   1]+0.074*[#   5]+0.074*[#   9]+0.074*[#  13]+0.058*[#   2]
          +0.058*[#   3]+0.058*[#   4]+0.058*[#   6]+0.058*[#   7]+0.058*[#   8]
          +0.058*[#  10]+0.058*[#  11]+0.058*[#  12]+0.058*[#  14]+0.058*[#  15]
          +0.058*[#  16]
    |psi|^2 = 0.991
==== e(   3) =     4.65283 eV ==== 
     psi = 0.068*[#   2]+0.068*[#   3]+0.068*[#   4]+0.068*[#   6]+0.068*[#   7]
          +0.068*[#   8]+0.068*[#  10]+0.068*[#  11]+0.068*[#  12]+0.068*[#  14]
          +0.068*[#  15]+0.068*[#  16]+0.044*[#   1]+0.044*[#   5]+0.044*[#   9]
          +0.044*[#  13]
    |psi|^2 = 0.987
==== e(   4) =     5.25343 eV ==== 
     psi = 0.083*[#   2]+0.083*[#   3]+0.083*[#   4]+0.083*[#   6]+0.083*[#   7]
          +0.083*[#   8]+0.083*[#  10]+0.083*[#  11]+0.083*[#  12]+0.083*[#  14]
          +0.083*[#  15]+0.083*[#  16]
    |psi|^2 = 0.997
==== e(   5) =     6.57816 eV ==== 
     psi = 0.183*[#   1]+0.183*[#   5]+0.183*[#   9]+0.183*[#  13]+0.013*[#   2]
          +0.013*[#   3]+0.013*[#   4]+0.013*[#   6]+0.013*[#   7]+0.013*[#   8]
          +0.013*[#  10]+0.013*[#  11]+0.013*[#  12]+0.013*[#  14]+0.013*[#  15]
          +0.013*[#  16]
    |psi|^2 = 0.890
==== e(   6) =     7.17380 eV ==== 
     psi = 0.140*[#   1]+0.140*[#   5]+0.140*[#   9]+0.140*[#  13]+0.028*[#   2]
          +0.028*[#   3]+0.028*[#   4]+0.028*[#   6]+0.028*[#   7]+0.028*[#   8]
          +0.028*[#  10]+0.028*[#  11]+0.028*[#  12]+0.028*[#  14]+0.028*[#  15]
          +0.028*[#  16]
    |psi|^2 = 0.892
==== e(   7) =     9.18127 eV ==== 
     psi = 0.125*[#   1]+0.125*[#   5]+0.125*[#   9]+0.125*[#  13]+0.024*[#   2]
          +0.024*[#   3]+0.024*[#   4]+0.024*[#   6]+0.024*[#   7]+0.024*[#   8]
          +0.024*[#  10]+0.024*[#  11]+0.024*[#  12]+0.024*[#  14]+0.024*[#  15]
          +0.024*[#  16]
    |psi|^2 = 0.786
==== e(   8) =     9.90131 eV ==== 
     psi = 0.066*[#   2]+0.066*[#   3]+0.066*[#   4]+0.066*[#   6]+0.066*[#   7]
          +0.066*[#   8]+0.066*[#  10]+0.066*[#  11]+0.066*[#  12]+0.066*[#  14]
          +0.066*[#  15]+0.066*[#  16]+0.022*[#   1]+0.022*[#   5]+0.022*[#   9]
          +0.022*[#  13]
    |psi|^2 = 0.878
==== e(   9) =    10.44473 eV ==== 
     psi = 0.068*[#   2]+0.068*[#   3]+0.068*[#   4]+0.068*[#   6]+0.068*[#   7]
          +0.068*[#   8]+0.068*[#  10]+0.068*[#  11]+0.068*[#  12]+0.068*[#  14]
          +0.068*[#  15]+0.068*[#  16]
    |psi|^2 = 0.822
==== e(  10) =    11.86115 eV ==== 
     psi = 0.062*[#   2]+0.062*[#   3]+0.062*[#   4]+0.062*[#   6]+0.062*[#   7]
          +0.062*[#   8]+0.062*[#  10]+0.062*[#  11]+0.062*[#  12]+0.062*[#  14]
          +0.062*[#  15]+0.062*[#  16]+0.052*[#   1]+0.052*[#   5]+0.052*[#   9]
          +0.052*[#  13]
    |psi|^2 = 0.959

 k =   0.0000000000  0.0625000000  0.2500000000
==== e(   1) =    -2.65555 eV ==== 
     psi = 0.146*[#   1]+0.146*[#   5]+0.146*[#   9]+0.146*[#  13]+0.035*[#   2]
          +0.035*[#   3]+0.035*[#   4]+0.035*[#   6]+0.035*[#   7]+0.035*[#   8]
          +0.035*[#  10]+0.035*[#  11]+0.035*[#  12]+0.035*[#  14]+0.035*[#  15]
          +0.035*[#  16]
    |psi|^2 = 0.999
==== e(   2) =     1.76427 eV ==== 
     psi = 0.075*[#   1]+0.075*[#   5]+0.075*[#   9]+0.075*[#  13]+0.058*[#   2]
          +0.058*[#   3]+0.058*[#   4]+0.058*[#   6]+0.058*[#   7]+0.058*[#   8]
          +0.058*[#  10]+0.058*[#  11]+0.058*[#  12]+0.058*[#  14]+0.058*[#  15]
          +0.058*[#  16]
    |psi|^2 = 0.995
==== e(   3) =     4.88327 eV ==== 
     psi = 0.069*[#   2]+0.069*[#   3]+0.069*[#   4]+0.069*[#   6]+0.069*[#   7]
          +0.069*[#   8]+0.069*[#  10]+0.069*[#  11]+0.069*[#  12]+0.069*[#  14]
          +0.069*[#  15]+0.069*[#  16]+0.041*[#   1]+0.041*[#   5]+0.041*[#   9]
          +0.041*[#  13]
    |psi|^2 = 0.988
==== e(   4) =     5.47964 eV ==== 
     psi = 0.083*[#   2]+0.083*[#   3]+0.083*[#   4]+0.083*[#   6]+0.083*[#   7]
          +0.083*[#   8]+0.083*[#  10]+0.083*[#  11]+0.083*[#  12]+0.083*[#  14]
          +0.083*[#  15]+0.083*[#  16]
    |psi|^2 = 0.996
==== e(   5) =     6.81094 eV ==== 
     psi = 0.162*[#   1]+0.162*[#   5]+0.162*[#   9]+0.162*[#  13]+0.022*[#   2]
          +0.022*[#   3]+0.022*[#   4]+0.022*[#   6]+0.022*[#   7]+0.022*[#   8]
          +0.022*[#  10]+0.022*[#  11]+0.022*[#  12]+0.022*[#  14]+0.022*[#  15]
          +0.022*[#  16]
    |psi|^2 = 0.905
==== e(   6) =     7.40339 eV ==== 
     psi = 0.122*[#   1]+0.122*[#   5]+0.122*[#   9]+0.122*[#  13]+0.035*[#   2]
          +0.035*[#   3]+0.035*[#   4]+0.035*[#   6]+0.035*[#   7]+0.035*[#   8]
          +0.035*[#  10]+0.035*[#  11]+0.035*[#  12]+0.035*[#  14]+0.035*[#  15]
          +0.035*[#  16]
    |psi|^2 = 0.907
==== e(   7) =     9.10015 eV ==== 
     psi = 0.067*[#   2]+0.067*[#   3]+0.067*[#   4]+0.067*[#   6]+0.067*[#   7]
          +0.067*[#   8]+0.067*[#  10]+0.067*[#  11]+0.067*[#  12]+0.067*[#  14]
          +0.067*[#  15]+0.067*[#  16]+0.030*[#   1]+0.030*[#   5]+0.030*[#   9]
          +0.030*[#  13]
    |psi|^2 = 0.923
==== e(   8) =     9.63162 eV ==== 
     psi = 0.074*[#   2]+0.074*[#   3]+0.074*[#   4]+0.074*[#   6]+0.074*[#   7]
          +0.074*[#   8]+0.074*[#  10]+0.074*[#  11]+0.074*[#  12]+0.074*[#  14]
          +0.074*[#  15]+0.074*[#  16]
    |psi|^2 = 0.890
==== e(   9) =    10.44729 eV ==== 
     psi = 0.114*[#   1]+0.114*[#   5]+0.114*[#   9]+0.114*[#  13]+0.022*[#   2]
          +0.022*[#   3]+0.022*[#   4]+0.022*[#   6]+0.022*[#   7]+0.022*[#   8]
          +0.022*[#  10]+0.022*[#  11]+0.022*[#  12]+0.022*[#  14]+0.022*[#  15]
          +0.022*[#  16]
    |psi|^2 = 0.722
==== e(  10) =    11.13099 eV ==== 
     psi = 0.077*[#   1]+0.077*[#   5]+0.077*[#   9]+0.077*[#  13]+0.055*[#   2]
          +0.055*[#   3]+0.055*[#   4]+0.055*[#   6]+0.055*[#   7]+0.055*[#   8]
          +0.055*[#  10]+0.055*[#  11]+0.055*[#  12]+0.055*[#  14]+0.055*[#  15]
          +0.055*[#  16]
    |psi|^2 = 0.965

 k =   0.0000000000  0.0625000000  0.3125000000
==== e(   1) =    -2.33974 eV ==== 
     psi = 0.123*[#   1]+0.123*[#   5]+0.123*[#   9]+0.123*[#  13]+0.042*[#   2]
          +0.042*[#   3]+0.042*[#   4]+0.042*[#   6]+0.042*[#   7]+0.042*[#   8]
          +0.042*[#  10]+0.042*[#  11]+0.042*[#  12]+0.042*[#  14]+0.042*[#  15]
          +0.042*[#  16]
    |psi|^2 = 0.999
==== e(   2) =     0.98279 eV ==== 
     psi = 0.076*[#   1]+0.076*[#   5]+0.076*[#   9]+0.076*[#  13]+0.058*[#   2]
          +0.058*[#   3]+0.058*[#   4]+0.058*[#   6]+0.058*[#   7]+0.058*[#   8]
          +0.058*[#  10]+0.058*[#  11]+0.058*[#  12]+0.058*[#  14]+0.058*[#  15]
          +0.058*[#  16]
    |psi|^2 = 0.997
==== e(   3) =     5.17910 eV ==== 
     psi = 0.070*[#   2]+0.070*[#   3]+0.070*[#   4]+0.070*[#   6]+0.070*[#   7]
          +0.070*[#   8]+0.070*[#  10]+0.070*[#  11]+0.070*[#  12]+0.070*[#  14]
          +0.070*[#  15]+0.070*[#  16]+0.038*[#   1]+0.038*[#   5]+0.038*[#   9]
          +0.038*[#  13]
    |psi|^2 = 0.989
==== e(   4) =     5.77063 eV ==== 
     psi = 0.083*[#   2]+0.083*[#   3]+0.083*[#   4]+0.083*[#   6]+0.083*[#   7]
          +0.083*[#   8]+0.083*[#  10]+0.083*[#  11]+0.083*[#  12]+0.083*[#  14]
          +0.083*[#  15]+0.083*[#  16]
    |psi|^2 = 0.995
==== e(   5) =     7.09937 eV ==== 
     psi = 0.131*[#   1]+0.131*[#   5]+0.131*[#   9]+0.131*[#  13]+0.033*[#   2]
          +0.033*[#   3]+0.033*[#   4]+0.033*[#   6]+0.033*[#   7]+0.033*[#   8]
          +0.033*[#  10]+0.033*[#  11]+0.033*[#  12]+0.033*[#  14]+0.033*[#  15]
          +0.033*[#  16]
    |psi|^2 = 0.920
==== e(   6) =     7.69257 eV ==== 
     psi = 0.100*[#   1]+0.100*[#   5]+0.100*[#   9]+0.100*[#  13]+0.043*[#   2]
          +0.043*[#   3]+0.043*[#   4]+0.043*[#   6]+0.043*[#   7]+0.043*[#   8]
          +0.043*[#  10]+0.043*[#  11]+0.043*[#  12]+0.043*[#  14]+0.043*[#  15]
          +0.043*[#  16]
    |psi|^2 = 0.920
==== e(   7) =     8.36671 eV ==== 
     psi = 0.065*[#   2]+0.065*[#   3]+0.065*[#   4]+0.065*[#   6]+0.065*[#   7]
          +0.065*[#   8]+0.065*[#  10]+0.065*[#  11]+0.065*[#  12]+0.065*[#  14]
          +0.065*[#  15]+0.065*[#  16]+0.044*[#   1]+0.044*[#   5]+0.044*[#   9]
          +0.044*[#  13]
    |psi|^2 = 0.951
==== e(   8) =     8.88388 eV ==== 
     psi = 0.078*[#   2]+0.078*[#   3]+0.078*[#   4]+0.078*[#   6]+0.078*[#   7]
          +0.078*[#   8]+0.078*[#  10]+0.078*[#  11]+0.078*[#  12]+0.078*[#  14]
          +0.078*[#  15]+0.078*[#  16]
    |psi|^2 = 0.933
==== e(   9) =    10.43181 eV ==== 
     psi = 0.106*[#   1]+0.106*[#   5]+0.106*[#   9]+0.106*[#  13]+0.046*[#   2]
          +0.046*[#   3]+0.046*[#   4]+0.046*[#   6]+0.046*[#   7]+0.046*[#   8]
          +0.046*[#  10]+0.046*[#  11]+0.046*[#  12]+0.046*[#  14]+0.046*[#  15]
          +0.046*[#  16]
    |psi|^2 = 0.971
==== e(  10) =    10.94715 eV ==== 
     psi = 0.069*[#   1]+0.069*[#   5]+0.069*[#   9]+0.069*[#  13]+0.056*[#   2]
          +0.056*[#   3]+0.056*[#   4]+0.056*[#   6]+0.056*[#   7]+0.056*[#   8]
          +0.056*[#  10]+0.056*[#  11]+0.056*[#  12]+0.056*[#  14]+0.056*[#  15]
          +0.056*[#  16]
    |psi|^2 = 0.942

 k =   0.0000000000  0.0625000000  0.3750000000
==== e(   1) =    -1.95472 eV ==== 
     psi = 0.106*[#   1]+0.106*[#   5]+0.106*[#   9]+0.106*[#  13]+0.048*[#   2]
          +0.048*[#   3]+0.048*[#   4]+0.048*[#   6]+0.048*[#   7]+0.048*[#   8]
          +0.048*[#  10]+0.048*[#  11]+0.048*[#  12]+0.048*[#  14]+0.048*[#  15]
          +0.048*[#  16]
    |psi|^2 = 0.999
==== e(   2) =     0.26368 eV ==== 
     psi = 0.077*[#   1]+0.077*[#   5]+0.077*[#   9]+0.077*[#  13]+0.057*[#   2]
          +0.057*[#   3]+0.057*[#   4]+0.057*[#   6]+0.057*[#   7]+0.057*[#   8]
          +0.057*[#  10]+0.057*[#  11]+0.057*[#  12]+0.057*[#  14]+0.057*[#  15]
          +0.057*[#  16]
    |psi|^2 = 0.998
==== e(   3) =     5.53987 eV ==== 
     psi = 0.071*[#   2]+0.071*[#   3]+0.071*[#   4]+0.071*[#   6]+0.071*[#   7]
          +0.071*[#   8]+0.071*[#  10]+0.071*[#  11]+0.071*[#  12]+0.071*[#  14]
          +0.071*[#  15]+0.071*[#  16]+0.034*[#   1]+0.034*[#   5]+0.034*[#   9]
          +0.034*[#  13]
    |psi|^2 = 0.988
==== e(   4) =     6.12652 eV ==== 
     psi = 0.083*[#   2]+0.083*[#   3]+0.083*[#   4]+0.083*[#   6]+0.083*[#   7]
          +0.083*[#   8]+0.083*[#  10]+0.083*[#  11]+0.083*[#  12]+0.083*[#  14]
          +0.083*[#  15]+0.083*[#  16]
    |psi|^2 = 0.992
==== e(   5) =     7.36123 eV ==== 
     psi = 0.064*[#   2]+0.064*[#   3]+0.064*[#   4]+0.064*[#   6]+0.064*[#   7]
          +0.064*[#   8]+0.064*[#  10]+0.064*[#  11]+0.064*[#  12]+0.064*[#  14]
          +0.064*[#  15]+0.064*[#  16]+0.042*[#   1]+0.042*[#   5]+0.042*[#   9]
          +0.042*[#  13]
    |psi|^2 = 0.942
==== e(   6) =     7.78142 eV ==== 
     psi = 0.109*[#   1]+0.109*[#   5]+0.109*[#   9]+0.109*[#  13]+0.043*[#   2]
          +0.043*[#   3]+0.043*[#   4]+0.043*[#   6]+0.043*[#   7]+0.043*[#   8]
          +0.043*[#  10]+0.043*[#  11]+0.043*[#  12]+0.043*[#  14]+0.043*[#  15]
          +0.043*[#  16]
    |psi|^2 = 0.957
==== e(   7) =     8.02818 eV ==== 
     psi = 0.068*[#   1]+0.068*[#   5]+0.068*[#   9]+0.068*[#  13]+0.055*[#   2]
          +0.055*[#   3]+0.055*[#   4]+0.055*[#   6]+0.055*[#   7]+0.055*[#   8]
          +0.055*[#  10]+0.055*[#  11]+0.055*[#  12]+0.055*[#  14]+0.055*[#  15]
          +0.055*[#  16]
    |psi|^2 = 0.928
==== e(   8) =     8.20164 eV ==== 
     psi = 0.080*[#   2]+0.080*[#   3]+0.080*[#   4]+0.080*[#   6]+0.080*[#   7]
          +0.080*[#   8]+0.080*[#  10]+0.080*[#  11]+0.080*[#  12]+0.080*[#  14]
          +0.080*[#  15]+0.080*[#  16]
    |psi|^2 = 0.959
==== e(   9) =     9.79441 eV ==== 
     psi = 0.144*[#   1]+0.144*[#   5]+0.144*[#   9]+0.144*[#  13]+0.033*[#   2]
          +0.033*[#   3]+0.033*[#   4]+0.033*[#   6]+0.033*[#   7]+0.033*[#   8]
          +0.033*[#  10]+0.033*[#  11]+0.033*[#  12]+0.033*[#  14]+0.033*[#  15]
          +0.033*[#  16]
    |psi|^2 = 0.976
==== e(  10) =    10.29324 eV ==== 
     psi = 0.093*[#   1]+0.093*[#   5]+0.093*[#   9]+0.093*[#  13]+0.049*[#   2]
          +0.049*[#   3]+0.049*[#   4]+0.049*[#   6]+0.049*[#   7]+0.049*[#   8]
          +0.049*[#  10]+0.049*[#  11]+0.049*[#  12]+0.049*[#  14]+0.049*[#  15]
          +0.049*[#  16]
    |psi|^2 = 0.956

 k =   0.0000000000  0.0625000000  0.4375000000
==== e(   1) =    -1.50108 eV ==== 
     psi = 0.094*[#   1]+0.094*[#   5]+0.094*[#   9]+0.094*[#  13]+0.052*[#   2]
          +0.052*[#   3]+0.052*[#   4]+0.052*[#   6]+0.052*[#   7]+0.052*[#   8]
          +0.052*[#  10]+0.052*[#  11]+0.052*[#  12]+0.052*[#  14]+0.052*[#  15]
          +0.052*[#  16]
    |psi|^2 = 0.999
==== e(   2) =    -0.39092 eV ==== 
     psi = 0.080*[#   1]+0.080*[#   5]+0.080*[#   9]+0.080*[#  13]+0.056*[#   2]
          +0.056*[#   3]+0.056*[#   4]+0.056*[#   6]+0.056*[#   7]+0.056*[#   8]
          +0.056*[#  10]+0.056*[#  11]+0.056*[#  12]+0.056*[#  14]+0.056*[#  15]
          +0.056*[#  16]
    |psi|^2 = 0.999
==== e(   3) =     5.96464 eV ==== 
     psi = 0.073*[#   2]+0.073*[#   3]+0.073*[#   4]+0.073*[#   6]+0.073*[#   7]
          +0.073*[#   8]+0.073*[#  10]+0.073*[#  11]+0.073*[#  12]+0.073*[#  14]
          +0.073*[#  15]+0.073*[#  16]+0.029*[#   1]+0.029*[#   5]+0.029*[#   9]
          +0.029*[#  13]
    |psi|^2 = 0.987
==== e(   4) =     6.54744 eV ==== 
     psi = 0.082*[#   2]+0.082*[#   3]+0.082*[#   4]+0.082*[#   6]+0.082*[#   7]
          +0.082*[#   8]+0.082*[#  10]+0.082*[#  11]+0.082*[#  12]+0.082*[#  14]
          +0.082*[#  15]+0.082*[#  16]
    |psi|^2 = 0.989
==== e(   5) =     6.98740 eV ==== 
     psi = 0.078*[#   2]+0.078*[#   3]+0.078*[#   4]+0.078*[#   6]+0.078*[#   7]
          +0.078*[#   8]+0.078*[#  10]+0.078*[#  11]+0.078*[#  12]+0.078*[#  14]
          +0.078*[#  15]+0.078*[#  16]+0.010*[#   1]+0.010*[#   5]+0.010*[#   9]
          +0.010*[#  13]
    |psi|^2 = 0.977
==== e(   6) =     7.58487 eV ==== 
     psi = 0.081*[#   2]+0.081*[#   3]+0.081*[#   4]+0.081*[#   6]+0.081*[#   7]
          +0.081*[#   8]+0.081*[#  10]+0.081*[#  11]+0.081*[#  12]+0.081*[#  14]
          +0.081*[#  15]+0.081*[#  16]
    |psi|^2 = 0.974
==== e(   7) =     7.94129 eV ==== 
     psi = 0.109*[#   1]+0.109*[#   5]+0.109*[#   9]+0.109*[#  13]+0.042*[#   2]
          +0.042*[#   3]+0.042*[#   4]+0.042*[#   6]+0.042*[#   7]+0.042*[#   8]
          +0.042*[#  10]+0.042*[#  11]+0.042*[#  12]+0.042*[#  14]+0.042*[#  15]
          +0.042*[#  16]
    |psi|^2 = 0.939
==== e(   8) =     8.34395 eV ==== 
     psi = 0.072*[#   2]+0.072*[#   3]+0.072*[#   4]+0.072*[#   6]+0.072*[#   7]
          +0.072*[#   8]+0.072*[#  10]+0.072*[#  11]+0.072*[#  12]+0.072*[#  14]
          +0.072*[#  15]+0.072*[#  16]+0.015*[#   1]+0.015*[#   5]+0.015*[#   9]
          +0.015*[#  13]
    |psi|^2 = 0.927
==== e(   9) =     9.29410 eV ==== 
     psi = 0.202*[#   1]+0.202*[#   5]+0.202*[#   9]+0.202*[#  13]+0.014*[#   2]
          +0.014*[#   3]+0.014*[#   4]+0.014*[#   6]+0.014*[#   7]+0.014*[#   8]
          +0.014*[#  10]+0.014*[#  11]+0.014*[#  12]+0.014*[#  14]+0.014*[#  15]
          +0.014*[#  16]
    |psi|^2 = 0.983
==== e(  10) =     9.71074 eV ==== 
     psi = 0.127*[#   1]+0.127*[#   5]+0.127*[#   9]+0.127*[#  13]+0.038*[#   2]
          +0.038*[#   3]+0.038*[#   4]+0.038*[#   6]+0.038*[#   7]+0.038*[#   8]
          +0.038*[#  10]+0.038*[#  11]+0.038*[#  12]+0.038*[#  14]+0.038*[#  15]
          +0.038*[#  16]
    |psi|^2 = 0.965

 k =   0.0000000000  0.0625000000 -0.5000000000
==== e(   1) =    -0.97953 eV ==== 
     psi = 0.171*[#   1]+0.109*[#   6]+0.109*[#   8]+0.109*[#  10]+0.109*[#  11]
          +0.109*[#  15]+0.109*[#  16]+0.057*[#   5]+0.057*[#   9]+0.057*[#  13]
          +0.002*[#   2]+0.002*[#   3]+0.002*[#   4]
    |psi|^2 = 0.999
==== e(   2) =    -0.97951 eV ==== 
     psi = 0.114*[#   5]+0.114*[#   9]+0.114*[#  13]+0.109*[#   7]+0.109*[#  12]
          +0.109*[#  14]+0.108*[#   2]+0.108*[#   3]+0.108*[#   4]
    |psi|^2 = 0.999
==== e(   3) =     6.45101 eV ==== 
     psi = 0.125*[#   2]+0.125*[#   3]+0.125*[#   4]+0.087*[#   6]+0.087*[#   8]
          +0.087*[#  10]+0.087*[#  11]+0.087*[#  15]+0.087*[#  16]+0.045*[#   1]
          +0.015*[#   5]+0.015*[#   9]+0.015*[#  13]
    |psi|^2 = 0.984
==== e(   4) =     6.45103 eV ==== 
     psi = 0.149*[#   7]+0.149*[#  12]+0.149*[#  14]+0.062*[#   6]+0.062*[#   8]
          +0.062*[#  10]+0.062*[#  11]+0.062*[#  15]+0.062*[#  16]+0.030*[#   5]
          +0.030*[#   9]+0.030*[#  13]+0.025*[#   2]+0.025*[#   3]+0.025*[#   4]
          
    |psi|^2 = 0.984
==== e(   5) =     7.03351 eV ==== 
     psi = 0.164*[#   2]+0.164*[#   3]+0.164*[#   4]+0.082*[#   6]+0.082*[#   8]
          +0.082*[#  10]+0.082*[#  11]+0.082*[#  15]+0.082*[#  16]
    |psi|^2 = 0.983
==== e(   6) =     7.03353 eV ==== 
     psi = 0.164*[#   7]+0.164*[#  12]+0.164*[#  14]+0.082*[#   6]+0.082*[#   8]
          +0.082*[#  10]+0.082*[#  11]+0.082*[#  15]+0.082*[#  16]
    |psi|^2 = 0.983
==== e(   7) =     8.30896 eV ==== 
     psi = 0.127*[#   6]+0.127*[#   8]+0.127*[#  10]+0.127*[#  11]+0.127*[#  15]
          +0.127*[#  16]+0.069*[#   1]+0.023*[#   5]+0.023*[#   9]+0.023*[#  13]
          +0.011*[#   2]+0.011*[#   3]+0.011*[#   4]
    |psi|^2 = 0.933
==== e(   8) =     8.30897 eV ==== 
     psi = 0.132*[#   7]+0.132*[#  12]+0.132*[#  14]+0.121*[#   2]+0.121*[#   3]
          +0.121*[#   4]+0.046*[#   5]+0.046*[#   9]+0.046*[#  13]+0.006*[#   6]
          +0.006*[#   8]+0.006*[#  10]+0.006*[#  11]+0.006*[#  15]+0.006*[#  16]
          
    |psi|^2 = 0.933
==== e(   9) =     9.26798 eV ==== 
     psi = 0.378*[#   1]+0.126*[#   5]+0.126*[#   9]+0.126*[#  13]+0.028*[#   2]
          +0.028*[#   3]+0.028*[#   4]+0.023*[#   6]+0.023*[#   8]+0.023*[#  10]
          +0.023*[#  11]+0.023*[#  15]+0.023*[#  16]
    |psi|^2 = 0.977
==== e(  10) =     9.26801 eV ==== 
     psi = 0.252*[#   5]+0.252*[#   9]+0.252*[#  13]+0.037*[#   7]+0.037*[#  12]
          +0.037*[#  14]+0.014*[#   6]+0.014*[#   8]+0.014*[#  10]+0.014*[#  11]
          +0.014*[#  15]+0.014*[#  16]+0.009*[#   2]+0.009*[#   3]+0.009*[#   4]
          
    |psi|^2 = 0.977

 k =   0.0000000000  0.1250000000  0.1250000000
==== e(   1) =    -2.97207 eV ==== 
     psi = 0.184*[#   1]+0.184*[#   5]+0.184*[#   9]+0.184*[#  13]+0.022*[#   2]
          +0.022*[#   3]+0.022*[#   4]+0.022*[#   6]+0.022*[#   7]+0.022*[#   8]
          +0.022*[#  10]+0.022*[#  11]+0.022*[#  12]+0.022*[#  14]+0.022*[#  15]
          +0.022*[#  16]
    |psi|^2 = 0.999
==== e(   2) =     3.59278 eV ==== 
     psi = 0.133*[#   1]+0.079*[#   7]+0.079*[#  12]+0.079*[#  14]+0.060*[#   6]
          +0.060*[#   8]+0.060*[#  10]+0.060*[#  11]+0.060*[#  15]+0.060*[#  16]
          +0.044*[#   5]+0.044*[#   9]+0.044*[#  13]+0.041*[#   2]+0.041*[#   3]
          +0.041*[#   4]
    |psi|^2 = 0.988
==== e(   3) =     3.59278 eV ==== 
     psi = 0.089*[#   5]+0.089*[#   9]+0.089*[#  13]+0.079*[#   2]+0.079*[#   3]
          +0.079*[#   4]+0.060*[#   6]+0.060*[#   8]+0.060*[#  10]+0.060*[#  11]
          +0.060*[#  15]+0.060*[#  16]+0.041*[#   7]+0.041*[#  12]+0.041*[#  14]
          
    |psi|^2 = 0.988
==== e(   4) =     5.18882 eV ==== 
     psi = 0.083*[#   2]+0.083*[#   3]+0.083*[#   4]+0.083*[#   6]+0.083*[#   7]
          +0.083*[#   8]+0.083*[#  10]+0.083*[#  11]+0.083*[#  12]+0.083*[#  14]
          +0.083*[#  15]+0.083*[#  16]
    |psi|^2 = 0.998
==== e(   5) =     6.51013 eV ==== 
     psi = 0.189*[#   1]+0.189*[#   5]+0.189*[#   9]+0.189*[#  13]+0.010*[#   2]
          +0.010*[#   3]+0.010*[#   4]+0.010*[#   6]+0.010*[#   7]+0.010*[#   8]
          +0.010*[#  10]+0.010*[#  11]+0.010*[#  12]+0.010*[#  14]+0.010*[#  15]
          +0.010*[#  16]
    |psi|^2 = 0.882
==== e(   6) =     8.08567 eV ==== 
     psi = 0.257*[#   1]+0.086*[#   5]+0.086*[#   9]+0.086*[#  13]+0.049*[#   2]
          +0.049*[#   3]+0.049*[#   4]+0.028*[#   6]+0.028*[#   8]+0.028*[#  10]
          +0.028*[#  11]+0.028*[#  15]+0.028*[#  16]+0.007*[#   7]+0.007*[#  12]
          +0.007*[#  14]
    |psi|^2 = 0.850
==== e(   7) =     8.08567 eV ==== 
     psi = 0.171*[#   5]+0.171*[#   9]+0.171*[#  13]+0.049*[#   7]+0.049*[#  12]
          +0.049*[#  14]+0.028*[#   6]+0.028*[#   8]+0.028*[#  10]+0.028*[#  11]
          +0.028*[#  15]+0.028*[#  16]+0.007*[#   2]+0.007*[#   3]+0.007*[#   4]
          
    |psi|^2 = 0.850
==== e(   8) =     9.90657 eV ==== 
     psi = 0.063*[#   2]+0.063*[#   3]+0.063*[#   4]+0.063*[#   6]+0.063*[#   7]
          +0.063*[#   8]+0.063*[#  10]+0.063*[#  11]+0.063*[#  12]+0.063*[#  14]
          +0.063*[#  15]+0.063*[#  16]+0.031*[#   1]+0.031*[#   5]+0.031*[#   9]
          +0.031*[#  13]
    |psi|^2 = 0.880
==== e(   9) =    11.42049 eV ==== 
     psi = 0.120*[#   2]+0.120*[#   3]+0.120*[#   4]+0.120*[#   7]+0.120*[#  12]
          +0.120*[#  14]
    |psi|^2 = 0.718
==== e(  10) =    11.42050 eV ==== 
     psi = 0.120*[#   6]+0.120*[#   8]+0.120*[#  10]+0.120*[#  11]+0.120*[#  15]
          +0.120*[#  16]
    |psi|^2 = 0.718

 k =   0.0000000000  0.1250000000  0.1875000000
==== e(   1) =    -2.79614 eV ==== 
     psi = 0.161*[#   1]+0.161*[#   5]+0.161*[#   9]+0.161*[#  13]+0.030*[#   2]
          +0.030*[#   3]+0.030*[#   4]+0.030*[#   6]+0.030*[#   7]+0.030*[#   8]
          +0.030*[#  10]+0.030*[#  11]+0.030*[#  12]+0.030*[#  14]+0.030*[#  15]
          +0.030*[#  16]
    |psi|^2 = 0.999
==== e(   2) =     2.70543 eV ==== 
     psi = 0.073*[#   1]+0.073*[#   5]+0.073*[#   9]+0.073*[#  13]+0.058*[#   2]
          +0.058*[#   3]+0.058*[#   4]+0.058*[#   6]+0.058*[#   7]+0.058*[#   8]
          +0.058*[#  10]+0.058*[#  11]+0.058*[#  12]+0.058*[#  14]+0.058*[#  15]
          +0.058*[#  16]
    |psi|^2 = 0.992
==== e(   3) =     3.75991 eV ==== 
     psi = 0.064*[#   1]+0.064*[#   5]+0.064*[#   9]+0.064*[#  13]+0.061*[#   2]
          +0.061*[#   3]+0.061*[#   4]+0.061*[#   6]+0.061*[#   7]+0.061*[#   8]
          +0.061*[#  10]+0.061*[#  11]+0.061*[#  12]+0.061*[#  14]+0.061*[#  15]
          +0.061*[#  16]
    |psi|^2 = 0.989
==== e(   4) =     5.35036 eV ==== 
     psi = 0.083*[#   2]+0.083*[#   3]+0.083*[#   4]+0.083*[#   6]+0.083*[#   7]
          +0.083*[#   8]+0.083*[#  10]+0.083*[#  11]+0.083*[#  12]+0.083*[#  14]
          +0.083*[#  15]+0.083*[#  16]
    |psi|^2 = 0.997
==== e(   5) =     6.67539 eV ==== 
     psi = 0.173*[#   1]+0.173*[#   5]+0.173*[#   9]+0.173*[#  13]+0.017*[#   2]
          +0.017*[#   3]+0.017*[#   4]+0.017*[#   6]+0.017*[#   7]+0.017*[#   8]
          +0.017*[#  10]+0.017*[#  11]+0.017*[#  12]+0.017*[#  14]+0.017*[#  15]
          +0.017*[#  16]
    |psi|^2 = 0.892
==== e(   6) =     8.24707 eV ==== 
     psi = 0.114*[#   1]+0.114*[#   5]+0.114*[#   9]+0.114*[#  13]+0.034*[#   2]
          +0.034*[#   3]+0.034*[#   4]+0.034*[#   6]+0.034*[#   7]+0.034*[#   8]
          +0.034*[#  10]+0.034*[#  11]+0.034*[#  12]+0.034*[#  14]+0.034*[#  15]
          +0.034*[#  16]
    |psi|^2 = 0.867
==== e(   7) =     9.06288 eV ==== 
     psi = 0.062*[#   2]+0.062*[#   3]+0.062*[#   4]+0.062*[#   6]+0.062*[#   7]
          +0.062*[#   8]+0.062*[#  10]+0.062*[#  11]+0.062*[#  12]+0.062*[#  14]
          +0.062*[#  15]+0.062*[#  16]+0.045*[#   1]+0.045*[#   5]+0.045*[#   9]
          +0.045*[#  13]
    |psi|^2 = 0.922
==== e(   8) =     9.27613 eV ==== 
     psi = 0.114*[#   1]+0.114*[#   5]+0.114*[#   9]+0.114*[#  13]+0.029*[#   2]
          +0.029*[#   3]+0.029*[#   4]+0.029*[#   6]+0.029*[#   7]+0.029*[#   8]
          +0.029*[#  10]+0.029*[#  11]+0.029*[#  12]+0.029*[#  14]+0.029*[#  15]
          +0.029*[#  16]
    |psi|^2 = 0.802
==== e(   9) =    10.54243 eV ==== 
     psi = 0.068*[#   2]+0.068*[#   3]+0.068*[#   4]+0.068*[#   6]+0.068*[#   7]
          +0.068*[#   8]+0.068*[#  10]+0.068*[#  11]+0.068*[#  12]+0.068*[#  14]
          +0.068*[#  15]+0.068*[#  16]
    |psi|^2 = 0.821
==== e(  10) =    11.58350 eV ==== 
     psi = 0.060*[#   2]+0.060*[#   3]+0.060*[#   4]+0.060*[#   6]+0.060*[#   7]
          +0.060*[#   8]+0.060*[#  10]+0.060*[#  11]+0.060*[#  12]+0.060*[#  14]
          +0.060*[#  15]+0.060*[#  16]
    |psi|^2 = 0.718

 k =   0.0000000000  0.1250000000  0.2500000000
==== e(   1) =    -2.55021 eV ==== 
     psi = 0.138*[#   1]+0.138*[#   5]+0.138*[#   9]+0.138*[#  13]+0.037*[#   2]
          +0.037*[#   3]+0.037*[#   4]+0.037*[#   6]+0.037*[#   7]+0.037*[#   8]
          +0.037*[#  10]+0.037*[#  11]+0.037*[#  12]+0.037*[#  14]+0.037*[#  15]
          +0.037*[#  16]
    |psi|^2 = 0.999
==== e(   2) =     1.86629 eV ==== 
     psi = 0.075*[#   1]+0.075*[#   5]+0.075*[#   9]+0.075*[#  13]+0.058*[#   2]
          +0.058*[#   3]+0.058*[#   4]+0.058*[#   6]+0.058*[#   7]+0.058*[#   8]
          +0.058*[#  10]+0.058*[#  11]+0.058*[#  12]+0.058*[#  14]+0.058*[#  15]
          +0.058*[#  16]
    |psi|^2 = 0.995
==== e(   3) =     3.99357 eV ==== 
     psi = 0.062*[#   2]+0.062*[#   3]+0.062*[#   4]+0.062*[#   6]+0.062*[#   7]
          +0.062*[#   8]+0.062*[#  10]+0.062*[#  11]+0.062*[#  12]+0.062*[#  14]
          +0.062*[#  15]+0.062*[#  16]+0.061*[#   1]+0.061*[#   5]+0.061*[#   9]
          +0.061*[#  13]
    |psi|^2 = 0.990
==== e(   4) =     5.57661 eV ==== 
     psi = 0.083*[#   2]+0.083*[#   3]+0.083*[#   4]+0.083*[#   6]+0.083*[#   7]
          +0.083*[#   8]+0.083*[#  10]+0.083*[#  11]+0.083*[#  12]+0.083*[#  14]
          +0.083*[#  15]+0.083*[#  16]
    |psi|^2 = 0.996
==== e(   5) =     6.89656 eV ==== 
     psi = 0.144*[#   1]+0.144*[#   5]+0.144*[#   9]+0.144*[#  13]+0.027*[#   2]
          +0.027*[#   3]+0.027*[#   4]+0.027*[#   6]+0.027*[#   7]+0.027*[#   8]
          +0.027*[#  10]+0.027*[#  11]+0.027*[#  12]+0.027*[#  14]+0.027*[#  15]
          +0.027*[#  16]
    |psi|^2 = 0.906
==== e(   6) =     8.27553 eV ==== 
     psi = 0.068*[#   1]+0.068*[#   5]+0.068*[#   9]+0.068*[#  13]+0.056*[#   2]
          +0.056*[#   3]+0.056*[#   4]+0.056*[#   6]+0.056*[#   7]+0.056*[#   8]
          +0.056*[#  10]+0.056*[#  11]+0.056*[#  12]+0.056*[#  14]+0.056*[#  15]
          +0.056*[#  16]
    |psi|^2 = 0.947
==== e(   7) =     8.46898 eV ==== 
     psi = 0.095*[#   1]+0.095*[#   5]+0.095*[#   9]+0.095*[#  13]+0.042*[#   2]
          +0.042*[#   3]+0.042*[#   4]+0.042*[#   6]+0.042*[#   7]+0.042*[#   8]
          +0.042*[#  10]+0.042*[#  11]+0.042*[#  12]+0.042*[#  14]+0.042*[#  15]
          +0.042*[#  16]
    |psi|^2 = 0.884
==== e(   8) =     9.72921 eV ==== 
     psi = 0.074*[#   2]+0.074*[#   3]+0.074*[#   4]+0.074*[#   6]+0.074*[#   7]
          +0.074*[#   8]+0.074*[#  10]+0.074*[#  11]+0.074*[#  12]+0.074*[#  14]
          +0.074*[#  15]+0.074*[#  16]
    |psi|^2 = 0.889
==== e(   9) =    10.53758 eV ==== 
     psi = 0.101*[#   1]+0.101*[#   5]+0.101*[#   9]+0.101*[#  13]+0.028*[#   2]
          +0.028*[#   3]+0.028*[#   4]+0.028*[#   6]+0.028*[#   7]+0.028*[#   8]
          +0.028*[#  10]+0.028*[#  11]+0.028*[#  12]+0.028*[#  14]+0.028*[#  15]
          +0.028*[#  16]
    |psi|^2 = 0.741
==== e(  10) =    11.23462 eV ==== 
     psi = 0.084*[#   1]+0.084*[#   5]+0.084*[#   9]+0.084*[#  13]+0.053*[#   2]
          +0.053*[#   3]+0.053*[#   4]+0.053*[#   6]+0.053*[#   7]+0.053*[#   8]
          +0.053*[#  10]+0.053*[#  11]+0.053*[#  12]+0.053*[#  14]+0.053*[#  15]
          +0.053*[#  16]
    |psi|^2 = 0.968

 k =   0.0000000000  0.1250000000  0.3125000000
==== e(   1) =    -2.23464 eV ==== 
     psi = 0.119*[#   1]+0.119*[#   5]+0.119*[#   9]+0.119*[#  13]+0.044*[#   2]
          +0.044*[#   3]+0.044*[#   4]+0.044*[#   6]+0.044*[#   7]+0.044*[#   8]
          +0.044*[#  10]+0.044*[#  11]+0.044*[#  12]+0.044*[#  14]+0.044*[#  15]
          +0.044*[#  16]
    |psi|^2 = 0.999
==== e(   2) =     1.08544 eV ==== 
     psi = 0.075*[#   1]+0.075*[#   5]+0.075*[#   9]+0.075*[#  13]+0.058*[#   2]
          +0.058*[#   3]+0.058*[#   4]+0.058*[#   6]+0.058*[#   7]+0.058*[#   8]
          +0.058*[#  10]+0.058*[#  11]+0.058*[#  12]+0.058*[#  14]+0.058*[#  15]
          +0.058*[#  16]
    |psi|^2 = 0.997
==== e(   3) =     4.29341 eV ==== 
     psi = 0.063*[#   2]+0.063*[#   3]+0.063*[#   4]+0.063*[#   6]+0.063*[#   7]
          +0.063*[#   8]+0.063*[#  10]+0.063*[#  11]+0.063*[#  12]+0.063*[#  14]
          +0.063*[#  15]+0.063*[#  16]+0.058*[#   1]+0.058*[#   5]+0.058*[#   9]
          +0.058*[#  13]
    |psi|^2 = 0.990
==== e(   4) =     5.86766 eV ==== 
     psi = 0.083*[#   2]+0.083*[#   3]+0.083*[#   4]+0.083*[#   6]+0.083*[#   7]
          +0.083*[#   8]+0.083*[#  10]+0.083*[#  11]+0.083*[#  12]+0.083*[#  14]
          +0.083*[#  15]+0.083*[#  16]
    |psi|^2 = 0.994
==== e(   5) =     7.09639 eV ==== 
     psi = 0.060*[#   2]+0.060*[#   3]+0.060*[#   4]+0.060*[#   6]+0.060*[#   7]
          +0.060*[#   8]+0.060*[#  10]+0.060*[#  11]+0.060*[#  12]+0.060*[#  14]
          +0.060*[#  15]+0.060*[#  16]+0.054*[#   1]+0.054*[#   5]+0.054*[#   9]
          +0.054*[#  13]
    |psi|^2 = 0.935
==== e(   6) =     7.63144 eV ==== 
     psi = 0.147*[#   1]+0.147*[#   5]+0.147*[#   9]+0.147*[#  13]+0.030*[#   2]
          +0.030*[#   3]+0.030*[#   4]+0.030*[#   6]+0.030*[#   7]+0.030*[#   8]
          +0.030*[#  10]+0.030*[#  11]+0.030*[#  12]+0.030*[#  14]+0.030*[#  15]
          +0.030*[#  16]
    |psi|^2 = 0.947
==== e(   7) =     8.74136 eV ==== 
     psi = 0.067*[#   1]+0.067*[#   5]+0.067*[#   9]+0.067*[#  13]+0.053*[#   2]
          +0.053*[#   3]+0.053*[#   4]+0.053*[#   6]+0.053*[#   7]+0.053*[#   8]
          +0.053*[#  10]+0.053*[#  11]+0.053*[#  12]+0.053*[#  14]+0.053*[#  15]
          +0.053*[#  16]
    |psi|^2 = 0.897
==== e(   8) =     8.98138 eV ==== 
     psi = 0.078*[#   2]+0.078*[#   3]+0.078*[#   4]+0.078*[#   6]+0.078*[#   7]
          +0.078*[#   8]+0.078*[#  10]+0.078*[#  11]+0.078*[#  12]+0.078*[#  14]
          +0.078*[#  15]+0.078*[#  16]
    |psi|^2 = 0.932
==== e(   9) =    10.54911 eV ==== 
     psi = 0.118*[#   1]+0.118*[#   5]+0.118*[#   9]+0.118*[#  13]+0.042*[#   2]
          +0.042*[#   3]+0.042*[#   4]+0.042*[#   6]+0.042*[#   7]+0.042*[#   8]
          +0.042*[#  10]+0.042*[#  11]+0.042*[#  12]+0.042*[#  14]+0.042*[#  15]
          +0.042*[#  16]
    |psi|^2 = 0.975
==== e(  10) =    11.85466 eV ==== 
     psi = 0.082*[#   1]+0.082*[#   5]+0.082*[#   9]+0.082*[#  13]+0.028*[#   2]
          +0.028*[#   3]+0.028*[#   4]+0.028*[#   6]+0.028*[#   7]+0.028*[#   8]
          +0.028*[#  10]+0.028*[#  11]+0.028*[#  12]+0.028*[#  14]+0.028*[#  15]
          +0.028*[#  16]
    |psi|^2 = 0.666

 k =   0.0000000000  0.1250000000  0.3750000000
==== e(   1) =    -1.84991 eV ==== 
     psi = 0.104*[#   1]+0.104*[#   5]+0.104*[#   9]+0.104*[#  13]+0.049*[#   2]
          +0.049*[#   3]+0.049*[#   4]+0.049*[#   6]+0.049*[#   7]+0.049*[#   8]
          +0.049*[#  10]+0.049*[#  11]+0.049*[#  12]+0.049*[#  14]+0.049*[#  15]
          +0.049*[#  16]
    |psi|^2 = 0.999
==== e(   2) =     0.36686 eV ==== 
     psi = 0.077*[#   1]+0.077*[#   5]+0.077*[#   9]+0.077*[#  13]+0.058*[#   2]
          +0.058*[#   3]+0.058*[#   4]+0.058*[#   6]+0.058*[#   7]+0.058*[#   8]
          +0.058*[#  10]+0.058*[#  11]+0.058*[#  12]+0.058*[#  14]+0.058*[#  15]
          +0.058*[#  16]
    |psi|^2 = 0.998
==== e(   3) =     4.65890 eV ==== 
     psi = 0.065*[#   2]+0.065*[#   3]+0.065*[#   4]+0.065*[#   6]+0.065*[#   7]
          +0.065*[#   8]+0.065*[#  10]+0.065*[#  11]+0.065*[#  12]+0.065*[#  14]
          +0.065*[#  15]+0.065*[#  16]+0.054*[#   1]+0.054*[#   5]+0.054*[#   9]
          +0.054*[#  13]
    |psi|^2 = 0.990
==== e(   4) =     6.22362 eV ==== 
     psi = 0.083*[#   2]+0.083*[#   3]+0.083*[#   4]+0.083*[#   6]+0.083*[#   7]
          +0.083*[#   8]+0.083*[#  10]+0.083*[#  11]+0.083*[#  12]+0.083*[#  14]
          +0.083*[#  15]+0.083*[#  16]
    |psi|^2 = 0.992
==== e(   5) =     6.72786 eV ==== 
     psi = 0.077*[#   2]+0.077*[#   3]+0.077*[#   4]+0.077*[#   6]+0.077*[#   7]
          +0.077*[#   8]+0.077*[#  10]+0.077*[#  11]+0.077*[#  12]+0.077*[#  14]
          +0.077*[#  15]+0.077*[#  16]+0.012*[#   1]+0.012*[#   5]+0.012*[#   9]
          +0.012*[#  13]
    |psi|^2 = 0.978
==== e(   6) =     7.67950 eV ==== 
     psi = 0.174*[#   1]+0.174*[#   5]+0.174*[#   9]+0.174*[#  13]+0.019*[#   2]
          +0.019*[#   3]+0.019*[#   4]+0.019*[#   6]+0.019*[#   7]+0.019*[#   8]
          +0.019*[#  10]+0.019*[#  11]+0.019*[#  12]+0.019*[#  14]+0.019*[#  15]
          +0.019*[#  16]
    |psi|^2 = 0.927
==== e(   7) =     8.29905 eV ==== 
     psi = 0.080*[#   2]+0.080*[#   3]+0.080*[#   4]+0.080*[#   6]+0.080*[#   7]
          +0.080*[#   8]+0.080*[#  10]+0.080*[#  11]+0.080*[#  12]+0.080*[#  14]
          +0.080*[#  15]+0.080*[#  16]
    |psi|^2 = 0.958
==== e(   8) =     9.01359 eV ==== 
     psi = 0.069*[#   2]+0.069*[#   3]+0.069*[#   4]+0.069*[#   6]+0.069*[#   7]
          +0.069*[#   8]+0.069*[#  10]+0.069*[#  11]+0.069*[#  12]+0.069*[#  14]
          +0.069*[#  15]+0.069*[#  16]+0.020*[#   1]+0.020*[#   5]+0.020*[#   9]
          +0.020*[#  13]
    |psi|^2 = 0.903
==== e(   9) =     9.97083 eV ==== 
     psi = 0.171*[#   1]+0.171*[#   5]+0.171*[#   9]+0.171*[#  13]+0.025*[#   2]
          +0.025*[#   3]+0.025*[#   4]+0.025*[#   6]+0.025*[#   7]+0.025*[#   8]
          +0.025*[#  10]+0.025*[#  11]+0.025*[#  12]+0.025*[#  14]+0.025*[#  15]
          +0.025*[#  16]
    |psi|^2 = 0.983
==== e(  10) =    11.30343 eV ==== 
     psi = 0.059*[#   1]+0.059*[#   5]+0.059*[#   9]+0.059*[#  13]+0.058*[#   2]
          +0.058*[#   3]+0.058*[#   4]+0.058*[#   6]+0.058*[#   7]+0.058*[#   8]
          +0.058*[#  10]+0.058*[#  11]+0.058*[#  12]+0.058*[#  14]+0.058*[#  15]
          +0.058*[#  16]
    |psi|^2 = 0.926

 k =   0.0000000000  0.1250000000  0.4375000000
==== e(   1) =    -1.39660 eV ==== 
     psi = 0.093*[#   1]+0.093*[#   5]+0.093*[#   9]+0.093*[#  13]+0.052*[#   2]
          +0.052*[#   3]+0.052*[#   4]+0.052*[#   6]+0.052*[#   7]+0.052*[#   8]
          +0.052*[#  10]+0.052*[#  11]+0.052*[#  12]+0.052*[#  14]+0.052*[#  15]
          +0.052*[#  16]
    |psi|^2 = 0.999
==== e(   2) =    -0.28724 eV ==== 
     psi = 0.080*[#   1]+0.080*[#   5]+0.080*[#   9]+0.080*[#  13]+0.057*[#   2]
          +0.057*[#   3]+0.057*[#   4]+0.057*[#   6]+0.057*[#   7]+0.057*[#   8]
          +0.057*[#  10]+0.057*[#  11]+0.057*[#  12]+0.057*[#  14]+0.057*[#  15]
          +0.057*[#  16]
    |psi|^2 = 0.999
==== e(   3) =     5.08921 eV ==== 
     psi = 0.066*[#   2]+0.066*[#   3]+0.066*[#   4]+0.066*[#   6]+0.066*[#   7]
          +0.066*[#   8]+0.066*[#  10]+0.066*[#  11]+0.066*[#  12]+0.066*[#  14]
          +0.066*[#  15]+0.066*[#  16]+0.049*[#   1]+0.049*[#   5]+0.049*[#   9]
          +0.049*[#  13]
    |psi|^2 = 0.990
==== e(   4) =     6.13543 eV ==== 
     psi = 0.071*[#   2]+0.071*[#   3]+0.071*[#   4]+0.071*[#   6]+0.071*[#   7]
          +0.071*[#   8]+0.071*[#  10]+0.071*[#  11]+0.071*[#  12]+0.071*[#  14]
          +0.071*[#  15]+0.071*[#  16]+0.032*[#   1]+0.032*[#   5]+0.032*[#   9]
          +0.032*[#  13]
    |psi|^2 = 0.985
==== e(   5) =     6.64462 eV ==== 
     psi = 0.082*[#   2]+0.082*[#   3]+0.082*[#   4]+0.082*[#   6]+0.082*[#   7]
          +0.082*[#   8]+0.082*[#  10]+0.082*[#  11]+0.082*[#  12]+0.082*[#  14]
          +0.082*[#  15]+0.082*[#  16]
    |psi|^2 = 0.988
==== e(   6) =     7.68220 eV ==== 
     psi = 0.081*[#   2]+0.081*[#   3]+0.081*[#   4]+0.081*[#   6]+0.081*[#   7]
          +0.081*[#   8]+0.081*[#  10]+0.081*[#  11]+0.081*[#  12]+0.081*[#  14]
          +0.081*[#  15]+0.081*[#  16]
    |psi|^2 = 0.973
==== e(   7) =     8.07241 eV ==== 
     psi = 0.134*[#   1]+0.134*[#   5]+0.134*[#   9]+0.134*[#  13]+0.033*[#   2]
          +0.033*[#   3]+0.033*[#   4]+0.033*[#   6]+0.033*[#   7]+0.033*[#   8]
          +0.033*[#  10]+0.033*[#  11]+0.033*[#  12]+0.033*[#  14]+0.033*[#  15]
          +0.033*[#  16]
    |psi|^2 = 0.934
==== e(   8) =     8.97086 eV ==== 
     psi = 0.068*[#   2]+0.068*[#   3]+0.068*[#   4]+0.068*[#   6]+0.068*[#   7]
          +0.068*[#   8]+0.068*[#  10]+0.068*[#  11]+0.068*[#  12]+0.068*[#  14]
          +0.068*[#  15]+0.068*[#  16]+0.026*[#   1]+0.026*[#   5]+0.026*[#   9]
          +0.026*[#  13]
    |psi|^2 = 0.922
==== e(   9) =     9.82345 eV ==== 
     psi = 0.171*[#   1]+0.171*[#   5]+0.171*[#   9]+0.171*[#  13]+0.024*[#   2]
          +0.024*[#   3]+0.024*[#   4]+0.024*[#   6]+0.024*[#   7]+0.024*[#   8]
          +0.024*[#  10]+0.024*[#  11]+0.024*[#  12]+0.024*[#  14]+0.024*[#  15]
          +0.024*[#  16]
    |psi|^2 = 0.970
==== e(  10) =    10.71008 eV ==== 
     psi = 0.080*[#   1]+0.080*[#   5]+0.080*[#   9]+0.080*[#  13]+0.052*[#   2]
          +0.052*[#   3]+0.052*[#   4]+0.052*[#   6]+0.052*[#   7]+0.052*[#   8]
          +0.052*[#  10]+0.052*[#  11]+0.052*[#  12]+0.052*[#  14]+0.052*[#  15]
          +0.052*[#  16]
    |psi|^2 = 0.941

 k =   0.0000000000  0.1250000000 -0.5000000000
==== e(   1) =    -0.87544 eV ==== 
     psi = 0.170*[#   1]+0.107*[#   6]+0.107*[#   8]+0.107*[#  10]+0.107*[#  11]
          +0.107*[#  15]+0.107*[#  16]+0.057*[#   5]+0.057*[#   9]+0.057*[#  13]
          +0.006*[#   2]+0.006*[#   3]+0.006*[#   4]
    |psi|^2 = 0.999
==== e(   2) =    -0.87542 eV ==== 
     psi = 0.113*[#   5]+0.113*[#   9]+0.113*[#  13]+0.110*[#   7]+0.110*[#  12]
          +0.110*[#  14]+0.104*[#   2]+0.104*[#   3]+0.104*[#   4]+0.003*[#   6]
          +0.003*[#   8]+0.003*[#  10]+0.003*[#  11]+0.003*[#  15]+0.003*[#  16]
          
    |psi|^2 = 0.999
==== e(   3) =     5.58273 eV ==== 
     psi = 0.104*[#   2]+0.104*[#   3]+0.104*[#   4]+0.084*[#   6]+0.084*[#   8]
          +0.084*[#  10]+0.084*[#  11]+0.084*[#  15]+0.084*[#  16]+0.084*[#   1]
          +0.028*[#   5]+0.028*[#   9]+0.028*[#  13]
    |psi|^2 = 0.988
==== e(   4) =     5.58275 eV ==== 
     psi = 0.137*[#   7]+0.137*[#  12]+0.137*[#  14]+0.056*[#   5]+0.056*[#   9]
          +0.056*[#  13]+0.052*[#   6]+0.052*[#   8]+0.052*[#  10]+0.052*[#  11]
          +0.052*[#  15]+0.052*[#  16]+0.032*[#   2]+0.032*[#   3]+0.032*[#   4]
          
    |psi|^2 = 0.988
==== e(   5) =     7.13075 eV ==== 
     psi = 0.164*[#   2]+0.164*[#   3]+0.164*[#   4]+0.082*[#   6]+0.082*[#   8]
          +0.082*[#  10]+0.082*[#  11]+0.082*[#  15]+0.082*[#  16]
    |psi|^2 = 0.982
==== e(   6) =     7.13078 eV ==== 
     psi = 0.164*[#   7]+0.164*[#  12]+0.164*[#  14]+0.082*[#   6]+0.082*[#   8]
          +0.082*[#  10]+0.082*[#  11]+0.082*[#  15]+0.082*[#  16]
    |psi|^2 = 0.982
==== e(   7) =     8.53363 eV ==== 
     psi = 0.186*[#   1]+0.093*[#   6]+0.093*[#   8]+0.093*[#  10]+0.093*[#  11]
          +0.093*[#  15]+0.093*[#  16]+0.062*[#   5]+0.062*[#   9]+0.062*[#  13]
          +0.002*[#   2]+0.002*[#   3]+0.002*[#   4]
    |psi|^2 = 0.937
==== e(   8) =     8.53365 eV ==== 
     psi = 0.124*[#   5]+0.124*[#   9]+0.124*[#  13]+0.094*[#   7]+0.094*[#  12]
          +0.094*[#  14]+0.092*[#   2]+0.092*[#   3]+0.092*[#   4]
    |psi|^2 = 0.937
==== e(   9) =    10.19176 eV ==== 
     psi = 0.222*[#   1]+0.074*[#   5]+0.074*[#   9]+0.074*[#  13]+0.057*[#   6]
          +0.057*[#   8]+0.057*[#  10]+0.057*[#  11]+0.057*[#  15]+0.057*[#  16]
          +0.056*[#   2]+0.056*[#   3]+0.056*[#   4]
    |psi|^2 = 0.952
==== e(  10) =    10.19178 eV ==== 
     psi = 0.148*[#   5]+0.148*[#   9]+0.148*[#  13]+0.085*[#   7]+0.085*[#  12]
          +0.085*[#  14]+0.028*[#   2]+0.028*[#   3]+0.028*[#   4]+0.028*[#   6]
          +0.028*[#   8]+0.028*[#  10]+0.028*[#  11]+0.028*[#  15]+0.028*[#  16]
          
    |psi|^2 = 0.952

 k =   0.0000000000  0.1875000000  0.1875000000
==== e(   1) =    -2.62044 eV ==== 
     psi = 0.144*[#   1]+0.144*[#   5]+0.144*[#   9]+0.144*[#  13]+0.035*[#   2]
          +0.035*[#   3]+0.035*[#   4]+0.035*[#   6]+0.035*[#   7]+0.035*[#   8]
          +0.035*[#  10]+0.035*[#  11]+0.035*[#  12]+0.035*[#  14]+0.035*[#  15]
          +0.035*[#  16]
    |psi|^2 = 0.999
==== e(   2) =     2.87410 eV ==== 
     psi = 0.142*[#   1]+0.087*[#   7]+0.087*[#  12]+0.087*[#  14]+0.059*[#   6]
          +0.059*[#   8]+0.059*[#  10]+0.059*[#  11]+0.059*[#  15]+0.059*[#  16]
          +0.047*[#   5]+0.047*[#   9]+0.047*[#  13]+0.031*[#   2]+0.031*[#   3]
          +0.031*[#   4]
    |psi|^2 = 0.992
==== e(   3) =     2.87410 eV ==== 
     psi = 0.095*[#   5]+0.095*[#   9]+0.095*[#  13]+0.087*[#   2]+0.087*[#   3]
          +0.087*[#   4]+0.059*[#   6]+0.059*[#   8]+0.059*[#  10]+0.059*[#  11]
          +0.059*[#  15]+0.059*[#  16]+0.031*[#   7]+0.031*[#  12]+0.031*[#  14]
          
    |psi|^2 = 0.992
==== e(   4) =     5.51195 eV ==== 
     psi = 0.083*[#   2]+0.083*[#   3]+0.083*[#   4]+0.083*[#   6]+0.083*[#   7]
          +0.083*[#   8]+0.083*[#  10]+0.083*[#  11]+0.083*[#  12]+0.083*[#  14]
          +0.083*[#  15]+0.083*[#  16]
    |psi|^2 = 0.996
==== e(   5) =     6.82859 eV ==== 
     psi = 0.149*[#   1]+0.149*[#   5]+0.149*[#   9]+0.149*[#  13]+0.025*[#   2]
          +0.025*[#   3]+0.025*[#   4]+0.025*[#   6]+0.025*[#   7]+0.025*[#   8]
          +0.025*[#  10]+0.025*[#  11]+0.025*[#  12]+0.025*[#  14]+0.025*[#  15]
          +0.025*[#  16]
    |psi|^2 = 0.899
==== e(   6) =     8.23150 eV ==== 
     psi = 0.074*[#   1]+0.074*[#   5]+0.074*[#   9]+0.074*[#  13]+0.054*[#   2]
          +0.054*[#   3]+0.054*[#   4]+0.054*[#   6]+0.054*[#   7]+0.054*[#   8]
          +0.054*[#  10]+0.054*[#  11]+0.054*[#  12]+0.054*[#  14]+0.054*[#  15]
          +0.054*[#  16]
    |psi|^2 = 0.944
==== e(   7) =     9.43144 eV ==== 
     psi = 0.195*[#   1]+0.070*[#   2]+0.070*[#   3]+0.070*[#   4]+0.065*[#   5]
          +0.065*[#   9]+0.065*[#  13]+0.036*[#   6]+0.036*[#   8]+0.036*[#  10]
          +0.036*[#  11]+0.036*[#  15]+0.036*[#  16]+0.002*[#   7]+0.002*[#  12]
          +0.002*[#  14]
    |psi|^2 = 0.824
==== e(   8) =     9.43145 eV ==== 
     psi = 0.130*[#   5]+0.130*[#   9]+0.130*[#  13]+0.070*[#   7]+0.070*[#  12]
          +0.070*[#  14]+0.036*[#   6]+0.036*[#   8]+0.036*[#  10]+0.036*[#  11]
          +0.036*[#  15]+0.036*[#  16]+0.002*[#   2]+0.002*[#   3]+0.002*[#   4]
          
    |psi|^2 = 0.824
==== e(   9) =    10.70520 eV ==== 
     psi = 0.137*[#   2]+0.137*[#   3]+0.137*[#   4]+0.137*[#   7]+0.137*[#  12]
          +0.137*[#  14]
    |psi|^2 = 0.820
==== e(  10) =    10.70521 eV ==== 
     psi = 0.137*[#   6]+0.137*[#   8]+0.137*[#  10]+0.137*[#  11]+0.137*[#  15]
          +0.137*[#  16]
    |psi|^2 = 0.820

 k =   0.0000000000  0.1875000000  0.2500000000
==== e(   1) =    -2.37481 eV ==== 
     psi = 0.128*[#   1]+0.128*[#   5]+0.128*[#   9]+0.128*[#  13]+0.041*[#   2]
          +0.041*[#   3]+0.041*[#   4]+0.041*[#   6]+0.041*[#   7]+0.041*[#   8]
          +0.041*[#  10]+0.041*[#  11]+0.041*[#  12]+0.041*[#  14]+0.041*[#  15]
          +0.041*[#  16]
    |psi|^2 = 0.999
==== e(   2) =     2.03619 eV ==== 
     psi = 0.074*[#   1]+0.074*[#   5]+0.074*[#   9]+0.074*[#  13]+0.058*[#   2]
          +0.058*[#   3]+0.058*[#   4]+0.058*[#   6]+0.058*[#   7]+0.058*[#   8]
          +0.058*[#  10]+0.058*[#  11]+0.058*[#  12]+0.058*[#  14]+0.058*[#  15]
          +0.058*[#  16]
    |psi|^2 = 0.995
==== e(   3) =     3.10992 eV ==== 
     psi = 0.069*[#   1]+0.069*[#   5]+0.069*[#   9]+0.069*[#  13]+0.060*[#   2]
          +0.060*[#   3]+0.060*[#   4]+0.060*[#   6]+0.060*[#   7]+0.060*[#   8]
          +0.060*[#  10]+0.060*[#  11]+0.060*[#  12]+0.060*[#  14]+0.060*[#  15]
          +0.060*[#  16]
    |psi|^2 = 0.993
==== e(   4) =     5.73828 eV ==== 
     psi = 0.083*[#   2]+0.083*[#   3]+0.083*[#   4]+0.083*[#   6]+0.083*[#   7]
          +0.083*[#   8]+0.083*[#  10]+0.083*[#  11]+0.083*[#  12]+0.083*[#  14]
          +0.083*[#  15]+0.083*[#  16]
    |psi|^2 = 0.995
==== e(   5) =     6.96276 eV ==== 
     psi = 0.060*[#   1]+0.060*[#   5]+0.060*[#   9]+0.060*[#  13]+0.057*[#   2]
          +0.057*[#   3]+0.057*[#   4]+0.057*[#   6]+0.057*[#   7]+0.057*[#   8]
          +0.057*[#  10]+0.057*[#  11]+0.057*[#  12]+0.057*[#  14]+0.057*[#  15]
          +0.057*[#  16]
    |psi|^2 = 0.929
==== e(   6) =     7.52926 eV ==== 
     psi = 0.162*[#   1]+0.162*[#   5]+0.162*[#   9]+0.162*[#  13]+0.024*[#   2]
          +0.024*[#   3]+0.024*[#   4]+0.024*[#   6]+0.024*[#   7]+0.024*[#   8]
          +0.024*[#  10]+0.024*[#  11]+0.024*[#  12]+0.024*[#  14]+0.024*[#  15]
          +0.024*[#  16]
    |psi|^2 = 0.937
==== e(   7) =     9.63842 eV ==== 
     psi = 0.071*[#   1]+0.071*[#   5]+0.071*[#   9]+0.071*[#  13]+0.047*[#   2]
          +0.047*[#   3]+0.047*[#   4]+0.047*[#   6]+0.047*[#   7]+0.047*[#   8]
          +0.047*[#  10]+0.047*[#  11]+0.047*[#  12]+0.047*[#  14]+0.047*[#  15]
          +0.047*[#  16]
    |psi|^2 = 0.844
==== e(   8) =     9.89184 eV ==== 
     psi = 0.074*[#   2]+0.074*[#   3]+0.074*[#   4]+0.074*[#   6]+0.074*[#   7]
          +0.074*[#   8]+0.074*[#  10]+0.074*[#  11]+0.074*[#  12]+0.074*[#  14]
          +0.074*[#  15]+0.074*[#  16]
    |psi|^2 = 0.887
==== e(   9) =    10.67986 eV ==== 
     psi = 0.077*[#   1]+0.077*[#   5]+0.077*[#   9]+0.077*[#  13]+0.038*[#   2]
          +0.038*[#   3]+0.038*[#   4]+0.038*[#   6]+0.038*[#   7]+0.038*[#   8]
          +0.038*[#  10]+0.038*[#  11]+0.038*[#  12]+0.038*[#  14]+0.038*[#  15]
          +0.038*[#  16]
    |psi|^2 = 0.765
==== e(  10) =    10.93302 eV ==== 
     psi = 0.068*[#   2]+0.068*[#   3]+0.068*[#   4]+0.068*[#   6]+0.068*[#   7]
          +0.068*[#   8]+0.068*[#  10]+0.068*[#  11]+0.068*[#  12]+0.068*[#  14]
          +0.068*[#  15]+0.068*[#  16]
    |psi|^2 = 0.817

 k =   0.0000000000  0.1875000000  0.3125000000
==== e(   1) =    -2.05964 eV ==== 
     psi = 0.113*[#   1]+0.113*[#   5]+0.113*[#   9]+0.113*[#  13]+0.046*[#   2]
          +0.046*[#   3]+0.046*[#   4]+0.046*[#   6]+0.046*[#   7]+0.046*[#   8]
          +0.046*[#  10]+0.046*[#  11]+0.046*[#  12]+0.046*[#  14]+0.046*[#  15]
          +0.046*[#  16]
    |psi|^2 = 0.999
==== e(   2) =     1.25635 eV ==== 
     psi = 0.075*[#   1]+0.075*[#   5]+0.075*[#   9]+0.075*[#  13]+0.058*[#   2]
          +0.058*[#   3]+0.058*[#   4]+0.058*[#   6]+0.058*[#   7]+0.058*[#   8]
          +0.058*[#  10]+0.058*[#  11]+0.058*[#  12]+0.058*[#  14]+0.058*[#  15]
          +0.058*[#  16]
    |psi|^2 = 0.997
==== e(   3) =     3.41253 eV ==== 
     psi = 0.067*[#   1]+0.067*[#   5]+0.067*[#   9]+0.067*[#  13]+0.061*[#   2]
          +0.061*[#   3]+0.061*[#   4]+0.061*[#   6]+0.061*[#   7]+0.061*[#   8]
          +0.061*[#  10]+0.061*[#  11]+0.061*[#  12]+0.061*[#  14]+0.061*[#  15]
          +0.061*[#  16]
    |psi|^2 = 0.993
==== e(   4) =     6.02942 eV ==== 
     psi = 0.083*[#   2]+0.083*[#   3]+0.083*[#   4]+0.083*[#   6]+0.083*[#   7]
          +0.083*[#   8]+0.083*[#  10]+0.083*[#  11]+0.083*[#  12]+0.083*[#  14]
          +0.083*[#  15]+0.083*[#  16]
    |psi|^2 = 0.993
==== e(   5) =     6.55022 eV ==== 
     psi = 0.077*[#   2]+0.077*[#   3]+0.077*[#   4]+0.077*[#   6]+0.077*[#   7]
          +0.077*[#   8]+0.077*[#  10]+0.077*[#  11]+0.077*[#  12]+0.077*[#  14]
          +0.077*[#  15]+0.077*[#  16]+0.012*[#   1]+0.012*[#   5]+0.012*[#   9]
          +0.012*[#  13]
    |psi|^2 = 0.979
==== e(   6) =     7.49521 eV ==== 
     psi = 0.204*[#   1]+0.204*[#   5]+0.204*[#   9]+0.204*[#  13]+0.008*[#   2]
          +0.008*[#   3]+0.008*[#   4]+0.008*[#   6]+0.008*[#   7]+0.008*[#   8]
          +0.008*[#  10]+0.008*[#  11]+0.008*[#  12]+0.008*[#  14]+0.008*[#  15]
          +0.008*[#  16]
    |psi|^2 = 0.907
==== e(   7) =     9.14388 eV ==== 
     psi = 0.077*[#   2]+0.077*[#   3]+0.077*[#   4]+0.077*[#   6]+0.077*[#   7]
          +0.077*[#   8]+0.077*[#  10]+0.077*[#  11]+0.077*[#  12]+0.077*[#  14]
          +0.077*[#  15]+0.077*[#  16]
    |psi|^2 = 0.930
==== e(   8) =     9.85156 eV ==== 
     psi = 0.063*[#   2]+0.063*[#   3]+0.063*[#   4]+0.063*[#   6]+0.063*[#   7]
          +0.063*[#   8]+0.063*[#  10]+0.063*[#  11]+0.063*[#  12]+0.063*[#  14]
          +0.063*[#  15]+0.063*[#  16]+0.025*[#   1]+0.025*[#   5]+0.025*[#   9]
          +0.025*[#  13]
    |psi|^2 = 0.858
==== e(   9) =    10.78623 eV ==== 
     psi = 0.151*[#   1]+0.151*[#   5]+0.151*[#   9]+0.151*[#  13]+0.032*[#   2]
          +0.032*[#   3]+0.032*[#   4]+0.032*[#   6]+0.032*[#   7]+0.032*[#   8]
          +0.032*[#  10]+0.032*[#  11]+0.032*[#  12]+0.032*[#  14]+0.032*[#  15]
          +0.032*[#  16]
    |psi|^2 = 0.984
==== e(  10) =    11.22579 eV ==== 
     psi = 0.068*[#   2]+0.068*[#   3]+0.068*[#   4]+0.068*[#   6]+0.068*[#   7]
          +0.068*[#   8]+0.068*[#  10]+0.068*[#  11]+0.068*[#  12]+0.068*[#  14]
          +0.068*[#  15]+0.068*[#  16]
    |psi|^2 = 0.813

 k =   0.0000000000  0.1875000000  0.3750000000
==== e(   1) =    -1.67539 eV ==== 
     psi = 0.100*[#   1]+0.100*[#   5]+0.100*[#   9]+0.100*[#  13]+0.050*[#   2]
          +0.050*[#   3]+0.050*[#   4]+0.050*[#   6]+0.050*[#   7]+0.050*[#   8]
          +0.050*[#  10]+0.050*[#  11]+0.050*[#  12]+0.050*[#  14]+0.050*[#  15]
          +0.050*[#  16]
    |psi|^2 = 0.999
==== e(   2) =     0.53868 eV ==== 
     psi = 0.077*[#   1]+0.077*[#   5]+0.077*[#   9]+0.077*[#  13]+0.058*[#   2]
          +0.058*[#   3]+0.058*[#   4]+0.058*[#   6]+0.058*[#   7]+0.058*[#   8]
          +0.058*[#  10]+0.058*[#  11]+0.058*[#  12]+0.058*[#  14]+0.058*[#  15]
          +0.058*[#  16]
    |psi|^2 = 0.998
==== e(   3) =     3.78144 eV ==== 
     psi = 0.064*[#   1]+0.064*[#   5]+0.064*[#   9]+0.064*[#  13]+0.062*[#   2]
          +0.062*[#   3]+0.062*[#   4]+0.062*[#   6]+0.062*[#   7]+0.062*[#   8]
          +0.062*[#  10]+0.062*[#  11]+0.062*[#  12]+0.062*[#  14]+0.062*[#  15]
          +0.062*[#  16]
    |psi|^2 = 0.993
==== e(   4) =     5.89584 eV ==== 
     psi = 0.070*[#   2]+0.070*[#   3]+0.070*[#   4]+0.070*[#   6]+0.070*[#   7]
          +0.070*[#   8]+0.070*[#  10]+0.070*[#  11]+0.070*[#  12]+0.070*[#  14]
          +0.070*[#  15]+0.070*[#  16]+0.036*[#   1]+0.036*[#   5]+0.036*[#   9]
          +0.036*[#  13]
    |psi|^2 = 0.986
==== e(   5) =     6.38549 eV ==== 
     psi = 0.083*[#   2]+0.083*[#   3]+0.083*[#   4]+0.083*[#   6]+0.083*[#   7]
          +0.083*[#   8]+0.083*[#  10]+0.083*[#  11]+0.083*[#  12]+0.083*[#  14]
          +0.083*[#  15]+0.083*[#  16]
    |psi|^2 = 0.990
==== e(   6) =     7.82769 eV ==== 
     psi = 0.170*[#   1]+0.170*[#   5]+0.170*[#   9]+0.170*[#  13]+0.020*[#   2]
          +0.020*[#   3]+0.020*[#   4]+0.020*[#   6]+0.020*[#   7]+0.020*[#   8]
          +0.020*[#  10]+0.020*[#  11]+0.020*[#  12]+0.020*[#  14]+0.020*[#  15]
          +0.020*[#  16]
    |psi|^2 = 0.917
==== e(   7) =     8.46141 eV ==== 
     psi = 0.080*[#   2]+0.080*[#   3]+0.080*[#   4]+0.080*[#   6]+0.080*[#   7]
          +0.080*[#   8]+0.080*[#  10]+0.080*[#  11]+0.080*[#  12]+0.080*[#  14]
          +0.080*[#  15]+0.080*[#  16]
    |psi|^2 = 0.955
==== e(   8) =     9.76200 eV ==== 
     psi = 0.069*[#   2]+0.069*[#   3]+0.069*[#   4]+0.069*[#   6]+0.069*[#   7]
          +0.069*[#   8]+0.069*[#  10]+0.069*[#  11]+0.069*[#  12]+0.069*[#  14]
          +0.069*[#  15]+0.069*[#  16]+0.020*[#   1]+0.020*[#   5]+0.020*[#   9]
          +0.020*[#  13]
    |psi|^2 = 0.903
==== e(   9) =    10.56684 eV ==== 
     psi = 0.161*[#   1]+0.161*[#   5]+0.161*[#   9]+0.161*[#  13]+0.026*[#   2]
          +0.026*[#   3]+0.026*[#   4]+0.026*[#   6]+0.026*[#   7]+0.026*[#   8]
          +0.026*[#  10]+0.026*[#  11]+0.026*[#  12]+0.026*[#  14]+0.026*[#  15]
          +0.026*[#  16]
    |psi|^2 = 0.955
==== e(  10) =    11.58340 eV ==== 
     psi = 0.067*[#   2]+0.067*[#   3]+0.067*[#   4]+0.067*[#   6]+0.067*[#   7]
          +0.067*[#   8]+0.067*[#  10]+0.067*[#  11]+0.067*[#  12]+0.067*[#  14]
          +0.067*[#  15]+0.067*[#  16]
    |psi|^2 = 0.808

 k =   0.0000000000  0.1875000000  0.4375000000
==== e(   1) =    -1.22264 eV ==== 
     psi = 0.091*[#   1]+0.091*[#   5]+0.091*[#   9]+0.091*[#  13]+0.053*[#   2]
          +0.053*[#   3]+0.053*[#   4]+0.053*[#   6]+0.053*[#   7]+0.053*[#   8]
          +0.053*[#  10]+0.053*[#  11]+0.053*[#  12]+0.053*[#  14]+0.053*[#  15]
          +0.053*[#  16]
    |psi|^2 = 0.999
==== e(   2) =    -0.11463 eV ==== 
     psi = 0.079*[#   1]+0.079*[#   5]+0.079*[#   9]+0.079*[#  13]+0.057*[#   2]
          +0.057*[#   3]+0.057*[#   4]+0.057*[#   6]+0.057*[#   7]+0.057*[#   8]
          +0.057*[#  10]+0.057*[#  11]+0.057*[#  12]+0.057*[#  14]+0.057*[#  15]
          +0.057*[#  16]
    |psi|^2 = 0.999
==== e(   3) =     4.21596 eV ==== 
     psi = 0.063*[#   2]+0.063*[#   3]+0.063*[#   4]+0.063*[#   6]+0.063*[#   7]
          +0.063*[#   8]+0.063*[#  10]+0.063*[#  11]+0.063*[#  12]+0.063*[#  14]
          +0.063*[#  15]+0.063*[#  16]+0.060*[#   1]+0.060*[#   5]+0.060*[#   9]
          +0.060*[#  13]
    |psi|^2 = 0.993
==== e(   4) =     5.27659 eV ==== 
     psi = 0.067*[#   2]+0.067*[#   3]+0.067*[#   4]+0.067*[#   6]+0.067*[#   7]
          +0.067*[#   8]+0.067*[#  10]+0.067*[#  11]+0.067*[#  12]+0.067*[#  14]
          +0.067*[#  15]+0.067*[#  16]+0.048*[#   1]+0.048*[#   5]+0.048*[#   9]
          +0.048*[#  13]
    |psi|^2 = 0.989
==== e(   5) =     6.80660 eV ==== 
     psi = 0.082*[#   2]+0.082*[#   3]+0.082*[#   4]+0.082*[#   6]+0.082*[#   7]
          +0.082*[#   8]+0.082*[#  10]+0.082*[#  11]+0.082*[#  12]+0.082*[#  14]
          +0.082*[#  15]+0.082*[#  16]
    |psi|^2 = 0.986
==== e(   6) =     7.84444 eV ==== 
     psi = 0.081*[#   2]+0.081*[#   3]+0.081*[#   4]+0.081*[#   6]+0.081*[#   7]
          +0.081*[#   8]+0.081*[#  10]+0.081*[#  11]+0.081*[#  12]+0.081*[#  14]
          +0.081*[#  15]+0.081*[#  16]
    |psi|^2 = 0.971
==== e(   7) =     8.24946 eV ==== 
     psi = 0.143*[#   1]+0.143*[#   5]+0.143*[#   9]+0.143*[#  13]+0.029*[#   2]
          +0.029*[#   3]+0.029*[#   4]+0.029*[#   6]+0.029*[#   7]+0.029*[#   8]
          +0.029*[#  10]+0.029*[#  11]+0.029*[#  12]+0.029*[#  14]+0.029*[#  15]
          +0.029*[#  16]
    |psi|^2 = 0.927
==== e(   8) =     9.26368 eV ==== 
     psi = 0.081*[#   1]+0.081*[#   5]+0.081*[#   9]+0.081*[#  13]+0.051*[#   2]
          +0.051*[#   3]+0.051*[#   4]+0.051*[#   6]+0.051*[#   7]+0.051*[#   8]
          +0.051*[#  10]+0.051*[#  11]+0.051*[#  12]+0.051*[#  14]+0.051*[#  15]
          +0.051*[#  16]
    |psi|^2 = 0.932
==== e(   9) =    10.87048 eV ==== 
     psi = 0.104*[#   1]+0.104*[#   5]+0.104*[#   9]+0.104*[#  13]+0.043*[#   2]
          +0.043*[#   3]+0.043*[#   4]+0.043*[#   6]+0.043*[#   7]+0.043*[#   8]
          +0.043*[#  10]+0.043*[#  11]+0.043*[#  12]+0.043*[#  14]+0.043*[#  15]
          +0.043*[#  16]
    |psi|^2 = 0.930
==== e(  10) =    11.85255 eV ==== 
     psi = 0.058*[#   2]+0.058*[#   3]+0.058*[#   4]+0.058*[#   6]+0.058*[#   7]
          +0.058*[#   8]+0.058*[#  10]+0.058*[#  11]+0.058*[#  12]+0.058*[#  14]
          +0.058*[#  15]+0.058*[#  16]+0.054*[#   1]+0.054*[#   5]+0.054*[#   9]
          +0.054*[#  13]
    |psi|^2 = 0.909

 k =   0.0000000000  0.1875000000 -0.5000000000
==== e(   1) =    -0.70211 eV ==== 
     psi = 0.168*[#   1]+0.104*[#   6]+0.104*[#   8]+0.104*[#  10]+0.104*[#  11]
          +0.104*[#  15]+0.104*[#  16]+0.056*[#   5]+0.056*[#   9]+0.056*[#  13]
          +0.013*[#   2]+0.013*[#   3]+0.013*[#   4]
    |psi|^2 = 0.999
==== e(   2) =    -0.70208 eV ==== 
     psi = 0.112*[#   5]+0.112*[#   9]+0.112*[#  13]+0.110*[#   7]+0.110*[#  12]
          +0.110*[#  14]+0.098*[#   2]+0.098*[#   3]+0.098*[#   4]+0.006*[#   6]
          +0.006*[#   8]+0.006*[#  10]+0.006*[#  11]+0.006*[#  15]+0.006*[#  16]
          
    |psi|^2 = 0.999
==== e(   3) =     4.71499 eV ==== 
     psi = 0.110*[#   1]+0.094*[#   2]+0.094*[#   3]+0.094*[#   4]+0.082*[#   6]
          +0.082*[#   8]+0.082*[#  10]+0.082*[#  11]+0.082*[#  15]+0.082*[#  16]
          +0.037*[#   5]+0.037*[#   9]+0.037*[#  13]
    |psi|^2 = 0.992
==== e(   4) =     4.71501 eV ==== 
     psi = 0.129*[#   7]+0.129*[#  12]+0.129*[#  14]+0.073*[#   5]+0.073*[#   9]
          +0.073*[#  13]+0.047*[#   6]+0.047*[#   8]+0.047*[#  10]+0.047*[#  11]
          +0.047*[#  15]+0.047*[#  16]+0.035*[#   2]+0.035*[#   3]+0.035*[#   4]
          
    |psi|^2 = 0.992
==== e(   5) =     7.29286 eV ==== 
     psi = 0.163*[#   2]+0.163*[#   3]+0.163*[#   4]+0.082*[#   6]+0.082*[#   8]
          +0.082*[#  10]+0.082*[#  11]+0.082*[#  15]+0.082*[#  16]
    |psi|^2 = 0.981
==== e(   6) =     7.29289 eV ==== 
     psi = 0.163*[#   7]+0.163*[#  12]+0.163*[#  14]+0.082*[#   6]+0.082*[#   8]
          +0.082*[#  10]+0.082*[#  11]+0.082*[#  15]+0.082*[#  16]
    |psi|^2 = 0.981
==== e(   7) =     8.73419 eV ==== 
     psi = 0.233*[#   1]+0.078*[#   6]+0.078*[#   8]+0.078*[#  10]+0.078*[#  11]
          +0.078*[#  15]+0.078*[#  16]+0.078*[#   5]+0.078*[#   9]+0.078*[#  13]
          
    |psi|^2 = 0.934
==== e(   8) =     8.73420 eV ==== 
     psi = 0.155*[#   5]+0.155*[#   9]+0.155*[#  13]+0.078*[#   2]+0.078*[#   3]
          +0.078*[#   4]+0.078*[#   7]+0.078*[#  12]+0.078*[#  14]
    |psi|^2 = 0.934
==== e(   9) =    11.32379 eV ==== 
     psi = 0.148*[#   1]+0.071*[#   6]+0.071*[#   8]+0.071*[#  10]+0.071*[#  11]
          +0.071*[#  15]+0.071*[#  16]+0.067*[#   2]+0.067*[#   3]+0.067*[#   4]
          +0.049*[#   5]+0.049*[#   9]+0.049*[#  13]
    |psi|^2 = 0.922
==== e(  10) =    11.32381 eV ==== 
     psi = 0.104*[#   7]+0.104*[#  12]+0.104*[#  14]+0.099*[#   5]+0.099*[#   9]
          +0.099*[#  13]+0.037*[#   2]+0.037*[#   3]+0.037*[#   4]+0.033*[#   6]
          +0.033*[#   8]+0.033*[#  10]+0.033*[#  11]+0.033*[#  15]+0.033*[#  16]
          
    |psi|^2 = 0.922

 k =   0.0000000000  0.2500000000  0.2500000000
==== e(   1) =    -2.12963 eV ==== 
     psi = 0.116*[#   1]+0.116*[#   5]+0.116*[#   9]+0.116*[#  13]+0.044*[#   2]
          +0.044*[#   3]+0.044*[#   4]+0.044*[#   6]+0.044*[#   7]+0.044*[#   8]
          +0.044*[#  10]+0.044*[#  11]+0.044*[#  12]+0.044*[#  14]+0.044*[#  15]
          +0.044*[#  16]
    |psi|^2 = 0.999
==== e(   2) =     2.27370 eV ==== 
     psi = 0.145*[#   1]+0.095*[#   7]+0.095*[#  12]+0.095*[#  14]+0.059*[#   6]
          +0.059*[#   8]+0.059*[#  10]+0.059*[#  11]+0.059*[#  15]+0.059*[#  16]
          +0.048*[#   5]+0.048*[#   9]+0.048*[#  13]+0.023*[#   2]+0.023*[#   3]
          +0.023*[#   4]
    |psi|^2 = 0.995
==== e(   3) =     2.27370 eV ==== 
     psi = 0.097*[#   5]+0.097*[#   9]+0.097*[#  13]+0.095*[#   2]+0.095*[#   3]
          +0.095*[#   4]+0.059*[#   6]+0.059*[#   8]+0.059*[#  10]+0.059*[#  11]
          +0.059*[#  15]+0.059*[#  16]+0.023*[#   7]+0.023*[#  12]+0.023*[#  14]
          
    |psi|^2 = 0.995
==== e(   4) =     5.96470 eV ==== 
     psi = 0.083*[#   2]+0.083*[#   3]+0.083*[#   4]+0.083*[#   6]+0.083*[#   7]
          +0.083*[#   8]+0.083*[#  10]+0.083*[#  11]+0.083*[#  12]+0.083*[#  14]
          +0.083*[#  15]+0.083*[#  16]
    |psi|^2 = 0.993
==== e(   5) =     6.48926 eV ==== 
     psi = 0.077*[#   2]+0.077*[#   3]+0.077*[#   4]+0.077*[#   6]+0.077*[#   7]
          +0.077*[#   8]+0.077*[#  10]+0.077*[#  11]+0.077*[#  12]+0.077*[#  14]
          +0.077*[#  15]+0.077*[#  16]+0.012*[#   1]+0.012*[#   5]+0.012*[#   9]
          +0.012*[#  13]
    |psi|^2 = 0.979
==== e(   6) =     7.43161 eV ==== 
     psi = 0.214*[#   1]+0.214*[#   5]+0.214*[#   9]+0.214*[#  13]+0.003*[#   2]
          +0.003*[#   3]+0.003*[#   4]+0.003*[#   6]+0.003*[#   7]+0.003*[#   8]
          +0.003*[#  10]+0.003*[#  11]+0.003*[#  12]+0.003*[#  14]+0.003*[#  15]
          +0.003*[#  16]
    |psi|^2 = 0.897
==== e(   7) =    10.11950 eV ==== 
     psi = 0.147*[#   2]+0.147*[#   3]+0.147*[#   4]+0.147*[#   7]+0.147*[#  12]
          +0.147*[#  14]
    |psi|^2 = 0.884
==== e(   8) =    10.11951 eV ==== 
     psi = 0.147*[#   6]+0.147*[#   8]+0.147*[#  10]+0.147*[#  11]+0.147*[#  15]
          +0.147*[#  16]
    |psi|^2 = 0.884
==== e(   9) =    10.83092 eV ==== 
     psi = 0.109*[#   2]+0.109*[#   3]+0.109*[#   4]+0.061*[#   1]+0.056*[#   6]
          +0.056*[#   8]+0.056*[#  10]+0.056*[#  11]+0.056*[#  15]+0.056*[#  16]
          +0.020*[#   5]+0.020*[#   9]+0.020*[#  13]+0.002*[#   7]+0.002*[#  12]
          +0.002*[#  14]
    |psi|^2 = 0.790
==== e(  10) =    10.83093 eV ==== 
     psi = 0.109*[#   7]+0.109*[#  12]+0.109*[#  14]+0.056*[#   6]+0.056*[#   8]
          +0.056*[#  10]+0.056*[#  11]+0.056*[#  15]+0.056*[#  16]+0.041*[#   5]
          +0.041*[#   9]+0.041*[#  13]+0.002*[#   2]+0.002*[#   3]+0.002*[#   4]
          
    |psi|^2 = 0.790

 k =   0.0000000000  0.2500000000  0.3125000000
==== e(   1) =    -1.81500 eV ==== 
     psi = 0.106*[#   1]+0.106*[#   5]+0.106*[#   9]+0.106*[#  13]+0.048*[#   2]
          +0.048*[#   3]+0.048*[#   4]+0.048*[#   6]+0.048*[#   7]+0.048*[#   8]
          +0.048*[#  10]+0.048*[#  11]+0.048*[#  12]+0.048*[#  14]+0.048*[#  15]
          +0.048*[#  16]
    |psi|^2 = 0.999
==== e(   2) =     1.49530 eV ==== 
     psi = 0.074*[#   1]+0.074*[#   5]+0.074*[#   9]+0.074*[#  13]+0.058*[#   2]
          +0.058*[#   3]+0.058*[#   4]+0.058*[#   6]+0.058*[#   7]+0.058*[#   8]
          +0.058*[#  10]+0.058*[#  11]+0.058*[#  12]+0.058*[#  14]+0.058*[#  15]
          +0.058*[#  16]
    |psi|^2 = 0.997
==== e(   3) =     2.57850 eV ==== 
     psi = 0.071*[#   1]+0.071*[#   5]+0.071*[#   9]+0.071*[#  13]+0.059*[#   2]
          +0.059*[#   3]+0.059*[#   4]+0.059*[#   6]+0.059*[#   7]+0.059*[#   8]
          +0.059*[#  10]+0.059*[#  11]+0.059*[#  12]+0.059*[#  14]+0.059*[#  15]
          +0.059*[#  16]
    |psi|^2 = 0.996
==== e(   4) =     5.77200 eV ==== 
     psi = 0.070*[#   2]+0.070*[#   3]+0.070*[#   4]+0.070*[#   6]+0.070*[#   7]
          +0.070*[#   8]+0.070*[#  10]+0.070*[#  11]+0.070*[#  12]+0.070*[#  14]
          +0.070*[#  15]+0.070*[#  16]+0.038*[#   1]+0.038*[#   5]+0.038*[#   9]
          +0.038*[#  13]
    |psi|^2 = 0.986
==== e(   5) =     6.25597 eV ==== 
     psi = 0.083*[#   2]+0.083*[#   3]+0.083*[#   4]+0.083*[#   6]+0.083*[#   7]
          +0.083*[#   8]+0.083*[#  10]+0.083*[#  11]+0.083*[#  12]+0.083*[#  14]
          +0.083*[#  15]+0.083*[#  16]
    |psi|^2 = 0.991
==== e(   6) =     7.69894 eV ==== 
     psi = 0.187*[#   1]+0.187*[#   5]+0.187*[#   9]+0.187*[#  13]+0.013*[#   2]
          +0.013*[#   3]+0.013*[#   4]+0.013*[#   6]+0.013*[#   7]+0.013*[#   8]
          +0.013*[#  10]+0.013*[#  11]+0.013*[#  12]+0.013*[#  14]+0.013*[#  15]
          +0.013*[#  16]
    |psi|^2 = 0.900
==== e(   7) =     9.37138 eV ==== 
     psi = 0.077*[#   2]+0.077*[#   3]+0.077*[#   4]+0.077*[#   6]+0.077*[#   7]
          +0.077*[#   8]+0.077*[#  10]+0.077*[#  11]+0.077*[#  12]+0.077*[#  14]
          +0.077*[#  15]+0.077*[#  16]
    |psi|^2 = 0.926
==== e(   8) =    10.41215 eV ==== 
     psi = 0.073*[#   2]+0.073*[#   3]+0.073*[#   4]+0.073*[#   6]+0.073*[#   7]
          +0.073*[#   8]+0.073*[#  10]+0.073*[#  11]+0.073*[#  12]+0.073*[#  14]
          +0.073*[#  15]+0.073*[#  16]
    |psi|^2 = 0.879
==== e(   9) =    10.67695 eV ==== 
     psi = 0.068*[#   2]+0.068*[#   3]+0.068*[#   4]+0.068*[#   6]+0.068*[#   7]
          +0.068*[#   8]+0.068*[#  10]+0.068*[#  11]+0.068*[#  12]+0.068*[#  14]
          +0.068*[#  15]+0.068*[#  16]+0.016*[#   1]+0.016*[#   5]+0.016*[#   9]
          +0.016*[#  13]
    |psi|^2 = 0.876
==== e(  10) =    11.44590 eV ==== 
     psi = 0.154*[#   1]+0.154*[#   5]+0.154*[#   9]+0.154*[#  13]+0.026*[#   2]
          +0.026*[#   3]+0.026*[#   4]+0.026*[#   6]+0.026*[#   7]+0.026*[#   8]
          +0.026*[#  10]+0.026*[#  11]+0.026*[#  12]+0.026*[#  14]+0.026*[#  15]
          +0.026*[#  16]
    |psi|^2 = 0.925

 k =   0.0000000000  0.2500000000  0.3750000000
==== e(   1) =    -1.43141 eV ==== 
     psi = 0.096*[#   1]+0.096*[#   5]+0.096*[#   9]+0.096*[#  13]+0.051*[#   2]
          +0.051*[#   3]+0.051*[#   4]+0.051*[#   6]+0.051*[#   7]+0.051*[#   8]
          +0.051*[#  10]+0.051*[#  11]+0.051*[#  12]+0.051*[#  14]+0.051*[#  15]
          +0.051*[#  16]
    |psi|^2 = 0.999
==== e(   2) =     0.77889 eV ==== 
     psi = 0.076*[#   1]+0.076*[#   5]+0.076*[#   9]+0.076*[#  13]+0.058*[#   2]
          +0.058*[#   3]+0.058*[#   4]+0.058*[#   6]+0.058*[#   7]+0.058*[#   8]
          +0.058*[#  10]+0.058*[#  11]+0.058*[#  12]+0.058*[#  14]+0.058*[#  15]
          +0.058*[#  16]
    |psi|^2 = 0.998
==== e(   3) =     2.95011 eV ==== 
     psi = 0.069*[#   1]+0.069*[#   5]+0.069*[#   9]+0.069*[#  13]+0.060*[#   2]
          +0.060*[#   3]+0.060*[#   4]+0.060*[#   6]+0.060*[#   7]+0.060*[#   8]
          +0.060*[#  10]+0.060*[#  11]+0.060*[#  12]+0.060*[#  14]+0.060*[#  15]
          +0.060*[#  16]
    |psi|^2 = 0.995
==== e(   4) =     5.08701 eV ==== 
     psi = 0.066*[#   2]+0.066*[#   3]+0.066*[#   4]+0.066*[#   6]+0.066*[#   7]
          +0.066*[#   8]+0.066*[#  10]+0.066*[#  11]+0.066*[#  12]+0.066*[#  14]
          +0.066*[#  15]+0.066*[#  16]+0.051*[#   1]+0.051*[#   5]+0.051*[#   9]
          +0.051*[#  13]
    |psi|^2 = 0.990
==== e(   5) =     6.61218 eV ==== 
     psi = 0.082*[#   2]+0.082*[#   3]+0.082*[#   4]+0.082*[#   6]+0.082*[#   7]
          +0.082*[#   8]+0.082*[#  10]+0.082*[#  11]+0.082*[#  12]+0.082*[#  14]
          +0.082*[#  15]+0.082*[#  16]
    |psi|^2 = 0.988
==== e(   6) =     8.05904 eV ==== 
     psi = 0.168*[#   1]+0.168*[#   5]+0.168*[#   9]+0.168*[#  13]+0.020*[#   2]
          +0.020*[#   3]+0.020*[#   4]+0.020*[#   6]+0.020*[#   7]+0.020*[#   8]
          +0.020*[#  10]+0.020*[#  11]+0.020*[#  12]+0.020*[#  14]+0.020*[#  15]
          +0.020*[#  16]
    |psi|^2 = 0.909
==== e(   7) =     8.68877 eV ==== 
     psi = 0.079*[#   2]+0.079*[#   3]+0.079*[#   4]+0.079*[#   6]+0.079*[#   7]
          +0.079*[#   8]+0.079*[#  10]+0.079*[#  11]+0.079*[#  12]+0.079*[#  14]
          +0.079*[#  15]+0.079*[#  16]
    |psi|^2 = 0.952
==== e(   8) =    10.11744 eV ==== 
     psi = 0.073*[#   1]+0.073*[#   5]+0.073*[#   9]+0.073*[#  13]+0.053*[#   2]
          +0.053*[#   3]+0.053*[#   4]+0.053*[#   6]+0.053*[#   7]+0.053*[#   8]
          +0.053*[#  10]+0.053*[#  11]+0.053*[#  12]+0.053*[#  14]+0.053*[#  15]
          +0.053*[#  16]
    |psi|^2 = 0.924
==== e(   9) =    10.76973 eV ==== 
     psi = 0.073*[#   2]+0.073*[#   3]+0.073*[#   4]+0.073*[#   6]+0.073*[#   7]
          +0.073*[#   8]+0.073*[#  10]+0.073*[#  11]+0.073*[#  12]+0.073*[#  14]
          +0.073*[#  15]+0.073*[#  16]
    |psi|^2 = 0.873
==== e(  10) =    11.69394 eV ==== 
     psi = 0.102*[#   1]+0.102*[#   5]+0.102*[#   9]+0.102*[#  13]+0.040*[#   2]
          +0.040*[#   3]+0.040*[#   4]+0.040*[#   6]+0.040*[#   7]+0.040*[#   8]
          +0.040*[#  10]+0.040*[#  11]+0.040*[#  12]+0.040*[#  14]+0.040*[#  15]
          +0.040*[#  16]
    |psi|^2 = 0.894

 k =   0.0000000000  0.2500000000  0.4375000000
==== e(   1) =    -0.97943 eV ==== 
     psi = 0.089*[#   1]+0.089*[#   5]+0.089*[#   9]+0.089*[#  13]+0.054*[#   2]
          +0.054*[#   3]+0.054*[#   4]+0.054*[#   6]+0.054*[#   7]+0.054*[#   8]
          +0.054*[#  10]+0.054*[#  11]+0.054*[#  12]+0.054*[#  14]+0.054*[#  15]
          +0.054*[#  16]
    |psi|^2 = 0.999
==== e(   2) =     0.12670 eV ==== 
     psi = 0.079*[#   1]+0.079*[#   5]+0.079*[#   9]+0.079*[#  13]+0.057*[#   2]
          +0.057*[#   3]+0.057*[#   4]+0.057*[#   6]+0.057*[#   7]+0.057*[#   8]
          +0.057*[#  10]+0.057*[#  11]+0.057*[#  12]+0.057*[#  14]+0.057*[#  15]
          +0.057*[#  16]
    |psi|^2 = 0.998
==== e(   3) =     3.38792 eV ==== 
     psi = 0.067*[#   1]+0.067*[#   5]+0.067*[#   9]+0.067*[#  13]+0.061*[#   2]
          +0.061*[#   3]+0.061*[#   4]+0.061*[#   6]+0.061*[#   7]+0.061*[#   8]
          +0.061*[#  10]+0.061*[#  11]+0.061*[#  12]+0.061*[#  14]+0.061*[#  15]
          +0.061*[#  16]
    |psi|^2 = 0.995
==== e(   4) =     4.45819 eV ==== 
     psi = 0.063*[#   2]+0.063*[#   3]+0.063*[#   4]+0.063*[#   6]+0.063*[#   7]
          +0.063*[#   8]+0.063*[#  10]+0.063*[#  11]+0.063*[#  12]+0.063*[#  14]
          +0.063*[#  15]+0.063*[#  16]+0.058*[#   1]+0.058*[#   5]+0.058*[#   9]
          +0.058*[#  13]
    |psi|^2 = 0.992
==== e(   5) =     7.03345 eV ==== 
     psi = 0.082*[#   2]+0.082*[#   3]+0.082*[#   4]+0.082*[#   6]+0.082*[#   7]
          +0.082*[#   8]+0.082*[#  10]+0.082*[#  11]+0.082*[#  12]+0.082*[#  14]
          +0.082*[#  15]+0.082*[#  16]
    |psi|^2 = 0.984
==== e(   6) =     8.07163 eV ==== 
     psi = 0.081*[#   2]+0.081*[#   3]+0.081*[#   4]+0.081*[#   6]+0.081*[#   7]
          +0.081*[#   8]+0.081*[#  10]+0.081*[#  11]+0.081*[#  12]+0.081*[#  14]
          +0.081*[#  15]+0.081*[#  16]
    |psi|^2 = 0.968
==== e(   7) =     8.48866 eV ==== 
     psi = 0.150*[#   1]+0.150*[#   5]+0.150*[#   9]+0.150*[#  13]+0.027*[#   2]
          +0.027*[#   3]+0.027*[#   4]+0.027*[#   6]+0.027*[#   7]+0.027*[#   8]
          +0.027*[#  10]+0.027*[#  11]+0.027*[#  12]+0.027*[#  14]+0.027*[#  15]
          +0.027*[#  16]
    |psi|^2 = 0.919
==== e(   8) =     9.52859 eV ==== 
     psi = 0.106*[#   1]+0.106*[#   5]+0.106*[#   9]+0.106*[#  13]+0.042*[#   2]
          +0.042*[#   3]+0.042*[#   4]+0.042*[#   6]+0.042*[#   7]+0.042*[#   8]
          +0.042*[#  10]+0.042*[#  11]+0.042*[#  12]+0.042*[#  14]+0.042*[#  15]
          +0.042*[#  16]
    |psi|^2 = 0.931
==== e(   9) =    11.19217 eV ==== 
     psi = 0.072*[#   2]+0.072*[#   3]+0.072*[#   4]+0.072*[#   6]+0.072*[#   7]
          +0.072*[#   8]+0.072*[#  10]+0.072*[#  11]+0.072*[#  12]+0.072*[#  14]
          +0.072*[#  15]+0.072*[#  16]
    |psi|^2 = 0.864
==== e(  10) =    12.08330 eV ==== 
     psi = 0.073*[#   1]+0.073*[#   5]+0.073*[#   9]+0.073*[#  13]+0.050*[#   2]
          +0.050*[#   3]+0.050*[#   4]+0.050*[#   6]+0.050*[#   7]+0.050*[#   8]
          +0.050*[#  10]+0.050*[#  11]+0.050*[#  12]+0.050*[#  14]+0.050*[#  15]
          +0.050*[#  16]
    |psi|^2 = 0.891

 k =   0.0000000000  0.2500000000 -0.5000000000
==== e(   1) =    -0.45979 eV ==== 
     psi = 0.166*[#   1]+0.101*[#   6]+0.101*[#   8]+0.101*[#  10]+0.101*[#  11]
          +0.101*[#  15]+0.101*[#  16]+0.055*[#   5]+0.055*[#   9]+0.055*[#  13]
          +0.021*[#   2]+0.021*[#   3]+0.021*[#   4]
    |psi|^2 = 0.999
==== e(   2) =    -0.45977 eV ==== 
     psi = 0.111*[#   7]+0.111*[#  12]+0.111*[#  14]+0.110*[#   5]+0.110*[#   9]
          +0.110*[#  13]+0.090*[#   2]+0.090*[#   3]+0.090*[#   4]+0.010*[#   6]
          +0.010*[#   8]+0.010*[#  10]+0.010*[#  11]+0.010*[#  15]+0.010*[#  16]
          
    |psi|^2 = 0.999
==== e(   3) =     3.89103 eV ==== 
     psi = 0.127*[#   1]+0.086*[#   2]+0.086*[#   3]+0.086*[#   4]+0.080*[#   6]
          +0.080*[#   8]+0.080*[#  10]+0.080*[#  11]+0.080*[#  15]+0.080*[#  16]
          +0.042*[#   5]+0.042*[#   9]+0.042*[#  13]
    |psi|^2 = 0.994
==== e(   4) =     3.89106 eV ==== 
     psi = 0.123*[#   7]+0.123*[#  12]+0.123*[#  14]+0.084*[#   5]+0.084*[#   9]
          +0.084*[#  13]+0.043*[#   6]+0.043*[#   8]+0.043*[#  10]+0.043*[#  11]
          +0.043*[#  15]+0.043*[#  16]+0.037*[#   2]+0.037*[#   3]+0.037*[#   4]
          
    |psi|^2 = 0.994
==== e(   5) =     7.51987 eV ==== 
     psi = 0.163*[#   2]+0.163*[#   3]+0.163*[#   4]+0.081*[#   6]+0.081*[#   8]
          +0.081*[#  10]+0.081*[#  11]+0.081*[#  15]+0.081*[#  16]
    |psi|^2 = 0.978
==== e(   6) =     7.51990 eV ==== 
     psi = 0.163*[#   7]+0.163*[#  12]+0.163*[#  14]+0.081*[#   6]+0.081*[#   8]
          +0.081*[#  10]+0.081*[#  11]+0.081*[#  15]+0.081*[#  16]
    |psi|^2 = 0.978
==== e(   7) =     8.98077 eV ==== 
     psi = 0.259*[#   1]+0.086*[#   5]+0.086*[#   9]+0.086*[#  13]+0.068*[#   6]
          +0.068*[#   8]+0.068*[#  10]+0.068*[#  11]+0.068*[#  15]+0.068*[#  16]
          +0.001*[#   2]+0.001*[#   3]+0.001*[#   4]
    |psi|^2 = 0.927
==== e(   8) =     8.98079 eV ==== 
     psi = 0.173*[#   5]+0.173*[#   9]+0.173*[#  13]+0.068*[#   7]+0.068*[#  12]
          +0.068*[#  14]+0.067*[#   2]+0.067*[#   3]+0.067*[#   4]
    |psi|^2 = 0.927
==== e(   9) =    11.67930 eV ==== 
     psi = 0.142*[#   2]+0.142*[#   3]+0.142*[#   4]+0.071*[#   6]+0.071*[#   8]
          +0.071*[#  10]+0.071*[#  11]+0.071*[#  15]+0.071*[#  16]
    |psi|^2 = 0.852
==== e(  10) =    11.67933 eV ==== 
     psi = 0.142*[#   7]+0.142*[#  12]+0.142*[#  14]+0.071*[#   6]+0.071*[#   8]
          +0.071*[#  10]+0.071*[#  11]+0.071*[#  15]+0.071*[#  16]
    |psi|^2 = 0.852

 k =   0.0000000000  0.3125000000  0.3125000000
==== e(   1) =    -1.50108 eV ==== 
     psi = 0.098*[#   1]+0.098*[#   5]+0.098*[#   9]+0.098*[#  13]+0.050*[#   2]
          +0.050*[#   3]+0.050*[#   4]+0.050*[#   6]+0.050*[#   7]+0.050*[#   8]
          +0.050*[#  10]+0.050*[#  11]+0.050*[#  12]+0.050*[#  14]+0.050*[#  15]
          +0.050*[#  16]
    |psi|^2 = 0.999
==== e(   2) =     1.80194 eV ==== 
     psi = 0.147*[#   1]+0.102*[#   7]+0.102*[#  12]+0.102*[#  14]+0.059*[#   6]
          +0.059*[#   8]+0.059*[#  10]+0.059*[#  11]+0.059*[#  15]+0.059*[#  16]
          +0.049*[#   5]+0.049*[#   9]+0.049*[#  13]+0.015*[#   2]+0.015*[#   3]
          +0.015*[#   4]
    |psi|^2 = 0.997
==== e(   3) =     1.80194 eV ==== 
     psi = 0.102*[#   2]+0.102*[#   3]+0.102*[#   4]+0.098*[#   5]+0.098*[#   9]
          +0.098*[#  13]+0.059*[#   6]+0.059*[#   8]+0.059*[#  10]+0.059*[#  11]
          +0.059*[#  15]+0.059*[#  16]+0.015*[#   7]+0.015*[#  12]+0.015*[#  14]
          
    |psi|^2 = 0.997
==== e(   4) =     5.02315 eV ==== 
     psi = 0.065*[#   2]+0.065*[#   3]+0.065*[#   4]+0.065*[#   6]+0.065*[#   7]
          +0.065*[#   8]+0.065*[#  10]+0.065*[#  11]+0.065*[#  12]+0.065*[#  14]
          +0.065*[#  15]+0.065*[#  16]+0.052*[#   1]+0.052*[#   5]+0.052*[#   9]
          +0.052*[#  13]
    |psi|^2 = 0.990
==== e(   5) =     6.54739 eV ==== 
     psi = 0.082*[#   2]+0.082*[#   3]+0.082*[#   4]+0.082*[#   6]+0.082*[#   7]
          +0.082*[#   8]+0.082*[#  10]+0.082*[#  11]+0.082*[#  12]+0.082*[#  14]
          +0.082*[#  15]+0.082*[#  16]
    |psi|^2 = 0.989
==== e(   6) =     7.99417 eV ==== 
     psi = 0.177*[#   1]+0.177*[#   5]+0.177*[#   9]+0.177*[#  13]+0.016*[#   2]
          +0.016*[#   3]+0.016*[#   4]+0.016*[#   6]+0.016*[#   7]+0.016*[#   8]
          +0.016*[#  10]+0.016*[#  11]+0.016*[#  12]+0.016*[#  14]+0.016*[#  15]
          +0.016*[#  16]
    |psi|^2 = 0.899
==== e(   7) =     9.66389 eV ==== 
     psi = 0.154*[#   2]+0.154*[#   3]+0.154*[#   4]+0.154*[#   7]+0.154*[#  12]
          +0.154*[#  14]
    |psi|^2 = 0.922
==== e(   8) =     9.66390 eV ==== 
     psi = 0.154*[#   6]+0.154*[#   8]+0.154*[#  10]+0.154*[#  11]+0.154*[#  15]
          +0.154*[#  16]
    |psi|^2 = 0.922
==== e(   9) =    11.08615 eV ==== 
     psi = 0.131*[#   1]+0.055*[#   2]+0.055*[#   3]+0.055*[#   4]+0.054*[#   6]
          +0.054*[#   8]+0.054*[#  10]+0.054*[#  11]+0.054*[#  15]+0.054*[#  16]
          +0.054*[#   7]+0.054*[#  12]+0.054*[#  14]+0.044*[#   5]+0.044*[#   9]
          +0.044*[#  13]
    |psi|^2 = 0.914
==== e(  10) =    11.08616 eV ==== 
     psi = 0.087*[#   5]+0.087*[#   9]+0.087*[#  13]+0.055*[#   7]+0.055*[#  12]
          +0.055*[#  14]+0.054*[#   6]+0.054*[#   8]+0.054*[#  10]+0.054*[#  11]
          +0.054*[#  15]+0.054*[#  16]+0.054*[#   2]+0.054*[#   3]+0.054*[#   4]
          
    |psi|^2 = 0.914

 k =   0.0000000000  0.3125000000  0.3750000000
==== e(   1) =    -1.11833 eV ==== 
     psi = 0.092*[#   1]+0.092*[#   5]+0.092*[#   9]+0.092*[#  13]+0.053*[#   2]
          +0.053*[#   3]+0.053*[#   4]+0.053*[#   6]+0.053*[#   7]+0.053*[#   8]
          +0.053*[#  10]+0.053*[#  11]+0.053*[#  12]+0.053*[#  14]+0.053*[#  15]
          +0.053*[#  16]
    |psi|^2 = 0.999
==== e(   2) =     1.08714 eV ==== 
     psi = 0.076*[#   1]+0.076*[#   5]+0.076*[#   9]+0.076*[#  13]+0.058*[#   2]
          +0.058*[#   3]+0.058*[#   4]+0.058*[#   6]+0.058*[#   7]+0.058*[#   8]
          +0.058*[#  10]+0.058*[#  11]+0.058*[#  12]+0.058*[#  14]+0.058*[#  15]
          +0.058*[#  16]
    |psi|^2 = 0.998
==== e(   3) =     2.17582 eV ==== 
     psi = 0.073*[#   1]+0.073*[#   5]+0.073*[#   9]+0.073*[#  13]+0.059*[#   2]
          +0.059*[#   3]+0.059*[#   4]+0.059*[#   6]+0.059*[#   7]+0.059*[#   8]
          +0.059*[#  10]+0.059*[#  11]+0.059*[#  12]+0.059*[#  14]+0.059*[#  15]
          +0.059*[#  16]
    |psi|^2 = 0.997
==== e(   4) =     4.32836 eV ==== 
     psi = 0.063*[#   2]+0.063*[#   3]+0.063*[#   4]+0.063*[#   6]+0.063*[#   7]
          +0.063*[#   8]+0.063*[#  10]+0.063*[#  11]+0.063*[#  12]+0.063*[#  14]
          +0.063*[#  15]+0.063*[#  16]+0.060*[#   1]+0.060*[#   5]+0.060*[#   9]
          +0.060*[#  13]
    |psi|^2 = 0.992
==== e(   5) =     6.90377 eV ==== 
     psi = 0.082*[#   2]+0.082*[#   3]+0.082*[#   4]+0.082*[#   6]+0.082*[#   7]
          +0.082*[#   8]+0.082*[#  10]+0.082*[#  11]+0.082*[#  12]+0.082*[#  14]
          +0.082*[#  15]+0.082*[#  16]
    |psi|^2 = 0.986
==== e(   6) =     8.36041 eV ==== 
     psi = 0.166*[#   1]+0.166*[#   5]+0.166*[#   9]+0.166*[#  13]+0.020*[#   2]
          +0.020*[#   3]+0.020*[#   4]+0.020*[#   6]+0.020*[#   7]+0.020*[#   8]
          +0.020*[#  10]+0.020*[#  11]+0.020*[#  12]+0.020*[#  14]+0.020*[#  15]
          +0.020*[#  16]
    |psi|^2 = 0.903
==== e(   7) =     8.98112 eV ==== 
     psi = 0.079*[#   2]+0.079*[#   3]+0.079*[#   4]+0.079*[#   6]+0.079*[#   7]
          +0.079*[#   8]+0.079*[#  10]+0.079*[#  11]+0.079*[#  12]+0.079*[#  14]
          +0.079*[#  15]+0.079*[#  16]
    |psi|^2 = 0.948
==== e(   8) =    10.02141 eV ==== 
     psi = 0.076*[#   2]+0.076*[#   3]+0.076*[#   4]+0.076*[#   6]+0.076*[#   7]
          +0.076*[#   8]+0.076*[#  10]+0.076*[#  11]+0.076*[#  12]+0.076*[#  14]
          +0.076*[#  15]+0.076*[#  16]
    |psi|^2 = 0.915
==== e(   9) =    10.44370 eV ==== 
     psi = 0.097*[#   1]+0.097*[#   5]+0.097*[#   9]+0.097*[#  13]+0.045*[#   2]
          +0.045*[#   3]+0.045*[#   4]+0.045*[#   6]+0.045*[#   7]+0.045*[#   8]
          +0.045*[#  10]+0.045*[#  11]+0.045*[#  12]+0.045*[#  14]+0.045*[#  15]
          +0.045*[#  16]
    |psi|^2 = 0.927
==== e(  10) =    11.46953 eV ==== 
     psi = 0.090*[#   1]+0.090*[#   5]+0.090*[#   9]+0.090*[#  13]+0.047*[#   2]
          +0.047*[#   3]+0.047*[#   4]+0.047*[#   6]+0.047*[#   7]+0.047*[#   8]
          +0.047*[#  10]+0.047*[#  11]+0.047*[#  12]+0.047*[#  14]+0.047*[#  15]
          +0.047*[#  16]
    |psi|^2 = 0.919

 k =   0.0000000000  0.3125000000  0.4375000000
==== e(   1) =    -0.66734 eV ==== 
     psi = 0.086*[#   1]+0.086*[#   5]+0.086*[#   9]+0.086*[#  13]+0.055*[#   2]
          +0.055*[#   3]+0.055*[#   4]+0.055*[#   6]+0.055*[#   7]+0.055*[#   8]
          +0.055*[#  10]+0.055*[#  11]+0.055*[#  12]+0.055*[#  14]+0.055*[#  15]
          +0.055*[#  16]
    |psi|^2 = 0.999
==== e(   2) =     0.43639 eV ==== 
     psi = 0.078*[#   1]+0.078*[#   5]+0.078*[#   9]+0.078*[#  13]+0.057*[#   2]
          +0.057*[#   3]+0.057*[#   4]+0.057*[#   6]+0.057*[#   7]+0.057*[#   8]
          +0.057*[#  10]+0.057*[#  11]+0.057*[#  12]+0.057*[#  14]+0.057*[#  15]
          +0.057*[#  16]
    |psi|^2 = 0.998
==== e(   3) =     2.61636 eV ==== 
     psi = 0.071*[#   1]+0.071*[#   5]+0.071*[#   9]+0.071*[#  13]+0.059*[#   2]
          +0.059*[#   3]+0.059*[#   4]+0.059*[#   6]+0.059*[#   7]+0.059*[#   8]
          +0.059*[#  10]+0.059*[#  11]+0.059*[#  12]+0.059*[#  14]+0.059*[#  15]
          +0.059*[#  16]
    |psi|^2 = 0.996
==== e(   4) =     3.69396 eV ==== 
     psi = 0.066*[#   1]+0.066*[#   5]+0.066*[#   9]+0.066*[#  13]+0.061*[#   2]
          +0.061*[#   3]+0.061*[#   4]+0.061*[#   6]+0.061*[#   7]+0.061*[#   8]
          +0.061*[#  10]+0.061*[#  11]+0.061*[#  12]+0.061*[#  14]+0.061*[#  15]
          +0.061*[#  16]
    |psi|^2 = 0.994
==== e(   5) =     7.32522 eV ==== 
     psi = 0.082*[#   2]+0.082*[#   3]+0.082*[#   4]+0.082*[#   6]+0.082*[#   7]
          +0.082*[#   8]+0.082*[#  10]+0.082*[#  11]+0.082*[#  12]+0.082*[#  14]
          +0.082*[#  15]+0.082*[#  16]
    |psi|^2 = 0.981
==== e(   6) =     8.36380 eV ==== 
     psi = 0.080*[#   2]+0.080*[#   3]+0.080*[#   4]+0.080*[#   6]+0.080*[#   7]
          +0.080*[#   8]+0.080*[#  10]+0.080*[#  11]+0.080*[#  12]+0.080*[#  14]
          +0.080*[#  15]+0.080*[#  16]
    |psi|^2 = 0.964
==== e(   7) =     8.79240 eV ==== 
     psi = 0.154*[#   1]+0.154*[#   5]+0.154*[#   9]+0.154*[#  13]+0.024*[#   2]
          +0.024*[#   3]+0.024*[#   4]+0.024*[#   6]+0.024*[#   7]+0.024*[#   8]
          +0.024*[#  10]+0.024*[#  11]+0.024*[#  12]+0.024*[#  14]+0.024*[#  15]
          +0.024*[#  16]
    |psi|^2 = 0.911
==== e(   8) =     9.83922 eV ==== 
     psi = 0.121*[#   1]+0.121*[#   5]+0.121*[#   9]+0.121*[#  13]+0.037*[#   2]
          +0.037*[#   3]+0.037*[#   4]+0.037*[#   6]+0.037*[#   7]+0.037*[#   8]
          +0.037*[#  10]+0.037*[#  11]+0.037*[#  12]+0.037*[#  14]+0.037*[#  15]
          +0.037*[#  16]
    |psi|^2 = 0.926
==== e(   9) =    10.44388 eV ==== 
     psi = 0.076*[#   2]+0.076*[#   3]+0.076*[#   4]+0.076*[#   6]+0.076*[#   7]
          +0.076*[#   8]+0.076*[#  10]+0.076*[#  11]+0.076*[#  12]+0.076*[#  14]
          +0.076*[#  15]+0.076*[#  16]
    |psi|^2 = 0.906
==== e(  10) =    11.48344 eV ==== 
     psi = 0.073*[#   2]+0.073*[#   3]+0.073*[#   4]+0.073*[#   6]+0.073*[#   7]
          +0.073*[#   8]+0.073*[#  10]+0.073*[#  11]+0.073*[#  12]+0.073*[#  14]
          +0.073*[#  15]+0.073*[#  16]
    |psi|^2 = 0.878

 k =   0.0000000000  0.3125000000 -0.5000000000
==== e(   1) =    -0.14882 eV ==== 
     psi = 0.163*[#   1]+0.097*[#   6]+0.097*[#   8]+0.097*[#  10]+0.097*[#  11]
          +0.097*[#  15]+0.097*[#  16]+0.054*[#   5]+0.054*[#   9]+0.054*[#  13]
          +0.030*[#   2]+0.030*[#   3]+0.030*[#   4]
    |psi|^2 = 0.998
==== e(   2) =    -0.14880 eV ==== 
     psi = 0.112*[#   7]+0.112*[#  12]+0.112*[#  14]+0.109*[#   5]+0.109*[#   9]
          +0.109*[#  13]+0.082*[#   2]+0.082*[#   3]+0.082*[#   4]+0.015*[#   6]
          +0.015*[#   8]+0.015*[#  10]+0.015*[#  11]+0.015*[#  15]+0.015*[#  16]
          
    |psi|^2 = 0.998
==== e(   3) =     3.12275 eV ==== 
     psi = 0.138*[#   1]+0.080*[#   6]+0.080*[#   8]+0.080*[#  10]+0.080*[#  11]
          +0.080*[#  15]+0.080*[#  16]+0.079*[#   2]+0.079*[#   3]+0.079*[#   4]
          +0.046*[#   5]+0.046*[#   9]+0.046*[#  13]
    |psi|^2 = 0.995
==== e(   4) =     3.12278 eV ==== 
     psi = 0.120*[#   7]+0.120*[#  12]+0.120*[#  14]+0.092*[#   5]+0.092*[#   9]
          +0.092*[#  13]+0.041*[#   2]+0.041*[#   3]+0.041*[#   4]+0.040*[#   6]
          +0.040*[#   8]+0.040*[#  10]+0.040*[#  11]+0.040*[#  15]+0.040*[#  16]
          
    |psi|^2 = 0.995
==== e(   5) =     7.81185 eV ==== 
     psi = 0.162*[#   2]+0.162*[#   3]+0.162*[#   4]+0.081*[#   6]+0.081*[#   8]
          +0.081*[#  10]+0.081*[#  11]+0.081*[#  15]+0.081*[#  16]
    |psi|^2 = 0.974
==== e(   6) =     7.81187 eV ==== 
     psi = 0.162*[#   7]+0.162*[#  12]+0.162*[#  14]+0.081*[#   6]+0.081*[#   8]
          +0.081*[#  10]+0.081*[#  11]+0.081*[#  15]+0.081*[#  16]
    |psi|^2 = 0.974
==== e(   7) =     9.28667 eV ==== 
     psi = 0.279*[#   1]+0.093*[#   5]+0.093*[#   9]+0.093*[#  13]+0.058*[#   6]
          +0.058*[#   8]+0.058*[#  10]+0.058*[#  11]+0.058*[#  15]+0.058*[#  16]
          +0.004*[#   2]+0.004*[#   3]+0.004*[#   4]
    |psi|^2 = 0.919
==== e(   8) =     9.28668 eV ==== 
     psi = 0.186*[#   5]+0.186*[#   9]+0.186*[#  13]+0.060*[#   7]+0.060*[#  12]
          +0.060*[#  14]+0.056*[#   2]+0.056*[#   3]+0.056*[#   4]+0.002*[#   6]
          +0.002*[#   8]+0.002*[#  10]+0.002*[#  11]+0.002*[#  15]+0.002*[#  16]
          
    |psi|^2 = 0.919
==== e(   9) =    10.93125 eV ==== 
     psi = 0.149*[#   2]+0.149*[#   3]+0.149*[#   4]+0.075*[#   6]+0.075*[#   8]
          +0.075*[#  10]+0.075*[#  11]+0.075*[#  15]+0.075*[#  16]
    |psi|^2 = 0.894
==== e(  10) =    10.93128 eV ==== 
     psi = 0.149*[#   7]+0.149*[#  12]+0.149*[#  14]+0.075*[#   6]+0.075*[#   8]
          +0.075*[#  10]+0.075*[#  11]+0.075*[#  15]+0.075*[#  16]
    |psi|^2 = 0.894

 k =   0.0000000000  0.3750000000  0.3750000000
==== e(   1) =    -0.73661 eV ==== 
     psi = 0.088*[#   1]+0.088*[#   5]+0.088*[#   9]+0.088*[#  13]+0.054*[#   2]
          +0.054*[#   3]+0.054*[#   4]+0.054*[#   6]+0.054*[#   7]+0.054*[#   8]
          +0.054*[#  10]+0.054*[#  11]+0.054*[#  12]+0.054*[#  14]+0.054*[#  15]
          +0.054*[#  16]
    |psi|^2 = 0.999
==== e(   2) =     1.46300 eV ==== 
     psi = 0.150*[#   1]+0.109*[#   7]+0.109*[#  12]+0.109*[#  14]+0.058*[#   6]
          +0.058*[#   8]+0.058*[#  10]+0.058*[#  11]+0.058*[#  15]+0.058*[#  16]
          +0.050*[#   5]+0.050*[#   9]+0.050*[#  13]+0.008*[#   2]+0.008*[#   3]
          +0.008*[#   4]
    |psi|^2 = 0.997
==== e(   3) =     1.46300 eV ==== 
     psi = 0.109*[#   2]+0.109*[#   3]+0.109*[#   4]+0.100*[#   5]+0.100*[#   9]
          +0.100*[#  13]+0.058*[#   6]+0.058*[#   8]+0.058*[#  10]+0.058*[#  11]
          +0.058*[#  15]+0.058*[#  16]+0.008*[#   7]+0.008*[#  12]+0.008*[#  14]
          
    |psi|^2 = 0.997
==== e(   4) =     3.62798 eV ==== 
     psi = 0.066*[#   1]+0.066*[#   5]+0.066*[#   9]+0.066*[#  13]+0.061*[#   2]
          +0.061*[#   3]+0.061*[#   4]+0.061*[#   6]+0.061*[#   7]+0.061*[#   8]
          +0.061*[#  10]+0.061*[#  11]+0.061*[#  12]+0.061*[#  14]+0.061*[#  15]
          +0.061*[#  16]
    |psi|^2 = 0.994
==== e(   5) =     7.26035 eV ==== 
     psi = 0.082*[#   2]+0.082*[#   3]+0.082*[#   4]+0.082*[#   6]+0.082*[#   7]
          +0.082*[#   8]+0.082*[#  10]+0.082*[#  11]+0.082*[#  12]+0.082*[#  14]
          +0.082*[#  15]+0.082*[#  16]
    |psi|^2 = 0.982
==== e(   6) =     8.72831 eV ==== 
     psi = 0.163*[#   1]+0.163*[#   5]+0.163*[#   9]+0.163*[#  13]+0.021*[#   2]
          +0.021*[#   3]+0.021*[#   4]+0.021*[#   6]+0.021*[#   7]+0.021*[#   8]
          +0.021*[#  10]+0.021*[#  11]+0.021*[#  12]+0.021*[#  14]+0.021*[#  15]
          +0.021*[#  16]
    |psi|^2 = 0.901
==== e(   7) =     9.33849 eV ==== 
     psi = 0.157*[#   2]+0.157*[#   3]+0.157*[#   4]+0.157*[#   7]+0.157*[#  12]
          +0.157*[#  14]
    |psi|^2 = 0.942
==== e(   8) =     9.33850 eV ==== 
     psi = 0.157*[#   6]+0.157*[#   8]+0.157*[#  10]+0.157*[#  11]+0.157*[#  15]
          +0.157*[#  16]
    |psi|^2 = 0.942
==== e(   9) =    10.81495 eV ==== 
     psi = 0.228*[#   1]+0.076*[#   5]+0.076*[#   9]+0.076*[#  13]+0.053*[#   7]
          +0.053*[#  12]+0.053*[#  14]+0.039*[#   6]+0.039*[#   8]+0.039*[#  10]
          +0.039*[#  11]+0.039*[#  15]+0.039*[#  16]+0.025*[#   2]+0.025*[#   3]
          +0.025*[#   4]
    |psi|^2 = 0.922
==== e(  10) =    10.81495 eV ==== 
     psi = 0.152*[#   5]+0.152*[#   9]+0.152*[#  13]+0.053*[#   2]+0.053*[#   3]
          +0.053*[#   4]+0.039*[#   6]+0.039*[#   8]+0.039*[#  10]+0.039*[#  11]
          +0.039*[#  15]+0.039*[#  16]+0.025*[#   7]+0.025*[#  12]+0.025*[#  14]
          
    |psi|^2 = 0.922

 k =   0.0000000000  0.3750000000  0.4375000000
==== e(   1) =    -0.28681 eV ==== 
     psi = 0.084*[#   1]+0.084*[#   5]+0.084*[#   9]+0.084*[#  13]+0.055*[#   2]
          +0.055*[#   3]+0.055*[#   4]+0.055*[#   6]+0.055*[#   7]+0.055*[#   8]
          +0.055*[#  10]+0.055*[#  11]+0.055*[#  12]+0.055*[#  14]+0.055*[#  15]
          +0.055*[#  16]
    |psi|^2 = 0.998
==== e(   2) =     0.81399 eV ==== 
     psi = 0.078*[#   1]+0.078*[#   5]+0.078*[#   9]+0.078*[#  13]+0.057*[#   2]
          +0.057*[#   3]+0.057*[#   4]+0.057*[#   6]+0.057*[#   7]+0.057*[#   8]
          +0.057*[#  10]+0.057*[#  11]+0.057*[#  12]+0.057*[#  14]+0.057*[#  15]
          +0.057*[#  16]
    |psi|^2 = 0.998
==== e(   3) =     1.90588 eV ==== 
     psi = 0.074*[#   1]+0.074*[#   5]+0.074*[#   9]+0.074*[#  13]+0.058*[#   2]
          +0.058*[#   3]+0.058*[#   4]+0.058*[#   6]+0.058*[#   7]+0.058*[#   8]
          +0.058*[#  10]+0.058*[#  11]+0.058*[#  12]+0.058*[#  14]+0.058*[#  15]
          +0.058*[#  16]
    |psi|^2 = 0.997
==== e(   4) =     2.98953 eV ==== 
     psi = 0.070*[#   1]+0.070*[#   5]+0.070*[#   9]+0.070*[#  13]+0.059*[#   2]
          +0.059*[#   3]+0.059*[#   4]+0.059*[#   6]+0.059*[#   7]+0.059*[#   8]
          +0.059*[#  10]+0.059*[#  11]+0.059*[#  12]+0.059*[#  14]+0.059*[#  15]
          +0.059*[#  16]
    |psi|^2 = 0.995
==== e(   5) =     7.68201 eV ==== 
     psi = 0.081*[#   2]+0.081*[#   3]+0.081*[#   4]+0.081*[#   6]+0.081*[#   7]
          +0.081*[#   8]+0.081*[#  10]+0.081*[#  11]+0.081*[#  12]+0.081*[#  14]
          +0.081*[#  15]+0.081*[#  16]
    |psi|^2 = 0.977
==== e(   6) =     8.72100 eV ==== 
     psi = 0.080*[#   2]+0.080*[#   3]+0.080*[#   4]+0.080*[#   6]+0.080*[#   7]
          +0.080*[#   8]+0.080*[#  10]+0.080*[#  11]+0.080*[#  12]+0.080*[#  14]
          +0.080*[#  15]+0.080*[#  16]
    |psi|^2 = 0.959
==== e(   7) =     9.16050 eV ==== 
     psi = 0.157*[#   1]+0.157*[#   5]+0.157*[#   9]+0.157*[#  13]+0.023*[#   2]
          +0.023*[#   3]+0.023*[#   4]+0.023*[#   6]+0.023*[#   7]+0.023*[#   8]
          +0.023*[#  10]+0.023*[#  11]+0.023*[#  12]+0.023*[#  14]+0.023*[#  15]
          +0.023*[#  16]
    |psi|^2 = 0.904
==== e(   8) =     9.76091 eV ==== 
     psi = 0.078*[#   2]+0.078*[#   3]+0.078*[#   4]+0.078*[#   6]+0.078*[#   7]
          +0.078*[#   8]+0.078*[#  10]+0.078*[#  11]+0.078*[#  12]+0.078*[#  14]
          +0.078*[#  15]+0.078*[#  16]
    |psi|^2 = 0.934
==== e(   9) =    10.20755 eV ==== 
     psi = 0.133*[#   1]+0.133*[#   5]+0.133*[#   9]+0.133*[#  13]+0.032*[#   2]
          +0.032*[#   3]+0.032*[#   4]+0.032*[#   6]+0.032*[#   7]+0.032*[#   8]
          +0.032*[#  10]+0.032*[#  11]+0.032*[#  12]+0.032*[#  14]+0.032*[#  15]
          +0.032*[#  16]
    |psi|^2 = 0.918
==== e(  10) =    10.80080 eV ==== 
     psi = 0.076*[#   2]+0.076*[#   3]+0.076*[#   4]+0.076*[#   6]+0.076*[#   7]
          +0.076*[#   8]+0.076*[#  10]+0.076*[#  11]+0.076*[#  12]+0.076*[#  14]
          +0.076*[#  15]+0.076*[#  16]
    |psi|^2 = 0.908

 k =   0.0000000000  0.3750000000 -0.5000000000
==== e(   1) =     0.23033 eV ==== 
     psi = 0.161*[#   1]+0.093*[#   6]+0.093*[#   8]+0.093*[#  10]+0.093*[#  11]
          +0.093*[#  15]+0.093*[#  16]+0.054*[#   5]+0.054*[#   9]+0.054*[#  13]
          +0.039*[#   2]+0.039*[#   3]+0.039*[#   4]
    |psi|^2 = 0.998
==== e(   2) =     0.23035 eV ==== 
     psi = 0.113*[#   7]+0.113*[#  12]+0.113*[#  14]+0.107*[#   5]+0.107*[#   9]
          +0.107*[#  13]+0.073*[#   2]+0.073*[#   3]+0.073*[#   4]+0.020*[#   6]
          +0.020*[#   8]+0.020*[#  10]+0.020*[#  11]+0.020*[#  15]+0.020*[#  16]
          
    |psi|^2 = 0.998
==== e(   3) =     2.41504 eV ==== 
     psi = 0.146*[#   1]+0.081*[#   6]+0.081*[#   8]+0.081*[#  10]+0.081*[#  11]
          +0.081*[#  15]+0.081*[#  16]+0.073*[#   2]+0.073*[#   3]+0.073*[#   4]
          +0.049*[#   5]+0.049*[#   9]+0.049*[#  13]
    |psi|^2 = 0.996
==== e(   4) =     2.41506 eV ==== 
     psi = 0.117*[#   7]+0.117*[#  12]+0.117*[#  14]+0.097*[#   5]+0.097*[#   9]
          +0.097*[#  13]+0.045*[#   2]+0.045*[#   3]+0.045*[#   4]+0.036*[#   6]
          +0.036*[#   8]+0.036*[#  10]+0.036*[#  11]+0.036*[#  15]+0.036*[#  16]
          
    |psi|^2 = 0.996
==== e(   5) =     8.16886 eV ==== 
     psi = 0.162*[#   2]+0.162*[#   3]+0.162*[#   4]+0.081*[#   6]+0.081*[#   8]
          +0.081*[#  10]+0.081*[#  11]+0.081*[#  15]+0.081*[#  16]
    |psi|^2 = 0.970
==== e(   6) =     8.16888 eV ==== 
     psi = 0.162*[#   7]+0.162*[#  12]+0.162*[#  14]+0.081*[#   6]+0.081*[#   8]
          +0.081*[#  10]+0.081*[#  11]+0.081*[#  15]+0.081*[#  16]
    |psi|^2 = 0.970
==== e(   7) =     9.65459 eV ==== 
     psi = 0.295*[#   1]+0.098*[#   5]+0.098*[#   9]+0.098*[#  13]+0.049*[#   6]
          +0.049*[#   8]+0.049*[#  10]+0.049*[#  11]+0.049*[#  15]+0.049*[#  16]
          +0.009*[#   2]+0.009*[#   3]+0.009*[#   4]
    |psi|^2 = 0.911
==== e(   8) =     9.65461 eV ==== 
     psi = 0.196*[#   5]+0.196*[#   9]+0.196*[#  13]+0.054*[#   7]+0.054*[#  12]
          +0.054*[#  14]+0.045*[#   2]+0.045*[#   3]+0.045*[#   4]+0.004*[#   6]
          +0.004*[#   8]+0.004*[#  10]+0.004*[#  11]+0.004*[#  15]+0.004*[#  16]
          
    |psi|^2 = 0.911
==== e(   9) =    10.24834 eV ==== 
     psi = 0.154*[#   2]+0.154*[#   3]+0.154*[#   4]+0.077*[#   6]+0.077*[#   8]
          +0.077*[#  10]+0.077*[#  11]+0.077*[#  15]+0.077*[#  16]
    |psi|^2 = 0.923
==== e(  10) =    10.24837 eV ==== 
     psi = 0.154*[#   7]+0.154*[#  12]+0.154*[#  14]+0.077*[#   6]+0.077*[#   8]
          +0.077*[#  10]+0.077*[#  11]+0.077*[#  15]+0.077*[#  16]
    |psi|^2 = 0.923

 k =   0.0000000000  0.4375000000  0.4375000000
==== e(   1) =     0.16158 eV ==== 
     psi = 0.081*[#   1]+0.081*[#   5]+0.081*[#   9]+0.081*[#  13]+0.056*[#   2]
          +0.056*[#   3]+0.056*[#   4]+0.056*[#   6]+0.056*[#   7]+0.056*[#   8]
          +0.056*[#  10]+0.056*[#  11]+0.056*[#  12]+0.056*[#  14]+0.056*[#  15]
          +0.056*[#  16]
    |psi|^2 = 0.998
==== e(   2) =     1.25893 eV ==== 
     psi = 0.154*[#   1]+0.113*[#   7]+0.113*[#  12]+0.113*[#  14]+0.058*[#   6]
          +0.058*[#   8]+0.058*[#  10]+0.058*[#  11]+0.058*[#  15]+0.058*[#  16]
          +0.051*[#   5]+0.051*[#   9]+0.051*[#  13]+0.002*[#   2]+0.002*[#   3]
          +0.002*[#   4]
    |psi|^2 = 0.997
==== e(   3) =     1.25893 eV ==== 
     psi = 0.113*[#   2]+0.113*[#   3]+0.113*[#   4]+0.102*[#   5]+0.102*[#   9]
          +0.102*[#  13]+0.058*[#   6]+0.058*[#   8]+0.058*[#  10]+0.058*[#  11]
          +0.058*[#  15]+0.058*[#  16]+0.002*[#   7]+0.002*[#  12]+0.002*[#  14]
          
    |psi|^2 = 0.997
==== e(   4) =     2.34778 eV ==== 
     psi = 0.074*[#   1]+0.074*[#   5]+0.074*[#   9]+0.074*[#  13]+0.058*[#   2]
          +0.058*[#   3]+0.058*[#   4]+0.058*[#   6]+0.058*[#   7]+0.058*[#   8]
          +0.058*[#  10]+0.058*[#  11]+0.058*[#  12]+0.058*[#  14]+0.058*[#  15]
          +0.058*[#  16]
    |psi|^2 = 0.996
==== e(   5) =     8.10390 eV ==== 
     psi = 0.081*[#   2]+0.081*[#   3]+0.081*[#   4]+0.081*[#   6]+0.081*[#   7]
          +0.081*[#   8]+0.081*[#  10]+0.081*[#  11]+0.081*[#  12]+0.081*[#  14]
          +0.081*[#  15]+0.081*[#  16]
    |psi|^2 = 0.971
==== e(   6) =     9.14327 eV ==== 
     psi = 0.159*[#   2]+0.159*[#   3]+0.159*[#   4]+0.159*[#   7]+0.159*[#  12]
          +0.159*[#  14]
    |psi|^2 = 0.951
==== e(   7) =     9.14328 eV ==== 
     psi = 0.159*[#   6]+0.159*[#   8]+0.159*[#  10]+0.159*[#  11]+0.159*[#  15]
          +0.159*[#  16]
    |psi|^2 = 0.951
==== e(   8) =     9.59179 eV ==== 
     psi = 0.157*[#   1]+0.157*[#   5]+0.157*[#   9]+0.157*[#  13]+0.023*[#   2]
          +0.023*[#   3]+0.023*[#   4]+0.023*[#   6]+0.023*[#   7]+0.023*[#   8]
          +0.023*[#  10]+0.023*[#  11]+0.023*[#  12]+0.023*[#  14]+0.023*[#  15]
          +0.023*[#  16]
    |psi|^2 = 0.902
==== e(   9) =    10.18318 eV ==== 
     psi = 0.077*[#   2]+0.077*[#   3]+0.077*[#   4]+0.077*[#   6]+0.077*[#   7]
          +0.077*[#   8]+0.077*[#  10]+0.077*[#  11]+0.077*[#  12]+0.077*[#  14]
          +0.077*[#  15]+0.077*[#  16]
    |psi|^2 = 0.928
==== e(  10) =    10.63587 eV ==== 
     psi = 0.224*[#   1]+0.116*[#   5]+0.116*[#   9]+0.116*[#  13]+0.040*[#   7]
          +0.040*[#  12]+0.040*[#  14]+0.028*[#   6]+0.028*[#   8]+0.028*[#  10]
          +0.028*[#  11]+0.028*[#  15]+0.028*[#  16]+0.016*[#   2]+0.016*[#   3]
          +0.016*[#   4]
    |psi|^2 = 0.910

 k =   0.0000000000  0.4375000000 -0.5000000000
==== e(   1) =     0.67711 eV ==== 
     psi = 0.158*[#   1]+0.089*[#   6]+0.089*[#   8]+0.089*[#  10]+0.089*[#  11]
          +0.089*[#  15]+0.089*[#  16]+0.053*[#   5]+0.053*[#   9]+0.053*[#  13]
          +0.049*[#   2]+0.049*[#   3]+0.049*[#   4]
    |psi|^2 = 0.998
==== e(   2) =     0.67713 eV ==== 
     psi = 0.114*[#   7]+0.114*[#  12]+0.114*[#  14]+0.105*[#   5]+0.105*[#   9]
          +0.105*[#  13]+0.065*[#   2]+0.065*[#   3]+0.065*[#   4]+0.024*[#   6]
          +0.024*[#   8]+0.024*[#  10]+0.024*[#  11]+0.024*[#  15]+0.024*[#  16]
          
    |psi|^2 = 0.998
==== e(   3) =     1.77049 eV ==== 
     psi = 0.151*[#   1]+0.083*[#   6]+0.083*[#   8]+0.083*[#  10]+0.083*[#  11]
          +0.083*[#  15]+0.083*[#  16]+0.065*[#   2]+0.065*[#   3]+0.065*[#   4]
          +0.050*[#   5]+0.050*[#   9]+0.050*[#  13]
    |psi|^2 = 0.997
==== e(   4) =     1.77051 eV ==== 
     psi = 0.116*[#   7]+0.116*[#  12]+0.116*[#  14]+0.101*[#   5]+0.101*[#   9]
          +0.101*[#  13]+0.050*[#   2]+0.050*[#   3]+0.050*[#   4]+0.033*[#   6]
          +0.033*[#   8]+0.033*[#  10]+0.033*[#  11]+0.033*[#  15]+0.033*[#  16]
          
    |psi|^2 = 0.997
==== e(   5) =     8.59095 eV ==== 
     psi = 0.161*[#   2]+0.161*[#   3]+0.161*[#   4]+0.080*[#   6]+0.080*[#   8]
          +0.080*[#  10]+0.080*[#  11]+0.080*[#  15]+0.080*[#  16]
    |psi|^2 = 0.963
==== e(   6) =     8.59097 eV ==== 
     psi = 0.161*[#   7]+0.161*[#  12]+0.161*[#  14]+0.080*[#   6]+0.080*[#   8]
          +0.080*[#  10]+0.080*[#  11]+0.080*[#  15]+0.080*[#  16]
    |psi|^2 = 0.963
==== e(   7) =     9.63065 eV ==== 
     psi = 0.157*[#   2]+0.157*[#   3]+0.157*[#   4]+0.078*[#   6]+0.078*[#   8]
          +0.078*[#  10]+0.078*[#  11]+0.078*[#  15]+0.078*[#  16]
    |psi|^2 = 0.942
==== e(   8) =     9.63067 eV ==== 
     psi = 0.157*[#   7]+0.157*[#  12]+0.157*[#  14]+0.078*[#   6]+0.078*[#   8]
          +0.078*[#  10]+0.078*[#  11]+0.078*[#  15]+0.078*[#  16]
    |psi|^2 = 0.942
==== e(   9) =    10.08444 eV ==== 
     psi = 0.305*[#   1]+0.102*[#   5]+0.102*[#   9]+0.102*[#  13]+0.041*[#   6]
          +0.041*[#   8]+0.041*[#  10]+0.041*[#  11]+0.041*[#  15]+0.041*[#  16]
          +0.015*[#   2]+0.015*[#   3]+0.015*[#   4]
    |psi|^2 = 0.905
==== e(  10) =    10.08446 eV ==== 
     psi = 0.204*[#   5]+0.204*[#   9]+0.204*[#  13]+0.049*[#   7]+0.049*[#  12]
          +0.049*[#  14]+0.034*[#   2]+0.034*[#   3]+0.034*[#   4]+0.008*[#   6]
          +0.008*[#   8]+0.008*[#  10]+0.008*[#  11]+0.008*[#  15]+0.008*[#  16]
          
    |psi|^2 = 0.905

 k =   0.0000000000 -0.5000000000 -0.5000000000
==== e(   1) =     1.19079 eV ==== 
     psi = 0.310*[#   1]+0.115*[#   6]+0.115*[#   8]+0.115*[#  10]+0.115*[#  11]
          +0.115*[#  15]+0.115*[#  16]
    |psi|^2 = 0.997
==== e(   2) =     1.19081 eV ==== 
     psi = 0.115*[#   2]+0.115*[#   3]+0.115*[#   4]+0.103*[#   5]+0.103*[#   9]
          +0.103*[#  13]+0.057*[#   6]+0.057*[#   8]+0.057*[#  10]+0.057*[#  11]
          +0.057*[#  15]+0.057*[#  16]
    |psi|^2 = 0.997
==== e(   3) =     1.19081 eV ==== 
     psi = 0.115*[#   2]+0.115*[#   3]+0.115*[#   4]+0.103*[#   5]+0.103*[#   9]
          +0.103*[#  13]+0.057*[#   6]+0.057*[#   8]+0.057*[#  10]+0.057*[#  11]
          +0.057*[#  15]+0.057*[#  16]
    |psi|^2 = 0.997
==== e(   4) =     1.19083 eV ==== 
     psi = 0.229*[#   7]+0.229*[#  12]+0.229*[#  14]+0.103*[#   5]+0.103*[#   9]
          +0.103*[#  13]
    |psi|^2 = 0.997
==== e(   5) =     9.07818 eV ==== 
     psi = 0.318*[#   2]+0.318*[#   3]+0.318*[#   4]
    |psi|^2 = 0.954
==== e(   6) =     9.07821 eV ==== 
     psi = 0.159*[#   6]+0.159*[#   8]+0.159*[#  10]+0.159*[#  11]+0.159*[#  15]
          +0.159*[#  16]
    |psi|^2 = 0.954
==== e(   7) =     9.07821 eV ==== 
     psi = 0.159*[#   6]+0.159*[#   8]+0.159*[#  10]+0.159*[#  11]+0.159*[#  15]
          +0.159*[#  16]
    |psi|^2 = 0.954
==== e(   8) =     9.07823 eV ==== 
     psi = 0.318*[#   7]+0.318*[#  12]+0.318*[#  14]
    |psi|^2 = 0.954
==== e(   9) =    10.57491 eV ==== 
     psi = 0.541*[#   1]+0.044*[#   6]+0.044*[#   8]+0.044*[#  10]+0.044*[#  11]
          +0.044*[#  15]+0.044*[#  16]+0.025*[#   5]+0.025*[#   9]+0.025*[#  13]
          +0.006*[#   7]+0.006*[#  12]+0.006*[#  14]+0.003*[#   2]+0.003*[#   3]
          +0.003*[#   4]
    |psi|^2 = 0.902
==== e(  10) =    10.57493 eV ==== 
     psi = 0.205*[#   5]+0.205*[#   9]+0.205*[#  13]+0.046*[#   2]+0.046*[#   3]
          +0.046*[#   4]+0.023*[#   6]+0.023*[#   8]+0.023*[#  10]+0.023*[#  11]
          +0.023*[#  15]+0.023*[#  16]+0.003*[#   7]+0.003*[#  12]+0.003*[#  14]
          
    |psi|^2 = 0.902

 k =   0.0625000000  0.0625000000  0.0625000000
==== e(   1) =    -3.14821 eV ==== 
     psi = 0.219*[#   1]+0.219*[#   5]+0.219*[#   9]+0.219*[#  13]+0.010*[#   2]
          +0.010*[#   3]+0.010*[#   4]+0.010*[#   6]+0.010*[#   7]+0.010*[#   8]
          +0.010*[#  10]+0.010*[#  11]+0.010*[#  12]+0.010*[#  14]+0.010*[#  15]
          +0.010*[#  16]
    |psi|^2 = 1.000
==== e(   2) =     4.42212 eV ==== 
     psi = 0.142*[#   1]+0.084*[#   7]+0.084*[#  12]+0.084*[#  14]+0.066*[#   6]
          +0.066*[#   8]+0.066*[#  10]+0.066*[#  11]+0.066*[#  15]+0.066*[#  16]
          +0.050*[#   2]+0.050*[#   3]+0.050*[#   4]+0.016*[#   5]+0.016*[#   9]
          +0.016*[#  13]
    |psi|^2 = 0.986
==== e(   3) =     4.42212 eV ==== 
     psi = 0.074*[#   2]+0.074*[#   3]+0.074*[#   4]+0.067*[#   6]+0.067*[#   8]
          +0.067*[#  10]+0.067*[#  11]+0.067*[#  15]+0.067*[#  16]+0.063*[#   5]
          +0.063*[#   9]+0.063*[#  13]+0.058*[#   7]+0.058*[#  12]+0.058*[#  14]
          
    |psi|^2 = 0.986
==== e(   4) =     4.42212 eV ==== 
     psi = 0.074*[#   2]+0.074*[#   3]+0.074*[#   4]+0.067*[#   6]+0.067*[#   8]
          +0.067*[#  10]+0.067*[#  11]+0.067*[#  15]+0.067*[#  16]+0.063*[#   5]
          +0.063*[#   9]+0.063*[#  13]+0.058*[#   7]+0.058*[#  12]+0.058*[#  14]
          
    |psi|^2 = 0.986
==== e(   5) =     6.94147 eV ==== 
     psi = 0.478*[#   1]+0.053*[#   5]+0.053*[#   9]+0.053*[#  13]+0.040*[#   2]
          +0.040*[#   3]+0.040*[#   4]+0.017*[#   6]+0.017*[#   8]+0.017*[#  10]
          +0.017*[#  11]+0.017*[#  15]+0.017*[#  16]+0.004*[#   7]+0.004*[#  12]
          +0.004*[#  14]
    |psi|^2 = 0.871
==== e(   6) =     6.94148 eV ==== 
     psi = 0.212*[#   5]+0.212*[#   9]+0.212*[#  13]+0.027*[#   7]+0.027*[#  12]
          +0.027*[#  14]+0.021*[#   6]+0.021*[#   8]+0.021*[#  10]+0.021*[#  11]
          +0.021*[#  15]+0.021*[#  16]+0.009*[#   2]+0.009*[#   3]+0.009*[#   4]
          
    |psi|^2 = 0.871
==== e(   7) =     6.94148 eV ==== 
     psi = 0.212*[#   5]+0.212*[#   9]+0.212*[#  13]+0.027*[#   7]+0.027*[#  12]
          +0.027*[#  14]+0.021*[#   6]+0.021*[#   8]+0.021*[#  10]+0.021*[#  11]
          +0.021*[#  15]+0.021*[#  16]+0.009*[#   2]+0.009*[#   3]+0.009*[#   4]
          
    |psi|^2 = 0.871
==== e(   8) =    11.66474 eV ==== 
     psi = 0.115*[#   7]+0.115*[#  12]+0.115*[#  14]+0.110*[#   2]+0.110*[#   3]
          +0.110*[#   4]+0.026*[#   1]+0.003*[#   5]+0.003*[#   9]+0.003*[#  13]
          
    |psi|^2 = 0.707
==== e(   9) =    11.66474 eV ==== 
     psi = 0.084*[#   6]+0.084*[#   8]+0.084*[#  10]+0.084*[#  11]+0.084*[#  15]
          +0.084*[#  16]+0.029*[#   2]+0.029*[#   3]+0.029*[#   4]+0.027*[#   7]
          +0.027*[#  12]+0.027*[#  14]+0.011*[#   5]+0.011*[#   9]+0.011*[#  13]
          
    |psi|^2 = 0.707
==== e(  10) =    11.66474 eV ==== 
     psi = 0.084*[#   6]+0.084*[#   8]+0.084*[#  10]+0.084*[#  11]+0.084*[#  15]
          +0.084*[#  16]+0.029*[#   2]+0.029*[#   3]+0.029*[#   4]+0.027*[#   7]
          +0.027*[#  12]+0.027*[#  14]+0.011*[#   5]+0.011*[#   9]+0.011*[#  13]
          
    |psi|^2 = 0.707

 k =   0.0625000000  0.0625000000  0.1250000000
==== e(   1) =    -3.04250 eV ==== 
     psi = 0.197*[#   1]+0.197*[#   5]+0.197*[#   9]+0.197*[#  13]+0.018*[#   2]
          +0.018*[#   3]+0.018*[#   4]+0.018*[#   6]+0.018*[#   7]+0.018*[#   8]
          +0.018*[#  10]+0.018*[#  11]+0.018*[#  12]+0.018*[#  14]+0.018*[#  15]
          +0.018*[#  16]
    |psi|^2 = 0.999
==== e(   2) =     3.52588 eV ==== 
     psi = 0.068*[#   1]+0.068*[#   5]+0.068*[#   9]+0.068*[#  13]+0.060*[#   2]
          +0.060*[#   3]+0.060*[#   4]+0.060*[#   6]+0.060*[#   7]+0.060*[#   8]
          +0.060*[#  10]+0.060*[#  11]+0.060*[#  12]+0.060*[#  14]+0.060*[#  15]
          +0.060*[#  16]
    |psi|^2 = 0.987
==== e(   3) =     4.52102 eV ==== 
     psi = 0.092*[#   1]+0.076*[#   7]+0.076*[#  12]+0.076*[#  14]+0.066*[#   6]
          +0.066*[#   8]+0.066*[#  10]+0.066*[#  11]+0.066*[#  15]+0.066*[#  16]
          +0.060*[#   2]+0.060*[#   3]+0.060*[#   4]+0.031*[#   5]+0.031*[#   9]
          +0.031*[#  13]
    |psi|^2 = 0.986
==== e(   4) =     4.52102 eV ==== 
     psi = 0.074*[#   2]+0.074*[#   3]+0.074*[#   4]+0.068*[#   6]+0.068*[#   8]
          +0.068*[#  10]+0.068*[#  11]+0.068*[#  15]+0.068*[#  16]+0.061*[#   5]
          +0.061*[#   9]+0.061*[#  13]+0.058*[#   7]+0.058*[#  12]+0.058*[#  14]
          
    |psi|^2 = 0.986
==== e(   5) =     7.04101 eV ==== 
     psi = 0.301*[#   1]+0.100*[#   5]+0.100*[#   9]+0.100*[#  13]+0.037*[#   2]
          +0.037*[#   3]+0.037*[#   4]+0.019*[#   7]+0.019*[#  12]+0.019*[#  14]
          +0.018*[#   6]+0.018*[#   8]+0.018*[#  10]+0.018*[#  11]+0.018*[#  15]
          +0.018*[#  16]
    |psi|^2 = 0.879
==== e(   6) =     7.04101 eV ==== 
     psi = 0.201*[#   5]+0.201*[#   9]+0.201*[#  13]+0.028*[#   6]+0.028*[#   8]
          +0.028*[#  10]+0.028*[#  11]+0.028*[#  15]+0.028*[#  16]+0.027*[#   7]
          +0.027*[#  12]+0.027*[#  14]+0.010*[#   2]+0.010*[#   3]+0.010*[#   4]
          
    |psi|^2 = 0.879
==== e(   7) =     8.02050 eV ==== 
     psi = 0.135*[#   1]+0.135*[#   5]+0.135*[#   9]+0.135*[#  13]+0.025*[#   2]
          +0.025*[#   3]+0.025*[#   4]+0.025*[#   6]+0.025*[#   7]+0.025*[#   8]
          +0.025*[#  10]+0.025*[#  11]+0.025*[#  12]+0.025*[#  14]+0.025*[#  15]
          +0.025*[#  16]
    |psi|^2 = 0.841
==== e(   8) =    10.78907 eV ==== 
     psi = 0.084*[#   7]+0.084*[#  12]+0.084*[#  14]+0.080*[#   2]+0.080*[#   3]
          +0.080*[#   4]+0.043*[#   6]+0.043*[#   8]+0.043*[#  10]+0.043*[#  11]
          +0.043*[#  15]+0.043*[#  16]+0.032*[#   1]+0.011*[#   5]+0.011*[#   9]
          +0.011*[#  13]
    |psi|^2 = 0.810
==== e(   9) =    10.78907 eV ==== 
     psi = 0.082*[#   6]+0.082*[#   8]+0.082*[#  10]+0.082*[#  11]+0.082*[#  15]
          +0.082*[#  16]+0.045*[#   2]+0.045*[#   3]+0.045*[#   4]+0.041*[#   7]
          +0.041*[#  12]+0.041*[#  14]+0.021*[#   5]+0.021*[#   9]+0.021*[#  13]
          
    |psi|^2 = 0.810
==== e(  10) =    11.76270 eV ==== 
     psi = 0.056*[#   2]+0.056*[#   3]+0.056*[#   4]+0.056*[#   6]+0.056*[#   7]
          +0.056*[#   8]+0.056*[#  10]+0.056*[#  11]+0.056*[#  12]+0.056*[#  14]
          +0.056*[#  15]+0.056*[#  16]+0.009*[#   1]+0.009*[#   5]+0.009*[#   9]
          +0.009*[#  13]
    |psi|^2 = 0.708

 k =   0.0625000000  0.0625000000  0.1875000000
==== e(   1) =    -2.86649 eV ==== 
     psi = 0.169*[#   1]+0.169*[#   5]+0.169*[#   9]+0.169*[#  13]+0.027*[#   2]
          +0.027*[#   3]+0.027*[#   4]+0.027*[#   6]+0.027*[#   7]+0.027*[#   8]
          +0.027*[#  10]+0.027*[#  11]+0.027*[#  12]+0.027*[#  14]+0.027*[#  15]
          +0.027*[#  16]
    |psi|^2 = 0.999
==== e(   2) =     2.63790 eV ==== 
     psi = 0.073*[#   1]+0.073*[#   5]+0.073*[#   9]+0.073*[#  13]+0.058*[#   2]
          +0.058*[#   3]+0.058*[#   4]+0.058*[#   6]+0.058*[#   7]+0.058*[#   8]
          +0.058*[#  10]+0.058*[#  11]+0.058*[#  12]+0.058*[#  14]+0.058*[#  15]
          +0.058*[#  16]
    |psi|^2 = 0.992
==== e(   3) =     4.68574 eV ==== 
     psi = 0.088*[#   1]+0.077*[#   7]+0.077*[#  12]+0.077*[#  14]+0.065*[#   6]
          +0.065*[#   8]+0.065*[#  10]+0.065*[#  11]+0.065*[#  15]+0.065*[#  16]
          +0.063*[#   2]+0.063*[#   3]+0.063*[#   4]+0.029*[#   5]+0.029*[#   9]
          +0.029*[#  13]
    |psi|^2 = 0.987
==== e(   4) =     4.68574 eV ==== 
     psi = 0.073*[#   2]+0.073*[#   3]+0.073*[#   4]+0.070*[#   6]+0.070*[#   8]
          +0.070*[#  10]+0.070*[#  11]+0.070*[#  15]+0.070*[#  16]+0.058*[#   5]
          +0.058*[#   9]+0.058*[#  13]+0.058*[#   7]+0.058*[#  12]+0.058*[#  14]
          
    |psi|^2 = 0.987
==== e(   5) =     7.20560 eV ==== 
     psi = 0.274*[#   1]+0.091*[#   5]+0.091*[#   9]+0.091*[#  13]+0.047*[#   2]
          +0.047*[#   3]+0.047*[#   4]+0.030*[#   7]+0.030*[#  12]+0.030*[#  14]
          +0.019*[#   6]+0.019*[#   8]+0.019*[#  10]+0.019*[#  11]+0.019*[#  15]
          +0.019*[#  16]
    |psi|^2 = 0.892
==== e(   6) =     7.20560 eV ==== 
     psi = 0.183*[#   5]+0.183*[#   9]+0.183*[#  13]+0.039*[#   6]+0.039*[#   8]
          +0.039*[#  10]+0.039*[#  11]+0.039*[#  15]+0.039*[#  16]+0.027*[#   7]
          +0.027*[#  12]+0.027*[#  14]+0.010*[#   2]+0.010*[#   3]+0.010*[#   4]
          
    |psi|^2 = 0.892
==== e(   7) =     9.21262 eV ==== 
     psi = 0.121*[#   1]+0.121*[#   5]+0.121*[#   9]+0.121*[#  13]+0.026*[#   2]
          +0.026*[#   3]+0.026*[#   4]+0.026*[#   6]+0.026*[#   7]+0.026*[#   8]
          +0.026*[#  10]+0.026*[#  11]+0.026*[#  12]+0.026*[#  14]+0.026*[#  15]
          +0.026*[#  16]
    |psi|^2 = 0.792
==== e(   8) =     9.93482 eV ==== 
     psi = 0.083*[#   7]+0.083*[#  12]+0.083*[#  14]+0.077*[#   2]+0.077*[#   3]
          +0.077*[#   4]+0.051*[#   6]+0.051*[#   8]+0.051*[#  10]+0.051*[#  11]
          +0.051*[#  15]+0.051*[#  16]+0.046*[#   1]+0.015*[#   5]+0.015*[#   9]
          +0.015*[#  13]
    |psi|^2 = 0.878
==== e(   9) =     9.93482 eV ==== 
     psi = 0.080*[#   6]+0.080*[#   8]+0.080*[#  10]+0.080*[#  11]+0.080*[#  15]
          +0.080*[#  16]+0.054*[#   2]+0.054*[#   3]+0.054*[#   4]+0.048*[#   7]
          +0.048*[#  12]+0.048*[#  14]+0.031*[#   5]+0.031*[#   9]+0.031*[#  13]
          
    |psi|^2 = 0.878
==== e(  10) =    11.92613 eV ==== 
     psi = 0.056*[#   2]+0.056*[#   3]+0.056*[#   4]+0.056*[#   6]+0.056*[#   7]
          +0.056*[#   8]+0.056*[#  10]+0.056*[#  11]+0.056*[#  12]+0.056*[#  14]
          +0.056*[#  15]+0.056*[#  16]+0.011*[#   1]+0.011*[#   5]+0.011*[#   9]
          +0.011*[#  13]
    |psi|^2 = 0.709

 k =   0.0625000000  0.0625000000  0.2500000000
==== e(   1) =    -2.62043 eV ==== 
     psi = 0.143*[#   1]+0.143*[#   5]+0.143*[#   9]+0.143*[#  13]+0.036*[#   2]
          +0.036*[#   3]+0.036*[#   4]+0.036*[#   6]+0.036*[#   7]+0.036*[#   8]
          +0.036*[#  10]+0.036*[#  11]+0.036*[#  12]+0.036*[#  14]+0.036*[#  15]
          +0.036*[#  16]
    |psi|^2 = 0.999
==== e(   2) =     1.79829 eV ==== 
     psi = 0.075*[#   1]+0.075*[#   5]+0.075*[#   9]+0.075*[#  13]+0.058*[#   2]
          +0.058*[#   3]+0.058*[#   4]+0.058*[#   6]+0.058*[#   7]+0.058*[#   8]
          +0.058*[#  10]+0.058*[#  11]+0.058*[#  12]+0.058*[#  14]+0.058*[#  15]
          +0.058*[#  16]
    |psi|^2 = 0.995
==== e(   3) =     4.91608 eV ==== 
     psi = 0.082*[#   1]+0.079*[#   7]+0.079*[#  12]+0.079*[#  14]+0.066*[#   2]
          +0.066*[#   3]+0.066*[#   4]+0.065*[#   6]+0.065*[#   8]+0.065*[#  10]
          +0.065*[#  11]+0.065*[#  15]+0.065*[#  16]+0.027*[#   5]+0.027*[#   9]
          +0.027*[#  13]
    |psi|^2 = 0.988
==== e(   4) =     4.91608 eV ==== 
     psi = 0.072*[#   6]+0.072*[#   8]+0.072*[#  10]+0.072*[#  11]+0.072*[#  15]
          +0.072*[#  16]+0.072*[#   2]+0.072*[#   3]+0.072*[#   4]+0.058*[#   7]
          +0.058*[#  12]+0.058*[#  14]+0.054*[#   5]+0.054*[#   9]+0.054*[#  13]
          
    |psi|^2 = 0.988
==== e(   5) =     7.43170 eV ==== 
     psi = 0.234*[#   1]+0.078*[#   5]+0.078*[#   9]+0.078*[#  13]+0.064*[#   2]
          +0.064*[#   3]+0.064*[#   4]+0.044*[#   7]+0.044*[#  12]+0.044*[#  14]
          +0.019*[#   6]+0.019*[#   8]+0.019*[#  10]+0.019*[#  11]+0.019*[#  15]
          +0.019*[#  16]
    |psi|^2 = 0.907
==== e(   6) =     7.43171 eV ==== 
     psi = 0.156*[#   5]+0.156*[#   9]+0.156*[#  13]+0.054*[#   6]+0.054*[#   8]
          +0.054*[#  10]+0.054*[#  11]+0.054*[#  15]+0.054*[#  16]+0.029*[#   7]
          +0.029*[#  12]+0.029*[#  14]+0.009*[#   2]+0.009*[#   3]+0.009*[#   4]
          
    |psi|^2 = 0.907
==== e(   7) =     9.13559 eV ==== 
     psi = 0.082*[#   7]+0.082*[#  12]+0.082*[#  14]+0.072*[#   2]+0.072*[#   3]
          +0.072*[#   4]+0.064*[#   1]+0.055*[#   6]+0.055*[#   8]+0.055*[#  10]
          +0.055*[#  11]+0.055*[#  15]+0.055*[#  16]+0.021*[#   5]+0.021*[#   9]
          +0.021*[#  13]
    |psi|^2 = 0.923
==== e(   8) =     9.13559 eV ==== 
     psi = 0.077*[#   6]+0.077*[#   8]+0.077*[#  10]+0.077*[#  11]+0.077*[#  15]
          +0.077*[#  16]+0.061*[#   2]+0.061*[#   3]+0.061*[#   4]+0.050*[#   7]
          +0.050*[#  12]+0.050*[#  14]+0.043*[#   5]+0.043*[#   9]+0.043*[#  13]
          
    |psi|^2 = 0.923
==== e(   9) =    10.47639 eV ==== 
     psi = 0.108*[#   1]+0.108*[#   5]+0.108*[#   9]+0.108*[#  13]+0.025*[#   2]
          +0.025*[#   3]+0.025*[#   4]+0.025*[#   6]+0.025*[#   7]+0.025*[#   8]
          +0.025*[#  10]+0.025*[#  11]+0.025*[#  12]+0.025*[#  14]+0.025*[#  15]
          +0.025*[#  16]
    |psi|^2 = 0.728
==== e(  10) =    11.68396 eV ==== 
     psi = 0.063*[#   2]+0.063*[#   3]+0.063*[#   4]+0.063*[#   7]+0.063*[#  12]
          +0.063*[#  14]+0.058*[#   6]+0.058*[#   8]+0.058*[#  10]+0.058*[#  11]
          +0.058*[#  15]+0.058*[#  16]+0.053*[#   1]+0.049*[#   5]+0.049*[#   9]
          +0.049*[#  13]
    |psi|^2 = 0.924

 k =   0.0625000000  0.0625000000  0.3125000000
==== e(   1) =    -2.30470 eV ==== 
     psi = 0.122*[#   1]+0.122*[#   5]+0.122*[#   9]+0.122*[#  13]+0.043*[#   2]
          +0.043*[#   3]+0.043*[#   4]+0.043*[#   6]+0.043*[#   7]+0.043*[#   8]
          +0.043*[#  10]+0.043*[#  11]+0.043*[#  12]+0.043*[#  14]+0.043*[#  15]
          +0.043*[#  16]
    |psi|^2 = 0.999
==== e(   2) =     1.01701 eV ==== 
     psi = 0.076*[#   1]+0.076*[#   5]+0.076*[#   9]+0.076*[#  13]+0.058*[#   2]
          +0.058*[#   3]+0.058*[#   4]+0.058*[#   6]+0.058*[#   7]+0.058*[#   8]
          +0.058*[#  10]+0.058*[#  11]+0.058*[#  12]+0.058*[#  14]+0.058*[#  15]
          +0.058*[#  16]
    |psi|^2 = 0.997
==== e(   3) =     5.21172 eV ==== 
     psi = 0.082*[#   7]+0.082*[#  12]+0.082*[#  14]+0.075*[#   1]+0.069*[#   2]
          +0.069*[#   3]+0.069*[#   4]+0.065*[#   6]+0.065*[#   8]+0.065*[#  10]
          +0.065*[#  11]+0.065*[#  15]+0.065*[#  16]+0.025*[#   5]+0.025*[#   9]
          +0.025*[#  13]
    |psi|^2 = 0.988
==== e(   4) =     5.21172 eV ==== 
     psi = 0.075*[#   6]+0.075*[#   8]+0.075*[#  10]+0.075*[#  11]+0.075*[#  15]
          +0.075*[#  16]+0.071*[#   2]+0.071*[#   3]+0.071*[#   4]+0.058*[#   7]
          +0.058*[#  12]+0.058*[#  14]+0.050*[#   5]+0.050*[#   9]+0.050*[#  13]
          
    |psi|^2 = 0.988
==== e(   5) =     7.70053 eV ==== 
     psi = 0.160*[#   1]+0.096*[#   2]+0.096*[#   3]+0.096*[#   4]+0.062*[#   7]
          +0.062*[#  12]+0.062*[#  14]+0.053*[#   5]+0.053*[#   9]+0.053*[#  13]
          +0.022*[#   6]+0.022*[#   8]+0.022*[#  10]+0.022*[#  11]+0.022*[#  15]
          +0.022*[#  16]
    |psi|^2 = 0.921
==== e(   6) =     7.70053 eV ==== 
     psi = 0.107*[#   5]+0.107*[#   9]+0.107*[#  13]+0.079*[#   6]+0.079*[#   8]
          +0.079*[#  10]+0.079*[#  11]+0.079*[#  15]+0.079*[#  16]+0.039*[#   7]
          +0.039*[#  12]+0.039*[#  14]+0.004*[#   2]+0.004*[#   3]+0.004*[#   4]
          
    |psi|^2 = 0.921
==== e(   7) =     8.41569 eV ==== 
     psi = 0.110*[#   1]+0.079*[#   7]+0.079*[#  12]+0.079*[#  14]+0.056*[#   6]
          +0.056*[#   8]+0.056*[#  10]+0.056*[#  11]+0.056*[#  15]+0.056*[#  16]
          +0.051*[#   2]+0.051*[#   3]+0.051*[#   4]+0.037*[#   5]+0.037*[#   9]
          +0.037*[#  13]
    |psi|^2 = 0.949
==== e(   8) =     8.41569 eV ==== 
     psi = 0.073*[#   5]+0.073*[#   9]+0.073*[#  13]+0.070*[#   2]+0.070*[#   3]
          +0.070*[#   4]+0.065*[#   6]+0.065*[#   8]+0.065*[#  10]+0.065*[#  11]
          +0.065*[#  15]+0.065*[#  16]+0.042*[#   7]+0.042*[#  12]+0.042*[#  14]
          
    |psi|^2 = 0.949
==== e(   9) =    10.98189 eV ==== 
     psi = 0.142*[#   1]+0.096*[#   2]+0.096*[#   3]+0.096*[#   4]+0.088*[#   7]
          +0.088*[#  12]+0.088*[#  14]+0.047*[#   5]+0.047*[#   9]+0.047*[#  13]
          +0.018*[#   6]+0.018*[#   8]+0.018*[#  10]+0.018*[#  11]+0.018*[#  15]
          +0.018*[#  16]
    |psi|^2 = 0.943
==== e(  10) =    10.98190 eV ==== 
     psi = 0.095*[#   5]+0.095*[#   9]+0.095*[#  13]+0.092*[#   6]+0.092*[#   8]
          +0.092*[#  10]+0.092*[#  11]+0.092*[#  15]+0.092*[#  16]+0.022*[#   7]
          +0.022*[#  12]+0.022*[#  14]+0.014*[#   2]+0.014*[#   3]+0.014*[#   4]
          
    |psi|^2 = 0.943

 k =   0.0625000000  0.0625000000  0.3750000000
==== e(   1) =    -1.91978 eV ==== 
     psi = 0.105*[#   1]+0.105*[#   5]+0.105*[#   9]+0.105*[#  13]+0.048*[#   2]
          +0.048*[#   3]+0.048*[#   4]+0.048*[#   6]+0.048*[#   7]+0.048*[#   8]
          +0.048*[#  10]+0.048*[#  11]+0.048*[#  12]+0.048*[#  14]+0.048*[#  15]
          +0.048*[#  16]
    |psi|^2 = 0.999
==== e(   2) =     0.29808 eV ==== 
     psi = 0.077*[#   1]+0.077*[#   5]+0.077*[#   9]+0.077*[#  13]+0.057*[#   2]
          +0.057*[#   3]+0.057*[#   4]+0.057*[#   6]+0.057*[#   7]+0.057*[#   8]
          +0.057*[#  10]+0.057*[#  11]+0.057*[#  12]+0.057*[#  14]+0.057*[#  15]
          +0.057*[#  16]
    |psi|^2 = 0.998
==== e(   3) =     5.57195 eV ==== 
     psi = 0.086*[#   7]+0.086*[#  12]+0.086*[#  14]+0.072*[#   2]+0.072*[#   3]
          +0.072*[#   4]+0.066*[#   1]+0.064*[#   6]+0.064*[#   8]+0.064*[#  10]
          +0.064*[#  11]+0.064*[#  15]+0.064*[#  16]+0.022*[#   5]+0.022*[#   9]
          +0.022*[#  13]
    |psi|^2 = 0.988
==== e(   4) =     5.57195 eV ==== 
     psi = 0.079*[#   6]+0.079*[#   8]+0.079*[#  10]+0.079*[#  11]+0.079*[#  15]
          +0.079*[#  16]+0.071*[#   2]+0.071*[#   3]+0.071*[#   4]+0.057*[#   7]
          +0.057*[#  12]+0.057*[#  14]+0.044*[#   5]+0.044*[#   9]+0.044*[#  13]
          
    |psi|^2 = 0.988
==== e(   5) =     7.62393 eV ==== 
     psi = 0.126*[#   2]+0.126*[#   3]+0.126*[#   4]+0.078*[#   7]+0.078*[#  12]
          +0.078*[#  14]+0.056*[#   6]+0.056*[#   8]+0.056*[#  10]+0.056*[#  11]
          +0.056*[#  15]+0.056*[#  16]+0.006*[#   1]+0.002*[#   5]+0.002*[#   9]
          +0.002*[#  13]
    |psi|^2 = 0.964
==== e(   6) =     7.62394 eV ==== 
     psi = 0.102*[#   6]+0.102*[#   8]+0.102*[#  10]+0.102*[#  11]+0.102*[#  15]
          +0.102*[#  16]+0.081*[#   7]+0.081*[#  12]+0.081*[#  14]+0.032*[#   2]
          +0.032*[#   3]+0.032*[#   4]+0.004*[#   5]+0.004*[#   9]+0.004*[#  13]
          
    |psi|^2 = 0.964
==== e(   7) =     8.16048 eV ==== 
     psi = 0.149*[#   5]+0.149*[#   9]+0.149*[#  13]+0.057*[#   6]+0.057*[#   8]
          +0.057*[#  10]+0.057*[#  11]+0.057*[#  15]+0.057*[#  16]+0.046*[#   2]
          +0.046*[#   3]+0.046*[#   4]+0.001*[#   7]+0.001*[#  12]+0.001*[#  14]
          
    |psi|^2 = 0.932
==== e(   8) =     8.16049 eV ==== 
     psi = 0.223*[#   1]+0.080*[#   7]+0.080*[#  12]+0.080*[#  14]+0.074*[#   5]
          +0.074*[#   9]+0.074*[#  13]+0.035*[#   2]+0.035*[#   3]+0.035*[#   4]
          +0.024*[#   6]+0.024*[#   8]+0.024*[#  10]+0.024*[#  11]+0.024*[#  15]
          +0.024*[#  16]
    |psi|^2 = 0.932
==== e(   9) =    10.33217 eV ==== 
     psi = 0.194*[#   1]+0.083*[#   2]+0.083*[#   3]+0.083*[#   4]+0.071*[#   7]
          +0.071*[#  12]+0.071*[#  14]+0.065*[#   5]+0.065*[#   9]+0.065*[#  13]
          +0.018*[#   6]+0.018*[#   8]+0.018*[#  10]+0.018*[#  11]+0.018*[#  15]
          +0.018*[#  16]
    |psi|^2 = 0.957
==== e(  10) =    10.33219 eV ==== 
     psi = 0.129*[#   5]+0.129*[#   9]+0.129*[#  13]+0.077*[#   6]+0.077*[#   8]
          +0.077*[#  10]+0.077*[#  11]+0.077*[#  15]+0.077*[#  16]+0.024*[#   7]
          +0.024*[#  12]+0.024*[#  14]+0.012*[#   2]+0.012*[#   3]+0.012*[#   4]
          
    |psi|^2 = 0.957

 k =   0.0625000000  0.0625000000  0.4375000000
==== e(   1) =    -1.46625 eV ==== 
     psi = 0.094*[#   1]+0.094*[#   5]+0.094*[#   9]+0.094*[#  13]+0.052*[#   2]
          +0.052*[#   3]+0.052*[#   4]+0.052*[#   6]+0.052*[#   7]+0.052*[#   8]
          +0.052*[#  10]+0.052*[#  11]+0.052*[#  12]+0.052*[#  14]+0.052*[#  15]
          +0.052*[#  16]
    |psi|^2 = 0.999
==== e(   2) =    -0.35635 eV ==== 
     psi = 0.080*[#   1]+0.080*[#   5]+0.080*[#   9]+0.080*[#  13]+0.057*[#   2]
          +0.057*[#   3]+0.057*[#   4]+0.057*[#   6]+0.057*[#   7]+0.057*[#   8]
          +0.057*[#  10]+0.057*[#  11]+0.057*[#  12]+0.057*[#  14]+0.057*[#  15]
          +0.057*[#  16]
    |psi|^2 = 0.999
==== e(   3) =     5.99443 eV ==== 
     psi = 0.083*[#   6]+0.083*[#   8]+0.083*[#  10]+0.083*[#  11]+0.083*[#  15]
          +0.083*[#  16]+0.074*[#   2]+0.074*[#   3]+0.074*[#   4]+0.053*[#   7]
          +0.053*[#  12]+0.053*[#  14]+0.036*[#   5]+0.036*[#   9]+0.036*[#  13]
          
    |psi|^2 = 0.987
==== e(   4) =     5.99443 eV ==== 
     psi = 0.094*[#   7]+0.094*[#  12]+0.094*[#  14]+0.072*[#   2]+0.072*[#   3]
          +0.072*[#   4]+0.063*[#   6]+0.063*[#   8]+0.063*[#  10]+0.063*[#  11]
          +0.063*[#  15]+0.063*[#  16]+0.054*[#   1]+0.018*[#   5]+0.018*[#   9]
          +0.018*[#  13]
    |psi|^2 = 0.987
==== e(   5) =     7.04805 eV ==== 
     psi = 0.101*[#   2]+0.101*[#   3]+0.101*[#   4]+0.070*[#   7]+0.070*[#  12]
          +0.070*[#  14]+0.062*[#   6]+0.062*[#   8]+0.062*[#  10]+0.062*[#  11]
          +0.062*[#  15]+0.062*[#  16]+0.047*[#   1]+0.016*[#   5]+0.016*[#   9]
          +0.016*[#  13]
    |psi|^2 = 0.978
==== e(   6) =     7.04806 eV ==== 
     psi = 0.086*[#   6]+0.086*[#   8]+0.086*[#  10]+0.086*[#  11]+0.086*[#  15]
          +0.086*[#  16]+0.078*[#   7]+0.078*[#  12]+0.078*[#  14]+0.046*[#   2]
          +0.046*[#   3]+0.046*[#   4]+0.031*[#   5]+0.031*[#   9]+0.031*[#  13]
          
    |psi|^2 = 0.978
==== e(   7) =     8.50371 eV ==== 
     psi = 0.096*[#   6]+0.096*[#   8]+0.096*[#  10]+0.096*[#  11]+0.096*[#  15]
          +0.096*[#  16]+0.078*[#   5]+0.078*[#   9]+0.078*[#  13]+0.034*[#   2]
          +0.034*[#   3]+0.034*[#   4]+0.006*[#   7]+0.006*[#  12]+0.006*[#  14]
          
    |psi|^2 = 0.930
==== e(   8) =     8.50372 eV ==== 
     psi = 0.117*[#   1]+0.110*[#   7]+0.110*[#  12]+0.110*[#  14]+0.082*[#   2]
          +0.082*[#   3]+0.082*[#   4]+0.039*[#   5]+0.039*[#   9]+0.039*[#  13]
          +0.020*[#   6]+0.020*[#   8]+0.020*[#  10]+0.020*[#  11]+0.020*[#  15]
          +0.020*[#  16]
    |psi|^2 = 0.930
==== e(   9) =     9.76682 eV ==== 
     psi = 0.274*[#   1]+0.091*[#   5]+0.091*[#   9]+0.091*[#  13]+0.062*[#   2]
          +0.062*[#   3]+0.062*[#   4]+0.043*[#   7]+0.043*[#  12]+0.043*[#  14]
          +0.018*[#   6]+0.018*[#   8]+0.018*[#  10]+0.018*[#  11]+0.018*[#  15]
          +0.018*[#  16]
    |psi|^2 = 0.969
==== e(  10) =     9.76684 eV ==== 
     psi = 0.183*[#   5]+0.183*[#   9]+0.183*[#  13]+0.052*[#   6]+0.052*[#   8]
          +0.052*[#  10]+0.052*[#  11]+0.052*[#  15]+0.052*[#  16]+0.028*[#   7]
          +0.028*[#  12]+0.028*[#  14]+0.008*[#   2]+0.008*[#   3]+0.008*[#   4]
          
    |psi|^2 = 0.969

 k =   0.0625000000  0.0625000000 -0.5000000000
==== e(   1) =    -0.94483 eV ==== 
     psi = 0.171*[#   1]+0.108*[#   6]+0.108*[#   8]+0.108*[#  10]+0.108*[#  11]
          +0.108*[#  15]+0.108*[#  16]+0.057*[#   5]+0.057*[#   9]+0.057*[#  13]
          +0.003*[#   2]+0.003*[#   3]+0.003*[#   4]
    |psi|^2 = 0.999
==== e(   2) =    -0.94481 eV ==== 
     psi = 0.114*[#   5]+0.114*[#   9]+0.114*[#  13]+0.110*[#   7]+0.110*[#  12]
          +0.110*[#  14]+0.107*[#   2]+0.107*[#   3]+0.107*[#   4]+0.001*[#   6]
          +0.001*[#   8]+0.001*[#  10]+0.001*[#  11]+0.001*[#  15]+0.001*[#  16]
          
    |psi|^2 = 0.999
==== e(   3) =     6.40388 eV ==== 
     psi = 0.123*[#   2]+0.123*[#   3]+0.123*[#   4]+0.103*[#   6]+0.103*[#   8]
          +0.103*[#  10]+0.103*[#  11]+0.103*[#  15]+0.103*[#  16]
    |psi|^2 = 0.984
==== e(   4) =     6.40390 eV ==== 
     psi = 0.164*[#   7]+0.164*[#  12]+0.164*[#  14]+0.061*[#   6]+0.061*[#   8]
          +0.061*[#  10]+0.061*[#  11]+0.061*[#  15]+0.061*[#  16]+0.041*[#   2]
          +0.041*[#   3]+0.041*[#   4]
    |psi|^2 = 0.984
==== e(   5) =     6.57874 eV ==== 
     psi = 0.129*[#   2]+0.129*[#   3]+0.129*[#   4]+0.105*[#   1]+0.064*[#   6]
          +0.064*[#   8]+0.064*[#  10]+0.064*[#  11]+0.064*[#  15]+0.064*[#  16]
          +0.035*[#   5]+0.035*[#   9]+0.035*[#  13]
    |psi|^2 = 0.984
==== e(   6) =     6.57876 eV ==== 
     psi = 0.129*[#   7]+0.129*[#  12]+0.129*[#  14]+0.070*[#   5]+0.070*[#   9]
          +0.070*[#  13]+0.064*[#   6]+0.064*[#   8]+0.064*[#  10]+0.064*[#  11]
          +0.064*[#  15]+0.064*[#  16]
    |psi|^2 = 0.984
==== e(   7) =     8.74853 eV ==== 
     psi = 0.133*[#   6]+0.133*[#   8]+0.133*[#  10]+0.133*[#  11]+0.133*[#  15]
          +0.133*[#  16]+0.041*[#   2]+0.041*[#   3]+0.041*[#   4]
    |psi|^2 = 0.921
==== e(   8) =     8.74855 eV ==== 
     psi = 0.154*[#   7]+0.154*[#  12]+0.154*[#  14]+0.113*[#   2]+0.113*[#   3]
          +0.113*[#   4]+0.020*[#   6]+0.020*[#   8]+0.020*[#  10]+0.020*[#  11]
          +0.020*[#  15]+0.020*[#  16]
    |psi|^2 = 0.921
==== e(   9) =     9.45626 eV ==== 
     psi = 0.387*[#   1]+0.129*[#   5]+0.129*[#   9]+0.129*[#  13]+0.035*[#   2]
          +0.035*[#   3]+0.035*[#   4]+0.017*[#   6]+0.017*[#   8]+0.017*[#  10]
          +0.017*[#  11]+0.017*[#  15]+0.017*[#  16]
    |psi|^2 = 0.982
==== e(  10) =     9.45628 eV ==== 
     psi = 0.258*[#   5]+0.258*[#   9]+0.258*[#  13]+0.035*[#   7]+0.035*[#  12]
          +0.035*[#  14]+0.017*[#   6]+0.017*[#   8]+0.017*[#  10]+0.017*[#  11]
          +0.017*[#  15]+0.017*[#  16]
    |psi|^2 = 0.982

 k =   0.0625000000  0.1250000000  0.1250000000
==== e(   1) =    -2.93687 eV ==== 
     psi = 0.179*[#   1]+0.179*[#   5]+0.179*[#   9]+0.179*[#  13]+0.024*[#   2]
          +0.024*[#   3]+0.024*[#   4]+0.024*[#   6]+0.024*[#   7]+0.024*[#   8]
          +0.024*[#  10]+0.024*[#  11]+0.024*[#  12]+0.024*[#  14]+0.024*[#  15]
          +0.024*[#  16]
    |psi|^2 = 0.999
==== e(   2) =     3.62621 eV ==== 
     psi = 0.133*[#   1]+0.079*[#   7]+0.079*[#  12]+0.079*[#  14]+0.060*[#   6]
          +0.060*[#   8]+0.060*[#  10]+0.060*[#  11]+0.060*[#  15]+0.060*[#  16]
          +0.044*[#   5]+0.044*[#   9]+0.044*[#  13]+0.042*[#   2]+0.042*[#   3]
          +0.042*[#   4]
    |psi|^2 = 0.988
==== e(   3) =     3.62622 eV ==== 
     psi = 0.088*[#   5]+0.088*[#   9]+0.088*[#  13]+0.078*[#   2]+0.078*[#   3]
          +0.078*[#   4]+0.061*[#   6]+0.061*[#   8]+0.061*[#  10]+0.061*[#  11]
          +0.061*[#  15]+0.061*[#  16]+0.042*[#   7]+0.042*[#  12]+0.042*[#  14]
          
    |psi|^2 = 0.988
==== e(   4) =     4.61984 eV ==== 
     psi = 0.067*[#   2]+0.067*[#   3]+0.067*[#   4]+0.067*[#   6]+0.067*[#   7]
          +0.067*[#   8]+0.067*[#  10]+0.067*[#  11]+0.067*[#  12]+0.067*[#  14]
          +0.067*[#  15]+0.067*[#  16]+0.045*[#   1]+0.045*[#   5]+0.045*[#   9]
          +0.045*[#  13]
    |psi|^2 = 0.987
==== e(   5) =     7.13895 eV ==== 
     psi = 0.142*[#   1]+0.142*[#   5]+0.142*[#   9]+0.142*[#  13]+0.026*[#   2]
          +0.026*[#   3]+0.026*[#   4]+0.026*[#   6]+0.026*[#   7]+0.026*[#   8]
          +0.026*[#  10]+0.026*[#  11]+0.026*[#  12]+0.026*[#  14]+0.026*[#  15]
          +0.026*[#  16]
    |psi|^2 = 0.885
==== e(   6) =     8.11733 eV ==== 
     psi = 0.251*[#   1]+0.084*[#   5]+0.084*[#   9]+0.084*[#  13]+0.051*[#   2]
          +0.051*[#   3]+0.051*[#   4]+0.028*[#   6]+0.028*[#   8]+0.028*[#  10]
          +0.028*[#  11]+0.028*[#  15]+0.028*[#  16]+0.009*[#   7]+0.009*[#  12]
          +0.009*[#  14]
    |psi|^2 = 0.852
==== e(   7) =     8.11733 eV ==== 
     psi = 0.167*[#   5]+0.167*[#   9]+0.167*[#  13]+0.049*[#   7]+0.049*[#  12]
          +0.049*[#  14]+0.030*[#   6]+0.030*[#   8]+0.030*[#  10]+0.030*[#  11]
          +0.030*[#  15]+0.030*[#  16]+0.007*[#   2]+0.007*[#   3]+0.007*[#   4]
          
    |psi|^2 = 0.852
==== e(   8) =     9.94036 eV ==== 
     psi = 0.063*[#   2]+0.063*[#   3]+0.063*[#   4]+0.063*[#   6]+0.063*[#   7]
          +0.063*[#   8]+0.063*[#  10]+0.063*[#  11]+0.063*[#  12]+0.063*[#  14]
          +0.063*[#  15]+0.063*[#  16]+0.032*[#   1]+0.032*[#   5]+0.032*[#   9]
          +0.032*[#  13]
    |psi|^2 = 0.879
==== e(   9) =    10.88799 eV ==== 
     psi = 0.107*[#   7]+0.107*[#  12]+0.107*[#  14]+0.101*[#   2]+0.101*[#   3]
          +0.101*[#   4]+0.035*[#   1]+0.019*[#   6]+0.019*[#   8]+0.019*[#  10]
          +0.019*[#  11]+0.019*[#  15]+0.019*[#  16]+0.012*[#   5]+0.012*[#   9]
          +0.012*[#  13]
    |psi|^2 = 0.809
==== e(  10) =    10.88799 eV ==== 
     psi = 0.104*[#   6]+0.104*[#   8]+0.104*[#  10]+0.104*[#  11]+0.104*[#  15]
          +0.104*[#  16]+0.023*[#   5]+0.023*[#   9]+0.023*[#  13]+0.022*[#   2]
          +0.022*[#   3]+0.022*[#   4]+0.016*[#   7]+0.016*[#  12]+0.016*[#  14]
          
    |psi|^2 = 0.809

 k =   0.0625000000  0.1250000000  0.1875000000
==== e(   1) =    -2.76099 eV ==== 
     psi = 0.157*[#   1]+0.157*[#   5]+0.157*[#   9]+0.157*[#  13]+0.031*[#   2]
          +0.031*[#   3]+0.031*[#   4]+0.031*[#   6]+0.031*[#   7]+0.031*[#   8]
          +0.031*[#  10]+0.031*[#  11]+0.031*[#  12]+0.031*[#  14]+0.031*[#  15]
          +0.031*[#  16]
    |psi|^2 = 0.999
==== e(   2) =     2.73917 eV ==== 
     psi = 0.072*[#   1]+0.072*[#   5]+0.072*[#   9]+0.072*[#  13]+0.059*[#   2]
          +0.059*[#   3]+0.059*[#   4]+0.059*[#   6]+0.059*[#   7]+0.059*[#   8]
          +0.059*[#  10]+0.059*[#  11]+0.059*[#  12]+0.059*[#  14]+0.059*[#  15]
          +0.059*[#  16]
    |psi|^2 = 0.992
==== e(   3) =     3.79329 eV ==== 
     psi = 0.064*[#   1]+0.064*[#   5]+0.064*[#   9]+0.064*[#  13]+0.061*[#   2]
          +0.061*[#   3]+0.061*[#   4]+0.061*[#   6]+0.061*[#   7]+0.061*[#   8]
          +0.061*[#  10]+0.061*[#  11]+0.061*[#  12]+0.061*[#  14]+0.061*[#  15]
          +0.061*[#  16]
    |psi|^2 = 0.989
==== e(   4) =     4.78439 eV ==== 
     psi = 0.068*[#   2]+0.068*[#   3]+0.068*[#   4]+0.068*[#   6]+0.068*[#   7]
          +0.068*[#   8]+0.068*[#  10]+0.068*[#  11]+0.068*[#  12]+0.068*[#  14]
          +0.068*[#  15]+0.068*[#  16]+0.043*[#   1]+0.043*[#   5]+0.043*[#   9]
          +0.043*[#  13]
    |psi|^2 = 0.987
==== e(   5) =     7.29853 eV ==== 
     psi = 0.126*[#   1]+0.126*[#   5]+0.126*[#   9]+0.126*[#  13]+0.032*[#   2]
          +0.032*[#   3]+0.032*[#   4]+0.032*[#   6]+0.032*[#   7]+0.032*[#   8]
          +0.032*[#  10]+0.032*[#  11]+0.032*[#  12]+0.032*[#  14]+0.032*[#  15]
          +0.032*[#  16]
    |psi|^2 = 0.895
==== e(   6) =     8.27598 eV ==== 
     psi = 0.109*[#   1]+0.109*[#   5]+0.109*[#   9]+0.109*[#  13]+0.036*[#   2]
          +0.036*[#   3]+0.036*[#   4]+0.036*[#   6]+0.036*[#   7]+0.036*[#   8]
          +0.036*[#  10]+0.036*[#  11]+0.036*[#  12]+0.036*[#  14]+0.036*[#  15]
          +0.036*[#  16]
    |psi|^2 = 0.868
==== e(   7) =     9.09932 eV ==== 
     psi = 0.061*[#   2]+0.061*[#   3]+0.061*[#   4]+0.061*[#   6]+0.061*[#   7]
          +0.061*[#   8]+0.061*[#  10]+0.061*[#  11]+0.061*[#  12]+0.061*[#  14]
          +0.061*[#  15]+0.061*[#  16]+0.049*[#   1]+0.049*[#   5]+0.049*[#   9]
          +0.049*[#  13]
    |psi|^2 = 0.921
==== e(   8) =     9.30516 eV ==== 
     psi = 0.110*[#   1]+0.110*[#   5]+0.110*[#   9]+0.110*[#  13]+0.031*[#   2]
          +0.031*[#   3]+0.031*[#   4]+0.031*[#   6]+0.031*[#   7]+0.031*[#   8]
          +0.031*[#  10]+0.031*[#  11]+0.031*[#  12]+0.031*[#  14]+0.031*[#  15]
          +0.031*[#  16]
    |psi|^2 = 0.806
==== e(   9) =    10.03644 eV ==== 
     psi = 0.064*[#   2]+0.064*[#   3]+0.064*[#   4]+0.064*[#   6]+0.064*[#   7]
          +0.064*[#   8]+0.064*[#  10]+0.064*[#  11]+0.064*[#  12]+0.064*[#  14]
          +0.064*[#  15]+0.064*[#  16]+0.026*[#   1]+0.026*[#   5]+0.026*[#   9]
          +0.026*[#  13]
    |psi|^2 = 0.877
==== e(  10) =    11.05409 eV ==== 
     psi = 0.060*[#   2]+0.060*[#   3]+0.060*[#   4]+0.060*[#   6]+0.060*[#   7]
          +0.060*[#   8]+0.060*[#  10]+0.060*[#  11]+0.060*[#  12]+0.060*[#  14]
          +0.060*[#  15]+0.060*[#  16]+0.021*[#   1]+0.021*[#   5]+0.021*[#   9]
          +0.021*[#  13]
    |psi|^2 = 0.808

 k =   0.0625000000  0.1250000000  0.2500000000
==== e(   1) =    -2.51512 eV ==== 
     psi = 0.136*[#   1]+0.136*[#   5]+0.136*[#   9]+0.136*[#  13]+0.038*[#   2]
          +0.038*[#   3]+0.038*[#   4]+0.038*[#   6]+0.038*[#   7]+0.038*[#   8]
          +0.038*[#  10]+0.038*[#  11]+0.038*[#  12]+0.038*[#  14]+0.038*[#  15]
          +0.038*[#  16]
    |psi|^2 = 0.999
==== e(   2) =     1.90029 eV ==== 
     psi = 0.074*[#   1]+0.074*[#   5]+0.074*[#   9]+0.074*[#  13]+0.058*[#   2]
          +0.058*[#   3]+0.058*[#   4]+0.058*[#   6]+0.058*[#   7]+0.058*[#   8]
          +0.058*[#  10]+0.058*[#  11]+0.058*[#  12]+0.058*[#  14]+0.058*[#  15]
          +0.058*[#  16]
    |psi|^2 = 0.995
==== e(   3) =     4.02687 eV ==== 
     psi = 0.062*[#   2]+0.062*[#   3]+0.062*[#   4]+0.062*[#   6]+0.062*[#   7]
          +0.062*[#   8]+0.062*[#  10]+0.062*[#  11]+0.062*[#  12]+0.062*[#  14]
          +0.062*[#  15]+0.062*[#  16]+0.061*[#   1]+0.061*[#   5]+0.061*[#   9]
          +0.061*[#  13]
    |psi|^2 = 0.990
==== e(   4) =     5.01440 eV ==== 
     psi = 0.069*[#   2]+0.069*[#   3]+0.069*[#   4]+0.069*[#   6]+0.069*[#   7]
          +0.069*[#   8]+0.069*[#  10]+0.069*[#  11]+0.069*[#  12]+0.069*[#  14]
          +0.069*[#  15]+0.069*[#  16]+0.040*[#   1]+0.040*[#   5]+0.040*[#   9]
          +0.040*[#  13]
    |psi|^2 = 0.987
==== e(   5) =     7.49987 eV ==== 
     psi = 0.088*[#   1]+0.088*[#   5]+0.088*[#   9]+0.088*[#  13]+0.046*[#   2]
          +0.046*[#   3]+0.046*[#   4]+0.046*[#   6]+0.046*[#   7]+0.046*[#   8]
          +0.046*[#  10]+0.046*[#  11]+0.046*[#  12]+0.046*[#  14]+0.046*[#  15]
          +0.046*[#  16]
    |psi|^2 = 0.911
==== e(   6) =     8.32785 eV ==== 
     psi = 0.082*[#   1]+0.082*[#   5]+0.082*[#   9]+0.082*[#  13]+0.051*[#   2]
          +0.051*[#   3]+0.051*[#   4]+0.051*[#   6]+0.051*[#   7]+0.051*[#   8]
          +0.051*[#  10]+0.051*[#  11]+0.051*[#  12]+0.051*[#  14]+0.051*[#  15]
          +0.051*[#  16]
    |psi|^2 = 0.943
==== e(   7) =     8.48269 eV ==== 
     psi = 0.079*[#   1]+0.079*[#   5]+0.079*[#   9]+0.079*[#  13]+0.047*[#   2]
          +0.047*[#   3]+0.047*[#   4]+0.047*[#   6]+0.047*[#   7]+0.047*[#   8]
          +0.047*[#  10]+0.047*[#  11]+0.047*[#  12]+0.047*[#  14]+0.047*[#  15]
          +0.047*[#  16]
    |psi|^2 = 0.886
==== e(   8) =     9.25115 eV ==== 
     psi = 0.062*[#   2]+0.062*[#   3]+0.062*[#   4]+0.062*[#   6]+0.062*[#   7]
          +0.062*[#   8]+0.062*[#  10]+0.062*[#  11]+0.062*[#  12]+0.062*[#  14]
          +0.062*[#  15]+0.062*[#  16]+0.045*[#   1]+0.045*[#   5]+0.045*[#   9]
          +0.045*[#  13]
    |psi|^2 = 0.919
==== e(   9) =    10.55456 eV ==== 
     psi = 0.087*[#   1]+0.087*[#   5]+0.087*[#   9]+0.087*[#  13]+0.033*[#   2]
          +0.033*[#   3]+0.033*[#   4]+0.033*[#   6]+0.033*[#   7]+0.033*[#   8]
          +0.033*[#  10]+0.033*[#  11]+0.033*[#  12]+0.033*[#  14]+0.033*[#  15]
          +0.033*[#  16]
    |psi|^2 = 0.748
==== e(  10) =    11.29600 eV ==== 
     psi = 0.056*[#   2]+0.056*[#   3]+0.056*[#   4]+0.056*[#   6]+0.056*[#   7]
          +0.056*[#   8]+0.056*[#  10]+0.056*[#  11]+0.056*[#  12]+0.056*[#  14]
          +0.056*[#  15]+0.056*[#  16]+0.033*[#   1]+0.033*[#   5]+0.033*[#   9]
          +0.033*[#  13]
    |psi|^2 = 0.805

 k =   0.0625000000  0.1250000000  0.3125000000
==== e(   1) =    -2.19962 eV ==== 
     psi = 0.118*[#   1]+0.118*[#   5]+0.118*[#   9]+0.118*[#  13]+0.044*[#   2]
          +0.044*[#   3]+0.044*[#   4]+0.044*[#   6]+0.044*[#   7]+0.044*[#   8]
          +0.044*[#  10]+0.044*[#  11]+0.044*[#  12]+0.044*[#  14]+0.044*[#  15]
          +0.044*[#  16]
    |psi|^2 = 0.999
==== e(   2) =     1.11964 eV ==== 
     psi = 0.075*[#   1]+0.075*[#   5]+0.075*[#   9]+0.075*[#  13]+0.058*[#   2]
          +0.058*[#   3]+0.058*[#   4]+0.058*[#   6]+0.058*[#   7]+0.058*[#   8]
          +0.058*[#  10]+0.058*[#  11]+0.058*[#  12]+0.058*[#  14]+0.058*[#  15]
          +0.058*[#  16]
    |psi|^2 = 0.997
==== e(   3) =     4.32656 eV ==== 
     psi = 0.063*[#   2]+0.063*[#   3]+0.063*[#   4]+0.063*[#   6]+0.063*[#   7]
          +0.063*[#   8]+0.063*[#  10]+0.063*[#  11]+0.063*[#  12]+0.063*[#  14]
          +0.063*[#  15]+0.063*[#  16]+0.058*[#   1]+0.058*[#   5]+0.058*[#   9]
          +0.058*[#  13]
    |psi|^2 = 0.990
==== e(   4) =     5.30923 eV ==== 
     psi = 0.070*[#   2]+0.070*[#   3]+0.070*[#   4]+0.070*[#   6]+0.070*[#   7]
          +0.070*[#   8]+0.070*[#  10]+0.070*[#  11]+0.070*[#  12]+0.070*[#  14]
          +0.070*[#  15]+0.070*[#  16]+0.036*[#   1]+0.036*[#   5]+0.036*[#   9]
          +0.036*[#  13]
    |psi|^2 = 0.988
==== e(   5) =     7.41703 eV ==== 
     psi = 0.080*[#   2]+0.080*[#   3]+0.080*[#   4]+0.080*[#   6]+0.080*[#   7]
          +0.080*[#   8]+0.080*[#  10]+0.080*[#  11]+0.080*[#  12]+0.080*[#  14]
          +0.080*[#  15]+0.080*[#  16]+0.002*[#   1]+0.002*[#   5]+0.002*[#   9]
          +0.002*[#  13]
    |psi|^2 = 0.963
==== e(   6) =     7.96210 eV ==== 
     psi = 0.161*[#   1]+0.161*[#   5]+0.161*[#   9]+0.161*[#  13]+0.023*[#   2]
          +0.023*[#   3]+0.023*[#   4]+0.023*[#   6]+0.023*[#   7]+0.023*[#   8]
          +0.023*[#  10]+0.023*[#  11]+0.023*[#  12]+0.023*[#  14]+0.023*[#  15]
          +0.023*[#  16]
    |psi|^2 = 0.919
==== e(   7) =     8.40438 eV ==== 
     psi = 0.078*[#   2]+0.078*[#   3]+0.078*[#   4]+0.078*[#   6]+0.078*[#   7]
          +0.078*[#   8]+0.078*[#  10]+0.078*[#  11]+0.078*[#  12]+0.078*[#  14]
          +0.078*[#  15]+0.078*[#  16]+0.002*[#   1]+0.002*[#   5]+0.002*[#   9]
          +0.002*[#  13]
    |psi|^2 = 0.944
==== e(   8) =     8.86855 eV ==== 
     psi = 0.105*[#   1]+0.105*[#   5]+0.105*[#   9]+0.105*[#  13]+0.040*[#   2]
          +0.040*[#   3]+0.040*[#   4]+0.040*[#   6]+0.040*[#   7]+0.040*[#   8]
          +0.040*[#  10]+0.040*[#  11]+0.040*[#  12]+0.040*[#  14]+0.040*[#  15]
          +0.040*[#  16]
    |psi|^2 = 0.904
==== e(   9) =    11.08804 eV ==== 
     psi = 0.078*[#   1]+0.078*[#   5]+0.078*[#   9]+0.078*[#  13]+0.053*[#   2]
          +0.053*[#   3]+0.053*[#   4]+0.053*[#   6]+0.053*[#   7]+0.053*[#   8]
          +0.053*[#  10]+0.053*[#  11]+0.053*[#  12]+0.053*[#  14]+0.053*[#  15]
          +0.053*[#  16]
    |psi|^2 = 0.947
==== e(  10) =    11.51660 eV ==== 
     psi = 0.066*[#   2]+0.066*[#   3]+0.066*[#   4]+0.066*[#   6]+0.066*[#   7]
          +0.066*[#   8]+0.066*[#  10]+0.066*[#  11]+0.066*[#  12]+0.066*[#  14]
          +0.066*[#  15]+0.066*[#  16]
    |psi|^2 = 0.790

 k =   0.0625000000  0.1250000000  0.3750000000
==== e(   1) =    -1.81499 eV ==== 
     psi = 0.103*[#   1]+0.103*[#   5]+0.103*[#   9]+0.103*[#  13]+0.049*[#   2]
          +0.049*[#   3]+0.049*[#   4]+0.049*[#   6]+0.049*[#   7]+0.049*[#   8]
          +0.049*[#  10]+0.049*[#  11]+0.049*[#  12]+0.049*[#  14]+0.049*[#  15]
          +0.049*[#  16]
    |psi|^2 = 0.999
==== e(   2) =     0.40124 eV ==== 
     psi = 0.077*[#   1]+0.077*[#   5]+0.077*[#   9]+0.077*[#  13]+0.058*[#   2]
          +0.058*[#   3]+0.058*[#   4]+0.058*[#   6]+0.058*[#   7]+0.058*[#   8]
          +0.058*[#  10]+0.058*[#  11]+0.058*[#  12]+0.058*[#  14]+0.058*[#  15]
          +0.058*[#  16]
    |psi|^2 = 0.998
==== e(   3) =     4.69176 eV ==== 
     psi = 0.065*[#   2]+0.065*[#   3]+0.065*[#   4]+0.065*[#   6]+0.065*[#   7]
          +0.065*[#   8]+0.065*[#  10]+0.065*[#  11]+0.065*[#  12]+0.065*[#  14]
          +0.065*[#  15]+0.065*[#  16]+0.054*[#   1]+0.054*[#   5]+0.054*[#   9]
          +0.054*[#  13]
    |psi|^2 = 0.990
==== e(   4) =     5.66643 eV ==== 
     psi = 0.072*[#   2]+0.072*[#   3]+0.072*[#   4]+0.072*[#   6]+0.072*[#   7]
          +0.072*[#   8]+0.072*[#  10]+0.072*[#  11]+0.072*[#  12]+0.072*[#  14]
          +0.072*[#  15]+0.072*[#  16]+0.030*[#   1]+0.030*[#   5]+0.030*[#   9]
          +0.030*[#  13]
    |psi|^2 = 0.987
==== e(   5) =     6.80311 eV ==== 
     psi = 0.070*[#   2]+0.070*[#   3]+0.070*[#   4]+0.070*[#   6]+0.070*[#   7]
          +0.070*[#   8]+0.070*[#  10]+0.070*[#  11]+0.070*[#  12]+0.070*[#  14]
          +0.070*[#  15]+0.070*[#  16]+0.033*[#   1]+0.033*[#   5]+0.033*[#   9]
          +0.033*[#  13]
    |psi|^2 = 0.979
==== e(   6) =     7.76606 eV ==== 
     psi = 0.074*[#   2]+0.074*[#   3]+0.074*[#   4]+0.074*[#   6]+0.074*[#   7]
          +0.074*[#   8]+0.074*[#  10]+0.074*[#  11]+0.074*[#  12]+0.074*[#  14]
          +0.074*[#  15]+0.074*[#  16]+0.020*[#   1]+0.020*[#   5]+0.020*[#   9]
          +0.020*[#  13]
    |psi|^2 = 0.967
==== e(   7) =     8.25295 eV ==== 
     psi = 0.121*[#   1]+0.121*[#   5]+0.121*[#   9]+0.121*[#  13]+0.037*[#   2]
          +0.037*[#   3]+0.037*[#   4]+0.037*[#   6]+0.037*[#   7]+0.037*[#   8]
          +0.037*[#  10]+0.037*[#  11]+0.037*[#  12]+0.037*[#  14]+0.037*[#  15]
          +0.037*[#  16]
    |psi|^2 = 0.924
==== e(   8) =     9.14930 eV ==== 
     psi = 0.059*[#   1]+0.059*[#   5]+0.059*[#   9]+0.059*[#  13]+0.056*[#   2]
          +0.056*[#   3]+0.056*[#   4]+0.056*[#   6]+0.056*[#   7]+0.056*[#   8]
          +0.056*[#  10]+0.056*[#  11]+0.056*[#  12]+0.056*[#  14]+0.056*[#  15]
          +0.056*[#  16]
    |psi|^2 = 0.905
==== e(   9) =    10.45956 eV ==== 
     psi = 0.112*[#   1]+0.112*[#   5]+0.112*[#   9]+0.112*[#  13]+0.043*[#   2]
          +0.043*[#   3]+0.043*[#   4]+0.043*[#   6]+0.043*[#   7]+0.043*[#   8]
          +0.043*[#  10]+0.043*[#  11]+0.043*[#  12]+0.043*[#  14]+0.043*[#  15]
          +0.043*[#  16]
    |psi|^2 = 0.964
==== e(  10) =    11.33790 eV ==== 
     psi = 0.060*[#   1]+0.060*[#   5]+0.060*[#   9]+0.060*[#  13]+0.057*[#   2]
          +0.057*[#   3]+0.057*[#   4]+0.057*[#   6]+0.057*[#   7]+0.057*[#   8]
          +0.057*[#  10]+0.057*[#  11]+0.057*[#  12]+0.057*[#  14]+0.057*[#  15]
          +0.057*[#  16]
    |psi|^2 = 0.927

 k =   0.0625000000  0.1250000000  0.4375000000
==== e(   1) =    -1.36179 eV ==== 
     psi = 0.092*[#   1]+0.092*[#   5]+0.092*[#   9]+0.092*[#  13]+0.052*[#   2]
          +0.052*[#   3]+0.052*[#   4]+0.052*[#   6]+0.052*[#   7]+0.052*[#   8]
          +0.052*[#  10]+0.052*[#  11]+0.052*[#  12]+0.052*[#  14]+0.052*[#  15]
          +0.052*[#  16]
    |psi|^2 = 0.999
==== e(   2) =    -0.25271 eV ==== 
     psi = 0.080*[#   1]+0.080*[#   5]+0.080*[#   9]+0.080*[#  13]+0.057*[#   2]
          +0.057*[#   3]+0.057*[#   4]+0.057*[#   6]+0.057*[#   7]+0.057*[#   8]
          +0.057*[#  10]+0.057*[#  11]+0.057*[#  12]+0.057*[#  14]+0.057*[#  15]
          +0.057*[#  16]
    |psi|^2 = 0.999
==== e(   3) =     5.12126 eV ==== 
     psi = 0.066*[#   2]+0.066*[#   3]+0.066*[#   4]+0.066*[#   6]+0.066*[#   7]
          +0.066*[#   8]+0.066*[#  10]+0.066*[#  11]+0.066*[#  12]+0.066*[#  14]
          +0.066*[#  15]+0.066*[#  16]+0.048*[#   1]+0.048*[#   5]+0.048*[#   9]
          +0.048*[#  13]
    |psi|^2 = 0.990
==== e(   4) =     6.03007 eV ==== 
     psi = 0.082*[#   2]+0.082*[#   3]+0.082*[#   4]+0.082*[#   6]+0.082*[#   7]
          +0.082*[#   8]+0.082*[#  10]+0.082*[#  11]+0.082*[#  12]+0.082*[#  14]
          +0.082*[#  15]+0.082*[#  16]+0.001*[#   1]+0.001*[#   5]+0.001*[#   9]
          +0.001*[#  13]
    |psi|^2 = 0.986
==== e(   5) =     6.25273 eV ==== 
     psi = 0.071*[#   1]+0.071*[#   5]+0.071*[#   9]+0.071*[#  13]+0.058*[#   2]
          +0.058*[#   3]+0.058*[#   4]+0.058*[#   6]+0.058*[#   7]+0.058*[#   8]
          +0.058*[#  10]+0.058*[#  11]+0.058*[#  12]+0.058*[#  14]+0.058*[#  15]
          +0.058*[#  16]
    |psi|^2 = 0.984
==== e(   6) =     7.15396 eV ==== 
     psi = 0.072*[#   2]+0.072*[#   3]+0.072*[#   4]+0.072*[#   6]+0.072*[#   7]
          +0.072*[#   8]+0.072*[#  10]+0.072*[#  11]+0.072*[#  12]+0.072*[#  14]
          +0.072*[#  15]+0.072*[#  16]+0.029*[#   1]+0.029*[#   5]+0.029*[#   9]
          +0.029*[#  13]
    |psi|^2 = 0.977
==== e(   7) =     8.65719 eV ==== 
     psi = 0.090*[#   1]+0.090*[#   5]+0.090*[#   9]+0.090*[#  13]+0.047*[#   2]
          +0.047*[#   3]+0.047*[#   4]+0.047*[#   6]+0.047*[#   7]+0.047*[#   8]
          +0.047*[#  10]+0.047*[#  11]+0.047*[#  12]+0.047*[#  14]+0.047*[#  15]
          +0.047*[#  16]
    |psi|^2 = 0.930
==== e(   8) =     9.37757 eV ==== 
     psi = 0.075*[#   2]+0.075*[#   3]+0.075*[#   4]+0.075*[#   6]+0.075*[#   7]
          +0.075*[#   8]+0.075*[#  10]+0.075*[#  11]+0.075*[#  12]+0.075*[#  14]
          +0.075*[#  15]+0.075*[#  16]+0.001*[#   1]+0.001*[#   5]+0.001*[#   9]
          +0.001*[#  13]
    |psi|^2 = 0.901
==== e(   9) =    10.03827 eV ==== 
     psi = 0.168*[#   1]+0.168*[#   5]+0.168*[#   9]+0.168*[#  13]+0.026*[#   2]
          +0.026*[#   3]+0.026*[#   4]+0.026*[#   6]+0.026*[#   7]+0.026*[#   8]
          +0.026*[#  10]+0.026*[#  11]+0.026*[#  12]+0.026*[#  14]+0.026*[#  15]
          +0.026*[#  16]
    |psi|^2 = 0.980
==== e(  10) =    10.74854 eV ==== 
     psi = 0.083*[#   1]+0.083*[#   5]+0.083*[#   9]+0.083*[#  13]+0.051*[#   2]
          +0.051*[#   3]+0.051*[#   4]+0.051*[#   6]+0.051*[#   7]+0.051*[#   8]
          +0.051*[#  10]+0.051*[#  11]+0.051*[#  12]+0.051*[#  14]+0.051*[#  15]
          +0.051*[#  16]
    |psi|^2 = 0.943

 k =   0.0625000000  0.1250000000 -0.5000000000
==== e(   1) =    -0.84076 eV ==== 
     psi = 0.170*[#   1]+0.106*[#   6]+0.106*[#   8]+0.106*[#  10]+0.106*[#  11]
          +0.106*[#  15]+0.106*[#  16]+0.057*[#   5]+0.057*[#   9]+0.057*[#  13]
          +0.007*[#   2]+0.007*[#   3]+0.007*[#   4]
    |psi|^2 = 0.999
==== e(   2) =    -0.84074 eV ==== 
     psi = 0.113*[#   5]+0.113*[#   9]+0.113*[#  13]+0.110*[#   7]+0.110*[#  12]
          +0.110*[#  14]+0.103*[#   2]+0.103*[#   3]+0.103*[#   4]+0.004*[#   6]
          +0.004*[#   8]+0.004*[#  10]+0.004*[#  11]+0.004*[#  15]+0.004*[#  16]
          
    |psi|^2 = 0.999
==== e(   3) =     5.61108 eV ==== 
     psi = 0.105*[#   2]+0.105*[#   3]+0.105*[#   4]+0.086*[#   6]+0.086*[#   8]
          +0.086*[#  10]+0.086*[#  11]+0.086*[#  15]+0.086*[#  16]+0.077*[#   1]
          +0.026*[#   5]+0.026*[#   9]+0.026*[#  13]
    |psi|^2 = 0.988
==== e(   4) =     5.61110 eV ==== 
     psi = 0.139*[#   7]+0.139*[#  12]+0.139*[#  14]+0.052*[#   6]+0.052*[#   8]
          +0.052*[#  10]+0.052*[#  11]+0.052*[#  15]+0.052*[#  16]+0.052*[#   5]
          +0.052*[#   9]+0.052*[#  13]+0.034*[#   2]+0.034*[#   3]+0.034*[#   4]
          
    |psi|^2 = 0.988
==== e(   5) =     6.60521 eV ==== 
     psi = 0.125*[#   2]+0.125*[#   3]+0.125*[#   4]+0.076*[#   6]+0.076*[#   8]
          +0.076*[#  10]+0.076*[#  11]+0.076*[#  15]+0.076*[#  16]+0.075*[#   1]
          +0.025*[#   5]+0.025*[#   9]+0.025*[#  13]
    |psi|^2 = 0.983
==== e(   6) =     6.60524 eV ==== 
     psi = 0.139*[#   7]+0.139*[#  12]+0.139*[#  14]+0.063*[#   6]+0.063*[#   8]
          +0.063*[#  10]+0.063*[#  11]+0.063*[#  15]+0.063*[#  16]+0.050*[#   5]
          +0.050*[#   9]+0.050*[#  13]+0.013*[#   2]+0.013*[#   3]+0.013*[#   4]
          
    |psi|^2 = 0.983
==== e(   7) =     9.10016 eV ==== 
     psi = 0.102*[#   6]+0.102*[#   8]+0.102*[#  10]+0.102*[#  11]+0.102*[#  15]
          +0.102*[#  16]+0.099*[#   1]+0.037*[#   2]+0.037*[#   3]+0.037*[#   4]
          +0.033*[#   5]+0.033*[#   9]+0.033*[#  13]
    |psi|^2 = 0.925
==== e(   8) =     9.10018 eV ==== 
     psi = 0.121*[#   7]+0.121*[#  12]+0.121*[#  14]+0.084*[#   2]+0.084*[#   3]
          +0.084*[#   4]+0.066*[#   5]+0.066*[#   9]+0.066*[#  13]+0.019*[#   6]
          +0.019*[#   8]+0.019*[#  10]+0.019*[#  11]+0.019*[#  15]+0.019*[#  16]
          
    |psi|^2 = 0.925
==== e(   9) =    10.24823 eV ==== 
     psi = 0.240*[#   1]+0.080*[#   5]+0.080*[#   9]+0.080*[#  13]+0.058*[#   2]
          +0.058*[#   3]+0.058*[#   4]+0.051*[#   6]+0.051*[#   8]+0.051*[#  10]
          +0.051*[#  11]+0.051*[#  15]+0.051*[#  16]
    |psi|^2 = 0.958
==== e(  10) =    10.24826 eV ==== 
     psi = 0.160*[#   5]+0.160*[#   9]+0.160*[#  13]+0.080*[#   7]+0.080*[#  12]
          +0.080*[#  14]+0.029*[#   6]+0.029*[#   8]+0.029*[#  10]+0.029*[#  11]
          +0.029*[#  15]+0.029*[#  16]+0.021*[#   2]+0.021*[#   3]+0.021*[#   4]
          
    |psi|^2 = 0.958

 k =   0.0625000000  0.1875000000  0.1875000000
==== e(   1) =    -2.58532 eV ==== 
     psi = 0.142*[#   1]+0.142*[#   5]+0.142*[#   9]+0.142*[#  13]+0.036*[#   2]
          +0.036*[#   3]+0.036*[#   4]+0.036*[#   6]+0.036*[#   7]+0.036*[#   8]
          +0.036*[#  10]+0.036*[#  11]+0.036*[#  12]+0.036*[#  14]+0.036*[#  15]
          +0.036*[#  16]
    |psi|^2 = 0.999
==== e(   2) =     2.90781 eV ==== 
     psi = 0.142*[#   1]+0.087*[#   7]+0.087*[#  12]+0.087*[#  14]+0.059*[#   6]
          +0.059*[#   8]+0.059*[#  10]+0.059*[#  11]+0.059*[#  15]+0.059*[#  16]
          +0.047*[#   5]+0.047*[#   9]+0.047*[#  13]+0.032*[#   2]+0.032*[#   3]
          +0.032*[#   4]
    |psi|^2 = 0.992
==== e(   3) =     2.90781 eV ==== 
     psi = 0.095*[#   5]+0.095*[#   9]+0.095*[#  13]+0.086*[#   2]+0.086*[#   3]
          +0.086*[#   4]+0.059*[#   6]+0.059*[#   8]+0.059*[#  10]+0.059*[#  11]
          +0.059*[#  15]+0.059*[#  16]+0.031*[#   7]+0.031*[#  12]+0.031*[#  14]
          
    |psi|^2 = 0.992
==== e(   4) =     4.94858 eV ==== 
     psi = 0.069*[#   2]+0.069*[#   3]+0.069*[#   4]+0.069*[#   6]+0.069*[#   7]
          +0.069*[#   8]+0.069*[#  10]+0.069*[#  11]+0.069*[#  12]+0.069*[#  14]
          +0.069*[#  15]+0.069*[#  16]+0.041*[#   1]+0.041*[#   5]+0.041*[#   9]
          +0.041*[#  13]
    |psi|^2 = 0.987
==== e(   5) =     7.43285 eV ==== 
     psi = 0.092*[#   1]+0.092*[#   5]+0.092*[#   9]+0.092*[#  13]+0.045*[#   2]
          +0.045*[#   3]+0.045*[#   4]+0.045*[#   6]+0.045*[#   7]+0.045*[#   8]
          +0.045*[#  10]+0.045*[#  11]+0.045*[#  12]+0.045*[#  14]+0.045*[#  15]
          +0.045*[#  16]
    |psi|^2 = 0.905
==== e(   6) =     8.28438 eV ==== 
     psi = 0.090*[#   1]+0.090*[#   5]+0.090*[#   9]+0.090*[#  13]+0.048*[#   2]
          +0.048*[#   3]+0.048*[#   4]+0.048*[#   6]+0.048*[#   7]+0.048*[#   8]
          +0.048*[#  10]+0.048*[#  11]+0.048*[#  12]+0.048*[#  14]+0.048*[#  15]
          +0.048*[#  16]
    |psi|^2 = 0.939
==== e(   7) =     9.44689 eV ==== 
     psi = 0.166*[#   1]+0.082*[#   2]+0.082*[#   3]+0.082*[#   4]+0.055*[#   5]
          +0.055*[#   9]+0.055*[#  13]+0.038*[#   6]+0.038*[#   8]+0.038*[#  10]
          +0.038*[#  11]+0.038*[#  15]+0.038*[#  16]+0.008*[#   7]+0.008*[#  12]
          +0.008*[#  14]
    |psi|^2 = 0.828
==== e(   8) =     9.44690 eV ==== 
     psi = 0.110*[#   5]+0.110*[#   9]+0.110*[#  13]+0.074*[#   7]+0.074*[#  12]
          +0.074*[#  14]+0.045*[#   6]+0.045*[#   8]+0.045*[#  10]+0.045*[#  11]
          +0.045*[#  15]+0.045*[#  16]+0.001*[#   2]+0.001*[#   3]+0.001*[#   4]
          
    |psi|^2 = 0.828
==== e(   9) =    10.21588 eV ==== 
     psi = 0.115*[#   7]+0.115*[#  12]+0.115*[#  14]+0.100*[#   2]+0.100*[#   3]
          +0.100*[#   4]+0.079*[#   1]+0.026*[#   5]+0.026*[#   9]+0.026*[#  13]
          +0.012*[#   6]+0.012*[#   8]+0.012*[#  10]+0.012*[#  11]+0.012*[#  15]
          +0.012*[#  16]
    |psi|^2 = 0.872
==== e(  10) =    10.21588 eV ==== 
     psi = 0.107*[#   6]+0.107*[#   8]+0.107*[#  10]+0.107*[#  11]+0.107*[#  15]
          +0.107*[#  16]+0.053*[#   5]+0.053*[#   9]+0.053*[#  13]+0.019*[#   2]
          +0.019*[#   3]+0.019*[#   4]+0.005*[#   7]+0.005*[#  12]+0.005*[#  14]
          
    |psi|^2 = 0.872

 k =   0.0625000000  0.1875000000  0.2500000000
==== e(   1) =    -2.33976 eV ==== 
     psi = 0.126*[#   1]+0.126*[#   5]+0.126*[#   9]+0.126*[#  13]+0.041*[#   2]
          +0.041*[#   3]+0.041*[#   4]+0.041*[#   6]+0.041*[#   7]+0.041*[#   8]
          +0.041*[#  10]+0.041*[#  11]+0.041*[#  12]+0.041*[#  14]+0.041*[#  15]
          +0.041*[#  16]
    |psi|^2 = 0.999
==== e(   2) =     2.07014 eV ==== 
     psi = 0.074*[#   1]+0.074*[#   5]+0.074*[#   9]+0.074*[#  13]+0.058*[#   2]
          +0.058*[#   3]+0.058*[#   4]+0.058*[#   6]+0.058*[#   7]+0.058*[#   8]
          +0.058*[#  10]+0.058*[#  11]+0.058*[#  12]+0.058*[#  14]+0.058*[#  15]
          +0.058*[#  16]
    |psi|^2 = 0.995
==== e(   3) =     3.14356 eV ==== 
     psi = 0.069*[#   1]+0.069*[#   5]+0.069*[#   9]+0.069*[#  13]+0.060*[#   2]
          +0.060*[#   3]+0.060*[#   4]+0.060*[#   6]+0.060*[#   7]+0.060*[#   8]
          +0.060*[#  10]+0.060*[#  11]+0.060*[#  12]+0.060*[#  14]+0.060*[#  15]
          +0.060*[#  16]
    |psi|^2 = 0.993
==== e(   4) =     5.17771 eV ==== 
     psi = 0.069*[#   2]+0.069*[#   3]+0.069*[#   4]+0.069*[#   6]+0.069*[#   7]
          +0.069*[#   8]+0.069*[#  10]+0.069*[#  11]+0.069*[#  12]+0.069*[#  14]
          +0.069*[#  15]+0.069*[#  16]+0.038*[#   1]+0.038*[#   5]+0.038*[#   9]
          +0.038*[#  13]
    |psi|^2 = 0.987
==== e(   5) =     7.29901 eV ==== 
     psi = 0.080*[#   2]+0.080*[#   3]+0.080*[#   4]+0.080*[#   6]+0.080*[#   7]
          +0.080*[#   8]+0.080*[#  10]+0.080*[#  11]+0.080*[#  12]+0.080*[#  14]
          +0.080*[#  15]+0.080*[#  16]+0.001*[#   1]+0.001*[#   5]+0.001*[#   9]
          +0.001*[#  13]
    |psi|^2 = 0.964
==== e(   6) =     7.84734 eV ==== 
     psi = 0.182*[#   1]+0.182*[#   5]+0.182*[#   9]+0.182*[#  13]+0.015*[#   2]
          +0.015*[#   3]+0.015*[#   4]+0.015*[#   6]+0.015*[#   7]+0.015*[#   8]
          +0.015*[#  10]+0.015*[#  11]+0.015*[#  12]+0.015*[#  14]+0.015*[#  15]
          +0.015*[#  16]
    |psi|^2 = 0.903
==== e(   7) =     9.31652 eV ==== 
     psi = 0.076*[#   2]+0.076*[#   3]+0.076*[#   4]+0.076*[#   6]+0.076*[#   7]
          +0.076*[#   8]+0.076*[#  10]+0.076*[#  11]+0.076*[#  12]+0.076*[#  14]
          +0.076*[#  15]+0.076*[#  16]
    |psi|^2 = 0.911
==== e(   8) =     9.75982 eV ==== 
     psi = 0.106*[#   1]+0.106*[#   5]+0.106*[#   9]+0.106*[#  13]+0.036*[#   2]
          +0.036*[#   3]+0.036*[#   4]+0.036*[#   6]+0.036*[#   7]+0.036*[#   8]
          +0.036*[#  10]+0.036*[#  11]+0.036*[#  12]+0.036*[#  14]+0.036*[#  15]
          +0.036*[#  16]
    |psi|^2 = 0.853
==== e(   9) =    10.35635 eV ==== 
     psi = 0.072*[#   2]+0.072*[#   3]+0.072*[#   4]+0.072*[#   6]+0.072*[#   7]
          +0.072*[#   8]+0.072*[#  10]+0.072*[#  11]+0.072*[#  12]+0.072*[#  14]
          +0.072*[#  15]+0.072*[#  16]
    |psi|^2 = 0.861
==== e(  10) =    10.79173 eV ==== 
     psi = 0.108*[#   1]+0.108*[#   5]+0.108*[#   9]+0.108*[#  13]+0.029*[#   2]
          +0.029*[#   3]+0.029*[#   4]+0.029*[#   6]+0.029*[#   7]+0.029*[#   8]
          +0.029*[#  10]+0.029*[#  11]+0.029*[#  12]+0.029*[#  14]+0.029*[#  15]
          +0.029*[#  16]
    |psi|^2 = 0.779

 k =   0.0625000000  0.1875000000  0.3125000000
==== e(   1) =    -2.02467 eV ==== 
     psi = 0.112*[#   1]+0.112*[#   5]+0.112*[#   9]+0.112*[#  13]+0.046*[#   2]
          +0.046*[#   3]+0.046*[#   4]+0.046*[#   6]+0.046*[#   7]+0.046*[#   8]
          +0.046*[#  10]+0.046*[#  11]+0.046*[#  12]+0.046*[#  14]+0.046*[#  15]
          +0.046*[#  16]
    |psi|^2 = 0.999
==== e(   2) =     1.29051 eV ==== 
     psi = 0.075*[#   1]+0.075*[#   5]+0.075*[#   9]+0.075*[#  13]+0.058*[#   2]
          +0.058*[#   3]+0.058*[#   4]+0.058*[#   6]+0.058*[#   7]+0.058*[#   8]
          +0.058*[#  10]+0.058*[#  11]+0.058*[#  12]+0.058*[#  14]+0.058*[#  15]
          +0.058*[#  16]
    |psi|^2 = 0.997
==== e(   3) =     3.44607 eV ==== 
     psi = 0.067*[#   1]+0.067*[#   5]+0.067*[#   9]+0.067*[#  13]+0.061*[#   2]
          +0.061*[#   3]+0.061*[#   4]+0.061*[#   6]+0.061*[#   7]+0.061*[#   8]
          +0.061*[#  10]+0.061*[#  11]+0.061*[#  12]+0.061*[#  14]+0.061*[#  15]
          +0.061*[#  16]
    |psi|^2 = 0.993
==== e(   4) =     5.46938 eV ==== 
     psi = 0.071*[#   2]+0.071*[#   3]+0.071*[#   4]+0.071*[#   6]+0.071*[#   7]
          +0.071*[#   8]+0.071*[#  10]+0.071*[#  11]+0.071*[#  12]+0.071*[#  14]
          +0.071*[#  15]+0.071*[#  16]+0.033*[#   1]+0.033*[#   5]+0.033*[#   9]
          +0.033*[#  13]
    |psi|^2 = 0.986
==== e(   5) =     6.63020 eV ==== 
     psi = 0.069*[#   2]+0.069*[#   3]+0.069*[#   4]+0.069*[#   6]+0.069*[#   7]
          +0.069*[#   8]+0.069*[#  10]+0.069*[#  11]+0.069*[#  12]+0.069*[#  14]
          +0.069*[#  15]+0.069*[#  16]+0.037*[#   1]+0.037*[#   5]+0.037*[#   9]
          +0.037*[#  13]
    |psi|^2 = 0.979
==== e(   6) =     8.06881 eV ==== 
     psi = 0.145*[#   1]+0.145*[#   5]+0.145*[#   9]+0.145*[#  13]+0.027*[#   2]
          +0.027*[#   3]+0.027*[#   4]+0.027*[#   6]+0.027*[#   7]+0.027*[#   8]
          +0.027*[#  10]+0.027*[#  11]+0.027*[#  12]+0.027*[#  14]+0.027*[#  15]
          +0.027*[#  16]
    |psi|^2 = 0.906
==== e(   7) =     8.61449 eV ==== 
     psi = 0.073*[#   2]+0.073*[#   3]+0.073*[#   4]+0.073*[#   6]+0.073*[#   7]
          +0.073*[#   8]+0.073*[#  10]+0.073*[#  11]+0.073*[#  12]+0.073*[#  14]
          +0.073*[#  15]+0.073*[#  16]+0.018*[#   1]+0.018*[#   5]+0.018*[#   9]
          +0.018*[#  13]
    |psi|^2 = 0.947
==== e(   8) =     9.97806 eV ==== 
     psi = 0.063*[#   1]+0.063*[#   5]+0.063*[#   9]+0.063*[#  13]+0.051*[#   2]
          +0.051*[#   3]+0.051*[#   4]+0.051*[#   6]+0.051*[#   7]+0.051*[#   8]
          +0.051*[#  10]+0.051*[#  11]+0.051*[#  12]+0.051*[#  14]+0.051*[#  15]
          +0.051*[#  16]
    |psi|^2 = 0.858
==== e(   9) =    10.69046 eV ==== 
     psi = 0.067*[#   2]+0.067*[#   3]+0.067*[#   4]+0.067*[#   6]+0.067*[#   7]
          +0.067*[#   8]+0.067*[#  10]+0.067*[#  11]+0.067*[#  12]+0.067*[#  14]
          +0.067*[#  15]+0.067*[#  16]+0.015*[#   1]+0.015*[#   5]+0.015*[#   9]
          +0.015*[#  13]
    |psi|^2 = 0.867
==== e(  10) =    11.27752 eV ==== 
     psi = 0.095*[#   1]+0.095*[#   5]+0.095*[#   9]+0.095*[#  13]+0.048*[#   2]
          +0.048*[#   3]+0.048*[#   4]+0.048*[#   6]+0.048*[#   7]+0.048*[#   8]
          +0.048*[#  10]+0.048*[#  11]+0.048*[#  12]+0.048*[#  14]+0.048*[#  15]
          +0.048*[#  16]
    |psi|^2 = 0.956

 k =   0.0625000000  0.1875000000  0.3750000000
==== e(   1) =    -1.64051 eV ==== 
     psi = 0.100*[#   1]+0.100*[#   5]+0.100*[#   9]+0.100*[#  13]+0.050*[#   2]
          +0.050*[#   3]+0.050*[#   4]+0.050*[#   6]+0.050*[#   7]+0.050*[#   8]
          +0.050*[#  10]+0.050*[#  11]+0.050*[#  12]+0.050*[#  14]+0.050*[#  15]
          +0.050*[#  16]
    |psi|^2 = 0.999
==== e(   2) =     0.57302 eV ==== 
     psi = 0.077*[#   1]+0.077*[#   5]+0.077*[#   9]+0.077*[#  13]+0.058*[#   2]
          +0.058*[#   3]+0.058*[#   4]+0.058*[#   6]+0.058*[#   7]+0.058*[#   8]
          +0.058*[#  10]+0.058*[#  11]+0.058*[#  12]+0.058*[#  14]+0.058*[#  15]
          +0.058*[#  16]
    |psi|^2 = 0.998
==== e(   3) =     3.81482 eV ==== 
     psi = 0.064*[#   1]+0.064*[#   5]+0.064*[#   9]+0.064*[#  13]+0.062*[#   2]
          +0.062*[#   3]+0.062*[#   4]+0.062*[#   6]+0.062*[#   7]+0.062*[#   8]
          +0.062*[#  10]+0.062*[#  11]+0.062*[#  12]+0.062*[#  14]+0.062*[#  15]
          +0.062*[#  16]
    |psi|^2 = 0.993
==== e(   4) =     5.77222 eV ==== 
     psi = 0.082*[#   2]+0.082*[#   3]+0.082*[#   4]+0.082*[#   6]+0.082*[#   7]
          +0.082*[#   8]+0.082*[#  10]+0.082*[#  11]+0.082*[#  12]+0.082*[#  14]
          +0.082*[#  15]+0.082*[#  16]+0.002*[#   1]+0.002*[#   5]+0.002*[#   9]
          +0.002*[#  13]
    |psi|^2 = 0.988
==== e(   5) =     6.01093 eV ==== 
     psi = 0.080*[#   1]+0.080*[#   5]+0.080*[#   9]+0.080*[#  13]+0.055*[#   2]
          +0.055*[#   3]+0.055*[#   4]+0.055*[#   6]+0.055*[#   7]+0.055*[#   8]
          +0.055*[#  10]+0.055*[#  11]+0.055*[#  12]+0.055*[#  14]+0.055*[#  15]
          +0.055*[#  16]
    |psi|^2 = 0.983
==== e(   6) =     7.93750 eV ==== 
     psi = 0.072*[#   2]+0.072*[#   3]+0.072*[#   4]+0.072*[#   6]+0.072*[#   7]
          +0.072*[#   8]+0.072*[#  10]+0.072*[#  11]+0.072*[#  12]+0.072*[#  14]
          +0.072*[#  15]+0.072*[#  16]+0.026*[#   1]+0.026*[#   5]+0.026*[#   9]
          +0.026*[#  13]
    |psi|^2 = 0.965
==== e(   7) =     8.41884 eV ==== 
     psi = 0.122*[#   1]+0.122*[#   5]+0.122*[#   9]+0.122*[#  13]+0.036*[#   2]
          +0.036*[#   3]+0.036*[#   4]+0.036*[#   6]+0.036*[#   7]+0.036*[#   8]
          +0.036*[#  10]+0.036*[#  11]+0.036*[#  12]+0.036*[#  14]+0.036*[#  15]
          +0.036*[#  16]
    |psi|^2 = 0.916
==== e(   8) =    10.15655 eV ==== 
     psi = 0.071*[#   2]+0.071*[#   3]+0.071*[#   4]+0.071*[#   6]+0.071*[#   7]
          +0.071*[#   8]+0.071*[#  10]+0.071*[#  11]+0.071*[#  12]+0.071*[#  14]
          +0.071*[#  15]+0.071*[#  16]+0.003*[#   1]+0.003*[#   5]+0.003*[#   9]
          +0.003*[#  13]
    |psi|^2 = 0.865
==== e(   9) =    10.78688 eV ==== 
     psi = 0.152*[#   1]+0.152*[#   5]+0.152*[#   9]+0.152*[#  13]+0.031*[#   2]
          +0.031*[#   3]+0.031*[#   4]+0.031*[#   6]+0.031*[#   7]+0.031*[#   8]
          +0.031*[#  10]+0.031*[#  11]+0.031*[#  12]+0.031*[#  14]+0.031*[#  15]
          +0.031*[#  16]
    |psi|^2 = 0.975
==== e(  10) =    11.05441 eV ==== 
     psi = 0.065*[#   2]+0.065*[#   3]+0.065*[#   4]+0.065*[#   6]+0.065*[#   7]
          +0.065*[#   8]+0.065*[#  10]+0.065*[#  11]+0.065*[#  12]+0.065*[#  14]
          +0.065*[#  15]+0.065*[#  16]+0.021*[#   1]+0.021*[#   5]+0.021*[#   9]
          +0.021*[#  13]
    |psi|^2 = 0.862

 k =   0.0625000000  0.1875000000  0.4375000000
==== e(   1) =    -1.18787 eV ==== 
     psi = 0.091*[#   1]+0.091*[#   5]+0.091*[#   9]+0.091*[#  13]+0.053*[#   2]
          +0.053*[#   3]+0.053*[#   4]+0.053*[#   6]+0.053*[#   7]+0.053*[#   8]
          +0.053*[#  10]+0.053*[#  11]+0.053*[#  12]+0.053*[#  14]+0.053*[#  15]
          +0.053*[#  16]
    |psi|^2 = 0.999
==== e(   2) =    -0.08013 eV ==== 
     psi = 0.079*[#   1]+0.079*[#   5]+0.079*[#   9]+0.079*[#  13]+0.057*[#   2]
          +0.057*[#   3]+0.057*[#   4]+0.057*[#   6]+0.057*[#   7]+0.057*[#   8]
          +0.057*[#  10]+0.057*[#  11]+0.057*[#  12]+0.057*[#  14]+0.057*[#  15]
          +0.057*[#  16]
    |psi|^2 = 0.998
==== e(   3) =     4.24901 eV ==== 
     psi = 0.063*[#   2]+0.063*[#   3]+0.063*[#   4]+0.063*[#   6]+0.063*[#   7]
          +0.063*[#   8]+0.063*[#  10]+0.063*[#  11]+0.063*[#  12]+0.063*[#  14]
          +0.063*[#  15]+0.063*[#  16]+0.060*[#   1]+0.060*[#   5]+0.060*[#   9]
          +0.060*[#  13]
    |psi|^2 = 0.993
==== e(   4) =     5.30465 eV ==== 
     psi = 0.068*[#   2]+0.068*[#   3]+0.068*[#   4]+0.068*[#   6]+0.068*[#   7]
          +0.068*[#   8]+0.068*[#  10]+0.068*[#  11]+0.068*[#  12]+0.068*[#  14]
          +0.068*[#  15]+0.068*[#  16]+0.044*[#   1]+0.044*[#   5]+0.044*[#   9]
          +0.044*[#  13]
    |psi|^2 = 0.989
==== e(   5) =     6.28062 eV ==== 
     psi = 0.067*[#   2]+0.067*[#   3]+0.067*[#   4]+0.067*[#   6]+0.067*[#   7]
          +0.067*[#   8]+0.067*[#  10]+0.067*[#  11]+0.067*[#  12]+0.067*[#  14]
          +0.067*[#  15]+0.067*[#  16]+0.045*[#   1]+0.045*[#   5]+0.045*[#   9]
          +0.045*[#  13]
    |psi|^2 = 0.983
==== e(   6) =     7.31985 eV ==== 
     psi = 0.071*[#   2]+0.071*[#   3]+0.071*[#   4]+0.071*[#   6]+0.071*[#   7]
          +0.071*[#   8]+0.071*[#  10]+0.071*[#  11]+0.071*[#  12]+0.071*[#  14]
          +0.071*[#  15]+0.071*[#  16]+0.031*[#   1]+0.031*[#   5]+0.031*[#   9]
          +0.031*[#  13]
    |psi|^2 = 0.975
==== e(   7) =     8.83900 eV ==== 
     psi = 0.102*[#   1]+0.102*[#   5]+0.102*[#   9]+0.102*[#  13]+0.043*[#   2]
          +0.043*[#   3]+0.043*[#   4]+0.043*[#   6]+0.043*[#   7]+0.043*[#   8]
          +0.043*[#  10]+0.043*[#  11]+0.043*[#  12]+0.043*[#  14]+0.043*[#  15]
          +0.043*[#  16]
    |psi|^2 = 0.924
==== e(   8) =     9.82510 eV ==== 
     psi = 0.062*[#   2]+0.062*[#   3]+0.062*[#   4]+0.062*[#   6]+0.062*[#   7]
          +0.062*[#   8]+0.062*[#  10]+0.062*[#  11]+0.062*[#  12]+0.062*[#  14]
          +0.062*[#  15]+0.062*[#  16]+0.042*[#   1]+0.042*[#   5]+0.042*[#   9]
          +0.042*[#  13]
    |psi|^2 = 0.914
==== e(   9) =    10.92570 eV ==== 
     psi = 0.112*[#   1]+0.112*[#   5]+0.112*[#   9]+0.112*[#  13]+0.041*[#   2]
          +0.041*[#   3]+0.041*[#   4]+0.041*[#   6]+0.041*[#   7]+0.041*[#   8]
          +0.041*[#  10]+0.041*[#  11]+0.041*[#  12]+0.041*[#  14]+0.041*[#  15]
          +0.041*[#  16]
    |psi|^2 = 0.938
==== e(  10) =    11.47859 eV ==== 
     psi = 0.063*[#   2]+0.063*[#   3]+0.063*[#   4]+0.063*[#   6]+0.063*[#   7]
          +0.063*[#   8]+0.063*[#  10]+0.063*[#  11]+0.063*[#  12]+0.063*[#  14]
          +0.063*[#  15]+0.063*[#  16]+0.025*[#   1]+0.025*[#   5]+0.025*[#   9]
          +0.025*[#  13]
    |psi|^2 = 0.853

 k =   0.0625000000  0.1875000000 -0.5000000000
==== e(   1) =    -0.66747 eV ==== 
     psi = 0.168*[#   1]+0.104*[#   6]+0.104*[#   8]+0.104*[#  10]+0.104*[#  11]
          +0.104*[#  15]+0.104*[#  16]+0.056*[#   5]+0.056*[#   9]+0.056*[#  13]
          +0.014*[#   2]+0.014*[#   3]+0.014*[#   4]
    |psi|^2 = 0.999
==== e(   2) =    -0.66745 eV ==== 
     psi = 0.112*[#   5]+0.112*[#   9]+0.112*[#  13]+0.110*[#   7]+0.110*[#  12]
          +0.110*[#  14]+0.097*[#   2]+0.097*[#   3]+0.097*[#   4]+0.007*[#   6]
          +0.007*[#   8]+0.007*[#  10]+0.007*[#  11]+0.007*[#  15]+0.007*[#  16]
          
    |psi|^2 = 0.999
==== e(   3) =     4.74716 eV ==== 
     psi = 0.108*[#   1]+0.094*[#   2]+0.094*[#   3]+0.094*[#   4]+0.082*[#   6]
          +0.082*[#   8]+0.082*[#  10]+0.082*[#  11]+0.082*[#  15]+0.082*[#  16]
          +0.036*[#   5]+0.036*[#   9]+0.036*[#  13]
    |psi|^2 = 0.991
==== e(   4) =     4.74718 eV ==== 
     psi = 0.129*[#   7]+0.129*[#  12]+0.129*[#  14]+0.072*[#   5]+0.072*[#   9]
          +0.072*[#  13]+0.047*[#   6]+0.047*[#   8]+0.047*[#  10]+0.047*[#  11]
          +0.047*[#  15]+0.047*[#  16]+0.035*[#   2]+0.035*[#   3]+0.035*[#   4]
          
    |psi|^2 = 0.991
==== e(   5) =     6.76601 eV ==== 
     psi = 0.125*[#   2]+0.125*[#   3]+0.125*[#   4]+0.076*[#   6]+0.076*[#   8]
          +0.076*[#  10]+0.076*[#  11]+0.076*[#  15]+0.076*[#  16]+0.073*[#   1]
          +0.024*[#   5]+0.024*[#   9]+0.024*[#  13]
    |psi|^2 = 0.981
==== e(   6) =     6.76603 eV ==== 
     psi = 0.139*[#   7]+0.139*[#  12]+0.139*[#  14]+0.063*[#   6]+0.063*[#   8]
          +0.063*[#  10]+0.063*[#  11]+0.063*[#  15]+0.063*[#  16]+0.049*[#   5]
          +0.049*[#   9]+0.049*[#  13]+0.014*[#   2]+0.014*[#   3]+0.014*[#   4]
          
    |psi|^2 = 0.981
==== e(   7) =     9.31663 eV ==== 
     psi = 0.157*[#   1]+0.084*[#   6]+0.084*[#   8]+0.084*[#  10]+0.084*[#  11]
          +0.084*[#  15]+0.084*[#  16]+0.052*[#   5]+0.052*[#   9]+0.052*[#  13]
          +0.036*[#   2]+0.036*[#   3]+0.036*[#   4]
    |psi|^2 = 0.926
==== e(   8) =     9.31665 eV ==== 
     psi = 0.104*[#   5]+0.104*[#   9]+0.104*[#  13]+0.102*[#   7]+0.102*[#  12]
          +0.102*[#  14]+0.066*[#   2]+0.066*[#   3]+0.066*[#   4]+0.018*[#   6]
          +0.018*[#   8]+0.018*[#  10]+0.018*[#  11]+0.018*[#  15]+0.018*[#  16]
          
    |psi|^2 = 0.926
==== e(   9) =    11.36160 eV ==== 
     psi = 0.153*[#   1]+0.069*[#   6]+0.069*[#   8]+0.069*[#  10]+0.069*[#  11]
          +0.069*[#  15]+0.069*[#  16]+0.068*[#   2]+0.068*[#   3]+0.068*[#   4]
          +0.051*[#   5]+0.051*[#   9]+0.051*[#  13]
    |psi|^2 = 0.924
==== e(  10) =    11.36162 eV ==== 
     psi = 0.103*[#   7]+0.103*[#  12]+0.103*[#  14]+0.102*[#   5]+0.102*[#   9]
          +0.102*[#  13]+0.035*[#   2]+0.035*[#   3]+0.035*[#   4]+0.034*[#   6]
          +0.034*[#   8]+0.034*[#  10]+0.034*[#  11]+0.034*[#  15]+0.034*[#  16]
          
    |psi|^2 = 0.924

 k =   0.0625000000  0.2500000000  0.2500000000
==== e(   1) =    -2.09463 eV ==== 
     psi = 0.115*[#   1]+0.115*[#   5]+0.115*[#   9]+0.115*[#  13]+0.045*[#   2]
          +0.045*[#   3]+0.045*[#   4]+0.045*[#   6]+0.045*[#   7]+0.045*[#   8]
          +0.045*[#  10]+0.045*[#  11]+0.045*[#  12]+0.045*[#  14]+0.045*[#  15]
          +0.045*[#  16]
    |psi|^2 = 0.999
==== e(   2) =     2.30760 eV ==== 
     psi = 0.145*[#   1]+0.095*[#   7]+0.095*[#  12]+0.095*[#  14]+0.058*[#   6]
          +0.058*[#   8]+0.058*[#  10]+0.058*[#  11]+0.058*[#  15]+0.058*[#  16]
          +0.048*[#   5]+0.048*[#   9]+0.048*[#  13]+0.023*[#   2]+0.023*[#   3]
          +0.023*[#   4]
    |psi|^2 = 0.995
==== e(   3) =     2.30760 eV ==== 
     psi = 0.097*[#   5]+0.097*[#   9]+0.097*[#  13]+0.094*[#   2]+0.094*[#   3]
          +0.094*[#   4]+0.059*[#   6]+0.059*[#   8]+0.059*[#  10]+0.059*[#  11]
          +0.059*[#  15]+0.059*[#  16]+0.023*[#   7]+0.023*[#  12]+0.023*[#  14]
          
    |psi|^2 = 0.995
==== e(   4) =     5.40367 eV ==== 
     psi = 0.071*[#   2]+0.071*[#   3]+0.071*[#   4]+0.071*[#   6]+0.071*[#   7]
          +0.071*[#   8]+0.071*[#  10]+0.071*[#  11]+0.071*[#  12]+0.071*[#  14]
          +0.071*[#  15]+0.071*[#  16]+0.034*[#   1]+0.034*[#   5]+0.034*[#   9]
          +0.034*[#  13]
    |psi|^2 = 0.986
==== e(   5) =     6.57039 eV ==== 
     psi = 0.069*[#   2]+0.069*[#   3]+0.069*[#   4]+0.069*[#   6]+0.069*[#   7]
          +0.069*[#   8]+0.069*[#  10]+0.069*[#  11]+0.069*[#  12]+0.069*[#  14]
          +0.069*[#  15]+0.069*[#  16]+0.039*[#   1]+0.039*[#   5]+0.039*[#   9]
          +0.039*[#  13]
    |psi|^2 = 0.979
==== e(   6) =     8.00539 eV ==== 
     psi = 0.154*[#   1]+0.154*[#   5]+0.154*[#   9]+0.154*[#  13]+0.024*[#   2]
          +0.024*[#   3]+0.024*[#   4]+0.024*[#   6]+0.024*[#   7]+0.024*[#   8]
          +0.024*[#  10]+0.024*[#  11]+0.024*[#  12]+0.024*[#  14]+0.024*[#  15]
          +0.024*[#  16]
    |psi|^2 = 0.897
==== e(   7) =     9.59046 eV ==== 
     psi = 0.128*[#   2]+0.128*[#   3]+0.128*[#   4]+0.123*[#   7]+0.123*[#  12]
          +0.123*[#  14]+0.033*[#   1]+0.016*[#   6]+0.016*[#   8]+0.016*[#  10]
          +0.016*[#  11]+0.016*[#  15]+0.016*[#  16]+0.011*[#   5]+0.011*[#   9]
          +0.011*[#  13]
    |psi|^2 = 0.916
==== e(   8) =     9.59047 eV ==== 
     psi = 0.126*[#   6]+0.126*[#   8]+0.126*[#  10]+0.126*[#  11]+0.126*[#  15]
          +0.126*[#  16]+0.022*[#   5]+0.022*[#   9]+0.022*[#  13]+0.018*[#   7]
          +0.018*[#  12]+0.018*[#  14]+0.013*[#   2]+0.013*[#   3]+0.013*[#   4]
          
    |psi|^2 = 0.916
==== e(   9) =    10.95119 eV ==== 
     psi = 0.137*[#   1]+0.085*[#   2]+0.085*[#   3]+0.085*[#   4]+0.046*[#   5]
          +0.046*[#   9]+0.046*[#  13]+0.042*[#   6]+0.042*[#   8]+0.042*[#  10]
          +0.042*[#  11]+0.042*[#  15]+0.042*[#  16]+0.003*[#   7]+0.003*[#  12]
          +0.003*[#  14]
    |psi|^2 = 0.788
==== e(  10) =    10.95120 eV ==== 
     psi = 0.091*[#   5]+0.091*[#   9]+0.091*[#  13]+0.083*[#   7]+0.083*[#  12]
          +0.083*[#  14]+0.044*[#   6]+0.044*[#   8]+0.044*[#  10]+0.044*[#  11]
          +0.044*[#  15]+0.044*[#  16]
    |psi|^2 = 0.788

 k =   0.0625000000  0.2500000000  0.3125000000
==== e(   1) =    -1.78009 eV ==== 
     psi = 0.105*[#   1]+0.105*[#   5]+0.105*[#   9]+0.105*[#  13]+0.048*[#   2]
          +0.048*[#   3]+0.048*[#   4]+0.048*[#   6]+0.048*[#   7]+0.048*[#   8]
          +0.048*[#  10]+0.048*[#  11]+0.048*[#  12]+0.048*[#  14]+0.048*[#  15]
          +0.048*[#  16]
    |psi|^2 = 0.999
==== e(   2) =     1.52941 eV ==== 
     psi = 0.075*[#   1]+0.075*[#   5]+0.075*[#   9]+0.075*[#  13]+0.058*[#   2]
          +0.058*[#   3]+0.058*[#   4]+0.058*[#   6]+0.058*[#   7]+0.058*[#   8]
          +0.058*[#  10]+0.058*[#  11]+0.058*[#  12]+0.058*[#  14]+0.058*[#  15]
          +0.058*[#  16]
    |psi|^2 = 0.997
==== e(   3) =     2.61231 eV ==== 
     psi = 0.071*[#   1]+0.071*[#   5]+0.071*[#   9]+0.071*[#  13]+0.059*[#   2]
          +0.059*[#   3]+0.059*[#   4]+0.059*[#   6]+0.059*[#   7]+0.059*[#   8]
          +0.059*[#  10]+0.059*[#  11]+0.059*[#  12]+0.059*[#  14]+0.059*[#  15]
          +0.059*[#  16]
    |psi|^2 = 0.995
==== e(   4) =     5.64256 eV ==== 
     psi = 0.081*[#   2]+0.081*[#   3]+0.081*[#   4]+0.081*[#   6]+0.081*[#   7]
          +0.081*[#   8]+0.081*[#  10]+0.081*[#  11]+0.081*[#  12]+0.081*[#  14]
          +0.081*[#  15]+0.081*[#  16]+0.003*[#   1]+0.003*[#   5]+0.003*[#   9]
          +0.003*[#  13]
    |psi|^2 = 0.988
==== e(   5) =     5.88610 eV ==== 
     psi = 0.084*[#   1]+0.084*[#   5]+0.084*[#   9]+0.084*[#  13]+0.054*[#   2]
          +0.054*[#   3]+0.054*[#   4]+0.054*[#   6]+0.054*[#   7]+0.054*[#   8]
          +0.054*[#  10]+0.054*[#  11]+0.054*[#  12]+0.054*[#  14]+0.054*[#  15]
          +0.054*[#  16]
    |psi|^2 = 0.982
==== e(   6) =     8.29206 eV ==== 
     psi = 0.137*[#   1]+0.137*[#   5]+0.137*[#   9]+0.137*[#  13]+0.029*[#   2]
          +0.029*[#   3]+0.029*[#   4]+0.029*[#   6]+0.029*[#   7]+0.029*[#   8]
          +0.029*[#  10]+0.029*[#  11]+0.029*[#  12]+0.029*[#  14]+0.029*[#  15]
          +0.029*[#  16]
    |psi|^2 = 0.901
==== e(   7) =     8.85086 eV ==== 
     psi = 0.071*[#   2]+0.071*[#   3]+0.071*[#   4]+0.071*[#   6]+0.071*[#   7]
          +0.071*[#   8]+0.071*[#  10]+0.071*[#  11]+0.071*[#  12]+0.071*[#  14]
          +0.071*[#  15]+0.071*[#  16]+0.024*[#   1]+0.024*[#   5]+0.024*[#   9]
          +0.024*[#  13]
    |psi|^2 = 0.945
==== e(   8) =     9.89114 eV ==== 
     psi = 0.068*[#   2]+0.068*[#   3]+0.068*[#   4]+0.068*[#   6]+0.068*[#   7]
          +0.068*[#   8]+0.068*[#  10]+0.068*[#  11]+0.068*[#  12]+0.068*[#  14]
          +0.068*[#  15]+0.068*[#  16]+0.023*[#   1]+0.023*[#   5]+0.023*[#   9]
          +0.023*[#  13]
    |psi|^2 = 0.912
==== e(   9) =    11.07144 eV ==== 
     psi = 0.066*[#   2]+0.066*[#   3]+0.066*[#   4]+0.066*[#   6]+0.066*[#   7]
          +0.066*[#   8]+0.066*[#  10]+0.066*[#  11]+0.066*[#  12]+0.066*[#  14]
          +0.066*[#  15]+0.066*[#  16]+0.005*[#   1]+0.005*[#   5]+0.005*[#   9]
          +0.005*[#  13]
    |psi|^2 = 0.809
==== e(  10) =    11.65961 eV ==== 
     psi = 0.141*[#   1]+0.141*[#   5]+0.141*[#   9]+0.141*[#  13]+0.033*[#   2]
          +0.033*[#   3]+0.033*[#   4]+0.033*[#   6]+0.033*[#   7]+0.033*[#   8]
          +0.033*[#  10]+0.033*[#  11]+0.033*[#  12]+0.033*[#  14]+0.033*[#  15]
          +0.033*[#  16]
    |psi|^2 = 0.964

 k =   0.0625000000  0.2500000000  0.3750000000
==== e(   1) =    -1.39659 eV ==== 
     psi = 0.096*[#   1]+0.096*[#   5]+0.096*[#   9]+0.096*[#  13]+0.051*[#   2]
          +0.051*[#   3]+0.051*[#   4]+0.051*[#   6]+0.051*[#   7]+0.051*[#   8]
          +0.051*[#  10]+0.051*[#  11]+0.051*[#  12]+0.051*[#  14]+0.051*[#  15]
          +0.051*[#  16]
    |psi|^2 = 0.999
==== e(   2) =     0.81317 eV ==== 
     psi = 0.076*[#   1]+0.076*[#   5]+0.076*[#   9]+0.076*[#  13]+0.058*[#   2]
          +0.058*[#   3]+0.058*[#   4]+0.058*[#   6]+0.058*[#   7]+0.058*[#   8]
          +0.058*[#  10]+0.058*[#  11]+0.058*[#  12]+0.058*[#  14]+0.058*[#  15]
          +0.058*[#  16]
    |psi|^2 = 0.998
==== e(   3) =     2.98382 eV ==== 
     psi = 0.069*[#   1]+0.069*[#   5]+0.069*[#   9]+0.069*[#  13]+0.060*[#   2]
          +0.060*[#   3]+0.060*[#   4]+0.060*[#   6]+0.060*[#   7]+0.060*[#   8]
          +0.060*[#  10]+0.060*[#  11]+0.060*[#  12]+0.060*[#  14]+0.060*[#  15]
          +0.060*[#  16]
    |psi|^2 = 0.995
==== e(   4) =     5.11509 eV ==== 
     psi = 0.067*[#   2]+0.067*[#   3]+0.067*[#   4]+0.067*[#   6]+0.067*[#   7]
          +0.067*[#   8]+0.067*[#  10]+0.067*[#  11]+0.067*[#  12]+0.067*[#  14]
          +0.067*[#  15]+0.067*[#  16]+0.046*[#   1]+0.046*[#   5]+0.046*[#   9]
          +0.046*[#  13]
    |psi|^2 = 0.990
==== e(   5) =     6.08458 eV ==== 
     psi = 0.065*[#   2]+0.065*[#   3]+0.065*[#   4]+0.065*[#   6]+0.065*[#   7]
          +0.065*[#   8]+0.065*[#  10]+0.065*[#  11]+0.065*[#  12]+0.065*[#  14]
          +0.065*[#  15]+0.065*[#  16]+0.049*[#   1]+0.049*[#   5]+0.049*[#   9]
          +0.049*[#  13]
    |psi|^2 = 0.982
==== e(   6) =     8.16931 eV ==== 
     psi = 0.070*[#   2]+0.070*[#   3]+0.070*[#   4]+0.070*[#   6]+0.070*[#   7]
          +0.070*[#   8]+0.070*[#  10]+0.070*[#  11]+0.070*[#  12]+0.070*[#  14]
          +0.070*[#  15]+0.070*[#  16]+0.029*[#   1]+0.029*[#   5]+0.029*[#   9]
          +0.029*[#  13]
    |psi|^2 = 0.962
==== e(   7) =     8.65210 eV ==== 
     psi = 0.123*[#   1]+0.123*[#   5]+0.123*[#   9]+0.123*[#  13]+0.035*[#   2]
          +0.035*[#   3]+0.035*[#   4]+0.035*[#   6]+0.035*[#   7]+0.035*[#   8]
          +0.035*[#  10]+0.035*[#  11]+0.035*[#  12]+0.035*[#  14]+0.035*[#  15]
          +0.035*[#  16]
    |psi|^2 = 0.909
==== e(   8) =    10.25212 eV ==== 
     psi = 0.066*[#   2]+0.066*[#   3]+0.066*[#   4]+0.066*[#   6]+0.066*[#   7]
          +0.066*[#   8]+0.066*[#  10]+0.066*[#  11]+0.066*[#  12]+0.066*[#  14]
          +0.066*[#  15]+0.066*[#  16]+0.027*[#   1]+0.027*[#   5]+0.027*[#   9]
          +0.027*[#  13]
    |psi|^2 = 0.905
==== e(   9) =    10.67425 eV ==== 
     psi = 0.062*[#   2]+0.062*[#   3]+0.062*[#   4]+0.062*[#   6]+0.062*[#   7]
          +0.062*[#   8]+0.062*[#  10]+0.062*[#  11]+0.062*[#  12]+0.062*[#  14]
          +0.062*[#  15]+0.062*[#  16]+0.036*[#   1]+0.036*[#   5]+0.036*[#   9]
          +0.036*[#  13]
    |psi|^2 = 0.896
==== e(  10) =    11.74654 eV ==== 
     psi = 0.108*[#   1]+0.108*[#   5]+0.108*[#   9]+0.108*[#  13]+0.039*[#   2]
          +0.039*[#   3]+0.039*[#   4]+0.039*[#   6]+0.039*[#   7]+0.039*[#   8]
          +0.039*[#  10]+0.039*[#  11]+0.039*[#  12]+0.039*[#  14]+0.039*[#  15]
          +0.039*[#  16]
    |psi|^2 = 0.904

 k =   0.0625000000  0.2500000000  0.4375000000
==== e(   1) =    -0.94472 eV ==== 
     psi = 0.089*[#   1]+0.089*[#   5]+0.089*[#   9]+0.089*[#  13]+0.054*[#   2]
          +0.054*[#   3]+0.054*[#   4]+0.054*[#   6]+0.054*[#   7]+0.054*[#   8]
          +0.054*[#  10]+0.054*[#  11]+0.054*[#  12]+0.054*[#  14]+0.054*[#  15]
          +0.054*[#  16]
    |psi|^2 = 0.999
==== e(   2) =     0.16114 eV ==== 
     psi = 0.079*[#   1]+0.079*[#   5]+0.079*[#   9]+0.079*[#  13]+0.057*[#   2]
          +0.057*[#   3]+0.057*[#   4]+0.057*[#   6]+0.057*[#   7]+0.057*[#   8]
          +0.057*[#  10]+0.057*[#  11]+0.057*[#  12]+0.057*[#  14]+0.057*[#  15]
          +0.057*[#  16]
    |psi|^2 = 0.998
==== e(   3) =     3.42145 eV ==== 
     psi = 0.067*[#   1]+0.067*[#   5]+0.067*[#   9]+0.067*[#  13]+0.061*[#   2]
          +0.061*[#   3]+0.061*[#   4]+0.061*[#   6]+0.061*[#   7]+0.061*[#   8]
          +0.061*[#  10]+0.061*[#  11]+0.061*[#  12]+0.061*[#  14]+0.061*[#  15]
          +0.061*[#  16]
    |psi|^2 = 0.995
==== e(   4) =     4.49048 eV ==== 
     psi = 0.063*[#   2]+0.063*[#   3]+0.063*[#   4]+0.063*[#   6]+0.063*[#   7]
          +0.063*[#   8]+0.063*[#  10]+0.063*[#  11]+0.063*[#  12]+0.063*[#  14]
          +0.063*[#  15]+0.063*[#  16]+0.058*[#   1]+0.058*[#   5]+0.058*[#   9]
          +0.058*[#  13]
    |psi|^2 = 0.992
==== e(   5) =     6.50505 eV ==== 
     psi = 0.068*[#   2]+0.068*[#   3]+0.068*[#   4]+0.068*[#   6]+0.068*[#   7]
          +0.068*[#   8]+0.068*[#  10]+0.068*[#  11]+0.068*[#  12]+0.068*[#  14]
          +0.068*[#  15]+0.068*[#  16]+0.042*[#   1]+0.042*[#   5]+0.042*[#   9]
          +0.042*[#  13]
    |psi|^2 = 0.981
==== e(   6) =     7.55008 eV ==== 
     psi = 0.070*[#   2]+0.070*[#   3]+0.070*[#   4]+0.070*[#   6]+0.070*[#   7]
          +0.070*[#   8]+0.070*[#  10]+0.070*[#  11]+0.070*[#  12]+0.070*[#  14]
          +0.070*[#  15]+0.070*[#  16]+0.034*[#   1]+0.034*[#   5]+0.034*[#   9]
          +0.034*[#  13]
    |psi|^2 = 0.972
==== e(   7) =     9.07768 eV ==== 
     psi = 0.108*[#   1]+0.108*[#   5]+0.108*[#   9]+0.108*[#  13]+0.040*[#   2]
          +0.040*[#   3]+0.040*[#   4]+0.040*[#   6]+0.040*[#   7]+0.040*[#   8]
          +0.040*[#  10]+0.040*[#  11]+0.040*[#  12]+0.040*[#  14]+0.040*[#  15]
          +0.040*[#  16]
    |psi|^2 = 0.916
==== e(   8) =    10.10441 eV ==== 
     psi = 0.070*[#   1]+0.070*[#   5]+0.070*[#   9]+0.070*[#  13]+0.053*[#   2]
          +0.053*[#   3]+0.053*[#   4]+0.053*[#   6]+0.053*[#   7]+0.053*[#   8]
          +0.053*[#  10]+0.053*[#  11]+0.053*[#  12]+0.053*[#  14]+0.053*[#  15]
          +0.053*[#  16]
    |psi|^2 = 0.919
==== e(   9) =    10.67626 eV ==== 
     psi = 0.064*[#   2]+0.064*[#   3]+0.064*[#   4]+0.064*[#   6]+0.064*[#   7]
          +0.064*[#   8]+0.064*[#  10]+0.064*[#  11]+0.064*[#  12]+0.064*[#  14]
          +0.064*[#  15]+0.064*[#  16]+0.031*[#   1]+0.031*[#   5]+0.031*[#   9]
          +0.031*[#  13]
    |psi|^2 = 0.896
==== e(  10) =    11.71496 eV ==== 
     psi = 0.059*[#   2]+0.059*[#   3]+0.059*[#   4]+0.059*[#   6]+0.059*[#   7]
          +0.059*[#   8]+0.059*[#  10]+0.059*[#  11]+0.059*[#  12]+0.059*[#  14]
          +0.059*[#  15]+0.059*[#  16]+0.040*[#   1]+0.040*[#   5]+0.040*[#   9]
          +0.040*[#  13]
    |psi|^2 = 0.867

 k =   0.0625000000  0.2500000000 -0.5000000000
==== e(   1) =    -0.42520 eV ==== 
     psi = 0.166*[#   1]+0.100*[#   6]+0.100*[#   8]+0.100*[#  10]+0.100*[#  11]
          +0.100*[#  15]+0.100*[#  16]+0.055*[#   5]+0.055*[#   9]+0.055*[#  13]
          +0.021*[#   2]+0.021*[#   3]+0.021*[#   4]
    |psi|^2 = 0.999
==== e(   2) =    -0.42518 eV ==== 
     psi = 0.111*[#   7]+0.111*[#  12]+0.111*[#  14]+0.111*[#   5]+0.111*[#   9]
          +0.111*[#  13]+0.090*[#   2]+0.090*[#   3]+0.090*[#   4]+0.011*[#   6]
          +0.011*[#   8]+0.011*[#  10]+0.011*[#  11]+0.011*[#  15]+0.011*[#  16]
          
    |psi|^2 = 0.999
==== e(   3) =     3.92423 eV ==== 
     psi = 0.127*[#   1]+0.086*[#   2]+0.086*[#   3]+0.086*[#   4]+0.080*[#   6]
          +0.080*[#   8]+0.080*[#  10]+0.080*[#  11]+0.080*[#  15]+0.080*[#  16]
          +0.042*[#   5]+0.042*[#   9]+0.042*[#  13]
    |psi|^2 = 0.994
==== e(   4) =     3.92425 eV ==== 
     psi = 0.123*[#   7]+0.123*[#  12]+0.123*[#  14]+0.084*[#   5]+0.084*[#   9]
          +0.084*[#  13]+0.043*[#   6]+0.043*[#   8]+0.043*[#  10]+0.043*[#  11]
          +0.043*[#  15]+0.043*[#  16]+0.037*[#   2]+0.037*[#   3]+0.037*[#   4]
          
    |psi|^2 = 0.994
==== e(   5) =     6.99485 eV ==== 
     psi = 0.125*[#   2]+0.125*[#   3]+0.125*[#   4]+0.075*[#   1]+0.075*[#   6]
          +0.075*[#   8]+0.075*[#  10]+0.075*[#  11]+0.075*[#  15]+0.075*[#  16]
          +0.025*[#   5]+0.025*[#   9]+0.025*[#  13]
    |psi|^2 = 0.978
==== e(   6) =     6.99487 eV ==== 
     psi = 0.138*[#   7]+0.138*[#  12]+0.138*[#  14]+0.063*[#   6]+0.063*[#   8]
          +0.063*[#  10]+0.063*[#  11]+0.063*[#  15]+0.063*[#  16]+0.050*[#   5]
          +0.050*[#   9]+0.050*[#  13]+0.012*[#   2]+0.012*[#   3]+0.012*[#   4]
          
    |psi|^2 = 0.978
==== e(   7) =     9.56417 eV ==== 
     psi = 0.182*[#   1]+0.074*[#   6]+0.074*[#   8]+0.074*[#  10]+0.074*[#  11]
          +0.074*[#  15]+0.074*[#  16]+0.061*[#   5]+0.061*[#   9]+0.061*[#  13]
          +0.037*[#   2]+0.037*[#   3]+0.037*[#   4]
    |psi|^2 = 0.921
==== e(   8) =     9.56419 eV ==== 
     psi = 0.121*[#   5]+0.121*[#   9]+0.121*[#  13]+0.093*[#   7]+0.093*[#  12]
          +0.093*[#  14]+0.055*[#   2]+0.055*[#   3]+0.055*[#   4]+0.019*[#   6]
          +0.019*[#   8]+0.019*[#  10]+0.019*[#  11]+0.019*[#  15]+0.019*[#  16]
          
    |psi|^2 = 0.921
==== e(   9) =    11.16395 eV ==== 
     psi = 0.123*[#   2]+0.123*[#   3]+0.123*[#   4]+0.072*[#   1]+0.062*[#   6]
          +0.062*[#   8]+0.062*[#  10]+0.062*[#  11]+0.062*[#  15]+0.062*[#  16]
          +0.024*[#   5]+0.024*[#   9]+0.024*[#  13]
    |psi|^2 = 0.883
==== e(  10) =    11.16397 eV ==== 
     psi = 0.123*[#   7]+0.123*[#  12]+0.123*[#  14]+0.061*[#   6]+0.061*[#   8]
          +0.061*[#  10]+0.061*[#  11]+0.061*[#  15]+0.061*[#  16]+0.048*[#   5]
          +0.048*[#   9]+0.048*[#  13]
    |psi|^2 = 0.883

 k =   0.0625000000  0.3125000000  0.3125000000
==== e(   1) =    -1.46624 eV ==== 
     psi = 0.098*[#   1]+0.098*[#   5]+0.098*[#   9]+0.098*[#  13]+0.050*[#   2]
          +0.050*[#   3]+0.050*[#   4]+0.050*[#   6]+0.050*[#   7]+0.050*[#   8]
          +0.050*[#  10]+0.050*[#  11]+0.050*[#  12]+0.050*[#  14]+0.050*[#  15]
          +0.050*[#  16]
    |psi|^2 = 0.999
==== e(   2) =     1.83598 eV ==== 
     psi = 0.148*[#   1]+0.102*[#   7]+0.102*[#  12]+0.102*[#  14]+0.058*[#   6]
          +0.058*[#   8]+0.058*[#  10]+0.058*[#  11]+0.058*[#  15]+0.058*[#  16]
          +0.049*[#   5]+0.049*[#   9]+0.049*[#  13]+0.015*[#   2]+0.015*[#   3]
          +0.015*[#   4]
    |psi|^2 = 0.997
==== e(   3) =     1.83598 eV ==== 
     psi = 0.102*[#   2]+0.102*[#   3]+0.102*[#   4]+0.098*[#   5]+0.098*[#   9]
          +0.098*[#  13]+0.059*[#   6]+0.059*[#   8]+0.059*[#  10]+0.059*[#  11]
          +0.059*[#  15]+0.059*[#  16]+0.015*[#   7]+0.015*[#  12]+0.015*[#  14]
          
    |psi|^2 = 0.997
==== e(   4) =     5.05126 eV ==== 
     psi = 0.067*[#   2]+0.067*[#   3]+0.067*[#   4]+0.067*[#   6]+0.067*[#   7]
          +0.067*[#   8]+0.067*[#  10]+0.067*[#  11]+0.067*[#  12]+0.067*[#  14]
          +0.067*[#  15]+0.067*[#  16]+0.047*[#   1]+0.047*[#   5]+0.047*[#   9]
          +0.047*[#  13]
    |psi|^2 = 0.990
==== e(   5) =     6.01909 eV ==== 
     psi = 0.065*[#   2]+0.065*[#   3]+0.065*[#   4]+0.065*[#   6]+0.065*[#   7]
          +0.065*[#   8]+0.065*[#  10]+0.065*[#  11]+0.065*[#  12]+0.065*[#  14]
          +0.065*[#  15]+0.065*[#  16]+0.051*[#   1]+0.051*[#   5]+0.051*[#   9]
          +0.051*[#  13]
    |psi|^2 = 0.982
==== e(   6) =     8.58822 eV ==== 
     psi = 0.130*[#   1]+0.130*[#   5]+0.130*[#   9]+0.130*[#  13]+0.032*[#   2]
          +0.032*[#   3]+0.032*[#   4]+0.032*[#   6]+0.032*[#   7]+0.032*[#   8]
          +0.032*[#  10]+0.032*[#  11]+0.032*[#  12]+0.032*[#  14]+0.032*[#  15]
          +0.032*[#  16]
    |psi|^2 = 0.900
==== e(   7) =     9.14761 eV ==== 
     psi = 0.128*[#   7]+0.128*[#  12]+0.128*[#  14]+0.126*[#   2]+0.126*[#   3]
          +0.126*[#   4]+0.056*[#   1]+0.019*[#   5]+0.019*[#   9]+0.019*[#  13]
          +0.011*[#   6]+0.011*[#   8]+0.011*[#  10]+0.011*[#  11]+0.011*[#  15]
          +0.011*[#  16]
    |psi|^2 = 0.940
==== e(   8) =     9.14762 eV ==== 
     psi = 0.127*[#   6]+0.127*[#   8]+0.127*[#  10]+0.127*[#  11]+0.127*[#  15]
          +0.127*[#  16]+0.038*[#   5]+0.038*[#   9]+0.038*[#  13]+0.012*[#   2]
          +0.012*[#   3]+0.012*[#   4]+0.010*[#   7]+0.010*[#  12]+0.010*[#  14]
          
    |psi|^2 = 0.940
==== e(   9) =    11.64099 eV ==== 
     psi = 0.084*[#   2]+0.084*[#   3]+0.084*[#   4]+0.072*[#   7]+0.072*[#  12]
          +0.072*[#  14]+0.064*[#   1]+0.045*[#   6]+0.045*[#   8]+0.045*[#  10]
          +0.045*[#  11]+0.045*[#  15]+0.045*[#  16]+0.021*[#   5]+0.021*[#   9]
          +0.021*[#  13]
    |psi|^2 = 0.872
==== e(  10) =    11.64100 eV ==== 
     psi = 0.078*[#   6]+0.078*[#   8]+0.078*[#  10]+0.078*[#  11]+0.078*[#  15]
          +0.078*[#  16]+0.051*[#   7]+0.051*[#  12]+0.051*[#  14]+0.043*[#   5]
          +0.043*[#   9]+0.043*[#  13]+0.039*[#   2]+0.039*[#   3]+0.039*[#   4]
          
    |psi|^2 = 0.872

 k =   0.0625000000  0.3125000000  0.3750000000
==== e(   1) =    -1.08359 eV ==== 
     psi = 0.092*[#   1]+0.092*[#   5]+0.092*[#   9]+0.092*[#  13]+0.053*[#   2]
          +0.053*[#   3]+0.053*[#   4]+0.053*[#   6]+0.053*[#   7]+0.053*[#   8]
          +0.053*[#  10]+0.053*[#  11]+0.053*[#  12]+0.053*[#  14]+0.053*[#  15]
          +0.053*[#  16]
    |psi|^2 = 0.999
==== e(   2) =     1.12136 eV ==== 
     psi = 0.076*[#   1]+0.076*[#   5]+0.076*[#   9]+0.076*[#  13]+0.058*[#   2]
          +0.058*[#   3]+0.058*[#   4]+0.058*[#   6]+0.058*[#   7]+0.058*[#   8]
          +0.058*[#  10]+0.058*[#  11]+0.058*[#  12]+0.058*[#  14]+0.058*[#  15]
          +0.058*[#  16]
    |psi|^2 = 0.998
==== e(   3) =     2.20977 eV ==== 
     psi = 0.073*[#   1]+0.073*[#   5]+0.073*[#   9]+0.073*[#  13]+0.059*[#   2]
          +0.059*[#   3]+0.059*[#   4]+0.059*[#   6]+0.059*[#   7]+0.059*[#   8]
          +0.059*[#  10]+0.059*[#  11]+0.059*[#  12]+0.059*[#  14]+0.059*[#  15]
          +0.059*[#  16]
    |psi|^2 = 0.997
==== e(   4) =     4.36073 eV ==== 
     psi = 0.063*[#   2]+0.063*[#   3]+0.063*[#   4]+0.063*[#   6]+0.063*[#   7]
          +0.063*[#   8]+0.063*[#  10]+0.063*[#  11]+0.063*[#  12]+0.063*[#  14]
          +0.063*[#  15]+0.063*[#  16]+0.059*[#   1]+0.059*[#   5]+0.059*[#   9]
          +0.059*[#  13]
    |psi|^2 = 0.992
==== e(   5) =     6.37419 eV ==== 
     psi = 0.067*[#   2]+0.067*[#   3]+0.067*[#   4]+0.067*[#   6]+0.067*[#   7]
          +0.067*[#   8]+0.067*[#  10]+0.067*[#  11]+0.067*[#  12]+0.067*[#  14]
          +0.067*[#  15]+0.067*[#  16]+0.045*[#   1]+0.045*[#   5]+0.045*[#   9]
          +0.045*[#  13]
    |psi|^2 = 0.980
==== e(   6) =     8.46499 eV ==== 
     psi = 0.069*[#   2]+0.069*[#   3]+0.069*[#   4]+0.069*[#   6]+0.069*[#   7]
          +0.069*[#   8]+0.069*[#  10]+0.069*[#  11]+0.069*[#  12]+0.069*[#  14]
          +0.069*[#  15]+0.069*[#  16]+0.033*[#   1]+0.033*[#   5]+0.033*[#   9]
          +0.033*[#  13]
    |psi|^2 = 0.957
==== e(   7) =     8.95135 eV ==== 
     psi = 0.122*[#   1]+0.122*[#   5]+0.122*[#   9]+0.122*[#  13]+0.034*[#   2]
          +0.034*[#   3]+0.034*[#   4]+0.034*[#   6]+0.034*[#   7]+0.034*[#   8]
          +0.034*[#  10]+0.034*[#  11]+0.034*[#  12]+0.034*[#  14]+0.034*[#  15]
          +0.034*[#  16]
    |psi|^2 = 0.903
==== e(   8) =     9.50793 eV ==== 
     psi = 0.067*[#   2]+0.067*[#   3]+0.067*[#   4]+0.067*[#   6]+0.067*[#   7]
          +0.067*[#   8]+0.067*[#  10]+0.067*[#  11]+0.067*[#  12]+0.067*[#  14]
          +0.067*[#  15]+0.067*[#  16]+0.032*[#   1]+0.032*[#   5]+0.032*[#   9]
          +0.032*[#  13]
    |psi|^2 = 0.933
==== e(   9) =    11.01333 eV ==== 
     psi = 0.063*[#   1]+0.063*[#   5]+0.063*[#   9]+0.063*[#  13]+0.055*[#   2]
          +0.055*[#   3]+0.055*[#   4]+0.055*[#   6]+0.055*[#   7]+0.055*[#   8]
          +0.055*[#  10]+0.055*[#  11]+0.055*[#  12]+0.055*[#  14]+0.055*[#  15]
          +0.055*[#  16]
    |psi|^2 = 0.906
==== e(  10) =    11.58860 eV ==== 
     psi = 0.057*[#   2]+0.057*[#   3]+0.057*[#   4]+0.057*[#   6]+0.057*[#   7]
          +0.057*[#   8]+0.057*[#  10]+0.057*[#  11]+0.057*[#  12]+0.057*[#  14]
          +0.057*[#  15]+0.057*[#  16]+0.047*[#   1]+0.047*[#   5]+0.047*[#   9]
          +0.047*[#  13]
    |psi|^2 = 0.877

 k =   0.0625000000  0.3125000000  0.4375000000
==== e(   1) =    -0.63270 eV ==== 
     psi = 0.086*[#   1]+0.086*[#   5]+0.086*[#   9]+0.086*[#  13]+0.054*[#   2]
          +0.054*[#   3]+0.054*[#   4]+0.054*[#   6]+0.054*[#   7]+0.054*[#   8]
          +0.054*[#  10]+0.054*[#  11]+0.054*[#  12]+0.054*[#  14]+0.054*[#  15]
          +0.054*[#  16]
    |psi|^2 = 0.999
==== e(   2) =     0.47076 eV ==== 
     psi = 0.079*[#   1]+0.079*[#   5]+0.079*[#   9]+0.079*[#  13]+0.057*[#   2]
          +0.057*[#   3]+0.057*[#   4]+0.057*[#   6]+0.057*[#   7]+0.057*[#   8]
          +0.057*[#  10]+0.057*[#  11]+0.057*[#  12]+0.057*[#  14]+0.057*[#  15]
          +0.057*[#  16]
    |psi|^2 = 0.998
==== e(   3) =     2.65017 eV ==== 
     psi = 0.072*[#   1]+0.072*[#   5]+0.072*[#   9]+0.072*[#  13]+0.059*[#   2]
          +0.059*[#   3]+0.059*[#   4]+0.059*[#   6]+0.059*[#   7]+0.059*[#   8]
          +0.059*[#  10]+0.059*[#  11]+0.059*[#  12]+0.059*[#  14]+0.059*[#  15]
          +0.059*[#  16]
    |psi|^2 = 0.996
==== e(   4) =     3.72724 eV ==== 
     psi = 0.066*[#   1]+0.066*[#   5]+0.066*[#   9]+0.066*[#  13]+0.061*[#   2]
          +0.061*[#   3]+0.061*[#   4]+0.061*[#   6]+0.061*[#   7]+0.061*[#   8]
          +0.061*[#  10]+0.061*[#  11]+0.061*[#  12]+0.061*[#  14]+0.061*[#  15]
          +0.061*[#  16]
    |psi|^2 = 0.994
==== e(   5) =     6.79898 eV ==== 
     psi = 0.068*[#   2]+0.068*[#   3]+0.068*[#   4]+0.068*[#   6]+0.068*[#   7]
          +0.068*[#   8]+0.068*[#  10]+0.068*[#  11]+0.068*[#  12]+0.068*[#  14]
          +0.068*[#  15]+0.068*[#  16]+0.042*[#   1]+0.042*[#   5]+0.042*[#   9]
          +0.042*[#  13]
    |psi|^2 = 0.978
==== e(   6) =     7.84531 eV ==== 
     psi = 0.069*[#   2]+0.069*[#   3]+0.069*[#   4]+0.069*[#   6]+0.069*[#   7]
          +0.069*[#   8]+0.069*[#  10]+0.069*[#  11]+0.069*[#  12]+0.069*[#  14]
          +0.069*[#  15]+0.069*[#  16]+0.036*[#   1]+0.036*[#   5]+0.036*[#   9]
          +0.036*[#  13]
    |psi|^2 = 0.968
==== e(   7) =     9.37877 eV ==== 
     psi = 0.112*[#   1]+0.112*[#   5]+0.112*[#   9]+0.112*[#  13]+0.038*[#   2]
          +0.038*[#   3]+0.038*[#   4]+0.038*[#   6]+0.038*[#   7]+0.038*[#   8]
          +0.038*[#  10]+0.038*[#  11]+0.038*[#  12]+0.038*[#  14]+0.038*[#  15]
          +0.038*[#  16]
    |psi|^2 = 0.908
==== e(   8) =     9.93239 eV ==== 
     psi = 0.065*[#   2]+0.065*[#   3]+0.065*[#   4]+0.065*[#   6]+0.065*[#   7]
          +0.065*[#   8]+0.065*[#  10]+0.065*[#  11]+0.065*[#  12]+0.065*[#  14]
          +0.065*[#  15]+0.065*[#  16]+0.036*[#   1]+0.036*[#   5]+0.036*[#   9]
          +0.036*[#  13]
    |psi|^2 = 0.925
==== e(   9) =    10.41505 eV ==== 
     psi = 0.084*[#   1]+0.084*[#   5]+0.084*[#   9]+0.084*[#  13]+0.048*[#   2]
          +0.048*[#   3]+0.048*[#   4]+0.048*[#   6]+0.048*[#   7]+0.048*[#   8]
          +0.048*[#  10]+0.048*[#  11]+0.048*[#  12]+0.048*[#  14]+0.048*[#  15]
          +0.048*[#  16]
    |psi|^2 = 0.915
==== e(  10) =    10.97322 eV ==== 
     psi = 0.060*[#   2]+0.060*[#   3]+0.060*[#   4]+0.060*[#   6]+0.060*[#   7]
          +0.060*[#   8]+0.060*[#  10]+0.060*[#  11]+0.060*[#  12]+0.060*[#  14]
          +0.060*[#  15]+0.060*[#  16]+0.044*[#   1]+0.044*[#   5]+0.044*[#   9]
          +0.044*[#  13]
    |psi|^2 = 0.898

 k =   0.0625000000  0.3125000000 -0.5000000000
==== e(   1) =    -0.11430 eV ==== 
     psi = 0.164*[#   1]+0.097*[#   6]+0.097*[#   8]+0.097*[#  10]+0.097*[#  11]
          +0.097*[#  15]+0.097*[#  16]+0.055*[#   5]+0.055*[#   9]+0.055*[#  13]
          +0.030*[#   2]+0.030*[#   3]+0.030*[#   4]
    |psi|^2 = 0.998
==== e(   2) =    -0.11428 eV ==== 
     psi = 0.112*[#   7]+0.112*[#  12]+0.112*[#  14]+0.109*[#   5]+0.109*[#   9]
          +0.109*[#  13]+0.081*[#   2]+0.081*[#   3]+0.081*[#   4]+0.015*[#   6]
          +0.015*[#   8]+0.015*[#  10]+0.015*[#  11]+0.015*[#  15]+0.015*[#  16]
          
    |psi|^2 = 0.998
==== e(   3) =     3.15638 eV ==== 
     psi = 0.139*[#   1]+0.080*[#   6]+0.080*[#   8]+0.080*[#  10]+0.080*[#  11]
          +0.080*[#  15]+0.080*[#  16]+0.079*[#   2]+0.079*[#   3]+0.079*[#   4]
          +0.046*[#   5]+0.046*[#   9]+0.046*[#  13]
    |psi|^2 = 0.995
==== e(   4) =     3.15640 eV ==== 
     psi = 0.120*[#   7]+0.120*[#  12]+0.120*[#  14]+0.092*[#   5]+0.092*[#   9]
          +0.092*[#  13]+0.040*[#   2]+0.040*[#   3]+0.040*[#   4]+0.040*[#   6]
          +0.040*[#   8]+0.040*[#  10]+0.040*[#  11]+0.040*[#  15]+0.040*[#  16]
          
    |psi|^2 = 0.995
==== e(   5) =     7.28969 eV ==== 
     psi = 0.125*[#   2]+0.125*[#   3]+0.125*[#   4]+0.079*[#   1]+0.073*[#   6]
          +0.073*[#   8]+0.073*[#  10]+0.073*[#  11]+0.073*[#  15]+0.073*[#  16]
          +0.026*[#   5]+0.026*[#   9]+0.026*[#  13]
    |psi|^2 = 0.974
==== e(   6) =     7.28971 eV ==== 
     psi = 0.136*[#   7]+0.136*[#  12]+0.136*[#  14]+0.063*[#   6]+0.063*[#   8]
          +0.063*[#  10]+0.063*[#  11]+0.063*[#  15]+0.063*[#  16]+0.052*[#   5]
          +0.052*[#   9]+0.052*[#  13]+0.011*[#   2]+0.011*[#   3]+0.011*[#   4]
          
    |psi|^2 = 0.974
==== e(   7) =     9.86787 eV ==== 
     psi = 0.199*[#   1]+0.066*[#   5]+0.066*[#   9]+0.066*[#  13]+0.066*[#   6]
          +0.066*[#   8]+0.066*[#  10]+0.066*[#  11]+0.066*[#  15]+0.066*[#  16]
          +0.040*[#   2]+0.040*[#   3]+0.040*[#   4]
    |psi|^2 = 0.914
==== e(   8) =     9.86789 eV ==== 
     psi = 0.133*[#   5]+0.133*[#   9]+0.133*[#  13]+0.086*[#   7]+0.086*[#  12]
          +0.086*[#  14]+0.046*[#   2]+0.046*[#   3]+0.046*[#   4]+0.020*[#   6]
          +0.020*[#   8]+0.020*[#  10]+0.020*[#  11]+0.020*[#  15]+0.020*[#  16]
          
    |psi|^2 = 0.914
==== e(   9) =    10.42093 eV ==== 
     psi = 0.124*[#   2]+0.124*[#   3]+0.124*[#   4]+0.081*[#   1]+0.063*[#   6]
          +0.063*[#   8]+0.063*[#  10]+0.063*[#  11]+0.063*[#  15]+0.063*[#  16]
          +0.027*[#   5]+0.027*[#   9]+0.027*[#  13]
    |psi|^2 = 0.913
==== e(  10) =    10.42096 eV ==== 
     psi = 0.125*[#   7]+0.125*[#  12]+0.125*[#  14]+0.062*[#   6]+0.062*[#   8]
          +0.062*[#  10]+0.062*[#  11]+0.062*[#  15]+0.062*[#  16]+0.054*[#   5]
          +0.054*[#   9]+0.054*[#  13]
    |psi|^2 = 0.913

 k =   0.0625000000  0.3750000000  0.3750000000
==== e(   1) =    -0.70195 eV ==== 
     psi = 0.088*[#   1]+0.088*[#   5]+0.088*[#   9]+0.088*[#  13]+0.054*[#   2]
          +0.054*[#   3]+0.054*[#   4]+0.054*[#   6]+0.054*[#   7]+0.054*[#   8]
          +0.054*[#  10]+0.054*[#  11]+0.054*[#  12]+0.054*[#  14]+0.054*[#  15]
          +0.054*[#  16]
    |psi|^2 = 0.999
==== e(   2) =     1.49712 eV ==== 
     psi = 0.151*[#   1]+0.108*[#   7]+0.108*[#  12]+0.108*[#  14]+0.058*[#   6]
          +0.058*[#   8]+0.058*[#  10]+0.058*[#  11]+0.058*[#  15]+0.058*[#  16]
          +0.050*[#   5]+0.050*[#   9]+0.050*[#  13]+0.008*[#   2]+0.008*[#   3]
          +0.008*[#   4]
    |psi|^2 = 0.997
==== e(   3) =     1.49712 eV ==== 
     psi = 0.108*[#   2]+0.108*[#   3]+0.108*[#   4]+0.101*[#   5]+0.101*[#   9]
          +0.101*[#  13]+0.058*[#   6]+0.058*[#   8]+0.058*[#  10]+0.058*[#  11]
          +0.058*[#  15]+0.058*[#  16]+0.008*[#   7]+0.008*[#  12]+0.008*[#  14]
          
    |psi|^2 = 0.997
==== e(   4) =     3.66129 eV ==== 
     psi = 0.067*[#   1]+0.067*[#   5]+0.067*[#   9]+0.067*[#  13]+0.061*[#   2]
          +0.061*[#   3]+0.061*[#   4]+0.061*[#   6]+0.061*[#   7]+0.061*[#   8]
          +0.061*[#  10]+0.061*[#  11]+0.061*[#  12]+0.061*[#  14]+0.061*[#  15]
          +0.061*[#  16]
    |psi|^2 = 0.994
==== e(   5) =     6.73359 eV ==== 
     psi = 0.067*[#   2]+0.067*[#   3]+0.067*[#   4]+0.067*[#   6]+0.067*[#   7]
          +0.067*[#   8]+0.067*[#  10]+0.067*[#  11]+0.067*[#  12]+0.067*[#  14]
          +0.067*[#  15]+0.067*[#  16]+0.044*[#   1]+0.044*[#   5]+0.044*[#   9]
          +0.044*[#  13]
    |psi|^2 = 0.977
==== e(   6) =     8.82522 eV ==== 
     psi = 0.129*[#   7]+0.129*[#  12]+0.129*[#  14]+0.124*[#   2]+0.124*[#   3]
          +0.124*[#   4]+0.072*[#   1]+0.024*[#   5]+0.024*[#   9]+0.024*[#  13]
          +0.008*[#   6]+0.008*[#   8]+0.008*[#  10]+0.008*[#  11]+0.008*[#  15]
          +0.008*[#  16]
    |psi|^2 = 0.951
==== e(   7) =     8.82522 eV ==== 
     psi = 0.127*[#   6]+0.127*[#   8]+0.127*[#  10]+0.127*[#  11]+0.127*[#  15]
          +0.127*[#  16]+0.048*[#   5]+0.048*[#   9]+0.048*[#  13]+0.010*[#   2]
          +0.010*[#   3]+0.010*[#   4]+0.005*[#   7]+0.005*[#  12]+0.005*[#  14]
          
    |psi|^2 = 0.951
==== e(   8) =     9.31548 eV ==== 
     psi = 0.120*[#   1]+0.120*[#   5]+0.120*[#   9]+0.120*[#  13]+0.035*[#   2]
          +0.035*[#   3]+0.035*[#   4]+0.035*[#   6]+0.035*[#   7]+0.035*[#   8]
          +0.035*[#  10]+0.035*[#  11]+0.035*[#  12]+0.035*[#  14]+0.035*[#  15]
          +0.035*[#  16]
    |psi|^2 = 0.900
==== e(   9) =    10.90939 eV ==== 
     psi = 0.059*[#   2]+0.059*[#   3]+0.059*[#   4]+0.059*[#   6]+0.059*[#   7]
          +0.059*[#   8]+0.059*[#  10]+0.059*[#  11]+0.059*[#  12]+0.059*[#  14]
          +0.059*[#  15]+0.059*[#  16]+0.048*[#   1]+0.048*[#   5]+0.048*[#   9]
          +0.048*[#  13]
    |psi|^2 = 0.901
==== e(  10) =    11.38427 eV ==== 
     psi = 0.089*[#   5]+0.089*[#   9]+0.089*[#  13]+0.058*[#   6]+0.058*[#   8]
          +0.058*[#  10]+0.058*[#  11]+0.058*[#  15]+0.058*[#  16]+0.046*[#   2]
          +0.046*[#   3]+0.046*[#   4]+0.041*[#   1]+0.036*[#   7]+0.036*[#  12]
          +0.036*[#  14]
    |psi|^2 = 0.904

 k =   0.0625000000  0.3750000000  0.4375000000
==== e(   1) =    -0.25226 eV ==== 
     psi = 0.084*[#   1]+0.084*[#   5]+0.084*[#   9]+0.084*[#  13]+0.055*[#   2]
          +0.055*[#   3]+0.055*[#   4]+0.055*[#   6]+0.055*[#   7]+0.055*[#   8]
          +0.055*[#  10]+0.055*[#  11]+0.055*[#  12]+0.055*[#  14]+0.055*[#  15]
          +0.055*[#  16]
    |psi|^2 = 0.998
==== e(   2) =     0.84827 eV ==== 
     psi = 0.078*[#   1]+0.078*[#   5]+0.078*[#   9]+0.078*[#  13]+0.057*[#   2]
          +0.057*[#   3]+0.057*[#   4]+0.057*[#   6]+0.057*[#   7]+0.057*[#   8]
          +0.057*[#  10]+0.057*[#  11]+0.057*[#  12]+0.057*[#  14]+0.057*[#  15]
          +0.057*[#  16]
    |psi|^2 = 0.998
==== e(   3) =     1.93989 eV ==== 
     psi = 0.075*[#   1]+0.075*[#   5]+0.075*[#   9]+0.075*[#  13]+0.058*[#   2]
          +0.058*[#   3]+0.058*[#   4]+0.058*[#   6]+0.058*[#   7]+0.058*[#   8]
          +0.058*[#  10]+0.058*[#  11]+0.058*[#  12]+0.058*[#  14]+0.058*[#  15]
          +0.058*[#  16]
    |psi|^2 = 0.997
==== e(   4) =     3.02320 eV ==== 
     psi = 0.071*[#   1]+0.071*[#   5]+0.071*[#   9]+0.071*[#  13]+0.059*[#   2]
          +0.059*[#   3]+0.059*[#   4]+0.059*[#   6]+0.059*[#   7]+0.059*[#   8]
          +0.059*[#  10]+0.059*[#  11]+0.059*[#  12]+0.059*[#  14]+0.059*[#  15]
          +0.059*[#  16]
    |psi|^2 = 0.995
==== e(   5) =     7.15917 eV ==== 
     psi = 0.067*[#   2]+0.067*[#   3]+0.067*[#   4]+0.067*[#   6]+0.067*[#   7]
          +0.067*[#   8]+0.067*[#  10]+0.067*[#  11]+0.067*[#  12]+0.067*[#  14]
          +0.067*[#  15]+0.067*[#  16]+0.043*[#   1]+0.043*[#   5]+0.043*[#   9]
          +0.043*[#  13]
    |psi|^2 = 0.974
==== e(   6) =     8.20560 eV ==== 
     psi = 0.067*[#   2]+0.067*[#   3]+0.067*[#   4]+0.067*[#   6]+0.067*[#   7]
          +0.067*[#   8]+0.067*[#  10]+0.067*[#  11]+0.067*[#  12]+0.067*[#  14]
          +0.067*[#  15]+0.067*[#  16]+0.039*[#   1]+0.039*[#   5]+0.039*[#   9]
          +0.039*[#  13]
    |psi|^2 = 0.962
==== e(   7) =     9.25006 eV ==== 
     psi = 0.065*[#   2]+0.065*[#   3]+0.065*[#   4]+0.065*[#   6]+0.065*[#   7]
          +0.065*[#   8]+0.065*[#  10]+0.065*[#  11]+0.065*[#  12]+0.065*[#  14]
          +0.065*[#  15]+0.065*[#  16]+0.040*[#   1]+0.040*[#   5]+0.040*[#   9]
          +0.040*[#  13]
    |psi|^2 = 0.943
==== e(   8) =     9.74314 eV ==== 
     psi = 0.114*[#   1]+0.114*[#   5]+0.114*[#   9]+0.114*[#  13]+0.037*[#   2]
          +0.037*[#   3]+0.037*[#   4]+0.037*[#   6]+0.037*[#   7]+0.037*[#   8]
          +0.037*[#  10]+0.037*[#  11]+0.037*[#  12]+0.037*[#  14]+0.037*[#  15]
          +0.037*[#  16]
    |psi|^2 = 0.902
==== e(   9) =    10.29264 eV ==== 
     psi = 0.061*[#   2]+0.061*[#   3]+0.061*[#   4]+0.061*[#   6]+0.061*[#   7]
          +0.061*[#   8]+0.061*[#  10]+0.061*[#  11]+0.061*[#  12]+0.061*[#  14]
          +0.061*[#  15]+0.061*[#  16]+0.046*[#   1]+0.046*[#   5]+0.046*[#   9]
          +0.046*[#  13]
    |psi|^2 = 0.919
==== e(  10) =    10.78092 eV ==== 
     psi = 0.093*[#   1]+0.093*[#   5]+0.093*[#   9]+0.093*[#  13]+0.045*[#   2]
          +0.045*[#   3]+0.045*[#   4]+0.045*[#   6]+0.045*[#   7]+0.045*[#   8]
          +0.045*[#  10]+0.045*[#  11]+0.045*[#  12]+0.045*[#  14]+0.045*[#  15]
          +0.045*[#  16]
    |psi|^2 = 0.908

 k =   0.0625000000  0.3750000000 -0.5000000000
==== e(   1) =     0.26476 eV ==== 
     psi = 0.162*[#   1]+0.093*[#   6]+0.093*[#   8]+0.093*[#  10]+0.093*[#  11]
          +0.093*[#  15]+0.093*[#  16]+0.054*[#   5]+0.054*[#   9]+0.054*[#  13]
          +0.040*[#   2]+0.040*[#   3]+0.040*[#   4]
    |psi|^2 = 0.998
==== e(   2) =     0.26478 eV ==== 
     psi = 0.112*[#   7]+0.112*[#  12]+0.112*[#  14]+0.108*[#   5]+0.108*[#   9]
          +0.108*[#  13]+0.073*[#   2]+0.073*[#   3]+0.073*[#   4]+0.020*[#   6]
          +0.020*[#   8]+0.020*[#  10]+0.020*[#  11]+0.020*[#  15]+0.020*[#  16]
          
    |psi|^2 = 0.998
==== e(   3) =     2.44891 eV ==== 
     psi = 0.147*[#   1]+0.081*[#   6]+0.081*[#   8]+0.081*[#  10]+0.081*[#  11]
          +0.081*[#  15]+0.081*[#  16]+0.073*[#   2]+0.073*[#   3]+0.073*[#   4]
          +0.049*[#   5]+0.049*[#   9]+0.049*[#  13]
    |psi|^2 = 0.996
==== e(   4) =     2.44893 eV ==== 
     psi = 0.117*[#   7]+0.117*[#  12]+0.117*[#  14]+0.098*[#   5]+0.098*[#   9]
          +0.098*[#  13]+0.044*[#   2]+0.044*[#   3]+0.044*[#   4]+0.036*[#   6]
          +0.036*[#   8]+0.036*[#  10]+0.036*[#  11]+0.036*[#  15]+0.036*[#  16]
          
    |psi|^2 = 0.996
==== e(   5) =     7.65003 eV ==== 
     psi = 0.125*[#   2]+0.125*[#   3]+0.125*[#   4]+0.082*[#   1]+0.071*[#   6]
          +0.071*[#   8]+0.071*[#  10]+0.071*[#  11]+0.071*[#  15]+0.071*[#  16]
          +0.027*[#   5]+0.027*[#   9]+0.027*[#  13]
    |psi|^2 = 0.969
==== e(   6) =     7.65005 eV ==== 
     psi = 0.134*[#   7]+0.134*[#  12]+0.134*[#  14]+0.063*[#   6]+0.063*[#   8]
          +0.063*[#  10]+0.063*[#  11]+0.063*[#  15]+0.063*[#  16]+0.055*[#   5]
          +0.055*[#   9]+0.055*[#  13]+0.009*[#   2]+0.009*[#   3]+0.009*[#   4]
          
    |psi|^2 = 0.969
==== e(   7) =     9.73932 eV ==== 
     psi = 0.125*[#   2]+0.125*[#   3]+0.125*[#   4]+0.086*[#   1]+0.064*[#   6]
          +0.064*[#   8]+0.064*[#  10]+0.064*[#  11]+0.064*[#  15]+0.064*[#  16]
          +0.029*[#   5]+0.029*[#   9]+0.029*[#  13]
    |psi|^2 = 0.933
==== e(   8) =     9.73934 eV ==== 
     psi = 0.127*[#   7]+0.127*[#  12]+0.127*[#  14]+0.063*[#   6]+0.063*[#   8]
          +0.063*[#  10]+0.063*[#  11]+0.063*[#  15]+0.063*[#  16]+0.057*[#   5]
          +0.057*[#   9]+0.057*[#  13]+0.002*[#   2]+0.002*[#   3]+0.002*[#   4]
          
    |psi|^2 = 0.933
==== e(   9) =    10.23248 eV ==== 
     psi = 0.211*[#   1]+0.070*[#   5]+0.070*[#   9]+0.070*[#  13]+0.059*[#   6]
          +0.059*[#   8]+0.059*[#  10]+0.059*[#  11]+0.059*[#  15]+0.059*[#  16]
          +0.044*[#   2]+0.044*[#   3]+0.044*[#   4]
    |psi|^2 = 0.906
==== e(  10) =    10.23250 eV ==== 
     psi = 0.141*[#   5]+0.141*[#   9]+0.141*[#  13]+0.081*[#   7]+0.081*[#  12]
          +0.081*[#  14]+0.037*[#   2]+0.037*[#   3]+0.037*[#   4]+0.022*[#   6]
          +0.022*[#   8]+0.022*[#  10]+0.022*[#  11]+0.022*[#  15]+0.022*[#  16]
          
    |psi|^2 = 0.906

 k =   0.0625000000  0.4375000000  0.4375000000
==== e(   1) =     0.19602 eV ==== 
     psi = 0.082*[#   1]+0.082*[#   5]+0.082*[#   9]+0.082*[#  13]+0.056*[#   2]
          +0.056*[#   3]+0.056*[#   4]+0.056*[#   6]+0.056*[#   7]+0.056*[#   8]
          +0.056*[#  10]+0.056*[#  11]+0.056*[#  12]+0.056*[#  14]+0.056*[#  15]
          +0.056*[#  16]
    |psi|^2 = 0.998
==== e(   2) =     1.29312 eV ==== 
     psi = 0.155*[#   1]+0.113*[#   7]+0.113*[#  12]+0.113*[#  14]+0.057*[#   6]
          +0.057*[#   8]+0.057*[#  10]+0.057*[#  11]+0.057*[#  15]+0.057*[#  16]
          +0.052*[#   5]+0.052*[#   9]+0.052*[#  13]+0.003*[#   2]+0.003*[#   3]
          +0.003*[#   4]
    |psi|^2 = 0.997
==== e(   3) =     1.29312 eV ==== 
     psi = 0.112*[#   2]+0.112*[#   3]+0.112*[#   4]+0.103*[#   5]+0.103*[#   9]
          +0.103*[#  13]+0.058*[#   6]+0.058*[#   8]+0.058*[#  10]+0.058*[#  11]
          +0.058*[#  15]+0.058*[#  16]+0.002*[#   7]+0.002*[#  12]+0.002*[#  14]
          
    |psi|^2 = 0.997
==== e(   4) =     2.38168 eV ==== 
     psi = 0.074*[#   1]+0.074*[#   5]+0.074*[#   9]+0.074*[#  13]+0.058*[#   2]
          +0.058*[#   3]+0.058*[#   4]+0.058*[#   6]+0.058*[#   7]+0.058*[#   8]
          +0.058*[#  10]+0.058*[#  11]+0.058*[#  12]+0.058*[#  14]+0.058*[#  15]
          +0.058*[#  16]
    |psi|^2 = 0.996
==== e(   5) =     7.58485 eV ==== 
     psi = 0.066*[#   2]+0.066*[#   3]+0.066*[#   4]+0.066*[#   6]+0.066*[#   7]
          +0.066*[#   8]+0.066*[#  10]+0.066*[#  11]+0.066*[#  12]+0.066*[#  14]
          +0.066*[#  15]+0.066*[#  16]+0.043*[#   1]+0.043*[#   5]+0.043*[#   9]
          +0.043*[#  13]
    |psi|^2 = 0.969
==== e(   6) =     8.63082 eV ==== 
     psi = 0.130*[#   7]+0.130*[#  12]+0.130*[#  14]+0.122*[#   2]+0.122*[#   3]
          +0.122*[#   4]+0.084*[#   1]+0.028*[#   5]+0.028*[#   9]+0.028*[#  13]
          +0.005*[#   6]+0.005*[#   8]+0.005*[#  10]+0.005*[#  11]+0.005*[#  15]
          +0.005*[#  16]
    |psi|^2 = 0.955
==== e(   7) =     8.63082 eV ==== 
     psi = 0.126*[#   6]+0.126*[#   8]+0.126*[#  10]+0.126*[#  11]+0.126*[#  15]
          +0.126*[#  16]+0.056*[#   5]+0.056*[#   9]+0.056*[#  13]+0.009*[#   2]
          +0.009*[#   3]+0.009*[#   4]+0.001*[#   7]+0.001*[#  12]+0.001*[#  14]
          
    |psi|^2 = 0.955
==== e(   8) =     9.67482 eV ==== 
     psi = 0.063*[#   2]+0.063*[#   3]+0.063*[#   4]+0.063*[#   6]+0.063*[#   7]
          +0.063*[#   8]+0.063*[#  10]+0.063*[#  11]+0.063*[#  12]+0.063*[#  14]
          +0.063*[#  15]+0.063*[#  16]+0.046*[#   1]+0.046*[#   5]+0.046*[#   9]
          +0.046*[#  13]
    |psi|^2 = 0.935
==== e(   9) =    10.17023 eV ==== 
     psi = 0.114*[#   1]+0.114*[#   5]+0.114*[#   9]+0.114*[#  13]+0.037*[#   2]
          +0.037*[#   3]+0.037*[#   4]+0.037*[#   6]+0.037*[#   7]+0.037*[#   8]
          +0.037*[#  10]+0.037*[#  11]+0.037*[#  12]+0.037*[#  14]+0.037*[#  15]
          +0.037*[#  16]
    |psi|^2 = 0.899
==== e(  10) =    11.20618 eV ==== 
     psi = 0.125*[#   5]+0.125*[#   9]+0.125*[#  13]+0.055*[#   6]+0.055*[#   8]
          +0.055*[#  10]+0.055*[#  11]+0.055*[#  15]+0.055*[#  16]+0.041*[#   2]
          +0.041*[#   3]+0.041*[#   4]+0.028*[#   1]+0.016*[#   7]+0.016*[#  12]
          +0.016*[#  14]
    |psi|^2 = 0.900

 k =   0.0625000000  0.4375000000 -0.5000000000
==== e(   1) =     0.71143 eV ==== 
     psi = 0.159*[#   1]+0.089*[#   6]+0.089*[#   8]+0.089*[#  10]+0.089*[#  11]
          +0.089*[#  15]+0.089*[#  16]+0.053*[#   5]+0.053*[#   9]+0.053*[#  13]
          +0.049*[#   2]+0.049*[#   3]+0.049*[#   4]
    |psi|^2 = 0.998
==== e(   2) =     0.71145 eV ==== 
     psi = 0.113*[#   7]+0.113*[#  12]+0.113*[#  14]+0.106*[#   5]+0.106*[#   9]
          +0.106*[#  13]+0.065*[#   2]+0.065*[#   3]+0.065*[#   4]+0.024*[#   6]
          +0.024*[#   8]+0.024*[#  10]+0.024*[#  11]+0.024*[#  15]+0.024*[#  16]
          
    |psi|^2 = 0.998
==== e(   3) =     1.80455 eV ==== 
     psi = 0.152*[#   1]+0.083*[#   6]+0.083*[#   8]+0.083*[#  10]+0.083*[#  11]
          +0.083*[#  15]+0.083*[#  16]+0.065*[#   2]+0.065*[#   3]+0.065*[#   4]
          +0.051*[#   5]+0.051*[#   9]+0.051*[#  13]
    |psi|^2 = 0.997
==== e(   4) =     1.80458 eV ==== 
     psi = 0.115*[#   7]+0.115*[#  12]+0.115*[#  14]+0.102*[#   5]+0.102*[#   9]
          +0.102*[#  13]+0.050*[#   2]+0.050*[#   3]+0.050*[#   4]+0.033*[#   6]
          +0.033*[#   8]+0.033*[#  10]+0.033*[#  11]+0.033*[#  15]+0.033*[#  16]
          
    |psi|^2 = 0.997
==== e(   5) =     8.07553 eV ==== 
     psi = 0.125*[#   2]+0.125*[#   3]+0.125*[#   4]+0.086*[#   1]+0.069*[#   6]
          +0.069*[#   8]+0.069*[#  10]+0.069*[#  11]+0.069*[#  15]+0.069*[#  16]
          +0.029*[#   5]+0.029*[#   9]+0.029*[#  13]
    |psi|^2 = 0.963
==== e(   6) =     8.07556 eV ==== 
     psi = 0.132*[#   7]+0.132*[#  12]+0.132*[#  14]+0.063*[#   6]+0.063*[#   8]
          +0.063*[#  10]+0.063*[#  11]+0.063*[#  15]+0.063*[#  16]+0.057*[#   5]
          +0.057*[#   9]+0.057*[#  13]+0.006*[#   2]+0.006*[#   3]+0.006*[#   4]
          
    |psi|^2 = 0.963
==== e(   7) =     9.12067 eV ==== 
     psi = 0.125*[#   2]+0.125*[#   3]+0.125*[#   4]+0.089*[#   1]+0.066*[#   6]
          +0.066*[#   8]+0.066*[#  10]+0.066*[#  11]+0.066*[#  15]+0.066*[#  16]
          +0.030*[#   5]+0.030*[#   9]+0.030*[#  13]
    |psi|^2 = 0.946
==== e(   8) =     9.12070 eV ==== 
     psi = 0.128*[#   7]+0.128*[#  12]+0.128*[#  14]+0.063*[#   6]+0.063*[#   8]
          +0.063*[#  10]+0.063*[#  11]+0.063*[#  15]+0.063*[#  16]+0.059*[#   5]
          +0.059*[#   9]+0.059*[#  13]+0.003*[#   2]+0.003*[#   3]+0.003*[#   4]
          
    |psi|^2 = 0.946
==== e(   9) =    10.65864 eV ==== 
     psi = 0.218*[#   1]+0.073*[#   5]+0.073*[#   9]+0.073*[#  13]+0.052*[#   6]
          +0.052*[#   8]+0.052*[#  10]+0.052*[#  11]+0.052*[#  15]+0.052*[#  16]
          +0.049*[#   2]+0.049*[#   3]+0.049*[#   4]
    |psi|^2 = 0.899
==== e(  10) =    10.65866 eV ==== 
     psi = 0.146*[#   5]+0.146*[#   9]+0.146*[#  13]+0.077*[#   7]+0.077*[#  12]
          +0.077*[#  14]+0.028*[#   2]+0.028*[#   3]+0.028*[#   4]+0.025*[#   6]
          +0.025*[#   8]+0.025*[#  10]+0.025*[#  11]+0.025*[#  15]+0.025*[#  16]
          
    |psi|^2 = 0.899

 k =   0.0625000000 -0.5000000000 -0.5000000000
==== e(   1) =     1.22499 eV ==== 
     psi = 0.312*[#   1]+0.114*[#   6]+0.114*[#   8]+0.114*[#  10]+0.114*[#  11]
          +0.114*[#  15]+0.114*[#  16]+0.001*[#   2]+0.001*[#   3]+0.001*[#   4]
          
    |psi|^2 = 0.997
==== e(   2) =     1.22501 eV ==== 
     psi = 0.114*[#   2]+0.114*[#   3]+0.114*[#   4]+0.104*[#   5]+0.104*[#   9]
          +0.104*[#  13]+0.057*[#   6]+0.057*[#   8]+0.057*[#  10]+0.057*[#  11]
          +0.057*[#  15]+0.057*[#  16]
    |psi|^2 = 0.997
==== e(   3) =     1.22501 eV ==== 
     psi = 0.114*[#   2]+0.114*[#   3]+0.114*[#   4]+0.104*[#   5]+0.104*[#   9]
          +0.104*[#  13]+0.057*[#   6]+0.057*[#   8]+0.057*[#  10]+0.057*[#  11]
          +0.057*[#  15]+0.057*[#  16]
    |psi|^2 = 0.997
==== e(   4) =     1.22503 eV ==== 
     psi = 0.228*[#   7]+0.228*[#  12]+0.228*[#  14]+0.104*[#   5]+0.104*[#   9]
          +0.104*[#  13]
    |psi|^2 = 0.997
==== e(   5) =     8.56588 eV ==== 
     psi = 0.242*[#   2]+0.242*[#   3]+0.242*[#   4]+0.176*[#   1]+0.009*[#   6]
          +0.009*[#   8]+0.009*[#  10]+0.009*[#  11]+0.009*[#  15]+0.009*[#  16]
          
    |psi|^2 = 0.956
==== e(   6) =     8.56591 eV ==== 
     psi = 0.125*[#   6]+0.125*[#   8]+0.125*[#  10]+0.125*[#  11]+0.125*[#  15]
          +0.125*[#  16]+0.059*[#   5]+0.059*[#   9]+0.059*[#  13]+0.009*[#   2]
          +0.009*[#   3]+0.009*[#   4]
    |psi|^2 = 0.956
==== e(   7) =     8.56591 eV ==== 
     psi = 0.125*[#   6]+0.125*[#   8]+0.125*[#  10]+0.125*[#  11]+0.125*[#  15]
          +0.125*[#  16]+0.059*[#   5]+0.059*[#   9]+0.059*[#  13]+0.009*[#   2]
          +0.009*[#   3]+0.009*[#   4]
    |psi|^2 = 0.956
==== e(   8) =     8.56592 eV ==== 
     psi = 0.260*[#   7]+0.260*[#  12]+0.260*[#  14]+0.059*[#   5]+0.059*[#   9]
          +0.059*[#  13]
    |psi|^2 = 0.956
==== e(   9) =    11.14544 eV ==== 
     psi = 0.320*[#   1]+0.062*[#   2]+0.062*[#   3]+0.062*[#   4]+0.040*[#   6]
          +0.040*[#   8]+0.040*[#  10]+0.040*[#  11]+0.040*[#  15]+0.040*[#  16]
          +0.039*[#   5]+0.039*[#   9]+0.039*[#  13]+0.010*[#   7]+0.010*[#  12]
          +0.010*[#  14]
    |psi|^2 = 0.895
==== e(  10) =    11.14546 eV ==== 
     psi = 0.144*[#   5]+0.144*[#   9]+0.144*[#  13]+0.051*[#   7]+0.051*[#  12]
          +0.051*[#  14]+0.038*[#   6]+0.038*[#   8]+0.038*[#  10]+0.038*[#  11]
          +0.038*[#  15]+0.038*[#  16]+0.027*[#   2]+0.027*[#   3]+0.027*[#   4]
          +0.005*[#   1]
    |psi|^2 = 0.895

 k =   0.1250000000  0.1250000000  0.1250000000
==== e(   1) =    -2.83131 eV ==== 
     psi = 0.166*[#   1]+0.166*[#   5]+0.166*[#   9]+0.166*[#  13]+0.028*[#   2]
          +0.028*[#   3]+0.028*[#   4]+0.028*[#   6]+0.028*[#   7]+0.028*[#   8]
          +0.028*[#  10]+0.028*[#  11]+0.028*[#  12]+0.028*[#  14]+0.028*[#  15]
          +0.028*[#  16]
    |psi|^2 = 0.999
==== e(   2) =     3.72646 eV ==== 
     psi = 0.195*[#   1]+0.098*[#   7]+0.098*[#  12]+0.098*[#  14]+0.058*[#   6]
          +0.058*[#   8]+0.058*[#  10]+0.058*[#  11]+0.058*[#  15]+0.058*[#  16]
          +0.028*[#   2]+0.028*[#   3]+0.028*[#   4]+0.022*[#   5]+0.022*[#   9]
          +0.022*[#  13]
    |psi|^2 = 0.988
==== e(   3) =     3.72647 eV ==== 
     psi = 0.087*[#   5]+0.087*[#   9]+0.087*[#  13]+0.077*[#   2]+0.077*[#   3]
          +0.077*[#   4]+0.062*[#   6]+0.062*[#   8]+0.062*[#  10]+0.062*[#  11]
          +0.062*[#  15]+0.062*[#  16]+0.042*[#   7]+0.042*[#  12]+0.042*[#  14]
          
    |psi|^2 = 0.988
==== e(   4) =     3.72647 eV ==== 
     psi = 0.087*[#   5]+0.087*[#   9]+0.087*[#  13]+0.077*[#   2]+0.077*[#   3]
          +0.077*[#   4]+0.062*[#   6]+0.062*[#   8]+0.062*[#  10]+0.062*[#  11]
          +0.062*[#  15]+0.062*[#  16]+0.042*[#   7]+0.042*[#  12]+0.042*[#  14]
          
    |psi|^2 = 0.988
==== e(   5) =     8.21038 eV ==== 
     psi = 0.343*[#   1]+0.087*[#   2]+0.087*[#   3]+0.087*[#   4]+0.038*[#   5]
          +0.038*[#   9]+0.038*[#  13]+0.024*[#   6]+0.024*[#   8]+0.024*[#  10]
          +0.024*[#  11]+0.024*[#  15]+0.024*[#  16]
    |psi|^2 = 0.859
==== e(   6) =     8.21038 eV ==== 
     psi = 0.153*[#   5]+0.153*[#   9]+0.153*[#  13]+0.050*[#   7]+0.050*[#  12]
          +0.050*[#  14]+0.038*[#   6]+0.038*[#   8]+0.038*[#  10]+0.038*[#  11]
          +0.038*[#  15]+0.038*[#  16]+0.007*[#   2]+0.007*[#   3]+0.007*[#   4]
          
    |psi|^2 = 0.859
==== e(   7) =     8.21038 eV ==== 
     psi = 0.153*[#   5]+0.153*[#   9]+0.153*[#  13]+0.050*[#   7]+0.050*[#  12]
          +0.050*[#  14]+0.038*[#   6]+0.038*[#   8]+0.038*[#  10]+0.038*[#  11]
          +0.038*[#  15]+0.038*[#  16]+0.007*[#   2]+0.007*[#   3]+0.007*[#   4]
          
    |psi|^2 = 0.859
==== e(   8) =    10.04307 eV ==== 
     psi = 0.133*[#   7]+0.133*[#  12]+0.133*[#  14]+0.110*[#   2]+0.110*[#   3]
          +0.110*[#   4]+0.109*[#   1]+0.012*[#   5]+0.012*[#   9]+0.012*[#  13]
          
    |psi|^2 = 0.878
==== e(   9) =    10.04308 eV ==== 
     psi = 0.091*[#   6]+0.091*[#   8]+0.091*[#  10]+0.091*[#  11]+0.091*[#  15]
          +0.091*[#  16]+0.049*[#   5]+0.049*[#   9]+0.049*[#  13]+0.036*[#   2]
          +0.036*[#   3]+0.036*[#   4]+0.025*[#   7]+0.025*[#  12]+0.025*[#  14]
          
    |psi|^2 = 0.878
==== e(  10) =    10.04308 eV ==== 
     psi = 0.091*[#   6]+0.091*[#   8]+0.091*[#  10]+0.091*[#  11]+0.091*[#  15]
          +0.091*[#  16]+0.049*[#   5]+0.049*[#   9]+0.049*[#  13]+0.036*[#   2]
          +0.036*[#   3]+0.036*[#   4]+0.025*[#   7]+0.025*[#  12]+0.025*[#  14]
          
    |psi|^2 = 0.878

 k =   0.1250000000  0.1250000000  0.1875000000
==== e(   1) =    -2.65556 eV ==== 
     psi = 0.148*[#   1]+0.148*[#   5]+0.148*[#   9]+0.148*[#  13]+0.034*[#   2]
          +0.034*[#   3]+0.034*[#   4]+0.034*[#   6]+0.034*[#   7]+0.034*[#   8]
          +0.034*[#  10]+0.034*[#  11]+0.034*[#  12]+0.034*[#  14]+0.034*[#  15]
          +0.034*[#  16]
    |psi|^2 = 0.999
==== e(   2) =     2.84037 eV ==== 
     psi = 0.072*[#   1]+0.072*[#   5]+0.072*[#   9]+0.072*[#  13]+0.059*[#   2]
          +0.059*[#   3]+0.059*[#   4]+0.059*[#   6]+0.059*[#   7]+0.059*[#   8]
          +0.059*[#  10]+0.059*[#  11]+0.059*[#  12]+0.059*[#  14]+0.059*[#  15]
          +0.059*[#  16]
    |psi|^2 = 0.992
==== e(   3) =     3.89338 eV ==== 
     psi = 0.127*[#   1]+0.080*[#   7]+0.080*[#  12]+0.080*[#  14]+0.058*[#   6]
          +0.058*[#   8]+0.058*[#  10]+0.058*[#  11]+0.058*[#  15]+0.058*[#  16]
          +0.048*[#   2]+0.048*[#   3]+0.048*[#   4]+0.042*[#   5]+0.042*[#   9]
          +0.042*[#  13]
    |psi|^2 = 0.989
==== e(   4) =     3.89339 eV ==== 
     psi = 0.084*[#   5]+0.084*[#   9]+0.084*[#  13]+0.075*[#   2]+0.075*[#   3]
          +0.075*[#   4]+0.064*[#   6]+0.064*[#   8]+0.064*[#  10]+0.064*[#  11]
          +0.064*[#  15]+0.064*[#  16]+0.042*[#   7]+0.042*[#  12]+0.042*[#  14]
          
    |psi|^2 = 0.989
==== e(   5) =     8.35016 eV ==== 
     psi = 0.171*[#   1]+0.084*[#   2]+0.084*[#   3]+0.084*[#   4]+0.057*[#   5]
          +0.057*[#   9]+0.057*[#  13]+0.031*[#   7]+0.031*[#  12]+0.031*[#  14]
          +0.031*[#   6]+0.031*[#   8]+0.031*[#  10]+0.031*[#  11]+0.031*[#  15]
          +0.031*[#  16]
    |psi|^2 = 0.875
==== e(   6) =     8.35017 eV ==== 
     psi = 0.114*[#   5]+0.114*[#   9]+0.114*[#  13]+0.058*[#   6]+0.058*[#   8]
          +0.058*[#  10]+0.058*[#  11]+0.058*[#  15]+0.058*[#  16]+0.057*[#   7]
          +0.057*[#  12]+0.057*[#  14]+0.004*[#   2]+0.004*[#   3]+0.004*[#   4]
          
    |psi|^2 = 0.875
==== e(   7) =     9.21939 eV ==== 
     psi = 0.132*[#   1]+0.087*[#   7]+0.087*[#  12]+0.087*[#  14]+0.060*[#   2]
          +0.060*[#   3]+0.060*[#   4]+0.044*[#   5]+0.044*[#   9]+0.044*[#  13]
          +0.035*[#   6]+0.035*[#   8]+0.035*[#  10]+0.035*[#  11]+0.035*[#  15]
          +0.035*[#  16]
    |psi|^2 = 0.915
==== e(   8) =     9.21939 eV ==== 
     psi = 0.088*[#   5]+0.088*[#   9]+0.088*[#  13]+0.074*[#   6]+0.074*[#   8]
          +0.074*[#  10]+0.074*[#  11]+0.074*[#  15]+0.074*[#  16]+0.048*[#   2]
          +0.048*[#   3]+0.048*[#   4]+0.021*[#   7]+0.021*[#  12]+0.021*[#  14]
          
    |psi|^2 = 0.915
==== e(   9) =     9.38119 eV ==== 
     psi = 0.087*[#   1]+0.087*[#   5]+0.087*[#   9]+0.087*[#  13]+0.039*[#   2]
          +0.039*[#   3]+0.039*[#   4]+0.039*[#   6]+0.039*[#   7]+0.039*[#   8]
          +0.039*[#  10]+0.039*[#  11]+0.039*[#  12]+0.039*[#  14]+0.039*[#  15]
          +0.039*[#  16]
    |psi|^2 = 0.819
==== e(  10) =    10.22592 eV ==== 
     psi = 0.055*[#   2]+0.055*[#   3]+0.055*[#   4]+0.055*[#   6]+0.055*[#   7]
          +0.055*[#   8]+0.055*[#  10]+0.055*[#  11]+0.055*[#  12]+0.055*[#  14]
          +0.055*[#  15]+0.055*[#  16]+0.053*[#   1]+0.053*[#   5]+0.053*[#   9]
          +0.053*[#  13]
    |psi|^2 = 0.872

 k =   0.1250000000  0.1250000000  0.2500000000
==== e(   1) =    -2.40988 eV ==== 
     psi = 0.130*[#   1]+0.130*[#   5]+0.130*[#   9]+0.130*[#  13]+0.040*[#   2]
          +0.040*[#   3]+0.040*[#   4]+0.040*[#   6]+0.040*[#   7]+0.040*[#   8]
          +0.040*[#  10]+0.040*[#  11]+0.040*[#  12]+0.040*[#  14]+0.040*[#  15]
          +0.040*[#  16]
    |psi|^2 = 0.999
==== e(   2) =     2.00223 eV ==== 
     psi = 0.074*[#   1]+0.074*[#   5]+0.074*[#   9]+0.074*[#  13]+0.058*[#   2]
          +0.058*[#   3]+0.058*[#   4]+0.058*[#   6]+0.058*[#   7]+0.058*[#   8]
          +0.058*[#  10]+0.058*[#  11]+0.058*[#  12]+0.058*[#  14]+0.058*[#  15]
          +0.058*[#  16]
    |psi|^2 = 0.995
==== e(   3) =     4.12668 eV ==== 
     psi = 0.121*[#   1]+0.082*[#   7]+0.082*[#  12]+0.082*[#  14]+0.057*[#   6]
          +0.057*[#   8]+0.057*[#  10]+0.057*[#  11]+0.057*[#  15]+0.057*[#  16]
          +0.052*[#   2]+0.052*[#   3]+0.052*[#   4]+0.040*[#   5]+0.040*[#   9]
          +0.040*[#  13]
    |psi|^2 = 0.989
==== e(   4) =     4.12669 eV ==== 
     psi = 0.081*[#   5]+0.081*[#   9]+0.081*[#  13]+0.072*[#   2]+0.072*[#   3]
          +0.072*[#   4]+0.067*[#   6]+0.067*[#   8]+0.067*[#  10]+0.067*[#  11]
          +0.067*[#  15]+0.067*[#  16]+0.042*[#   7]+0.042*[#  12]+0.042*[#  14]
          
    |psi|^2 = 0.989
==== e(   5) =     8.25981 eV ==== 
     psi = 0.141*[#   2]+0.141*[#   3]+0.141*[#   4]+0.081*[#   7]+0.081*[#  12]
          +0.081*[#  14]+0.045*[#   6]+0.045*[#   8]+0.045*[#  10]+0.045*[#  11]
          +0.045*[#  15]+0.045*[#  16]
    |psi|^2 = 0.941
==== e(   6) =     8.25982 eV ==== 
     psi = 0.111*[#   6]+0.111*[#   8]+0.111*[#  10]+0.111*[#  11]+0.111*[#  15]
          +0.111*[#  16]+0.075*[#   7]+0.075*[#  12]+0.075*[#  14]+0.015*[#   2]
          +0.015*[#   3]+0.015*[#   4]
    |psi|^2 = 0.941
==== e(   7) =     8.73555 eV ==== 
     psi = 0.294*[#   1]+0.098*[#   5]+0.098*[#   9]+0.098*[#  13]+0.046*[#   7]
          +0.046*[#  12]+0.046*[#  14]+0.025*[#   6]+0.025*[#   8]+0.025*[#  10]
          +0.025*[#  11]+0.025*[#  15]+0.025*[#  16]+0.006*[#   2]+0.006*[#   3]
          +0.006*[#   4]
    |psi|^2 = 0.889
==== e(   8) =     8.73555 eV ==== 
     psi = 0.196*[#   5]+0.196*[#   9]+0.196*[#  13]+0.044*[#   2]+0.044*[#   3]
          +0.044*[#   4]+0.026*[#   6]+0.026*[#   8]+0.026*[#  10]+0.026*[#  11]
          +0.026*[#  15]+0.026*[#  16]+0.005*[#   7]+0.005*[#  12]+0.005*[#  14]
          
    |psi|^2 = 0.889
==== e(   9) =    10.33155 eV ==== 
     psi = 0.071*[#   2]+0.071*[#   3]+0.071*[#   4]+0.071*[#   6]+0.071*[#   7]
          +0.071*[#   8]+0.071*[#  10]+0.071*[#  11]+0.071*[#  12]+0.071*[#  14]
          +0.071*[#  15]+0.071*[#  16]
    |psi|^2 = 0.856
==== e(  10) =    10.76729 eV ==== 
     psi = 0.130*[#   1]+0.130*[#   5]+0.130*[#   9]+0.130*[#  13]+0.021*[#   2]
          +0.021*[#   3]+0.021*[#   4]+0.021*[#   6]+0.021*[#   7]+0.021*[#   8]
          +0.021*[#  10]+0.021*[#  11]+0.021*[#  12]+0.021*[#  14]+0.021*[#  15]
          +0.021*[#  16]
    |psi|^2 = 0.775

 k =   0.1250000000  0.1250000000  0.3125000000
==== e(   1) =    -2.09462 eV ==== 
     psi = 0.114*[#   1]+0.114*[#   5]+0.114*[#   9]+0.114*[#  13]+0.045*[#   2]
          +0.045*[#   3]+0.045*[#   4]+0.045*[#   6]+0.045*[#   7]+0.045*[#   8]
          +0.045*[#  10]+0.045*[#  11]+0.045*[#  12]+0.045*[#  14]+0.045*[#  15]
          +0.045*[#  16]
    |psi|^2 = 0.999
==== e(   2) =     1.22220 eV ==== 
     psi = 0.075*[#   1]+0.075*[#   5]+0.075*[#   9]+0.075*[#  13]+0.058*[#   2]
          +0.058*[#   3]+0.058*[#   4]+0.058*[#   6]+0.058*[#   7]+0.058*[#   8]
          +0.058*[#  10]+0.058*[#  11]+0.058*[#  12]+0.058*[#  14]+0.058*[#  15]
          +0.058*[#  16]
    |psi|^2 = 0.997
==== e(   3) =     4.42586 eV ==== 
     psi = 0.115*[#   1]+0.084*[#   7]+0.084*[#  12]+0.084*[#  14]+0.057*[#   2]
          +0.057*[#   3]+0.057*[#   4]+0.056*[#   6]+0.056*[#   8]+0.056*[#  10]
          +0.056*[#  11]+0.056*[#  15]+0.056*[#  16]+0.038*[#   5]+0.038*[#   9]
          +0.038*[#  13]
    |psi|^2 = 0.989
==== e(   4) =     4.42586 eV ==== 
     psi = 0.076*[#   5]+0.076*[#   9]+0.076*[#  13]+0.071*[#   6]+0.071*[#   8]
          +0.071*[#  10]+0.071*[#  11]+0.071*[#  15]+0.071*[#  16]+0.070*[#   2]
          +0.070*[#   3]+0.070*[#   4]+0.042*[#   7]+0.042*[#  12]+0.042*[#  14]
          
    |psi|^2 = 0.989
==== e(   5) =     7.58870 eV ==== 
     psi = 0.105*[#   2]+0.105*[#   3]+0.105*[#   4]+0.084*[#   7]+0.084*[#  12]
          +0.084*[#  14]+0.058*[#   1]+0.047*[#   6]+0.047*[#   8]+0.047*[#  10]
          +0.047*[#  11]+0.047*[#  15]+0.047*[#  16]+0.019*[#   5]+0.019*[#   9]
          +0.019*[#  13]
    |psi|^2 = 0.967
==== e(   6) =     7.58870 eV ==== 
     psi = 0.094*[#   6]+0.094*[#   8]+0.094*[#  10]+0.094*[#  11]+0.094*[#  15]
          +0.094*[#  16]+0.058*[#   7]+0.058*[#  12]+0.058*[#  14]+0.039*[#   5]
          +0.039*[#   9]+0.039*[#  13]+0.037*[#   2]+0.037*[#   3]+0.037*[#   4]
          
    |psi|^2 = 0.967
==== e(   7) =     8.95170 eV ==== 
     psi = 0.220*[#   1]+0.073*[#   5]+0.073*[#   9]+0.073*[#  13]+0.054*[#   7]
          +0.054*[#  12]+0.054*[#  14]+0.047*[#   2]+0.047*[#   3]+0.047*[#   4]
          +0.026*[#   6]+0.026*[#   8]+0.026*[#  10]+0.026*[#  11]+0.026*[#  15]
          +0.026*[#  16]
    |psi|^2 = 0.893
==== e(   8) =     8.95170 eV ==== 
     psi = 0.146*[#   5]+0.146*[#   9]+0.146*[#  13]+0.050*[#   6]+0.050*[#   8]
          +0.050*[#  10]+0.050*[#  11]+0.050*[#  15]+0.050*[#  16]+0.029*[#   2]
          +0.029*[#   3]+0.029*[#   4]+0.022*[#   7]+0.022*[#  12]+0.022*[#  14]
          
    |psi|^2 = 0.893
==== e(   9) =    10.68640 eV ==== 
     psi = 0.066*[#   2]+0.066*[#   3]+0.066*[#   4]+0.066*[#   6]+0.066*[#   7]
          +0.066*[#   8]+0.066*[#  10]+0.066*[#  11]+0.066*[#  12]+0.066*[#  14]
          +0.066*[#  15]+0.066*[#  16]+0.019*[#   1]+0.019*[#   5]+0.019*[#   9]
          +0.019*[#  13]
    |psi|^2 = 0.869
==== e(  10) =    12.03087 eV ==== 
     psi = 0.102*[#   1]+0.102*[#   5]+0.102*[#   9]+0.102*[#  13]+0.023*[#   2]
          +0.023*[#   3]+0.023*[#   4]+0.023*[#   6]+0.023*[#   7]+0.023*[#   8]
          +0.023*[#  10]+0.023*[#  11]+0.023*[#  12]+0.023*[#  14]+0.023*[#  15]
          +0.023*[#  16]
    |psi|^2 = 0.689

 k =   0.1250000000  0.1250000000  0.3750000000
==== e(   1) =    -1.71028 eV ==== 
     psi = 0.102*[#   1]+0.102*[#   5]+0.102*[#   9]+0.102*[#  13]+0.049*[#   2]
          +0.049*[#   3]+0.049*[#   4]+0.049*[#   6]+0.049*[#   7]+0.049*[#   8]
          +0.049*[#  10]+0.049*[#  11]+0.049*[#  12]+0.049*[#  14]+0.049*[#  15]
          +0.049*[#  16]
    |psi|^2 = 0.999
==== e(   2) =     0.50433 eV ==== 
     psi = 0.077*[#   1]+0.077*[#   5]+0.077*[#   9]+0.077*[#  13]+0.057*[#   2]
          +0.057*[#   3]+0.057*[#   4]+0.057*[#   6]+0.057*[#   7]+0.057*[#   8]
          +0.057*[#  10]+0.057*[#  11]+0.057*[#  12]+0.057*[#  14]+0.057*[#  15]
          +0.057*[#  16]
    |psi|^2 = 0.998
==== e(   3) =     4.78983 eV ==== 
     psi = 0.105*[#   1]+0.089*[#   7]+0.089*[#  12]+0.089*[#  14]+0.061*[#   2]
          +0.061*[#   3]+0.061*[#   4]+0.055*[#   6]+0.055*[#   8]+0.055*[#  10]
          +0.055*[#  11]+0.055*[#  15]+0.055*[#  16]+0.035*[#   5]+0.035*[#   9]
          +0.035*[#  13]
    |psi|^2 = 0.989
==== e(   4) =     4.78983 eV ==== 
     psi = 0.075*[#   6]+0.075*[#   8]+0.075*[#  10]+0.075*[#  11]+0.075*[#  15]
          +0.075*[#  16]+0.070*[#   5]+0.070*[#   9]+0.070*[#  13]+0.069*[#   2]
          +0.069*[#   3]+0.069*[#   4]+0.041*[#   7]+0.041*[#  12]+0.041*[#  14]
          
    |psi|^2 = 0.989
==== e(   5) =     6.91469 eV ==== 
     psi = 0.092*[#   2]+0.092*[#   3]+0.092*[#   4]+0.087*[#   1]+0.077*[#   7]
          +0.077*[#  12]+0.077*[#  14]+0.049*[#   6]+0.049*[#   8]+0.049*[#  10]
          +0.049*[#  11]+0.049*[#  15]+0.049*[#  16]+0.029*[#   5]+0.029*[#   9]
          +0.029*[#  13]
    |psi|^2 = 0.977
==== e(   6) =     6.91469 eV ==== 
     psi = 0.085*[#   6]+0.085*[#   8]+0.085*[#  10]+0.085*[#  11]+0.085*[#  15]
          +0.085*[#  16]+0.058*[#   5]+0.058*[#   9]+0.058*[#  13]+0.056*[#   7]
          +0.056*[#  12]+0.056*[#  14]+0.041*[#   2]+0.041*[#   3]+0.041*[#   4]
          
    |psi|^2 = 0.977
==== e(   7) =     9.29030 eV ==== 
     psi = 0.110*[#   5]+0.110*[#   9]+0.110*[#  13]+0.069*[#   6]+0.069*[#   8]
          +0.069*[#  10]+0.069*[#  11]+0.069*[#  15]+0.069*[#  16]+0.030*[#   2]
          +0.030*[#   3]+0.030*[#   4]+0.023*[#   7]+0.023*[#  12]+0.023*[#  14]
          
    |psi|^2 = 0.903
==== e(   8) =     9.29030 eV ==== 
     psi = 0.165*[#   1]+0.073*[#   7]+0.073*[#  12]+0.073*[#  14]+0.065*[#   2]
          +0.065*[#   3]+0.065*[#   4]+0.055*[#   5]+0.055*[#   9]+0.055*[#  13]
          +0.027*[#   6]+0.027*[#   8]+0.027*[#  10]+0.027*[#  11]+0.027*[#  15]
          +0.027*[#  16]
    |psi|^2 = 0.903
==== e(   9) =    11.05316 eV ==== 
     psi = 0.063*[#   2]+0.063*[#   3]+0.063*[#   4]+0.063*[#   6]+0.063*[#   7]
          +0.063*[#   8]+0.063*[#  10]+0.063*[#  11]+0.063*[#  12]+0.063*[#  14]
          +0.063*[#  15]+0.063*[#  16]+0.028*[#   1]+0.028*[#   5]+0.028*[#   9]
          +0.028*[#  13]
    |psi|^2 = 0.863
==== e(  10) =    11.44320 eV ==== 
     psi = 0.070*[#   5]+0.070*[#   9]+0.070*[#  13]+0.062*[#   6]+0.062*[#   8]
          +0.062*[#  10]+0.062*[#  11]+0.062*[#  15]+0.062*[#  16]+0.053*[#   7]
          +0.053*[#  12]+0.053*[#  14]+0.050*[#   1]+0.047*[#   2]+0.047*[#   3]
          +0.047*[#   4]
    |psi|^2 = 0.930

 k =   0.1250000000  0.1250000000  0.4375000000
==== e(   1) =    -1.25742 eV ==== 
     psi = 0.092*[#   1]+0.092*[#   5]+0.092*[#   9]+0.092*[#  13]+0.053*[#   2]
          +0.053*[#   3]+0.053*[#   4]+0.053*[#   6]+0.053*[#   7]+0.053*[#   8]
          +0.053*[#  10]+0.053*[#  11]+0.053*[#  12]+0.053*[#  14]+0.053*[#  15]
          +0.053*[#  16]
    |psi|^2 = 0.999
==== e(   2) =    -0.14914 eV ==== 
     psi = 0.080*[#   1]+0.080*[#   5]+0.080*[#   9]+0.080*[#  13]+0.057*[#   2]
          +0.057*[#   3]+0.057*[#   4]+0.057*[#   6]+0.057*[#   7]+0.057*[#   8]
          +0.057*[#  10]+0.057*[#  11]+0.057*[#  12]+0.057*[#  14]+0.057*[#  15]
          +0.057*[#  16]
    |psi|^2 = 0.998
==== e(   3) =     5.21462 eV ==== 
     psi = 0.082*[#   6]+0.082*[#   8]+0.082*[#  10]+0.082*[#  11]+0.082*[#  15]
          +0.082*[#  16]+0.072*[#   2]+0.072*[#   3]+0.072*[#   4]+0.058*[#   5]
          +0.058*[#   9]+0.058*[#  13]+0.036*[#   7]+0.036*[#  12]+0.036*[#  14]
          
    |psi|^2 = 0.989
==== e(   4) =     5.21462 eV ==== 
     psi = 0.100*[#   7]+0.100*[#  12]+0.100*[#  14]+0.086*[#   1]+0.064*[#   2]
          +0.064*[#   3]+0.064*[#   4]+0.054*[#   6]+0.054*[#   8]+0.054*[#  10]
          +0.054*[#  11]+0.054*[#  15]+0.054*[#  16]+0.029*[#   5]+0.029*[#   9]
          +0.029*[#  13]
    |psi|^2 = 0.989
==== e(   5) =     6.30005 eV ==== 
     psi = 0.114*[#   1]+0.086*[#   2]+0.086*[#   3]+0.086*[#   4]+0.066*[#   7]
          +0.066*[#  12]+0.066*[#  14]+0.050*[#   6]+0.050*[#   8]+0.050*[#  10]
          +0.050*[#  11]+0.050*[#  15]+0.050*[#  16]+0.038*[#   5]+0.038*[#   9]
          +0.038*[#  13]
    |psi|^2 = 0.983
==== e(   6) =     6.30006 eV ==== 
     psi = 0.076*[#   5]+0.076*[#   6]+0.076*[#   8]+0.076*[#   9]+0.076*[#  10]
          +0.076*[#  11]+0.076*[#  13]+0.076*[#  15]+0.076*[#  16]+0.060*[#   7]
          +0.060*[#  12]+0.060*[#  14]+0.040*[#   2]+0.040*[#   3]+0.040*[#   4]
          
    |psi|^2 = 0.983
==== e(   7) =     9.67634 eV ==== 
     psi = 0.091*[#   6]+0.091*[#   8]+0.091*[#  10]+0.091*[#  11]+0.091*[#  15]
          +0.091*[#  16]+0.066*[#   5]+0.066*[#   9]+0.066*[#  13]+0.037*[#   2]
          +0.037*[#   3]+0.037*[#   4]+0.016*[#   7]+0.016*[#  12]+0.016*[#  14]
          
    |psi|^2 = 0.903
==== e(   8) =     9.67634 eV ==== 
     psi = 0.101*[#   7]+0.101*[#  12]+0.101*[#  14]+0.098*[#   1]+0.081*[#   2]
          +0.081*[#   3]+0.081*[#   4]+0.033*[#   5]+0.033*[#   9]+0.033*[#  13]
          +0.026*[#   6]+0.026*[#   8]+0.026*[#  10]+0.026*[#  11]+0.026*[#  15]
          +0.026*[#  16]
    |psi|^2 = 0.903
==== e(   9) =    10.87512 eV ==== 
     psi = 0.192*[#   1]+0.081*[#   2]+0.081*[#   3]+0.081*[#   4]+0.064*[#   5]
          +0.064*[#   9]+0.064*[#  13]+0.045*[#   7]+0.045*[#  12]+0.045*[#  14]
          +0.031*[#   6]+0.031*[#   8]+0.031*[#  10]+0.031*[#  11]+0.031*[#  15]
          +0.031*[#  16]
    |psi|^2 = 0.951
==== e(  10) =    10.87514 eV ==== 
     psi = 0.128*[#   5]+0.128*[#   9]+0.128*[#  13]+0.063*[#   6]+0.063*[#   8]
          +0.063*[#  10]+0.063*[#  11]+0.063*[#  15]+0.063*[#  16]+0.050*[#   7]
          +0.050*[#  12]+0.050*[#  14]+0.013*[#   2]+0.013*[#   3]+0.013*[#   4]
          
    |psi|^2 = 0.951

 k =   0.1250000000  0.1250000000 -0.5000000000
==== e(   1) =    -0.73676 eV ==== 
     psi = 0.169*[#   1]+0.105*[#   6]+0.105*[#   8]+0.105*[#  10]+0.105*[#  11]
          +0.105*[#  15]+0.105*[#  16]+0.056*[#   5]+0.056*[#   9]+0.056*[#  13]
          +0.011*[#   2]+0.011*[#   3]+0.011*[#   4]
    |psi|^2 = 0.999
==== e(   2) =    -0.73674 eV ==== 
     psi = 0.113*[#   5]+0.113*[#   9]+0.113*[#  13]+0.110*[#   7]+0.110*[#  12]
          +0.110*[#  14]+0.099*[#   2]+0.099*[#   3]+0.099*[#   4]+0.005*[#   6]
          +0.005*[#   8]+0.005*[#  10]+0.005*[#  11]+0.005*[#  15]+0.005*[#  16]
          
    |psi|^2 = 0.999
==== e(   3) =     5.60183 eV ==== 
     psi = 0.111*[#   2]+0.111*[#   3]+0.111*[#   4]+0.109*[#   6]+0.109*[#   8]
          +0.109*[#  10]+0.109*[#  11]+0.109*[#  15]+0.109*[#  16]
    |psi|^2 = 0.989
==== e(   4) =     5.60185 eV ==== 
     psi = 0.165*[#   7]+0.165*[#  12]+0.165*[#  14]+0.056*[#   6]+0.056*[#   8]
          +0.056*[#  10]+0.056*[#  11]+0.056*[#  15]+0.056*[#  16]+0.053*[#   2]
          +0.053*[#   3]+0.053*[#   4]
    |psi|^2 = 0.989
==== e(   5) =     5.84917 eV ==== 
     psi = 0.203*[#   1]+0.096*[#   2]+0.096*[#   3]+0.096*[#   4]+0.068*[#   5]
          +0.068*[#   9]+0.068*[#  13]+0.048*[#   6]+0.048*[#   8]+0.048*[#  10]
          +0.048*[#  11]+0.048*[#  15]+0.048*[#  16]
    |psi|^2 = 0.984
==== e(   6) =     5.84919 eV ==== 
     psi = 0.135*[#   5]+0.135*[#   9]+0.135*[#  13]+0.096*[#   7]+0.096*[#  12]
          +0.096*[#  14]+0.048*[#   6]+0.048*[#   8]+0.048*[#  10]+0.048*[#  11]
          +0.048*[#  15]+0.048*[#  16]
    |psi|^2 = 0.984
==== e(   7) =     9.94528 eV ==== 
     psi = 0.122*[#   6]+0.122*[#   8]+0.122*[#  10]+0.122*[#  11]+0.122*[#  15]
          +0.122*[#  16]+0.050*[#   2]+0.050*[#   3]+0.050*[#   4]
    |psi|^2 = 0.884
==== e(   8) =     9.94530 eV ==== 
     psi = 0.147*[#   7]+0.147*[#  12]+0.147*[#  14]+0.097*[#   2]+0.097*[#   3]
          +0.097*[#   4]+0.025*[#   6]+0.025*[#   8]+0.025*[#  10]+0.025*[#  11]
          +0.025*[#  15]+0.025*[#  16]
    |psi|^2 = 0.884
==== e(   9) =    10.54529 eV ==== 
     psi = 0.289*[#   1]+0.096*[#   5]+0.096*[#   9]+0.096*[#  13]+0.067*[#   2]
          +0.067*[#   3]+0.067*[#   4]+0.033*[#   6]+0.033*[#   8]+0.033*[#  10]
          +0.033*[#  11]+0.033*[#  15]+0.033*[#  16]
    |psi|^2 = 0.977
==== e(  10) =    10.54531 eV ==== 
     psi = 0.192*[#   5]+0.192*[#   9]+0.192*[#  13]+0.067*[#   7]+0.067*[#  12]
          +0.067*[#  14]+0.033*[#   6]+0.033*[#   8]+0.033*[#  10]+0.033*[#  11]
          +0.033*[#  15]+0.033*[#  16]
    |psi|^2 = 0.977

 k =   0.1250000000  0.1875000000  0.1875000000
==== e(   1) =    -2.48004 eV ==== 
     psi = 0.136*[#   1]+0.136*[#   5]+0.136*[#   9]+0.136*[#  13]+0.038*[#   2]
          +0.038*[#   3]+0.038*[#   4]+0.038*[#   6]+0.038*[#   7]+0.038*[#   8]
          +0.038*[#  10]+0.038*[#  11]+0.038*[#  12]+0.038*[#  14]+0.038*[#  15]
          +0.038*[#  16]
    |psi|^2 = 0.999
==== e(   2) =     3.00887 eV ==== 
     psi = 0.141*[#   1]+0.087*[#   7]+0.087*[#  12]+0.087*[#  14]+0.058*[#   6]
          +0.058*[#   8]+0.058*[#  10]+0.058*[#  11]+0.058*[#  15]+0.058*[#  16]
          +0.047*[#   5]+0.047*[#   9]+0.047*[#  13]+0.034*[#   2]+0.034*[#   3]
          +0.034*[#   4]
    |psi|^2 = 0.992
==== e(   3) =     3.00887 eV ==== 
     psi = 0.094*[#   5]+0.094*[#   9]+0.094*[#  13]+0.084*[#   2]+0.084*[#   3]
          +0.084*[#   4]+0.060*[#   6]+0.060*[#   8]+0.060*[#  10]+0.060*[#  11]
          +0.060*[#  15]+0.060*[#  16]+0.032*[#   7]+0.032*[#  12]+0.032*[#  14]
          
    |psi|^2 = 0.992
==== e(   4) =     4.05999 eV ==== 
     psi = 0.062*[#   1]+0.062*[#   5]+0.062*[#   9]+0.062*[#  13]+0.062*[#   2]
          +0.062*[#   3]+0.062*[#   4]+0.062*[#   6]+0.062*[#   7]+0.062*[#   8]
          +0.062*[#  10]+0.062*[#  11]+0.062*[#  12]+0.062*[#  14]+0.062*[#  15]
          +0.062*[#  16]
    |psi|^2 = 0.988
==== e(   5) =     8.20342 eV ==== 
     psi = 0.078*[#   2]+0.078*[#   3]+0.078*[#   4]+0.078*[#   6]+0.078*[#   7]
          +0.078*[#   8]+0.078*[#  10]+0.078*[#  11]+0.078*[#  12]+0.078*[#  14]
          +0.078*[#  15]+0.078*[#  16]
    |psi|^2 = 0.941
==== e(   6) =     8.68355 eV ==== 
     psi = 0.158*[#   1]+0.158*[#   5]+0.158*[#   9]+0.158*[#  13]+0.020*[#   2]
          +0.020*[#   3]+0.020*[#   4]+0.020*[#   6]+0.020*[#   7]+0.020*[#   8]
          +0.020*[#  10]+0.020*[#  11]+0.020*[#  12]+0.020*[#  14]+0.020*[#  15]
          +0.020*[#  16]
    |psi|^2 = 0.879
==== e(   7) =     9.23476 eV ==== 
     psi = 0.139*[#   2]+0.139*[#   3]+0.139*[#   4]+0.087*[#   7]+0.087*[#  12]
          +0.087*[#  14]+0.038*[#   6]+0.038*[#   8]+0.038*[#  10]+0.038*[#  11]
          +0.038*[#  15]+0.038*[#  16]
    |psi|^2 = 0.906
==== e(   8) =     9.23477 eV ==== 
     psi = 0.113*[#   6]+0.113*[#   8]+0.113*[#  10]+0.113*[#  11]+0.113*[#  15]
          +0.113*[#  16]+0.064*[#   7]+0.064*[#  12]+0.064*[#  14]+0.012*[#   2]
          +0.012*[#   3]+0.012*[#   4]
    |psi|^2 = 0.906
==== e(   9) =     9.68656 eV ==== 
     psi = 0.279*[#   1]+0.093*[#   5]+0.093*[#   9]+0.093*[#  13]+0.028*[#   7]
          +0.028*[#  12]+0.028*[#  14]+0.026*[#   2]+0.026*[#   3]+0.026*[#   4]
          +0.020*[#   6]+0.020*[#   8]+0.020*[#  10]+0.020*[#  11]+0.020*[#  15]
          +0.020*[#  16]
    |psi|^2 = 0.840
==== e(  10) =     9.68656 eV ==== 
     psi = 0.186*[#   5]+0.186*[#   9]+0.186*[#  13]+0.027*[#   6]+0.027*[#   8]
          +0.027*[#  10]+0.027*[#  11]+0.027*[#  15]+0.027*[#  16]+0.021*[#   2]
          +0.021*[#   3]+0.021*[#   4]+0.019*[#   7]+0.019*[#  12]+0.019*[#  14]
          
    |psi|^2 = 0.840

 k =   0.1250000000  0.1875000000  0.2500000000
==== e(   1) =    -2.23466 eV ==== 
     psi = 0.122*[#   1]+0.122*[#   5]+0.122*[#   9]+0.122*[#  13]+0.043*[#   2]
          +0.043*[#   3]+0.043*[#   4]+0.043*[#   6]+0.043*[#   7]+0.043*[#   8]
          +0.043*[#  10]+0.043*[#  11]+0.043*[#  12]+0.043*[#  14]+0.043*[#  15]
          +0.043*[#  16]
    |psi|^2 = 0.999
==== e(   2) =     2.17196 eV ==== 
     psi = 0.074*[#   1]+0.074*[#   5]+0.074*[#   9]+0.074*[#  13]+0.058*[#   2]
          +0.058*[#   3]+0.058*[#   4]+0.058*[#   6]+0.058*[#   7]+0.058*[#   8]
          +0.058*[#  10]+0.058*[#  11]+0.058*[#  12]+0.058*[#  14]+0.058*[#  15]
          +0.058*[#  16]
    |psi|^2 = 0.995
==== e(   3) =     3.24442 eV ==== 
     psi = 0.069*[#   1]+0.069*[#   5]+0.069*[#   9]+0.069*[#  13]+0.060*[#   2]
          +0.060*[#   3]+0.060*[#   4]+0.060*[#   6]+0.060*[#   7]+0.060*[#   8]
          +0.060*[#  10]+0.060*[#  11]+0.060*[#  12]+0.060*[#  14]+0.060*[#  15]
          +0.060*[#  16]
    |psi|^2 = 0.992
==== e(   4) =     4.29271 eV ==== 
     psi = 0.063*[#   2]+0.063*[#   3]+0.063*[#   4]+0.063*[#   6]+0.063*[#   7]
          +0.063*[#   8]+0.063*[#  10]+0.063*[#  11]+0.063*[#  12]+0.063*[#  14]
          +0.063*[#  15]+0.063*[#  16]+0.060*[#   1]+0.060*[#   5]+0.060*[#   9]
          +0.060*[#  13]
    |psi|^2 = 0.988
==== e(   5) =     7.48010 eV ==== 
     psi = 0.070*[#   2]+0.070*[#   3]+0.070*[#   4]+0.070*[#   6]+0.070*[#   7]
          +0.070*[#   8]+0.070*[#  10]+0.070*[#  11]+0.070*[#  12]+0.070*[#  14]
          +0.070*[#  15]+0.070*[#  16]+0.032*[#   1]+0.032*[#   5]+0.032*[#   9]
          +0.032*[#  13]
    |psi|^2 = 0.967
==== e(   6) =     8.50247 eV ==== 
     psi = 0.070*[#   2]+0.070*[#   3]+0.070*[#   4]+0.070*[#   6]+0.070*[#   7]
          +0.070*[#   8]+0.070*[#  10]+0.070*[#  11]+0.070*[#  12]+0.070*[#  14]
          +0.070*[#  15]+0.070*[#  16]+0.026*[#   1]+0.026*[#   5]+0.026*[#   9]
          +0.026*[#  13]
    |psi|^2 = 0.948
==== e(   7) =     8.83230 eV ==== 
     psi = 0.128*[#   1]+0.128*[#   5]+0.128*[#   9]+0.128*[#  13]+0.030*[#   2]
          +0.030*[#   3]+0.030*[#   4]+0.030*[#   6]+0.030*[#   7]+0.030*[#   8]
          +0.030*[#  10]+0.030*[#  11]+0.030*[#  12]+0.030*[#  14]+0.030*[#  15]
          +0.030*[#  16]
    |psi|^2 = 0.876
==== e(   8) =     9.53869 eV ==== 
     psi = 0.069*[#   2]+0.069*[#   3]+0.069*[#   4]+0.069*[#   6]+0.069*[#   7]
          +0.069*[#   8]+0.069*[#  10]+0.069*[#  11]+0.069*[#  12]+0.069*[#  14]
          +0.069*[#  15]+0.069*[#  16]+0.023*[#   1]+0.023*[#   5]+0.023*[#   9]
          +0.023*[#  13]
    |psi|^2 = 0.917
==== e(   9) =     9.84062 eV ==== 
     psi = 0.108*[#   1]+0.108*[#   5]+0.108*[#   9]+0.108*[#  13]+0.034*[#   2]
          +0.034*[#   3]+0.034*[#   4]+0.034*[#   6]+0.034*[#   7]+0.034*[#   8]
          +0.034*[#  10]+0.034*[#  11]+0.034*[#  12]+0.034*[#  14]+0.034*[#  15]
          +0.034*[#  16]
    |psi|^2 = 0.842
==== e(  10) =    10.87227 eV ==== 
     psi = 0.108*[#   1]+0.108*[#   5]+0.108*[#   9]+0.108*[#  13]+0.028*[#   2]
          +0.028*[#   3]+0.028*[#   4]+0.028*[#   6]+0.028*[#   7]+0.028*[#   8]
          +0.028*[#  10]+0.028*[#  11]+0.028*[#  12]+0.028*[#  14]+0.028*[#  15]
          +0.028*[#  16]
    |psi|^2 = 0.772

 k =   0.1250000000  0.1875000000  0.3125000000
==== e(   1) =    -1.91980 eV ==== 
     psi = 0.110*[#   1]+0.110*[#   5]+0.110*[#   9]+0.110*[#  13]+0.047*[#   2]
          +0.047*[#   3]+0.047*[#   4]+0.047*[#   6]+0.047*[#   7]+0.047*[#   8]
          +0.047*[#  10]+0.047*[#  11]+0.047*[#  12]+0.047*[#  14]+0.047*[#  15]
          +0.047*[#  16]
    |psi|^2 = 0.999
==== e(   2) =     1.39295 eV ==== 
     psi = 0.075*[#   1]+0.075*[#   5]+0.075*[#   9]+0.075*[#  13]+0.058*[#   2]
          +0.058*[#   3]+0.058*[#   4]+0.058*[#   6]+0.058*[#   7]+0.058*[#   8]
          +0.058*[#  10]+0.058*[#  11]+0.058*[#  12]+0.058*[#  14]+0.058*[#  15]
          +0.058*[#  16]
    |psi|^2 = 0.997
==== e(   3) =     3.54660 eV ==== 
     psi = 0.067*[#   1]+0.067*[#   5]+0.067*[#   9]+0.067*[#  13]+0.060*[#   2]
          +0.060*[#   3]+0.060*[#   4]+0.060*[#   6]+0.060*[#   7]+0.060*[#   8]
          +0.060*[#  10]+0.060*[#  11]+0.060*[#  12]+0.060*[#  14]+0.060*[#  15]
          +0.060*[#  16]
    |psi|^2 = 0.993
==== e(   4) =     4.59056 eV ==== 
     psi = 0.064*[#   2]+0.064*[#   3]+0.064*[#   4]+0.064*[#   6]+0.064*[#   7]
          +0.064*[#   8]+0.064*[#  10]+0.064*[#  11]+0.064*[#  12]+0.064*[#  14]
          +0.064*[#  15]+0.064*[#  16]+0.056*[#   1]+0.056*[#   5]+0.056*[#   9]
          +0.056*[#  13]
    |psi|^2 = 0.988
==== e(   5) =     6.74366 eV ==== 
     psi = 0.065*[#   2]+0.065*[#   3]+0.065*[#   4]+0.065*[#   6]+0.065*[#   7]
          +0.065*[#   8]+0.065*[#  10]+0.065*[#  11]+0.065*[#  12]+0.065*[#  14]
          +0.065*[#  15]+0.065*[#  16]+0.050*[#   1]+0.050*[#   5]+0.050*[#   9]
          +0.050*[#  13]
    |psi|^2 = 0.977
==== e(   6) =     7.76591 eV ==== 
     psi = 0.067*[#   2]+0.067*[#   3]+0.067*[#   4]+0.067*[#   6]+0.067*[#   7]
          +0.067*[#   8]+0.067*[#  10]+0.067*[#  11]+0.067*[#  12]+0.067*[#  14]
          +0.067*[#  15]+0.067*[#  16]+0.040*[#   1]+0.040*[#   5]+0.040*[#   9]
          +0.040*[#  13]
    |psi|^2 = 0.965
==== e(   7) =     9.11444 eV ==== 
     psi = 0.108*[#   1]+0.108*[#   5]+0.108*[#   9]+0.108*[#  13]+0.038*[#   2]
          +0.038*[#   3]+0.038*[#   4]+0.038*[#   6]+0.038*[#   7]+0.038*[#   8]
          +0.038*[#  10]+0.038*[#  11]+0.038*[#  12]+0.038*[#  14]+0.038*[#  15]
          +0.038*[#  16]
    |psi|^2 = 0.886
==== e(   8) =     9.84405 eV ==== 
     psi = 0.065*[#   2]+0.065*[#   3]+0.065*[#   4]+0.065*[#   6]+0.065*[#   7]
          +0.065*[#   8]+0.065*[#  10]+0.065*[#  11]+0.065*[#  12]+0.065*[#  14]
          +0.065*[#  15]+0.065*[#  16]+0.033*[#   1]+0.033*[#   5]+0.033*[#   9]
          +0.033*[#  13]
    |psi|^2 = 0.912
==== e(   9) =    10.11378 eV ==== 
     psi = 0.083*[#   1]+0.083*[#   5]+0.083*[#   9]+0.083*[#  13]+0.044*[#   2]
          +0.044*[#   3]+0.044*[#   4]+0.044*[#   6]+0.044*[#   7]+0.044*[#   8]
          +0.044*[#  10]+0.044*[#  11]+0.044*[#  12]+0.044*[#  14]+0.044*[#  15]
          +0.044*[#  16]
    |psi|^2 = 0.857
==== e(  10) =    12.18181 eV ==== 
     psi = 0.087*[#   1]+0.087*[#   5]+0.087*[#   9]+0.087*[#  13]+0.030*[#   2]
          +0.030*[#   3]+0.030*[#   4]+0.030*[#   6]+0.030*[#   7]+0.030*[#   8]
          +0.030*[#  10]+0.030*[#  11]+0.030*[#  12]+0.030*[#  14]+0.030*[#  15]
          +0.030*[#  16]
    |psi|^2 = 0.704

 k =   0.1250000000  0.1875000000  0.3750000000
==== e(   1) =    -1.53593 eV ==== 
     psi = 0.099*[#   1]+0.099*[#   5]+0.099*[#   9]+0.099*[#  13]+0.050*[#   2]
          +0.050*[#   3]+0.050*[#   4]+0.050*[#   6]+0.050*[#   7]+0.050*[#   8]
          +0.050*[#  10]+0.050*[#  11]+0.050*[#  12]+0.050*[#  14]+0.050*[#  15]
          +0.050*[#  16]
    |psi|^2 = 0.999
==== e(   2) =     0.67599 eV ==== 
     psi = 0.077*[#   1]+0.077*[#   5]+0.077*[#   9]+0.077*[#  13]+0.057*[#   2]
          +0.057*[#   3]+0.057*[#   4]+0.057*[#   6]+0.057*[#   7]+0.057*[#   8]
          +0.057*[#  10]+0.057*[#  11]+0.057*[#  12]+0.057*[#  14]+0.057*[#  15]
          +0.057*[#  16]
    |psi|^2 = 0.998
==== e(   3) =     3.91477 eV ==== 
     psi = 0.064*[#   1]+0.064*[#   5]+0.064*[#   9]+0.064*[#  13]+0.061*[#   2]
          +0.061*[#   3]+0.061*[#   4]+0.061*[#   6]+0.061*[#   7]+0.061*[#   8]
          +0.061*[#  10]+0.061*[#  11]+0.061*[#  12]+0.061*[#  14]+0.061*[#  15]
          +0.061*[#  16]
    |psi|^2 = 0.992
==== e(   4) =     4.94973 eV ==== 
     psi = 0.067*[#   2]+0.067*[#   3]+0.067*[#   4]+0.067*[#   6]+0.067*[#   7]
          +0.067*[#   8]+0.067*[#  10]+0.067*[#  11]+0.067*[#  12]+0.067*[#  14]
          +0.067*[#  15]+0.067*[#  16]+0.047*[#   1]+0.047*[#   5]+0.047*[#   9]
          +0.047*[#  13]
    |psi|^2 = 0.988
==== e(   5) =     6.06329 eV ==== 
     psi = 0.066*[#   1]+0.066*[#   5]+0.066*[#   9]+0.066*[#  13]+0.060*[#   2]
          +0.060*[#   3]+0.060*[#   4]+0.060*[#   6]+0.060*[#   7]+0.060*[#   8]
          +0.060*[#  10]+0.060*[#  11]+0.060*[#  12]+0.060*[#  14]+0.060*[#  15]
          +0.060*[#  16]
    |psi|^2 = 0.983
==== e(   6) =     7.08303 eV ==== 
     psi = 0.065*[#   2]+0.065*[#   3]+0.065*[#   4]+0.065*[#   6]+0.065*[#   7]
          +0.065*[#   8]+0.065*[#  10]+0.065*[#  11]+0.065*[#  12]+0.065*[#  14]
          +0.065*[#  15]+0.065*[#  16]+0.049*[#   1]+0.049*[#   5]+0.049*[#   9]
          +0.049*[#  13]
    |psi|^2 = 0.975
==== e(   7) =     9.46718 eV ==== 
     psi = 0.090*[#   1]+0.090*[#   5]+0.090*[#   9]+0.090*[#  13]+0.045*[#   2]
          +0.045*[#   3]+0.045*[#   4]+0.045*[#   6]+0.045*[#   7]+0.045*[#   8]
          +0.045*[#  10]+0.045*[#  11]+0.045*[#  12]+0.045*[#  14]+0.045*[#  15]
          +0.045*[#  16]
    |psi|^2 = 0.897
==== e(   8) =    10.20691 eV ==== 
     psi = 0.062*[#   2]+0.062*[#   3]+0.062*[#   4]+0.062*[#   6]+0.062*[#   7]
          +0.062*[#   8]+0.062*[#  10]+0.062*[#  11]+0.062*[#  12]+0.062*[#  14]
          +0.062*[#  15]+0.062*[#  16]+0.041*[#   1]+0.041*[#   5]+0.041*[#   9]
          +0.041*[#  13]
    |psi|^2 = 0.905
==== e(   9) =    10.43682 eV ==== 
     psi = 0.055*[#   2]+0.055*[#   3]+0.055*[#   4]+0.055*[#   6]+0.055*[#   7]
          +0.055*[#   8]+0.055*[#  10]+0.055*[#  11]+0.055*[#  12]+0.055*[#  14]
          +0.055*[#  15]+0.055*[#  16]+0.052*[#   1]+0.052*[#   5]+0.052*[#   9]
          +0.052*[#  13]
    |psi|^2 = 0.862
==== e(  10) =    11.63164 eV ==== 
     psi = 0.079*[#   1]+0.079*[#   5]+0.079*[#   9]+0.079*[#  13]+0.052*[#   2]
          +0.052*[#   3]+0.052*[#   4]+0.052*[#   6]+0.052*[#   7]+0.052*[#   8]
          +0.052*[#  10]+0.052*[#  11]+0.052*[#  12]+0.052*[#  14]+0.052*[#  15]
          +0.052*[#  16]
    |psi|^2 = 0.942

 k =   0.1250000000  0.1875000000  0.4375000000
==== e(   1) =    -1.08362 eV ==== 
     psi = 0.090*[#   1]+0.090*[#   5]+0.090*[#   9]+0.090*[#  13]+0.053*[#   2]
          +0.053*[#   3]+0.053*[#   4]+0.053*[#   6]+0.053*[#   7]+0.053*[#   8]
          +0.053*[#  10]+0.053*[#  11]+0.053*[#  12]+0.053*[#  14]+0.053*[#  15]
          +0.053*[#  16]
    |psi|^2 = 0.999
==== e(   2) =     0.02332 eV ==== 
     psi = 0.080*[#   1]+0.080*[#   5]+0.080*[#   9]+0.080*[#  13]+0.057*[#   2]
          +0.057*[#   3]+0.057*[#   4]+0.057*[#   6]+0.057*[#   7]+0.057*[#   8]
          +0.057*[#  10]+0.057*[#  11]+0.057*[#  12]+0.057*[#  14]+0.057*[#  15]
          +0.057*[#  16]
    |psi|^2 = 0.998
==== e(   3) =     4.34765 eV ==== 
     psi = 0.063*[#   2]+0.063*[#   3]+0.063*[#   4]+0.063*[#   6]+0.063*[#   7]
          +0.063*[#   8]+0.063*[#  10]+0.063*[#  11]+0.063*[#  12]+0.063*[#  14]
          +0.063*[#  15]+0.063*[#  16]+0.059*[#   1]+0.059*[#   5]+0.059*[#   9]
          +0.059*[#  13]
    |psi|^2 = 0.992
==== e(   4) =     5.28123 eV ==== 
     psi = 0.083*[#   2]+0.083*[#   3]+0.083*[#   4]+0.083*[#   6]+0.083*[#   7]
          +0.083*[#   8]+0.083*[#  10]+0.083*[#  11]+0.083*[#  12]+0.083*[#  14]
          +0.083*[#  15]+0.083*[#  16]
    |psi|^2 = 0.991
==== e(   5) =     5.53595 eV ==== 
     psi = 0.116*[#   1]+0.116*[#   5]+0.116*[#   9]+0.116*[#  13]+0.043*[#   2]
          +0.043*[#   3]+0.043*[#   4]+0.043*[#   6]+0.043*[#   7]+0.043*[#   8]
          +0.043*[#  10]+0.043*[#  11]+0.043*[#  12]+0.043*[#  14]+0.043*[#  15]
          +0.043*[#  16]
    |psi|^2 = 0.984
==== e(   6) =     6.46174 eV ==== 
     psi = 0.063*[#   2]+0.063*[#   3]+0.063*[#   4]+0.063*[#   6]+0.063*[#   7]
          +0.063*[#   8]+0.063*[#  10]+0.063*[#  11]+0.063*[#  12]+0.063*[#  14]
          +0.063*[#  15]+0.063*[#  16]+0.057*[#   1]+0.057*[#   5]+0.057*[#   9]
          +0.057*[#  13]
    |psi|^2 = 0.981
==== e(   7) =     9.87984 eV ==== 
     psi = 0.070*[#   1]+0.070*[#   5]+0.070*[#   9]+0.070*[#  13]+0.052*[#   2]
          +0.052*[#   3]+0.052*[#   4]+0.052*[#   6]+0.052*[#   7]+0.052*[#   8]
          +0.052*[#  10]+0.052*[#  11]+0.052*[#  12]+0.052*[#  14]+0.052*[#  15]
          +0.052*[#  16]
    |psi|^2 = 0.902
==== e(   8) =    10.63199 eV ==== 
     psi = 0.059*[#   2]+0.059*[#   3]+0.059*[#   4]+0.059*[#   6]+0.059*[#   7]
          +0.059*[#   8]+0.059*[#  10]+0.059*[#  11]+0.059*[#  12]+0.059*[#  14]
          +0.059*[#  15]+0.059*[#  16]+0.048*[#   1]+0.048*[#   5]+0.048*[#   9]
          +0.048*[#  13]
    |psi|^2 = 0.896
==== e(   9) =    10.65910 eV ==== 
     psi = 0.071*[#   2]+0.071*[#   3]+0.071*[#   4]+0.071*[#   6]+0.071*[#   7]
          +0.071*[#   8]+0.071*[#  10]+0.071*[#  11]+0.071*[#  12]+0.071*[#  14]
          +0.071*[#  15]+0.071*[#  16]
    |psi|^2 = 0.852
==== e(  10) =    11.22550 eV ==== 
     psi = 0.129*[#   1]+0.129*[#   5]+0.129*[#   9]+0.129*[#  13]+0.038*[#   2]
          +0.038*[#   3]+0.038*[#   4]+0.038*[#   6]+0.038*[#   7]+0.038*[#   8]
          +0.038*[#  10]+0.038*[#  11]+0.038*[#  12]+0.038*[#  14]+0.038*[#  15]
          +0.038*[#  16]
    |psi|^2 = 0.972

 k =   0.1250000000  0.1875000000 -0.5000000000
==== e(   1) =    -0.56359 eV ==== 
     psi = 0.168*[#   1]+0.102*[#   6]+0.102*[#   8]+0.102*[#  10]+0.102*[#  11]
          +0.102*[#  15]+0.102*[#  16]+0.056*[#   5]+0.056*[#   9]+0.056*[#  13]
          +0.016*[#   2]+0.016*[#   3]+0.016*[#   4]
    |psi|^2 = 0.999
==== e(   2) =    -0.56357 eV ==== 
     psi = 0.112*[#   5]+0.112*[#   9]+0.112*[#  13]+0.110*[#   7]+0.110*[#  12]
          +0.110*[#  14]+0.094*[#   2]+0.094*[#   3]+0.094*[#   4]+0.008*[#   6]
          +0.008*[#   8]+0.008*[#  10]+0.008*[#  11]+0.008*[#  15]+0.008*[#  16]
          
    |psi|^2 = 0.999
==== e(   3) =     4.84069 eV ==== 
     psi = 0.098*[#   1]+0.096*[#   2]+0.096*[#   3]+0.096*[#   4]+0.085*[#   6]
          +0.085*[#   8]+0.085*[#  10]+0.085*[#  11]+0.085*[#  15]+0.085*[#  16]
          +0.033*[#   5]+0.033*[#   9]+0.033*[#  13]
    |psi|^2 = 0.991
==== e(   4) =     4.84071 eV ==== 
     psi = 0.133*[#   7]+0.133*[#  12]+0.133*[#  14]+0.065*[#   5]+0.065*[#   9]
          +0.065*[#  13]+0.048*[#   6]+0.048*[#   8]+0.048*[#  10]+0.048*[#  11]
          +0.048*[#  15]+0.048*[#  16]+0.037*[#   2]+0.037*[#   3]+0.037*[#   4]
          
    |psi|^2 = 0.991
==== e(   5) =     5.90835 eV ==== 
     psi = 0.137*[#   1]+0.101*[#   2]+0.101*[#   3]+0.101*[#   4]+0.068*[#   6]
          +0.068*[#   8]+0.068*[#  10]+0.068*[#  11]+0.068*[#  15]+0.068*[#  16]
          +0.046*[#   5]+0.046*[#   9]+0.046*[#  13]
    |psi|^2 = 0.984
==== e(   6) =     5.90838 eV ==== 
     psi = 0.119*[#   7]+0.119*[#  12]+0.119*[#  14]+0.091*[#   5]+0.091*[#   9]
          +0.091*[#  13]+0.050*[#   6]+0.050*[#   8]+0.050*[#  10]+0.050*[#  11]
          +0.050*[#  15]+0.050*[#  16]+0.018*[#   2]+0.018*[#   3]+0.018*[#   4]
          
    |psi|^2 = 0.984
==== e(   7) =    10.33271 eV ==== 
     psi = 0.095*[#   6]+0.095*[#   8]+0.095*[#  10]+0.095*[#  11]+0.095*[#  15]
          +0.095*[#  16]+0.082*[#   1]+0.053*[#   2]+0.053*[#   3]+0.053*[#   4]
          +0.027*[#   5]+0.027*[#   9]+0.027*[#  13]
    |psi|^2 = 0.894
==== e(   8) =    10.33272 eV ==== 
     psi = 0.122*[#   7]+0.122*[#  12]+0.122*[#  14]+0.069*[#   2]+0.069*[#   3]
          +0.069*[#   4]+0.055*[#   5]+0.055*[#   9]+0.055*[#  13]+0.026*[#   6]
          +0.026*[#   8]+0.026*[#  10]+0.026*[#  11]+0.026*[#  15]+0.026*[#  16]
          
    |psi|^2 = 0.894
==== e(   9) =    11.11998 eV ==== 
     psi = 0.110*[#   1]+0.110*[#   2]+0.110*[#   3]+0.110*[#   4]+0.055*[#   6]
          +0.055*[#   8]+0.055*[#  10]+0.055*[#  11]+0.055*[#  15]+0.055*[#  16]
          +0.037*[#   5]+0.037*[#   9]+0.037*[#  13]
    |psi|^2 = 0.882
==== e(  10) =    11.12001 eV ==== 
     psi = 0.110*[#   7]+0.110*[#  12]+0.110*[#  14]+0.074*[#   5]+0.074*[#   9]
          +0.074*[#  13]+0.055*[#   6]+0.055*[#   8]+0.055*[#  10]+0.055*[#  11]
          +0.055*[#  15]+0.055*[#  16]
    |psi|^2 = 0.882

 k =   0.1250000000  0.2500000000  0.2500000000
==== e(   1) =    -1.98972 eV ==== 
     psi = 0.113*[#   1]+0.113*[#   5]+0.113*[#   9]+0.113*[#  13]+0.046*[#   2]
          +0.046*[#   3]+0.046*[#   4]+0.046*[#   6]+0.046*[#   7]+0.046*[#   8]
          +0.046*[#  10]+0.046*[#  11]+0.046*[#  12]+0.046*[#  14]+0.046*[#  15]
          +0.046*[#  16]
    |psi|^2 = 0.999
==== e(   2) =     2.40924 eV ==== 
     psi = 0.146*[#   1]+0.094*[#   7]+0.094*[#  12]+0.094*[#  14]+0.057*[#   6]
          +0.057*[#   8]+0.057*[#  10]+0.057*[#  11]+0.057*[#  15]+0.057*[#  16]
          +0.049*[#   5]+0.049*[#   9]+0.049*[#  13]+0.025*[#   2]+0.025*[#   3]
          +0.025*[#   4]
    |psi|^2 = 0.995
==== e(   3) =     2.40924 eV ==== 
     psi = 0.097*[#   5]+0.097*[#   9]+0.097*[#  13]+0.092*[#   2]+0.092*[#   3]
          +0.092*[#   4]+0.060*[#   6]+0.060*[#   8]+0.060*[#  10]+0.060*[#  11]
          +0.060*[#  15]+0.060*[#  16]+0.023*[#   7]+0.023*[#  12]+0.023*[#  14]
          
    |psi|^2 = 0.995
==== e(   4) =     4.52407 eV ==== 
     psi = 0.063*[#   2]+0.063*[#   3]+0.063*[#   4]+0.063*[#   6]+0.063*[#   7]
          +0.063*[#   8]+0.063*[#  10]+0.063*[#  11]+0.063*[#  12]+0.063*[#  14]
          +0.063*[#  15]+0.063*[#  16]+0.057*[#   1]+0.057*[#   5]+0.057*[#   9]
          +0.057*[#  13]
    |psi|^2 = 0.988
==== e(   5) =     6.68431 eV ==== 
     psi = 0.064*[#   2]+0.064*[#   3]+0.064*[#   4]+0.064*[#   6]+0.064*[#   7]
          +0.064*[#   8]+0.064*[#  10]+0.064*[#  11]+0.064*[#  12]+0.064*[#  14]
          +0.064*[#  15]+0.064*[#  16]+0.052*[#   1]+0.052*[#   5]+0.052*[#   9]
          +0.052*[#  13]
    |psi|^2 = 0.977
==== e(   6) =     8.74441 eV ==== 
     psi = 0.111*[#   2]+0.111*[#   3]+0.111*[#   4]+0.108*[#   7]+0.108*[#  12]
          +0.108*[#  14]+0.073*[#   1]+0.024*[#   5]+0.024*[#   9]+0.024*[#  13]
          +0.023*[#   6]+0.023*[#   8]+0.023*[#  10]+0.023*[#  11]+0.023*[#  15]
          +0.023*[#  16]
    |psi|^2 = 0.945
==== e(   7) =     8.74441 eV ==== 
     psi = 0.110*[#   6]+0.110*[#   8]+0.110*[#  10]+0.110*[#  11]+0.110*[#  15]
          +0.110*[#  16]+0.049*[#   5]+0.049*[#   9]+0.049*[#  13]+0.025*[#   7]
          +0.025*[#  12]+0.025*[#  14]+0.022*[#   2]+0.022*[#   3]+0.022*[#   4]
          
    |psi|^2 = 0.945
==== e(   8) =     9.05249 eV ==== 
     psi = 0.116*[#   1]+0.116*[#   5]+0.116*[#   9]+0.116*[#  13]+0.034*[#   2]
          +0.034*[#   3]+0.034*[#   4]+0.034*[#   6]+0.034*[#   7]+0.034*[#   8]
          +0.034*[#  10]+0.034*[#  11]+0.034*[#  12]+0.034*[#  14]+0.034*[#  15]
          +0.034*[#  16]
    |psi|^2 = 0.876
==== e(   9) =    11.08207 eV ==== 
     psi = 0.172*[#   1]+0.071*[#   2]+0.071*[#   3]+0.071*[#   4]+0.057*[#   5]
          +0.057*[#   9]+0.057*[#  13]+0.037*[#   6]+0.037*[#   8]+0.037*[#  10]
          +0.037*[#  11]+0.037*[#  15]+0.037*[#  16]+0.003*[#   7]+0.003*[#  12]
          +0.003*[#  14]
    |psi|^2 = 0.789
==== e(  10) =    11.08208 eV ==== 
     psi = 0.114*[#   5]+0.114*[#   9]+0.114*[#  13]+0.071*[#   7]+0.071*[#  12]
          +0.071*[#  14]+0.037*[#   6]+0.037*[#   8]+0.037*[#  10]+0.037*[#  11]
          +0.037*[#  15]+0.037*[#  16]+0.003*[#   2]+0.003*[#   3]+0.003*[#   4]
          
    |psi|^2 = 0.789

 k =   0.1250000000  0.2500000000  0.3125000000
==== e(   1) =    -1.67540 eV ==== 
     psi = 0.104*[#   1]+0.104*[#   5]+0.104*[#   9]+0.104*[#  13]+0.049*[#   2]
          +0.049*[#   3]+0.049*[#   4]+0.049*[#   6]+0.049*[#   7]+0.049*[#   8]
          +0.049*[#  10]+0.049*[#  11]+0.049*[#  12]+0.049*[#  14]+0.049*[#  15]
          +0.049*[#  16]
    |psi|^2 = 0.999
==== e(   2) =     1.63168 eV ==== 
     psi = 0.075*[#   1]+0.075*[#   5]+0.075*[#   9]+0.075*[#  13]+0.058*[#   2]
          +0.058*[#   3]+0.058*[#   4]+0.058*[#   6]+0.058*[#   7]+0.058*[#   8]
          +0.058*[#  10]+0.058*[#  11]+0.058*[#  12]+0.058*[#  14]+0.058*[#  15]
          +0.058*[#  16]
    |psi|^2 = 0.997
==== e(   3) =     2.71371 eV ==== 
     psi = 0.072*[#   1]+0.072*[#   5]+0.072*[#   9]+0.072*[#  13]+0.059*[#   2]
          +0.059*[#   3]+0.059*[#   4]+0.059*[#   6]+0.059*[#   7]+0.059*[#   8]
          +0.059*[#  10]+0.059*[#  11]+0.059*[#  12]+0.059*[#  14]+0.059*[#  15]
          +0.059*[#  16]
    |psi|^2 = 0.995
==== e(   4) =     4.81714 eV ==== 
     psi = 0.066*[#   2]+0.066*[#   3]+0.066*[#   4]+0.066*[#   6]+0.066*[#   7]
          +0.066*[#   8]+0.066*[#  10]+0.066*[#  11]+0.066*[#  12]+0.066*[#  14]
          +0.066*[#  15]+0.066*[#  16]+0.049*[#   1]+0.049*[#   5]+0.049*[#   9]
          +0.049*[#  13]
    |psi|^2 = 0.987
==== e(   5) =     5.94017 eV ==== 
     psi = 0.069*[#   1]+0.069*[#   5]+0.069*[#   9]+0.069*[#  13]+0.059*[#   2]
          +0.059*[#   3]+0.059*[#   4]+0.059*[#   6]+0.059*[#   7]+0.059*[#   8]
          +0.059*[#  10]+0.059*[#  11]+0.059*[#  12]+0.059*[#  14]+0.059*[#  15]
          +0.059*[#  16]
    |psi|^2 = 0.983
==== e(   6) =     8.00049 eV ==== 
     psi = 0.065*[#   2]+0.065*[#   3]+0.065*[#   4]+0.065*[#   6]+0.065*[#   7]
          +0.065*[#   8]+0.065*[#  10]+0.065*[#  11]+0.065*[#  12]+0.065*[#  14]
          +0.065*[#  15]+0.065*[#  16]+0.046*[#   1]+0.046*[#   5]+0.046*[#   9]
          +0.046*[#  13]
    |psi|^2 = 0.962
==== e(   7) =     9.04374 eV ==== 
     psi = 0.064*[#   2]+0.064*[#   3]+0.064*[#   4]+0.064*[#   6]+0.064*[#   7]
          +0.064*[#   8]+0.064*[#  10]+0.064*[#  11]+0.064*[#  12]+0.064*[#  14]
          +0.064*[#  15]+0.064*[#  16]+0.044*[#   1]+0.044*[#   5]+0.044*[#   9]
          +0.044*[#  13]
    |psi|^2 = 0.940
==== e(   8) =     9.34460 eV ==== 
     psi = 0.104*[#   1]+0.104*[#   5]+0.104*[#   9]+0.104*[#  13]+0.039*[#   2]
          +0.039*[#   3]+0.039*[#   4]+0.039*[#   6]+0.039*[#   7]+0.039*[#   8]
          +0.039*[#  10]+0.039*[#  11]+0.039*[#  12]+0.039*[#  14]+0.039*[#  15]
          +0.039*[#  16]
    |psi|^2 = 0.881
==== e(   9) =    11.34204 eV ==== 
     psi = 0.056*[#   1]+0.056*[#   5]+0.056*[#   9]+0.056*[#  13]+0.048*[#   2]
          +0.048*[#   3]+0.048*[#   4]+0.048*[#   6]+0.048*[#   7]+0.048*[#   8]
          +0.048*[#  10]+0.048*[#  11]+0.048*[#  12]+0.048*[#  14]+0.048*[#  15]
          +0.048*[#  16]
    |psi|^2 = 0.800
==== e(  10) =    12.16385 eV ==== 
     psi = 0.086*[#   1]+0.086*[#   5]+0.086*[#   9]+0.086*[#  13]+0.042*[#   2]
          +0.042*[#   3]+0.042*[#   4]+0.042*[#   6]+0.042*[#   7]+0.042*[#   8]
          +0.042*[#  10]+0.042*[#  11]+0.042*[#  12]+0.042*[#  14]+0.042*[#  15]
          +0.042*[#  16]
    |psi|^2 = 0.846

 k =   0.1250000000  0.2500000000  0.3750000000
==== e(   1) =    -1.29219 eV ==== 
     psi = 0.096*[#   1]+0.096*[#   5]+0.096*[#   9]+0.096*[#  13]+0.051*[#   2]
          +0.051*[#   3]+0.051*[#   4]+0.051*[#   6]+0.051*[#   7]+0.051*[#   8]
          +0.051*[#  10]+0.051*[#  11]+0.051*[#  12]+0.051*[#  14]+0.051*[#  15]
          +0.051*[#  16]
    |psi|^2 = 0.999
==== e(   2) =     0.91598 eV ==== 
     psi = 0.077*[#   1]+0.077*[#   5]+0.077*[#   9]+0.077*[#  13]+0.057*[#   2]
          +0.057*[#   3]+0.057*[#   4]+0.057*[#   6]+0.057*[#   7]+0.057*[#   8]
          +0.057*[#  10]+0.057*[#  11]+0.057*[#  12]+0.057*[#  14]+0.057*[#  15]
          +0.057*[#  16]
    |psi|^2 = 0.998
==== e(   3) =     3.08485 eV ==== 
     psi = 0.070*[#   1]+0.070*[#   5]+0.070*[#   9]+0.070*[#  13]+0.060*[#   2]
          +0.060*[#   3]+0.060*[#   4]+0.060*[#   6]+0.060*[#   7]+0.060*[#   8]
          +0.060*[#  10]+0.060*[#  11]+0.060*[#  12]+0.060*[#  14]+0.060*[#  15]
          +0.060*[#  16]
    |psi|^2 = 0.995
==== e(   4) =     5.08710 eV ==== 
     psi = 0.082*[#   2]+0.082*[#   3]+0.082*[#   4]+0.082*[#   6]+0.082*[#   7]
          +0.082*[#   8]+0.082*[#  10]+0.082*[#  11]+0.082*[#  12]+0.082*[#  14]
          +0.082*[#  15]+0.082*[#  16]
    |psi|^2 = 0.992
==== e(   5) =     5.34259 eV ==== 
     psi = 0.125*[#   1]+0.125*[#   5]+0.125*[#   9]+0.125*[#  13]+0.040*[#   2]
          +0.040*[#   3]+0.040*[#   4]+0.040*[#   6]+0.040*[#   7]+0.040*[#   8]
          +0.040*[#  10]+0.040*[#  11]+0.040*[#  12]+0.040*[#  14]+0.040*[#  15]
          +0.040*[#  16]
    |psi|^2 = 0.982
==== e(   6) =     7.31526 eV ==== 
     psi = 0.063*[#   2]+0.063*[#   3]+0.063*[#   4]+0.063*[#   6]+0.063*[#   7]
          +0.063*[#   8]+0.063*[#  10]+0.063*[#  11]+0.063*[#  12]+0.063*[#  14]
          +0.063*[#  15]+0.063*[#  16]+0.054*[#   1]+0.054*[#   5]+0.054*[#   9]
          +0.054*[#  13]
    |psi|^2 = 0.972
==== e(   7) =     9.40578 eV ==== 
     psi = 0.061*[#   2]+0.061*[#   3]+0.061*[#   4]+0.061*[#   6]+0.061*[#   7]
          +0.061*[#   8]+0.061*[#  10]+0.061*[#  11]+0.061*[#  12]+0.061*[#  14]
          +0.061*[#  15]+0.061*[#  16]+0.051*[#   1]+0.051*[#   5]+0.051*[#   9]
          +0.051*[#  13]
    |psi|^2 = 0.933
==== e(   8) =     9.70234 eV ==== 
     psi = 0.092*[#   1]+0.092*[#   5]+0.092*[#   9]+0.092*[#  13]+0.043*[#   2]
          +0.043*[#   3]+0.043*[#   4]+0.043*[#   6]+0.043*[#   7]+0.043*[#   8]
          +0.043*[#  10]+0.043*[#  11]+0.043*[#  12]+0.043*[#  14]+0.043*[#  15]
          +0.043*[#  16]
    |psi|^2 = 0.889
==== e(   9) =    11.48813 eV ==== 
     psi = 0.081*[#   1]+0.081*[#   5]+0.081*[#   9]+0.081*[#  13]+0.046*[#   2]
          +0.046*[#   3]+0.046*[#   4]+0.046*[#   6]+0.046*[#   7]+0.046*[#   8]
          +0.046*[#  10]+0.046*[#  11]+0.046*[#  12]+0.046*[#  14]+0.046*[#  15]
          +0.046*[#  16]
    |psi|^2 = 0.873
==== e(  10) =    11.50749 eV ==== 
     psi = 0.066*[#   2]+0.066*[#   3]+0.066*[#   4]+0.066*[#   6]+0.066*[#   7]
          +0.066*[#   8]+0.066*[#  10]+0.066*[#  11]+0.066*[#  12]+0.066*[#  14]
          +0.066*[#  15]+0.066*[#  16]+0.001*[#   1]+0.001*[#   5]+0.001*[#   9]
          +0.001*[#  13]
    |psi|^2 = 0.802

 k =   0.1250000000  0.2500000000  0.4375000000
==== e(   1) =    -0.84064 eV ==== 
     psi = 0.089*[#   1]+0.089*[#   5]+0.089*[#   9]+0.089*[#  13]+0.054*[#   2]
          +0.054*[#   3]+0.054*[#   4]+0.054*[#   6]+0.054*[#   7]+0.054*[#   8]
          +0.054*[#  10]+0.054*[#  11]+0.054*[#  12]+0.054*[#  14]+0.054*[#  15]
          +0.054*[#  16]
    |psi|^2 = 0.999
==== e(   2) =     0.26442 eV ==== 
     psi = 0.080*[#   1]+0.080*[#   5]+0.080*[#   9]+0.080*[#  13]+0.057*[#   2]
          +0.057*[#   3]+0.057*[#   4]+0.057*[#   6]+0.057*[#   7]+0.057*[#   8]
          +0.057*[#  10]+0.057*[#  11]+0.057*[#  12]+0.057*[#  14]+0.057*[#  15]
          +0.057*[#  16]
    |psi|^2 = 0.998
==== e(   3) =     3.52187 eV ==== 
     psi = 0.068*[#   1]+0.068*[#   5]+0.068*[#   9]+0.068*[#  13]+0.060*[#   2]
          +0.060*[#   3]+0.060*[#   4]+0.060*[#   6]+0.060*[#   7]+0.060*[#   8]
          +0.060*[#  10]+0.060*[#  11]+0.060*[#  12]+0.060*[#  14]+0.060*[#  15]
          +0.060*[#  16]
    |psi|^2 = 0.994
==== e(   4) =     4.58440 eV ==== 
     psi = 0.065*[#   2]+0.065*[#   3]+0.065*[#   4]+0.065*[#   6]+0.065*[#   7]
          +0.065*[#   8]+0.065*[#  10]+0.065*[#  11]+0.065*[#  12]+0.065*[#  14]
          +0.065*[#  15]+0.065*[#  16]+0.052*[#   1]+0.052*[#   5]+0.052*[#   9]
          +0.052*[#  13]
    |psi|^2 = 0.992
==== e(   5) =     5.64468 eV ==== 
     psi = 0.076*[#   1]+0.076*[#   5]+0.076*[#   9]+0.076*[#  13]+0.057*[#   2]
          +0.057*[#   3]+0.057*[#   4]+0.057*[#   6]+0.057*[#   7]+0.057*[#   8]
          +0.057*[#  10]+0.057*[#  11]+0.057*[#  12]+0.057*[#  14]+0.057*[#  15]
          +0.057*[#  16]
    |psi|^2 = 0.983
==== e(   6) =     6.69218 eV ==== 
     psi = 0.062*[#   2]+0.062*[#   3]+0.062*[#   4]+0.062*[#   6]+0.062*[#   7]
          +0.062*[#   8]+0.062*[#  10]+0.062*[#  11]+0.062*[#  12]+0.062*[#  14]
          +0.062*[#  15]+0.062*[#  16]+0.060*[#   1]+0.060*[#   5]+0.060*[#   9]
          +0.060*[#  13]
    |psi|^2 = 0.978
==== e(   7) =     9.83148 eV ==== 
     psi = 0.058*[#   1]+0.058*[#   5]+0.058*[#   9]+0.058*[#  13]+0.058*[#   2]
          +0.058*[#   3]+0.058*[#   4]+0.058*[#   6]+0.058*[#   7]+0.058*[#   8]
          +0.058*[#  10]+0.058*[#  11]+0.058*[#  12]+0.058*[#  14]+0.058*[#  15]
          +0.058*[#  16]
    |psi|^2 = 0.924
==== e(   8) =    10.12218 eV ==== 
     psi = 0.078*[#   1]+0.078*[#   5]+0.078*[#   9]+0.078*[#  13]+0.049*[#   2]
          +0.049*[#   3]+0.049*[#   4]+0.049*[#   6]+0.049*[#   7]+0.049*[#   8]
          +0.049*[#  10]+0.049*[#  11]+0.049*[#  12]+0.049*[#  14]+0.049*[#  15]
          +0.049*[#  16]
    |psi|^2 = 0.896
==== e(   9) =    10.87333 eV ==== 
     psi = 0.074*[#   1]+0.074*[#   5]+0.074*[#   9]+0.074*[#  13]+0.050*[#   2]
          +0.050*[#   3]+0.050*[#   4]+0.050*[#   6]+0.050*[#   7]+0.050*[#   8]
          +0.050*[#  10]+0.050*[#  11]+0.050*[#  12]+0.050*[#  14]+0.050*[#  15]
          +0.050*[#  16]
    |psi|^2 = 0.894
==== e(  10) =    11.11468 eV ==== 
     psi = 0.062*[#   2]+0.062*[#   3]+0.062*[#   4]+0.062*[#   6]+0.062*[#   7]
          +0.062*[#   8]+0.062*[#  10]+0.062*[#  11]+0.062*[#  12]+0.062*[#  14]
          +0.062*[#  15]+0.062*[#  16]+0.035*[#   1]+0.035*[#   5]+0.035*[#   9]
          +0.035*[#  13]
    |psi|^2 = 0.878

 k =   0.1250000000  0.2500000000 -0.5000000000
==== e(   1) =    -0.32150 eV ==== 
     psi = 0.167*[#   1]+0.099*[#   6]+0.099*[#   8]+0.099*[#  10]+0.099*[#  11]
          +0.099*[#  15]+0.099*[#  16]+0.056*[#   5]+0.056*[#   9]+0.056*[#  13]
          +0.024*[#   2]+0.024*[#   3]+0.024*[#   4]
    |psi|^2 = 0.998
==== e(   2) =    -0.32148 eV ==== 
     psi = 0.111*[#   5]+0.111*[#   9]+0.111*[#  13]+0.111*[#   7]+0.111*[#  12]
          +0.111*[#  14]+0.087*[#   2]+0.087*[#   3]+0.087*[#   4]+0.012*[#   6]
          +0.012*[#   8]+0.012*[#  10]+0.012*[#  11]+0.012*[#  15]+0.012*[#  16]
          
    |psi|^2 = 0.998
==== e(   3) =     4.02331 eV ==== 
     psi = 0.126*[#   1]+0.087*[#   2]+0.087*[#   3]+0.087*[#   4]+0.080*[#   6]
          +0.080*[#   8]+0.080*[#  10]+0.080*[#  11]+0.080*[#  15]+0.080*[#  16]
          +0.042*[#   5]+0.042*[#   9]+0.042*[#  13]
    |psi|^2 = 0.993
==== e(   4) =     4.02333 eV ==== 
     psi = 0.124*[#   7]+0.124*[#  12]+0.124*[#  14]+0.084*[#   5]+0.084*[#   9]
          +0.084*[#  13]+0.043*[#   6]+0.043*[#   8]+0.043*[#  10]+0.043*[#  11]
          +0.043*[#  15]+0.043*[#  16]+0.037*[#   2]+0.037*[#   3]+0.037*[#   4]
          
    |psi|^2 = 0.993
==== e(   5) =     6.13367 eV ==== 
     psi = 0.132*[#   1]+0.101*[#   2]+0.101*[#   3]+0.101*[#   4]+0.069*[#   6]
          +0.069*[#   8]+0.069*[#  10]+0.069*[#  11]+0.069*[#  15]+0.069*[#  16]
          +0.044*[#   5]+0.044*[#   9]+0.044*[#  13]
    |psi|^2 = 0.982
==== e(   6) =     6.13369 eV ==== 
     psi = 0.120*[#   7]+0.120*[#  12]+0.120*[#  14]+0.088*[#   5]+0.088*[#   9]
          +0.088*[#  13]+0.051*[#   6]+0.051*[#   8]+0.051*[#  10]+0.051*[#  11]
          +0.051*[#  15]+0.051*[#  16]+0.018*[#   2]+0.018*[#   3]+0.018*[#   4]
          
    |psi|^2 = 0.982
==== e(   7) =    10.32081 eV ==== 
     psi = 0.132*[#   1]+0.107*[#   2]+0.107*[#   3]+0.107*[#   4]+0.054*[#   6]
          +0.054*[#   8]+0.054*[#  10]+0.054*[#  11]+0.054*[#  15]+0.054*[#  16]
          +0.044*[#   5]+0.044*[#   9]+0.044*[#  13]
    |psi|^2 = 0.911
==== e(   8) =    10.32083 eV ==== 
     psi = 0.108*[#   7]+0.108*[#  12]+0.108*[#  14]+0.088*[#   5]+0.088*[#   9]
          +0.088*[#  13]+0.054*[#   6]+0.054*[#   8]+0.054*[#  10]+0.054*[#  11]
          +0.054*[#  15]+0.054*[#  16]
    |psi|^2 = 0.911
==== e(   9) =    10.59881 eV ==== 
     psi = 0.121*[#   1]+0.081*[#   6]+0.081*[#   8]+0.081*[#  10]+0.081*[#  11]
          +0.081*[#  15]+0.081*[#  16]+0.056*[#   2]+0.056*[#   3]+0.056*[#   4]
          +0.040*[#   5]+0.040*[#   9]+0.040*[#  13]
    |psi|^2 = 0.896
==== e(  10) =    10.59883 eV ==== 
     psi = 0.109*[#   7]+0.109*[#  12]+0.109*[#  14]+0.081*[#   5]+0.081*[#   9]
          +0.081*[#  13]+0.053*[#   2]+0.053*[#   3]+0.053*[#   4]+0.028*[#   6]
          +0.028*[#   8]+0.028*[#  10]+0.028*[#  11]+0.028*[#  15]+0.028*[#  16]
          
    |psi|^2 = 0.896

 k =   0.1250000000  0.3125000000  0.3125000000
==== e(   1) =    -1.36178 eV ==== 
     psi = 0.098*[#   1]+0.098*[#   5]+0.098*[#   9]+0.098*[#  13]+0.051*[#   2]
          +0.051*[#   3]+0.051*[#   4]+0.051*[#   6]+0.051*[#   7]+0.051*[#   8]
          +0.051*[#  10]+0.051*[#  11]+0.051*[#  12]+0.051*[#  14]+0.051*[#  15]
          +0.051*[#  16]
    |psi|^2 = 0.999
==== e(   2) =     1.93803 eV ==== 
     psi = 0.150*[#   1]+0.101*[#   7]+0.101*[#  12]+0.101*[#  14]+0.057*[#   6]
          +0.057*[#   8]+0.057*[#  10]+0.057*[#  11]+0.057*[#  15]+0.057*[#  16]
          +0.050*[#   5]+0.050*[#   9]+0.050*[#  13]+0.017*[#   2]+0.017*[#   3]
          +0.017*[#   4]
    |psi|^2 = 0.997
==== e(   3) =     1.93803 eV ==== 
     psi = 0.100*[#   5]+0.100*[#   9]+0.100*[#  13]+0.099*[#   2]+0.099*[#   3]
          +0.099*[#   4]+0.059*[#   6]+0.059*[#   8]+0.059*[#  10]+0.059*[#  11]
          +0.059*[#  15]+0.059*[#  16]+0.015*[#   7]+0.015*[#  12]+0.015*[#  14]
          
    |psi|^2 = 0.997
==== e(   4) =     5.02222 eV ==== 
     psi = 0.082*[#   2]+0.082*[#   3]+0.082*[#   4]+0.082*[#   6]+0.082*[#   7]
          +0.082*[#   8]+0.082*[#  10]+0.082*[#  11]+0.082*[#  12]+0.082*[#  14]
          +0.082*[#  15]+0.082*[#  16]
    |psi|^2 = 0.992
==== e(   5) =     5.27748 eV ==== 
     psi = 0.128*[#   1]+0.128*[#   5]+0.128*[#   9]+0.128*[#  13]+0.039*[#   2]
          +0.039*[#   3]+0.039*[#   4]+0.039*[#   6]+0.039*[#   7]+0.039*[#   8]
          +0.039*[#  10]+0.039*[#  11]+0.039*[#  12]+0.039*[#  14]+0.039*[#  15]
          +0.039*[#  16]
    |psi|^2 = 0.981
==== e(   6) =     8.29824 eV ==== 
     psi = 0.109*[#   7]+0.109*[#  12]+0.109*[#  14]+0.105*[#   2]+0.105*[#   3]
          +0.105*[#   4]+0.105*[#   1]+0.035*[#   5]+0.035*[#   9]+0.035*[#  13]
          +0.017*[#   6]+0.017*[#   8]+0.017*[#  10]+0.017*[#  11]+0.017*[#  15]
          +0.017*[#  16]
    |psi|^2 = 0.957
==== e(   7) =     8.29825 eV ==== 
     psi = 0.107*[#   6]+0.107*[#   8]+0.107*[#  10]+0.107*[#  11]+0.107*[#  15]
          +0.107*[#  16]+0.070*[#   5]+0.070*[#   9]+0.070*[#  13]+0.019*[#   2]
          +0.019*[#   3]+0.019*[#   4]+0.015*[#   7]+0.015*[#  12]+0.015*[#  14]
          
    |psi|^2 = 0.957
==== e(   8) =     9.64022 eV ==== 
     psi = 0.099*[#   1]+0.099*[#   5]+0.099*[#   9]+0.099*[#  13]+0.040*[#   2]
          +0.040*[#   3]+0.040*[#   4]+0.040*[#   6]+0.040*[#   7]+0.040*[#   8]
          +0.040*[#  10]+0.040*[#  11]+0.040*[#  12]+0.040*[#  14]+0.040*[#  15]
          +0.040*[#  16]
    |psi|^2 = 0.880
==== e(   9) =    11.42658 eV ==== 
     psi = 0.089*[#   1]+0.089*[#   5]+0.089*[#   9]+0.089*[#  13]+0.043*[#   2]
          +0.043*[#   3]+0.043*[#   4]+0.043*[#   6]+0.043*[#   7]+0.043*[#   8]
          +0.043*[#  10]+0.043*[#  11]+0.043*[#  12]+0.043*[#  14]+0.043*[#  15]
          +0.043*[#  16]
    |psi|^2 = 0.874
==== e(  10) =    12.48470 eV ==== 
     psi = 0.108*[#   2]+0.108*[#   3]+0.108*[#   4]+0.051*[#   6]+0.051*[#   8]
          +0.051*[#  10]+0.051*[#  11]+0.051*[#  15]+0.051*[#  16]+0.032*[#   7]
          +0.032*[#  12]+0.032*[#  14]+0.004*[#   1]+0.001*[#   5]+0.001*[#   9]
          +0.001*[#  13]
    |psi|^2 = 0.733

 k =   0.1250000000  0.3125000000  0.3750000000
==== e(   1) =    -0.97940 eV ==== 
     psi = 0.092*[#   1]+0.092*[#   5]+0.092*[#   9]+0.092*[#  13]+0.052*[#   2]
          +0.052*[#   3]+0.052*[#   4]+0.052*[#   6]+0.052*[#   7]+0.052*[#   8]
          +0.052*[#  10]+0.052*[#  11]+0.052*[#  12]+0.052*[#  14]+0.052*[#  15]
          +0.052*[#  16]
    |psi|^2 = 0.999
==== e(   2) =     1.22395 eV ==== 
     psi = 0.077*[#   1]+0.077*[#   5]+0.077*[#   9]+0.077*[#  13]+0.057*[#   2]
          +0.057*[#   3]+0.057*[#   4]+0.057*[#   6]+0.057*[#   7]+0.057*[#   8]
          +0.057*[#  10]+0.057*[#  11]+0.057*[#  12]+0.057*[#  14]+0.057*[#  15]
          +0.057*[#  16]
    |psi|^2 = 0.997
==== e(   3) =     2.31153 eV ==== 
     psi = 0.074*[#   1]+0.074*[#   5]+0.074*[#   9]+0.074*[#  13]+0.058*[#   2]
          +0.058*[#   3]+0.058*[#   4]+0.058*[#   6]+0.058*[#   7]+0.058*[#   8]
          +0.058*[#  10]+0.058*[#  11]+0.058*[#  12]+0.058*[#  14]+0.058*[#  15]
          +0.058*[#  16]
    |psi|^2 = 0.996
==== e(   4) =     4.45490 eV ==== 
     psi = 0.065*[#   2]+0.065*[#   3]+0.065*[#   4]+0.065*[#   6]+0.065*[#   7]
          +0.065*[#   8]+0.065*[#  10]+0.065*[#  11]+0.065*[#  12]+0.065*[#  14]
          +0.065*[#  15]+0.065*[#  16]+0.054*[#   1]+0.054*[#   5]+0.054*[#   9]
          +0.054*[#  13]
    |psi|^2 = 0.992
==== e(   5) =     5.51232 eV ==== 
     psi = 0.080*[#   1]+0.080*[#   5]+0.080*[#   9]+0.080*[#  13]+0.055*[#   2]
          +0.055*[#   3]+0.055*[#   4]+0.055*[#   6]+0.055*[#   7]+0.055*[#   8]
          +0.055*[#  10]+0.055*[#  11]+0.055*[#  12]+0.055*[#  14]+0.055*[#  15]
          +0.055*[#  16]
    |psi|^2 = 0.982
==== e(   6) =     7.61253 eV ==== 
     psi = 0.061*[#   2]+0.061*[#   3]+0.061*[#   4]+0.061*[#   6]+0.061*[#   7]
          +0.061*[#   8]+0.061*[#  10]+0.061*[#  11]+0.061*[#  12]+0.061*[#  14]
          +0.061*[#  15]+0.061*[#  16]+0.059*[#   1]+0.059*[#   5]+0.059*[#   9]
          +0.059*[#  13]
    |psi|^2 = 0.968
==== e(   7) =     8.66032 eV ==== 
     psi = 0.060*[#   2]+0.060*[#   3]+0.060*[#   4]+0.060*[#   6]+0.060*[#   7]
          +0.060*[#   8]+0.060*[#  10]+0.060*[#  11]+0.060*[#  12]+0.060*[#  14]
          +0.060*[#  15]+0.060*[#  16]+0.059*[#   1]+0.059*[#   5]+0.059*[#   9]
          +0.059*[#  13]
    |psi|^2 = 0.951
==== e(   8) =     9.99996 eV ==== 
     psi = 0.092*[#   1]+0.092*[#   5]+0.092*[#   9]+0.092*[#  13]+0.043*[#   2]
          +0.043*[#   3]+0.043*[#   4]+0.043*[#   6]+0.043*[#   7]+0.043*[#   8]
          +0.043*[#  10]+0.043*[#  11]+0.043*[#  12]+0.043*[#  14]+0.043*[#  15]
          +0.043*[#  16]
    |psi|^2 = 0.883
==== e(   9) =    10.74842 eV ==== 
     psi = 0.086*[#   1]+0.086*[#   5]+0.086*[#   9]+0.086*[#  13]+0.046*[#   2]
          +0.046*[#   3]+0.046*[#   4]+0.046*[#   6]+0.046*[#   7]+0.046*[#   8]
          +0.046*[#  10]+0.046*[#  11]+0.046*[#  12]+0.046*[#  14]+0.046*[#  15]
          +0.046*[#  16]
    |psi|^2 = 0.897
==== e(  10) =    12.01689 eV ==== 
     psi = 0.061*[#   2]+0.061*[#   3]+0.061*[#   4]+0.061*[#   6]+0.061*[#   7]
          +0.061*[#   8]+0.061*[#  10]+0.061*[#  11]+0.061*[#  12]+0.061*[#  14]
          +0.061*[#  15]+0.061*[#  16]+0.030*[#   1]+0.030*[#   5]+0.030*[#   9]
          +0.030*[#  13]
    |psi|^2 = 0.855

 k =   0.1250000000  0.3125000000  0.4375000000
==== e(   1) =    -0.52884 eV ==== 
     psi = 0.087*[#   1]+0.087*[#   5]+0.087*[#   9]+0.087*[#  13]+0.054*[#   2]
          +0.054*[#   3]+0.054*[#   4]+0.054*[#   6]+0.054*[#   7]+0.054*[#   8]
          +0.054*[#  10]+0.054*[#  11]+0.054*[#  12]+0.054*[#  14]+0.054*[#  15]
          +0.054*[#  16]
    |psi|^2 = 0.998
==== e(   2) =     0.57383 eV ==== 
     psi = 0.080*[#   1]+0.080*[#   5]+0.080*[#   9]+0.080*[#  13]+0.057*[#   2]
          +0.057*[#   3]+0.057*[#   4]+0.057*[#   6]+0.057*[#   7]+0.057*[#   8]
          +0.057*[#  10]+0.057*[#  11]+0.057*[#  12]+0.057*[#  14]+0.057*[#  15]
          +0.057*[#  16]
    |psi|^2 = 0.998
==== e(   3) =     2.75154 eV ==== 
     psi = 0.073*[#   1]+0.073*[#   5]+0.073*[#   9]+0.073*[#  13]+0.059*[#   2]
          +0.059*[#   3]+0.059*[#   4]+0.059*[#   6]+0.059*[#   7]+0.059*[#   8]
          +0.059*[#  10]+0.059*[#  11]+0.059*[#  12]+0.059*[#  14]+0.059*[#  15]
          +0.059*[#  16]
    |psi|^2 = 0.996
==== e(   4) =     3.82660 eV ==== 
     psi = 0.066*[#   1]+0.066*[#   5]+0.066*[#   9]+0.066*[#  13]+0.061*[#   2]
          +0.061*[#   3]+0.061*[#   4]+0.061*[#   6]+0.061*[#   7]+0.061*[#   8]
          +0.061*[#  10]+0.061*[#  11]+0.061*[#  12]+0.061*[#  14]+0.061*[#  15]
          +0.061*[#  16]
    |psi|^2 = 0.994
==== e(   5) =     5.93588 eV ==== 
     psi = 0.072*[#   1]+0.072*[#   5]+0.072*[#   9]+0.072*[#  13]+0.058*[#   2]
          +0.058*[#   3]+0.058*[#   4]+0.058*[#   6]+0.058*[#   7]+0.058*[#   8]
          +0.058*[#  10]+0.058*[#  11]+0.058*[#  12]+0.058*[#  14]+0.058*[#  15]
          +0.058*[#  16]
    |psi|^2 = 0.981
==== e(   6) =     6.98910 eV ==== 
     psi = 0.064*[#   1]+0.064*[#   5]+0.064*[#   9]+0.064*[#  13]+0.060*[#   2]
          +0.060*[#   3]+0.060*[#   4]+0.060*[#   6]+0.060*[#   7]+0.060*[#   8]
          +0.060*[#  10]+0.060*[#  11]+0.060*[#  12]+0.060*[#  14]+0.060*[#  15]
          +0.060*[#  16]
    |psi|^2 = 0.974
==== e(   7) =     9.08681 eV ==== 
     psi = 0.066*[#   1]+0.066*[#   5]+0.066*[#   9]+0.066*[#  13]+0.057*[#   2]
          +0.057*[#   3]+0.057*[#   4]+0.057*[#   6]+0.057*[#   7]+0.057*[#   8]
          +0.057*[#  10]+0.057*[#  11]+0.057*[#  12]+0.057*[#  14]+0.057*[#  15]
          +0.057*[#  16]
    |psi|^2 = 0.942
==== e(   8) =    10.13158 eV ==== 
     psi = 0.080*[#   1]+0.080*[#   5]+0.080*[#   9]+0.080*[#  13]+0.050*[#   2]
          +0.050*[#   3]+0.050*[#   4]+0.050*[#   6]+0.050*[#   7]+0.050*[#   8]
          +0.050*[#  10]+0.050*[#  11]+0.050*[#  12]+0.050*[#  14]+0.050*[#  15]
          +0.050*[#  16]
    |psi|^2 = 0.916
==== e(   9) =    10.42219 eV ==== 
     psi = 0.082*[#   1]+0.082*[#   5]+0.082*[#   9]+0.082*[#  13]+0.047*[#   2]
          +0.047*[#   3]+0.047*[#   4]+0.047*[#   6]+0.047*[#   7]+0.047*[#   8]
          +0.047*[#  10]+0.047*[#  11]+0.047*[#  12]+0.047*[#  14]+0.047*[#  15]
          +0.047*[#  16]
    |psi|^2 = 0.888
==== e(  10) =    11.44123 eV ==== 
     psi = 0.056*[#   2]+0.056*[#   3]+0.056*[#   4]+0.056*[#   6]+0.056*[#   7]
          +0.056*[#   8]+0.056*[#  10]+0.056*[#  11]+0.056*[#  12]+0.056*[#  14]
          +0.056*[#  15]+0.056*[#  16]+0.053*[#   1]+0.053*[#   5]+0.053*[#   9]
          +0.053*[#  13]
    |psi|^2 = 0.885

 k =   0.1250000000  0.3125000000 -0.5000000000
==== e(   1) =    -0.01082 eV ==== 
     psi = 0.166*[#   1]+0.095*[#   6]+0.095*[#   8]+0.095*[#  10]+0.095*[#  11]
          +0.095*[#  15]+0.095*[#  16]+0.055*[#   5]+0.055*[#   9]+0.055*[#  13]
          +0.032*[#   2]+0.032*[#   3]+0.032*[#   4]
    |psi|^2 = 0.998
==== e(   2) =    -0.01079 eV ==== 
     psi = 0.111*[#   7]+0.111*[#  12]+0.111*[#  14]+0.111*[#   5]+0.111*[#   9]
          +0.111*[#  13]+0.079*[#   2]+0.079*[#   3]+0.079*[#   4]+0.016*[#   6]
          +0.016*[#   8]+0.016*[#  10]+0.016*[#  11]+0.016*[#  15]+0.016*[#  16]
          
    |psi|^2 = 0.998
==== e(   3) =     3.25710 eV ==== 
     psi = 0.141*[#   1]+0.080*[#   2]+0.080*[#   3]+0.080*[#   4]+0.079*[#   6]
          +0.079*[#   8]+0.079*[#  10]+0.079*[#  11]+0.079*[#  15]+0.079*[#  16]
          +0.047*[#   5]+0.047*[#   9]+0.047*[#  13]
    |psi|^2 = 0.995
==== e(   4) =     3.25712 eV ==== 
     psi = 0.119*[#   7]+0.119*[#  12]+0.119*[#  14]+0.094*[#   5]+0.094*[#   9]
          +0.094*[#  13]+0.040*[#   6]+0.040*[#   8]+0.040*[#  10]+0.040*[#  11]
          +0.040*[#  15]+0.040*[#  16]+0.039*[#   2]+0.039*[#   3]+0.039*[#   4]
          
    |psi|^2 = 0.995
==== e(   5) =     6.42964 eV ==== 
     psi = 0.136*[#   1]+0.101*[#   2]+0.101*[#   3]+0.101*[#   4]+0.067*[#   6]
          +0.067*[#   8]+0.067*[#  10]+0.067*[#  11]+0.067*[#  15]+0.067*[#  16]
          +0.045*[#   5]+0.045*[#   9]+0.045*[#  13]
    |psi|^2 = 0.978
==== e(   6) =     6.42966 eV ==== 
     psi = 0.118*[#   7]+0.118*[#  12]+0.118*[#  14]+0.091*[#   5]+0.091*[#   9]
          +0.091*[#  13]+0.051*[#   6]+0.051*[#   8]+0.051*[#  10]+0.051*[#  11]
          +0.051*[#  15]+0.051*[#  16]+0.016*[#   2]+0.016*[#   3]+0.016*[#   4]
          
    |psi|^2 = 0.978
==== e(   7) =     9.57740 eV ==== 
     psi = 0.147*[#   1]+0.105*[#   2]+0.105*[#   3]+0.105*[#   4]+0.054*[#   6]
          +0.054*[#   8]+0.054*[#  10]+0.054*[#  11]+0.054*[#  15]+0.054*[#  16]
          +0.049*[#   5]+0.049*[#   9]+0.049*[#  13]
    |psi|^2 = 0.931
==== e(   8) =     9.57742 eV ==== 
     psi = 0.106*[#   7]+0.106*[#  12]+0.106*[#  14]+0.098*[#   5]+0.098*[#   9]
          +0.098*[#  13]+0.052*[#   6]+0.052*[#   8]+0.052*[#  10]+0.052*[#  11]
          +0.052*[#  15]+0.052*[#  16]+0.001*[#   2]+0.001*[#   3]+0.001*[#   4]
          
    |psi|^2 = 0.931
==== e(   9) =    10.90431 eV ==== 
     psi = 0.138*[#   1]+0.072*[#   6]+0.072*[#   8]+0.072*[#  10]+0.072*[#  11]
          +0.072*[#  15]+0.072*[#  16]+0.060*[#   2]+0.060*[#   3]+0.060*[#   4]
          +0.046*[#   5]+0.046*[#   9]+0.046*[#  13]
    |psi|^2 = 0.891
==== e(  10) =    10.90433 eV ==== 
     psi = 0.102*[#   7]+0.102*[#  12]+0.102*[#  14]+0.092*[#   5]+0.092*[#   9]
          +0.092*[#  13]+0.042*[#   2]+0.042*[#   3]+0.042*[#   4]+0.030*[#   6]
          +0.030*[#   8]+0.030*[#  10]+0.030*[#  11]+0.030*[#  15]+0.030*[#  16]
          
    |psi|^2 = 0.891

 k =   0.1250000000  0.3750000000  0.3750000000
==== e(   1) =    -0.59804 eV ==== 
     psi = 0.089*[#   1]+0.089*[#   5]+0.089*[#   9]+0.089*[#  13]+0.054*[#   2]
          +0.054*[#   3]+0.054*[#   4]+0.054*[#   6]+0.054*[#   7]+0.054*[#   8]
          +0.054*[#  10]+0.054*[#  11]+0.054*[#  12]+0.054*[#  14]+0.054*[#  15]
          +0.054*[#  16]
    |psi|^2 = 0.998
==== e(   2) =     1.59945 eV ==== 
     psi = 0.154*[#   1]+0.107*[#   7]+0.107*[#  12]+0.107*[#  14]+0.056*[#   6]
          +0.056*[#   8]+0.056*[#  10]+0.056*[#  11]+0.056*[#  15]+0.056*[#  16]
          +0.051*[#   5]+0.051*[#   9]+0.051*[#  13]+0.010*[#   2]+0.010*[#   3]
          +0.010*[#   4]
    |psi|^2 = 0.997
==== e(   3) =     1.59946 eV ==== 
     psi = 0.105*[#   2]+0.105*[#   3]+0.105*[#   4]+0.103*[#   5]+0.103*[#   9]
          +0.103*[#  13]+0.058*[#   6]+0.058*[#   8]+0.058*[#  10]+0.058*[#  11]
          +0.058*[#  15]+0.058*[#  16]+0.008*[#   7]+0.008*[#  12]+0.008*[#  14]
          
    |psi|^2 = 0.997
==== e(   4) =     3.76074 eV ==== 
     psi = 0.067*[#   1]+0.067*[#   5]+0.067*[#   9]+0.067*[#  13]+0.061*[#   2]
          +0.061*[#   3]+0.061*[#   4]+0.061*[#   6]+0.061*[#   7]+0.061*[#   8]
          +0.061*[#  10]+0.061*[#  11]+0.061*[#  12]+0.061*[#  14]+0.061*[#  15]
          +0.061*[#  16]
    |psi|^2 = 0.993
==== e(   5) =     5.86982 eV ==== 
     psi = 0.074*[#   1]+0.074*[#   5]+0.074*[#   9]+0.074*[#  13]+0.057*[#   2]
          +0.057*[#   3]+0.057*[#   4]+0.057*[#   6]+0.057*[#   7]+0.057*[#   8]
          +0.057*[#  10]+0.057*[#  11]+0.057*[#  12]+0.057*[#  14]+0.057*[#  15]
          +0.057*[#  16]
    |psi|^2 = 0.980
==== e(   6) =     7.97491 eV ==== 
     psi = 0.130*[#   1]+0.109*[#   7]+0.109*[#  12]+0.109*[#  14]+0.100*[#   2]
          +0.100*[#   3]+0.100*[#   4]+0.043*[#   5]+0.043*[#   9]+0.043*[#  13]
          +0.012*[#   6]+0.012*[#   8]+0.012*[#  10]+0.012*[#  11]+0.012*[#  15]
          +0.012*[#  16]
    |psi|^2 = 0.962
==== e(   7) =     7.97491 eV ==== 
     psi = 0.105*[#   6]+0.105*[#   8]+0.105*[#  10]+0.105*[#  11]+0.105*[#  15]
          +0.105*[#  16]+0.086*[#   5]+0.086*[#   9]+0.086*[#  13]+0.017*[#   2]
          +0.017*[#   3]+0.017*[#   4]+0.008*[#   7]+0.008*[#  12]+0.008*[#  14]
          
    |psi|^2 = 0.962
==== e(   8) =    10.06816 eV ==== 
     psi = 0.086*[#   1]+0.086*[#   5]+0.086*[#   9]+0.086*[#  13]+0.048*[#   2]
          +0.048*[#   3]+0.048*[#   4]+0.048*[#   6]+0.048*[#   7]+0.048*[#   8]
          +0.048*[#  10]+0.048*[#  11]+0.048*[#  12]+0.048*[#  14]+0.048*[#  15]
          +0.048*[#  16]
    |psi|^2 = 0.917
==== e(   9) =    10.36056 eV ==== 
     psi = 0.089*[#   1]+0.089*[#   5]+0.089*[#   9]+0.089*[#  13]+0.044*[#   2]
          +0.044*[#   3]+0.044*[#   4]+0.044*[#   6]+0.044*[#   7]+0.044*[#   8]
          +0.044*[#  10]+0.044*[#  11]+0.044*[#  12]+0.044*[#  14]+0.044*[#  15]
          +0.044*[#  16]
    |psi|^2 = 0.880
==== e(  10) =    12.40022 eV ==== 
     psi = 0.081*[#   6]+0.081*[#   8]+0.081*[#  10]+0.081*[#  11]+0.081*[#  15]
          +0.081*[#  16]+0.060*[#   5]+0.060*[#   9]+0.060*[#  13]+0.040*[#   2]
          +0.040*[#   3]+0.040*[#   4]+0.024*[#   7]+0.024*[#  12]+0.024*[#  14]
          +0.007*[#   1]
    |psi|^2 = 0.867

 k =   0.1250000000  0.3750000000  0.4375000000
==== e(   1) =    -0.14867 eV ==== 
     psi = 0.085*[#   1]+0.085*[#   5]+0.085*[#   9]+0.085*[#  13]+0.055*[#   2]
          +0.055*[#   3]+0.055*[#   4]+0.055*[#   6]+0.055*[#   7]+0.055*[#   8]
          +0.055*[#  10]+0.055*[#  11]+0.055*[#  12]+0.055*[#  14]+0.055*[#  15]
          +0.055*[#  16]
    |psi|^2 = 0.998
==== e(   2) =     0.95109 eV ==== 
     psi = 0.080*[#   1]+0.080*[#   5]+0.080*[#   9]+0.080*[#  13]+0.057*[#   2]
          +0.057*[#   3]+0.057*[#   4]+0.057*[#   6]+0.057*[#   7]+0.057*[#   8]
          +0.057*[#  10]+0.057*[#  11]+0.057*[#  12]+0.057*[#  14]+0.057*[#  15]
          +0.057*[#  16]
    |psi|^2 = 0.998
==== e(   3) =     2.04189 eV ==== 
     psi = 0.076*[#   1]+0.076*[#   5]+0.076*[#   9]+0.076*[#  13]+0.058*[#   2]
          +0.058*[#   3]+0.058*[#   4]+0.058*[#   6]+0.058*[#   7]+0.058*[#   8]
          +0.058*[#  10]+0.058*[#  11]+0.058*[#  12]+0.058*[#  14]+0.058*[#  15]
          +0.058*[#  16]
    |psi|^2 = 0.997
==== e(   4) =     3.12407 eV ==== 
     psi = 0.072*[#   1]+0.072*[#   5]+0.072*[#   9]+0.072*[#  13]+0.059*[#   2]
          +0.059*[#   3]+0.059*[#   4]+0.059*[#   6]+0.059*[#   7]+0.059*[#   8]
          +0.059*[#  10]+0.059*[#  11]+0.059*[#  12]+0.059*[#  14]+0.059*[#  15]
          +0.059*[#  16]
    |psi|^2 = 0.995
==== e(   5) =     6.29798 eV ==== 
     psi = 0.073*[#   1]+0.073*[#   5]+0.073*[#   9]+0.073*[#  13]+0.057*[#   2]
          +0.057*[#   3]+0.057*[#   4]+0.057*[#   6]+0.057*[#   7]+0.057*[#   8]
          +0.057*[#  10]+0.057*[#  11]+0.057*[#  12]+0.057*[#  14]+0.057*[#  15]
          +0.057*[#  16]
    |psi|^2 = 0.977
==== e(   6) =     7.35181 eV ==== 
     psi = 0.069*[#   1]+0.069*[#   5]+0.069*[#   9]+0.069*[#  13]+0.058*[#   2]
          +0.058*[#   3]+0.058*[#   4]+0.058*[#   6]+0.058*[#   7]+0.058*[#   8]
          +0.058*[#  10]+0.058*[#  11]+0.058*[#  12]+0.058*[#  14]+0.058*[#  15]
          +0.058*[#  16]
    |psi|^2 = 0.969
==== e(   7) =     8.40219 eV ==== 
     psi = 0.071*[#   1]+0.071*[#   5]+0.071*[#   9]+0.071*[#  13]+0.056*[#   2]
          +0.056*[#   3]+0.056*[#   4]+0.056*[#   6]+0.056*[#   7]+0.056*[#   8]
          +0.056*[#  10]+0.056*[#  11]+0.056*[#  12]+0.056*[#  14]+0.056*[#  15]
          +0.056*[#  16]
    |psi|^2 = 0.955
==== e(   8) =     9.44955 eV ==== 
     psi = 0.083*[#   1]+0.083*[#   5]+0.083*[#   9]+0.083*[#  13]+0.050*[#   2]
          +0.050*[#   3]+0.050*[#   4]+0.050*[#   6]+0.050*[#   7]+0.050*[#   8]
          +0.050*[#  10]+0.050*[#  11]+0.050*[#  12]+0.050*[#  14]+0.050*[#  15]
          +0.050*[#  16]
    |psi|^2 = 0.933
==== e(   9) =    10.78337 eV ==== 
     psi = 0.083*[#   1]+0.083*[#   5]+0.083*[#   9]+0.083*[#  13]+0.046*[#   2]
          +0.046*[#   3]+0.046*[#   4]+0.046*[#   6]+0.046*[#   7]+0.046*[#   8]
          +0.046*[#  10]+0.046*[#  11]+0.046*[#  12]+0.046*[#  14]+0.046*[#  15]
          +0.046*[#  16]
    |psi|^2 = 0.881
==== e(  10) =    11.80756 eV ==== 
     psi = 0.062*[#   1]+0.062*[#   5]+0.062*[#   9]+0.062*[#  13]+0.053*[#   2]
          +0.053*[#   3]+0.053*[#   4]+0.053*[#   6]+0.053*[#   7]+0.053*[#   8]
          +0.053*[#  10]+0.053*[#  11]+0.053*[#  12]+0.053*[#  14]+0.053*[#  15]
          +0.053*[#  16]
    |psi|^2 = 0.881

 k =   0.1250000000  0.3750000000 -0.5000000000
==== e(   1) =     0.36799 eV ==== 
     psi = 0.164*[#   1]+0.091*[#   6]+0.091*[#   8]+0.091*[#  10]+0.091*[#  11]
          +0.091*[#  15]+0.091*[#  16]+0.055*[#   5]+0.055*[#   9]+0.055*[#  13]
          +0.040*[#   2]+0.040*[#   3]+0.040*[#   4]
    |psi|^2 = 0.998
==== e(   2) =     0.36802 eV ==== 
     psi = 0.112*[#   7]+0.112*[#  12]+0.112*[#  14]+0.110*[#   5]+0.110*[#   9]
          +0.110*[#  13]+0.071*[#   2]+0.071*[#   3]+0.071*[#   4]+0.020*[#   6]
          +0.020*[#   8]+0.020*[#  10]+0.020*[#  11]+0.020*[#  15]+0.020*[#  16]
          
    |psi|^2 = 0.998
==== e(   3) =     2.55047 eV ==== 
     psi = 0.150*[#   1]+0.080*[#   6]+0.080*[#   8]+0.080*[#  10]+0.080*[#  11]
          +0.080*[#  15]+0.080*[#  16]+0.073*[#   2]+0.073*[#   3]+0.073*[#   4]
          +0.050*[#   5]+0.050*[#   9]+0.050*[#  13]
    |psi|^2 = 0.996
==== e(   4) =     2.55049 eV ==== 
     psi = 0.116*[#   7]+0.116*[#  12]+0.116*[#  14]+0.100*[#   5]+0.100*[#   9]
          +0.100*[#  13]+0.043*[#   2]+0.043*[#   3]+0.043*[#   4]+0.036*[#   6]
          +0.036*[#   8]+0.036*[#  10]+0.036*[#  11]+0.036*[#  15]+0.036*[#  16]
          
    |psi|^2 = 0.996
==== e(   5) =     6.79244 eV ==== 
     psi = 0.143*[#   1]+0.101*[#   2]+0.101*[#   3]+0.101*[#   4]+0.064*[#   6]
          +0.064*[#   8]+0.064*[#  10]+0.064*[#  11]+0.064*[#  15]+0.064*[#  16]
          +0.048*[#   5]+0.048*[#   9]+0.048*[#  13]
    |psi|^2 = 0.974
==== e(   6) =     6.79246 eV ==== 
     psi = 0.115*[#   7]+0.115*[#  12]+0.115*[#  14]+0.095*[#   5]+0.095*[#   9]
          +0.095*[#  13]+0.051*[#   6]+0.051*[#   8]+0.051*[#  10]+0.051*[#  11]
          +0.051*[#  15]+0.051*[#  16]+0.013*[#   2]+0.013*[#   3]+0.013*[#   4]
          
    |psi|^2 = 0.974
==== e(   7) =     8.89393 eV ==== 
     psi = 0.155*[#   1]+0.103*[#   2]+0.103*[#   3]+0.103*[#   4]+0.054*[#   6]
          +0.054*[#   8]+0.054*[#  10]+0.054*[#  11]+0.054*[#  15]+0.054*[#  16]
          +0.052*[#   5]+0.052*[#   9]+0.052*[#  13]
    |psi|^2 = 0.945
==== e(   8) =     8.89395 eV ==== 
     psi = 0.106*[#   7]+0.106*[#  12]+0.106*[#  14]+0.103*[#   5]+0.103*[#   9]
          +0.103*[#  13]+0.052*[#   6]+0.052*[#   8]+0.052*[#  10]+0.052*[#  11]
          +0.052*[#  15]+0.052*[#  16]+0.003*[#   2]+0.003*[#   3]+0.003*[#   4]
          
    |psi|^2 = 0.945
==== e(   9) =    11.26669 eV ==== 
     psi = 0.148*[#   1]+0.066*[#   6]+0.066*[#   8]+0.066*[#  10]+0.066*[#  11]
          +0.066*[#  15]+0.066*[#  16]+0.065*[#   2]+0.065*[#   3]+0.065*[#   4]
          +0.049*[#   5]+0.049*[#   9]+0.049*[#  13]
    |psi|^2 = 0.883
==== e(  10) =    11.26671 eV ==== 
     psi = 0.099*[#   5]+0.099*[#   9]+0.099*[#  13]+0.098*[#   7]+0.098*[#  12]
          +0.098*[#  14]+0.033*[#   2]+0.033*[#   3]+0.033*[#   4]+0.032*[#   6]
          +0.032*[#   8]+0.032*[#  10]+0.032*[#  11]+0.032*[#  15]+0.032*[#  16]
          
    |psi|^2 = 0.883

 k =   0.1250000000  0.4375000000  0.4375000000
==== e(   1) =     0.29930 eV ==== 
     psi = 0.083*[#   1]+0.083*[#   5]+0.083*[#   9]+0.083*[#  13]+0.055*[#   2]
          +0.055*[#   3]+0.055*[#   4]+0.055*[#   6]+0.055*[#   7]+0.055*[#   8]
          +0.055*[#  10]+0.055*[#  11]+0.055*[#  12]+0.055*[#  14]+0.055*[#  15]
          +0.055*[#  16]
    |psi|^2 = 0.998
==== e(   2) =     1.39561 eV ==== 
     psi = 0.158*[#   1]+0.111*[#   7]+0.111*[#  12]+0.111*[#  14]+0.056*[#   6]
          +0.056*[#   8]+0.056*[#  10]+0.056*[#  11]+0.056*[#  15]+0.056*[#  16]
          +0.053*[#   5]+0.053*[#   9]+0.053*[#  13]+0.004*[#   2]+0.004*[#   3]
          +0.004*[#   4]
    |psi|^2 = 0.997
==== e(   3) =     1.39562 eV ==== 
     psi = 0.109*[#   2]+0.109*[#   3]+0.109*[#   4]+0.105*[#   5]+0.105*[#   9]
          +0.105*[#  13]+0.058*[#   6]+0.058*[#   8]+0.058*[#  10]+0.058*[#  11]
          +0.058*[#  15]+0.058*[#  16]+0.002*[#   7]+0.002*[#  12]+0.002*[#  14]
          
    |psi|^2 = 0.997
==== e(   4) =     2.48330 eV ==== 
     psi = 0.076*[#   1]+0.076*[#   5]+0.076*[#   9]+0.076*[#  13]+0.058*[#   2]
          +0.058*[#   3]+0.058*[#   4]+0.058*[#   6]+0.058*[#   7]+0.058*[#   8]
          +0.058*[#  10]+0.058*[#  11]+0.058*[#  12]+0.058*[#  14]+0.058*[#  15]
          +0.058*[#  16]
    |psi|^2 = 0.996
==== e(   5) =     6.72677 eV ==== 
     psi = 0.074*[#   1]+0.074*[#   5]+0.074*[#   9]+0.074*[#  13]+0.056*[#   2]
          +0.056*[#   3]+0.056*[#   4]+0.056*[#   6]+0.056*[#   7]+0.056*[#   8]
          +0.056*[#  10]+0.056*[#  11]+0.056*[#  12]+0.056*[#  14]+0.056*[#  15]
          +0.056*[#  16]
    |psi|^2 = 0.973
==== e(   6) =     7.77980 eV ==== 
     psi = 0.148*[#   1]+0.109*[#   7]+0.109*[#  12]+0.109*[#  14]+0.096*[#   2]
          +0.096*[#   3]+0.096*[#   4]+0.049*[#   5]+0.049*[#   9]+0.049*[#  13]
          +0.009*[#   6]+0.009*[#   8]+0.009*[#  10]+0.009*[#  11]+0.009*[#  15]
          +0.009*[#  16]
    |psi|^2 = 0.963
==== e(   7) =     7.77980 eV ==== 
     psi = 0.102*[#   6]+0.102*[#   8]+0.102*[#  10]+0.102*[#  11]+0.102*[#  15]
          +0.102*[#  16]+0.099*[#   5]+0.099*[#   9]+0.099*[#  13]+0.015*[#   2]
          +0.015*[#   3]+0.015*[#   4]+0.002*[#   7]+0.002*[#  12]+0.002*[#  14]
          
    |psi|^2 = 0.963
==== e(   8) =     8.82945 eV ==== 
     psi = 0.082*[#   1]+0.082*[#   5]+0.082*[#   9]+0.082*[#  13]+0.051*[#   2]
          +0.051*[#   3]+0.051*[#   4]+0.051*[#   6]+0.051*[#   7]+0.051*[#   8]
          +0.051*[#  10]+0.051*[#  11]+0.051*[#  12]+0.051*[#  14]+0.051*[#  15]
          +0.051*[#  16]
    |psi|^2 = 0.945
==== e(   9) =    11.20599 eV ==== 
     psi = 0.081*[#   1]+0.081*[#   5]+0.081*[#   9]+0.081*[#  13]+0.046*[#   2]
          +0.046*[#   3]+0.046*[#   4]+0.046*[#   6]+0.046*[#   7]+0.046*[#   8]
          +0.046*[#  10]+0.046*[#  11]+0.046*[#  12]+0.046*[#  14]+0.046*[#  15]
          +0.046*[#  16]
    |psi|^2 = 0.878
==== e(  10) =    12.22975 eV ==== 
     psi = 0.134*[#   1]+0.096*[#   7]+0.096*[#  12]+0.096*[#  14]+0.064*[#   2]
          +0.064*[#   3]+0.064*[#   4]+0.045*[#   5]+0.045*[#   9]+0.045*[#  13]
          +0.021*[#   6]+0.021*[#   8]+0.021*[#  10]+0.021*[#  11]+0.021*[#  15]
          +0.021*[#  16]
    |psi|^2 = 0.874

 k =   0.1250000000  0.4375000000 -0.5000000000
==== e(   1) =     0.81435 eV ==== 
     psi = 0.163*[#   1]+0.088*[#   6]+0.088*[#   8]+0.088*[#  10]+0.088*[#  11]
          +0.088*[#  15]+0.088*[#  16]+0.054*[#   5]+0.054*[#   9]+0.054*[#  13]
          +0.049*[#   2]+0.049*[#   3]+0.049*[#   4]
    |psi|^2 = 0.998
==== e(   2) =     0.81438 eV ==== 
     psi = 0.112*[#   7]+0.112*[#  12]+0.112*[#  14]+0.108*[#   5]+0.108*[#   9]
          +0.108*[#  13]+0.063*[#   2]+0.063*[#   3]+0.063*[#   4]+0.025*[#   6]
          +0.025*[#   8]+0.025*[#  10]+0.025*[#  11]+0.025*[#  15]+0.025*[#  16]
          
    |psi|^2 = 0.998
==== e(   3) =     1.90668 eV ==== 
     psi = 0.156*[#   1]+0.081*[#   6]+0.081*[#   8]+0.081*[#  10]+0.081*[#  11]
          +0.081*[#  15]+0.081*[#  16]+0.065*[#   2]+0.065*[#   3]+0.065*[#   4]
          +0.052*[#   5]+0.052*[#   9]+0.052*[#  13]
    |psi|^2 = 0.996
==== e(   4) =     1.90670 eV ==== 
     psi = 0.114*[#   7]+0.114*[#  12]+0.114*[#  14]+0.104*[#   5]+0.104*[#   9]
          +0.104*[#  13]+0.049*[#   2]+0.049*[#   3]+0.049*[#   4]+0.033*[#   6]
          +0.033*[#   8]+0.033*[#  10]+0.033*[#  11]+0.033*[#  15]+0.033*[#  16]
          
    |psi|^2 = 0.996
==== e(   5) =     7.22100 eV ==== 
     psi = 0.150*[#   1]+0.101*[#   2]+0.101*[#   3]+0.101*[#   4]+0.061*[#   6]
          +0.061*[#   8]+0.061*[#  10]+0.061*[#  11]+0.061*[#  15]+0.061*[#  16]
          +0.050*[#   5]+0.050*[#   9]+0.050*[#  13]
    |psi|^2 = 0.969
==== e(   6) =     7.22102 eV ==== 
     psi = 0.112*[#   7]+0.112*[#  12]+0.112*[#  14]+0.100*[#   5]+0.100*[#   9]
          +0.100*[#  13]+0.051*[#   6]+0.051*[#   8]+0.051*[#  10]+0.051*[#  11]
          +0.051*[#  15]+0.051*[#  16]+0.010*[#   2]+0.010*[#   3]+0.010*[#   4]
          
    |psi|^2 = 0.969
==== e(   7) =     8.27256 eV ==== 
     psi = 0.158*[#   1]+0.102*[#   2]+0.102*[#   3]+0.102*[#   4]+0.056*[#   6]
          +0.056*[#   8]+0.056*[#  10]+0.056*[#  11]+0.056*[#  15]+0.056*[#  16]
          +0.053*[#   5]+0.053*[#   9]+0.053*[#  13]
    |psi|^2 = 0.955
==== e(   8) =     8.27258 eV ==== 
     psi = 0.107*[#   7]+0.107*[#  12]+0.107*[#  14]+0.105*[#   5]+0.105*[#   9]
          +0.105*[#  13]+0.051*[#   6]+0.051*[#   8]+0.051*[#  10]+0.051*[#  11]
          +0.051*[#  15]+0.051*[#  16]+0.005*[#   2]+0.005*[#   3]+0.005*[#   4]
          
    |psi|^2 = 0.955
==== e(   9) =    11.68888 eV ==== 
     psi = 0.152*[#   1]+0.070*[#   2]+0.070*[#   3]+0.070*[#   4]+0.060*[#   6]
          +0.060*[#   8]+0.060*[#  10]+0.060*[#  11]+0.060*[#  15]+0.060*[#  16]
          +0.051*[#   5]+0.051*[#   9]+0.051*[#  13]
    |psi|^2 = 0.877
==== e(  10) =    11.68891 eV ==== 
     psi = 0.101*[#   5]+0.101*[#   9]+0.101*[#  13]+0.095*[#   7]+0.095*[#  12]
          +0.095*[#  14]+0.035*[#   6]+0.035*[#   8]+0.035*[#  10]+0.035*[#  11]
          +0.035*[#  15]+0.035*[#  16]+0.025*[#   2]+0.025*[#   3]+0.025*[#   4]
          
    |psi|^2 = 0.877

 k =   0.1250000000 -0.5000000000 -0.5000000000
==== e(   1) =     1.32754 eV ==== 
     psi = 0.320*[#   1]+0.111*[#   6]+0.111*[#   8]+0.111*[#  10]+0.111*[#  11]
          +0.111*[#  15]+0.111*[#  16]+0.004*[#   2]+0.004*[#   3]+0.004*[#   4]
          
    |psi|^2 = 0.997
==== e(   2) =     1.32757 eV ==== 
     psi = 0.111*[#   2]+0.111*[#   3]+0.111*[#   4]+0.107*[#   5]+0.107*[#   9]
          +0.107*[#  13]+0.057*[#   6]+0.057*[#   8]+0.057*[#  10]+0.057*[#  11]
          +0.057*[#  15]+0.057*[#  16]
    |psi|^2 = 0.997
==== e(   3) =     1.32757 eV ==== 
     psi = 0.111*[#   2]+0.111*[#   3]+0.111*[#   4]+0.107*[#   5]+0.107*[#   9]
          +0.107*[#  13]+0.057*[#   6]+0.057*[#   8]+0.057*[#  10]+0.057*[#  11]
          +0.057*[#  15]+0.057*[#  16]
    |psi|^2 = 0.997
==== e(   4) =     1.32759 eV ==== 
     psi = 0.226*[#   7]+0.226*[#  12]+0.226*[#  14]+0.107*[#   5]+0.107*[#   9]
          +0.107*[#  13]
    |psi|^2 = 0.997
==== e(   5) =     7.71459 eV ==== 
     psi = 0.311*[#   1]+0.189*[#   2]+0.189*[#   3]+0.189*[#   4]+0.014*[#   6]
          +0.014*[#   8]+0.014*[#  10]+0.014*[#  11]+0.014*[#  15]+0.014*[#  16]
          
    |psi|^2 = 0.963
==== e(   6) =     7.71462 eV ==== 
     psi = 0.104*[#   5]+0.104*[#   9]+0.104*[#  13]+0.101*[#   6]+0.101*[#   8]
          +0.101*[#  10]+0.101*[#  11]+0.101*[#  15]+0.101*[#  16]+0.014*[#   2]
          +0.014*[#   3]+0.014*[#   4]
    |psi|^2 = 0.963
==== e(   7) =     7.71462 eV ==== 
     psi = 0.104*[#   5]+0.104*[#   9]+0.104*[#  13]+0.101*[#   6]+0.101*[#   8]
          +0.101*[#  10]+0.101*[#  11]+0.101*[#  15]+0.101*[#  16]+0.014*[#   2]
          +0.014*[#   3]+0.014*[#   4]
    |psi|^2 = 0.963
==== e(   8) =     7.71464 eV ==== 
     psi = 0.217*[#   7]+0.217*[#  12]+0.217*[#  14]+0.104*[#   5]+0.104*[#   9]
          +0.104*[#  13]
    |psi|^2 = 0.963
==== e(   9) =    12.17060 eV ==== 
     psi = 0.298*[#   1]+0.119*[#   2]+0.119*[#   3]+0.119*[#   4]+0.036*[#   6]
          +0.036*[#   8]+0.036*[#  10]+0.036*[#  11]+0.036*[#  15]+0.036*[#  16]
          
    |psi|^2 = 0.871
==== e(  10) =    12.17063 eV ==== 
     psi = 0.099*[#   5]+0.099*[#   9]+0.099*[#  13]+0.078*[#   6]+0.078*[#   8]
          +0.078*[#  10]+0.078*[#  11]+0.078*[#  15]+0.078*[#  16]+0.036*[#   2]
          +0.036*[#   3]+0.036*[#   4]
    |psi|^2 = 0.871

 k =   0.1875000000  0.1875000000  0.1875000000
==== e(   1) =    -2.30473 eV ==== 
     psi = 0.127*[#   1]+0.127*[#   5]+0.127*[#   9]+0.127*[#  13]+0.041*[#   2]
          +0.041*[#   3]+0.041*[#   4]+0.041*[#   6]+0.041*[#   7]+0.041*[#   8]
          +0.041*[#  10]+0.041*[#  11]+0.041*[#  12]+0.041*[#  14]+0.041*[#  15]
          +0.041*[#  16]
    |psi|^2 = 0.999
==== e(   2) =     3.17713 eV ==== 
     psi = 0.210*[#   1]+0.114*[#   7]+0.114*[#  12]+0.114*[#  14]+0.054*[#   6]
          +0.054*[#   8]+0.054*[#  10]+0.054*[#  11]+0.054*[#  15]+0.054*[#  16]
          +0.023*[#   5]+0.023*[#   9]+0.023*[#  13]+0.016*[#   2]+0.016*[#   3]
          +0.016*[#   4]
    |psi|^2 = 0.992
==== e(   3) =     3.17713 eV ==== 
     psi = 0.093*[#   5]+0.093*[#   9]+0.093*[#  13]+0.081*[#   2]+0.081*[#   3]
          +0.081*[#   4]+0.062*[#   6]+0.062*[#   8]+0.062*[#  10]+0.062*[#  11]
          +0.062*[#  15]+0.062*[#  16]+0.032*[#   7]+0.032*[#  12]+0.032*[#  14]
          
    |psi|^2 = 0.992
==== e(   4) =     3.17713 eV ==== 
     psi = 0.093*[#   5]+0.093*[#   9]+0.093*[#  13]+0.081*[#   2]+0.081*[#   3]
          +0.081*[#   4]+0.062*[#   6]+0.062*[#   8]+0.062*[#  10]+0.062*[#  11]
          +0.062*[#  15]+0.062*[#  16]+0.032*[#   7]+0.032*[#  12]+0.032*[#  14]
          
    |psi|^2 = 0.992
==== e(   5) =     8.45386 eV ==== 
     psi = 0.154*[#   2]+0.154*[#   3]+0.154*[#   4]+0.123*[#   7]+0.123*[#  12]
          +0.123*[#  14]+0.084*[#   1]+0.009*[#   5]+0.009*[#   9]+0.009*[#  13]
          
    |psi|^2 = 0.948
==== e(   6) =     8.45387 eV ==== 
     psi = 0.104*[#   6]+0.104*[#   8]+0.104*[#  10]+0.104*[#  11]+0.104*[#  15]
          +0.104*[#  16]+0.043*[#   7]+0.043*[#  12]+0.043*[#  14]+0.037*[#   5]
          +0.037*[#   9]+0.037*[#  13]+0.027*[#   2]+0.027*[#   3]+0.027*[#   4]
          
    |psi|^2 = 0.948
==== e(   7) =     8.45387 eV ==== 
     psi = 0.104*[#   6]+0.104*[#   8]+0.104*[#  10]+0.104*[#  11]+0.104*[#  15]
          +0.104*[#  16]+0.043*[#   7]+0.043*[#  12]+0.043*[#  14]+0.037*[#   5]
          +0.037*[#   9]+0.037*[#  13]+0.027*[#   2]+0.027*[#   3]+0.027*[#   4]
          
    |psi|^2 = 0.948
==== e(   8) =     9.78401 eV ==== 
     psi = 0.358*[#   1]+0.060*[#   2]+0.060*[#   3]+0.060*[#   4]+0.040*[#   5]
          +0.040*[#   9]+0.040*[#  13]+0.026*[#   6]+0.026*[#   8]+0.026*[#  10]
          +0.026*[#  11]+0.026*[#  15]+0.026*[#  16]+0.006*[#   7]+0.006*[#  12]
          +0.006*[#  14]
    |psi|^2 = 0.830
==== e(   9) =     9.78402 eV ==== 
     psi = 0.159*[#   5]+0.159*[#   9]+0.159*[#  13]+0.041*[#   7]+0.041*[#  12]
          +0.041*[#  14]+0.031*[#   6]+0.031*[#   8]+0.031*[#  10]+0.031*[#  11]
          +0.031*[#  15]+0.031*[#  16]+0.014*[#   2]+0.014*[#   3]+0.014*[#   4]
          
    |psi|^2 = 0.830
==== e(  10) =     9.78402 eV ==== 
     psi = 0.159*[#   5]+0.159*[#   9]+0.159*[#  13]+0.041*[#   7]+0.041*[#  12]
          +0.041*[#  14]+0.031*[#   6]+0.031*[#   8]+0.031*[#  10]+0.031*[#  11]
          +0.031*[#  15]+0.031*[#  16]+0.014*[#   2]+0.014*[#   3]+0.014*[#   4]
          
    |psi|^2 = 0.830

 k =   0.1875000000  0.1875000000  0.2500000000
==== e(   1) =    -2.05966 eV ==== 
     psi = 0.116*[#   1]+0.116*[#   5]+0.116*[#   9]+0.116*[#  13]+0.045*[#   2]
          +0.045*[#   3]+0.045*[#   4]+0.045*[#   6]+0.044*[#   7]+0.045*[#   8]
          +0.045*[#  10]+0.045*[#  11]+0.044*[#  12]+0.044*[#  14]+0.045*[#  15]
          +0.045*[#  16]
    |psi|^2 = 0.999
==== e(   2) =     2.34148 eV ==== 
     psi = 0.074*[#   1]+0.074*[#   5]+0.074*[#   9]+0.074*[#  13]+0.058*[#   2]
          +0.058*[#   3]+0.058*[#   4]+0.058*[#   6]+0.058*[#   7]+0.058*[#   8]
          +0.058*[#  10]+0.058*[#  11]+0.058*[#  12]+0.058*[#  14]+0.058*[#  15]
          +0.058*[#  16]
    |psi|^2 = 0.995
==== e(   3) =     3.41229 eV ==== 
     psi = 0.137*[#   1]+0.087*[#   7]+0.087*[#  12]+0.087*[#  14]+0.055*[#   6]
          +0.055*[#   8]+0.055*[#  10]+0.055*[#  11]+0.055*[#  15]+0.055*[#  16]
          +0.046*[#   5]+0.046*[#   9]+0.046*[#  13]+0.042*[#   2]+0.042*[#   3]
          +0.042*[#   4]
    |psi|^2 = 0.992
==== e(   4) =     3.41229 eV ==== 
     psi = 0.092*[#   5]+0.092*[#   9]+0.092*[#  13]+0.077*[#   2]+0.077*[#   3]
          +0.077*[#   4]+0.065*[#   6]+0.065*[#   8]+0.065*[#  10]+0.065*[#  11]
          +0.065*[#  15]+0.065*[#  16]+0.032*[#   7]+0.032*[#  12]+0.032*[#  14]
          
    |psi|^2 = 0.992
==== e(   5) =     7.65916 eV ==== 
     psi = 0.098*[#   2]+0.098*[#   3]+0.098*[#   4]+0.090*[#   7]+0.090*[#  12]
          +0.090*[#  14]+0.089*[#   1]+0.037*[#   6]+0.037*[#   8]+0.037*[#  10]
          +0.037*[#  11]+0.037*[#  15]+0.037*[#  16]+0.030*[#   5]+0.030*[#   9]
          +0.030*[#  13]
    |psi|^2 = 0.965
==== e(   6) =     7.65917 eV ==== 
     psi = 0.094*[#   6]+0.094*[#   8]+0.094*[#  10]+0.094*[#  11]+0.094*[#  15]
          +0.094*[#  16]+0.060*[#   5]+0.060*[#   9]+0.060*[#  13]+0.041*[#   7]
          +0.041*[#  12]+0.041*[#  14]+0.033*[#   2]+0.033*[#   3]+0.033*[#   4]
          
    |psi|^2 = 0.965
==== e(   7) =     8.69719 eV ==== 
     psi = 0.065*[#   2]+0.065*[#   3]+0.065*[#   4]+0.065*[#   6]+0.065*[#   7]
          +0.065*[#   8]+0.065*[#  10]+0.065*[#  11]+0.065*[#  12]+0.065*[#  14]
          +0.065*[#  15]+0.065*[#  16]+0.040*[#   1]+0.040*[#   5]+0.040*[#   9]
          +0.040*[#  13]
    |psi|^2 = 0.944
==== e(   8) =    10.00136 eV ==== 
     psi = 0.206*[#   1]+0.069*[#   5]+0.069*[#   9]+0.069*[#  13]+0.055*[#   2]
          +0.055*[#   3]+0.055*[#   4]+0.029*[#   7]+0.029*[#  12]+0.029*[#  14]
          +0.029*[#   6]+0.029*[#   8]+0.029*[#  10]+0.029*[#  11]+0.029*[#  15]
          +0.029*[#  16]
    |psi|^2 = 0.839
==== e(   9) =    10.00137 eV ==== 
     psi = 0.138*[#   5]+0.138*[#   9]+0.138*[#  13]+0.042*[#   6]+0.042*[#   8]
          +0.042*[#  10]+0.042*[#  11]+0.042*[#  15]+0.042*[#  16]+0.042*[#   7]
          +0.042*[#  12]+0.042*[#  14]+0.016*[#   2]+0.016*[#   3]+0.016*[#   4]
          
    |psi|^2 = 0.839
==== e(  10) =    11.03040 eV ==== 
     psi = 0.099*[#   1]+0.099*[#   5]+0.099*[#   9]+0.099*[#  13]+0.032*[#   2]
          +0.032*[#   3]+0.032*[#   4]+0.032*[#   6]+0.032*[#   7]+0.032*[#   8]
          +0.032*[#  10]+0.032*[#  11]+0.032*[#  12]+0.032*[#  14]+0.032*[#  15]
          +0.032*[#  16]
    |psi|^2 = 0.778

 k =   0.1875000000  0.1875000000  0.3125000000
==== e(   1) =    -1.74519 eV ==== 
     psi = 0.106*[#   1]+0.106*[#   5]+0.106*[#   9]+0.106*[#  13]+0.048*[#   2]
          +0.048*[#   3]+0.048*[#   4]+0.048*[#   6]+0.048*[#   7]+0.048*[#   8]
          +0.048*[#  10]+0.048*[#  11]+0.048*[#  12]+0.048*[#  14]+0.048*[#  15]
          +0.048*[#  16]
    |psi|^2 = 0.999
==== e(   2) =     1.56351 eV ==== 
     psi = 0.076*[#   1]+0.076*[#   5]+0.076*[#   9]+0.076*[#  13]+0.058*[#   2]
          +0.058*[#   3]+0.058*[#   4]+0.058*[#   6]+0.058*[#   7]+0.058*[#   8]
          +0.058*[#  10]+0.058*[#  11]+0.058*[#  12]+0.058*[#  14]+0.058*[#  15]
          +0.058*[#  16]
    |psi|^2 = 0.997
==== e(   3) =     3.71381 eV ==== 
     psi = 0.133*[#   1]+0.088*[#   7]+0.088*[#  12]+0.088*[#  14]+0.053*[#   6]
          +0.053*[#   8]+0.053*[#  10]+0.053*[#  11]+0.053*[#  15]+0.053*[#  16]
          +0.047*[#   2]+0.047*[#   3]+0.047*[#   4]+0.044*[#   5]+0.044*[#   9]
          +0.044*[#  13]
    |psi|^2 = 0.992
==== e(   4) =     3.71381 eV ==== 
     psi = 0.089*[#   5]+0.089*[#   9]+0.089*[#  13]+0.074*[#   2]+0.074*[#   3]
          +0.074*[#   4]+0.068*[#   6]+0.068*[#   8]+0.068*[#  10]+0.068*[#  11]
          +0.068*[#  15]+0.068*[#  16]+0.032*[#   7]+0.032*[#  12]+0.032*[#  14]
          
    |psi|^2 = 0.992
==== e(   5) =     6.91290 eV ==== 
     psi = 0.113*[#   1]+0.088*[#   2]+0.088*[#   3]+0.088*[#   4]+0.084*[#   7]
          +0.084*[#  12]+0.084*[#  14]+0.039*[#   6]+0.039*[#   8]+0.039*[#  10]
          +0.039*[#  11]+0.039*[#  15]+0.039*[#  16]+0.038*[#   5]+0.038*[#   9]
          +0.038*[#  13]
    |psi|^2 = 0.975
==== e(   6) =     6.91291 eV ==== 
     psi = 0.086*[#   6]+0.086*[#   8]+0.086*[#  10]+0.086*[#  11]+0.086*[#  15]
          +0.086*[#  16]+0.075*[#   5]+0.075*[#   9]+0.075*[#  13]+0.041*[#   7]
          +0.041*[#  12]+0.041*[#  14]+0.037*[#   2]+0.037*[#   3]+0.037*[#   4]
          
    |psi|^2 = 0.975
==== e(   7) =     8.99715 eV ==== 
     psi = 0.062*[#   2]+0.062*[#   3]+0.062*[#   4]+0.062*[#   6]+0.062*[#   7]
          +0.062*[#   8]+0.062*[#  10]+0.062*[#  11]+0.062*[#  12]+0.062*[#  14]
          +0.062*[#  15]+0.062*[#  16]+0.048*[#   1]+0.048*[#   5]+0.048*[#   9]
          +0.048*[#  13]
    |psi|^2 = 0.939
==== e(   8) =    10.28778 eV ==== 
     psi = 0.174*[#   1]+0.064*[#   2]+0.064*[#   3]+0.064*[#   4]+0.058*[#   5]
          +0.058*[#   9]+0.058*[#  13]+0.045*[#   7]+0.045*[#  12]+0.045*[#  14]
          +0.029*[#   6]+0.029*[#   8]+0.029*[#  10]+0.029*[#  11]+0.029*[#  15]
          +0.029*[#  16]
    |psi|^2 = 0.851
==== e(   9) =    10.28778 eV ==== 
     psi = 0.116*[#   5]+0.116*[#   9]+0.116*[#  13]+0.054*[#   6]+0.054*[#   8]
          +0.054*[#  10]+0.054*[#  11]+0.054*[#  15]+0.054*[#  16]+0.039*[#   7]
          +0.039*[#  12]+0.039*[#  14]+0.020*[#   2]+0.020*[#   3]+0.020*[#   4]
          
    |psi|^2 = 0.851
==== e(  10) =    12.11814 eV ==== 
     psi = 0.099*[#   1]+0.099*[#   5]+0.099*[#   9]+0.099*[#  13]+0.037*[#   2]
          +0.037*[#   3]+0.037*[#   4]+0.037*[#   6]+0.037*[#   7]+0.037*[#   8]
          +0.037*[#  10]+0.037*[#  11]+0.037*[#  12]+0.037*[#  14]+0.037*[#  15]
          +0.037*[#  16]
    |psi|^2 = 0.842

 k =   0.1875000000  0.1875000000  0.3750000000
==== e(   1) =    -1.36179 eV ==== 
     psi = 0.097*[#   1]+0.097*[#   5]+0.097*[#   9]+0.097*[#  13]+0.051*[#   2]
          +0.051*[#   3]+0.051*[#   4]+0.051*[#   6]+0.051*[#   7]+0.051*[#   8]
          +0.051*[#  10]+0.051*[#  11]+0.051*[#  12]+0.051*[#  14]+0.051*[#  15]
          +0.051*[#  16]
    |psi|^2 = 0.999
==== e(   2) =     0.84746 eV ==== 
     psi = 0.078*[#   1]+0.078*[#   5]+0.078*[#   9]+0.078*[#  13]+0.057*[#   2]
          +0.057*[#   3]+0.057*[#   4]+0.057*[#   6]+0.057*[#   7]+0.057*[#   8]
          +0.057*[#  10]+0.057*[#  11]+0.057*[#  12]+0.057*[#  14]+0.057*[#  15]
          +0.057*[#  16]
    |psi|^2 = 0.998
==== e(   3) =     4.08055 eV ==== 
     psi = 0.126*[#   1]+0.092*[#   7]+0.092*[#  12]+0.092*[#  14]+0.052*[#   2]
          +0.052*[#   3]+0.052*[#   4]+0.051*[#   6]+0.051*[#   8]+0.051*[#  10]
          +0.051*[#  11]+0.051*[#  15]+0.051*[#  16]+0.042*[#   5]+0.042*[#   9]
          +0.042*[#  13]
    |psi|^2 = 0.991
==== e(   4) =     4.08055 eV ==== 
     psi = 0.084*[#   5]+0.084*[#   9]+0.084*[#  13]+0.072*[#   6]+0.072*[#   8]
          +0.072*[#  10]+0.072*[#  11]+0.072*[#  15]+0.072*[#  16]+0.071*[#   2]
          +0.071*[#   3]+0.071*[#   4]+0.032*[#   7]+0.032*[#  12]+0.032*[#  14]
          
    |psi|^2 = 0.991
==== e(   5) =     6.22557 eV ==== 
     psi = 0.133*[#   1]+0.080*[#   2]+0.080*[#   3]+0.080*[#   4]+0.077*[#   7]
          +0.077*[#  12]+0.077*[#  14]+0.044*[#   5]+0.044*[#   9]+0.044*[#  13]
          +0.041*[#   6]+0.041*[#   8]+0.041*[#  10]+0.041*[#  11]+0.041*[#  15]
          +0.041*[#  16]
    |psi|^2 = 0.982
==== e(   6) =     6.22558 eV ==== 
     psi = 0.088*[#   5]+0.088*[#   9]+0.088*[#  13]+0.078*[#   6]+0.078*[#   8]
          +0.078*[#  10]+0.078*[#  11]+0.078*[#  15]+0.078*[#  16]+0.043*[#   7]
          +0.043*[#  12]+0.043*[#  14]+0.039*[#   2]+0.039*[#   3]+0.039*[#   4]
          
    |psi|^2 = 0.982
==== e(   7) =     9.35963 eV ==== 
     psi = 0.059*[#   2]+0.059*[#   3]+0.059*[#   4]+0.059*[#   6]+0.059*[#   7]
          +0.059*[#   8]+0.059*[#  10]+0.059*[#  11]+0.059*[#  12]+0.059*[#  14]
          +0.059*[#  15]+0.059*[#  16]+0.056*[#   1]+0.056*[#   5]+0.056*[#   9]
          +0.056*[#  13]
    |psi|^2 = 0.932
==== e(   8) =    10.63455 eV ==== 
     psi = 0.137*[#   1]+0.073*[#   2]+0.073*[#   3]+0.073*[#   4]+0.063*[#   7]
          +0.063*[#  12]+0.063*[#  14]+0.046*[#   5]+0.046*[#   9]+0.046*[#  13]
          +0.030*[#   6]+0.030*[#   8]+0.030*[#  10]+0.030*[#  11]+0.030*[#  15]
          +0.030*[#  16]
    |psi|^2 = 0.861
==== e(   9) =    10.63455 eV ==== 
     psi = 0.091*[#   5]+0.091*[#   9]+0.091*[#  13]+0.068*[#   6]+0.068*[#   8]
          +0.068*[#  10]+0.068*[#  11]+0.068*[#  15]+0.068*[#  16]+0.035*[#   7]
          +0.035*[#  12]+0.035*[#  14]+0.025*[#   2]+0.025*[#   3]+0.025*[#   4]
          
    |psi|^2 = 0.861
==== e(  10) =    11.44267 eV ==== 
     psi = 0.092*[#   1]+0.092*[#   5]+0.092*[#   9]+0.092*[#  13]+0.042*[#   2]
          +0.042*[#   3]+0.042*[#   4]+0.042*[#   6]+0.042*[#   7]+0.042*[#   8]
          +0.042*[#  10]+0.042*[#  11]+0.042*[#  12]+0.042*[#  14]+0.042*[#  15]
          +0.042*[#  16]
    |psi|^2 = 0.870

 k =   0.1875000000  0.1875000000  0.4375000000
==== e(   1) =    -0.91003 eV ==== 
     psi = 0.090*[#   1]+0.090*[#   5]+0.090*[#   9]+0.090*[#  13]+0.053*[#   2]
          +0.053*[#   3]+0.053*[#   4]+0.053*[#   6]+0.053*[#   7]+0.053*[#   8]
          +0.053*[#  10]+0.053*[#  11]+0.053*[#  12]+0.053*[#  14]+0.053*[#  15]
          +0.053*[#  16]
    |psi|^2 = 0.999
==== e(   2) =     0.19558 eV ==== 
     psi = 0.080*[#   1]+0.080*[#   5]+0.080*[#   9]+0.080*[#  13]+0.056*[#   2]
          +0.056*[#   3]+0.056*[#   4]+0.056*[#   6]+0.056*[#   7]+0.056*[#   8]
          +0.056*[#  10]+0.056*[#  11]+0.056*[#  12]+0.056*[#  14]+0.056*[#  15]
          +0.056*[#  16]
    |psi|^2 = 0.998
==== e(   3) =     4.50834 eV ==== 
     psi = 0.079*[#   6]+0.079*[#   8]+0.079*[#  10]+0.079*[#  11]+0.079*[#  15]
          +0.079*[#  16]+0.072*[#   2]+0.072*[#   3]+0.072*[#   4]+0.071*[#   5]
          +0.071*[#   9]+0.071*[#  13]+0.028*[#   7]+0.028*[#  12]+0.028*[#  14]
          
    |psi|^2 = 0.991
==== e(   4) =     4.50834 eV ==== 
     psi = 0.107*[#   1]+0.101*[#   7]+0.101*[#  12]+0.101*[#  14]+0.057*[#   2]
          +0.057*[#   3]+0.057*[#   4]+0.050*[#   6]+0.050*[#   8]+0.050*[#  10]
          +0.050*[#  11]+0.050*[#  15]+0.050*[#  16]+0.036*[#   5]+0.036*[#   9]
          +0.036*[#  13]
    |psi|^2 = 0.991
==== e(   5) =     5.60458 eV ==== 
     psi = 0.158*[#   1]+0.074*[#   2]+0.074*[#   3]+0.074*[#   4]+0.065*[#   7]
          +0.065*[#  12]+0.065*[#  14]+0.053*[#   5]+0.053*[#   9]+0.053*[#  13]
          +0.042*[#   6]+0.042*[#   8]+0.042*[#  10]+0.042*[#  11]+0.042*[#  15]
          +0.042*[#  16]
    |psi|^2 = 0.985
==== e(   6) =     5.60458 eV ==== 
     psi = 0.106*[#   5]+0.106*[#   9]+0.106*[#  13]+0.069*[#   6]+0.069*[#   8]
          +0.069*[#  10]+0.069*[#  11]+0.069*[#  15]+0.069*[#  16]+0.047*[#   7]
          +0.047*[#  12]+0.047*[#  14]+0.037*[#   2]+0.037*[#   3]+0.037*[#   4]
          
    |psi|^2 = 0.985
==== e(   7) =     9.78567 eV ==== 
     psi = 0.064*[#   1]+0.064*[#   5]+0.064*[#   9]+0.064*[#  13]+0.055*[#   2]
          +0.055*[#   3]+0.055*[#   4]+0.055*[#   6]+0.055*[#   7]+0.055*[#   8]
          +0.055*[#  10]+0.055*[#  11]+0.055*[#  12]+0.055*[#  14]+0.055*[#  15]
          +0.055*[#  16]
    |psi|^2 = 0.923
==== e(   8) =    10.82790 eV ==== 
     psi = 0.083*[#   1]+0.083*[#   5]+0.083*[#   9]+0.083*[#  13]+0.047*[#   2]
          +0.047*[#   3]+0.047*[#   4]+0.047*[#   6]+0.047*[#   7]+0.047*[#   8]
          +0.047*[#  10]+0.047*[#  11]+0.047*[#  12]+0.047*[#  14]+0.047*[#  15]
          +0.047*[#  16]
    |psi|^2 = 0.892
==== e(   9) =    11.02490 eV ==== 
     psi = 0.086*[#   6]+0.086*[#   8]+0.086*[#  10]+0.086*[#  11]+0.086*[#  15]
          +0.086*[#  16]+0.056*[#   5]+0.056*[#   9]+0.056*[#  13]+0.033*[#   2]
          +0.033*[#   3]+0.033*[#   4]+0.024*[#   7]+0.024*[#  12]+0.024*[#  14]
          
    |psi|^2 = 0.858
==== e(  10) =    11.02490 eV ==== 
     psi = 0.090*[#   7]+0.090*[#  12]+0.090*[#  14]+0.084*[#   1]+0.082*[#   2]
          +0.082*[#   3]+0.082*[#   4]+0.029*[#   6]+0.029*[#   8]+0.029*[#  10]
          +0.029*[#  11]+0.029*[#  15]+0.029*[#  16]+0.028*[#   5]+0.028*[#   9]
          +0.028*[#  13]
    |psi|^2 = 0.858

 k =   0.1875000000  0.1875000000 -0.5000000000
==== e(   1) =    -0.39063 eV ==== 
     psi = 0.168*[#   1]+0.100*[#   6]+0.100*[#   8]+0.100*[#  10]+0.100*[#  11]
          +0.100*[#  15]+0.100*[#  16]+0.056*[#   5]+0.056*[#   9]+0.056*[#  13]
          +0.021*[#   2]+0.021*[#   3]+0.021*[#   4]
    |psi|^2 = 0.998
==== e(   2) =    -0.39061 eV ==== 
     psi = 0.112*[#   5]+0.112*[#   9]+0.112*[#  13]+0.110*[#   7]+0.110*[#  12]
          +0.110*[#  14]+0.089*[#   2]+0.089*[#   3]+0.089*[#   4]+0.011*[#   6]
          +0.011*[#   8]+0.011*[#  10]+0.011*[#  11]+0.011*[#  15]+0.011*[#  16]
          
    |psi|^2 = 0.998
==== e(   3) =     4.89603 eV ==== 
     psi = 0.111*[#   6]+0.111*[#   8]+0.111*[#  10]+0.111*[#  11]+0.111*[#  15]
          +0.111*[#  16]+0.109*[#   2]+0.109*[#   3]+0.109*[#   4]
    |psi|^2 = 0.993
==== e(   4) =     4.89605 eV ==== 
     psi = 0.166*[#   7]+0.166*[#  12]+0.166*[#  14]+0.056*[#   2]+0.056*[#   3]
          +0.056*[#   4]+0.055*[#   6]+0.055*[#   8]+0.055*[#  10]+0.055*[#  11]
          +0.055*[#  15]+0.055*[#  16]
    |psi|^2 = 0.993
==== e(   5) =     5.15234 eV ==== 
     psi = 0.268*[#   1]+0.089*[#   5]+0.089*[#   9]+0.089*[#  13]+0.075*[#   2]
          +0.075*[#   3]+0.075*[#   4]+0.037*[#   6]+0.037*[#   8]+0.037*[#  10]
          +0.037*[#  11]+0.037*[#  15]+0.037*[#  16]
    |psi|^2 = 0.984
==== e(   6) =     5.15236 eV ==== 
     psi = 0.178*[#   5]+0.178*[#   9]+0.178*[#  13]+0.075*[#   7]+0.075*[#  12]
          +0.075*[#  14]+0.037*[#   6]+0.037*[#   8]+0.037*[#  10]+0.037*[#  11]
          +0.037*[#  15]+0.037*[#  16]
    |psi|^2 = 0.984
==== e(   7) =    10.27525 eV ==== 
     psi = 0.147*[#   1]+0.102*[#   2]+0.102*[#   3]+0.102*[#   4]+0.052*[#   6]
          +0.052*[#   8]+0.052*[#  10]+0.052*[#  11]+0.052*[#  15]+0.052*[#  16]
          +0.049*[#   5]+0.049*[#   9]+0.049*[#  13]
    |psi|^2 = 0.910
==== e(   8) =    10.27527 eV ==== 
     psi = 0.103*[#   7]+0.103*[#  12]+0.103*[#  14]+0.098*[#   5]+0.098*[#   9]
          +0.098*[#  13]+0.051*[#   6]+0.051*[#   8]+0.051*[#  10]+0.051*[#  11]
          +0.051*[#  15]+0.051*[#  16]
    |psi|^2 = 0.910
==== e(   9) =    11.30639 eV ==== 
     psi = 0.113*[#   6]+0.113*[#   8]+0.113*[#  10]+0.113*[#  11]+0.113*[#  15]
          +0.113*[#  16]+0.048*[#   2]+0.048*[#   3]+0.048*[#   4]
    |psi|^2 = 0.824
==== e(  10) =    11.30641 eV ==== 
     psi = 0.137*[#   7]+0.137*[#  12]+0.137*[#  14]+0.089*[#   2]+0.089*[#   3]
          +0.089*[#   4]+0.024*[#   6]+0.024*[#   8]+0.024*[#  10]+0.024*[#  11]
          +0.024*[#  15]+0.024*[#  16]
    |psi|^2 = 0.824

 k =   0.1875000000  0.2500000000  0.2500000000
==== e(   1) =    -1.81501 eV ==== 
     psi = 0.109*[#   1]+0.109*[#   5]+0.109*[#   9]+0.109*[#  13]+0.047*[#   2]
          +0.047*[#   3]+0.047*[#   4]+0.047*[#   6]+0.047*[#   7]+0.047*[#   8]
          +0.047*[#  10]+0.047*[#  11]+0.047*[#  12]+0.047*[#  14]+0.047*[#  15]
          +0.047*[#  16]
    |psi|^2 = 0.999
==== e(   2) =     2.57845 eV ==== 
     psi = 0.147*[#   1]+0.093*[#   7]+0.093*[#  12]+0.093*[#  14]+0.056*[#   6]
          +0.056*[#   8]+0.056*[#  10]+0.056*[#  11]+0.056*[#  15]+0.056*[#  16]
          +0.049*[#   5]+0.049*[#   9]+0.049*[#  13]+0.029*[#   2]+0.029*[#   3]
          +0.029*[#   4]
    |psi|^2 = 0.995
==== e(   3) =     2.57846 eV ==== 
     psi = 0.098*[#   5]+0.098*[#   9]+0.098*[#  13]+0.088*[#   2]+0.088*[#   3]
          +0.088*[#   4]+0.061*[#   6]+0.061*[#   8]+0.061*[#  10]+0.061*[#  11]
          +0.061*[#  15]+0.061*[#  16]+0.023*[#   7]+0.023*[#  12]+0.023*[#  14]
          
    |psi|^2 = 0.995
==== e(   4) =     3.64675 eV ==== 
     psi = 0.068*[#   1]+0.068*[#   5]+0.068*[#   9]+0.068*[#  13]+0.060*[#   2]
          +0.060*[#   3]+0.060*[#   4]+0.060*[#   6]+0.060*[#   7]+0.060*[#   8]
          +0.060*[#  10]+0.060*[#  11]+0.060*[#  12]+0.060*[#  14]+0.060*[#  15]
          +0.060*[#  16]
    |psi|^2 = 0.991
==== e(   5) =     6.85378 eV ==== 
     psi = 0.062*[#   2]+0.062*[#   3]+0.062*[#   4]+0.062*[#   6]+0.062*[#   7]
          +0.062*[#   8]+0.062*[#  10]+0.062*[#  11]+0.062*[#  12]+0.062*[#  14]
          +0.062*[#  15]+0.062*[#  16]+0.059*[#   1]+0.059*[#   5]+0.059*[#   9]
          +0.059*[#  13]
    |psi|^2 = 0.975
==== e(   6) =     7.89466 eV ==== 
     psi = 0.106*[#   1]+0.099*[#   2]+0.099*[#   3]+0.099*[#   4]+0.098*[#   7]
          +0.098*[#  12]+0.098*[#  14]+0.035*[#   5]+0.035*[#   9]+0.035*[#  13]
          +0.027*[#   6]+0.027*[#   8]+0.027*[#  10]+0.027*[#  11]+0.027*[#  15]
          +0.027*[#  16]
    |psi|^2 = 0.961
==== e(   7) =     7.89467 eV ==== 
     psi = 0.098*[#   6]+0.098*[#   8]+0.098*[#  10]+0.098*[#  11]+0.098*[#  15]
          +0.098*[#  16]+0.070*[#   5]+0.070*[#   9]+0.070*[#  13]+0.027*[#   7]
          +0.027*[#  12]+0.027*[#  14]+0.026*[#   2]+0.026*[#   3]+0.026*[#   4]
          
    |psi|^2 = 0.961
==== e(   8) =    10.22866 eV ==== 
     psi = 0.096*[#   1]+0.096*[#   5]+0.096*[#   9]+0.096*[#  13]+0.038*[#   2]
          +0.038*[#   3]+0.038*[#   4]+0.038*[#   6]+0.038*[#   7]+0.038*[#   8]
          +0.038*[#  10]+0.038*[#  11]+0.038*[#  12]+0.038*[#  14]+0.038*[#  15]
          +0.038*[#  16]
    |psi|^2 = 0.840
==== e(   9) =    11.25277 eV ==== 
     psi = 0.173*[#   1]+0.068*[#   2]+0.068*[#   3]+0.068*[#   4]+0.058*[#   5]
          +0.058*[#   9]+0.058*[#  13]+0.035*[#   6]+0.035*[#   8]+0.035*[#  10]
          +0.035*[#  11]+0.035*[#  15]+0.035*[#  16]+0.009*[#   7]+0.009*[#  12]
          +0.009*[#  14]
    |psi|^2 = 0.789
==== e(  10) =    11.25277 eV ==== 
     psi = 0.115*[#   5]+0.115*[#   9]+0.115*[#  13]+0.065*[#   7]+0.065*[#  12]
          +0.065*[#  14]+0.039*[#   6]+0.039*[#   8]+0.039*[#  10]+0.039*[#  11]
          +0.039*[#  15]+0.039*[#  16]+0.006*[#   2]+0.006*[#   3]+0.006*[#   4]
          
    |psi|^2 = 0.789

 k =   0.1875000000  0.2500000000  0.3125000000
==== e(   1) =    -1.50109 eV ==== 
     psi = 0.102*[#   1]+0.102*[#   5]+0.102*[#   9]+0.102*[#  13]+0.049*[#   2]
          +0.049*[#   3]+0.049*[#   4]+0.049*[#   6]+0.049*[#   7]+0.049*[#   8]
          +0.049*[#  10]+0.049*[#  11]+0.049*[#  12]+0.049*[#  14]+0.049*[#  15]
          +0.049*[#  16]
    |psi|^2 = 0.999
==== e(   2) =     1.80196 eV ==== 
     psi = 0.076*[#   1]+0.076*[#   5]+0.076*[#   9]+0.076*[#  13]+0.058*[#   2]
          +0.058*[#   3]+0.058*[#   4]+0.058*[#   6]+0.058*[#   7]+0.058*[#   8]
          +0.058*[#  10]+0.058*[#  11]+0.058*[#  12]+0.058*[#  14]+0.058*[#  15]
          +0.058*[#  16]
    |psi|^2 = 0.996
==== e(   3) =     2.88247 eV ==== 
     psi = 0.073*[#   1]+0.073*[#   5]+0.073*[#   9]+0.073*[#  13]+0.059*[#   2]
          +0.059*[#   3]+0.059*[#   4]+0.059*[#   6]+0.059*[#   7]+0.059*[#   8]
          +0.059*[#  10]+0.059*[#  11]+0.059*[#  12]+0.059*[#  14]+0.059*[#  15]
          +0.059*[#  16]
    |psi|^2 = 0.994
==== e(   4) =     3.94681 eV ==== 
     psi = 0.065*[#   1]+0.065*[#   5]+0.065*[#   9]+0.065*[#  13]+0.061*[#   2]
          +0.061*[#   3]+0.061*[#   4]+0.061*[#   6]+0.061*[#   7]+0.061*[#   8]
          +0.061*[#  10]+0.061*[#  11]+0.061*[#  12]+0.061*[#  14]+0.061*[#  15]
          +0.061*[#  16]
    |psi|^2 = 0.991
==== e(   5) =     6.10273 eV ==== 
     psi = 0.071*[#   1]+0.071*[#   5]+0.071*[#   9]+0.071*[#  13]+0.058*[#   2]
          +0.058*[#   3]+0.058*[#   4]+0.058*[#   6]+0.058*[#   7]+0.058*[#   8]
          +0.058*[#  10]+0.058*[#  11]+0.058*[#  12]+0.058*[#  14]+0.058*[#  15]
          +0.058*[#  16]
    |psi|^2 = 0.981
==== e(   6) =     7.14593 eV ==== 
     psi = 0.063*[#   1]+0.063*[#   5]+0.063*[#   9]+0.063*[#  13]+0.060*[#   2]
          +0.060*[#   3]+0.060*[#   4]+0.060*[#   6]+0.060*[#   7]+0.060*[#   8]
          +0.060*[#  10]+0.060*[#  11]+0.060*[#  12]+0.060*[#  14]+0.060*[#  15]
          +0.060*[#  16]
    |psi|^2 = 0.972
==== e(   7) =     8.19316 eV ==== 
     psi = 0.060*[#   1]+0.060*[#   5]+0.060*[#   9]+0.060*[#  13]+0.060*[#   2]
          +0.060*[#   3]+0.060*[#   4]+0.060*[#   6]+0.060*[#   7]+0.060*[#   8]
          +0.060*[#  10]+0.060*[#  11]+0.060*[#  12]+0.060*[#  14]+0.060*[#  15]
          +0.060*[#  16]
    |psi|^2 = 0.957
==== e(   8) =    10.52011 eV ==== 
     psi = 0.085*[#   1]+0.085*[#   5]+0.085*[#   9]+0.085*[#  13]+0.042*[#   2]
          +0.042*[#   3]+0.042*[#   4]+0.042*[#   6]+0.042*[#   7]+0.042*[#   8]
          +0.042*[#  10]+0.042*[#  11]+0.042*[#  12]+0.042*[#  14]+0.042*[#  15]
          +0.042*[#  16]
    |psi|^2 = 0.846
==== e(   9) =    11.32407 eV ==== 
     psi = 0.112*[#   1]+0.112*[#   5]+0.112*[#   9]+0.112*[#  13]+0.035*[#   2]
          +0.035*[#   3]+0.035*[#   4]+0.035*[#   6]+0.035*[#   7]+0.035*[#   8]
          +0.035*[#  10]+0.035*[#  11]+0.035*[#  12]+0.035*[#  14]+0.035*[#  15]
          +0.035*[#  16]
    |psi|^2 = 0.868
==== e(  10) =    11.53461 eV ==== 
     psi = 0.070*[#   1]+0.070*[#   5]+0.070*[#   9]+0.070*[#  13]+0.044*[#   2]
          +0.044*[#   3]+0.044*[#   4]+0.044*[#   6]+0.044*[#   7]+0.044*[#   8]
          +0.044*[#  10]+0.044*[#  11]+0.044*[#  12]+0.044*[#  14]+0.044*[#  15]
          +0.044*[#  16]
    |psi|^2 = 0.801

 k =   0.1875000000  0.2500000000  0.3750000000
==== e(   1) =    -1.11834 eV ==== 
     psi = 0.095*[#   1]+0.095*[#   5]+0.095*[#   9]+0.095*[#  13]+0.052*[#   2]
          +0.052*[#   3]+0.052*[#   4]+0.052*[#   6]+0.052*[#   7]+0.052*[#   8]
          +0.052*[#  10]+0.052*[#  11]+0.052*[#  12]+0.052*[#  14]+0.052*[#  15]
          +0.052*[#  16]
    |psi|^2 = 0.999
==== e(   2) =     1.08717 eV ==== 
     psi = 0.078*[#   1]+0.078*[#   5]+0.078*[#   9]+0.078*[#  13]+0.057*[#   2]
          +0.057*[#   3]+0.057*[#   4]+0.057*[#   6]+0.057*[#   7]+0.057*[#   8]
          +0.057*[#  10]+0.057*[#  11]+0.057*[#  12]+0.057*[#  14]+0.057*[#  15]
          +0.057*[#  16]
    |psi|^2 = 0.997
==== e(   3) =     3.25289 eV ==== 
     psi = 0.071*[#   1]+0.071*[#   5]+0.071*[#   9]+0.071*[#  13]+0.059*[#   2]
          +0.059*[#   3]+0.059*[#   4]+0.059*[#   6]+0.059*[#   7]+0.059*[#   8]
          +0.059*[#  10]+0.059*[#  11]+0.059*[#  12]+0.059*[#  14]+0.059*[#  15]
          +0.059*[#  16]
    |psi|^2 = 0.994
==== e(   4) =     4.30859 eV ==== 
     psi = 0.063*[#   2]+0.063*[#   3]+0.063*[#   4]+0.063*[#   6]+0.063*[#   7]
          +0.063*[#   8]+0.063*[#  10]+0.063*[#  11]+0.063*[#  12]+0.063*[#  14]
          +0.063*[#  15]+0.063*[#  16]+0.057*[#   1]+0.057*[#   5]+0.057*[#   9]
          +0.057*[#  13]
    |psi|^2 = 0.991
==== e(   5) =     5.41548 eV ==== 
     psi = 0.085*[#   1]+0.085*[#   5]+0.085*[#   9]+0.085*[#  13]+0.054*[#   2]
          +0.054*[#   3]+0.054*[#   4]+0.054*[#   6]+0.054*[#   7]+0.054*[#   8]
          +0.054*[#  10]+0.054*[#  11]+0.054*[#  12]+0.054*[#  14]+0.054*[#  15]
          +0.054*[#  16]
    |psi|^2 = 0.985
==== e(   6) =     6.45682 eV ==== 
     psi = 0.070*[#   1]+0.070*[#   5]+0.070*[#   9]+0.070*[#  13]+0.058*[#   2]
          +0.058*[#   3]+0.058*[#   4]+0.058*[#   6]+0.058*[#   7]+0.058*[#   8]
          +0.058*[#  10]+0.058*[#  11]+0.058*[#  12]+0.058*[#  14]+0.058*[#  15]
          +0.058*[#  16]
    |psi|^2 = 0.979
==== e(   7) =     8.55591 eV ==== 
     psi = 0.068*[#   1]+0.068*[#   5]+0.068*[#   9]+0.068*[#  13]+0.056*[#   2]
          +0.056*[#   3]+0.056*[#   4]+0.056*[#   6]+0.056*[#   7]+0.056*[#   8]
          +0.056*[#  10]+0.056*[#  11]+0.056*[#  12]+0.056*[#  14]+0.056*[#  15]
          +0.056*[#  16]
    |psi|^2 = 0.950
==== e(   8) =    10.64594 eV ==== 
     psi = 0.106*[#   1]+0.106*[#   5]+0.106*[#   9]+0.106*[#  13]+0.039*[#   2]
          +0.039*[#   3]+0.039*[#   4]+0.039*[#   6]+0.039*[#   7]+0.039*[#   8]
          +0.039*[#  10]+0.039*[#  11]+0.039*[#  12]+0.039*[#  14]+0.039*[#  15]
          +0.039*[#  16]
    |psi|^2 = 0.893
==== e(   9) =    10.87357 eV ==== 
     psi = 0.073*[#   1]+0.073*[#   5]+0.073*[#   9]+0.073*[#  13]+0.047*[#   2]
          +0.047*[#   3]+0.047*[#   4]+0.047*[#   6]+0.047*[#   7]+0.047*[#   8]
          +0.047*[#  10]+0.047*[#  11]+0.047*[#  12]+0.047*[#  14]+0.047*[#  15]
          +0.047*[#  16]
    |psi|^2 = 0.855
==== e(  10) =    11.86171 eV ==== 
     psi = 0.052*[#   2]+0.052*[#   3]+0.052*[#   4]+0.052*[#   6]+0.052*[#   7]
          +0.052*[#   8]+0.052*[#  10]+0.052*[#  11]+0.052*[#  12]+0.052*[#  14]
          +0.052*[#  15]+0.052*[#  16]+0.045*[#   1]+0.045*[#   5]+0.045*[#   9]
          +0.045*[#  13]
    |psi|^2 = 0.803

 k =   0.1875000000  0.2500000000  0.4375000000
==== e(   1) =    -0.66734 eV ==== 
     psi = 0.089*[#   1]+0.089*[#   5]+0.089*[#   9]+0.089*[#  13]+0.053*[#   2]
          +0.053*[#   3]+0.053*[#   4]+0.053*[#   6]+0.053*[#   7]+0.053*[#   8]
          +0.053*[#  10]+0.053*[#  11]+0.053*[#  12]+0.053*[#  14]+0.053*[#  15]
          +0.053*[#  16]
    |psi|^2 = 0.998
==== e(   2) =     0.43641 eV ==== 
     psi = 0.081*[#   1]+0.081*[#   5]+0.081*[#   9]+0.081*[#  13]+0.056*[#   2]
          +0.056*[#   3]+0.056*[#   4]+0.056*[#   6]+0.056*[#   7]+0.056*[#   8]
          +0.056*[#  10]+0.056*[#  11]+0.056*[#  12]+0.056*[#  14]+0.056*[#  15]
          +0.056*[#  16]
    |psi|^2 = 0.998
==== e(   3) =     3.68847 eV ==== 
     psi = 0.068*[#   1]+0.068*[#   5]+0.068*[#   9]+0.068*[#  13]+0.060*[#   2]
          +0.060*[#   3]+0.060*[#   4]+0.060*[#   6]+0.060*[#   7]+0.060*[#   8]
          +0.060*[#  10]+0.060*[#  11]+0.060*[#  12]+0.060*[#  14]+0.060*[#  15]
          +0.060*[#  16]
    |psi|^2 = 0.993
==== e(   4) =     4.63690 eV ==== 
     psi = 0.083*[#   2]+0.083*[#   3]+0.083*[#   4]+0.083*[#   6]+0.083*[#   7]
          +0.083*[#   8]+0.083*[#  10]+0.083*[#  11]+0.083*[#  12]+0.083*[#  14]
          +0.083*[#  15]+0.083*[#  16]
    |psi|^2 = 0.995
==== e(   5) =     4.88967 eV ==== 
     psi = 0.146*[#   1]+0.146*[#   5]+0.146*[#   9]+0.146*[#  13]+0.033*[#   2]
          +0.033*[#   3]+0.033*[#   4]+0.033*[#   6]+0.033*[#   7]+0.033*[#   8]
          +0.033*[#  10]+0.033*[#  11]+0.033*[#  12]+0.033*[#  14]+0.033*[#  15]
          +0.033*[#  16]
    |psi|^2 = 0.983
==== e(   6) =     5.83085 eV ==== 
     psi = 0.078*[#   1]+0.078*[#   5]+0.078*[#   9]+0.078*[#  13]+0.056*[#   2]
          +0.056*[#   3]+0.056*[#   4]+0.056*[#   6]+0.056*[#   7]+0.056*[#   8]
          +0.056*[#  10]+0.056*[#  11]+0.056*[#  12]+0.056*[#  14]+0.056*[#  15]
          +0.056*[#  16]
    |psi|^2 = 0.983
==== e(   7) =     8.98305 eV ==== 
     psi = 0.077*[#   1]+0.077*[#   5]+0.077*[#   9]+0.077*[#  13]+0.053*[#   2]
          +0.053*[#   3]+0.053*[#   4]+0.053*[#   6]+0.053*[#   7]+0.053*[#   8]
          +0.053*[#  10]+0.053*[#  11]+0.053*[#  12]+0.053*[#  14]+0.053*[#  15]
          +0.053*[#  16]
    |psi|^2 = 0.941
==== e(   8) =    10.02884 eV ==== 
     psi = 0.097*[#   1]+0.097*[#   5]+0.097*[#   9]+0.097*[#  13]+0.044*[#   2]
          +0.044*[#   3]+0.044*[#   4]+0.044*[#   6]+0.044*[#   7]+0.044*[#   8]
          +0.044*[#  10]+0.044*[#  11]+0.044*[#  12]+0.044*[#  14]+0.044*[#  15]
          +0.044*[#  16]
    |psi|^2 = 0.913
==== e(   9) =    11.28477 eV ==== 
     psi = 0.057*[#   1]+0.057*[#   5]+0.057*[#   9]+0.057*[#  13]+0.053*[#   2]
          +0.053*[#   3]+0.053*[#   4]+0.053*[#   6]+0.053*[#   7]+0.053*[#   8]
          +0.053*[#  10]+0.053*[#  11]+0.053*[#  12]+0.053*[#  14]+0.053*[#  15]
          +0.053*[#  16]
    |psi|^2 = 0.859
==== e(  10) =    12.08753 eV ==== 
     psi = 0.065*[#   2]+0.065*[#   3]+0.065*[#   4]+0.065*[#   6]+0.065*[#   7]
          +0.065*[#   8]+0.065*[#  10]+0.065*[#  11]+0.065*[#  12]+0.065*[#  14]
          +0.065*[#  15]+0.065*[#  16]
    |psi|^2 = 0.780

 k =   0.1875000000  0.2500000000 -0.5000000000
==== e(   1) =    -0.14881 eV ==== 
     psi = 0.169*[#   1]+0.097*[#   6]+0.097*[#   8]+0.097*[#  10]+0.097*[#  11]
          +0.097*[#  15]+0.097*[#  16]+0.056*[#   5]+0.056*[#   9]+0.056*[#  13]
          +0.027*[#   2]+0.027*[#   3]+0.027*[#   4]
    |psi|^2 = 0.998
==== e(   2) =    -0.14879 eV ==== 
     psi = 0.113*[#   5]+0.113*[#   9]+0.113*[#  13]+0.110*[#   7]+0.110*[#  12]
          +0.110*[#  14]+0.083*[#   2]+0.083*[#   3]+0.083*[#   4]+0.014*[#   6]
          +0.014*[#   8]+0.014*[#  10]+0.014*[#  11]+0.014*[#  15]+0.014*[#  16]
          
    |psi|^2 = 0.998
==== e(   3) =     4.18488 eV ==== 
     psi = 0.116*[#   1]+0.089*[#   2]+0.089*[#   3]+0.089*[#   4]+0.082*[#   6]
          +0.082*[#   8]+0.082*[#  10]+0.082*[#  11]+0.082*[#  15]+0.082*[#  16]
          +0.039*[#   5]+0.039*[#   9]+0.039*[#  13]
    |psi|^2 = 0.993
==== e(   4) =     4.18490 eV ==== 
     psi = 0.127*[#   7]+0.127*[#  12]+0.127*[#  14]+0.077*[#   5]+0.077*[#   9]
          +0.077*[#  13]+0.045*[#   6]+0.045*[#   8]+0.045*[#  10]+0.045*[#  11]
          +0.045*[#  15]+0.045*[#  16]+0.038*[#   2]+0.038*[#   3]+0.038*[#   4]
          
    |psi|^2 = 0.993
==== e(   5) =     5.27329 eV ==== 
     psi = 0.178*[#   1]+0.086*[#   2]+0.086*[#   3]+0.086*[#   4]+0.062*[#   6]
          +0.062*[#   8]+0.062*[#  10]+0.062*[#  11]+0.062*[#  15]+0.062*[#  16]
          +0.059*[#   5]+0.059*[#   9]+0.059*[#  13]
    |psi|^2 = 0.985
==== e(   6) =     5.27331 eV ==== 
     psi = 0.118*[#   5]+0.118*[#   9]+0.118*[#  13]+0.105*[#   7]+0.105*[#  12]
          +0.105*[#  14]+0.043*[#   6]+0.043*[#   8]+0.043*[#  10]+0.043*[#  11]
          +0.043*[#  15]+0.043*[#  16]+0.019*[#   2]+0.019*[#   3]+0.019*[#   4]
          
    |psi|^2 = 0.985
==== e(   7) =     9.47421 eV ==== 
     psi = 0.173*[#   1]+0.096*[#   2]+0.096*[#   3]+0.096*[#   4]+0.058*[#   5]
          +0.058*[#   9]+0.058*[#  13]+0.049*[#   6]+0.049*[#   8]+0.049*[#  10]
          +0.049*[#  11]+0.049*[#  15]+0.049*[#  16]
    |psi|^2 = 0.929
==== e(   8) =     9.47424 eV ==== 
     psi = 0.116*[#   5]+0.116*[#   9]+0.116*[#  13]+0.097*[#   7]+0.097*[#  12]
          +0.097*[#  14]+0.048*[#   6]+0.048*[#   8]+0.048*[#  10]+0.048*[#  11]
          +0.048*[#  15]+0.048*[#  16]
    |psi|^2 = 0.929
==== e(   9) =    11.73882 eV ==== 
     psi = 0.088*[#   6]+0.088*[#   8]+0.088*[#  10]+0.088*[#  11]+0.088*[#  15]
          +0.088*[#  16]+0.069*[#   1]+0.059*[#   2]+0.059*[#   3]+0.059*[#   4]
          +0.023*[#   5]+0.023*[#   9]+0.023*[#  13]
    |psi|^2 = 0.846
==== e(  10) =    11.73884 eV ==== 
     psi = 0.118*[#   7]+0.118*[#  12]+0.118*[#  14]+0.059*[#   2]+0.059*[#   3]
          +0.059*[#   4]+0.046*[#   5]+0.046*[#   9]+0.046*[#  13]+0.030*[#   6]
          +0.030*[#   8]+0.030*[#  10]+0.030*[#  11]+0.030*[#  15]+0.030*[#  16]
          
    |psi|^2 = 0.846

 k =   0.1875000000  0.3125000000  0.3125000000
==== e(   1) =    -1.18785 eV ==== 
     psi = 0.097*[#   1]+0.097*[#   5]+0.097*[#   9]+0.097*[#  13]+0.051*[#   2]
          +0.051*[#   3]+0.051*[#   4]+0.051*[#   6]+0.051*[#   7]+0.051*[#   8]
          +0.051*[#  10]+0.051*[#  11]+0.051*[#  12]+0.051*[#  14]+0.051*[#  15]
          +0.051*[#  16]
    |psi|^2 = 0.999
==== e(   2) =     2.10794 eV ==== 
     psi = 0.152*[#   1]+0.100*[#   7]+0.100*[#  12]+0.100*[#  14]+0.055*[#   6]
          +0.055*[#   8]+0.055*[#  10]+0.055*[#  11]+0.055*[#  15]+0.055*[#  16]
          +0.051*[#   5]+0.051*[#   9]+0.051*[#  13]+0.020*[#   2]+0.020*[#   3]
          +0.020*[#   4]
    |psi|^2 = 0.996
==== e(   3) =     2.10794 eV ==== 
     psi = 0.102*[#   5]+0.102*[#   9]+0.102*[#  13]+0.095*[#   2]+0.095*[#   3]
          +0.095*[#   4]+0.060*[#   6]+0.060*[#   8]+0.060*[#  10]+0.060*[#  11]
          +0.060*[#  15]+0.060*[#  16]+0.015*[#   7]+0.015*[#  12]+0.015*[#  14]
          
    |psi|^2 = 0.996
==== e(   4) =     4.24194 eV ==== 
     psi = 0.063*[#   2]+0.063*[#   3]+0.063*[#   4]+0.063*[#   6]+0.063*[#   7]
          +0.063*[#   8]+0.063*[#  10]+0.063*[#  11]+0.063*[#  12]+0.063*[#  14]
          +0.063*[#  15]+0.063*[#  16]+0.059*[#   1]+0.059*[#   5]+0.059*[#   9]
          +0.059*[#  13]
    |psi|^2 = 0.990
==== e(   5) =     5.35167 eV ==== 
     psi = 0.087*[#   1]+0.087*[#   5]+0.087*[#   9]+0.087*[#  13]+0.053*[#   2]
          +0.053*[#   3]+0.053*[#   4]+0.053*[#   6]+0.053*[#   7]+0.053*[#   8]
          +0.053*[#  10]+0.053*[#  11]+0.053*[#  12]+0.053*[#  14]+0.053*[#  15]
          +0.053*[#  16]
    |psi|^2 = 0.985
==== e(   6) =     7.44404 eV ==== 
     psi = 0.139*[#   1]+0.097*[#   7]+0.097*[#  12]+0.097*[#  14]+0.092*[#   2]
          +0.092*[#   3]+0.092*[#   4]+0.046*[#   5]+0.046*[#   9]+0.046*[#  13]
          +0.020*[#   6]+0.020*[#   8]+0.020*[#  10]+0.020*[#  11]+0.020*[#  15]
          +0.020*[#  16]
    |psi|^2 = 0.968
==== e(   7) =     7.44404 eV ==== 
     psi = 0.095*[#   6]+0.095*[#   8]+0.095*[#  10]+0.095*[#  11]+0.095*[#  15]
          +0.095*[#  16]+0.093*[#   5]+0.093*[#   9]+0.093*[#  13]+0.023*[#   2]
          +0.023*[#   3]+0.023*[#   4]+0.018*[#   7]+0.018*[#  12]+0.018*[#  14]
          
    |psi|^2 = 0.968
==== e(   8) =    10.58450 eV ==== 
     psi = 0.115*[#   1]+0.115*[#   5]+0.115*[#   9]+0.115*[#  13]+0.036*[#   2]
          +0.036*[#   3]+0.036*[#   4]+0.036*[#   6]+0.036*[#   7]+0.036*[#   8]
          +0.036*[#  10]+0.036*[#  11]+0.036*[#  12]+0.036*[#  14]+0.036*[#  15]
          +0.036*[#  16]
    |psi|^2 = 0.891
==== e(   9) =    10.81430 eV ==== 
     psi = 0.080*[#   1]+0.080*[#   5]+0.080*[#   9]+0.080*[#  13]+0.044*[#   2]
          +0.044*[#   3]+0.044*[#   4]+0.044*[#   6]+0.044*[#   7]+0.044*[#   8]
          +0.044*[#  10]+0.044*[#  11]+0.044*[#  12]+0.044*[#  14]+0.044*[#  15]
          +0.044*[#  16]
    |psi|^2 = 0.845
==== e(  10) =    12.83190 eV ==== 
     psi = 0.075*[#   1]+0.067*[#   2]+0.067*[#   3]+0.067*[#   4]+0.044*[#   6]
          +0.044*[#   8]+0.044*[#  10]+0.044*[#  11]+0.044*[#  15]+0.044*[#  16]
          +0.040*[#   5]+0.040*[#   9]+0.040*[#  13]+0.021*[#   7]+0.021*[#  12]
          +0.021*[#  14]
    |psi|^2 = 0.728

 k =   0.1875000000  0.3125000000  0.3750000000
==== e(   1) =    -0.80593 eV ==== 
     psi = 0.093*[#   1]+0.093*[#   5]+0.093*[#   9]+0.093*[#  13]+0.052*[#   2]
          +0.052*[#   3]+0.052*[#   4]+0.052*[#   6]+0.052*[#   7]+0.052*[#   8]
          +0.052*[#  10]+0.052*[#  11]+0.052*[#  12]+0.052*[#  14]+0.052*[#  15]
          +0.052*[#  16]
    |psi|^2 = 0.998
==== e(   2) =     1.39479 eV ==== 
     psi = 0.079*[#   1]+0.079*[#   5]+0.079*[#   9]+0.079*[#  13]+0.057*[#   2]
          +0.057*[#   3]+0.057*[#   4]+0.057*[#   6]+0.057*[#   7]+0.057*[#   8]
          +0.057*[#  10]+0.057*[#  11]+0.057*[#  12]+0.057*[#  14]+0.057*[#  15]
          +0.057*[#  16]
    |psi|^2 = 0.997
==== e(   3) =     2.48092 eV ==== 
     psi = 0.076*[#   1]+0.076*[#   5]+0.076*[#   9]+0.076*[#  13]+0.058*[#   2]
          +0.058*[#   3]+0.058*[#   4]+0.058*[#   6]+0.058*[#   7]+0.058*[#   8]
          +0.058*[#  10]+0.058*[#  11]+0.058*[#  12]+0.058*[#  14]+0.058*[#  15]
          +0.058*[#  16]
    |psi|^2 = 0.996
==== e(   4) =     4.50694 eV ==== 
     psi = 0.083*[#   2]+0.083*[#   3]+0.083*[#   4]+0.083*[#   6]+0.083*[#   7]
          +0.083*[#   8]+0.083*[#  10]+0.083*[#  11]+0.083*[#  12]+0.083*[#  14]
          +0.083*[#  15]+0.083*[#  16]
    |psi|^2 = 0.995
==== e(   5) =     4.75685 eV ==== 
     psi = 0.153*[#   1]+0.153*[#   5]+0.153*[#   9]+0.153*[#  13]+0.031*[#   2]
          +0.031*[#   3]+0.031*[#   4]+0.031*[#   6]+0.031*[#   7]+0.031*[#   8]
          +0.031*[#  10]+0.031*[#  11]+0.031*[#  12]+0.031*[#  14]+0.031*[#  15]
          +0.031*[#  16]
    |psi|^2 = 0.982
==== e(   6) =     6.75474 eV ==== 
     psi = 0.076*[#   1]+0.076*[#   5]+0.076*[#   9]+0.076*[#  13]+0.056*[#   2]
          +0.056*[#   3]+0.056*[#   4]+0.056*[#   6]+0.056*[#   7]+0.056*[#   8]
          +0.056*[#  10]+0.056*[#  11]+0.056*[#  12]+0.056*[#  14]+0.056*[#  15]
          +0.056*[#  16]
    |psi|^2 = 0.975
==== e(   7) =     7.80733 eV ==== 
     psi = 0.077*[#   1]+0.077*[#   5]+0.077*[#   9]+0.077*[#  13]+0.054*[#   2]
          +0.054*[#   3]+0.054*[#   4]+0.054*[#   6]+0.054*[#   7]+0.054*[#   8]
          +0.054*[#  10]+0.054*[#  11]+0.054*[#  12]+0.054*[#  14]+0.054*[#  15]
          +0.054*[#  16]
    |psi|^2 = 0.962
==== e(   8) =     9.90391 eV ==== 
     psi = 0.112*[#   1]+0.112*[#   5]+0.112*[#   9]+0.112*[#  13]+0.039*[#   2]
          +0.039*[#   3]+0.039*[#   4]+0.039*[#   6]+0.039*[#   7]+0.039*[#   8]
          +0.039*[#  10]+0.039*[#  11]+0.039*[#  12]+0.039*[#  14]+0.039*[#  15]
          +0.039*[#  16]
    |psi|^2 = 0.912
==== e(   9) =    11.17035 eV ==== 
     psi = 0.073*[#   1]+0.073*[#   5]+0.073*[#   9]+0.073*[#  13]+0.047*[#   2]
          +0.047*[#   3]+0.047*[#   4]+0.047*[#   6]+0.047*[#   7]+0.047*[#   8]
          +0.047*[#  10]+0.047*[#  11]+0.047*[#  12]+0.047*[#  14]+0.047*[#  15]
          +0.047*[#  16]
    |psi|^2 = 0.849
==== e(  10) =    12.99688 eV ==== 
     psi = 0.060*[#   2]+0.060*[#   3]+0.060*[#   4]+0.060*[#   6]+0.060*[#   7]
          +0.060*[#   8]+0.060*[#  10]+0.060*[#  11]+0.060*[#  12]+0.060*[#  14]
          +0.060*[#  15]+0.060*[#  16]
    |psi|^2 = 0.718

 k =   0.1875000000  0.3125000000  0.4375000000
==== e(   1) =    -0.35590 eV ==== 
     psi = 0.088*[#   1]+0.088*[#   5]+0.088*[#   9]+0.088*[#  13]+0.054*[#   2]
          +0.054*[#   3]+0.054*[#   4]+0.054*[#   6]+0.054*[#   7]+0.054*[#   8]
          +0.054*[#  10]+0.054*[#  11]+0.054*[#  12]+0.054*[#  14]+0.054*[#  15]
          +0.054*[#  16]
    |psi|^2 = 0.998
==== e(   2) =     0.74546 eV ==== 
     psi = 0.081*[#   1]+0.081*[#   5]+0.081*[#   9]+0.081*[#  13]+0.056*[#   2]
          +0.056*[#   3]+0.056*[#   4]+0.056*[#   6]+0.056*[#   7]+0.056*[#   8]
          +0.056*[#  10]+0.056*[#  11]+0.056*[#  12]+0.056*[#  14]+0.056*[#  15]
          +0.056*[#  16]
    |psi|^2 = 0.998
==== e(   3) =     2.92016 eV ==== 
     psi = 0.075*[#   1]+0.075*[#   5]+0.075*[#   9]+0.075*[#  13]+0.058*[#   2]
          +0.058*[#   3]+0.058*[#   4]+0.058*[#   6]+0.058*[#   7]+0.058*[#   8]
          +0.058*[#  10]+0.058*[#  11]+0.058*[#  12]+0.058*[#  14]+0.058*[#  15]
          +0.058*[#  16]
    |psi|^2 = 0.995
==== e(   4) =     3.98878 eV ==== 
     psi = 0.062*[#   2]+0.062*[#   3]+0.062*[#   4]+0.062*[#   6]+0.062*[#   7]
          +0.062*[#   8]+0.062*[#  10]+0.062*[#  11]+0.062*[#  12]+0.062*[#  14]
          +0.062*[#  15]+0.062*[#  16]+0.061*[#   1]+0.061*[#   5]+0.061*[#   9]
          +0.061*[#  13]
    |psi|^2 = 0.993
==== e(   5) =     5.07356 eV ==== 
     psi = 0.096*[#   1]+0.096*[#   5]+0.096*[#   9]+0.096*[#  13]+0.050*[#   2]
          +0.050*[#   3]+0.050*[#   4]+0.050*[#   6]+0.050*[#   7]+0.050*[#   8]
          +0.050*[#  10]+0.050*[#  11]+0.050*[#  12]+0.050*[#  14]+0.050*[#  15]
          +0.050*[#  16]
    |psi|^2 = 0.984
==== e(   6) =     6.12800 eV ==== 
     psi = 0.082*[#   1]+0.082*[#   5]+0.082*[#   9]+0.082*[#  13]+0.054*[#   2]
          +0.054*[#   3]+0.054*[#   4]+0.054*[#   6]+0.054*[#   7]+0.054*[#   8]
          +0.054*[#  10]+0.054*[#  11]+0.054*[#  12]+0.054*[#  14]+0.054*[#  15]
          +0.054*[#  16]
    |psi|^2 = 0.980
==== e(   7) =     8.23555 eV ==== 
     psi = 0.086*[#   1]+0.086*[#   5]+0.086*[#   9]+0.086*[#  13]+0.051*[#   2]
          +0.051*[#   3]+0.051*[#   4]+0.051*[#   6]+0.051*[#   7]+0.051*[#   8]
          +0.051*[#  10]+0.051*[#  11]+0.051*[#  12]+0.051*[#  14]+0.051*[#  15]
          +0.051*[#  16]
    |psi|^2 = 0.954
==== e(   8) =     9.28467 eV ==== 
     psi = 0.105*[#   1]+0.105*[#   5]+0.105*[#   9]+0.105*[#  13]+0.042*[#   2]
          +0.042*[#   3]+0.042*[#   4]+0.042*[#   6]+0.042*[#   7]+0.042*[#   8]
          +0.042*[#  10]+0.042*[#  11]+0.042*[#  12]+0.042*[#  14]+0.042*[#  15]
          +0.042*[#  16]
    |psi|^2 = 0.929
==== e(   9) =    11.58661 eV ==== 
     psi = 0.062*[#   1]+0.062*[#   5]+0.062*[#   9]+0.062*[#  13]+0.050*[#   2]
          +0.050*[#   3]+0.050*[#   4]+0.050*[#   6]+0.050*[#   7]+0.050*[#   8]
          +0.050*[#  10]+0.050*[#  11]+0.050*[#  12]+0.050*[#  14]+0.050*[#  15]
          +0.050*[#  16]
    |psi|^2 = 0.853
==== e(  10) =    12.57367 eV ==== 
     psi = 0.060*[#   2]+0.060*[#   3]+0.060*[#   4]+0.060*[#   6]+0.060*[#   7]
          +0.060*[#   8]+0.060*[#  10]+0.060*[#  11]+0.060*[#  12]+0.060*[#  14]
          +0.060*[#  15]+0.060*[#  16]+0.028*[#   1]+0.028*[#   5]+0.028*[#   9]
          +0.028*[#  13]
    |psi|^2 = 0.828

 k =   0.1875000000  0.3125000000 -0.5000000000
==== e(   1) =     0.16151 eV ==== 
     psi = 0.169*[#   1]+0.093*[#   6]+0.093*[#   8]+0.093*[#  10]+0.093*[#  11]
          +0.093*[#  15]+0.093*[#  16]+0.056*[#   5]+0.056*[#   9]+0.056*[#  13]
          +0.034*[#   2]+0.034*[#   3]+0.034*[#   4]
    |psi|^2 = 0.998
==== e(   2) =     0.16153 eV ==== 
     psi = 0.113*[#   5]+0.113*[#   9]+0.113*[#  13]+0.110*[#   7]+0.110*[#  12]
          +0.110*[#  14]+0.076*[#   2]+0.076*[#   3]+0.076*[#   4]+0.017*[#   6]
          +0.017*[#   8]+0.017*[#  10]+0.017*[#  11]+0.017*[#  15]+0.017*[#  16]
          
    |psi|^2 = 0.998
==== e(   3) =     3.42426 eV ==== 
     psi = 0.143*[#   1]+0.080*[#   2]+0.080*[#   3]+0.080*[#   4]+0.078*[#   6]
          +0.078*[#   8]+0.078*[#  10]+0.078*[#  11]+0.078*[#  15]+0.078*[#  16]
          +0.048*[#   5]+0.048*[#   9]+0.048*[#  13]
    |psi|^2 = 0.994
==== e(   4) =     3.42428 eV ==== 
     psi = 0.118*[#   7]+0.118*[#  12]+0.118*[#  14]+0.095*[#   5]+0.095*[#   9]
          +0.095*[#  13]+0.040*[#   6]+0.040*[#   8]+0.040*[#  10]+0.040*[#  11]
          +0.040*[#  15]+0.040*[#  16]+0.038*[#   2]+0.038*[#   3]+0.038*[#   4]
          
    |psi|^2 = 0.994
==== e(   5) =     5.56606 eV ==== 
     psi = 0.173*[#   1]+0.088*[#   2]+0.088*[#   3]+0.088*[#   4]+0.062*[#   6]
          +0.062*[#   8]+0.062*[#  10]+0.062*[#  11]+0.062*[#  15]+0.062*[#  16]
          +0.058*[#   5]+0.058*[#   9]+0.058*[#  13]
    |psi|^2 = 0.983
==== e(   6) =     5.56608 eV ==== 
     psi = 0.115*[#   5]+0.115*[#   9]+0.115*[#  13]+0.106*[#   7]+0.106*[#  12]
          +0.106*[#  14]+0.044*[#   6]+0.044*[#   8]+0.044*[#  10]+0.044*[#  11]
          +0.044*[#  15]+0.044*[#  16]+0.018*[#   2]+0.018*[#   3]+0.018*[#   4]
          
    |psi|^2 = 0.983
==== e(   7) =     8.72821 eV ==== 
     psi = 0.191*[#   1]+0.092*[#   2]+0.092*[#   3]+0.092*[#   4]+0.064*[#   5]
          +0.064*[#   9]+0.064*[#  13]+0.048*[#   6]+0.048*[#   8]+0.048*[#  10]
          +0.048*[#  11]+0.048*[#  15]+0.048*[#  16]
    |psi|^2 = 0.943
==== e(   8) =     8.72824 eV ==== 
     psi = 0.128*[#   5]+0.128*[#   9]+0.128*[#  13]+0.093*[#   7]+0.093*[#  12]
          +0.093*[#  14]+0.046*[#   6]+0.046*[#   8]+0.046*[#  10]+0.046*[#  11]
          +0.046*[#  15]+0.046*[#  16]+0.002*[#   2]+0.002*[#   3]+0.002*[#   4]
          
    |psi|^2 = 0.943
==== e(   9) =    12.05893 eV ==== 
     psi = 0.096*[#   1]+0.077*[#   6]+0.077*[#   8]+0.077*[#  10]+0.077*[#  11]
          +0.077*[#  15]+0.077*[#  16]+0.067*[#   2]+0.067*[#   3]+0.067*[#   4]
          +0.032*[#   5]+0.032*[#   9]+0.032*[#  13]
    |psi|^2 = 0.852
==== e(  10) =    12.05895 eV ==== 
     psi = 0.110*[#   7]+0.110*[#  12]+0.110*[#  14]+0.064*[#   5]+0.064*[#   9]
          +0.064*[#  13]+0.043*[#   2]+0.043*[#   3]+0.043*[#   4]+0.033*[#   6]
          +0.033*[#   8]+0.033*[#  10]+0.033*[#  11]+0.033*[#  15]+0.033*[#  16]
          
    |psi|^2 = 0.852

 k =   0.1875000000  0.3750000000  0.3750000000
==== e(   1) =    -0.42501 eV ==== 
     psi = 0.090*[#   1]+0.090*[#   5]+0.090*[#   9]+0.090*[#  13]+0.053*[#   2]
          +0.053*[#   3]+0.053*[#   4]+0.053*[#   6]+0.053*[#   7]+0.053*[#   8]
          +0.053*[#  10]+0.053*[#  11]+0.053*[#  12]+0.053*[#  14]+0.053*[#  15]
          +0.053*[#  16]
    |psi|^2 = 0.998
==== e(   2) =     1.76984 eV ==== 
     psi = 0.158*[#   1]+0.105*[#   7]+0.105*[#  12]+0.105*[#  14]+0.054*[#   6]
          +0.054*[#   8]+0.054*[#  10]+0.054*[#  11]+0.054*[#  15]+0.054*[#  16]
          +0.053*[#   5]+0.053*[#   9]+0.053*[#  13]+0.012*[#   2]+0.012*[#   3]
          +0.012*[#   4]
    |psi|^2 = 0.997
==== e(   3) =     1.76984 eV ==== 
     psi = 0.106*[#   5]+0.106*[#   9]+0.106*[#  13]+0.101*[#   2]+0.101*[#   3]
          +0.101*[#   4]+0.059*[#   6]+0.059*[#   8]+0.059*[#  10]+0.059*[#  11]
          +0.059*[#  15]+0.059*[#  16]+0.008*[#   7]+0.008*[#  12]+0.008*[#  14]
          
    |psi|^2 = 0.997
==== e(   4) =     3.92313 eV ==== 
     psi = 0.062*[#   1]+0.062*[#   5]+0.062*[#   9]+0.062*[#  13]+0.062*[#   2]
          +0.062*[#   3]+0.062*[#   4]+0.062*[#   6]+0.062*[#   7]+0.062*[#   8]
          +0.062*[#  10]+0.062*[#  11]+0.062*[#  12]+0.062*[#  14]+0.062*[#  15]
          +0.062*[#  16]
    |psi|^2 = 0.993
==== e(   5) =     5.00685 eV ==== 
     psi = 0.098*[#   1]+0.098*[#   5]+0.098*[#   9]+0.098*[#  13]+0.049*[#   2]
          +0.049*[#   3]+0.049*[#   4]+0.049*[#   6]+0.049*[#   7]+0.049*[#   8]
          +0.049*[#  10]+0.049*[#  11]+0.049*[#  12]+0.049*[#  14]+0.049*[#  15]
          +0.049*[#  16]
    |psi|^2 = 0.984
==== e(   6) =     7.11859 eV ==== 
     psi = 0.167*[#   1]+0.097*[#   7]+0.097*[#  12]+0.097*[#  14]+0.086*[#   2]
          +0.086*[#   3]+0.086*[#   4]+0.056*[#   5]+0.056*[#   9]+0.056*[#  13]
          +0.015*[#   6]+0.015*[#   8]+0.015*[#  10]+0.015*[#  11]+0.015*[#  15]
          +0.015*[#  16]
    |psi|^2 = 0.970
==== e(   7) =     7.11860 eV ==== 
     psi = 0.112*[#   5]+0.112*[#   9]+0.112*[#  13]+0.091*[#   6]+0.091*[#   8]
          +0.091*[#  10]+0.091*[#  11]+0.091*[#  15]+0.091*[#  16]+0.020*[#   2]
          +0.020*[#   3]+0.020*[#   4]+0.009*[#   7]+0.009*[#  12]+0.009*[#  14]
          
    |psi|^2 = 0.970
==== e(   8) =     9.22112 eV ==== 
     psi = 0.112*[#   1]+0.112*[#   5]+0.112*[#   9]+0.112*[#  13]+0.040*[#   2]
          +0.040*[#   3]+0.040*[#   4]+0.040*[#   6]+0.040*[#   7]+0.040*[#   8]
          +0.040*[#  10]+0.040*[#  11]+0.040*[#  12]+0.040*[#  14]+0.040*[#  15]
          +0.040*[#  16]
    |psi|^2 = 0.929
==== e(   9) =    11.52776 eV ==== 
     psi = 0.069*[#   1]+0.069*[#   5]+0.069*[#   9]+0.069*[#  13]+0.048*[#   2]
          +0.048*[#   3]+0.048*[#   4]+0.048*[#   6]+0.048*[#   7]+0.048*[#   8]
          +0.048*[#  10]+0.048*[#  11]+0.048*[#  12]+0.048*[#  14]+0.048*[#  15]
          +0.048*[#  16]
    |psi|^2 = 0.847
==== e(  10) =    13.52020 eV ==== 
     psi = 0.069*[#   7]+0.069*[#  12]+0.069*[#  14]+0.066*[#   2]+0.066*[#   3]
          +0.066*[#   4]+0.051*[#   6]+0.051*[#   8]+0.051*[#  10]+0.051*[#  11]
          +0.051*[#  15]+0.051*[#  16]+0.030*[#   1]+0.021*[#   5]+0.021*[#   9]
          +0.021*[#  13]
    |psi|^2 = 0.806

 k =   0.1875000000  0.3750000000  0.4375000000
==== e(   1) =     0.02383 eV ==== 
     psi = 0.087*[#   1]+0.087*[#   5]+0.087*[#   9]+0.087*[#  13]+0.054*[#   2]
          +0.054*[#   3]+0.054*[#   4]+0.054*[#   6]+0.054*[#   7]+0.054*[#   8]
          +0.054*[#  10]+0.054*[#  11]+0.054*[#  12]+0.054*[#  14]+0.054*[#  15]
          +0.054*[#  16]
    |psi|^2 = 0.998
==== e(   2) =     1.12229 eV ==== 
     psi = 0.082*[#   1]+0.082*[#   5]+0.082*[#   9]+0.082*[#  13]+0.056*[#   2]
          +0.056*[#   3]+0.056*[#   4]+0.056*[#   6]+0.056*[#   7]+0.056*[#   8]
          +0.056*[#  10]+0.056*[#  11]+0.056*[#  12]+0.056*[#  14]+0.056*[#  15]
          +0.056*[#  16]
    |psi|^2 = 0.997
==== e(   3) =     2.21170 eV ==== 
     psi = 0.079*[#   1]+0.079*[#   5]+0.079*[#   9]+0.079*[#  13]+0.057*[#   2]
          +0.057*[#   3]+0.057*[#   4]+0.057*[#   6]+0.057*[#   7]+0.057*[#   8]
          +0.057*[#  10]+0.057*[#  11]+0.057*[#  12]+0.057*[#  14]+0.057*[#  15]
          +0.057*[#  16]
    |psi|^2 = 0.996
==== e(   4) =     3.29150 eV ==== 
     psi = 0.074*[#   1]+0.074*[#   5]+0.074*[#   9]+0.074*[#  13]+0.058*[#   2]
          +0.058*[#   3]+0.058*[#   4]+0.058*[#   6]+0.058*[#   7]+0.058*[#   8]
          +0.058*[#  10]+0.058*[#  11]+0.058*[#  12]+0.058*[#  14]+0.058*[#  15]
          +0.058*[#  16]
    |psi|^2 = 0.994
==== e(   5) =     5.43330 eV ==== 
     psi = 0.092*[#   1]+0.092*[#   5]+0.092*[#   9]+0.092*[#  13]+0.051*[#   2]
          +0.051*[#   3]+0.051*[#   4]+0.051*[#   6]+0.051*[#   7]+0.051*[#   8]
          +0.051*[#  10]+0.051*[#  11]+0.051*[#  12]+0.051*[#  14]+0.051*[#  15]
          +0.051*[#  16]
    |psi|^2 = 0.982
==== e(   6) =     6.49220 eV ==== 
     psi = 0.088*[#   1]+0.088*[#   5]+0.088*[#   9]+0.088*[#  13]+0.052*[#   2]
          +0.052*[#   3]+0.052*[#   4]+0.052*[#   6]+0.052*[#   7]+0.052*[#   8]
          +0.052*[#  10]+0.052*[#  11]+0.052*[#  12]+0.052*[#  14]+0.052*[#  15]
          +0.052*[#  16]
    |psi|^2 = 0.976
==== e(   7) =     7.54783 eV ==== 
     psi = 0.092*[#   1]+0.092*[#   5]+0.092*[#   9]+0.092*[#  13]+0.050*[#   2]
          +0.050*[#   3]+0.050*[#   4]+0.050*[#   6]+0.050*[#   7]+0.050*[#   8]
          +0.050*[#  10]+0.050*[#  11]+0.050*[#  12]+0.050*[#  14]+0.050*[#  15]
          +0.050*[#  16]
    |psi|^2 = 0.963
==== e(   8) =     8.59996 eV ==== 
     psi = 0.108*[#   1]+0.108*[#   5]+0.108*[#   9]+0.108*[#  13]+0.043*[#   2]
          +0.043*[#   3]+0.043*[#   4]+0.043*[#   6]+0.043*[#   7]+0.043*[#   8]
          +0.043*[#  10]+0.043*[#  11]+0.043*[#  12]+0.043*[#  14]+0.043*[#  15]
          +0.043*[#  16]
    |psi|^2 = 0.943
==== e(   9) =    11.94548 eV ==== 
     psi = 0.063*[#   1]+0.063*[#   5]+0.063*[#   9]+0.063*[#  13]+0.050*[#   2]
          +0.050*[#   3]+0.050*[#   4]+0.050*[#   6]+0.050*[#   7]+0.050*[#   8]
          +0.050*[#  10]+0.050*[#  11]+0.050*[#  12]+0.050*[#  14]+0.050*[#  15]
          +0.050*[#  16]
    |psi|^2 = 0.847
==== e(  10) =    12.95079 eV ==== 
     psi = 0.056*[#   2]+0.056*[#   3]+0.056*[#   4]+0.056*[#   6]+0.056*[#   7]
          +0.056*[#   8]+0.056*[#  10]+0.056*[#  11]+0.056*[#  12]+0.056*[#  14]
          +0.056*[#  15]+0.056*[#  16]+0.040*[#   1]+0.040*[#   5]+0.040*[#   9]
          +0.040*[#  13]
    |psi|^2 = 0.838

 k =   0.1875000000  0.3750000000 -0.5000000000
==== e(   1) =     0.53988 eV ==== 
     psi = 0.169*[#   1]+0.089*[#   6]+0.089*[#   8]+0.089*[#  10]+0.089*[#  11]
          +0.089*[#  15]+0.089*[#  16]+0.056*[#   5]+0.056*[#   9]+0.056*[#  13]
          +0.042*[#   2]+0.042*[#   3]+0.042*[#   4]
    |psi|^2 = 0.998
==== e(   2) =     0.53990 eV ==== 
     psi = 0.113*[#   5]+0.113*[#   9]+0.113*[#  13]+0.110*[#   7]+0.110*[#  12]
          +0.110*[#  14]+0.068*[#   2]+0.068*[#   3]+0.068*[#   4]+0.021*[#   6]
          +0.021*[#   8]+0.021*[#  10]+0.021*[#  11]+0.021*[#  15]+0.021*[#  16]
          
    |psi|^2 = 0.998
==== e(   3) =     2.71943 eV ==== 
     psi = 0.155*[#   1]+0.078*[#   6]+0.078*[#   8]+0.078*[#  10]+0.078*[#  11]
          +0.078*[#  15]+0.078*[#  16]+0.073*[#   2]+0.073*[#   3]+0.073*[#   4]
          +0.052*[#   5]+0.052*[#   9]+0.052*[#  13]
    |psi|^2 = 0.995
==== e(   4) =     2.71945 eV ==== 
     psi = 0.114*[#   7]+0.114*[#  12]+0.114*[#  14]+0.104*[#   5]+0.104*[#   9]
          +0.104*[#  13]+0.042*[#   2]+0.042*[#   3]+0.042*[#   4]+0.036*[#   6]
          +0.036*[#   8]+0.036*[#  10]+0.036*[#  11]+0.036*[#  15]+0.036*[#  16]
          
    |psi|^2 = 0.995
==== e(   5) =     5.92985 eV ==== 
     psi = 0.180*[#   1]+0.088*[#   2]+0.088*[#   3]+0.088*[#   4]+0.060*[#   5]
          +0.060*[#   9]+0.060*[#  13]+0.059*[#   6]+0.059*[#   8]+0.059*[#  10]
          +0.059*[#  11]+0.059*[#  15]+0.059*[#  16]
    |psi|^2 = 0.979
==== e(   6) =     5.92987 eV ==== 
     psi = 0.120*[#   5]+0.120*[#   9]+0.120*[#  13]+0.103*[#   7]+0.103*[#  12]
          +0.103*[#  14]+0.044*[#   6]+0.044*[#   8]+0.044*[#  10]+0.044*[#  11]
          +0.044*[#  15]+0.044*[#  16]+0.016*[#   2]+0.016*[#   3]+0.016*[#   4]
          
    |psi|^2 = 0.979
==== e(   7) =     8.04185 eV ==== 
     psi = 0.201*[#   1]+0.089*[#   2]+0.089*[#   3]+0.089*[#   4]+0.067*[#   5]
          +0.067*[#   9]+0.067*[#  13]+0.048*[#   6]+0.048*[#   8]+0.048*[#  10]
          +0.048*[#  11]+0.048*[#  15]+0.048*[#  16]
    |psi|^2 = 0.954
==== e(   8) =     8.04187 eV ==== 
     psi = 0.134*[#   5]+0.134*[#   9]+0.134*[#  13]+0.092*[#   7]+0.092*[#  12]
          +0.092*[#  14]+0.044*[#   6]+0.044*[#   8]+0.044*[#  10]+0.044*[#  11]
          +0.044*[#  15]+0.044*[#  16]+0.003*[#   2]+0.003*[#   3]+0.003*[#   4]
          
    |psi|^2 = 0.954
==== e(   9) =    12.42141 eV ==== 
     psi = 0.106*[#   1]+0.073*[#   2]+0.073*[#   3]+0.073*[#   4]+0.070*[#   6]
          +0.070*[#   8]+0.070*[#  10]+0.070*[#  11]+0.070*[#  15]+0.070*[#  16]
          +0.035*[#   5]+0.035*[#   9]+0.035*[#  13]
    |psi|^2 = 0.847
==== e(  10) =    12.42143 eV ==== 
     psi = 0.106*[#   7]+0.106*[#  12]+0.106*[#  14]+0.071*[#   5]+0.071*[#   9]
          +0.071*[#  13]+0.036*[#   6]+0.036*[#   8]+0.036*[#  10]+0.036*[#  11]
          +0.036*[#  15]+0.036*[#  16]+0.033*[#   2]+0.033*[#   3]+0.033*[#   4]
          
    |psi|^2 = 0.847

 k =   0.1875000000  0.4375000000  0.4375000000
==== e(   1) =     0.47128 eV ==== 
     psi = 0.086*[#   1]+0.086*[#   5]+0.086*[#   9]+0.086*[#  13]+0.055*[#   2]
          +0.055*[#   3]+0.055*[#   4]+0.055*[#   6]+0.055*[#   7]+0.055*[#   8]
          +0.055*[#  10]+0.055*[#  11]+0.055*[#  12]+0.055*[#  14]+0.055*[#  15]
          +0.055*[#  16]
    |psi|^2 = 0.998
==== e(   2) =     1.56628 eV ==== 
     psi = 0.164*[#   1]+0.109*[#   7]+0.109*[#  12]+0.109*[#  14]+0.055*[#   5]
          +0.055*[#   9]+0.055*[#  13]+0.054*[#   6]+0.054*[#   8]+0.054*[#  10]
          +0.054*[#  11]+0.054*[#  15]+0.054*[#  16]+0.007*[#   2]+0.007*[#   3]
          +0.007*[#   4]
    |psi|^2 = 0.997
==== e(   3) =     1.56628 eV ==== 
     psi = 0.109*[#   5]+0.109*[#   9]+0.109*[#  13]+0.105*[#   2]+0.105*[#   3]
          +0.105*[#   4]+0.058*[#   6]+0.058*[#   8]+0.058*[#  10]+0.058*[#  11]
          +0.058*[#  15]+0.058*[#  16]+0.002*[#   7]+0.002*[#  12]+0.002*[#  14]
          
    |psi|^2 = 0.997
==== e(   4) =     2.65238 eV ==== 
     psi = 0.079*[#   1]+0.079*[#   5]+0.079*[#   9]+0.079*[#  13]+0.057*[#   2]
          +0.057*[#   3]+0.057*[#   4]+0.057*[#   6]+0.057*[#   7]+0.057*[#   8]
          +0.057*[#  10]+0.057*[#  11]+0.057*[#  12]+0.057*[#  14]+0.057*[#  15]
          +0.057*[#  16]
    |psi|^2 = 0.995
==== e(   5) =     5.86369 eV ==== 
     psi = 0.093*[#   1]+0.093*[#   5]+0.093*[#   9]+0.093*[#  13]+0.051*[#   2]
          +0.051*[#   3]+0.051*[#   4]+0.051*[#   6]+0.051*[#   7]+0.051*[#   8]
          +0.051*[#  10]+0.051*[#  11]+0.051*[#  12]+0.051*[#  14]+0.051*[#  15]
          +0.051*[#  16]
    |psi|^2 = 0.979
==== e(   6) =     6.92230 eV ==== 
     psi = 0.189*[#   1]+0.096*[#   7]+0.096*[#  12]+0.096*[#  14]+0.080*[#   2]
          +0.080*[#   3]+0.080*[#   4]+0.063*[#   5]+0.063*[#   9]+0.063*[#  13]
          +0.010*[#   6]+0.010*[#   8]+0.010*[#  10]+0.010*[#  11]+0.010*[#  15]
          +0.010*[#  16]
    |psi|^2 = 0.970
==== e(   7) =     6.92230 eV ==== 
     psi = 0.126*[#   5]+0.126*[#   9]+0.126*[#  13]+0.088*[#   6]+0.088*[#   8]
          +0.088*[#  10]+0.088*[#  11]+0.088*[#  15]+0.088*[#  16]+0.018*[#   2]
          +0.018*[#   3]+0.018*[#   4]+0.003*[#   7]+0.003*[#  12]+0.003*[#  14]
          
    |psi|^2 = 0.970
==== e(   8) =     7.97709 eV ==== 
     psi = 0.106*[#   1]+0.106*[#   5]+0.106*[#   9]+0.106*[#  13]+0.044*[#   2]
          +0.044*[#   3]+0.044*[#   4]+0.044*[#   6]+0.044*[#   7]+0.044*[#   8]
          +0.044*[#  10]+0.044*[#  11]+0.044*[#  12]+0.044*[#  14]+0.044*[#  15]
          +0.044*[#  16]
    |psi|^2 = 0.953
==== e(   9) =    12.36355 eV ==== 
     psi = 0.060*[#   1]+0.060*[#   5]+0.060*[#   9]+0.060*[#  13]+0.050*[#   2]
          +0.050*[#   3]+0.050*[#   4]+0.050*[#   6]+0.050*[#   7]+0.050*[#   8]
          +0.050*[#  10]+0.050*[#  11]+0.050*[#  12]+0.050*[#  14]+0.050*[#  15]
          +0.050*[#  16]
    |psi|^2 = 0.844
==== e(  10) =    13.37100 eV ==== 
     psi = 0.104*[#   7]+0.104*[#  12]+0.104*[#  14]+0.090*[#   1]+0.073*[#   2]
          +0.073*[#   3]+0.073*[#   4]+0.030*[#   5]+0.030*[#   9]+0.030*[#  13]
          +0.021*[#   6]+0.021*[#   8]+0.021*[#  10]+0.021*[#  11]+0.021*[#  15]
          +0.021*[#  16]
    |psi|^2 = 0.835

 k =   0.1875000000  0.4375000000 -0.5000000000
==== e(   1) =     0.98572 eV ==== 
     psi = 0.168*[#   1]+0.085*[#   6]+0.085*[#   8]+0.085*[#  10]+0.085*[#  11]
          +0.085*[#  15]+0.085*[#  16]+0.056*[#   5]+0.056*[#   9]+0.056*[#  13]
          +0.050*[#   2]+0.050*[#   3]+0.050*[#   4]
    |psi|^2 = 0.997
==== e(   2) =     0.98575 eV ==== 
     psi = 0.112*[#   5]+0.112*[#   9]+0.112*[#  13]+0.110*[#   7]+0.110*[#  12]
          +0.110*[#  14]+0.060*[#   2]+0.060*[#   3]+0.060*[#   4]+0.025*[#   6]
          +0.025*[#   8]+0.025*[#  10]+0.025*[#  11]+0.025*[#  15]+0.025*[#  16]
          
    |psi|^2 = 0.997
==== e(   3) =     2.07668 eV ==== 
     psi = 0.162*[#   1]+0.079*[#   6]+0.079*[#   8]+0.079*[#  10]+0.079*[#  11]
          +0.079*[#  15]+0.079*[#  16]+0.065*[#   2]+0.065*[#   3]+0.065*[#   4]
          +0.054*[#   5]+0.054*[#   9]+0.054*[#  13]
    |psi|^2 = 0.996
==== e(   4) =     2.07670 eV ==== 
     psi = 0.112*[#   7]+0.112*[#  12]+0.112*[#  14]+0.108*[#   5]+0.108*[#   9]
          +0.108*[#  13]+0.047*[#   2]+0.047*[#   3]+0.047*[#   4]+0.033*[#   6]
          +0.033*[#   8]+0.033*[#  10]+0.033*[#  11]+0.033*[#  15]+0.033*[#  16]
          
    |psi|^2 = 0.996
==== e(   5) =     6.36050 eV ==== 
     psi = 0.189*[#   1]+0.087*[#   2]+0.087*[#   3]+0.087*[#   4]+0.063*[#   5]
          +0.063*[#   9]+0.063*[#  13]+0.056*[#   6]+0.056*[#   8]+0.056*[#  10]
          +0.056*[#  11]+0.056*[#  15]+0.056*[#  16]
    |psi|^2 = 0.975
==== e(   6) =     6.36052 eV ==== 
     psi = 0.126*[#   5]+0.126*[#   9]+0.126*[#  13]+0.099*[#   7]+0.099*[#  12]
          +0.099*[#  14]+0.044*[#   6]+0.044*[#   8]+0.044*[#  10]+0.044*[#  11]
          +0.044*[#  15]+0.044*[#  16]+0.012*[#   2]+0.012*[#   3]+0.012*[#   4]
          
    |psi|^2 = 0.975
==== e(   7) =     7.41752 eV ==== 
     psi = 0.202*[#   1]+0.087*[#   2]+0.087*[#   3]+0.087*[#   4]+0.067*[#   5]
          +0.067*[#   9]+0.067*[#  13]+0.049*[#   6]+0.049*[#   8]+0.049*[#  10]
          +0.049*[#  11]+0.049*[#  15]+0.049*[#  16]
    |psi|^2 = 0.962
==== e(   8) =     7.41754 eV ==== 
     psi = 0.135*[#   5]+0.135*[#   9]+0.135*[#  13]+0.093*[#   7]+0.093*[#  12]
          +0.093*[#  14]+0.044*[#   6]+0.044*[#   8]+0.044*[#  10]+0.044*[#  11]
          +0.044*[#  15]+0.044*[#  16]+0.006*[#   2]+0.006*[#   3]+0.006*[#   4]
          
    |psi|^2 = 0.962
==== e(   9) =    12.83981 eV ==== 
     psi = 0.108*[#   1]+0.079*[#   2]+0.079*[#   3]+0.079*[#   4]+0.065*[#   6]
          +0.065*[#   8]+0.065*[#  10]+0.065*[#  11]+0.065*[#  15]+0.065*[#  16]
          +0.036*[#   5]+0.036*[#   9]+0.036*[#  13]
    |psi|^2 = 0.841
==== e(  10) =    12.83983 eV ==== 
     psi = 0.104*[#   7]+0.104*[#  12]+0.104*[#  14]+0.072*[#   5]+0.072*[#   9]
          +0.072*[#  13]+0.040*[#   6]+0.040*[#   8]+0.040*[#  10]+0.040*[#  11]
          +0.040*[#  15]+0.040*[#  16]+0.025*[#   2]+0.025*[#   3]+0.025*[#   4]
          
    |psi|^2 = 0.841

 k =   0.1875000000 -0.5000000000 -0.5000000000
==== e(   1) =     1.49830 eV ==== 
     psi = 0.333*[#   1]+0.106*[#   6]+0.106*[#   8]+0.106*[#  10]+0.106*[#  11]
          +0.106*[#  15]+0.106*[#  16]+0.009*[#   2]+0.009*[#   3]+0.009*[#   4]
          
    |psi|^2 = 0.997
==== e(   2) =     1.49833 eV ==== 
     psi = 0.111*[#   5]+0.111*[#   9]+0.111*[#  13]+0.106*[#   2]+0.106*[#   3]
          +0.106*[#   4]+0.058*[#   6]+0.058*[#   8]+0.058*[#  10]+0.058*[#  11]
          +0.058*[#  15]+0.058*[#  16]
    |psi|^2 = 0.997
==== e(   3) =     1.49833 eV ==== 
     psi = 0.111*[#   5]+0.111*[#   9]+0.111*[#  13]+0.106*[#   2]+0.106*[#   3]
          +0.106*[#   4]+0.058*[#   6]+0.058*[#   8]+0.058*[#  10]+0.058*[#  11]
          +0.058*[#  15]+0.058*[#  16]
    |psi|^2 = 0.997
==== e(   4) =     1.49834 eV ==== 
     psi = 0.221*[#   7]+0.221*[#  12]+0.221*[#  14]+0.111*[#   5]+0.111*[#   9]
          +0.111*[#  13]
    |psi|^2 = 0.997
==== e(   5) =     6.85670 eV ==== 
     psi = 0.395*[#   1]+0.157*[#   2]+0.157*[#   3]+0.157*[#   4]+0.017*[#   6]
          +0.017*[#   8]+0.017*[#  10]+0.017*[#  11]+0.017*[#  15]+0.017*[#  16]
          
    |psi|^2 = 0.969
==== e(   6) =     6.85672 eV ==== 
     psi = 0.132*[#   5]+0.132*[#   9]+0.132*[#  13]+0.087*[#   6]+0.087*[#   8]
          +0.087*[#  10]+0.087*[#  11]+0.087*[#  15]+0.087*[#  16]+0.017*[#   2]
          +0.017*[#   3]+0.017*[#   4]
    |psi|^2 = 0.969
==== e(   7) =     6.85672 eV ==== 
     psi = 0.132*[#   5]+0.132*[#   9]+0.132*[#  13]+0.087*[#   6]+0.087*[#   8]
          +0.087*[#  10]+0.087*[#  11]+0.087*[#  15]+0.087*[#  16]+0.017*[#   2]
          +0.017*[#   3]+0.017*[#   4]
    |psi|^2 = 0.969
==== e(   8) =     6.85674 eV ==== 
     psi = 0.191*[#   7]+0.191*[#  12]+0.191*[#  14]+0.132*[#   5]+0.132*[#   9]
          +0.132*[#  13]
    |psi|^2 = 0.969
==== e(   9) =    13.31527 eV ==== 
     psi = 0.207*[#   1]+0.138*[#   2]+0.138*[#   3]+0.138*[#   4]+0.036*[#   6]
          +0.036*[#   8]+0.036*[#  10]+0.036*[#  11]+0.036*[#  15]+0.036*[#  16]
          
    |psi|^2 = 0.835
==== e(  10) =    13.31530 eV ==== 
     psi = 0.087*[#   6]+0.087*[#   8]+0.087*[#  10]+0.087*[#  11]+0.087*[#  15]
          +0.087*[#  16]+0.069*[#   5]+0.069*[#   9]+0.069*[#  13]+0.036*[#   2]
          +0.036*[#   3]+0.036*[#   4]
    |psi|^2 = 0.835

 k =   0.2500000000  0.2500000000  0.2500000000
==== e(   1) =    -1.57079 eV ==== 
     psi = 0.105*[#   1]+0.105*[#   5]+0.105*[#   9]+0.105*[#  13]+0.048*[#   2]
          +0.048*[#   3]+0.048*[#   4]+0.048*[#   6]+0.048*[#   7]+0.048*[#   8]
          +0.048*[#  10]+0.048*[#  11]+0.048*[#  12]+0.048*[#  14]+0.048*[#  15]
          +0.048*[#  16]
    |psi|^2 = 0.999
==== e(   2) =     2.81495 eV ==== 
     psi = 0.221*[#   1]+0.127*[#   7]+0.127*[#  12]+0.127*[#  14]+0.049*[#   6]
          +0.049*[#   8]+0.049*[#  10]+0.049*[#  11]+0.049*[#  15]+0.049*[#  16]
          +0.025*[#   5]+0.025*[#   9]+0.025*[#  13]+0.008*[#   2]+0.008*[#   3]
          +0.008*[#   4]
    |psi|^2 = 0.994
==== e(   3) =     2.81495 eV ==== 
     psi = 0.098*[#   5]+0.098*[#   9]+0.098*[#  13]+0.084*[#   2]+0.084*[#   3]
          +0.084*[#   4]+0.063*[#   6]+0.063*[#   8]+0.063*[#  10]+0.063*[#  11]
          +0.063*[#  15]+0.063*[#  16]+0.024*[#   7]+0.024*[#  12]+0.024*[#  14]
          
    |psi|^2 = 0.994
==== e(   4) =     2.81495 eV ==== 
     psi = 0.098*[#   5]+0.098*[#   9]+0.098*[#  13]+0.084*[#   2]+0.084*[#   3]
          +0.084*[#   4]+0.063*[#   6]+0.063*[#   8]+0.063*[#  10]+0.063*[#  11]
          +0.063*[#  15]+0.063*[#  16]+0.024*[#   7]+0.024*[#  12]+0.024*[#  14]
          
    |psi|^2 = 0.994
==== e(   5) =     7.08703 eV ==== 
     psi = 0.196*[#   1]+0.120*[#   7]+0.120*[#  12]+0.120*[#  14]+0.117*[#   2]
          +0.117*[#   3]+0.117*[#   4]+0.022*[#   5]+0.022*[#   9]+0.022*[#  13]
          
    |psi|^2 = 0.972
==== e(   6) =     7.08704 eV ==== 
     psi = 0.089*[#   6]+0.089*[#   8]+0.089*[#  10]+0.089*[#  11]+0.089*[#  15]
          +0.089*[#  16]+0.087*[#   5]+0.087*[#   9]+0.087*[#  13]+0.030*[#   2]
          +0.030*[#   3]+0.030*[#   4]+0.029*[#   7]+0.029*[#  12]+0.029*[#  14]
          
    |psi|^2 = 0.972
==== e(   7) =     7.08704 eV ==== 
     psi = 0.089*[#   6]+0.089*[#   8]+0.089*[#  10]+0.089*[#  11]+0.089*[#  15]
          +0.089*[#  16]+0.087*[#   5]+0.087*[#   9]+0.087*[#  13]+0.030*[#   2]
          +0.030*[#   3]+0.030*[#   4]+0.029*[#   7]+0.029*[#  12]+0.029*[#  14]
          
    |psi|^2 = 0.972
==== e(   8) =    11.26694 eV ==== 
     psi = 0.124*[#   1]+0.124*[#   5]+0.124*[#   9]+0.124*[#  13]+0.031*[#   2]
          +0.031*[#   3]+0.031*[#   4]+0.031*[#   6]+0.031*[#   7]+0.031*[#   8]
          +0.031*[#  10]+0.031*[#  11]+0.031*[#  12]+0.031*[#  14]+0.031*[#  15]
          +0.031*[#  16]
    |psi|^2 = 0.864
==== e(   9) =    11.48124 eV ==== 
     psi = 0.241*[#   1]+0.099*[#   2]+0.099*[#   3]+0.099*[#   4]+0.028*[#   6]
          +0.028*[#   8]+0.028*[#  10]+0.028*[#  11]+0.028*[#  15]+0.028*[#  16]
          +0.027*[#   5]+0.027*[#   9]+0.027*[#  13]
    |psi|^2 = 0.791
==== e(  10) =    11.48124 eV ==== 
     psi = 0.107*[#   5]+0.107*[#   9]+0.107*[#  13]+0.058*[#   7]+0.058*[#  12]
          +0.058*[#  14]+0.044*[#   6]+0.044*[#   8]+0.044*[#  10]+0.044*[#  11]
          +0.044*[#  15]+0.044*[#  16]+0.009*[#   2]+0.009*[#   3]+0.009*[#   4]
          
    |psi|^2 = 0.791

 k =   0.2500000000  0.2500000000  0.3125000000
==== e(   1) =    -1.25740 eV ==== 
     psi = 0.099*[#   1]+0.099*[#   5]+0.099*[#   9]+0.099*[#  13]+0.050*[#   2]
          +0.050*[#   3]+0.050*[#   4]+0.050*[#   6]+0.050*[#   7]+0.050*[#   8]
          +0.050*[#  10]+0.050*[#  11]+0.050*[#  12]+0.050*[#  14]+0.050*[#  15]
          +0.050*[#  16]
    |psi|^2 = 0.998
==== e(   2) =     2.04001 eV ==== 
     psi = 0.077*[#   1]+0.077*[#   5]+0.077*[#   9]+0.077*[#  13]+0.057*[#   2]
          +0.057*[#   3]+0.057*[#   4]+0.057*[#   6]+0.057*[#   7]+0.057*[#   8]
          +0.057*[#  10]+0.057*[#  11]+0.057*[#  12]+0.057*[#  14]+0.057*[#  15]
          +0.057*[#  16]
    |psi|^2 = 0.996
==== e(   3) =     3.11820 eV ==== 
     psi = 0.147*[#   1]+0.093*[#   7]+0.093*[#  12]+0.093*[#  14]+0.051*[#   6]
          +0.051*[#   8]+0.051*[#  10]+0.051*[#  11]+0.051*[#  15]+0.051*[#  16]
          +0.049*[#   5]+0.049*[#   9]+0.049*[#  13]+0.038*[#   2]+0.038*[#   3]
          +0.038*[#   4]
    |psi|^2 = 0.994
==== e(   4) =     3.11820 eV ==== 
     psi = 0.098*[#   5]+0.098*[#   9]+0.098*[#  13]+0.079*[#   2]+0.079*[#   3]
          +0.079*[#   4]+0.065*[#   6]+0.065*[#   8]+0.065*[#  10]+0.065*[#  11]
          +0.065*[#  15]+0.065*[#  16]+0.024*[#   7]+0.024*[#  12]+0.024*[#  14]
          
    |psi|^2 = 0.994
==== e(   5) =     6.33433 eV ==== 
     psi = 0.151*[#   1]+0.082*[#   7]+0.082*[#  12]+0.082*[#  14]+0.079*[#   2]
          +0.079*[#   3]+0.079*[#   4]+0.050*[#   5]+0.050*[#   9]+0.050*[#  13]
          +0.032*[#   6]+0.032*[#   8]+0.032*[#  10]+0.032*[#  11]+0.032*[#  15]
          +0.032*[#  16]
    |psi|^2 = 0.979
==== e(   6) =     6.33434 eV ==== 
     psi = 0.101*[#   5]+0.101*[#   9]+0.101*[#  13]+0.081*[#   6]+0.081*[#   8]
          +0.081*[#  10]+0.081*[#  11]+0.081*[#  15]+0.081*[#  16]+0.034*[#   2]
          +0.034*[#   3]+0.034*[#   4]+0.030*[#   7]+0.030*[#  12]+0.030*[#  14]
          
    |psi|^2 = 0.979
==== e(   7) =     7.38539 eV ==== 
     psi = 0.073*[#   1]+0.073*[#   5]+0.073*[#   9]+0.073*[#  13]+0.056*[#   2]
          +0.056*[#   3]+0.056*[#   4]+0.056*[#   6]+0.056*[#   7]+0.056*[#   8]
          +0.056*[#  10]+0.056*[#  11]+0.056*[#  12]+0.056*[#  14]+0.056*[#  15]
          +0.056*[#  16]
    |psi|^2 = 0.968
==== e(   8) =    10.52733 eV ==== 
     psi = 0.127*[#   1]+0.127*[#   5]+0.127*[#   9]+0.127*[#  13]+0.032*[#   2]
          +0.032*[#   3]+0.032*[#   4]+0.032*[#   6]+0.032*[#   7]+0.032*[#   8]
          +0.032*[#  10]+0.032*[#  11]+0.032*[#  12]+0.032*[#  14]+0.032*[#  15]
          +0.032*[#  16]
    |psi|^2 = 0.888
==== e(   9) =    11.76978 eV ==== 
     psi = 0.141*[#   1]+0.073*[#   2]+0.073*[#   3]+0.073*[#   4]+0.047*[#   5]
          +0.047*[#   9]+0.047*[#  13]+0.034*[#   7]+0.034*[#  12]+0.034*[#  14]
          +0.033*[#   6]+0.033*[#   8]+0.033*[#  10]+0.033*[#  11]+0.033*[#  15]
          +0.033*[#  16]
    |psi|^2 = 0.799
==== e(  10) =    11.76978 eV ==== 
     psi = 0.094*[#   5]+0.094*[#   9]+0.094*[#  13]+0.053*[#   6]+0.053*[#   8]
          +0.053*[#  10]+0.053*[#  11]+0.053*[#  15]+0.053*[#  16]+0.052*[#   7]
          +0.052*[#  12]+0.052*[#  14]+0.014*[#   2]+0.014*[#   3]+0.014*[#   4]
          
    |psi|^2 = 0.799

 k =   0.2500000000  0.2500000000  0.3750000000
==== e(   1) =    -0.87529 eV ==== 
     psi = 0.094*[#   1]+0.094*[#   5]+0.094*[#   9]+0.094*[#  13]+0.052*[#   2]
          +0.052*[#   3]+0.052*[#   4]+0.052*[#   6]+0.052*[#   7]+0.052*[#   8]
          +0.052*[#  10]+0.052*[#  11]+0.052*[#  12]+0.052*[#  14]+0.052*[#  15]
          +0.052*[#  16]
    |psi|^2 = 0.998
==== e(   2) =     1.32650 eV ==== 
     psi = 0.080*[#   1]+0.080*[#   5]+0.080*[#   9]+0.080*[#  13]+0.057*[#   2]
          +0.057*[#   3]+0.057*[#   4]+0.057*[#   6]+0.057*[#   7]+0.057*[#   8]
          +0.057*[#  10]+0.057*[#  11]+0.057*[#  12]+0.057*[#  14]+0.057*[#  15]
          +0.057*[#  16]
    |psi|^2 = 0.997
==== e(   3) =     3.48715 eV ==== 
     psi = 0.143*[#   1]+0.094*[#   7]+0.094*[#  12]+0.094*[#  14]+0.049*[#   6]
          +0.049*[#   8]+0.049*[#  10]+0.049*[#  11]+0.049*[#  15]+0.049*[#  16]
          +0.048*[#   5]+0.048*[#   9]+0.048*[#  13]+0.044*[#   2]+0.044*[#   3]
          +0.044*[#   4]
    |psi|^2 = 0.993
==== e(   4) =     3.48715 eV ==== 
     psi = 0.095*[#   5]+0.095*[#   9]+0.095*[#  13]+0.074*[#   2]+0.074*[#   3]
          +0.074*[#   4]+0.069*[#   6]+0.069*[#   8]+0.069*[#  10]+0.069*[#  11]
          +0.069*[#  15]+0.069*[#  16]+0.024*[#   7]+0.024*[#  12]+0.024*[#  14]
          
    |psi|^2 = 0.993
==== e(   5) =     5.64237 eV ==== 
     psi = 0.169*[#   1]+0.076*[#   7]+0.076*[#  12]+0.076*[#  14]+0.071*[#   2]
          +0.071*[#   3]+0.071*[#   4]+0.056*[#   5]+0.056*[#   9]+0.056*[#  13]
          +0.034*[#   6]+0.034*[#   8]+0.034*[#  10]+0.034*[#  11]+0.034*[#  15]
          +0.034*[#  16]
    |psi|^2 = 0.983
==== e(   6) =     5.64237 eV ==== 
     psi = 0.113*[#   5]+0.113*[#   9]+0.113*[#  13]+0.073*[#   6]+0.073*[#   8]
          +0.073*[#  10]+0.073*[#  11]+0.073*[#  15]+0.073*[#  16]+0.037*[#   2]
          +0.037*[#   3]+0.037*[#   4]+0.032*[#   7]+0.032*[#  12]+0.032*[#  14]
          
    |psi|^2 = 0.983
==== e(   7) =     7.74895 eV ==== 
     psi = 0.081*[#   1]+0.081*[#   5]+0.081*[#   9]+0.081*[#  13]+0.053*[#   2]
          +0.053*[#   3]+0.053*[#   4]+0.053*[#   6]+0.053*[#   7]+0.053*[#   8]
          +0.053*[#  10]+0.053*[#  11]+0.053*[#  12]+0.053*[#  14]+0.053*[#  15]
          +0.053*[#  16]
    |psi|^2 = 0.962
==== e(   8) =     9.84659 eV ==== 
     psi = 0.122*[#   1]+0.122*[#   5]+0.122*[#   9]+0.122*[#  13]+0.035*[#   2]
          +0.035*[#   3]+0.035*[#   4]+0.035*[#   6]+0.035*[#   7]+0.035*[#   8]
          +0.035*[#  10]+0.035*[#  11]+0.035*[#  12]+0.035*[#  14]+0.035*[#  15]
          +0.035*[#  16]
    |psi|^2 = 0.909
==== e(   9) =    12.11589 eV ==== 
     psi = 0.113*[#   1]+0.077*[#   2]+0.077*[#   3]+0.077*[#   4]+0.052*[#   7]
          +0.052*[#  12]+0.052*[#  14]+0.038*[#   5]+0.038*[#   9]+0.038*[#  13]
          +0.032*[#   6]+0.032*[#   8]+0.032*[#  10]+0.032*[#  11]+0.032*[#  15]
          +0.032*[#  16]
    |psi|^2 = 0.805
==== e(  10) =    12.11589 eV ==== 
     psi = 0.075*[#   5]+0.075*[#   9]+0.075*[#  13]+0.064*[#   6]+0.064*[#   8]
          +0.064*[#  10]+0.064*[#  11]+0.064*[#  15]+0.064*[#  16]+0.045*[#   7]
          +0.045*[#  12]+0.045*[#  14]+0.019*[#   2]+0.019*[#   3]+0.019*[#   4]
          
    |psi|^2 = 0.805

 k =   0.2500000000  0.2500000000  0.4375000000
==== e(   1) =    -0.42505 eV ==== 
     psi = 0.090*[#   1]+0.090*[#   5]+0.090*[#   9]+0.090*[#  13]+0.053*[#   2]
          +0.053*[#   3]+0.053*[#   4]+0.053*[#   6]+0.053*[#   7]+0.053*[#   8]
          +0.053*[#  10]+0.053*[#  11]+0.053*[#  12]+0.053*[#  14]+0.053*[#  15]
          +0.053*[#  16]
    |psi|^2 = 0.998
==== e(   2) =     0.67685 eV ==== 
     psi = 0.082*[#   1]+0.082*[#   5]+0.082*[#   9]+0.082*[#  13]+0.056*[#   2]
          +0.056*[#   3]+0.056*[#   4]+0.056*[#   6]+0.056*[#   7]+0.056*[#   8]
          +0.056*[#  10]+0.056*[#  11]+0.056*[#  12]+0.056*[#  14]+0.056*[#  15]
          +0.056*[#  16]
    |psi|^2 = 0.998
==== e(   3) =     3.91791 eV ==== 
     psi = 0.084*[#   5]+0.084*[#   9]+0.084*[#  13]+0.076*[#   6]+0.076*[#   8]
          +0.076*[#  10]+0.076*[#  11]+0.076*[#  15]+0.076*[#  16]+0.073*[#   2]
          +0.073*[#   3]+0.073*[#   4]+0.021*[#   7]+0.021*[#  12]+0.021*[#  14]
          
    |psi|^2 = 0.993
==== e(   4) =     3.91791 eV ==== 
     psi = 0.126*[#   1]+0.102*[#   7]+0.102*[#  12]+0.102*[#  14]+0.050*[#   2]
          +0.050*[#   3]+0.050*[#   4]+0.047*[#   6]+0.047*[#   8]+0.047*[#  10]
          +0.047*[#  11]+0.047*[#  15]+0.047*[#  16]+0.042*[#   5]+0.042*[#   9]
          +0.042*[#  13]
    |psi|^2 = 0.993
==== e(   5) =     5.01714 eV ==== 
     psi = 0.194*[#   1]+0.065*[#   7]+0.065*[#  12]+0.065*[#  14]+0.065*[#   5]
          +0.065*[#   9]+0.065*[#  13]+0.063*[#   2]+0.063*[#   3]+0.063*[#   4]
          +0.036*[#   6]+0.036*[#   8]+0.036*[#  10]+0.036*[#  11]+0.036*[#  15]
          +0.036*[#  16]
    |psi|^2 = 0.986
==== e(   6) =     5.01715 eV ==== 
     psi = 0.129*[#   5]+0.129*[#   9]+0.129*[#  13]+0.064*[#   6]+0.064*[#   8]
          +0.064*[#  10]+0.064*[#  11]+0.064*[#  15]+0.064*[#  16]+0.037*[#   2]
          +0.037*[#   3]+0.037*[#   4]+0.035*[#   7]+0.035*[#  12]+0.035*[#  14]
          
    |psi|^2 = 0.986
==== e(   7) =     8.17744 eV ==== 
     psi = 0.091*[#   1]+0.091*[#   5]+0.091*[#   9]+0.091*[#  13]+0.049*[#   2]
          +0.049*[#   3]+0.049*[#   4]+0.049*[#   6]+0.049*[#   7]+0.049*[#   8]
          +0.049*[#  10]+0.049*[#  11]+0.049*[#  12]+0.049*[#  14]+0.049*[#  15]
          +0.049*[#  16]
    |psi|^2 = 0.953
==== e(   8) =     9.22712 eV ==== 
     psi = 0.113*[#   1]+0.113*[#   5]+0.113*[#   9]+0.113*[#  13]+0.040*[#   2]
          +0.040*[#   3]+0.040*[#   4]+0.040*[#   6]+0.040*[#   7]+0.040*[#   8]
          +0.040*[#  10]+0.040*[#  11]+0.040*[#  12]+0.040*[#  14]+0.040*[#  15]
          +0.040*[#  16]
    |psi|^2 = 0.928
==== e(   9) =    12.50685 eV ==== 
     psi = 0.079*[#   6]+0.079*[#   8]+0.079*[#  10]+0.079*[#  11]+0.079*[#  15]
          +0.079*[#  16]+0.048*[#   5]+0.048*[#   9]+0.048*[#  13]+0.032*[#   7]
          +0.032*[#  12]+0.032*[#  14]+0.028*[#   2]+0.028*[#   3]+0.028*[#   4]
          
    |psi|^2 = 0.798
==== e(  10) =    12.50685 eV ==== 
     psi = 0.082*[#   2]+0.082*[#   3]+0.082*[#   4]+0.077*[#   7]+0.077*[#  12]
          +0.077*[#  14]+0.071*[#   1]+0.030*[#   6]+0.030*[#   8]+0.030*[#  10]
          +0.030*[#  11]+0.030*[#  15]+0.030*[#  16]+0.024*[#   5]+0.024*[#   9]
          +0.024*[#  13]
    |psi|^2 = 0.798

 k =   0.2500000000  0.2500000000 -0.5000000000
==== e(   1) =     0.09263 eV ==== 
     psi = 0.171*[#   1]+0.093*[#   6]+0.093*[#   8]+0.093*[#  10]+0.093*[#  11]
          +0.093*[#  15]+0.093*[#  16]+0.057*[#   5]+0.057*[#   9]+0.057*[#  13]
          +0.032*[#   2]+0.032*[#   3]+0.032*[#   4]
    |psi|^2 = 0.998
==== e(   2) =     0.09265 eV ==== 
     psi = 0.114*[#   5]+0.114*[#   9]+0.114*[#  13]+0.109*[#   7]+0.109*[#  12]
          +0.109*[#  14]+0.078*[#   2]+0.078*[#   3]+0.078*[#   4]+0.016*[#   6]
          +0.016*[#   8]+0.016*[#  10]+0.016*[#  11]+0.016*[#  15]+0.016*[#  16]
          
    |psi|^2 = 0.998
==== e(   3) =     4.31255 eV ==== 
     psi = 0.111*[#   6]+0.111*[#   8]+0.111*[#  10]+0.111*[#  11]+0.111*[#  15]
          +0.111*[#  16]+0.110*[#   2]+0.110*[#   3]+0.110*[#   4]
    |psi|^2 = 0.996
==== e(   4) =     4.31256 eV ==== 
     psi = 0.166*[#   7]+0.166*[#  12]+0.166*[#  14]+0.056*[#   2]+0.056*[#   3]
          +0.056*[#   4]+0.055*[#   6]+0.055*[#   8]+0.055*[#  10]+0.055*[#  11]
          +0.055*[#  15]+0.055*[#  16]
    |psi|^2 = 0.996
==== e(   5) =     4.55757 eV ==== 
     psi = 0.322*[#   1]+0.107*[#   5]+0.107*[#   9]+0.107*[#  13]+0.056*[#   2]
          +0.056*[#   3]+0.056*[#   4]+0.028*[#   6]+0.028*[#   8]+0.028*[#  10]
          +0.028*[#  11]+0.028*[#  15]+0.028*[#  16]
    |psi|^2 = 0.983
==== e(   6) =     4.55760 eV ==== 
     psi = 0.215*[#   5]+0.215*[#   9]+0.215*[#  13]+0.056*[#   7]+0.056*[#  12]
          +0.056*[#  14]+0.028*[#   6]+0.028*[#   8]+0.028*[#  10]+0.028*[#  11]
          +0.028*[#  15]+0.028*[#  16]
    |psi|^2 = 0.983
==== e(   7) =     8.67040 eV ==== 
     psi = 0.204*[#   1]+0.088*[#   2]+0.088*[#   3]+0.088*[#   4]+0.068*[#   5]
          +0.068*[#   9]+0.068*[#  13]+0.045*[#   6]+0.045*[#   8]+0.045*[#  10]
          +0.045*[#  11]+0.045*[#  15]+0.045*[#  16]
    |psi|^2 = 0.942
==== e(   8) =     8.67043 eV ==== 
     psi = 0.136*[#   5]+0.136*[#   9]+0.136*[#  13]+0.089*[#   7]+0.089*[#  12]
          +0.089*[#  14]+0.044*[#   6]+0.044*[#   8]+0.044*[#  10]+0.044*[#  11]
          +0.044*[#  15]+0.044*[#  16]+0.001*[#   2]+0.001*[#   3]+0.001*[#   4]
          
    |psi|^2 = 0.942
==== e(   9) =    12.80062 eV ==== 
     psi = 0.102*[#   6]+0.102*[#   8]+0.102*[#  10]+0.102*[#  11]+0.102*[#  15]
          +0.102*[#  16]+0.043*[#   2]+0.043*[#   3]+0.043*[#   4]
    |psi|^2 = 0.742
==== e(  10) =    12.80063 eV ==== 
     psi = 0.124*[#   7]+0.124*[#  12]+0.124*[#  14]+0.080*[#   2]+0.080*[#   3]
          +0.080*[#   4]+0.022*[#   6]+0.022*[#   8]+0.022*[#  10]+0.022*[#  11]
          +0.022*[#  15]+0.022*[#  16]
    |psi|^2 = 0.742

 k =   0.2500000000  0.3125000000  0.3125000000
==== e(   1) =    -0.94469 eV ==== 
     psi = 0.096*[#   1]+0.096*[#   5]+0.096*[#   9]+0.096*[#  13]+0.051*[#   2]
          +0.051*[#   3]+0.051*[#   4]+0.051*[#   6]+0.051*[#   7]+0.051*[#   8]
          +0.051*[#  10]+0.051*[#  11]+0.051*[#  12]+0.051*[#  14]+0.051*[#  15]
          +0.051*[#  16]
    |psi|^2 = 0.998
==== e(   2) =     2.34541 eV ==== 
     psi = 0.156*[#   1]+0.098*[#   7]+0.098*[#  12]+0.098*[#  14]+0.053*[#   6]
          +0.053*[#   8]+0.053*[#  10]+0.053*[#  11]+0.053*[#  15]+0.053*[#  16]
          +0.052*[#   5]+0.052*[#   9]+0.052*[#  13]+0.024*[#   2]+0.024*[#   3]
          +0.024*[#   4]
    |psi|^2 = 0.995
==== e(   3) =     2.34541 eV ==== 
     psi = 0.104*[#   5]+0.104*[#   9]+0.104*[#  13]+0.090*[#   2]+0.090*[#   3]
          +0.090*[#   4]+0.061*[#   6]+0.061*[#   8]+0.061*[#  10]+0.061*[#  11]
          +0.061*[#  15]+0.061*[#  16]+0.016*[#   7]+0.016*[#  12]+0.016*[#  14]
          
    |psi|^2 = 0.995
==== e(   4) =     3.41997 eV ==== 
     psi = 0.073*[#   1]+0.073*[#   5]+0.073*[#   9]+0.073*[#  13]+0.058*[#   2]
          +0.058*[#   3]+0.058*[#   4]+0.058*[#   6]+0.058*[#   7]+0.058*[#   8]
          +0.058*[#  10]+0.058*[#  11]+0.058*[#  12]+0.058*[#  14]+0.058*[#  15]
          +0.058*[#  16]
    |psi|^2 = 0.993
==== e(   5) =     5.57877 eV ==== 
     psi = 0.087*[#   1]+0.087*[#   5]+0.087*[#   9]+0.087*[#  13]+0.053*[#   2]
          +0.053*[#   3]+0.053*[#   4]+0.053*[#   6]+0.053*[#   7]+0.053*[#   8]
          +0.053*[#  10]+0.053*[#  11]+0.053*[#  12]+0.053*[#  14]+0.053*[#  15]
          +0.053*[#  16]
    |psi|^2 = 0.983
==== e(   6) =     6.63269 eV ==== 
     psi = 0.165*[#   1]+0.088*[#   7]+0.088*[#  12]+0.088*[#  14]+0.081*[#   2]
          +0.081*[#   3]+0.081*[#   4]+0.055*[#   5]+0.055*[#   9]+0.055*[#  13]
          +0.023*[#   6]+0.023*[#   8]+0.023*[#  10]+0.023*[#  11]+0.023*[#  15]
          +0.023*[#  16]
    |psi|^2 = 0.975
==== e(   7) =     6.63269 eV ==== 
     psi = 0.110*[#   5]+0.110*[#   9]+0.110*[#  13]+0.085*[#   6]+0.085*[#   8]
          +0.085*[#  10]+0.085*[#  11]+0.085*[#  15]+0.085*[#  16]+0.027*[#   2]
          +0.027*[#   3]+0.027*[#   4]+0.019*[#   7]+0.019*[#  12]+0.019*[#  14]
          
    |psi|^2 = 0.975
==== e(   8) =     9.78502 eV ==== 
     psi = 0.133*[#   1]+0.133*[#   5]+0.133*[#   9]+0.133*[#  13]+0.031*[#   2]
          +0.031*[#   3]+0.031*[#   4]+0.031*[#   6]+0.031*[#   7]+0.031*[#   8]
          +0.031*[#  10]+0.031*[#  11]+0.031*[#  12]+0.031*[#  14]+0.031*[#  15]
          +0.031*[#  16]
    |psi|^2 = 0.906
==== e(   9) =    12.06216 eV ==== 
     psi = 0.066*[#   1]+0.066*[#   5]+0.066*[#   9]+0.066*[#  13]+0.045*[#   2]
          +0.045*[#   3]+0.045*[#   4]+0.045*[#   6]+0.045*[#   7]+0.045*[#   8]
          +0.045*[#  10]+0.045*[#  11]+0.045*[#  12]+0.045*[#  14]+0.045*[#  15]
          +0.045*[#  16]
    |psi|^2 = 0.799
==== e(  10) =    13.07872 eV ==== 
     psi = 0.058*[#   5]+0.058*[#   9]+0.058*[#  13]+0.051*[#   1]+0.046*[#   7]
          +0.046*[#  12]+0.046*[#  14]+0.043*[#   6]+0.043*[#   8]+0.043*[#  10]
          +0.043*[#  11]+0.043*[#  15]+0.043*[#  16]+0.039*[#   2]+0.039*[#   3]
          +0.039*[#   4]
    |psi|^2 = 0.736

 k =   0.2500000000  0.3125000000  0.3750000000
==== e(   1) =    -0.56340 eV ==== 
     psi = 0.093*[#   1]+0.093*[#   5]+0.093*[#   9]+0.093*[#  13]+0.052*[#   2]
          +0.052*[#   3]+0.052*[#   4]+0.052*[#   6]+0.052*[#   7]+0.052*[#   8]
          +0.052*[#  10]+0.052*[#  11]+0.052*[#  12]+0.052*[#  14]+0.052*[#  15]
          +0.052*[#  16]
    |psi|^2 = 0.998
==== e(   2) =     1.63361 eV ==== 
     psi = 0.081*[#   1]+0.081*[#   5]+0.081*[#   9]+0.081*[#  13]+0.056*[#   2]
          +0.056*[#   3]+0.056*[#   4]+0.056*[#   6]+0.056*[#   7]+0.056*[#   8]
          +0.056*[#  10]+0.056*[#  11]+0.056*[#  12]+0.056*[#  14]+0.056*[#  15]
          +0.056*[#  16]
    |psi|^2 = 0.997
==== e(   3) =     2.71756 eV ==== 
     psi = 0.078*[#   1]+0.078*[#   5]+0.078*[#   9]+0.078*[#  13]+0.057*[#   2]
          +0.057*[#   3]+0.057*[#   4]+0.057*[#   6]+0.057*[#   7]+0.057*[#   8]
          +0.057*[#  10]+0.057*[#  11]+0.057*[#  12]+0.057*[#  14]+0.057*[#  15]
          +0.057*[#  16]
    |psi|^2 = 0.995
==== e(   4) =     3.78423 eV ==== 
     psi = 0.066*[#   1]+0.066*[#   5]+0.066*[#   9]+0.066*[#  13]+0.061*[#   2]
          +0.061*[#   3]+0.061*[#   4]+0.061*[#   6]+0.061*[#   7]+0.061*[#   8]
          +0.061*[#  10]+0.061*[#  11]+0.061*[#  12]+0.061*[#  14]+0.061*[#  15]
          +0.061*[#  16]
    |psi|^2 = 0.992
==== e(   5) =     4.88739 eV ==== 
     psi = 0.101*[#   1]+0.101*[#   5]+0.101*[#   9]+0.101*[#  13]+0.048*[#   2]
          +0.048*[#   3]+0.048*[#   4]+0.048*[#   6]+0.048*[#   7]+0.048*[#   8]
          +0.048*[#  10]+0.048*[#  11]+0.048*[#  12]+0.048*[#  14]+0.048*[#  15]
          +0.048*[#  16]
    |psi|^2 = 0.986
==== e(   6) =     5.94017 eV ==== 
     psi = 0.090*[#   1]+0.090*[#   5]+0.090*[#   9]+0.090*[#  13]+0.052*[#   2]
          +0.052*[#   3]+0.052*[#   4]+0.052*[#   6]+0.052*[#   7]+0.052*[#   8]
          +0.052*[#  10]+0.052*[#  11]+0.052*[#  12]+0.052*[#  14]+0.052*[#  15]
          +0.052*[#  16]
    |psi|^2 = 0.980
==== e(   7) =     6.99704 eV ==== 
     psi = 0.091*[#   1]+0.091*[#   5]+0.091*[#   9]+0.091*[#  13]+0.050*[#   2]
          +0.050*[#   3]+0.050*[#   4]+0.050*[#   6]+0.050*[#   7]+0.050*[#   8]
          +0.050*[#  10]+0.050*[#  11]+0.050*[#  12]+0.050*[#  14]+0.050*[#  15]
          +0.050*[#  16]
    |psi|^2 = 0.970
==== e(   8) =     9.10179 eV ==== 
     psi = 0.130*[#   1]+0.130*[#   5]+0.130*[#   9]+0.130*[#  13]+0.034*[#   2]
          +0.034*[#   3]+0.034*[#   4]+0.034*[#   6]+0.034*[#   7]+0.034*[#   8]
          +0.034*[#  10]+0.034*[#  11]+0.034*[#  12]+0.034*[#  14]+0.034*[#  15]
          +0.034*[#  16]
    |psi|^2 = 0.924
==== e(   9) =    12.41338 eV ==== 
     psi = 0.057*[#   1]+0.057*[#   5]+0.057*[#   9]+0.057*[#  13]+0.048*[#   2]
          +0.048*[#   3]+0.048*[#   4]+0.048*[#   6]+0.048*[#   7]+0.048*[#   8]
          +0.048*[#  10]+0.048*[#  11]+0.048*[#  12]+0.048*[#  14]+0.048*[#  15]
          +0.048*[#  16]
    |psi|^2 = 0.802
==== e(  10) =    13.40745 eV ==== 
     psi = 0.048*[#   2]+0.048*[#   3]+0.048*[#   4]+0.048*[#   6]+0.048*[#   7]
          +0.048*[#   8]+0.048*[#  10]+0.048*[#  11]+0.048*[#  12]+0.048*[#  14]
          +0.048*[#  15]+0.048*[#  16]+0.038*[#   1]+0.038*[#   5]+0.038*[#   9]
          +0.038*[#  13]
    |psi|^2 = 0.731

 k =   0.2500000000  0.3125000000  0.4375000000
==== e(   1) =    -0.11412 eV ==== 
     psi = 0.090*[#   1]+0.090*[#   5]+0.090*[#   9]+0.090*[#  13]+0.053*[#   2]
          +0.053*[#   3]+0.053*[#   4]+0.053*[#   6]+0.053*[#   7]+0.053*[#   8]
          +0.053*[#  10]+0.053*[#  11]+0.053*[#  12]+0.053*[#  14]+0.053*[#  15]
          +0.053*[#  16]
    |psi|^2 = 0.998
==== e(   2) =     0.98541 eV ==== 
     psi = 0.084*[#   1]+0.084*[#   5]+0.084*[#   9]+0.084*[#  13]+0.055*[#   2]
          +0.055*[#   3]+0.055*[#   4]+0.055*[#   6]+0.055*[#   7]+0.055*[#   8]
          +0.055*[#  10]+0.055*[#  11]+0.055*[#  12]+0.055*[#  14]+0.055*[#  15]
          +0.055*[#  16]
    |psi|^2 = 0.997
==== e(   3) =     3.15530 eV ==== 
     psi = 0.076*[#   1]+0.076*[#   5]+0.076*[#   9]+0.076*[#  13]+0.057*[#   2]
          +0.057*[#   3]+0.057*[#   4]+0.057*[#   6]+0.057*[#   7]+0.057*[#   8]
          +0.057*[#  10]+0.057*[#  11]+0.057*[#  12]+0.057*[#  14]+0.057*[#  15]
          +0.057*[#  16]
    |psi|^2 = 0.994
==== e(   4) =     4.11738 eV ==== 
     psi = 0.083*[#   2]+0.083*[#   3]+0.083*[#   4]+0.083*[#   6]+0.083*[#   7]
          +0.083*[#   8]+0.083*[#  10]+0.083*[#  11]+0.083*[#  12]+0.083*[#  14]
          +0.083*[#  15]+0.083*[#  16]
    |psi|^2 = 0.997
==== e(   5) =     4.35593 eV ==== 
     psi = 0.172*[#   1]+0.172*[#   5]+0.172*[#   9]+0.172*[#  13]+0.025*[#   2]
          +0.025*[#   3]+0.025*[#   4]+0.025*[#   6]+0.025*[#   7]+0.025*[#   8]
          +0.025*[#  10]+0.025*[#  11]+0.025*[#  12]+0.025*[#  14]+0.025*[#  15]
          +0.025*[#  16]
    |psi|^2 = 0.982
==== e(   6) =     5.31103 eV ==== 
     psi = 0.096*[#   1]+0.096*[#   5]+0.096*[#   9]+0.096*[#  13]+0.050*[#   2]
          +0.050*[#   3]+0.050*[#   4]+0.050*[#   6]+0.050*[#   7]+0.050*[#   8]
          +0.050*[#  10]+0.050*[#  11]+0.050*[#  12]+0.050*[#  14]+0.050*[#  15]
          +0.050*[#  16]
    |psi|^2 = 0.984
==== e(   7) =     7.42682 eV ==== 
     psi = 0.101*[#   1]+0.101*[#   5]+0.101*[#   9]+0.101*[#  13]+0.046*[#   2]
          +0.046*[#   3]+0.046*[#   4]+0.046*[#   6]+0.046*[#   7]+0.046*[#   8]
          +0.046*[#  10]+0.046*[#  11]+0.046*[#  12]+0.046*[#  14]+0.046*[#  15]
          +0.046*[#  16]
    |psi|^2 = 0.963
==== e(   8) =     8.48009 eV ==== 
     psi = 0.122*[#   1]+0.122*[#   5]+0.122*[#   9]+0.122*[#  13]+0.038*[#   2]
          +0.038*[#   3]+0.038*[#   4]+0.038*[#   6]+0.038*[#   7]+0.038*[#   8]
          +0.038*[#  10]+0.038*[#  11]+0.038*[#  12]+0.038*[#  14]+0.038*[#  15]
          +0.038*[#  16]
    |psi|^2 = 0.940
==== e(   9) =    12.82077 eV ==== 
     psi = 0.052*[#   2]+0.052*[#   3]+0.052*[#   4]+0.052*[#   6]+0.052*[#   7]
          +0.052*[#   8]+0.052*[#  10]+0.052*[#  11]+0.052*[#  12]+0.052*[#  14]
          +0.052*[#  15]+0.052*[#  16]+0.045*[#   1]+0.045*[#   5]+0.045*[#   9]
          +0.045*[#  13]
    |psi|^2 = 0.804
==== e(  10) =    13.64096 eV ==== 
     psi = 0.057*[#   2]+0.057*[#   3]+0.057*[#   4]+0.057*[#   6]+0.057*[#   7]
          +0.057*[#   8]+0.057*[#  10]+0.057*[#  11]+0.057*[#  12]+0.057*[#  14]
          +0.057*[#  15]+0.057*[#  16]
    |psi|^2 = 0.688

 k =   0.2500000000  0.3125000000 -0.5000000000
==== e(   1) =     0.40244 eV ==== 
     psi = 0.173*[#   1]+0.090*[#   6]+0.090*[#   8]+0.090*[#  10]+0.090*[#  11]
          +0.090*[#  15]+0.090*[#  16]+0.058*[#   5]+0.058*[#   9]+0.058*[#  13]
          +0.037*[#   2]+0.037*[#   3]+0.037*[#   4]
    |psi|^2 = 0.998
==== e(   2) =     0.40246 eV ==== 
     psi = 0.116*[#   5]+0.116*[#   9]+0.116*[#  13]+0.108*[#   7]+0.108*[#  12]
          +0.108*[#  14]+0.071*[#   2]+0.071*[#   3]+0.071*[#   4]+0.019*[#   6]
          +0.019*[#   8]+0.019*[#  10]+0.019*[#  11]+0.019*[#  15]+0.019*[#  16]
          
    |psi|^2 = 0.998
==== e(   3) =     3.65473 eV ==== 
     psi = 0.135*[#   1]+0.083*[#   2]+0.083*[#   3]+0.083*[#   4]+0.079*[#   6]
          +0.079*[#   8]+0.079*[#  10]+0.079*[#  11]+0.079*[#  15]+0.079*[#  16]
          +0.045*[#   5]+0.045*[#   9]+0.045*[#  13]
    |psi|^2 = 0.993
==== e(   4) =     3.65475 eV ==== 
     psi = 0.120*[#   7]+0.120*[#  12]+0.120*[#  14]+0.090*[#   5]+0.090*[#   9]
          +0.090*[#  13]+0.041*[#   6]+0.041*[#   8]+0.041*[#  10]+0.041*[#  11]
          +0.041*[#  15]+0.041*[#  16]+0.038*[#   2]+0.038*[#   3]+0.038*[#   4]
          
    |psi|^2 = 0.993
==== e(   5) =     4.75002 eV ==== 
     psi = 0.212*[#   1]+0.075*[#   2]+0.075*[#   3]+0.075*[#   4]+0.071*[#   5]
          +0.071*[#   9]+0.071*[#  13]+0.056*[#   6]+0.056*[#   8]+0.056*[#  10]
          +0.056*[#  11]+0.056*[#  15]+0.056*[#  16]
    |psi|^2 = 0.986
==== e(   6) =     4.75004 eV ==== 
     psi = 0.141*[#   5]+0.141*[#   9]+0.141*[#  13]+0.094*[#   7]+0.094*[#  12]
          +0.094*[#  14]+0.038*[#   6]+0.038*[#   8]+0.038*[#  10]+0.038*[#  11]
          +0.038*[#  15]+0.038*[#  16]+0.019*[#   2]+0.019*[#   3]+0.019*[#   4]
          
    |psi|^2 = 0.986
==== e(   7) =     7.92141 eV ==== 
     psi = 0.224*[#   1]+0.082*[#   2]+0.082*[#   3]+0.082*[#   4]+0.075*[#   5]
          +0.075*[#   9]+0.075*[#  13]+0.043*[#   6]+0.043*[#   8]+0.043*[#  10]
          +0.043*[#  11]+0.043*[#  15]+0.043*[#  16]
    |psi|^2 = 0.953
==== e(   8) =     7.92143 eV ==== 
     psi = 0.149*[#   5]+0.149*[#   9]+0.149*[#  13]+0.084*[#   7]+0.084*[#  12]
          +0.084*[#  14]+0.041*[#   6]+0.041*[#   8]+0.041*[#  10]+0.041*[#  11]
          +0.041*[#  15]+0.041*[#  16]+0.003*[#   2]+0.003*[#   3]+0.003*[#   4]
          
    |psi|^2 = 0.953
==== e(   9) =    13.27255 eV ==== 
     psi = 0.081*[#   6]+0.081*[#   8]+0.081*[#  10]+0.081*[#  11]+0.081*[#  15]
          +0.081*[#  16]+0.063*[#   2]+0.063*[#   3]+0.063*[#   4]+0.056*[#   1]
          +0.019*[#   5]+0.019*[#   9]+0.019*[#  13]
    |psi|^2 = 0.786
==== e(  10) =    13.27257 eV ==== 
     psi = 0.112*[#   7]+0.112*[#  12]+0.112*[#  14]+0.049*[#   2]+0.049*[#   3]
          +0.049*[#   4]+0.037*[#   5]+0.037*[#   9]+0.037*[#  13]+0.032*[#   6]
          +0.032*[#   8]+0.032*[#  10]+0.032*[#  11]+0.032*[#  15]+0.032*[#  16]
          
    |psi|^2 = 0.786

 k =   0.2500000000  0.3750000000  0.3750000000
==== e(   1) =    -0.18312 eV ==== 
     psi = 0.092*[#   1]+0.092*[#   5]+0.092*[#   9]+0.092*[#  13]+0.053*[#   2]
          +0.053*[#   3]+0.053*[#   4]+0.053*[#   6]+0.053*[#   7]+0.053*[#   8]
          +0.053*[#  10]+0.053*[#  11]+0.053*[#  12]+0.053*[#  14]+0.053*[#  15]
          +0.053*[#  16]
    |psi|^2 = 0.998
==== e(   2) =     2.00799 eV ==== 
     psi = 0.164*[#   1]+0.103*[#   7]+0.103*[#  12]+0.103*[#  14]+0.055*[#   5]
          +0.055*[#   9]+0.055*[#  13]+0.052*[#   6]+0.052*[#   8]+0.052*[#  10]
          +0.052*[#  11]+0.052*[#  15]+0.052*[#  16]+0.016*[#   2]+0.016*[#   3]
          +0.016*[#   4]
    |psi|^2 = 0.996
==== e(   3) =     2.00799 eV ==== 
     psi = 0.110*[#   5]+0.110*[#   9]+0.110*[#  13]+0.095*[#   2]+0.095*[#   3]
          +0.095*[#   4]+0.060*[#   6]+0.060*[#   8]+0.060*[#  10]+0.060*[#  11]
          +0.060*[#  15]+0.060*[#  16]+0.008*[#   7]+0.008*[#  12]+0.008*[#  14]
          
    |psi|^2 = 0.996
==== e(   4) =     4.05225 eV ==== 
     psi = 0.083*[#   2]+0.083*[#   3]+0.083*[#   4]+0.083*[#   6]+0.083*[#   7]
          +0.083*[#   8]+0.083*[#  10]+0.083*[#  11]+0.083*[#  12]+0.083*[#  14]
          +0.083*[#  15]+0.083*[#  16]
    |psi|^2 = 0.997
==== e(   5) =     4.28837 eV ==== 
     psi = 0.176*[#   1]+0.176*[#   5]+0.176*[#   9]+0.176*[#  13]+0.023*[#   2]
          +0.023*[#   3]+0.023*[#   4]+0.023*[#   6]+0.023*[#   7]+0.023*[#   8]
          +0.023*[#  10]+0.023*[#  11]+0.023*[#  12]+0.023*[#  14]+0.023*[#  15]
          +0.023*[#  16]
    |psi|^2 = 0.982
==== e(   6) =     6.30510 eV ==== 
     psi = 0.196*[#   1]+0.087*[#   7]+0.087*[#  12]+0.087*[#  14]+0.074*[#   2]
          +0.074*[#   3]+0.074*[#   4]+0.065*[#   5]+0.065*[#   9]+0.065*[#  13]
          +0.017*[#   6]+0.017*[#   8]+0.017*[#  10]+0.017*[#  11]+0.017*[#  15]
          +0.017*[#  16]
    |psi|^2 = 0.976
==== e(   7) =     6.30510 eV ==== 
     psi = 0.130*[#   5]+0.130*[#   9]+0.130*[#  13]+0.081*[#   6]+0.081*[#   8]
          +0.081*[#  10]+0.081*[#  11]+0.081*[#  15]+0.081*[#  16]+0.024*[#   2]
          +0.024*[#   3]+0.024*[#   4]+0.010*[#   7]+0.010*[#  12]+0.010*[#  14]
          
    |psi|^2 = 0.976
==== e(   8) =     8.41628 eV ==== 
     psi = 0.131*[#   1]+0.131*[#   5]+0.131*[#   9]+0.131*[#  13]+0.035*[#   2]
          +0.035*[#   3]+0.035*[#   4]+0.035*[#   6]+0.035*[#   7]+0.035*[#   8]
          +0.035*[#  10]+0.035*[#  11]+0.035*[#  12]+0.035*[#  14]+0.035*[#  15]
          +0.035*[#  16]
    |psi|^2 = 0.938
==== e(   9) =    12.76724 eV ==== 
     psi = 0.053*[#   1]+0.053*[#   5]+0.053*[#   9]+0.053*[#  13]+0.049*[#   2]
          +0.049*[#   3]+0.049*[#   4]+0.049*[#   6]+0.049*[#   7]+0.049*[#   8]
          +0.049*[#  10]+0.049*[#  11]+0.049*[#  12]+0.049*[#  14]+0.049*[#  15]
          +0.049*[#  16]
    |psi|^2 = 0.801
==== e(  10) =    14.59784 eV ==== 
     psi = 0.063*[#   2]+0.063*[#   3]+0.063*[#   4]+0.049*[#   6]+0.049*[#   8]
          +0.049*[#  10]+0.049*[#  11]+0.049*[#  15]+0.049*[#  16]+0.049*[#   7]
          +0.049*[#  12]+0.049*[#  14]
    |psi|^2 = 0.633

 k =   0.2500000000  0.3750000000  0.4375000000
==== e(   1) =     0.26499 eV ==== 
     psi = 0.090*[#   1]+0.090*[#   5]+0.090*[#   9]+0.090*[#  13]+0.053*[#   2]
          +0.053*[#   3]+0.053*[#   4]+0.053*[#   6]+0.053*[#   7]+0.053*[#   8]
          +0.053*[#  10]+0.053*[#  11]+0.053*[#  12]+0.053*[#  14]+0.053*[#  15]
          +0.053*[#  16]
    |psi|^2 = 0.997
==== e(   2) =     1.36161 eV ==== 
     psi = 0.085*[#   1]+0.085*[#   5]+0.085*[#   9]+0.085*[#  13]+0.055*[#   2]
          +0.055*[#   3]+0.055*[#   4]+0.055*[#   6]+0.055*[#   7]+0.055*[#   8]
          +0.055*[#  10]+0.055*[#  11]+0.055*[#  12]+0.055*[#  14]+0.055*[#  15]
          +0.055*[#  16]
    |psi|^2 = 0.997
==== e(   3) =     2.44892 eV ==== 
     psi = 0.082*[#   1]+0.082*[#   5]+0.082*[#   9]+0.082*[#  13]+0.055*[#   2]
          +0.055*[#   3]+0.055*[#   4]+0.055*[#   6]+0.055*[#   7]+0.055*[#   8]
          +0.055*[#  10]+0.055*[#  11]+0.055*[#  12]+0.055*[#  14]+0.055*[#  15]
          +0.055*[#  16]
    |psi|^2 = 0.995
==== e(   4) =     3.52251 eV ==== 
     psi = 0.070*[#   1]+0.070*[#   5]+0.070*[#   9]+0.070*[#  13]+0.059*[#   2]
          +0.059*[#   3]+0.059*[#   4]+0.059*[#   6]+0.059*[#   7]+0.059*[#   8]
          +0.059*[#  10]+0.059*[#  11]+0.059*[#  12]+0.059*[#  14]+0.059*[#  15]
          +0.059*[#  16]
    |psi|^2 = 0.994
==== e(   5) =     4.61608 eV ==== 
     psi = 0.112*[#   1]+0.112*[#   5]+0.112*[#   9]+0.112*[#  13]+0.045*[#   2]
          +0.045*[#   3]+0.045*[#   4]+0.045*[#   6]+0.045*[#   7]+0.045*[#   8]
          +0.045*[#  10]+0.045*[#  11]+0.045*[#  12]+0.045*[#  14]+0.045*[#  15]
          +0.045*[#  16]
    |psi|^2 = 0.985
==== e(   6) =     5.67584 eV ==== 
     psi = 0.102*[#   1]+0.102*[#   5]+0.102*[#   9]+0.102*[#  13]+0.048*[#   2]
          +0.048*[#   3]+0.048*[#   4]+0.048*[#   6]+0.048*[#   7]+0.048*[#   8]
          +0.048*[#  10]+0.048*[#  11]+0.048*[#  12]+0.048*[#  14]+0.048*[#  15]
          +0.048*[#  16]
    |psi|^2 = 0.980
==== e(   7) =     6.73601 eV ==== 
     psi = 0.107*[#   1]+0.107*[#   5]+0.107*[#   9]+0.107*[#  13]+0.045*[#   2]
          +0.045*[#   3]+0.045*[#   4]+0.045*[#   6]+0.045*[#   7]+0.045*[#   8]
          +0.045*[#  10]+0.045*[#  11]+0.045*[#  12]+0.045*[#  14]+0.045*[#  15]
          +0.045*[#  16]
    |psi|^2 = 0.970
==== e(   8) =     7.79255 eV ==== 
     psi = 0.126*[#   1]+0.126*[#   5]+0.126*[#   9]+0.126*[#  13]+0.037*[#   2]
          +0.037*[#   3]+0.037*[#   4]+0.037*[#   6]+0.037*[#   7]+0.037*[#   8]
          +0.037*[#  10]+0.037*[#  11]+0.037*[#  12]+0.037*[#  14]+0.037*[#  15]
          +0.037*[#  16]
    |psi|^2 = 0.951
==== e(   9) =    13.17832 eV ==== 
     psi = 0.051*[#   2]+0.051*[#   3]+0.051*[#   4]+0.051*[#   6]+0.051*[#   7]
          +0.051*[#   8]+0.051*[#  10]+0.051*[#  11]+0.051*[#  12]+0.051*[#  14]
          +0.051*[#  15]+0.051*[#  16]+0.046*[#   1]+0.046*[#   5]+0.046*[#   9]
          +0.046*[#  13]
    |psi|^2 = 0.801
==== e(  10) =    14.14966 eV ==== 
     psi = 0.057*[#   2]+0.057*[#   3]+0.057*[#   4]+0.057*[#   6]+0.057*[#   7]
          +0.057*[#   8]+0.057*[#  10]+0.057*[#  11]+0.057*[#  12]+0.057*[#  14]
          +0.057*[#  15]+0.057*[#  16]+0.022*[#   1]+0.022*[#   5]+0.022*[#   9]
          +0.022*[#  13]
    |psi|^2 = 0.771

 k =   0.2500000000  0.3750000000 -0.5000000000
==== e(   1) =     0.78020 eV ==== 
     psi = 0.175*[#   1]+0.086*[#   6]+0.086*[#   8]+0.086*[#  10]+0.086*[#  11]
          +0.086*[#  15]+0.086*[#  16]+0.058*[#   5]+0.058*[#   9]+0.058*[#  13]
          +0.044*[#   2]+0.044*[#   3]+0.044*[#   4]
    |psi|^2 = 0.997
==== e(   2) =     0.78022 eV ==== 
     psi = 0.117*[#   5]+0.117*[#   9]+0.117*[#  13]+0.108*[#   7]+0.108*[#  12]
          +0.108*[#  14]+0.064*[#   2]+0.064*[#   3]+0.064*[#   4]+0.022*[#   6]
          +0.022*[#   8]+0.022*[#  10]+0.022*[#  11]+0.022*[#  15]+0.022*[#  16]
          
    |psi|^2 = 0.997
==== e(   3) =     2.95509 eV ==== 
     psi = 0.160*[#   1]+0.076*[#   6]+0.076*[#   8]+0.076*[#  10]+0.076*[#  11]
          +0.076*[#  15]+0.076*[#  16]+0.073*[#   2]+0.073*[#   3]+0.073*[#   4]
          +0.053*[#   5]+0.053*[#   9]+0.053*[#  13]
    |psi|^2 = 0.994
==== e(   4) =     2.95511 eV ==== 
     psi = 0.112*[#   7]+0.112*[#  12]+0.112*[#  14]+0.107*[#   5]+0.107*[#   9]
          +0.107*[#  13]+0.039*[#   2]+0.039*[#   3]+0.039*[#   4]+0.036*[#   6]
          +0.036*[#   8]+0.036*[#  10]+0.036*[#  11]+0.036*[#  15]+0.036*[#  16]
          
    |psi|^2 = 0.994
==== e(   5) =     5.11142 eV ==== 
     psi = 0.209*[#   1]+0.077*[#   2]+0.077*[#   3]+0.077*[#   4]+0.070*[#   5]
          +0.070*[#   9]+0.070*[#  13]+0.056*[#   6]+0.056*[#   8]+0.056*[#  10]
          +0.056*[#  11]+0.056*[#  15]+0.056*[#  16]
    |psi|^2 = 0.983
==== e(   6) =     5.11145 eV ==== 
     psi = 0.139*[#   5]+0.139*[#   9]+0.139*[#  13]+0.094*[#   7]+0.094*[#  12]
          +0.094*[#  14]+0.038*[#   6]+0.038*[#   8]+0.038*[#  10]+0.038*[#  11]
          +0.038*[#  15]+0.038*[#  16]+0.017*[#   2]+0.017*[#   3]+0.017*[#   4]
          
    |psi|^2 = 0.983
==== e(   7) =     7.23210 eV ==== 
     psi = 0.234*[#   1]+0.078*[#   2]+0.078*[#   3]+0.078*[#   4]+0.078*[#   5]
          +0.078*[#   9]+0.078*[#  13]+0.043*[#   6]+0.043*[#   8]+0.043*[#  10]
          +0.043*[#  11]+0.043*[#  15]+0.043*[#  16]
    |psi|^2 = 0.961
==== e(   8) =     7.23212 eV ==== 
     psi = 0.156*[#   5]+0.156*[#   9]+0.156*[#  13]+0.082*[#   7]+0.082*[#  12]
          +0.082*[#  14]+0.039*[#   6]+0.039*[#   8]+0.039*[#  10]+0.039*[#  11]
          +0.039*[#  15]+0.039*[#  16]+0.004*[#   2]+0.004*[#   3]+0.004*[#   4]
          
    |psi|^2 = 0.961
==== e(   9) =    13.64309 eV ==== 
     psi = 0.074*[#   2]+0.074*[#   3]+0.074*[#   4]+0.072*[#   1]+0.072*[#   6]
          +0.072*[#   8]+0.072*[#  10]+0.072*[#  11]+0.072*[#  15]+0.072*[#  16]
          +0.024*[#   5]+0.024*[#   9]+0.024*[#  13]
    |psi|^2 = 0.796
==== e(  10) =    13.64311 eV ==== 
     psi = 0.109*[#   7]+0.109*[#  12]+0.109*[#  14]+0.048*[#   5]+0.048*[#   9]
          +0.048*[#  13]+0.037*[#   6]+0.037*[#   8]+0.037*[#  10]+0.037*[#  11]
          +0.037*[#  15]+0.037*[#  16]+0.035*[#   2]+0.035*[#   3]+0.035*[#   4]
          
    |psi|^2 = 0.796

 k =   0.2500000000  0.4375000000  0.4375000000
==== e(   1) =     0.71171 eV ==== 
     psi = 0.089*[#   1]+0.089*[#   5]+0.089*[#   9]+0.089*[#  13]+0.053*[#   2]
          +0.053*[#   3]+0.053*[#   4]+0.053*[#   6]+0.053*[#   7]+0.053*[#   8]
          +0.053*[#  10]+0.053*[#  11]+0.053*[#  12]+0.053*[#  14]+0.053*[#  15]
          +0.053*[#  16]
    |psi|^2 = 0.997
==== e(   2) =     1.80483 eV ==== 
     psi = 0.172*[#   1]+0.106*[#   7]+0.106*[#  12]+0.106*[#  14]+0.057*[#   5]
          +0.057*[#   9]+0.057*[#  13]+0.050*[#   6]+0.050*[#   8]+0.050*[#  10]
          +0.050*[#  11]+0.050*[#  15]+0.050*[#  16]+0.010*[#   2]+0.010*[#   3]
          +0.010*[#   4]
    |psi|^2 = 0.996
==== e(   3) =     1.80483 eV ==== 
     psi = 0.115*[#   5]+0.115*[#   9]+0.115*[#  13]+0.099*[#   2]+0.099*[#   3]
          +0.099*[#   4]+0.058*[#   6]+0.058*[#   8]+0.058*[#  10]+0.058*[#  11]
          +0.058*[#  15]+0.058*[#  16]+0.002*[#   7]+0.002*[#  12]+0.002*[#  14]
          
    |psi|^2 = 0.996
==== e(   4) =     2.88821 eV ==== 
     psi = 0.082*[#   1]+0.082*[#   5]+0.082*[#   9]+0.082*[#  13]+0.056*[#   2]
          +0.056*[#   3]+0.056*[#   4]+0.056*[#   6]+0.056*[#   7]+0.056*[#   8]
          +0.056*[#  10]+0.056*[#  11]+0.056*[#  12]+0.056*[#  14]+0.056*[#  15]
          +0.056*[#  16]
    |psi|^2 = 0.994
==== e(   5) =     5.04479 eV ==== 
     psi = 0.108*[#   1]+0.108*[#   5]+0.108*[#   9]+0.108*[#  13]+0.046*[#   2]
          +0.046*[#   3]+0.046*[#   4]+0.046*[#   6]+0.046*[#   7]+0.046*[#   8]
          +0.046*[#  10]+0.046*[#  11]+0.046*[#  12]+0.046*[#  14]+0.046*[#  15]
          +0.046*[#  16]
    |psi|^2 = 0.983
==== e(   6) =     6.10759 eV ==== 
     psi = 0.219*[#   1]+0.087*[#   7]+0.087*[#  12]+0.087*[#  14]+0.073*[#   5]
          +0.073*[#   9]+0.073*[#  13]+0.068*[#   2]+0.068*[#   3]+0.068*[#   4]
          +0.012*[#   6]+0.012*[#   8]+0.012*[#  10]+0.012*[#  11]+0.012*[#  15]
          +0.012*[#  16]
    |psi|^2 = 0.975
==== e(   7) =     6.10760 eV ==== 
     psi = 0.146*[#   5]+0.146*[#   9]+0.146*[#  13]+0.077*[#   6]+0.077*[#   8]
          +0.077*[#  10]+0.077*[#  11]+0.077*[#  15]+0.077*[#  16]+0.021*[#   2]
          +0.021*[#   3]+0.021*[#   4]+0.003*[#   7]+0.003*[#  12]+0.003*[#  14]
          
    |psi|^2 = 0.975
==== e(   8) =     7.16700 eV ==== 
     psi = 0.123*[#   1]+0.123*[#   5]+0.123*[#   9]+0.123*[#  13]+0.039*[#   2]
          +0.039*[#   3]+0.039*[#   4]+0.039*[#   6]+0.039*[#   7]+0.039*[#   8]
          +0.039*[#  10]+0.039*[#  11]+0.039*[#  12]+0.039*[#  14]+0.039*[#  15]
          +0.039*[#  16]
    |psi|^2 = 0.960
==== e(   9) =    13.59077 eV ==== 
     psi = 0.052*[#   2]+0.052*[#   3]+0.052*[#   4]+0.052*[#   6]+0.052*[#   7]
          +0.052*[#   8]+0.052*[#  10]+0.052*[#  11]+0.052*[#  12]+0.052*[#  14]
          +0.052*[#  15]+0.052*[#  16]+0.043*[#   1]+0.043*[#   5]+0.043*[#   9]
          +0.043*[#  13]
    |psi|^2 = 0.797
==== e(  10) =    14.57243 eV ==== 
     psi = 0.106*[#   7]+0.106*[#  12]+0.106*[#  14]+0.076*[#   2]+0.076*[#   3]
          +0.076*[#   4]+0.055*[#   1]+0.021*[#   6]+0.021*[#   8]+0.021*[#  10]
          +0.021*[#  11]+0.021*[#  15]+0.021*[#  16]+0.018*[#   5]+0.018*[#   9]
          +0.018*[#  13]
    |psi|^2 = 0.782

 k =   0.2500000000  0.4375000000 -0.5000000000
==== e(   1) =     1.22531 eV ==== 
     psi = 0.176*[#   1]+0.082*[#   6]+0.082*[#   8]+0.082*[#  10]+0.082*[#  11]
          +0.082*[#  15]+0.082*[#  16]+0.059*[#   5]+0.059*[#   9]+0.059*[#  13]
          +0.050*[#   2]+0.050*[#   3]+0.050*[#   4]
    |psi|^2 = 0.996
==== e(   2) =     1.22533 eV ==== 
     psi = 0.117*[#   5]+0.117*[#   9]+0.117*[#  13]+0.107*[#   7]+0.107*[#  12]
          +0.107*[#  14]+0.057*[#   2]+0.057*[#   3]+0.057*[#   4]+0.025*[#   6]
          +0.025*[#   8]+0.025*[#  10]+0.025*[#  11]+0.025*[#  15]+0.025*[#  16]
          
    |psi|^2 = 0.996
==== e(   3) =     2.31419 eV ==== 
     psi = 0.171*[#   1]+0.076*[#   6]+0.076*[#   8]+0.076*[#  10]+0.076*[#  11]
          +0.076*[#  15]+0.076*[#  16]+0.065*[#   2]+0.065*[#   3]+0.065*[#   4]
          +0.057*[#   5]+0.057*[#   9]+0.057*[#  13]
    |psi|^2 = 0.995
==== e(   4) =     2.31421 eV ==== 
     psi = 0.114*[#   5]+0.114*[#   9]+0.114*[#  13]+0.109*[#   7]+0.109*[#  12]
          +0.109*[#  14]+0.044*[#   2]+0.044*[#   3]+0.044*[#   4]+0.033*[#   6]
          +0.033*[#   8]+0.033*[#  10]+0.033*[#  11]+0.033*[#  15]+0.033*[#  16]
          
    |psi|^2 = 0.995
==== e(   5) =     5.54328 eV ==== 
     psi = 0.218*[#   1]+0.076*[#   2]+0.076*[#   3]+0.076*[#   4]+0.073*[#   5]
          +0.073*[#   9]+0.073*[#  13]+0.052*[#   6]+0.052*[#   8]+0.052*[#  10]
          +0.052*[#  11]+0.052*[#  15]+0.052*[#  16]
    |psi|^2 = 0.979
==== e(   6) =     5.54330 eV ==== 
     psi = 0.145*[#   5]+0.145*[#   9]+0.145*[#  13]+0.090*[#   7]+0.090*[#  12]
          +0.090*[#  14]+0.038*[#   6]+0.038*[#   8]+0.038*[#  10]+0.038*[#  11]
          +0.038*[#  15]+0.038*[#  16]+0.014*[#   2]+0.014*[#   3]+0.014*[#   4]
          
    |psi|^2 = 0.979
==== e(   7) =     6.60496 eV ==== 
     psi = 0.235*[#   1]+0.078*[#   5]+0.078*[#   9]+0.078*[#  13]+0.076*[#   2]
          +0.076*[#   3]+0.076*[#   4]+0.045*[#   6]+0.045*[#   8]+0.045*[#  10]
          +0.045*[#  11]+0.045*[#  15]+0.045*[#  16]
    |psi|^2 = 0.968
==== e(   8) =     6.60499 eV ==== 
     psi = 0.156*[#   5]+0.156*[#   9]+0.156*[#  13]+0.083*[#   7]+0.083*[#  12]
          +0.083*[#  14]+0.038*[#   6]+0.038*[#   8]+0.038*[#  10]+0.038*[#  11]
          +0.038*[#  15]+0.038*[#  16]+0.007*[#   2]+0.007*[#   3]+0.007*[#   4]
          
    |psi|^2 = 0.968
==== e(   9) =    14.05751 eV ==== 
     psi = 0.082*[#   2]+0.082*[#   3]+0.082*[#   4]+0.074*[#   1]+0.066*[#   6]
          +0.066*[#   8]+0.066*[#  10]+0.066*[#  11]+0.066*[#  15]+0.066*[#  16]
          +0.025*[#   5]+0.025*[#   9]+0.025*[#  13]
    |psi|^2 = 0.793
==== e(  10) =    14.05754 eV ==== 
     psi = 0.108*[#   7]+0.108*[#  12]+0.108*[#  14]+0.049*[#   5]+0.049*[#   9]
          +0.049*[#  13]+0.041*[#   6]+0.041*[#   8]+0.041*[#  10]+0.041*[#  11]
          +0.041*[#  15]+0.041*[#  16]+0.025*[#   2]+0.025*[#   3]+0.025*[#   4]
          
    |psi|^2 = 0.793

 k =   0.2500000000 -0.5000000000 -0.5000000000
==== e(   1) =     1.73699 eV ==== 
     psi = 0.350*[#   1]+0.100*[#   6]+0.100*[#   8]+0.100*[#  10]+0.100*[#  11]
          +0.100*[#  15]+0.100*[#  16]+0.015*[#   2]+0.015*[#   3]+0.015*[#   4]
          
    |psi|^2 = 0.996
==== e(   2) =     1.73701 eV ==== 
     psi = 0.117*[#   5]+0.117*[#   9]+0.117*[#  13]+0.100*[#   2]+0.100*[#   3]
          +0.100*[#   4]+0.058*[#   6]+0.058*[#   8]+0.058*[#  10]+0.058*[#  11]
          +0.058*[#  15]+0.058*[#  16]
    |psi|^2 = 0.996
==== e(   3) =     1.73701 eV ==== 
     psi = 0.117*[#   5]+0.117*[#   9]+0.117*[#  13]+0.100*[#   2]+0.100*[#   3]
          +0.100*[#   4]+0.058*[#   6]+0.058*[#   8]+0.058*[#  10]+0.058*[#  11]
          +0.058*[#  15]+0.058*[#  16]
    |psi|^2 = 0.996
==== e(   4) =     1.73703 eV ==== 
     psi = 0.215*[#   7]+0.215*[#  12]+0.215*[#  14]+0.117*[#   5]+0.117*[#   9]
          +0.117*[#  13]
    |psi|^2 = 0.996
==== e(   5) =     6.04159 eV ==== 
     psi = 0.456*[#   1]+0.131*[#   2]+0.131*[#   3]+0.131*[#   4]+0.021*[#   6]
          +0.021*[#   8]+0.021*[#  10]+0.021*[#  11]+0.021*[#  15]+0.021*[#  16]
          
    |psi|^2 = 0.974
==== e(   6) =     6.04162 eV ==== 
     psi = 0.152*[#   5]+0.152*[#   9]+0.152*[#  13]+0.076*[#   6]+0.076*[#   8]
          +0.076*[#  10]+0.076*[#  11]+0.076*[#  15]+0.076*[#  16]+0.021*[#   2]
          +0.021*[#   3]+0.021*[#   4]
    |psi|^2 = 0.974
==== e(   7) =     6.04162 eV ==== 
     psi = 0.152*[#   5]+0.152*[#   9]+0.152*[#  13]+0.076*[#   6]+0.076*[#   8]
          +0.076*[#  10]+0.076*[#  11]+0.076*[#  15]+0.076*[#  16]+0.021*[#   2]
          +0.021*[#   3]+0.021*[#   4]
    |psi|^2 = 0.974
==== e(   8) =     6.04164 eV ==== 
     psi = 0.173*[#   7]+0.173*[#  12]+0.173*[#  14]+0.152*[#   5]+0.152*[#   9]
          +0.152*[#  13]
    |psi|^2 = 0.974
==== e(   9) =    14.52419 eV ==== 
     psi = 0.143*[#   2]+0.143*[#   3]+0.143*[#   4]+0.133*[#   1]+0.037*[#   6]
          +0.037*[#   8]+0.037*[#  10]+0.037*[#  11]+0.037*[#  15]+0.037*[#  16]
          
    |psi|^2 = 0.786
==== e(  10) =    14.52422 eV ==== 
     psi = 0.090*[#   6]+0.090*[#   8]+0.090*[#  10]+0.090*[#  11]+0.090*[#  15]
          +0.090*[#  16]+0.045*[#   5]+0.045*[#   9]+0.045*[#  13]+0.036*[#   2]
          +0.036*[#   3]+0.036*[#   4]
    |psi|^2 = 0.786

 k =   0.3125000000  0.3125000000  0.3125000000
==== e(   1) =    -0.63264 eV ==== 
     psi = 0.095*[#   1]+0.095*[#   5]+0.095*[#   9]+0.095*[#  13]+0.051*[#   2]
          +0.051*[#   3]+0.051*[#   4]+0.051*[#   6]+0.051*[#   7]+0.051*[#   8]
          +0.051*[#  10]+0.051*[#  11]+0.051*[#  12]+0.051*[#  14]+0.051*[#  15]
          +0.051*[#  16]
    |psi|^2 = 0.998
==== e(   2) =     2.64995 eV ==== 
     psi = 0.238*[#   1]+0.137*[#   7]+0.137*[#  12]+0.137*[#  14]+0.043*[#   6]
          +0.043*[#   8]+0.043*[#  10]+0.043*[#  11]+0.043*[#  15]+0.043*[#  16]
          +0.026*[#   5]+0.026*[#   9]+0.026*[#  13]+0.002*[#   2]+0.002*[#   3]
          +0.002*[#   4]
    |psi|^2 = 0.995
==== e(   3) =     2.64996 eV ==== 
     psi = 0.106*[#   5]+0.106*[#   9]+0.106*[#  13]+0.084*[#   2]+0.084*[#   3]
          +0.084*[#   4]+0.063*[#   6]+0.063*[#   8]+0.063*[#  10]+0.063*[#  11]
          +0.063*[#  15]+0.063*[#  16]+0.016*[#   7]+0.016*[#  12]+0.016*[#  14]
          
    |psi|^2 = 0.995
==== e(   4) =     2.64996 eV ==== 
     psi = 0.106*[#   5]+0.106*[#   9]+0.106*[#  13]+0.084*[#   2]+0.084*[#   3]
          +0.084*[#   4]+0.063*[#   6]+0.063*[#   8]+0.063*[#  10]+0.063*[#  11]
          +0.063*[#  15]+0.063*[#  16]+0.016*[#   7]+0.016*[#  12]+0.016*[#  14]
          
    |psi|^2 = 0.995
==== e(   5) =     5.87678 eV ==== 
     psi = 0.278*[#   1]+0.112*[#   7]+0.112*[#  12]+0.112*[#  14]+0.091*[#   2]
          +0.091*[#   3]+0.091*[#   4]+0.031*[#   5]+0.031*[#   9]+0.031*[#  13]
          
    |psi|^2 = 0.980
==== e(   6) =     5.87678 eV ==== 
     psi = 0.124*[#   5]+0.124*[#   9]+0.124*[#  13]+0.076*[#   6]+0.076*[#   8]
          +0.076*[#  10]+0.076*[#  11]+0.076*[#  15]+0.076*[#  16]+0.031*[#   2]
          +0.031*[#   3]+0.031*[#   4]+0.020*[#   7]+0.020*[#  12]+0.020*[#  14]
          
    |psi|^2 = 0.980
==== e(   7) =     5.87678 eV ==== 
     psi = 0.124*[#   5]+0.124*[#   9]+0.124*[#  13]+0.076*[#   6]+0.076*[#   8]
          +0.076*[#  10]+0.076*[#  11]+0.076*[#  15]+0.076*[#  16]+0.031*[#   2]
          +0.031*[#   3]+0.031*[#   4]+0.020*[#   7]+0.020*[#  12]+0.020*[#  14]
          
    |psi|^2 = 0.980
==== e(   8) =     9.04000 eV ==== 
     psi = 0.141*[#   1]+0.141*[#   5]+0.141*[#   9]+0.141*[#  13]+0.030*[#   2]
          +0.030*[#   3]+0.030*[#   4]+0.030*[#   6]+0.030*[#   7]+0.030*[#   8]
          +0.030*[#  10]+0.030*[#  11]+0.030*[#  12]+0.030*[#  14]+0.030*[#  15]
          +0.030*[#  16]
    |psi|^2 = 0.921
==== e(   9) =    13.36941 eV ==== 
     psi = 0.137*[#   1]+0.103*[#   2]+0.103*[#   3]+0.103*[#   4]+0.033*[#   6]
          +0.033*[#   8]+0.033*[#  10]+0.033*[#  11]+0.033*[#  15]+0.033*[#  16]
          +0.024*[#   5]+0.024*[#   9]+0.024*[#  13]+0.008*[#   7]+0.008*[#  12]
          +0.008*[#  14]
    |psi|^2 = 0.739
==== e(  10) =    13.36941 eV ==== 
     psi = 0.069*[#   5]+0.069*[#   9]+0.069*[#  13]+0.066*[#   7]+0.066*[#  12]
          +0.066*[#  14]+0.051*[#   6]+0.051*[#   8]+0.051*[#  10]+0.051*[#  11]
          +0.051*[#  15]+0.051*[#  16]+0.008*[#   2]+0.008*[#   3]+0.008*[#   4]
          
    |psi|^2 = 0.739

 k =   0.3125000000  0.3125000000  0.3750000000
==== e(   1) =    -0.25218 eV ==== 
     psi = 0.093*[#   1]+0.093*[#   5]+0.093*[#   9]+0.093*[#  13]+0.052*[#   2]
          +0.052*[#   3]+0.052*[#   4]+0.052*[#   6]+0.052*[#   7]+0.052*[#   8]
          +0.052*[#  10]+0.052*[#  11]+0.052*[#  12]+0.052*[#  14]+0.052*[#  15]
          +0.052*[#  16]
    |psi|^2 = 0.998
==== e(   2) =     1.94002 eV ==== 
     psi = 0.084*[#   1]+0.084*[#   5]+0.084*[#   9]+0.084*[#  13]+0.055*[#   2]
          +0.055*[#   3]+0.055*[#   4]+0.055*[#   6]+0.055*[#   7]+0.055*[#   8]
          +0.055*[#  10]+0.055*[#  11]+0.055*[#  12]+0.055*[#  14]+0.055*[#  15]
          +0.055*[#  16]
    |psi|^2 = 0.996
==== e(   3) =     3.02060 eV ==== 
     psi = 0.159*[#   1]+0.097*[#   7]+0.097*[#  12]+0.097*[#  14]+0.053*[#   5]
          +0.053*[#   9]+0.053*[#  13]+0.047*[#   6]+0.047*[#   8]+0.047*[#  10]
          +0.047*[#  11]+0.047*[#  15]+0.047*[#  16]+0.035*[#   2]+0.035*[#   3]
          +0.035*[#   4]
    |psi|^2 = 0.994
==== e(   4) =     3.02060 eV ==== 
     psi = 0.106*[#   5]+0.106*[#   9]+0.106*[#  13]+0.078*[#   2]+0.078*[#   3]
          +0.078*[#   4]+0.066*[#   6]+0.066*[#   8]+0.066*[#  10]+0.066*[#  11]
          +0.066*[#  15]+0.066*[#  16]+0.016*[#   7]+0.016*[#  12]+0.016*[#  14]
          
    |psi|^2 = 0.994
==== e(   5) =     5.18185 eV ==== 
     psi = 0.203*[#   1]+0.075*[#   7]+0.075*[#  12]+0.075*[#  14]+0.068*[#   5]
          +0.068*[#   9]+0.068*[#  13]+0.062*[#   2]+0.062*[#   3]+0.062*[#   4]
          +0.028*[#   6]+0.028*[#   8]+0.028*[#  10]+0.028*[#  11]+0.028*[#  15]
          +0.028*[#  16]
    |psi|^2 = 0.984
==== e(   6) =     5.18185 eV ==== 
     psi = 0.135*[#   5]+0.135*[#   9]+0.135*[#  13]+0.068*[#   6]+0.068*[#   8]
          +0.068*[#  10]+0.068*[#  11]+0.068*[#  15]+0.068*[#  16]+0.035*[#   2]
          +0.035*[#   3]+0.035*[#   4]+0.022*[#   7]+0.022*[#  12]+0.022*[#  14]
          
    |psi|^2 = 0.984
==== e(   7) =     6.24194 eV ==== 
     psi = 0.101*[#   1]+0.101*[#   5]+0.101*[#   9]+0.101*[#  13]+0.047*[#   2]
          +0.047*[#   3]+0.047*[#   4]+0.047*[#   6]+0.047*[#   7]+0.047*[#   8]
          +0.047*[#  10]+0.047*[#  11]+0.047*[#  12]+0.047*[#  14]+0.047*[#  15]
          +0.047*[#  16]
    |psi|^2 = 0.976
==== e(   8) =     8.35422 eV ==== 
     psi = 0.140*[#   1]+0.140*[#   5]+0.140*[#   9]+0.140*[#  13]+0.031*[#   2]
          +0.031*[#   3]+0.031*[#   4]+0.031*[#   6]+0.031*[#   7]+0.031*[#   8]
          +0.031*[#  10]+0.031*[#  11]+0.031*[#  12]+0.031*[#  14]+0.031*[#  15]
          +0.031*[#  16]
    |psi|^2 = 0.936
==== e(   9) =    13.71332 eV ==== 
     psi = 0.086*[#   1]+0.081*[#   2]+0.081*[#   3]+0.081*[#   4]+0.038*[#   7]
          +0.038*[#  12]+0.038*[#  14]+0.035*[#   6]+0.035*[#   8]+0.035*[#  10]
          +0.035*[#  11]+0.035*[#  15]+0.035*[#  16]+0.029*[#   5]+0.029*[#   9]
          +0.029*[#  13]
    |psi|^2 = 0.741
==== e(  10) =    13.71332 eV ==== 
     psi = 0.060*[#   6]+0.060*[#   8]+0.060*[#  10]+0.060*[#  11]+0.060*[#  15]
          +0.060*[#  16]+0.057*[#   5]+0.057*[#   9]+0.057*[#  13]+0.057*[#   7]
          +0.057*[#  12]+0.057*[#  14]+0.014*[#   2]+0.014*[#   3]+0.014*[#   4]
          
    |psi|^2 = 0.741

 k =   0.3125000000  0.3125000000  0.4375000000
==== e(   1) =     0.19616 eV ==== 
     psi = 0.091*[#   1]+0.091*[#   5]+0.091*[#   9]+0.091*[#  13]+0.053*[#   2]
          +0.053*[#   3]+0.053*[#   4]+0.053*[#   6]+0.053*[#   7]+0.053*[#   8]
          +0.053*[#  10]+0.053*[#  11]+0.053*[#  12]+0.053*[#  14]+0.053*[#  15]
          +0.053*[#  16]
    |psi|^2 = 0.997
==== e(   2) =     1.29332 eV ==== 
     psi = 0.086*[#   1]+0.086*[#   5]+0.086*[#   9]+0.086*[#  13]+0.054*[#   2]
          +0.054*[#   3]+0.054*[#   4]+0.054*[#   6]+0.054*[#   7]+0.054*[#   8]
          +0.054*[#  10]+0.054*[#  11]+0.054*[#  12]+0.054*[#  14]+0.054*[#  15]
          +0.054*[#  16]
    |psi|^2 = 0.997
==== e(   3) =     3.45389 eV ==== 
     psi = 0.097*[#   5]+0.097*[#   9]+0.097*[#  13]+0.075*[#   2]+0.075*[#   3]
          +0.075*[#   4]+0.072*[#   6]+0.072*[#   8]+0.072*[#  10]+0.072*[#  11]
          +0.072*[#  15]+0.072*[#  16]+0.015*[#   7]+0.015*[#  12]+0.015*[#  14]
          
    |psi|^2 = 0.993
==== e(   4) =     3.45389 eV ==== 
     psi = 0.145*[#   1]+0.102*[#   7]+0.102*[#  12]+0.102*[#  14]+0.048*[#   5]
          +0.048*[#   9]+0.048*[#  13]+0.045*[#   6]+0.045*[#   8]+0.045*[#  10]
          +0.045*[#  11]+0.045*[#  15]+0.045*[#  16]+0.042*[#   2]+0.042*[#   3]
          +0.042*[#   4]
    |psi|^2 = 0.993
==== e(   5) =     4.55335 eV ==== 
     psi = 0.226*[#   1]+0.075*[#   5]+0.075*[#   9]+0.075*[#  13]+0.065*[#   7]
          +0.065*[#  12]+0.065*[#  14]+0.053*[#   2]+0.053*[#   3]+0.053*[#   4]
          +0.030*[#   6]+0.030*[#   8]+0.030*[#  10]+0.030*[#  11]+0.030*[#  15]
          +0.030*[#  16]
    |psi|^2 = 0.986
==== e(   6) =     4.55336 eV ==== 
     psi = 0.151*[#   5]+0.151*[#   9]+0.151*[#  13]+0.059*[#   6]+0.059*[#   8]
          +0.059*[#  10]+0.059*[#  11]+0.059*[#  15]+0.059*[#  16]+0.036*[#   2]
          +0.036*[#   3]+0.036*[#   4]+0.024*[#   7]+0.024*[#  12]+0.024*[#  14]
          
    |psi|^2 = 0.986
==== e(   7) =     6.67311 eV ==== 
     psi = 0.112*[#   1]+0.112*[#   5]+0.112*[#   9]+0.112*[#  13]+0.043*[#   2]
          +0.043*[#   3]+0.043*[#   4]+0.043*[#   6]+0.043*[#   7]+0.043*[#   8]
          +0.043*[#  10]+0.043*[#  11]+0.043*[#  12]+0.043*[#  14]+0.043*[#  15]
          +0.043*[#  16]
    |psi|^2 = 0.969
==== e(   8) =     7.73021 eV ==== 
     psi = 0.133*[#   1]+0.133*[#   5]+0.133*[#   9]+0.133*[#  13]+0.035*[#   2]
          +0.035*[#   3]+0.035*[#   4]+0.035*[#   6]+0.035*[#   7]+0.035*[#   8]
          +0.035*[#  10]+0.035*[#  11]+0.035*[#  12]+0.035*[#  14]+0.035*[#  15]
          +0.035*[#  16]
    |psi|^2 = 0.949
==== e(   9) =    14.10242 eV ==== 
     psi = 0.071*[#   6]+0.071*[#   8]+0.071*[#  10]+0.071*[#  11]+0.071*[#  15]
          +0.071*[#  16]+0.042*[#   7]+0.042*[#  12]+0.042*[#  14]+0.038*[#   5]
          +0.038*[#   9]+0.038*[#  13]+0.021*[#   2]+0.021*[#   3]+0.021*[#   4]
          
    |psi|^2 = 0.728
==== e(  10) =    14.10242 eV ==== 
     psi = 0.081*[#   2]+0.081*[#   3]+0.081*[#   4]+0.060*[#   7]+0.060*[#  12]
          +0.060*[#  14]+0.057*[#   1]+0.032*[#   6]+0.032*[#   8]+0.032*[#  10]
          +0.032*[#  11]+0.032*[#  15]+0.032*[#  16]+0.019*[#   5]+0.019*[#   9]
          +0.019*[#  13]
    |psi|^2 = 0.728

 k =   0.3125000000  0.3125000000 -0.5000000000
==== e(   1) =     0.71161 eV ==== 
     psi = 0.178*[#   1]+0.086*[#   6]+0.086*[#   8]+0.086*[#  10]+0.086*[#  11]
          +0.086*[#  15]+0.086*[#  16]+0.059*[#   5]+0.059*[#   9]+0.059*[#  13]
          +0.041*[#   2]+0.041*[#   3]+0.041*[#   4]
    |psi|^2 = 0.997
==== e(   2) =     0.71163 eV ==== 
     psi = 0.119*[#   5]+0.119*[#   9]+0.119*[#  13]+0.107*[#   7]+0.107*[#  12]
          +0.107*[#  14]+0.066*[#   2]+0.066*[#   3]+0.066*[#   4]+0.021*[#   6]
          +0.021*[#   8]+0.021*[#  10]+0.021*[#  11]+0.021*[#  15]+0.021*[#  16]
          
    |psi|^2 = 0.997
==== e(   3) =     3.85693 eV ==== 
     psi = 0.111*[#   6]+0.111*[#   8]+0.111*[#  10]+0.111*[#  11]+0.111*[#  15]
          +0.111*[#  16]+0.110*[#   2]+0.110*[#   3]+0.110*[#   4]
    |psi|^2 = 0.998
==== e(   4) =     3.85695 eV ==== 
     psi = 0.166*[#   7]+0.166*[#  12]+0.166*[#  14]+0.056*[#   2]+0.056*[#   3]
          +0.056*[#   4]+0.055*[#   6]+0.055*[#   8]+0.055*[#  10]+0.055*[#  11]
          +0.055*[#  15]+0.055*[#  16]
    |psi|^2 = 0.998
==== e(   5) =     4.08514 eV ==== 
     psi = 0.375*[#   1]+0.125*[#   5]+0.125*[#   9]+0.125*[#  13]+0.039*[#   2]
          +0.039*[#   3]+0.039*[#   4]+0.019*[#   6]+0.019*[#   8]+0.019*[#  10]
          +0.019*[#  11]+0.019*[#  15]+0.019*[#  16]
    |psi|^2 = 0.982
==== e(   6) =     4.08516 eV ==== 
     psi = 0.250*[#   5]+0.250*[#   9]+0.250*[#  13]+0.039*[#   7]+0.039*[#  12]
          +0.039*[#  14]+0.019*[#   6]+0.019*[#   8]+0.019*[#  10]+0.019*[#  11]
          +0.019*[#  15]+0.019*[#  16]
    |psi|^2 = 0.982
==== e(   7) =     7.16947 eV ==== 
     psi = 0.246*[#   1]+0.082*[#   5]+0.082*[#   9]+0.082*[#  13]+0.074*[#   2]
          +0.074*[#   3]+0.074*[#   4]+0.041*[#   6]+0.041*[#   8]+0.041*[#  10]
          +0.041*[#  11]+0.041*[#  15]+0.041*[#  16]
    |psi|^2 = 0.960
==== e(   8) =     7.16949 eV ==== 
     psi = 0.164*[#   5]+0.164*[#   9]+0.164*[#  13]+0.078*[#   7]+0.078*[#  12]
          +0.078*[#  14]+0.037*[#   6]+0.037*[#   8]+0.037*[#  10]+0.037*[#  11]
          +0.037*[#  15]+0.037*[#  16]+0.004*[#   2]+0.004*[#   3]+0.004*[#   4]
          
    |psi|^2 = 0.960
==== e(   9) =    14.41092 eV ==== 
     psi = 0.088*[#   6]+0.088*[#   8]+0.088*[#  10]+0.088*[#  11]+0.088*[#  15]
          +0.088*[#  16]+0.037*[#   2]+0.037*[#   3]+0.037*[#   4]
    |psi|^2 = 0.642
==== e(  10) =    14.41094 eV ==== 
     psi = 0.107*[#   7]+0.107*[#  12]+0.107*[#  14]+0.070*[#   2]+0.070*[#   3]
          +0.070*[#   4]+0.018*[#   6]+0.018*[#   8]+0.018*[#  10]+0.018*[#  11]
          +0.018*[#  15]+0.018*[#  16]
    |psi|^2 = 0.642

 k =   0.3125000000  0.3750000000  0.3750000000
==== e(   1) =     0.12732 eV ==== 
     psi = 0.093*[#   1]+0.093*[#   5]+0.093*[#   9]+0.093*[#  13]+0.052*[#   2]
          +0.052*[#   3]+0.052*[#   4]+0.052*[#   6]+0.052*[#   7]+0.052*[#   8]
          +0.052*[#  10]+0.052*[#  11]+0.052*[#  12]+0.052*[#  14]+0.052*[#  15]
          +0.052*[#  16]
    |psi|^2 = 0.997
==== e(   2) =     2.31344 eV ==== 
     psi = 0.171*[#   1]+0.100*[#   7]+0.100*[#  12]+0.100*[#  14]+0.057*[#   5]
          +0.057*[#   9]+0.057*[#  13]+0.048*[#   6]+0.048*[#   8]+0.048*[#  10]
          +0.048*[#  11]+0.048*[#  15]+0.048*[#  16]+0.021*[#   2]+0.021*[#   3]
          +0.021*[#   4]
    |psi|^2 = 0.995
==== e(   3) =     2.31344 eV ==== 
     psi = 0.114*[#   5]+0.114*[#   9]+0.114*[#  13]+0.088*[#   2]+0.088*[#   3]
          +0.088*[#   4]+0.061*[#   6]+0.061*[#   8]+0.061*[#  10]+0.061*[#  11]
          +0.061*[#  15]+0.061*[#  16]+0.008*[#   7]+0.008*[#  12]+0.008*[#  14]
          
    |psi|^2 = 0.995
==== e(   4) =     3.38687 eV ==== 
     psi = 0.075*[#   1]+0.075*[#   5]+0.075*[#   9]+0.075*[#  13]+0.058*[#   2]
          +0.058*[#   3]+0.058*[#   4]+0.058*[#   6]+0.058*[#   7]+0.058*[#   8]
          +0.058*[#  10]+0.058*[#  11]+0.058*[#  12]+0.058*[#  14]+0.058*[#  15]
          +0.058*[#  16]
    |psi|^2 = 0.993
==== e(   5) =     4.48747 eV ==== 
     psi = 0.116*[#   1]+0.116*[#   5]+0.116*[#   9]+0.116*[#  13]+0.044*[#   2]
          +0.044*[#   3]+0.044*[#   4]+0.044*[#   6]+0.044*[#   7]+0.044*[#   8]
          +0.044*[#  10]+0.044*[#  11]+0.044*[#  12]+0.044*[#  14]+0.044*[#  15]
          +0.044*[#  16]
    |psi|^2 = 0.986
==== e(   6) =     5.54716 eV ==== 
     psi = 0.217*[#   1]+0.080*[#   7]+0.080*[#  12]+0.080*[#  14]+0.072*[#   5]
          +0.072*[#   9]+0.072*[#  13]+0.063*[#   2]+0.063*[#   3]+0.063*[#   4]
          +0.019*[#   6]+0.019*[#   8]+0.019*[#  10]+0.019*[#  11]+0.019*[#  15]
          +0.019*[#  16]
    |psi|^2 = 0.980
==== e(   7) =     5.54717 eV ==== 
     psi = 0.145*[#   5]+0.145*[#   9]+0.145*[#  13]+0.072*[#   6]+0.072*[#   8]
          +0.072*[#  10]+0.072*[#  11]+0.072*[#  15]+0.072*[#  16]+0.028*[#   2]
          +0.028*[#   3]+0.028*[#   4]+0.011*[#   7]+0.011*[#  12]+0.011*[#  14]
          
    |psi|^2 = 0.980
==== e(   8) =     7.66612 eV ==== 
     psi = 0.142*[#   1]+0.142*[#   5]+0.142*[#   9]+0.142*[#  13]+0.032*[#   2]
          +0.032*[#   3]+0.032*[#   4]+0.032*[#   6]+0.032*[#   7]+0.032*[#   8]
          +0.032*[#  10]+0.032*[#  11]+0.032*[#  12]+0.032*[#  14]+0.032*[#  15]
          +0.032*[#  16]
    |psi|^2 = 0.947
==== e(   9) =    14.06306 eV ==== 
     psi = 0.049*[#   2]+0.049*[#   3]+0.049*[#   4]+0.049*[#   6]+0.049*[#   7]
          +0.049*[#   8]+0.049*[#  10]+0.049*[#  11]+0.049*[#  12]+0.049*[#  14]
          +0.049*[#  15]+0.049*[#  16]+0.039*[#   1]+0.039*[#   5]+0.039*[#   9]
          +0.039*[#  13]
    |psi|^2 = 0.742
==== e(  10) =    15.05650 eV ==== 
     psi = 0.064*[#   7]+0.064*[#  12]+0.064*[#  14]+0.046*[#   6]+0.046*[#   8]
          +0.046*[#  10]+0.046*[#  11]+0.046*[#  15]+0.046*[#  16]+0.033*[#   5]
          +0.033*[#   9]+0.033*[#  13]+0.025*[#   2]+0.025*[#   3]+0.025*[#   4]
          +0.015*[#   1]
    |psi|^2 = 0.657

 k =   0.3125000000  0.3750000000  0.4375000000
==== e(   1) =     0.57448 eV ==== 
     psi = 0.093*[#   1]+0.093*[#   5]+0.093*[#   9]+0.093*[#  13]+0.052*[#   2]
          +0.052*[#   3]+0.052*[#   4]+0.052*[#   6]+0.052*[#   7]+0.052*[#   8]
          +0.052*[#  10]+0.052*[#  11]+0.052*[#  12]+0.052*[#  14]+0.052*[#  15]
          +0.052*[#  16]
    |psi|^2 = 0.997
==== e(   2) =     1.66869 eV ==== 
     psi = 0.089*[#   1]+0.089*[#   5]+0.089*[#   9]+0.089*[#  13]+0.053*[#   2]
          +0.053*[#   3]+0.053*[#   4]+0.053*[#   6]+0.053*[#   7]+0.053*[#   8]
          +0.053*[#  10]+0.053*[#  11]+0.053*[#  12]+0.053*[#  14]+0.053*[#  15]
          +0.053*[#  16]
    |psi|^2 = 0.996
==== e(   3) =     2.75279 eV ==== 
     psi = 0.085*[#   1]+0.085*[#   5]+0.085*[#   9]+0.085*[#  13]+0.054*[#   2]
          +0.054*[#   3]+0.054*[#   4]+0.054*[#   6]+0.054*[#   7]+0.054*[#   8]
          +0.054*[#  10]+0.054*[#  11]+0.054*[#  12]+0.054*[#  14]+0.054*[#  15]
          +0.054*[#  16]
    |psi|^2 = 0.994
==== e(   4) =     3.72658 eV ==== 
     psi = 0.083*[#   2]+0.083*[#   3]+0.083*[#   4]+0.083*[#   6]+0.083*[#   7]
          +0.083*[#   8]+0.083*[#  10]+0.083*[#  11]+0.083*[#  12]+0.083*[#  14]
          +0.083*[#  15]+0.083*[#  16]
    |psi|^2 = 0.998
==== e(   5) =     3.94888 eV ==== 
     psi = 0.197*[#   1]+0.197*[#   5]+0.197*[#   9]+0.197*[#  13]+0.016*[#   2]
          +0.016*[#   3]+0.016*[#   4]+0.016*[#   6]+0.016*[#   7]+0.016*[#   8]
          +0.016*[#  10]+0.016*[#  11]+0.016*[#  12]+0.016*[#  14]+0.016*[#  15]
          +0.016*[#  16]
    |psi|^2 = 0.981
==== e(   6) =     4.91579 eV ==== 
     psi = 0.114*[#   1]+0.114*[#   5]+0.114*[#   9]+0.114*[#  13]+0.044*[#   2]
          +0.044*[#   3]+0.044*[#   4]+0.044*[#   6]+0.044*[#   7]+0.044*[#   8]
          +0.044*[#  10]+0.044*[#  11]+0.044*[#  12]+0.044*[#  14]+0.044*[#  15]
          +0.044*[#  16]
    |psi|^2 = 0.983
==== e(   7) =     5.97943 eV ==== 
     psi = 0.118*[#   1]+0.118*[#   5]+0.118*[#   9]+0.118*[#  13]+0.042*[#   2]
          +0.042*[#   3]+0.042*[#   4]+0.042*[#   6]+0.042*[#   7]+0.042*[#   8]
          +0.042*[#  10]+0.042*[#  11]+0.042*[#  12]+0.042*[#  14]+0.042*[#  15]
          +0.042*[#  16]
    |psi|^2 = 0.974
==== e(   8) =     7.03997 eV ==== 
     psi = 0.137*[#   1]+0.137*[#   5]+0.137*[#   9]+0.137*[#  13]+0.034*[#   2]
          +0.034*[#   3]+0.034*[#   4]+0.034*[#   6]+0.034*[#   7]+0.034*[#   8]
          +0.034*[#  10]+0.034*[#  11]+0.034*[#  12]+0.034*[#  14]+0.034*[#  15]
          +0.034*[#  16]
    |psi|^2 = 0.958
==== e(   9) =    14.46401 eV ==== 
     psi = 0.051*[#   2]+0.051*[#   3]+0.051*[#   4]+0.051*[#   6]+0.051*[#   7]
          +0.051*[#   8]+0.051*[#  10]+0.051*[#  11]+0.051*[#  12]+0.051*[#  14]
          +0.051*[#  15]+0.051*[#  16]+0.032*[#   1]+0.032*[#   5]+0.032*[#   9]
          +0.032*[#  13]
    |psi|^2 = 0.739
==== e(  10) =    15.29565 eV ==== 
     psi = 0.049*[#   2]+0.049*[#   3]+0.049*[#   4]+0.049*[#   6]+0.049*[#   7]
          +0.049*[#   8]+0.049*[#  10]+0.049*[#  11]+0.049*[#  12]+0.049*[#  14]
          +0.049*[#  15]+0.049*[#  16]
    |psi|^2 = 0.594

 k =   0.3125000000  0.3750000000 -0.5000000000
==== e(   1) =     1.08858 eV ==== 
     psi = 0.183*[#   1]+0.082*[#   6]+0.082*[#   8]+0.082*[#  10]+0.082*[#  11]
          +0.082*[#  15]+0.082*[#  16]+0.061*[#   5]+0.061*[#   9]+0.061*[#  13]
          +0.046*[#   2]+0.046*[#   3]+0.046*[#   4]
    |psi|^2 = 0.996
==== e(   2) =     1.08860 eV ==== 
     psi = 0.122*[#   5]+0.122*[#   9]+0.122*[#  13]+0.105*[#   7]+0.105*[#  12]
          +0.105*[#  14]+0.059*[#   2]+0.059*[#   3]+0.059*[#   4]+0.023*[#   6]
          +0.023*[#   8]+0.023*[#  10]+0.023*[#  11]+0.023*[#  15]+0.023*[#  16]
          
    |psi|^2 = 0.996
==== e(   3) =     3.25462 eV ==== 
     psi = 0.155*[#   1]+0.076*[#   6]+0.076*[#   8]+0.076*[#  10]+0.076*[#  11]
          +0.076*[#  15]+0.076*[#  16]+0.076*[#   2]+0.076*[#   3]+0.076*[#   4]
          +0.052*[#   5]+0.052*[#   9]+0.052*[#  13]
    |psi|^2 = 0.993
==== e(   4) =     3.25464 eV ==== 
     psi = 0.114*[#   7]+0.114*[#  12]+0.114*[#  14]+0.104*[#   5]+0.104*[#   9]
          +0.104*[#  13]+0.038*[#   2]+0.038*[#   3]+0.038*[#   4]+0.038*[#   6]
          +0.038*[#   8]+0.038*[#  10]+0.038*[#  11]+0.038*[#  15]+0.038*[#  16]
          
    |psi|^2 = 0.993
==== e(   5) =     4.35214 eV ==== 
     psi = 0.245*[#   1]+0.082*[#   5]+0.082*[#   9]+0.082*[#  13]+0.065*[#   2]
          +0.065*[#   3]+0.065*[#   4]+0.050*[#   6]+0.050*[#   8]+0.050*[#  10]
          +0.050*[#  11]+0.050*[#  15]+0.050*[#  16]
    |psi|^2 = 0.985
==== e(   6) =     4.35217 eV ==== 
     psi = 0.163*[#   5]+0.163*[#   9]+0.163*[#  13]+0.083*[#   7]+0.083*[#  12]
          +0.083*[#  14]+0.032*[#   6]+0.032*[#   8]+0.032*[#  10]+0.032*[#  11]
          +0.032*[#  15]+0.032*[#  16]+0.018*[#   2]+0.018*[#   3]+0.018*[#   4]
          
    |psi|^2 = 0.985
==== e(   7) =     6.47735 eV ==== 
     psi = 0.257*[#   1]+0.086*[#   5]+0.086*[#   9]+0.086*[#  13]+0.070*[#   2]
          +0.070*[#   3]+0.070*[#   4]+0.041*[#   6]+0.041*[#   8]+0.041*[#  10]
          +0.041*[#  11]+0.041*[#  15]+0.041*[#  16]
    |psi|^2 = 0.967
==== e(   8) =     6.47738 eV ==== 
     psi = 0.171*[#   5]+0.171*[#   9]+0.171*[#  13]+0.075*[#   7]+0.075*[#  12]
          +0.075*[#  14]+0.035*[#   6]+0.035*[#   8]+0.035*[#  10]+0.035*[#  11]
          +0.035*[#  15]+0.035*[#  16]+0.006*[#   2]+0.006*[#   3]+0.006*[#   4]
          
    |psi|^2 = 0.967
==== e(   9) =    14.90727 eV ==== 
     psi = 0.072*[#   6]+0.072*[#   8]+0.072*[#  10]+0.072*[#  11]+0.072*[#  15]
          +0.072*[#  16]+0.068*[#   2]+0.068*[#   3]+0.068*[#   4]+0.041*[#   1]
          +0.014*[#   5]+0.014*[#   9]+0.014*[#  13]
    |psi|^2 = 0.721
==== e(  10) =    14.90729 eV ==== 
     psi = 0.107*[#   7]+0.107*[#  12]+0.107*[#  14]+0.038*[#   2]+0.038*[#   3]
          +0.038*[#   4]+0.034*[#   6]+0.034*[#   8]+0.034*[#  10]+0.034*[#  11]
          +0.034*[#  15]+0.034*[#  16]+0.027*[#   5]+0.027*[#   9]+0.027*[#  13]
          
    |psi|^2 = 0.721

 k =   0.3125000000  0.4375000000  0.4375000000
==== e(   1) =     1.02026 eV ==== 
     psi = 0.093*[#   1]+0.093*[#   5]+0.093*[#   9]+0.093*[#  13]+0.052*[#   2]
          +0.052*[#   3]+0.052*[#   4]+0.052*[#   6]+0.052*[#   7]+0.052*[#   8]
          +0.052*[#  10]+0.052*[#  11]+0.052*[#  12]+0.052*[#  14]+0.052*[#  15]
          +0.052*[#  16]
    |psi|^2 = 0.996
==== e(   2) =     2.11082 eV ==== 
     psi = 0.181*[#   1]+0.103*[#   7]+0.103*[#  12]+0.103*[#  14]+0.060*[#   5]
          +0.060*[#   9]+0.060*[#  13]+0.047*[#   6]+0.047*[#   8]+0.047*[#  10]
          +0.047*[#  11]+0.047*[#  15]+0.047*[#  16]+0.014*[#   2]+0.014*[#   3]
          +0.014*[#   4]
    |psi|^2 = 0.995
==== e(   3) =     2.11082 eV ==== 
     psi = 0.121*[#   5]+0.121*[#   9]+0.121*[#  13]+0.091*[#   2]+0.091*[#   3]
          +0.091*[#   4]+0.059*[#   6]+0.059*[#   8]+0.059*[#  10]+0.059*[#  11]
          +0.059*[#  15]+0.059*[#  16]+0.002*[#   7]+0.002*[#  12]+0.002*[#  14]
          
    |psi|^2 = 0.995
==== e(   4) =     3.18805 eV ==== 
     psi = 0.080*[#   1]+0.080*[#   5]+0.080*[#   9]+0.080*[#  13]+0.056*[#   2]
          +0.056*[#   3]+0.056*[#   4]+0.056*[#   6]+0.056*[#   7]+0.056*[#   8]
          +0.056*[#  10]+0.056*[#  11]+0.056*[#  12]+0.056*[#  14]+0.056*[#  15]
          +0.056*[#  16]
    |psi|^2 = 0.993
==== e(   5) =     4.28497 eV ==== 
     psi = 0.126*[#   1]+0.126*[#   5]+0.126*[#   9]+0.126*[#  13]+0.040*[#   2]
          +0.040*[#   3]+0.040*[#   4]+0.040*[#   6]+0.040*[#   7]+0.040*[#   8]
          +0.040*[#  10]+0.040*[#  11]+0.040*[#  12]+0.040*[#  14]+0.040*[#  15]
          +0.040*[#  16]
    |psi|^2 = 0.985
==== e(   6) =     5.34848 eV ==== 
     psi = 0.242*[#   1]+0.081*[#   5]+0.081*[#   9]+0.081*[#  13]+0.079*[#   7]
          +0.079*[#  12]+0.079*[#  14]+0.057*[#   2]+0.057*[#   3]+0.057*[#   4]
          +0.014*[#   6]+0.014*[#   8]+0.014*[#  10]+0.014*[#  11]+0.014*[#  15]
          +0.014*[#  16]
    |psi|^2 = 0.979
==== e(   7) =     5.34849 eV ==== 
     psi = 0.161*[#   5]+0.161*[#   9]+0.161*[#  13]+0.068*[#   6]+0.068*[#   8]
          +0.068*[#  10]+0.068*[#  11]+0.068*[#  15]+0.068*[#  16]+0.026*[#   2]
          +0.026*[#   3]+0.026*[#   4]+0.003*[#   7]+0.003*[#  12]+0.003*[#  14]
          
    |psi|^2 = 0.979
==== e(   8) =     6.41192 eV ==== 
     psi = 0.135*[#   1]+0.135*[#   5]+0.135*[#   9]+0.135*[#  13]+0.035*[#   2]
          +0.035*[#   3]+0.035*[#   4]+0.035*[#   6]+0.035*[#   7]+0.035*[#   8]
          +0.035*[#  10]+0.035*[#  11]+0.035*[#  12]+0.035*[#  14]+0.035*[#  15]
          +0.035*[#  16]
    |psi|^2 = 0.966
==== e(   9) =    14.86875 eV ==== 
     psi = 0.052*[#   2]+0.052*[#   3]+0.052*[#   4]+0.052*[#   6]+0.052*[#   7]
          +0.052*[#   8]+0.052*[#  10]+0.052*[#  11]+0.052*[#  12]+0.052*[#  14]
          +0.052*[#  15]+0.052*[#  16]+0.029*[#   1]+0.029*[#   5]+0.029*[#   9]
          +0.029*[#  13]
    |psi|^2 = 0.738
==== e(  10) =    15.80098 eV ==== 
     psi = 0.083*[#   6]+0.083*[#   8]+0.083*[#  10]+0.083*[#  11]+0.083*[#  15]
          +0.083*[#  16]+0.038*[#   2]+0.038*[#   3]+0.038*[#   4]+0.017*[#   5]
          +0.017*[#   9]+0.017*[#  13]+0.016*[#   7]+0.016*[#  12]+0.016*[#  14]
          +0.002*[#   1]
    |psi|^2 = 0.715

 k =   0.3125000000  0.4375000000 -0.5000000000
==== e(   1) =     1.53271 eV ==== 
     psi = 0.186*[#   1]+0.078*[#   6]+0.078*[#   8]+0.078*[#  10]+0.078*[#  11]
          +0.078*[#  15]+0.078*[#  16]+0.062*[#   5]+0.062*[#   9]+0.062*[#  13]
          +0.052*[#   2]+0.052*[#   3]+0.052*[#   4]
    |psi|^2 = 0.996
==== e(   2) =     1.53273 eV ==== 
     psi = 0.124*[#   5]+0.124*[#   9]+0.124*[#  13]+0.104*[#   7]+0.104*[#  12]
          +0.104*[#  14]+0.053*[#   2]+0.053*[#   3]+0.053*[#   4]+0.026*[#   6]
          +0.026*[#   8]+0.026*[#  10]+0.026*[#  11]+0.026*[#  15]+0.026*[#  16]
          
    |psi|^2 = 0.996
==== e(   3) =     2.61847 eV ==== 
     psi = 0.178*[#   1]+0.073*[#   6]+0.073*[#   8]+0.073*[#  10]+0.073*[#  11]
          +0.073*[#  15]+0.073*[#  16]+0.066*[#   2]+0.066*[#   3]+0.066*[#   4]
          +0.059*[#   5]+0.059*[#   9]+0.059*[#  13]
    |psi|^2 = 0.994
==== e(   4) =     2.61849 eV ==== 
     psi = 0.119*[#   5]+0.119*[#   9]+0.119*[#  13]+0.106*[#   7]+0.106*[#  12]
          +0.106*[#  14]+0.041*[#   2]+0.041*[#   3]+0.041*[#   4]+0.033*[#   6]
          +0.033*[#   8]+0.033*[#  10]+0.033*[#  11]+0.033*[#  15]+0.033*[#  16]
          
    |psi|^2 = 0.994
==== e(   5) =     4.78237 eV ==== 
     psi = 0.243*[#   1]+0.081*[#   5]+0.081*[#   9]+0.081*[#  13]+0.067*[#   2]
          +0.067*[#   3]+0.067*[#   4]+0.050*[#   6]+0.050*[#   8]+0.050*[#  10]
          +0.050*[#  11]+0.050*[#  15]+0.050*[#  16]
    |psi|^2 = 0.982
==== e(   6) =     4.78239 eV ==== 
     psi = 0.162*[#   5]+0.162*[#   9]+0.162*[#  13]+0.083*[#   7]+0.083*[#  12]
          +0.083*[#  14]+0.033*[#   6]+0.033*[#   8]+0.033*[#  10]+0.033*[#  11]
          +0.033*[#  15]+0.033*[#  16]+0.016*[#   2]+0.016*[#   3]+0.016*[#   4]
          
    |psi|^2 = 0.982
==== e(   7) =     5.84766 eV ==== 
     psi = 0.258*[#   1]+0.086*[#   5]+0.086*[#   9]+0.086*[#  13]+0.067*[#   2]
          +0.067*[#   3]+0.067*[#   4]+0.043*[#   6]+0.043*[#   8]+0.043*[#  10]
          +0.043*[#  11]+0.043*[#  15]+0.043*[#  16]
    |psi|^2 = 0.973
==== e(   8) =     5.84768 eV ==== 
     psi = 0.172*[#   5]+0.172*[#   9]+0.172*[#  13]+0.076*[#   7]+0.076*[#  12]
          +0.076*[#  14]+0.034*[#   6]+0.034*[#   8]+0.034*[#  10]+0.034*[#  11]
          +0.034*[#  15]+0.034*[#  16]+0.009*[#   2]+0.009*[#   3]+0.009*[#   4]
          
    |psi|^2 = 0.973
==== e(   9) =    15.31972 eV ==== 
     psi = 0.081*[#   2]+0.081*[#   3]+0.081*[#   4]+0.066*[#   6]+0.066*[#   8]
          +0.066*[#  10]+0.066*[#  11]+0.066*[#  15]+0.066*[#  16]+0.045*[#   1]
          +0.015*[#   5]+0.015*[#   9]+0.015*[#  13]
    |psi|^2 = 0.731
==== e(  10) =    15.31975 eV ==== 
     psi = 0.107*[#   7]+0.107*[#  12]+0.107*[#  14]+0.040*[#   6]+0.040*[#   8]
          +0.040*[#  10]+0.040*[#  11]+0.040*[#  15]+0.040*[#  16]+0.030*[#   5]
          +0.030*[#   9]+0.030*[#  13]+0.026*[#   2]+0.026*[#   3]+0.026*[#   4]
          
    |psi|^2 = 0.731

 k =   0.3125000000 -0.5000000000 -0.5000000000
==== e(   1) =     2.04314 eV ==== 
     psi = 0.370*[#   1]+0.092*[#   6]+0.092*[#   8]+0.092*[#  10]+0.092*[#  11]
          +0.092*[#  15]+0.092*[#  16]+0.024*[#   2]+0.024*[#   3]+0.024*[#   4]
          
    |psi|^2 = 0.995
==== e(   2) =     2.04316 eV ==== 
     psi = 0.123*[#   5]+0.123*[#   9]+0.123*[#  13]+0.092*[#   2]+0.092*[#   3]
          +0.092*[#   4]+0.058*[#   6]+0.058*[#   8]+0.058*[#  10]+0.058*[#  11]
          +0.058*[#  15]+0.058*[#  16]
    |psi|^2 = 0.995
==== e(   3) =     2.04316 eV ==== 
     psi = 0.123*[#   5]+0.123*[#   9]+0.123*[#  13]+0.092*[#   2]+0.092*[#   3]
          +0.092*[#   4]+0.058*[#   6]+0.058*[#   8]+0.058*[#  10]+0.058*[#  11]
          +0.058*[#  15]+0.058*[#  16]
    |psi|^2 = 0.995
==== e(   4) =     2.04318 eV ==== 
     psi = 0.208*[#   7]+0.208*[#  12]+0.208*[#  14]+0.123*[#   5]+0.123*[#   9]
          +0.123*[#  13]
    |psi|^2 = 0.995
==== e(   5) =     5.28209 eV ==== 
     psi = 0.503*[#   1]+0.108*[#   2]+0.108*[#   3]+0.108*[#   4]+0.025*[#   6]
          +0.025*[#   8]+0.025*[#  10]+0.025*[#  11]+0.025*[#  15]+0.025*[#  16]
          
    |psi|^2 = 0.978
==== e(   6) =     5.28212 eV ==== 
     psi = 0.168*[#   5]+0.168*[#   9]+0.168*[#  13]+0.067*[#   6]+0.067*[#   8]
          +0.067*[#  10]+0.067*[#  11]+0.067*[#  15]+0.067*[#  16]+0.025*[#   2]
          +0.025*[#   3]+0.025*[#   4]
    |psi|^2 = 0.978
==== e(   7) =     5.28212 eV ==== 
     psi = 0.168*[#   5]+0.168*[#   9]+0.168*[#  13]+0.067*[#   6]+0.067*[#   8]
          +0.067*[#  10]+0.067*[#  11]+0.067*[#  15]+0.067*[#  16]+0.025*[#   2]
          +0.025*[#   3]+0.025*[#   4]
    |psi|^2 = 0.978
==== e(   8) =     5.28214 eV ==== 
     psi = 0.168*[#   5]+0.168*[#   9]+0.168*[#  13]+0.158*[#   7]+0.158*[#  12]
          +0.158*[#  14]
    |psi|^2 = 0.978
==== e(   9) =    15.77265 eV ==== 
     psi = 0.085*[#   2]+0.085*[#   3]+0.085*[#   4]+0.048*[#   6]+0.048*[#   8]
          +0.048*[#  10]+0.048*[#  11]+0.048*[#  15]+0.048*[#  16]+0.040*[#   1]
          +0.035*[#   7]+0.035*[#  12]+0.035*[#  14]+0.013*[#   5]+0.013*[#   9]
          +0.013*[#  13]
    |psi|^2 = 0.725
==== e(  10) =    15.77267 eV ==== 
     psi = 0.063*[#   6]+0.063*[#   8]+0.063*[#  10]+0.063*[#  11]+0.063*[#  15]
          +0.063*[#  16]+0.062*[#   7]+0.062*[#  12]+0.062*[#  14]+0.028*[#   2]
          +0.028*[#   3]+0.028*[#   4]+0.025*[#   5]+0.025*[#   9]+0.025*[#  13]
          +0.002*[#   1]
    |psi|^2 = 0.725

 k =   0.3750000000  0.3750000000  0.3750000000
==== e(   1) =     0.50583 eV ==== 
     psi = 0.095*[#   1]+0.095*[#   5]+0.095*[#   9]+0.095*[#  13]+0.051*[#   2]
          +0.051*[#   3]+0.051*[#   4]+0.051*[#   6]+0.051*[#   7]+0.051*[#   8]
          +0.051*[#  10]+0.051*[#  11]+0.051*[#  12]+0.051*[#  14]+0.051*[#  15]
          +0.051*[#  16]
    |psi|^2 = 0.997
==== e(   2) =     2.68528 eV ==== 
     psi = 0.262*[#   1]+0.144*[#   7]+0.144*[#  12]+0.144*[#  14]+0.035*[#   6]
          +0.035*[#   8]+0.035*[#  10]+0.035*[#  11]+0.035*[#  15]+0.035*[#  16]
          +0.029*[#   5]+0.029*[#   9]+0.029*[#  13]
    |psi|^2 = 0.994
==== e(   3) =     2.68528 eV ==== 
     psi = 0.116*[#   5]+0.116*[#   9]+0.116*[#  13]+0.081*[#   2]+0.081*[#   3]
          +0.081*[#   4]+0.063*[#   6]+0.063*[#   8]+0.063*[#  10]+0.063*[#  11]
          +0.063*[#  15]+0.063*[#  16]+0.009*[#   7]+0.009*[#  12]+0.009*[#  14]
          
    |psi|^2 = 0.994
==== e(   4) =     2.68528 eV ==== 
     psi = 0.116*[#   5]+0.116*[#   9]+0.116*[#  13]+0.081*[#   2]+0.081*[#   3]
          +0.081*[#   4]+0.063*[#   6]+0.063*[#   8]+0.063*[#  10]+0.063*[#  11]
          +0.063*[#  15]+0.063*[#  16]+0.009*[#   7]+0.009*[#  12]+0.009*[#  14]
          
    |psi|^2 = 0.994
==== e(   5) =     4.85023 eV ==== 
     psi = 0.351*[#   1]+0.105*[#   7]+0.105*[#  12]+0.105*[#  14]+0.063*[#   2]
          +0.063*[#   3]+0.063*[#   4]+0.039*[#   5]+0.039*[#   9]+0.039*[#  13]
          +0.001*[#   6]+0.001*[#   8]+0.001*[#  10]+0.001*[#  11]+0.001*[#  15]
          +0.001*[#  16]
    |psi|^2 = 0.983
==== e(   6) =     4.85024 eV ==== 
     psi = 0.156*[#   5]+0.156*[#   9]+0.156*[#  13]+0.064*[#   6]+0.064*[#   8]
          +0.064*[#  10]+0.064*[#  11]+0.064*[#  15]+0.064*[#  16]+0.033*[#   2]
          +0.033*[#   3]+0.033*[#   4]+0.012*[#   7]+0.012*[#  12]+0.012*[#  14]
          
    |psi|^2 = 0.983
==== e(   7) =     4.85024 eV ==== 
     psi = 0.156*[#   5]+0.156*[#   9]+0.156*[#  13]+0.064*[#   6]+0.064*[#   8]
          +0.064*[#  10]+0.064*[#  11]+0.064*[#  15]+0.064*[#  16]+0.033*[#   2]
          +0.033*[#   3]+0.033*[#   4]+0.012*[#   7]+0.012*[#  12]+0.012*[#  14]
          
    |psi|^2 = 0.983
==== e(   8) =     6.97557 eV ==== 
     psi = 0.146*[#   1]+0.146*[#   5]+0.146*[#   9]+0.146*[#  13]+0.031*[#   2]
          +0.031*[#   3]+0.031*[#   4]+0.031*[#   6]+0.031*[#   7]+0.031*[#   8]
          +0.031*[#  10]+0.031*[#  11]+0.031*[#  12]+0.031*[#  14]+0.031*[#  15]
          +0.031*[#  16]
    |psi|^2 = 0.956
==== e(   9) =    15.40355 eV ==== 
     psi = 0.071*[#   2]+0.071*[#   3]+0.071*[#   4]+0.044*[#   1]+0.042*[#   6]
          +0.042*[#   8]+0.042*[#  10]+0.042*[#  11]+0.042*[#  15]+0.042*[#  16]
          +0.032*[#   7]+0.032*[#  12]+0.032*[#  14]+0.021*[#   5]+0.021*[#   9]
          +0.021*[#  13]
    |psi|^2 = 0.670
==== e(  10) =    15.40355 eV ==== 
     psi = 0.070*[#   7]+0.070*[#  12]+0.070*[#  14]+0.055*[#   6]+0.055*[#   8]
          +0.055*[#  10]+0.055*[#  11]+0.055*[#  15]+0.055*[#  16]+0.036*[#   5]
          +0.036*[#   9]+0.036*[#  13]+0.008*[#   2]+0.008*[#   3]+0.008*[#   4]
          
    |psi|^2 = 0.670

 k =   0.3750000000  0.3750000000  0.4375000000
==== e(   1) =     0.95182 eV ==== 
     psi = 0.096*[#   1]+0.096*[#   5]+0.096*[#   9]+0.096*[#  13]+0.051*[#   2]
          +0.051*[#   3]+0.051*[#   4]+0.051*[#   6]+0.051*[#   7]+0.051*[#   8]
          +0.051*[#  10]+0.051*[#  11]+0.051*[#  12]+0.051*[#  14]+0.051*[#  15]
          +0.051*[#  16]
    |psi|^2 = 0.996
==== e(   2) =     2.04294 eV ==== 
     psi = 0.093*[#   1]+0.093*[#   5]+0.093*[#   9]+0.093*[#  13]+0.052*[#   2]
          +0.052*[#   3]+0.052*[#   4]+0.052*[#   6]+0.052*[#   7]+0.052*[#   8]
          +0.052*[#  10]+0.052*[#  11]+0.052*[#  12]+0.052*[#  14]+0.052*[#  15]
          +0.052*[#  16]
    |psi|^2 = 0.995
==== e(   3) =     3.12044 eV ==== 
     psi = 0.110*[#   5]+0.110*[#   9]+0.110*[#  13]+0.076*[#   2]+0.076*[#   3]
          +0.076*[#   4]+0.069*[#   6]+0.069*[#   8]+0.069*[#  10]+0.069*[#  11]
          +0.069*[#  15]+0.069*[#  16]+0.008*[#   7]+0.008*[#  12]+0.008*[#  14]
          
    |psi|^2 = 0.993
==== e(   4) =     3.12044 eV ==== 
     psi = 0.165*[#   1]+0.103*[#   7]+0.103*[#  12]+0.103*[#  14]+0.055*[#   5]
          +0.055*[#   9]+0.055*[#  13]+0.042*[#   6]+0.042*[#   8]+0.042*[#  10]
          +0.042*[#  11]+0.042*[#  15]+0.042*[#  16]+0.035*[#   2]+0.035*[#   3]
          +0.035*[#   4]
    |psi|^2 = 0.993
==== e(   5) =     4.21940 eV ==== 
     psi = 0.258*[#   1]+0.086*[#   5]+0.086*[#   9]+0.086*[#  13]+0.066*[#   7]
          +0.066*[#  12]+0.066*[#  14]+0.043*[#   2]+0.043*[#   3]+0.043*[#   4]
          +0.024*[#   6]+0.024*[#   8]+0.024*[#  10]+0.024*[#  11]+0.024*[#  15]
          +0.024*[#  16]
    |psi|^2 = 0.985
==== e(   6) =     4.21940 eV ==== 
     psi = 0.172*[#   5]+0.172*[#   9]+0.172*[#  13]+0.054*[#   6]+0.054*[#   8]
          +0.054*[#  10]+0.054*[#  11]+0.054*[#  15]+0.054*[#  16]+0.036*[#   2]
          +0.036*[#   3]+0.036*[#   4]+0.013*[#   7]+0.013*[#  12]+0.013*[#  14]
          
    |psi|^2 = 0.985
==== e(   7) =     5.28321 eV ==== 
     psi = 0.125*[#   1]+0.125*[#   5]+0.125*[#   9]+0.125*[#  13]+0.040*[#   2]
          +0.040*[#   3]+0.040*[#   4]+0.040*[#   6]+0.040*[#   7]+0.040*[#   8]
          +0.040*[#  10]+0.040*[#  11]+0.040*[#  12]+0.040*[#  14]+0.040*[#  15]
          +0.040*[#  16]
    |psi|^2 = 0.978
==== e(   8) =     6.34721 eV ==== 
     psi = 0.143*[#   1]+0.143*[#   5]+0.143*[#   9]+0.143*[#  13]+0.033*[#   2]
          +0.033*[#   3]+0.033*[#   4]+0.033*[#   6]+0.033*[#   7]+0.033*[#   8]
          +0.033*[#  10]+0.033*[#  11]+0.033*[#  12]+0.033*[#  14]+0.033*[#  15]
          +0.033*[#  16]
    |psi|^2 = 0.964
==== e(   9) =    15.78564 eV ==== 
     psi = 0.082*[#   2]+0.082*[#   3]+0.082*[#   4]+0.043*[#   7]+0.043*[#  12]
          +0.043*[#  14]+0.037*[#   1]+0.034*[#   6]+0.034*[#   8]+0.034*[#  10]
          +0.034*[#  11]+0.034*[#  15]+0.034*[#  16]+0.012*[#   5]+0.012*[#   9]
          +0.012*[#  13]
    |psi|^2 = 0.657
==== e(  10) =    15.78564 eV ==== 
     psi = 0.063*[#   6]+0.063*[#   8]+0.063*[#  10]+0.063*[#  11]+0.063*[#  15]
          +0.063*[#  16]+0.054*[#   7]+0.054*[#  12]+0.054*[#  14]+0.025*[#   5]
          +0.025*[#   9]+0.025*[#  13]+0.015*[#   2]+0.015*[#   3]+0.015*[#   4]
          
    |psi|^2 = 0.657

 k =   0.3750000000  0.3750000000 -0.5000000000
==== e(   1) =     1.46454 eV ==== 
     psi = 0.190*[#   1]+0.078*[#   6]+0.078*[#   8]+0.078*[#  10]+0.078*[#  11]
          +0.078*[#  15]+0.078*[#  16]+0.063*[#   5]+0.063*[#   9]+0.063*[#  13]
          +0.049*[#   2]+0.049*[#   3]+0.049*[#   4]
    |psi|^2 = 0.995
==== e(   2) =     1.46456 eV ==== 
     psi = 0.127*[#   5]+0.127*[#   9]+0.127*[#  13]+0.103*[#   7]+0.103*[#  12]
          +0.103*[#  14]+0.054*[#   2]+0.054*[#   3]+0.054*[#   4]+0.025*[#   6]
          +0.025*[#   8]+0.025*[#  10]+0.025*[#  11]+0.025*[#  15]+0.025*[#  16]
          
    |psi|^2 = 0.995
==== e(   3) =     3.53094 eV ==== 
     psi = 0.111*[#   6]+0.111*[#   8]+0.111*[#  10]+0.111*[#  11]+0.111*[#  15]
          +0.111*[#  16]+0.111*[#   2]+0.111*[#   3]+0.111*[#   4]
    |psi|^2 = 0.999
==== e(   4) =     3.53095 eV ==== 
     psi = 0.166*[#   7]+0.166*[#  12]+0.166*[#  14]+0.056*[#   2]+0.056*[#   3]
          +0.056*[#   4]+0.055*[#   6]+0.055*[#   8]+0.055*[#  10]+0.055*[#  11]
          +0.055*[#  15]+0.055*[#  16]
    |psi|^2 = 0.999
==== e(   5) =     3.74357 eV ==== 
     psi = 0.427*[#   1]+0.142*[#   5]+0.142*[#   9]+0.142*[#  13]+0.021*[#   2]
          +0.021*[#   3]+0.021*[#   4]+0.010*[#   6]+0.010*[#   8]+0.010*[#  10]
          +0.010*[#  11]+0.010*[#  15]+0.010*[#  16]
    |psi|^2 = 0.980
==== e(   6) =     3.74359 eV ==== 
     psi = 0.285*[#   5]+0.285*[#   9]+0.285*[#  13]+0.021*[#   7]+0.021*[#  12]
          +0.021*[#  14]+0.010*[#   6]+0.010*[#   8]+0.010*[#  10]+0.010*[#  11]
          +0.010*[#  15]+0.010*[#  16]
    |psi|^2 = 0.980
==== e(   7) =     5.78266 eV ==== 
     psi = 0.270*[#   1]+0.090*[#   5]+0.090*[#   9]+0.090*[#  13]+0.064*[#   2]
          +0.064*[#   3]+0.064*[#   4]+0.040*[#   6]+0.040*[#   8]+0.040*[#  10]
          +0.040*[#  11]+0.040*[#  15]+0.040*[#  16]
    |psi|^2 = 0.972
==== e(   8) =     5.78268 eV ==== 
     psi = 0.180*[#   5]+0.180*[#   9]+0.180*[#  13]+0.072*[#   7]+0.072*[#  12]
          +0.072*[#  14]+0.032*[#   6]+0.032*[#   8]+0.032*[#  10]+0.032*[#  11]
          +0.032*[#  15]+0.032*[#  16]+0.008*[#   2]+0.008*[#   3]+0.008*[#   4]
          
    |psi|^2 = 0.972
==== e(   9) =    16.10708 eV ==== 
     psi = 0.075*[#   6]+0.075*[#   8]+0.075*[#  10]+0.075*[#  11]+0.075*[#  15]
          +0.075*[#  16]+0.031*[#   2]+0.031*[#   3]+0.031*[#   4]
    |psi|^2 = 0.543
==== e(  10) =    16.10710 eV ==== 
     psi = 0.091*[#   7]+0.091*[#  12]+0.091*[#  14]+0.060*[#   2]+0.060*[#   3]
          +0.060*[#   4]+0.015*[#   6]+0.015*[#   8]+0.015*[#  10]+0.015*[#  11]
          +0.015*[#  15]+0.015*[#  16]
    |psi|^2 = 0.543

 k =   0.3750000000  0.4375000000  0.4375000000
==== e(   1) =     1.39641 eV ==== 
     psi = 0.097*[#   1]+0.097*[#   5]+0.097*[#   9]+0.097*[#  13]+0.050*[#   2]
          +0.050*[#   3]+0.050*[#   4]+0.050*[#   6]+0.050*[#   7]+0.050*[#   8]
          +0.050*[#  10]+0.050*[#  11]+0.050*[#  12]+0.050*[#  14]+0.050*[#  15]
          +0.050*[#  16]
    |psi|^2 = 0.995
==== e(   2) =     2.48337 eV ==== 
     psi = 0.188*[#   1]+0.100*[#   7]+0.100*[#  12]+0.100*[#  14]+0.063*[#   5]
          +0.063*[#   9]+0.063*[#  13]+0.043*[#   6]+0.043*[#   8]+0.043*[#  10]
          +0.043*[#  11]+0.043*[#  15]+0.043*[#  16]+0.020*[#   2]+0.020*[#   3]
          +0.020*[#   4]
    |psi|^2 = 0.994
==== e(   3) =     2.48337 eV ==== 
     psi = 0.125*[#   5]+0.125*[#   9]+0.125*[#  13]+0.083*[#   2]+0.083*[#   3]
          +0.083*[#   4]+0.060*[#   6]+0.060*[#   8]+0.060*[#  10]+0.060*[#  11]
          +0.060*[#  15]+0.060*[#  16]+0.002*[#   7]+0.002*[#  12]+0.002*[#  14]
          
    |psi|^2 = 0.994
==== e(   4) =     3.46571 eV ==== 
     psi = 0.083*[#   2]+0.083*[#   3]+0.083*[#   4]+0.083*[#   6]+0.083*[#   7]
          +0.083*[#   8]+0.083*[#  10]+0.083*[#  11]+0.083*[#  12]+0.083*[#  14]
          +0.083*[#  15]+0.083*[#  16]
    |psi|^2 = 0.999
==== e(   5) =     3.67490 eV ==== 
     psi = 0.220*[#   1]+0.220*[#   5]+0.220*[#   9]+0.220*[#  13]+0.008*[#   2]
          +0.008*[#   3]+0.008*[#   4]+0.008*[#   6]+0.008*[#   7]+0.008*[#   8]
          +0.008*[#  10]+0.008*[#  11]+0.008*[#  12]+0.008*[#  14]+0.008*[#  15]
          +0.008*[#  16]
    |psi|^2 = 0.979
==== e(   6) =     4.65038 eV ==== 
     psi = 0.260*[#   1]+0.087*[#   5]+0.087*[#   9]+0.087*[#  13]+0.074*[#   7]
          +0.074*[#  12]+0.074*[#  14]+0.046*[#   2]+0.046*[#   3]+0.046*[#   4]
          +0.017*[#   6]+0.017*[#   8]+0.017*[#  10]+0.017*[#  11]+0.017*[#  15]
          +0.017*[#  16]
    |psi|^2 = 0.982
==== e(   7) =     4.65039 eV ==== 
     psi = 0.173*[#   5]+0.173*[#   9]+0.173*[#  13]+0.060*[#   6]+0.060*[#   8]
          +0.060*[#  10]+0.060*[#  11]+0.060*[#  15]+0.060*[#  16]+0.031*[#   2]
          +0.031*[#   3]+0.031*[#   4]+0.003*[#   7]+0.003*[#  12]+0.003*[#  14]
          
    |psi|^2 = 0.982
==== e(   8) =     5.71689 eV ==== 
     psi = 0.142*[#   1]+0.142*[#   5]+0.142*[#   9]+0.142*[#  13]+0.034*[#   2]
          +0.034*[#   3]+0.034*[#   4]+0.034*[#   6]+0.034*[#   7]+0.034*[#   8]
          +0.034*[#  10]+0.034*[#  11]+0.034*[#  12]+0.034*[#  14]+0.034*[#  15]
          +0.034*[#  16]
    |psi|^2 = 0.971
==== e(   9) =    16.17993 eV ==== 
     psi = 0.050*[#   2]+0.050*[#   3]+0.050*[#   4]+0.050*[#   6]+0.050*[#   7]
          +0.050*[#   8]+0.050*[#  10]+0.050*[#  11]+0.050*[#  12]+0.050*[#  14]
          +0.050*[#  15]+0.050*[#  16]+0.017*[#   1]+0.017*[#   5]+0.017*[#   9]
          +0.017*[#  13]
    |psi|^2 = 0.665
==== e(  10) =    16.97489 eV ==== 
     psi = 0.067*[#   2]+0.067*[#   3]+0.067*[#   4]+0.058*[#   7]+0.058*[#  12]
          +0.058*[#  14]+0.035*[#   6]+0.035*[#   8]+0.035*[#  10]+0.035*[#  11]
          +0.035*[#  15]+0.035*[#  16]+0.001*[#   1]
    |psi|^2 = 0.588

 k =   0.3750000000  0.4375000000 -0.5000000000
==== e(   1) =     1.90738 eV ==== 
     psi = 0.195*[#   1]+0.074*[#   6]+0.074*[#   8]+0.074*[#  10]+0.074*[#  11]
          +0.074*[#  15]+0.074*[#  16]+0.065*[#   5]+0.065*[#   9]+0.065*[#  13]
          +0.053*[#   2]+0.053*[#   3]+0.053*[#   4]
    |psi|^2 = 0.994
==== e(   2) =     1.90740 eV ==== 
     psi = 0.130*[#   5]+0.130*[#   9]+0.130*[#  13]+0.101*[#   7]+0.101*[#  12]
          +0.101*[#  14]+0.047*[#   2]+0.047*[#   3]+0.047*[#   4]+0.027*[#   6]
          +0.027*[#   8]+0.027*[#  10]+0.027*[#  11]+0.027*[#  15]+0.027*[#  16]
          
    |psi|^2 = 0.994
==== e(   3) =     2.98682 eV ==== 
     psi = 0.175*[#   1]+0.073*[#   6]+0.073*[#   8]+0.073*[#  10]+0.073*[#  11]
          +0.073*[#  15]+0.073*[#  16]+0.069*[#   2]+0.069*[#   3]+0.069*[#   4]
          +0.058*[#   5]+0.058*[#   9]+0.058*[#  13]
    |psi|^2 = 0.993
==== e(   4) =     2.98684 eV ==== 
     psi = 0.117*[#   5]+0.117*[#   9]+0.117*[#  13]+0.107*[#   7]+0.107*[#  12]
          +0.107*[#  14]+0.038*[#   2]+0.038*[#   3]+0.038*[#   4]+0.034*[#   6]
          +0.034*[#   8]+0.034*[#  10]+0.034*[#  11]+0.034*[#  15]+0.034*[#  16]
          
    |psi|^2 = 0.993
==== e(   5) =     4.08498 eV ==== 
     psi = 0.274*[#   1]+0.091*[#   5]+0.091*[#   9]+0.091*[#  13]+0.055*[#   2]
          +0.055*[#   3]+0.055*[#   4]+0.045*[#   6]+0.045*[#   8]+0.045*[#  10]
          +0.045*[#  11]+0.045*[#  15]+0.045*[#  16]
    |psi|^2 = 0.984
==== e(   6) =     4.08500 eV ==== 
     psi = 0.183*[#   5]+0.183*[#   9]+0.183*[#  13]+0.073*[#   7]+0.073*[#  12]
          +0.073*[#  14]+0.027*[#   6]+0.027*[#   8]+0.027*[#  10]+0.027*[#  11]
          +0.027*[#  15]+0.027*[#  16]+0.018*[#   2]+0.018*[#   3]+0.018*[#   4]
          
    |psi|^2 = 0.984
==== e(   7) =     5.15073 eV ==== 
     psi = 0.273*[#   1]+0.091*[#   5]+0.091*[#   9]+0.091*[#  13]+0.060*[#   2]
          +0.060*[#   3]+0.060*[#   4]+0.042*[#   6]+0.042*[#   8]+0.042*[#  10]
          +0.042*[#  11]+0.042*[#  15]+0.042*[#  16]
    |psi|^2 = 0.977
==== e(   8) =     5.15075 eV ==== 
     psi = 0.182*[#   5]+0.182*[#   9]+0.182*[#  13]+0.072*[#   7]+0.072*[#  12]
          +0.072*[#  14]+0.030*[#   6]+0.030*[#   8]+0.030*[#  10]+0.030*[#  11]
          +0.030*[#  15]+0.030*[#  16]+0.012*[#   2]+0.012*[#   3]+0.012*[#   4]
          
    |psi|^2 = 0.977
==== e(   9) =    16.59965 eV ==== 
     psi = 0.074*[#   2]+0.074*[#   3]+0.074*[#   4]+0.065*[#   6]+0.065*[#   8]
          +0.065*[#  10]+0.065*[#  11]+0.065*[#  15]+0.065*[#  16]+0.022*[#   1]
          +0.007*[#   5]+0.007*[#   9]+0.007*[#  13]
    |psi|^2 = 0.655
==== e(  10) =    16.59967 eV ==== 
     psi = 0.102*[#   7]+0.102*[#  12]+0.102*[#  14]+0.037*[#   6]+0.037*[#   8]
          +0.037*[#  10]+0.037*[#  11]+0.037*[#  15]+0.037*[#  16]+0.028*[#   2]
          +0.028*[#   3]+0.028*[#   4]+0.015*[#   5]+0.015*[#   9]+0.015*[#  13]
          
    |psi|^2 = 0.654

 k =   0.3750000000 -0.5000000000 -0.5000000000
==== e(   1) =     2.41593 eV ==== 
     psi = 0.387*[#   1]+0.084*[#   6]+0.084*[#   8]+0.084*[#  10]+0.084*[#  11]
          +0.084*[#  15]+0.084*[#  16]+0.035*[#   2]+0.035*[#   3]+0.035*[#   4]
          
    |psi|^2 = 0.993
==== e(   2) =     2.41595 eV ==== 
     psi = 0.129*[#   5]+0.129*[#   9]+0.129*[#  13]+0.084*[#   2]+0.084*[#   3]
          +0.084*[#   4]+0.059*[#   6]+0.059*[#   8]+0.059*[#  10]+0.059*[#  11]
          +0.059*[#  15]+0.059*[#  16]
    |psi|^2 = 0.993
==== e(   3) =     2.41595 eV ==== 
     psi = 0.129*[#   5]+0.129*[#   9]+0.129*[#  13]+0.084*[#   2]+0.084*[#   3]
          +0.084*[#   4]+0.059*[#   6]+0.059*[#   8]+0.059*[#  10]+0.059*[#  11]
          +0.059*[#  15]+0.059*[#  16]
    |psi|^2 = 0.993
==== e(   4) =     2.41597 eV ==== 
     psi = 0.202*[#   7]+0.202*[#  12]+0.202*[#  14]+0.129*[#   5]+0.129*[#   9]
          +0.129*[#  13]
    |psi|^2 = 0.993
==== e(   5) =     4.58361 eV ==== 
     psi = 0.540*[#   1]+0.086*[#   2]+0.086*[#   3]+0.086*[#   4]+0.030*[#   6]
          +0.030*[#   8]+0.030*[#  10]+0.030*[#  11]+0.030*[#  15]+0.030*[#  16]
          
    |psi|^2 = 0.981
==== e(   6) =     4.58364 eV ==== 
     psi = 0.180*[#   5]+0.180*[#   9]+0.180*[#  13]+0.058*[#   6]+0.058*[#   8]
          +0.058*[#  10]+0.058*[#  11]+0.058*[#  15]+0.058*[#  16]+0.030*[#   2]
          +0.030*[#   3]+0.030*[#   4]
    |psi|^2 = 0.981
==== e(   7) =     4.58364 eV ==== 
     psi = 0.180*[#   5]+0.180*[#   9]+0.180*[#  13]+0.058*[#   6]+0.058*[#   8]
          +0.058*[#  10]+0.058*[#  11]+0.058*[#  15]+0.058*[#  16]+0.030*[#   2]
          +0.030*[#   3]+0.030*[#   4]
    |psi|^2 = 0.981
==== e(   8) =     4.58366 eV ==== 
     psi = 0.180*[#   5]+0.180*[#   9]+0.180*[#  13]+0.147*[#   7]+0.147*[#  12]
          +0.147*[#  14]
    |psi|^2 = 0.981
==== e(   9) =    17.02943 eV ==== 
     psi = 0.071*[#   2]+0.071*[#   3]+0.071*[#   4]+0.048*[#   7]+0.048*[#  12]
          +0.048*[#  14]+0.043*[#   6]+0.043*[#   8]+0.043*[#  10]+0.043*[#  11]
          +0.043*[#  15]+0.043*[#  16]+0.016*[#   1]+0.007*[#   5]+0.007*[#   9]
          +0.007*[#  13]
    |psi|^2 = 0.654
==== e(  10) =    17.02944 eV ==== 
     psi = 0.085*[#   6]+0.085*[#   8]+0.085*[#  10]+0.085*[#  11]+0.085*[#  15]
          +0.085*[#  16]+0.034*[#   2]+0.034*[#   3]+0.034*[#   4]+0.012*[#   5]
          +0.012*[#   9]+0.012*[#  13]+0.001*[#   7]+0.001*[#  12]+0.001*[#  14]
          
    |psi|^2 = 0.654

 k =   0.4375000000  0.4375000000  0.4375000000
==== e(   1) =     1.83950 eV ==== 
     psi = 0.100*[#   1]+0.100*[#   5]+0.100*[#   9]+0.100*[#  13]+0.049*[#   2]
          +0.049*[#   3]+0.049*[#   4]+0.049*[#   6]+0.049*[#   7]+0.049*[#   8]
          +0.049*[#  10]+0.049*[#  11]+0.049*[#  12]+0.049*[#  14]+0.049*[#  15]
          +0.049*[#  16]
    |psi|^2 = 0.994
==== e(   2) =     2.91967 eV ==== 
     psi = 0.121*[#   5]+0.121*[#   9]+0.121*[#  13]+0.077*[#   2]+0.077*[#   3]
          +0.077*[#   4]+0.066*[#   6]+0.066*[#   8]+0.066*[#  10]+0.066*[#  11]
          +0.066*[#  15]+0.066*[#  16]+0.002*[#   7]+0.002*[#  12]+0.002*[#  14]
          
    |psi|^2 = 0.993
==== e(   3) =     2.91967 eV ==== 
     psi = 0.121*[#   5]+0.121*[#   9]+0.121*[#  13]+0.077*[#   2]+0.077*[#   3]
          +0.077*[#   4]+0.066*[#   6]+0.066*[#   8]+0.066*[#  10]+0.066*[#  11]
          +0.066*[#  15]+0.066*[#  16]+0.002*[#   7]+0.002*[#  12]+0.002*[#  14]
          
    |psi|^2 = 0.993
==== e(   4) =     2.91967 eV ==== 
     psi = 0.271*[#   1]+0.153*[#   7]+0.153*[#  12]+0.153*[#  14]+0.030*[#   5]
          +0.030*[#   9]+0.030*[#  13]+0.027*[#   6]+0.027*[#   8]+0.027*[#  10]
          +0.027*[#  11]+0.027*[#  15]+0.027*[#  16]+0.004*[#   2]+0.004*[#   3]
          +0.004*[#   4]
    |psi|^2 = 0.993
==== e(   5) =     4.01814 eV ==== 
     psi = 0.425*[#   1]+0.097*[#   7]+0.097*[#  12]+0.097*[#  14]+0.047*[#   5]
          +0.047*[#   9]+0.047*[#  13]+0.034*[#   2]+0.034*[#   3]+0.034*[#   4]
          +0.004*[#   6]+0.004*[#   8]+0.004*[#  10]+0.004*[#  11]+0.004*[#  15]
          +0.004*[#  16]
    |psi|^2 = 0.984
==== e(   6) =     4.01815 eV ==== 
     psi = 0.189*[#   5]+0.189*[#   9]+0.189*[#  13]+0.050*[#   6]+0.050*[#   8]
          +0.050*[#  10]+0.050*[#  11]+0.050*[#  15]+0.050*[#  16]+0.035*[#   2]
          +0.035*[#   3]+0.035*[#   4]+0.004*[#   7]+0.004*[#  12]+0.004*[#  14]
          
    |psi|^2 = 0.984
==== e(   7) =     4.01815 eV ==== 
     psi = 0.189*[#   5]+0.189*[#   9]+0.189*[#  13]+0.050*[#   6]+0.050*[#   8]
          +0.050*[#  10]+0.050*[#  11]+0.050*[#  15]+0.050*[#  16]+0.035*[#   2]
          +0.035*[#   3]+0.035*[#   4]+0.004*[#   7]+0.004*[#  12]+0.004*[#  14]
          
    |psi|^2 = 0.984
==== e(   8) =     5.08464 eV ==== 
     psi = 0.143*[#   1]+0.143*[#   5]+0.143*[#   9]+0.143*[#  13]+0.034*[#   2]
          +0.034*[#   3]+0.034*[#   4]+0.034*[#   6]+0.034*[#   7]+0.034*[#   8]
          +0.034*[#  10]+0.034*[#  11]+0.034*[#  12]+0.034*[#  14]+0.034*[#  15]
          +0.034*[#  16]
    |psi|^2 = 0.976
==== e(   9) =    17.49497 eV ==== 
     psi = 0.121*[#   2]+0.121*[#   3]+0.121*[#   4]+0.031*[#   6]+0.031*[#   8]
          +0.031*[#  10]+0.031*[#  11]+0.031*[#  15]+0.031*[#  16]+0.023*[#   1]
          +0.003*[#   5]+0.003*[#   9]+0.003*[#  13]+0.001*[#   7]+0.001*[#  12]
          +0.001*[#  14]
    |psi|^2 = 0.587
==== e(  10) =    17.49498 eV ==== 
     psi = 0.069*[#   7]+0.069*[#  12]+0.069*[#  14]+0.054*[#   6]+0.054*[#   8]
          +0.054*[#  10]+0.054*[#  11]+0.054*[#  15]+0.054*[#  16]+0.011*[#   5]
          +0.011*[#   9]+0.011*[#  13]+0.008*[#   2]+0.008*[#   3]+0.008*[#   4]
          
    |psi|^2 = 0.587

 k =   0.4375000000  0.4375000000 -0.5000000000
==== e(   1) =     2.34834 eV ==== 
     psi = 0.200*[#   1]+0.071*[#   6]+0.071*[#   8]+0.071*[#  10]+0.071*[#  11]
          +0.071*[#  15]+0.071*[#  16]+0.067*[#   5]+0.067*[#   9]+0.067*[#  13]
          +0.057*[#   2]+0.057*[#   3]+0.057*[#   4]
    |psi|^2 = 0.993
==== e(   2) =     2.34836 eV ==== 
     psi = 0.133*[#   5]+0.133*[#   9]+0.133*[#  13]+0.099*[#   7]+0.099*[#  12]
          +0.099*[#  14]+0.042*[#   2]+0.042*[#   3]+0.042*[#   4]+0.028*[#   6]
          +0.028*[#   8]+0.028*[#  10]+0.028*[#  11]+0.028*[#  15]+0.028*[#  16]
          
    |psi|^2 = 0.993
==== e(   3) =     3.33519 eV ==== 
     psi = 0.111*[#   2]+0.111*[#   3]+0.111*[#   4]+0.111*[#   6]+0.111*[#   8]
          +0.111*[#  10]+0.111*[#  11]+0.111*[#  15]+0.111*[#  16]
    |psi|^2 = 0.999
==== e(   4) =     3.33521 eV ==== 
     psi = 0.167*[#   7]+0.167*[#  12]+0.167*[#  14]+0.056*[#   2]+0.056*[#   3]
          +0.056*[#   4]+0.055*[#   6]+0.055*[#   8]+0.055*[#  10]+0.055*[#  11]
          +0.055*[#  15]+0.055*[#  16]
    |psi|^2 = 0.999
==== e(   5) =     3.53720 eV ==== 
     psi = 0.470*[#   1]+0.157*[#   5]+0.157*[#   9]+0.157*[#  13]+0.006*[#   2]
          +0.006*[#   3]+0.006*[#   4]+0.003*[#   6]+0.003*[#   8]+0.003*[#  10]
          +0.003*[#  11]+0.003*[#  15]+0.003*[#  16]
    |psi|^2 = 0.977
==== e(   6) =     3.53723 eV ==== 
     psi = 0.313*[#   5]+0.313*[#   9]+0.313*[#  13]+0.006*[#   7]+0.006*[#  12]
          +0.006*[#  14]+0.003*[#   6]+0.003*[#   8]+0.003*[#  10]+0.003*[#  11]
          +0.003*[#  15]+0.003*[#  16]
    |psi|^2 = 0.977
==== e(   7) =     4.51720 eV ==== 
     psi = 0.281*[#   1]+0.094*[#   5]+0.094*[#   9]+0.094*[#  13]+0.055*[#   2]
          +0.055*[#   3]+0.055*[#   4]+0.042*[#   6]+0.042*[#   8]+0.042*[#  10]
          +0.042*[#  11]+0.042*[#  15]+0.042*[#  16]
    |psi|^2 = 0.980
==== e(   8) =     4.51722 eV ==== 
     psi = 0.187*[#   5]+0.187*[#   9]+0.187*[#  13]+0.070*[#   7]+0.070*[#  12]
          +0.070*[#  14]+0.027*[#   6]+0.027*[#   8]+0.027*[#  10]+0.027*[#  11]
          +0.027*[#  15]+0.027*[#  16]+0.015*[#   2]+0.015*[#   3]+0.015*[#   4]
          
    |psi|^2 = 0.980
==== e(   9) =    17.80363 eV ==== 
     psi = 0.068*[#   6]+0.068*[#   8]+0.068*[#  10]+0.068*[#  11]+0.068*[#  15]
          +0.068*[#  16]+0.027*[#   2]+0.027*[#   3]+0.027*[#   4]
    |psi|^2 = 0.487
==== e(  10) =    17.80364 eV ==== 
     psi = 0.081*[#   7]+0.081*[#  12]+0.081*[#  14]+0.054*[#   2]+0.054*[#   3]
          +0.054*[#   4]+0.014*[#   6]+0.014*[#   8]+0.014*[#  10]+0.014*[#  11]
          +0.014*[#  15]+0.014*[#  16]
    |psi|^2 = 0.487

 k =   0.4375000000 -0.5000000000 -0.5000000000
==== e(   1) =     2.85261 eV ==== 
     psi = 0.375*[#   1]+0.077*[#   6]+0.077*[#   8]+0.077*[#  10]+0.077*[#  11]
          +0.077*[#  15]+0.077*[#  16]+0.052*[#   2]+0.052*[#   3]+0.052*[#   4]
          
    |psi|^2 = 0.992
==== e(   2) =     2.85263 eV ==== 
     psi = 0.125*[#   5]+0.125*[#   9]+0.125*[#  13]+0.077*[#   2]+0.077*[#   3]
          +0.077*[#   4]+0.064*[#   6]+0.064*[#   8]+0.064*[#  10]+0.064*[#  11]
          +0.064*[#  15]+0.064*[#  16]
    |psi|^2 = 0.992
==== e(   3) =     2.85263 eV ==== 
     psi = 0.125*[#   5]+0.125*[#   9]+0.125*[#  13]+0.077*[#   2]+0.077*[#   3]
          +0.077*[#   4]+0.064*[#   6]+0.064*[#   8]+0.064*[#  10]+0.064*[#  11]
          +0.064*[#  15]+0.064*[#  16]
    |psi|^2 = 0.992
==== e(   4) =     2.85266 eV ==== 
     psi = 0.206*[#   7]+0.206*[#  12]+0.206*[#  14]+0.125*[#   5]+0.125*[#   9]
          +0.125*[#  13]
    |psi|^2 = 0.992
==== e(   5) =     3.95090 eV ==== 
     psi = 0.588*[#   1]+0.062*[#   2]+0.062*[#   3]+0.062*[#   4]+0.035*[#   6]
          +0.035*[#   8]+0.035*[#  10]+0.035*[#  11]+0.035*[#  15]+0.035*[#  16]
          
    |psi|^2 = 0.983
==== e(   6) =     3.95093 eV ==== 
     psi = 0.196*[#   5]+0.196*[#   9]+0.196*[#  13]+0.048*[#   6]+0.048*[#   8]
          +0.048*[#  10]+0.048*[#  11]+0.048*[#  15]+0.048*[#  16]+0.035*[#   2]
          +0.035*[#   3]+0.035*[#   4]
    |psi|^2 = 0.983
==== e(   7) =     3.95093 eV ==== 
     psi = 0.196*[#   5]+0.196*[#   9]+0.196*[#  13]+0.048*[#   6]+0.048*[#   8]
          +0.048*[#  10]+0.048*[#  11]+0.048*[#  15]+0.048*[#  16]+0.035*[#   2]
          +0.035*[#   3]+0.035*[#   4]
    |psi|^2 = 0.983
==== e(   8) =     3.95094 eV ==== 
     psi = 0.196*[#   5]+0.196*[#   9]+0.196*[#  13]+0.132*[#   7]+0.132*[#  12]
          +0.132*[#  14]
    |psi|^2 = 0.983
==== e(   9) =    18.22956 eV ==== 
     psi = 0.061*[#   6]+0.061*[#   8]+0.061*[#  10]+0.061*[#  11]+0.061*[#  15]
          +0.061*[#  16]+0.047*[#   2]+0.047*[#   3]+0.047*[#   4]+0.024*[#   7]
          +0.024*[#  12]+0.024*[#  14]+0.003*[#   5]+0.003*[#   9]+0.003*[#  13]
          +0.002*[#   1]
    |psi|^2 = 0.587
==== e(  10) =    18.22957 eV ==== 
     psi = 0.123*[#   7]+0.123*[#  12]+0.123*[#  14]+0.025*[#   6]+0.025*[#   8]
          +0.025*[#  10]+0.025*[#  11]+0.025*[#  15]+0.025*[#  16]+0.020*[#   2]
          +0.020*[#   3]+0.020*[#   4]+0.003*[#   5]+0.003*[#   9]+0.003*[#  13]
          
    |psi|^2 = 0.587

 k =  -0.5000000000 -0.5000000000 -0.5000000000
==== e(   1) =     3.26992 eV ==== 
     psi = 0.111*[#   2]+0.111*[#   3]+0.111*[#   4]+0.111*[#   6]+0.111*[#   8]
          +0.111*[#  10]+0.111*[#  11]+0.111*[#  15]+0.111*[#  16]
    |psi|^2 = 0.999
==== e(   2) =     3.26992 eV ==== 
     psi = 0.111*[#   2]+0.111*[#   3]+0.111*[#   4]+0.111*[#   6]+0.111*[#   8]
          +0.111*[#  10]+0.111*[#  11]+0.111*[#  15]+0.111*[#  16]
    |psi|^2 = 0.999
==== e(   3) =     3.26992 eV ==== 
     psi = 0.111*[#   2]+0.111*[#   3]+0.111*[#   4]+0.111*[#   6]+0.111*[#   8]
          +0.111*[#  10]+0.111*[#  11]+0.111*[#  15]+0.111*[#  16]
    |psi|^2 = 0.999
==== e(   4) =     3.26996 eV ==== 
     psi = 0.333*[#   7]+0.333*[#  12]+0.333*[#  14]
    |psi|^2 = 0.999
==== e(   5) =     3.46816 eV ==== 
     psi = 0.976*[#   1]
    |psi|^2 = 0.976
==== e(   6) =     3.46821 eV ==== 
     psi = 0.325*[#   5]+0.325*[#   9]+0.325*[#  13]
    |psi|^2 = 0.976
==== e(   7) =     3.46821 eV ==== 
     psi = 0.325*[#   5]+0.325*[#   9]+0.325*[#  13]
    |psi|^2 = 0.976
==== e(   8) =     3.46821 eV ==== 
     psi = 0.325*[#   5]+0.325*[#   9]+0.325*[#  13]
    |psi|^2 = 0.976
==== e(   9) =    19.18405 eV ==== 
     psi = 0.103*[#   2]+0.103*[#   3]+0.103*[#   4]+0.082*[#   6]+0.082*[#   8]
          +0.082*[#  10]+0.082*[#  11]+0.082*[#  15]+0.082*[#  16]+0.056*[#   7]
          +0.056*[#  12]+0.056*[#  14]
    |psi|^2 = 0.972
==== e(  10) =    19.18407 eV ==== 
     psi = 0.120*[#   6]+0.120*[#   8]+0.120*[#  10]+0.120*[#  11]+0.120*[#  15]
          +0.120*[#  16]+0.058*[#   7]+0.058*[#  12]+0.058*[#  14]+0.026*[#   2]
          +0.026*[#   3]+0.026*[#   4]
    |psi|^2 = 0.972

Lowdin Charges: 

     Atom #   1: total charge =   2.9579, s =  0.9343, 
     Atom #   1: total charge =   2.9579, p =  2.0236, pz=  0.6745, px=  0.6745, py=  0.6745, 
     Atom #   2: total charge =   2.9579, s =  0.9343, 
     Atom #   2: total charge =   2.9579, p =  2.0236, pz=  0.6745, px=  0.6745, py=  0.6745, 
     Atom #   3: total charge =   2.9579, s =  0.9343, 
     Atom #   3: total charge =   2.9579, p =  2.0236, pz=  0.6745, px=  0.6745, py=  0.6745, 
     Atom #   4: total charge =   2.9579, s =  0.9343, 
     Atom #   4: total charge =   2.9579, p =  2.0236, pz=  0.6745, px=  0.6745, py=  0.6745, 
     Spilling Parameter:   0.0140

     PROJWFC      :      3.20s CPU      2.89s WALL


   This run was terminated on:   1: 3:23   4Aug2026            

=------------------------------------------------------------------------------=
   JOB DONE.
=------------------------------------------------------------------------------=
