
     Program PROJWFC v.6.7MaX starts on 25Jul2026 at  2:35:15 

     This program is part of the open-source Quantum ESPRESSO suite
     for quantum simulation of materials; please cite
         "P. Giannozzi et al., J. Phys.:Condens. Matter 21 395502 (2009);
         "P. Giannozzi et al., J. Phys.:Condens. Matter 29 465901 (2017);
          URL http://www.quantum-espresso.org", 
     in publications or presentations arising from this work. More details at
     http://www.quantum-espresso.org/quote

     Parallel version (MPI), running on     1 processors

     MPI processes distributed on     1 nodes

     Reading xml data from directory:

     ./tmp_Ni/Ni.save/
     file Ni.pbe-spn-kjpaw_psl.1.0.0.UPF: wavefunction(s)  3P 3D renormalized

     IMPORTANT: XC functional enforced from input :
     Exchange-correlation= PBE
                           (   1   4   3   4   0   0   0)
     Any further DFT definition will be discarded
     Please, verify this is what you really want


     G-vector sticks info
     --------------------
     sticks:   dense  smooth     PW     G-vecs:    dense   smooth      PW
     Sum        1757    1117    341                55515    28425    4625


     Gaussian broadening (read from input): ngauss,degauss=   1    0.015000


     Calling projwave .... 

  Problem Sizes 
  natomwfc =           40
  nbnd     =           43
  nkstot   =           70
  npwx     =         3590
  nkb      =           72


     Atomic states used for projection
     (read from pseudopotential files):

     state #   1: atom   1 (Ni ), wfc  1 (l=0 m= 1)
     state #   2: atom   1 (Ni ), wfc  2 (l=0 m= 1)
     state #   3: atom   1 (Ni ), wfc  3 (l=1 m= 1)
     state #   4: atom   1 (Ni ), wfc  3 (l=1 m= 2)
     state #   5: atom   1 (Ni ), wfc  3 (l=1 m= 3)
     state #   6: atom   1 (Ni ), wfc  4 (l=2 m= 1)
     state #   7: atom   1 (Ni ), wfc  4 (l=2 m= 2)
     state #   8: atom   1 (Ni ), wfc  4 (l=2 m= 3)
     state #   9: atom   1 (Ni ), wfc  4 (l=2 m= 4)
     state #  10: atom   1 (Ni ), wfc  4 (l=2 m= 5)
     state #  11: atom   2 (Ni ), wfc  1 (l=0 m= 1)
     state #  12: atom   2 (Ni ), wfc  2 (l=0 m= 1)
     state #  13: atom   2 (Ni ), wfc  3 (l=1 m= 1)
     state #  14: atom   2 (Ni ), wfc  3 (l=1 m= 2)
     state #  15: atom   2 (Ni ), wfc  3 (l=1 m= 3)
     state #  16: atom   2 (Ni ), wfc  4 (l=2 m= 1)
     state #  17: atom   2 (Ni ), wfc  4 (l=2 m= 2)
     state #  18: atom   2 (Ni ), wfc  4 (l=2 m= 3)
     state #  19: atom   2 (Ni ), wfc  4 (l=2 m= 4)
     state #  20: atom   2 (Ni ), wfc  4 (l=2 m= 5)
     state #  21: atom   3 (Ni ), wfc  1 (l=0 m= 1)
     state #  22: atom   3 (Ni ), wfc  2 (l=0 m= 1)
     state #  23: atom   3 (Ni ), wfc  3 (l=1 m= 1)
     state #  24: atom   3 (Ni ), wfc  3 (l=1 m= 2)
     state #  25: atom   3 (Ni ), wfc  3 (l=1 m= 3)
     state #  26: atom   3 (Ni ), wfc  4 (l=2 m= 1)
     state #  27: atom   3 (Ni ), wfc  4 (l=2 m= 2)
     state #  28: atom   3 (Ni ), wfc  4 (l=2 m= 3)
     state #  29: atom   3 (Ni ), wfc  4 (l=2 m= 4)
     state #  30: atom   3 (Ni ), wfc  4 (l=2 m= 5)
     state #  31: atom   4 (Ni ), wfc  1 (l=0 m= 1)
     state #  32: atom   4 (Ni ), wfc  2 (l=0 m= 1)
     state #  33: atom   4 (Ni ), wfc  3 (l=1 m= 1)
     state #  34: atom   4 (Ni ), wfc  3 (l=1 m= 2)
     state #  35: atom   4 (Ni ), wfc  3 (l=1 m= 3)
     state #  36: atom   4 (Ni ), wfc  4 (l=2 m= 1)
     state #  37: atom   4 (Ni ), wfc  4 (l=2 m= 2)
     state #  38: atom   4 (Ni ), wfc  4 (l=2 m= 3)
     state #  39: atom   4 (Ni ), wfc  4 (l=2 m= 4)
     state #  40: atom   4 (Ni ), wfc  4 (l=2 m= 5)

 k =   0.0000000000  0.0000000000  0.0000000000
==== e(   1) =   -85.75528 eV ==== 
     psi = 0.235*[#   1]+0.234*[#  11]+0.234*[#  21]+0.234*[#  31]+0.016*[#   2]
          +0.016*[#  12]+0.016*[#  22]+0.016*[#  32]
    |psi|^2 = 1.000
==== e(   2) =   -85.71119 eV ==== 
     psi = 0.735*[#   1]+0.082*[#  11]+0.082*[#  21]+0.082*[#  31]+0.014*[#   2]
          +0.002*[#  12]+0.002*[#  22]+0.002*[#  32]
    |psi|^2 = 1.000
==== e(   3) =   -85.71116 eV ==== 
     psi = 0.327*[#  11]+0.327*[#  21]+0.327*[#  31]+0.006*[#  12]+0.006*[#  22]
          +0.006*[#  32]
    |psi|^2 = 1.000
==== e(   4) =   -85.71116 eV ==== 
     psi = 0.327*[#  11]+0.327*[#  21]+0.327*[#  31]+0.006*[#  12]+0.006*[#  22]
          +0.006*[#  32]
    |psi|^2 = 1.000
==== e(   5) =   -46.20671 eV ==== 
     psi = 0.083*[#   3]+0.083*[#   4]+0.083*[#   5]+0.083*[#  13]+0.083*[#  14]
          +0.083*[#  15]+0.083*[#  23]+0.083*[#  24]+0.083*[#  25]+0.083*[#  33]
          +0.083*[#  34]+0.083*[#  35]
    |psi|^2 = 1.000
==== e(   6) =   -46.20671 eV ==== 
     psi = 0.083*[#   3]+0.083*[#   4]+0.083*[#   5]+0.083*[#  13]+0.083*[#  14]
          +0.083*[#  15]+0.083*[#  23]+0.083*[#  24]+0.083*[#  25]+0.083*[#  33]
          +0.083*[#  34]+0.083*[#  35]
    |psi|^2 = 1.000
==== e(   7) =   -46.20671 eV ==== 
     psi = 0.083*[#   3]+0.083*[#   4]+0.083*[#   5]+0.083*[#  13]+0.083*[#  14]
          +0.083*[#  15]+0.083*[#  23]+0.083*[#  24]+0.083*[#  25]+0.083*[#  33]
          +0.083*[#  34]+0.083*[#  35]
    |psi|^2 = 1.000
==== e(   8) =   -46.08287 eV ==== 
     psi = 0.167*[#   3]+0.167*[#   4]+0.167*[#   5]+0.167*[#  14]+0.167*[#  25]
          +0.167*[#  33]
    |psi|^2 = 1.000
==== e(   9) =   -46.08287 eV ==== 
     psi = 0.167*[#   3]+0.167*[#   4]+0.167*[#   5]+0.167*[#  14]+0.167*[#  25]
          +0.167*[#  33]
    |psi|^2 = 1.000
==== e(  10) =   -46.08287 eV ==== 
     psi = 0.167*[#   3]+0.167*[#   4]+0.167*[#   5]+0.167*[#  14]+0.167*[#  25]
          +0.167*[#  33]
    |psi|^2 = 1.000
==== e(  11) =   -46.08286 eV ==== 
     psi = 0.167*[#  13]+0.167*[#  15]+0.167*[#  23]+0.167*[#  24]+0.167*[#  34]
          +0.167*[#  35]
    |psi|^2 = 1.000
==== e(  12) =   -46.08286 eV ==== 
     psi = 0.167*[#  13]+0.167*[#  15]+0.167*[#  23]+0.167*[#  24]+0.167*[#  34]
          +0.167*[#  35]
    |psi|^2 = 1.000
==== e(  13) =   -46.08286 eV ==== 
     psi = 0.167*[#  13]+0.167*[#  15]+0.167*[#  23]+0.167*[#  24]+0.167*[#  34]
          +0.167*[#  35]
    |psi|^2 = 1.000
==== e(  14) =   -46.00203 eV ==== 
     psi = 0.083*[#   3]+0.083*[#   4]+0.083*[#   5]+0.083*[#  13]+0.083*[#  14]
          +0.083*[#  15]+0.083*[#  23]+0.083*[#  24]+0.083*[#  25]+0.083*[#  33]
          +0.083*[#  34]+0.083*[#  35]
    |psi|^2 = 1.000
==== e(  15) =   -46.00203 eV ==== 
     psi = 0.083*[#   3]+0.083*[#   4]+0.083*[#   5]+0.083*[#  13]+0.083*[#  14]
          +0.083*[#  15]+0.083*[#  23]+0.083*[#  24]+0.083*[#  25]+0.083*[#  33]
          +0.083*[#  34]+0.083*[#  35]
    |psi|^2 = 1.000
==== e(  16) =   -46.00203 eV ==== 
     psi = 0.083*[#   3]+0.083*[#   4]+0.083*[#   5]+0.083*[#  13]+0.083*[#  14]
          +0.083*[#  15]+0.083*[#  23]+0.083*[#  24]+0.083*[#  25]+0.083*[#  33]
          +0.083*[#  34]+0.083*[#  35]
    |psi|^2 = 1.000
==== e(  17) =     8.82996 eV ==== 
     psi = 0.234*[#   2]+0.234*[#  12]+0.234*[#  22]+0.234*[#  32]+0.016*[#   1]
          +0.016*[#  11]+0.016*[#  21]+0.016*[#  31]
    |psi|^2 = 0.999
==== e(  18) =    13.26152 eV ==== 
     psi = 0.308*[#  36]+0.231*[#  19]+0.231*[#  29]+0.077*[#  16]+0.077*[#  26]
          +0.053*[#   2]+0.006*[#  12]+0.006*[#  22]+0.006*[#  32]
    |psi|^2 = 0.996
==== e(  19) =    13.26154 eV ==== 
     psi = 0.173*[#   6]+0.173*[#   9]+0.173*[#  39]+0.135*[#  16]+0.135*[#  26]
          +0.058*[#  19]+0.058*[#  29]+0.024*[#  12]+0.024*[#  22]+0.024*[#  32]
          +0.019*[#  36]
    |psi|^2 = 0.996
==== e(  20) =    13.26154 eV ==== 
     psi = 0.173*[#   6]+0.173*[#   9]+0.173*[#  39]+0.135*[#  16]+0.135*[#  26]
          +0.058*[#  19]+0.058*[#  29]+0.024*[#  12]+0.024*[#  22]+0.024*[#  32]
          +0.019*[#  36]
    |psi|^2 = 0.996
==== e(  21) =    13.71721 eV ==== 
     psi = 0.083*[#   7]+0.083*[#   8]+0.083*[#  10]+0.083*[#  17]+0.083*[#  18]
          +0.083*[#  20]+0.083*[#  27]+0.083*[#  28]+0.083*[#  30]+0.083*[#  37]
          +0.083*[#  38]+0.083*[#  40]
    |psi|^2 = 0.995
==== e(  22) =    13.71721 eV ==== 
     psi = 0.083*[#   7]+0.083*[#   8]+0.083*[#  10]+0.083*[#  17]+0.083*[#  18]
          +0.083*[#  20]+0.083*[#  27]+0.083*[#  28]+0.083*[#  30]+0.083*[#  37]
          +0.083*[#  38]+0.083*[#  40]
    |psi|^2 = 0.995
==== e(  23) =    13.71721 eV ==== 
     psi = 0.083*[#   7]+0.083*[#   8]+0.083*[#  10]+0.083*[#  17]+0.083*[#  18]
          +0.083*[#  20]+0.083*[#  27]+0.083*[#  28]+0.083*[#  30]+0.083*[#  37]
          +0.083*[#  38]+0.083*[#  40]
    |psi|^2 = 0.995
==== e(  24) =    15.49124 eV ==== 
     psi = 0.083*[#   7]+0.083*[#   8]+0.083*[#  10]+0.083*[#  17]+0.083*[#  18]
          +0.083*[#  20]+0.083*[#  27]+0.083*[#  28]+0.083*[#  30]+0.083*[#  37]
          +0.083*[#  38]+0.083*[#  40]
    |psi|^2 = 0.999
==== e(  25) =    15.49124 eV ==== 
     psi = 0.083*[#   7]+0.083*[#   8]+0.083*[#  10]+0.083*[#  17]+0.083*[#  18]
          +0.083*[#  20]+0.083*[#  27]+0.083*[#  28]+0.083*[#  30]+0.083*[#  37]
          +0.083*[#  38]+0.083*[#  40]
    |psi|^2 = 0.999
==== e(  26) =    15.49124 eV ==== 
     psi = 0.083*[#   7]+0.083*[#   8]+0.083*[#  10]+0.083*[#  17]+0.083*[#  18]
          +0.083*[#  20]+0.083*[#  27]+0.083*[#  28]+0.083*[#  30]+0.083*[#  37]
          +0.083*[#  38]+0.083*[#  40]
    |psi|^2 = 0.999
==== e(  27) =    16.68654 eV ==== 
     psi = 0.125*[#   6]+0.125*[#   9]+0.125*[#  16]+0.125*[#  19]+0.125*[#  26]
          +0.125*[#  29]+0.125*[#  36]+0.125*[#  39]
    |psi|^2 = 1.000
==== e(  28) =    16.68654 eV ==== 
     psi = 0.125*[#   6]+0.125*[#   9]+0.125*[#  16]+0.125*[#  19]+0.125*[#  26]
          +0.125*[#  29]+0.125*[#  36]+0.125*[#  39]
    |psi|^2 = 1.000
==== e(  29) =    17.40046 eV ==== 
     psi = 0.187*[#   6]+0.187*[#   9]+0.188*[#  36]+0.146*[#  19]+0.146*[#  29]
          +0.062*[#  16]+0.062*[#  26]+0.021*[#  39]
    |psi|^2 = 1.000
==== e(  30) =    17.40046 eV ==== 
     psi = 0.187*[#   6]+0.187*[#   9]+0.188*[#  36]+0.146*[#  19]+0.146*[#  29]
          +0.062*[#  16]+0.062*[#  26]+0.021*[#  39]
    |psi|^2 = 1.000
==== e(  31) =    17.40047 eV ==== 
     psi = 0.333*[#  39]+0.250*[#  16]+0.250*[#  26]+0.083*[#  19]+0.083*[#  29]
          
    |psi|^2 = 1.000
==== e(  32) =    17.46668 eV ==== 
     psi = 0.167*[#   7]+0.167*[#   8]+0.167*[#  10]+0.167*[#  18]+0.167*[#  27]
          +0.167*[#  40]
    |psi|^2 = 1.000
==== e(  33) =    17.46668 eV ==== 
     psi = 0.167*[#   7]+0.167*[#   8]+0.167*[#  10]+0.167*[#  18]+0.167*[#  27]
          +0.167*[#  40]
    |psi|^2 = 1.000
==== e(  34) =    17.46668 eV ==== 
     psi = 0.167*[#   7]+0.167*[#   8]+0.167*[#  10]+0.167*[#  18]+0.167*[#  27]
          +0.167*[#  40]
    |psi|^2 = 1.000
==== e(  35) =    17.46669 eV ==== 
     psi = 0.167*[#  17]+0.167*[#  20]+0.167*[#  28]+0.167*[#  30]+0.167*[#  37]
          +0.167*[#  38]
    |psi|^2 = 1.000
==== e(  36) =    17.46669 eV ==== 
     psi = 0.167*[#  17]+0.167*[#  20]+0.167*[#  28]+0.167*[#  30]+0.167*[#  37]
          +0.167*[#  38]
    |psi|^2 = 1.000
==== e(  37) =    17.46669 eV ==== 
     psi = 0.167*[#  17]+0.167*[#  20]+0.167*[#  28]+0.167*[#  30]+0.167*[#  37]
          +0.167*[#  38]
    |psi|^2 = 1.000
==== e(  38) =    20.29762 eV ==== 

    |psi|^2 = 0.000
==== e(  39) =    20.29762 eV ==== 

    |psi|^2 = 0.000
==== e(  40) =    20.29762 eV ==== 

    |psi|^2 = 0.000
==== e(  41) =    27.08477 eV ==== 
     psi = 0.615*[#   2]+0.068*[#  12]+0.068*[#  22]+0.068*[#  32]+0.024*[#  36]
          +0.018*[#  19]+0.018*[#  29]+0.014*[#   1]+0.006*[#  16]+0.006*[#  26]
          +0.002*[#  11]+0.002*[#  21]+0.002*[#  31]
    |psi|^2 = 0.911
==== e(  42) =    27.08477 eV ==== 
     psi = 0.273*[#  12]+0.273*[#  22]+0.273*[#  32]+0.014*[#   6]+0.014*[#   9]
          +0.014*[#  39]+0.011*[#  16]+0.011*[#  26]+0.006*[#  11]+0.006*[#  21]
          +0.006*[#  31]+0.005*[#  19]+0.005*[#  29]+0.002*[#  36]
    |psi|^2 = 0.911
==== e(  43) =    27.08477 eV ==== 
     psi = 0.273*[#  12]+0.273*[#  22]+0.273*[#  32]+0.014*[#   6]+0.014*[#   9]
          +0.014*[#  39]+0.011*[#  16]+0.011*[#  26]+0.006*[#  11]+0.006*[#  21]
          +0.006*[#  31]+0.005*[#  19]+0.005*[#  29]+0.002*[#  36]
    |psi|^2 = 0.911

 k =   0.0000000000  0.0000000000  0.1250000000
==== e(   1) =   -85.75363 eV ==== 
     psi = 0.236*[#   1]+0.235*[#  11]+0.235*[#  21]+0.235*[#  31]+0.015*[#   2]
          +0.015*[#  12]+0.015*[#  22]+0.015*[#  32]
    |psi|^2 = 1.000
==== e(   2) =   -85.71283 eV ==== 
     psi = 0.252*[#   1]+0.244*[#  11]+0.244*[#  21]+0.244*[#  31]+0.003*[#   2]
          +0.003*[#  12]+0.003*[#  22]+0.003*[#  32]
    |psi|^2 = 1.000
==== e(   3) =   -85.71119 eV ==== 
     psi = 0.484*[#   1]+0.165*[#  11]+0.165*[#  21]+0.165*[#  31]+0.009*[#   2]
          +0.003*[#  12]+0.003*[#  22]+0.003*[#  32]
    |psi|^2 = 1.000
==== e(   4) =   -85.71117 eV ==== 
     psi = 0.327*[#  11]+0.327*[#  21]+0.327*[#  31]+0.006*[#  12]+0.006*[#  22]
          +0.006*[#  32]
    |psi|^2 = 1.000
==== e(   5) =   -46.20213 eV ==== 
     psi = 0.083*[#   3]+0.083*[#   4]+0.083*[#   5]+0.083*[#  13]+0.083*[#  14]
          +0.083*[#  15]+0.083*[#  23]+0.083*[#  24]+0.083*[#  25]+0.083*[#  33]
          +0.083*[#  34]+0.083*[#  35]
    |psi|^2 = 1.000
==== e(   6) =   -46.20213 eV ==== 
     psi = 0.083*[#   3]+0.083*[#   4]+0.083*[#   5]+0.083*[#  13]+0.083*[#  14]
          +0.083*[#  15]+0.083*[#  23]+0.083*[#  24]+0.083*[#  25]+0.083*[#  33]
          +0.083*[#  34]+0.083*[#  35]
    |psi|^2 = 1.000
==== e(   7) =   -46.19884 eV ==== 
     psi = 0.083*[#   3]+0.083*[#   4]+0.083*[#   5]+0.083*[#  13]+0.083*[#  14]
          +0.083*[#  15]+0.083*[#  23]+0.083*[#  24]+0.083*[#  25]+0.083*[#  33]
          +0.083*[#  34]+0.083*[#  35]
    |psi|^2 = 1.000
==== e(   8) =   -46.08779 eV ==== 
     psi = 0.083*[#   3]+0.083*[#   4]+0.083*[#   5]+0.083*[#  14]+0.083*[#  25]
          +0.083*[#  33]+0.083*[#  13]+0.083*[#  15]+0.083*[#  23]+0.083*[#  24]
          +0.083*[#  34]+0.083*[#  35]
    |psi|^2 = 1.000
==== e(   9) =   -46.08779 eV ==== 
     psi = 0.083*[#   3]+0.083*[#   4]+0.083*[#   5]+0.083*[#  14]+0.083*[#  25]
          +0.083*[#  33]+0.083*[#  13]+0.083*[#  15]+0.083*[#  23]+0.083*[#  24]
          +0.083*[#  34]+0.083*[#  35]
    |psi|^2 = 1.000
==== e(  10) =   -46.08306 eV ==== 
     psi = 0.167*[#   3]+0.167*[#   4]+0.167*[#   5]+0.167*[#  14]+0.167*[#  25]
          +0.167*[#  33]
    |psi|^2 = 1.000
==== e(  11) =   -46.08304 eV ==== 
     psi = 0.167*[#  13]+0.167*[#  15]+0.167*[#  23]+0.167*[#  24]+0.167*[#  34]
          +0.167*[#  35]
    |psi|^2 = 1.000
==== e(  12) =   -46.07951 eV ==== 
     psi = 0.083*[#  13]+0.083*[#  15]+0.083*[#  23]+0.083*[#  24]+0.083*[#  34]
          +0.083*[#  35]+0.083*[#   3]+0.083*[#   4]+0.083*[#   5]+0.083*[#  14]
          +0.083*[#  25]+0.083*[#  33]
    |psi|^2 = 1.000
==== e(  13) =   -46.07951 eV ==== 
     psi = 0.083*[#  13]+0.083*[#  15]+0.083*[#  23]+0.083*[#  24]+0.083*[#  34]
          +0.083*[#  35]+0.083*[#   3]+0.083*[#   4]+0.083*[#   5]+0.083*[#  14]
          +0.083*[#  25]+0.083*[#  33]
    |psi|^2 = 1.000
==== e(  14) =   -46.01094 eV ==== 
     psi = 0.083*[#   3]+0.083*[#   4]+0.083*[#   5]+0.083*[#  13]+0.083*[#  14]
          +0.083*[#  15]+0.083*[#  23]+0.083*[#  24]+0.083*[#  25]+0.083*[#  33]
          +0.083*[#  34]+0.083*[#  35]
    |psi|^2 = 1.000
==== e(  15) =   -46.00517 eV ==== 
     psi = 0.083*[#   3]+0.083*[#   4]+0.083*[#   5]+0.083*[#  13]+0.083*[#  14]
          +0.083*[#  15]+0.083*[#  23]+0.083*[#  24]+0.083*[#  25]+0.083*[#  33]
          +0.083*[#  34]+0.083*[#  35]
    |psi|^2 = 1.000
==== e(  16) =   -46.00517 eV ==== 
     psi = 0.083*[#   3]+0.083*[#   4]+0.083*[#   5]+0.083*[#  13]+0.083*[#  14]
          +0.083*[#  15]+0.083*[#  23]+0.083*[#  24]+0.083*[#  25]+0.083*[#  33]
          +0.083*[#  34]+0.083*[#  35]
    |psi|^2 = 1.000
==== e(  17) =     9.03375 eV ==== 
     psi = 0.235*[#   2]+0.235*[#  12]+0.235*[#  22]+0.235*[#  32]+0.015*[#   1]
          +0.015*[#  11]+0.015*[#  21]+0.015*[#  31]
    |psi|^2 = 0.999
==== e(  18) =    13.27000 eV ==== 
     psi = 0.111*[#   6]+0.111*[#   9]+0.111*[#  16]+0.111*[#  19]+0.111*[#  26]
          +0.111*[#  29]+0.111*[#  36]+0.111*[#  39]+0.027*[#   2]+0.027*[#  12]
          +0.027*[#  22]+0.027*[#  32]
    |psi|^2 = 0.995
==== e(  19) =    13.36657 eV ==== 
     psi = 0.215*[#  36]+0.176*[#  19]+0.176*[#  29]+0.098*[#  16]+0.098*[#  26]
          +0.060*[#  39]+0.053*[#   6]+0.053*[#   9]+0.032*[#   2]+0.011*[#  12]
          +0.011*[#  22]+0.011*[#  32]
    |psi|^2 = 0.993
==== e(  20) =    13.36659 eV ==== 
     psi = 0.179*[#   6]+0.179*[#   9]+0.173*[#  39]+0.134*[#  16]+0.134*[#  26]
          +0.057*[#  19]+0.057*[#  29]+0.021*[#  12]+0.021*[#  22]+0.021*[#  32]
          +0.018*[#  36]
    |psi|^2 = 0.993
==== e(  21) =    13.77956 eV ==== 
     psi = 0.083*[#   7]+0.083*[#   8]+0.083*[#  10]+0.083*[#  17]+0.083*[#  18]
          +0.083*[#  20]+0.083*[#  27]+0.083*[#  28]+0.083*[#  30]+0.083*[#  37]
          +0.083*[#  38]+0.083*[#  40]
    |psi|^2 = 0.995
==== e(  22) =    13.78581 eV ==== 
     psi = 0.083*[#   7]+0.083*[#   8]+0.083*[#  10]+0.083*[#  17]+0.083*[#  18]
          +0.083*[#  20]+0.083*[#  27]+0.083*[#  28]+0.083*[#  30]+0.083*[#  37]
          +0.083*[#  38]+0.083*[#  40]
    |psi|^2 = 0.993
==== e(  23) =    13.78581 eV ==== 
     psi = 0.083*[#   7]+0.083*[#   8]+0.083*[#  10]+0.083*[#  17]+0.083*[#  18]
          +0.083*[#  20]+0.083*[#  27]+0.083*[#  28]+0.083*[#  30]+0.083*[#  37]
          +0.083*[#  38]+0.083*[#  40]
    |psi|^2 = 0.993
==== e(  24) =    15.41797 eV ==== 
     psi = 0.083*[#   7]+0.083*[#   8]+0.083*[#  10]+0.083*[#  17]+0.083*[#  18]
          +0.083*[#  20]+0.083*[#  27]+0.083*[#  28]+0.083*[#  30]+0.083*[#  37]
          +0.083*[#  38]+0.083*[#  40]
    |psi|^2 = 0.999
==== e(  25) =    15.54811 eV ==== 
     psi = 0.083*[#   7]+0.083*[#   8]+0.083*[#  10]+0.083*[#  17]+0.083*[#  18]
          +0.083*[#  20]+0.083*[#  27]+0.083*[#  28]+0.083*[#  30]+0.083*[#  37]
          +0.083*[#  38]+0.083*[#  40]
    |psi|^2 = 0.999
==== e(  26) =    15.54811 eV ==== 
     psi = 0.083*[#   7]+0.083*[#   8]+0.083*[#  10]+0.083*[#  17]+0.083*[#  18]
          +0.083*[#  20]+0.083*[#  27]+0.083*[#  28]+0.083*[#  30]+0.083*[#  37]
          +0.083*[#  38]+0.083*[#  40]
    |psi|^2 = 0.999
==== e(  27) =    16.61832 eV ==== 
     psi = 0.125*[#   6]+0.125*[#   9]+0.125*[#  16]+0.125*[#  19]+0.125*[#  26]
          +0.125*[#  29]+0.125*[#  36]+0.125*[#  39]
    |psi|^2 = 1.000
==== e(  28) =    16.71292 eV ==== 
     psi = 0.125*[#   6]+0.125*[#   9]+0.125*[#  16]+0.125*[#  19]+0.125*[#  26]
          +0.125*[#  29]+0.125*[#  36]+0.125*[#  39]
    |psi|^2 = 1.000
==== e(  29) =    17.03858 eV ==== 
     psi = 0.079*[#   7]+0.079*[#   8]+0.079*[#  10]+0.079*[#  17]+0.079*[#  18]
          +0.079*[#  20]+0.079*[#  27]+0.079*[#  28]+0.079*[#  30]+0.079*[#  37]
          +0.079*[#  38]+0.079*[#  40]
    |psi|^2 = 0.944
==== e(  30) =    17.03858 eV ==== 
     psi = 0.079*[#   7]+0.079*[#   8]+0.079*[#  10]+0.079*[#  17]+0.079*[#  18]
          +0.079*[#  20]+0.079*[#  27]+0.079*[#  28]+0.079*[#  30]+0.079*[#  37]
          +0.079*[#  38]+0.079*[#  40]
    |psi|^2 = 0.944
==== e(  31) =    17.31244 eV ==== 
     psi = 0.192*[#   6]+0.192*[#   9]+0.186*[#  36]+0.144*[#  19]+0.144*[#  29]
          +0.061*[#  16]+0.061*[#  26]+0.019*[#  39]
    |psi|^2 = 0.999
==== e(  32) =    17.31244 eV ==== 
     psi = 0.230*[#  39]+0.189*[#  16]+0.189*[#  26]+0.106*[#  19]+0.106*[#  29]
          +0.064*[#  36]+0.058*[#   6]+0.058*[#   9]
    |psi|^2 = 0.999
==== e(  33) =    17.36549 eV ==== 
     psi = 0.083*[#   7]+0.083*[#   8]+0.083*[#  10]+0.083*[#  17]+0.083*[#  18]
          +0.083*[#  20]+0.083*[#  27]+0.083*[#  28]+0.083*[#  30]+0.083*[#  37]
          +0.083*[#  38]+0.083*[#  40]
    |psi|^2 = 0.999
==== e(  34) =    17.36549 eV ==== 
     psi = 0.083*[#   7]+0.083*[#   8]+0.083*[#  10]+0.083*[#  17]+0.083*[#  18]
          +0.083*[#  20]+0.083*[#  27]+0.083*[#  28]+0.083*[#  30]+0.083*[#  37]
          +0.083*[#  38]+0.083*[#  40]
    |psi|^2 = 0.999
==== e(  35) =    17.37281 eV ==== 
     psi = 0.125*[#   6]+0.125*[#   9]+0.125*[#  16]+0.125*[#  19]+0.125*[#  26]
          +0.125*[#  29]+0.125*[#  36]+0.125*[#  39]
    |psi|^2 = 1.000
==== e(  36) =    17.46675 eV ==== 
     psi = 0.167*[#   7]+0.167*[#   8]+0.167*[#  10]+0.167*[#  18]+0.167*[#  27]
          +0.167*[#  40]
    |psi|^2 = 1.000
==== e(  37) =    17.46676 eV ==== 
     psi = 0.167*[#  17]+0.167*[#  20]+0.167*[#  28]+0.167*[#  30]+0.167*[#  37]
          +0.167*[#  38]
    |psi|^2 = 1.000
==== e(  38) =    19.32676 eV ==== 
     psi = 0.114*[#   2]+0.114*[#  12]+0.114*[#  22]+0.114*[#  32]+0.009*[#   6]
          +0.009*[#   9]+0.009*[#  16]+0.009*[#  19]+0.009*[#  26]+0.009*[#  29]
          +0.009*[#  36]+0.009*[#  39]+0.002*[#   1]+0.002*[#  11]+0.002*[#  21]
          +0.002*[#  31]
    |psi|^2 = 0.534
==== e(  39) =    20.89681 eV ==== 
     psi = 0.005*[#   7]+0.005*[#   8]+0.005*[#  10]+0.005*[#  17]+0.005*[#  18]
          +0.005*[#  20]+0.005*[#  27]+0.005*[#  28]+0.005*[#  30]+0.005*[#  37]
          +0.005*[#  38]+0.005*[#  40]
    |psi|^2 = 0.056
==== e(  40) =    20.89681 eV ==== 
     psi = 0.005*[#   7]+0.005*[#   8]+0.005*[#  10]+0.005*[#  17]+0.005*[#  18]
          +0.005*[#  20]+0.005*[#  27]+0.005*[#  28]+0.005*[#  30]+0.005*[#  37]
          +0.005*[#  38]+0.005*[#  40]
    |psi|^2 = 0.056
==== e(  41) =    27.13531 eV ==== 
     psi = 0.393*[#   2]+0.131*[#  12]+0.131*[#  22]+0.131*[#  32]+0.016*[#  36]
          +0.013*[#  19]+0.013*[#  29]+0.009*[#   1]+0.007*[#  16]+0.007*[#  26]
          +0.004*[#   6]+0.004*[#   9]+0.004*[#  39]+0.003*[#  11]+0.003*[#  21]
          +0.003*[#  31]
    |psi|^2 = 0.873
==== e(  42) =    27.13531 eV ==== 
     psi = 0.262*[#  12]+0.262*[#  22]+0.262*[#  32]+0.013*[#   6]+0.013*[#   9]
          +0.013*[#  39]+0.010*[#  16]+0.010*[#  26]+0.006*[#  11]+0.006*[#  21]
          +0.006*[#  31]+0.004*[#  19]+0.004*[#  29]+0.001*[#  36]
    |psi|^2 = 0.873
==== e(  43) =    28.41742 eV ==== 
     psi = 0.090*[#   2]+0.090*[#  12]+0.090*[#  22]+0.090*[#  32]+0.005*[#   6]
          +0.005*[#   9]+0.005*[#  16]+0.005*[#  19]+0.005*[#  26]+0.005*[#  29]
          +0.005*[#  36]+0.005*[#  39]+0.002*[#   1]+0.002*[#  11]+0.002*[#  21]
          +0.002*[#  31]
    |psi|^2 = 0.410

 k =   0.0000000000  0.0000000000  0.2500000000
==== e(   1) =   -85.74884 eV ==== 
     psi = 0.239*[#   1]+0.238*[#  11]+0.238*[#  21]+0.238*[#  31]+0.012*[#   2]
          +0.012*[#  12]+0.012*[#  22]+0.012*[#  32]
    |psi|^2 = 1.000
==== e(   2) =   -85.71761 eV ==== 
     psi = 0.250*[#   1]+0.248*[#  11]+0.248*[#  21]+0.248*[#  31]
    |psi|^2 = 1.000
==== e(   3) =   -85.71118 eV ==== 
     psi = 0.488*[#   1]+0.164*[#  11]+0.164*[#  21]+0.164*[#  31]+0.010*[#   2]
          +0.003*[#  12]+0.003*[#  22]+0.003*[#  32]
    |psi|^2 = 1.000
==== e(   4) =   -85.71116 eV ==== 
     psi = 0.327*[#  11]+0.327*[#  21]+0.327*[#  31]+0.006*[#  12]+0.006*[#  22]
          +0.006*[#  32]
    |psi|^2 = 1.000
==== e(   5) =   -46.18858 eV ==== 
     psi = 0.083*[#   3]+0.083*[#   4]+0.083*[#   5]+0.083*[#  13]+0.083*[#  14]
          +0.083*[#  15]+0.083*[#  23]+0.083*[#  24]+0.083*[#  25]+0.083*[#  33]
          +0.083*[#  34]+0.083*[#  35]
    |psi|^2 = 1.000
==== e(   6) =   -46.18858 eV ==== 
     psi = 0.083*[#   3]+0.083*[#   4]+0.083*[#   5]+0.083*[#  13]+0.083*[#  14]
          +0.083*[#  15]+0.083*[#  23]+0.083*[#  24]+0.083*[#  25]+0.083*[#  33]
          +0.083*[#  34]+0.083*[#  35]
    |psi|^2 = 1.000
==== e(   7) =   -46.17730 eV ==== 
     psi = 0.083*[#   3]+0.083*[#   4]+0.083*[#   5]+0.083*[#  13]+0.083*[#  14]
          +0.083*[#  15]+0.083*[#  23]+0.083*[#  24]+0.083*[#  25]+0.083*[#  33]
          +0.083*[#  34]+0.083*[#  35]+0.001*[#   2]+0.001*[#  12]+0.001*[#  22]
          +0.001*[#  32]
    |psi|^2 = 1.000
==== e(   8) =   -46.10121 eV ==== 
     psi = 0.083*[#   3]+0.083*[#   4]+0.083*[#   5]+0.083*[#  13]+0.083*[#  14]
          +0.083*[#  15]+0.083*[#  23]+0.083*[#  24]+0.083*[#  25]+0.083*[#  33]
          +0.083*[#  34]+0.083*[#  35]
    |psi|^2 = 1.000
==== e(   9) =   -46.10121 eV ==== 
     psi = 0.083*[#   3]+0.083*[#   4]+0.083*[#   5]+0.083*[#  13]+0.083*[#  14]
          +0.083*[#  15]+0.083*[#  23]+0.083*[#  24]+0.083*[#  25]+0.083*[#  33]
          +0.083*[#  34]+0.083*[#  35]
    |psi|^2 = 1.000
==== e(  10) =   -46.08376 eV ==== 
     psi = 0.167*[#   3]+0.167*[#   4]+0.167*[#   5]+0.167*[#  14]+0.167*[#  25]
          +0.167*[#  33]
    |psi|^2 = 1.000
==== e(  11) =   -46.08375 eV ==== 
     psi = 0.167*[#  13]+0.167*[#  15]+0.167*[#  23]+0.167*[#  24]+0.167*[#  34]
          +0.167*[#  35]
    |psi|^2 = 1.000
==== e(  12) =   -46.07075 eV ==== 
     psi = 0.083*[#   3]+0.083*[#   4]+0.083*[#   5]+0.083*[#  13]+0.083*[#  15]
          +0.083*[#  23]+0.083*[#  24]+0.083*[#  34]+0.083*[#  35]+0.083*[#  14]
          +0.083*[#  25]+0.083*[#  33]
    |psi|^2 = 1.000
==== e(  13) =   -46.07075 eV ==== 
     psi = 0.083*[#   3]+0.083*[#   4]+0.083*[#   5]+0.083*[#  13]+0.083*[#  15]
          +0.083*[#  23]+0.083*[#  24]+0.083*[#  34]+0.083*[#  35]+0.083*[#  14]
          +0.083*[#  25]+0.083*[#  33]
    |psi|^2 = 1.000
==== e(  14) =   -46.03335 eV ==== 
     psi = 0.083*[#   3]+0.083*[#   4]+0.083*[#   5]+0.083*[#  13]+0.083*[#  14]
          +0.083*[#  25]+0.083*[#  15]+0.083*[#  23]+0.083*[#  33]+0.083*[#  24]
          +0.083*[#  34]+0.083*[#  35]
    |psi|^2 = 1.000
==== e(  15) =   -46.01391 eV ==== 
     psi = 0.083*[#   3]+0.083*[#   4]+0.083*[#   5]+0.083*[#  13]+0.083*[#  14]
          +0.083*[#  15]+0.083*[#  23]+0.083*[#  24]+0.083*[#  25]+0.083*[#  33]
          +0.083*[#  34]+0.083*[#  35]
    |psi|^2 = 1.000
==== e(  16) =   -46.01391 eV ==== 
     psi = 0.083*[#   3]+0.083*[#   4]+0.083*[#   5]+0.083*[#  13]+0.083*[#  14]
          +0.083*[#  15]+0.083*[#  23]+0.083*[#  24]+0.083*[#  25]+0.083*[#  33]
          +0.083*[#  34]+0.083*[#  35]
    |psi|^2 = 1.000
==== e(  17) =     9.63169 eV ==== 
     psi = 0.236*[#   2]+0.236*[#  12]+0.236*[#  22]+0.236*[#  32]+0.012*[#   1]
          +0.012*[#  11]+0.012*[#  21]+0.012*[#  31]
    |psi|^2 = 0.999
==== e(  18) =    13.20174 eV ==== 
     psi = 0.091*[#   6]+0.091*[#   9]+0.091*[#  16]+0.091*[#  19]+0.091*[#  26]
          +0.091*[#  29]+0.091*[#  36]+0.091*[#  39]+0.067*[#   2]+0.067*[#  12]
          +0.067*[#  22]+0.067*[#  32]
    |psi|^2 = 0.993
==== e(  19) =    13.64806 eV ==== 
     psi = 0.222*[#  36]+0.183*[#  19]+0.183*[#  29]+0.105*[#  16]+0.105*[#  26]
          +0.065*[#  39]+0.040*[#   6]+0.040*[#   9]+0.022*[#   2]+0.007*[#  12]
          +0.007*[#  22]+0.007*[#  32]
    |psi|^2 = 0.987
==== e(  20) =    13.64807 eV ==== 
     psi = 0.196*[#   6]+0.196*[#   9]+0.170*[#  39]+0.131*[#  16]+0.131*[#  26]
          +0.052*[#  19]+0.052*[#  29]+0.015*[#  12]+0.015*[#  22]+0.015*[#  32]
          +0.013*[#  36]
    |psi|^2 = 0.987
==== e(  21) =    13.95923 eV ==== 
     psi = 0.083*[#   7]+0.083*[#   8]+0.083*[#  10]+0.083*[#  17]+0.083*[#  18]
          +0.083*[#  20]+0.083*[#  27]+0.083*[#  28]+0.083*[#  30]+0.083*[#  37]
          +0.083*[#  38]+0.083*[#  40]
    |psi|^2 = 0.995
==== e(  22) =    13.99363 eV ==== 
     psi = 0.082*[#   7]+0.082*[#   8]+0.082*[#  10]+0.082*[#  17]+0.082*[#  18]
          +0.082*[#  20]+0.082*[#  27]+0.082*[#  28]+0.082*[#  30]+0.082*[#  37]
          +0.082*[#  38]+0.082*[#  40]
    |psi|^2 = 0.988
==== e(  23) =    13.99363 eV ==== 
     psi = 0.082*[#   7]+0.082*[#   8]+0.082*[#  10]+0.082*[#  17]+0.082*[#  18]
          +0.082*[#  20]+0.082*[#  27]+0.082*[#  28]+0.082*[#  30]+0.082*[#  37]
          +0.082*[#  38]+0.082*[#  40]
    |psi|^2 = 0.988
==== e(  24) =    15.21246 eV ==== 
     psi = 0.083*[#   7]+0.083*[#   8]+0.083*[#  10]+0.083*[#  17]+0.083*[#  18]
          +0.083*[#  20]+0.083*[#  27]+0.083*[#  28]+0.083*[#  30]+0.083*[#  37]
          +0.083*[#  38]+0.083*[#  40]
    |psi|^2 = 0.998
==== e(  25) =    15.71662 eV ==== 
     psi = 0.083*[#   7]+0.083*[#   8]+0.083*[#  10]+0.083*[#  17]+0.083*[#  18]
          +0.083*[#  20]+0.083*[#  27]+0.083*[#  28]+0.083*[#  30]+0.083*[#  37]
          +0.083*[#  38]+0.083*[#  40]
    |psi|^2 = 0.998
==== e(  26) =    15.71662 eV ==== 
     psi = 0.083*[#   7]+0.083*[#   8]+0.083*[#  10]+0.083*[#  17]+0.083*[#  18]
          +0.083*[#  20]+0.083*[#  27]+0.083*[#  28]+0.083*[#  30]+0.083*[#  37]
          +0.083*[#  38]+0.083*[#  40]
    |psi|^2 = 0.998
==== e(  27) =    16.24854 eV ==== 
     psi = 0.077*[#   7]+0.077*[#   8]+0.077*[#  10]+0.077*[#  17]+0.077*[#  18]
          +0.077*[#  20]+0.077*[#  27]+0.077*[#  28]+0.077*[#  30]+0.077*[#  37]
          +0.077*[#  38]+0.077*[#  40]
    |psi|^2 = 0.925
==== e(  28) =    16.24854 eV ==== 
     psi = 0.077*[#   7]+0.077*[#   8]+0.077*[#  10]+0.077*[#  17]+0.077*[#  18]
          +0.077*[#  20]+0.077*[#  27]+0.077*[#  28]+0.077*[#  30]+0.077*[#  37]
          +0.077*[#  38]+0.077*[#  40]
    |psi|^2 = 0.925
==== e(  29) =    16.43432 eV ==== 
     psi = 0.124*[#   6]+0.124*[#   9]+0.124*[#  16]+0.124*[#  19]+0.124*[#  26]
          +0.124*[#  29]+0.124*[#  36]+0.124*[#  39]
    |psi|^2 = 0.999
==== e(  30) =    16.78780 eV ==== 
     psi = 0.125*[#   6]+0.125*[#   9]+0.125*[#  16]+0.125*[#  19]+0.125*[#  26]
          +0.125*[#  29]+0.125*[#  36]+0.125*[#  39]
    |psi|^2 = 1.000
==== e(  31) =    17.07087 eV ==== 
     psi = 0.206*[#   6]+0.206*[#   9]+0.180*[#  36]+0.139*[#  19]+0.139*[#  29]
          +0.056*[#  16]+0.056*[#  26]+0.014*[#  39]
    |psi|^2 = 0.998
==== e(  32) =    17.07088 eV ==== 
     psi = 0.235*[#  39]+0.193*[#  16]+0.193*[#  26]+0.110*[#  19]+0.110*[#  29]
          +0.069*[#  36]+0.043*[#   6]+0.043*[#   9]
    |psi|^2 = 0.998
==== e(  33) =    17.09307 eV ==== 
     psi = 0.083*[#   7]+0.083*[#   8]+0.083*[#  10]+0.083*[#  17]+0.083*[#  18]
          +0.083*[#  20]+0.083*[#  27]+0.083*[#  28]+0.083*[#  30]+0.083*[#  37]
          +0.083*[#  38]+0.083*[#  40]
    |psi|^2 = 0.998
==== e(  34) =    17.09307 eV ==== 
     psi = 0.083*[#   7]+0.083*[#   8]+0.083*[#  10]+0.083*[#  17]+0.083*[#  18]
          +0.083*[#  20]+0.083*[#  27]+0.083*[#  28]+0.083*[#  30]+0.083*[#  37]
          +0.083*[#  38]+0.083*[#  40]
    |psi|^2 = 0.998
==== e(  35) =    17.29329 eV ==== 
     psi = 0.125*[#   6]+0.125*[#   9]+0.125*[#  16]+0.125*[#  19]+0.125*[#  26]
          +0.125*[#  29]+0.125*[#  36]+0.125*[#  39]
    |psi|^2 = 1.000
==== e(  36) =    17.46716 eV ==== 
     psi = 0.167*[#   7]+0.167*[#   8]+0.167*[#  10]+0.167*[#  18]+0.167*[#  27]
          +0.167*[#  40]
    |psi|^2 = 1.000
==== e(  37) =    17.46717 eV ==== 
     psi = 0.167*[#  17]+0.167*[#  20]+0.167*[#  28]+0.167*[#  30]+0.167*[#  37]
          +0.167*[#  38]
    |psi|^2 = 1.000
==== e(  38) =    17.62877 eV ==== 
     psi = 0.158*[#   2]+0.158*[#  12]+0.158*[#  22]+0.158*[#  32]+0.032*[#   6]
          +0.032*[#   9]+0.032*[#  16]+0.032*[#  19]+0.032*[#  26]+0.032*[#  29]
          +0.032*[#  36]+0.032*[#  39]+0.001*[#   1]+0.001*[#  11]+0.001*[#  21]
          +0.001*[#  31]
    |psi|^2 = 0.891
==== e(  39) =    22.19687 eV ==== 
     psi = 0.006*[#   7]+0.006*[#   8]+0.006*[#  10]+0.006*[#  17]+0.006*[#  18]
          +0.006*[#  20]+0.006*[#  27]+0.006*[#  28]+0.006*[#  30]+0.006*[#  37]
          +0.006*[#  38]+0.006*[#  40]
    |psi|^2 = 0.075
==== e(  40) =    22.19687 eV ==== 
     psi = 0.006*[#   7]+0.006*[#   8]+0.006*[#  10]+0.006*[#  17]+0.006*[#  18]
          +0.006*[#  20]+0.006*[#  27]+0.006*[#  28]+0.006*[#  30]+0.006*[#  37]
          +0.006*[#  38]+0.006*[#  40]
    |psi|^2 = 0.075
==== e(  41) =    27.29887 eV ==== 
     psi = 0.333*[#   2]+0.111*[#  12]+0.111*[#  22]+0.111*[#  32]+0.013*[#  36]
          +0.011*[#  19]+0.011*[#  29]+0.008*[#   1]+0.006*[#  16]+0.006*[#  26]
          +0.004*[#  39]+0.003*[#   6]+0.003*[#   9]+0.003*[#  11]+0.003*[#  21]
          +0.003*[#  31]
    |psi|^2 = 0.737
==== e(  42) =    27.29888 eV ==== 
     psi = 0.222*[#  12]+0.222*[#  22]+0.222*[#  32]+0.011*[#   6]+0.011*[#   9]
          +0.011*[#  39]+0.008*[#  16]+0.008*[#  26]+0.005*[#  11]+0.005*[#  21]
          +0.005*[#  31]+0.003*[#  19]+0.003*[#  29]+0.001*[#  36]
    |psi|^2 = 0.737
==== e(  43) =    29.58775 eV ==== 

    |psi|^2 = 0.010

 k =   0.0000000000  0.0000000000  0.3750000000
==== e(   1) =   -85.74163 eV ==== 
     psi = 0.244*[#   1]+0.243*[#  11]+0.243*[#  21]+0.243*[#  31]+0.007*[#   2]
          +0.007*[#  12]+0.007*[#  22]+0.007*[#  32]
    |psi|^2 = 1.000
==== e(   2) =   -85.72475 eV ==== 
     psi = 0.250*[#   1]+0.250*[#  11]+0.250*[#  21]+0.250*[#  31]
    |psi|^2 = 1.000
==== e(   3) =   -85.71117 eV ==== 
     psi = 0.489*[#   1]+0.164*[#  11]+0.164*[#  21]+0.164*[#  31]+0.010*[#   2]
          +0.003*[#  12]+0.003*[#  22]+0.003*[#  32]
    |psi|^2 = 1.000
==== e(   4) =   -85.71115 eV ==== 
     psi = 0.326*[#  11]+0.326*[#  21]+0.326*[#  31]+0.007*[#  12]+0.007*[#  22]
          +0.007*[#  32]
    |psi|^2 = 1.000
==== e(   5) =   -46.16842 eV ==== 
     psi = 0.083*[#   3]+0.083*[#   4]+0.083*[#   5]+0.083*[#  13]+0.083*[#  14]
          +0.083*[#  15]+0.083*[#  23]+0.083*[#  24]+0.083*[#  25]+0.083*[#  33]
          +0.083*[#  34]+0.083*[#  35]
    |psi|^2 = 1.000
==== e(   6) =   -46.16842 eV ==== 
     psi = 0.083*[#   3]+0.083*[#   4]+0.083*[#   5]+0.083*[#  13]+0.083*[#  14]
          +0.083*[#  15]+0.083*[#  23]+0.083*[#  24]+0.083*[#  25]+0.083*[#  33]
          +0.083*[#  34]+0.083*[#  35]
    |psi|^2 = 1.000
==== e(   7) =   -46.14398 eV ==== 
     psi = 0.083*[#   3]+0.083*[#   4]+0.083*[#   5]+0.083*[#  13]+0.083*[#  14]
          +0.083*[#  15]+0.083*[#  23]+0.083*[#  24]+0.083*[#  25]+0.083*[#  33]
          +0.083*[#  34]+0.083*[#  35]+0.002*[#   2]+0.002*[#  12]+0.002*[#  22]
          +0.002*[#  32]
    |psi|^2 = 1.000
==== e(   8) =   -46.12118 eV ==== 
     psi = 0.083*[#   3]+0.083*[#   4]+0.083*[#   5]+0.083*[#  13]+0.083*[#  14]
          +0.083*[#  15]+0.083*[#  23]+0.083*[#  24]+0.083*[#  25]+0.083*[#  33]
          +0.083*[#  34]+0.083*[#  35]
    |psi|^2 = 1.000
==== e(   9) =   -46.12118 eV ==== 
     psi = 0.083*[#   3]+0.083*[#   4]+0.083*[#   5]+0.083*[#  13]+0.083*[#  14]
          +0.083*[#  15]+0.083*[#  23]+0.083*[#  24]+0.083*[#  25]+0.083*[#  33]
          +0.083*[#  34]+0.083*[#  35]
    |psi|^2 = 1.000
==== e(  10) =   -46.08408 eV ==== 
     psi = 0.167*[#   3]+0.167*[#   4]+0.167*[#   5]+0.166*[#  14]+0.166*[#  25]
          +0.166*[#  33]
    |psi|^2 = 1.000
==== e(  11) =   -46.08406 eV ==== 
     psi = 0.167*[#  13]+0.167*[#  15]+0.167*[#  23]+0.167*[#  24]+0.167*[#  34]
          +0.167*[#  35]
    |psi|^2 = 1.000
==== e(  12) =   -46.06591 eV ==== 
     psi = 0.083*[#  14]+0.083*[#  25]+0.083*[#  33]+0.083*[#  13]+0.083*[#  15]
          +0.083*[#  23]+0.083*[#  24]+0.083*[#  34]+0.083*[#  35]+0.083*[#   3]
          +0.083*[#   4]+0.083*[#   5]+0.001*[#   2]+0.001*[#  12]+0.001*[#  22]
          +0.001*[#  32]
    |psi|^2 = 1.000
==== e(  13) =   -46.05778 eV ==== 
     psi = 0.083*[#   3]+0.083*[#   4]+0.083*[#   5]+0.083*[#  13]+0.083*[#  14]
          +0.083*[#  15]+0.083*[#  23]+0.083*[#  24]+0.083*[#  25]+0.083*[#  33]
          +0.083*[#  34]+0.083*[#  35]
    |psi|^2 = 1.000
==== e(  14) =   -46.05778 eV ==== 
     psi = 0.083*[#   3]+0.083*[#   4]+0.083*[#   5]+0.083*[#  13]+0.083*[#  14]
          +0.083*[#  15]+0.083*[#  23]+0.083*[#  24]+0.083*[#  25]+0.083*[#  33]
          +0.083*[#  34]+0.083*[#  35]
    |psi|^2 = 1.000
==== e(  15) =   -46.02692 eV ==== 
     psi = 0.083*[#  14]+0.083*[#  23]+0.083*[#  24]+0.083*[#  25]+0.083*[#  33]
          +0.083*[#   3]+0.083*[#  15]+0.083*[#  13]+0.083*[#   5]+0.083*[#   4]
          +0.083*[#  34]+0.083*[#  35]
    |psi|^2 = 1.000
==== e(  16) =   -46.02692 eV ==== 
     psi = 0.083*[#  14]+0.083*[#  23]+0.083*[#  24]+0.083*[#  25]+0.083*[#  33]
          +0.083*[#   3]+0.083*[#  15]+0.083*[#  13]+0.083*[#   5]+0.083*[#   4]
          +0.083*[#  34]+0.083*[#  35]
    |psi|^2 = 1.000
==== e(  17) =    10.57381 eV ==== 
     psi = 0.235*[#   2]+0.235*[#  12]+0.235*[#  22]+0.235*[#  32]+0.007*[#   1]
          +0.007*[#  11]+0.007*[#  21]+0.007*[#  31]+0.003*[#   6]+0.003*[#   9]
          +0.003*[#  16]+0.003*[#  19]+0.003*[#  26]+0.003*[#  29]+0.003*[#  36]
          +0.003*[#  39]
    |psi|^2 = 0.998
==== e(  18) =    12.74244 eV ==== 
     psi = 0.151*[#   2]+0.151*[#  12]+0.151*[#  22]+0.151*[#  32]+0.048*[#   6]
          +0.048*[#   9]+0.048*[#  16]+0.048*[#  19]+0.048*[#  26]+0.048*[#  29]
          +0.048*[#  36]+0.048*[#  39]
    |psi|^2 = 0.994
==== e(  19) =    13.98658 eV ==== 
     psi = 0.235*[#  36]+0.195*[#  19]+0.195*[#  29]+0.115*[#  16]+0.115*[#  26]
          +0.075*[#  39]+0.016*[#   6]+0.016*[#   9]+0.008*[#   2]+0.003*[#  12]
          +0.003*[#  22]+0.003*[#  32]
    |psi|^2 = 0.976
==== e(  20) =    13.98659 eV ==== 
     psi = 0.224*[#   6]+0.224*[#   9]+0.165*[#  39]+0.125*[#  16]+0.125*[#  26]
          +0.045*[#  19]+0.045*[#  29]+0.005*[#  12]+0.005*[#  22]+0.005*[#  32]
          +0.005*[#  36]
    |psi|^2 = 0.976
==== e(  21) =    14.23384 eV ==== 
     psi = 0.083*[#   7]+0.083*[#   8]+0.083*[#  10]+0.083*[#  17]+0.083*[#  18]
          +0.083*[#  20]+0.083*[#  27]+0.083*[#  28]+0.083*[#  30]+0.083*[#  37]
          +0.083*[#  38]+0.083*[#  40]
    |psi|^2 = 0.995
==== e(  22) =    14.34484 eV ==== 
     psi = 0.082*[#   7]+0.082*[#   8]+0.082*[#  10]+0.082*[#  17]+0.082*[#  18]
          +0.082*[#  20]+0.082*[#  27]+0.082*[#  28]+0.082*[#  30]+0.082*[#  37]
          +0.082*[#  38]+0.082*[#  40]
    |psi|^2 = 0.979
==== e(  23) =    14.34484 eV ==== 
     psi = 0.082*[#   7]+0.082*[#   8]+0.082*[#  10]+0.082*[#  17]+0.082*[#  18]
          +0.082*[#  20]+0.082*[#  27]+0.082*[#  28]+0.082*[#  30]+0.082*[#  37]
          +0.082*[#  38]+0.082*[#  40]
    |psi|^2 = 0.979
==== e(  24) =    14.91158 eV ==== 
     psi = 0.083*[#   7]+0.083*[#   8]+0.083*[#  10]+0.083*[#  17]+0.083*[#  18]
          +0.083*[#  20]+0.083*[#  27]+0.083*[#  28]+0.083*[#  30]+0.083*[#  37]
          +0.083*[#  38]+0.083*[#  40]
    |psi|^2 = 0.997
==== e(  25) =    15.48489 eV ==== 
     psi = 0.078*[#   7]+0.078*[#   8]+0.078*[#  10]+0.078*[#  17]+0.078*[#  18]
          +0.078*[#  20]+0.078*[#  27]+0.078*[#  28]+0.078*[#  30]+0.078*[#  37]
          +0.078*[#  38]+0.078*[#  40]
    |psi|^2 = 0.942
==== e(  26) =    15.48489 eV ==== 
     psi = 0.078*[#   7]+0.078*[#   8]+0.078*[#  10]+0.078*[#  17]+0.078*[#  18]
          +0.078*[#  20]+0.078*[#  27]+0.078*[#  28]+0.078*[#  30]+0.078*[#  37]
          +0.078*[#  38]+0.078*[#  40]
    |psi|^2 = 0.942
==== e(  27) =    15.98589 eV ==== 
     psi = 0.083*[#   7]+0.083*[#   8]+0.083*[#  10]+0.083*[#  17]+0.083*[#  18]
          +0.083*[#  20]+0.083*[#  27]+0.083*[#  28]+0.083*[#  30]+0.083*[#  37]
          +0.083*[#  38]+0.083*[#  40]
    |psi|^2 = 0.998
==== e(  28) =    15.98589 eV ==== 
     psi = 0.083*[#   7]+0.083*[#   8]+0.083*[#  10]+0.083*[#  17]+0.083*[#  18]
          +0.083*[#  20]+0.083*[#  27]+0.083*[#  28]+0.083*[#  30]+0.083*[#  37]
          +0.083*[#  38]+0.083*[#  40]
    |psi|^2 = 0.998
==== e(  29) =    16.20089 eV ==== 
     psi = 0.122*[#   6]+0.122*[#   9]+0.122*[#  16]+0.122*[#  19]+0.122*[#  26]
          +0.122*[#  29]+0.122*[#  36]+0.122*[#  39]+0.006*[#   2]+0.006*[#  12]
          +0.006*[#  22]+0.006*[#  32]
    |psi|^2 = 0.998
==== e(  30) =    16.41899 eV ==== 
     psi = 0.092*[#   2]+0.092*[#  12]+0.092*[#  22]+0.092*[#  32]+0.076*[#   6]
          +0.076*[#   9]+0.076*[#  16]+0.076*[#  19]+0.076*[#  26]+0.076*[#  29]
          +0.076*[#  36]+0.076*[#  39]
    |psi|^2 = 0.977
==== e(  31) =    16.72340 eV ==== 
     psi = 0.083*[#   7]+0.083*[#   8]+0.083*[#  10]+0.083*[#  17]+0.083*[#  18]
          +0.083*[#  20]+0.083*[#  27]+0.083*[#  28]+0.083*[#  30]+0.083*[#  37]
          +0.083*[#  38]+0.083*[#  40]
    |psi|^2 = 0.997
==== e(  32) =    16.72340 eV ==== 
     psi = 0.083*[#   7]+0.083*[#   8]+0.083*[#  10]+0.083*[#  17]+0.083*[#  18]
          +0.083*[#  20]+0.083*[#  27]+0.083*[#  28]+0.083*[#  30]+0.083*[#  37]
          +0.083*[#  38]+0.083*[#  40]
    |psi|^2 = 0.997
==== e(  33) =    16.76966 eV ==== 
     psi = 0.230*[#   6]+0.230*[#   9]+0.171*[#  36]+0.129*[#  19]+0.129*[#  29]
          +0.047*[#  16]+0.047*[#  26]+0.006*[#  39]+0.004*[#   2]+0.001*[#  12]
          +0.001*[#  22]+0.001*[#  32]
    |psi|^2 = 0.998
==== e(  34) =    16.76968 eV ==== 
     psi = 0.242*[#  39]+0.200*[#  16]+0.200*[#  26]+0.118*[#  19]+0.118*[#  29]
          +0.077*[#  36]+0.017*[#   6]+0.017*[#   9]+0.003*[#  12]+0.003*[#  22]
          +0.003*[#  32]
    |psi|^2 = 0.998
==== e(  35) =    16.90169 eV ==== 
     psi = 0.125*[#   6]+0.125*[#   9]+0.125*[#  16]+0.125*[#  19]+0.125*[#  26]
          +0.125*[#  29]+0.125*[#  36]+0.125*[#  39]
    |psi|^2 = 1.000
==== e(  36) =    17.17514 eV ==== 
     psi = 0.125*[#   6]+0.125*[#   9]+0.125*[#  16]+0.125*[#  19]+0.125*[#  26]
          +0.125*[#  29]+0.125*[#  36]+0.125*[#  39]
    |psi|^2 = 1.000
==== e(  37) =    17.46763 eV ==== 
     psi = 0.167*[#   7]+0.167*[#   8]+0.167*[#  10]+0.167*[#  18]+0.167*[#  27]
          +0.167*[#  40]
    |psi|^2 = 1.000
==== e(  38) =    17.46764 eV ==== 
     psi = 0.167*[#  17]+0.167*[#  20]+0.167*[#  28]+0.167*[#  30]+0.167*[#  37]
          +0.167*[#  38]
    |psi|^2 = 1.000
==== e(  39) =    23.80138 eV ==== 
     psi = 0.005*[#   7]+0.005*[#   8]+0.005*[#  10]+0.005*[#  17]+0.005*[#  18]
          +0.005*[#  20]+0.005*[#  27]+0.005*[#  28]+0.005*[#  30]+0.005*[#  37]
          +0.005*[#  38]+0.005*[#  40]
    |psi|^2 = 0.058
==== e(  40) =    23.80138 eV ==== 
     psi = 0.005*[#   7]+0.005*[#   8]+0.005*[#  10]+0.005*[#  17]+0.005*[#  18]
          +0.005*[#  20]+0.005*[#  27]+0.005*[#  28]+0.005*[#  30]+0.005*[#  37]
          +0.005*[#  38]+0.005*[#  40]
    |psi|^2 = 0.058
==== e(  41) =    27.54554 eV ==== 
     psi = 0.002*[#   7]+0.002*[#   8]+0.002*[#  10]+0.002*[#  17]+0.002*[#  18]
          +0.002*[#  20]+0.002*[#  27]+0.002*[#  28]+0.002*[#  30]+0.002*[#  37]
          +0.002*[#  38]+0.002*[#  40]
    |psi|^2 = 0.020
==== e(  42) =    27.59184 eV ==== 
     psi = 0.163*[#   2]+0.074*[#  12]+0.074*[#  22]+0.074*[#  32]+0.008*[#  36]
          +0.007*[#  19]+0.007*[#  29]+0.005*[#  16]+0.005*[#  26]+0.004*[#   1]
          +0.004*[#  39]+0.003*[#   6]+0.003*[#   9]+0.002*[#  11]+0.002*[#  21]
          +0.002*[#  31]
    |psi|^2 = 0.435
==== e(  43) =    27.59185 eV ==== 
     psi = 0.118*[#  12]+0.118*[#  22]+0.118*[#  32]+0.030*[#   2]+0.007*[#   6]
          +0.007*[#   9]+0.007*[#  39]+0.005*[#  16]+0.005*[#  26]+0.003*[#  19]
          +0.003*[#  29]+0.003*[#  11]+0.003*[#  21]+0.003*[#  31]+0.002*[#  36]
          
    |psi|^2 = 0.435

 k =   0.0000000000  0.0000000000 -0.5000000000
==== e(   1) =   -85.73319 eV ==== 
     psi = 0.496*[#   1]+0.165*[#  11]+0.165*[#  21]+0.165*[#  31]+0.005*[#   2]
          +0.002*[#  12]+0.002*[#  22]+0.002*[#  32]
    |psi|^2 = 1.000
==== e(   2) =   -85.73317 eV ==== 
     psi = 0.330*[#  11]+0.330*[#  21]+0.330*[#  31]+0.003*[#  12]+0.003*[#  22]
          +0.003*[#  32]
    |psi|^2 = 1.000
==== e(   3) =   -85.71117 eV ==== 
     psi = 0.489*[#   1]+0.164*[#  11]+0.164*[#  21]+0.164*[#  31]+0.010*[#   2]
          +0.003*[#  12]+0.003*[#  22]+0.003*[#  32]
    |psi|^2 = 1.000
==== e(   4) =   -85.71115 eV ==== 
     psi = 0.326*[#  11]+0.326*[#  21]+0.326*[#  31]+0.007*[#  12]+0.007*[#  22]
          +0.007*[#  32]
    |psi|^2 = 1.000
==== e(   5) =   -46.14481 eV ==== 
     psi = 0.167*[#   3]+0.167*[#   4]+0.167*[#   5]+0.083*[#  13]+0.083*[#  15]
          +0.083*[#  23]+0.083*[#  24]+0.083*[#  34]+0.083*[#  35]
    |psi|^2 = 1.000
==== e(   6) =   -46.14481 eV ==== 
     psi = 0.167*[#   3]+0.167*[#   4]+0.167*[#   5]+0.083*[#  13]+0.083*[#  15]
          +0.083*[#  23]+0.083*[#  24]+0.083*[#  34]+0.083*[#  35]
    |psi|^2 = 1.000
==== e(   7) =   -46.14480 eV ==== 
     psi = 0.167*[#  14]+0.167*[#  25]+0.167*[#  33]+0.083*[#  13]+0.083*[#  15]
          +0.083*[#  23]+0.083*[#  24]+0.083*[#  34]+0.083*[#  35]
    |psi|^2 = 1.000
==== e(   8) =   -46.14480 eV ==== 
     psi = 0.167*[#  14]+0.167*[#  25]+0.167*[#  33]+0.083*[#  13]+0.083*[#  15]
          +0.083*[#  23]+0.083*[#  24]+0.083*[#  34]+0.083*[#  35]
    |psi|^2 = 1.000
==== e(   9) =   -46.10502 eV ==== 
     psi = 0.166*[#   3]+0.166*[#   4]+0.166*[#   5]+0.165*[#  14]+0.165*[#  25]
          +0.165*[#  33]+0.002*[#  12]+0.002*[#  22]+0.002*[#  32]
    |psi|^2 = 1.000
==== e(  10) =   -46.10500 eV ==== 
     psi = 0.165*[#  13]+0.165*[#  15]+0.165*[#  23]+0.165*[#  24]+0.165*[#  34]
          +0.165*[#  35]+0.004*[#   2]+0.001*[#  12]+0.001*[#  22]+0.001*[#  32]
          
    |psi|^2 = 1.000
==== e(  11) =   -46.08432 eV ==== 
     psi = 0.167*[#  14]+0.167*[#  25]+0.167*[#  33]+0.166*[#   3]+0.166*[#   4]
          +0.166*[#   5]
    |psi|^2 = 1.000
==== e(  12) =   -46.08430 eV ==== 
     psi = 0.167*[#  13]+0.167*[#  15]+0.167*[#  23]+0.167*[#  24]+0.167*[#  34]
          +0.167*[#  35]
    |psi|^2 = 1.000
==== e(  13) =   -46.04231 eV ==== 
     psi = 0.167*[#   3]+0.167*[#   4]+0.167*[#   5]+0.083*[#  13]+0.083*[#  15]
          +0.083*[#  23]+0.083*[#  24]+0.083*[#  34]+0.083*[#  35]
    |psi|^2 = 1.000
==== e(  14) =   -46.04231 eV ==== 
     psi = 0.167*[#   3]+0.167*[#   4]+0.167*[#   5]+0.083*[#  13]+0.083*[#  15]
          +0.083*[#  23]+0.083*[#  24]+0.083*[#  34]+0.083*[#  35]
    |psi|^2 = 1.000
==== e(  15) =   -46.04230 eV ==== 
     psi = 0.167*[#  14]+0.167*[#  25]+0.167*[#  33]+0.083*[#  13]+0.083*[#  15]
          +0.083*[#  23]+0.083*[#  24]+0.083*[#  34]+0.083*[#  35]
    |psi|^2 = 1.000
==== e(  16) =   -46.04230 eV ==== 
     psi = 0.167*[#  14]+0.167*[#  25]+0.167*[#  33]+0.083*[#  13]+0.083*[#  15]
          +0.083*[#  23]+0.083*[#  24]+0.083*[#  34]+0.083*[#  35]
    |psi|^2 = 1.000
==== e(  17) =    11.72605 eV ==== 
     psi = 0.289*[#  12]+0.289*[#  22]+0.289*[#  32]+0.028*[#  39]+0.023*[#  16]
          +0.023*[#  26]+0.014*[#  19]+0.014*[#  29]+0.009*[#  36]+0.003*[#  11]
          +0.003*[#  21]+0.003*[#  31]+0.001*[#   3]+0.001*[#   4]+0.001*[#   5]
          +0.001*[#  14]+0.001*[#  25]+0.001*[#  33]
    |psi|^2 = 0.997
==== e(  18) =    11.72609 eV ==== 
     psi = 0.434*[#   2]+0.145*[#  12]+0.145*[#  22]+0.145*[#  32]+0.028*[#   6]
          +0.028*[#   9]+0.019*[#  36]+0.014*[#  19]+0.014*[#  29]+0.005*[#   1]
          +0.005*[#  16]+0.005*[#  26]+0.002*[#  11]+0.002*[#  21]+0.002*[#  31]
          +0.001*[#  13]+0.001*[#  15]+0.001*[#  23]+0.001*[#  24]+0.001*[#  34]
          +0.001*[#  35]
    |psi|^2 = 0.997
==== e(  19) =    14.15409 eV ==== 
     psi = 0.242*[#  36]+0.202*[#  19]+0.202*[#  29]+0.121*[#  16]+0.121*[#  26]
          +0.081*[#  39]
    |psi|^2 = 0.969
==== e(  20) =    14.15410 eV ==== 
     psi = 0.242*[#   6]+0.242*[#   9]+0.161*[#  39]+0.121*[#  16]+0.121*[#  26]
          +0.040*[#  19]+0.040*[#  29]
    |psi|^2 = 0.969
==== e(  21) =    14.56731 eV ==== 
     psi = 0.166*[#  17]+0.166*[#  20]+0.166*[#  28]+0.166*[#  30]+0.166*[#  37]
          +0.166*[#  38]
    |psi|^2 = 0.996
==== e(  22) =    14.56732 eV ==== 
     psi = 0.166*[#   7]+0.166*[#   8]+0.166*[#  10]+0.166*[#  18]+0.166*[#  27]
          +0.166*[#  40]
    |psi|^2 = 0.996
==== e(  23) =    14.84273 eV ==== 
     psi = 0.160*[#   7]+0.160*[#   8]+0.160*[#  10]+0.080*[#  17]+0.080*[#  20]
          +0.080*[#  28]+0.080*[#  30]+0.080*[#  37]+0.080*[#  38]
    |psi|^2 = 0.963
==== e(  24) =    14.84273 eV ==== 
     psi = 0.160*[#   7]+0.160*[#   8]+0.160*[#  10]+0.080*[#  17]+0.080*[#  20]
          +0.080*[#  28]+0.080*[#  30]+0.080*[#  37]+0.080*[#  38]
    |psi|^2 = 0.963
==== e(  25) =    14.84274 eV ==== 
     psi = 0.160*[#  18]+0.160*[#  27]+0.160*[#  40]+0.080*[#  17]+0.080*[#  20]
          +0.080*[#  28]+0.080*[#  30]+0.080*[#  37]+0.080*[#  38]
    |psi|^2 = 0.963
==== e(  26) =    14.84274 eV ==== 
     psi = 0.160*[#  18]+0.160*[#  27]+0.160*[#  40]+0.080*[#  17]+0.080*[#  20]
          +0.080*[#  28]+0.080*[#  30]+0.080*[#  37]+0.080*[#  38]
    |psi|^2 = 0.963
==== e(  27) =    16.07405 eV ==== 
     psi = 0.221*[#   6]+0.221*[#   9]+0.147*[#  36]+0.110*[#  19]+0.110*[#  29]
          +0.055*[#   2]+0.037*[#  16]+0.037*[#  26]+0.018*[#  12]+0.018*[#  22]
          +0.018*[#  32]
    |psi|^2 = 0.994
==== e(  28) =    16.07406 eV ==== 
     psi = 0.221*[#  39]+0.184*[#  16]+0.184*[#  26]+0.110*[#  19]+0.110*[#  29]
          +0.074*[#  36]+0.037*[#  12]+0.037*[#  22]+0.037*[#  32]
    |psi|^2 = 0.994
==== e(  29) =    16.33435 eV ==== 
     psi = 0.166*[#   7]+0.166*[#   8]+0.166*[#  10]+0.083*[#  17]+0.083*[#  20]
          +0.083*[#  28]+0.083*[#  30]+0.083*[#  37]+0.083*[#  38]
    |psi|^2 = 0.997
==== e(  30) =    16.33435 eV ==== 
     psi = 0.166*[#   7]+0.166*[#   8]+0.166*[#  10]+0.083*[#  17]+0.083*[#  20]
          +0.083*[#  28]+0.083*[#  30]+0.083*[#  37]+0.083*[#  38]
    |psi|^2 = 0.997
==== e(  31) =    16.33436 eV ==== 
     psi = 0.166*[#  18]+0.166*[#  27]+0.166*[#  40]+0.083*[#  17]+0.083*[#  20]
          +0.083*[#  28]+0.083*[#  30]+0.083*[#  37]+0.083*[#  38]
    |psi|^2 = 0.997
==== e(  32) =    16.33436 eV ==== 
     psi = 0.166*[#  18]+0.166*[#  27]+0.166*[#  40]+0.083*[#  17]+0.083*[#  20]
          +0.083*[#  28]+0.083*[#  30]+0.083*[#  37]+0.083*[#  38]
    |psi|^2 = 0.997
==== e(  33) =    16.61685 eV ==== 
     psi = 0.246*[#   6]+0.246*[#   9]+0.164*[#  36]+0.123*[#  19]+0.123*[#  29]
          +0.041*[#  16]+0.041*[#  26]+0.007*[#   2]+0.002*[#  12]+0.002*[#  22]
          +0.002*[#  32]
    |psi|^2 = 0.999
==== e(  34) =    16.61686 eV ==== 
     psi = 0.246*[#  39]+0.205*[#  16]+0.205*[#  26]+0.123*[#  19]+0.123*[#  29]
          +0.082*[#  36]+0.005*[#  12]+0.005*[#  22]+0.005*[#  32]
    |psi|^2 = 0.999
==== e(  35) =    17.03756 eV ==== 
     psi = 0.250*[#   6]+0.250*[#   9]+0.167*[#  39]+0.125*[#  16]+0.125*[#  26]
          +0.042*[#  19]+0.042*[#  29]
    |psi|^2 = 1.000
==== e(  36) =    17.03758 eV ==== 
     psi = 0.250*[#  36]+0.208*[#  19]+0.208*[#  29]+0.125*[#  16]+0.125*[#  26]
          +0.083*[#  39]
    |psi|^2 = 1.000
==== e(  37) =    17.46777 eV ==== 
     psi = 0.167*[#   7]+0.167*[#   8]+0.167*[#  10]+0.167*[#  18]+0.167*[#  27]
          +0.167*[#  40]
    |psi|^2 = 1.000
==== e(  38) =    17.46778 eV ==== 
     psi = 0.167*[#  17]+0.167*[#  20]+0.167*[#  28]+0.167*[#  30]+0.167*[#  37]
          +0.167*[#  38]
    |psi|^2 = 1.000
==== e(  39) =    25.59967 eV ==== 
     psi = 0.006*[#   7]+0.006*[#   8]+0.006*[#  10]+0.003*[#  17]+0.003*[#  20]
          +0.003*[#  28]+0.003*[#  30]+0.003*[#  37]+0.003*[#  38]
    |psi|^2 = 0.036
==== e(  40) =    25.59967 eV ==== 
     psi = 0.006*[#   7]+0.006*[#   8]+0.006*[#  10]+0.003*[#  17]+0.003*[#  20]
          +0.003*[#  28]+0.003*[#  30]+0.003*[#  37]+0.003*[#  38]
    |psi|^2 = 0.036
==== e(  41) =    25.59971 eV ==== 
     psi = 0.006*[#  18]+0.006*[#  27]+0.006*[#  40]+0.003*[#  17]+0.003*[#  20]
          +0.003*[#  28]+0.003*[#  30]+0.003*[#  37]+0.003*[#  38]
    |psi|^2 = 0.036
==== e(  42) =    25.59971 eV ==== 
     psi = 0.006*[#  18]+0.006*[#  27]+0.006*[#  40]+0.003*[#  17]+0.003*[#  20]
          +0.003*[#  28]+0.003*[#  30]+0.003*[#  37]+0.003*[#  38]
    |psi|^2 = 0.036
==== e(  43) =    27.84525 eV ==== 
     psi = 0.005*[#   6]+0.005*[#   9]+0.004*[#  39]+0.004*[#  16]+0.004*[#  26]
          +0.003*[#  19]+0.003*[#  29]+0.002*[#  36]
    |psi|^2 = 0.031

 k =   0.0000000000  0.1250000000  0.1250000000
==== e(   1) =   -85.75202 eV ==== 
     psi = 0.237*[#   1]+0.236*[#  11]+0.236*[#  21]+0.236*[#  31]+0.014*[#   2]
          +0.014*[#  12]+0.014*[#  22]+0.014*[#  32]
    |psi|^2 = 1.000
==== e(   2) =   -85.71280 eV ==== 
     psi = 0.499*[#   1]+0.162*[#  11]+0.162*[#  21]+0.162*[#  31]+0.007*[#   2]
          +0.002*[#  12]+0.002*[#  22]+0.002*[#  32]
    |psi|^2 = 1.000
==== e(   3) =   -85.71277 eV ==== 
     psi = 0.328*[#  11]+0.328*[#  21]+0.328*[#  31]+0.005*[#  12]+0.005*[#  22]
          +0.005*[#  32]
    |psi|^2 = 1.000
==== e(   4) =   -85.71123 eV ==== 
     psi = 0.247*[#  11]+0.247*[#  21]+0.247*[#  31]+0.238*[#   1]+0.005*[#  12]
          +0.005*[#  22]+0.005*[#  32]+0.005*[#   2]
    |psi|^2 = 1.000
==== e(   5) =   -46.19731 eV ==== 
     psi = 0.083*[#   3]+0.083*[#   4]+0.083*[#   5]+0.083*[#  13]+0.083*[#  14]
          +0.083*[#  15]+0.083*[#  23]+0.083*[#  24]+0.083*[#  25]+0.083*[#  33]
          +0.083*[#  34]+0.083*[#  35]
    |psi|^2 = 1.000
==== e(   6) =   -46.19529 eV ==== 
     psi = 0.096*[#   3]+0.096*[#   4]+0.096*[#   5]+0.083*[#  13]+0.083*[#  15]
          +0.083*[#  23]+0.083*[#  24]+0.083*[#  34]+0.083*[#  35]+0.070*[#  14]
          +0.070*[#  25]+0.070*[#  33]
    |psi|^2 = 1.000
==== e(   7) =   -46.19529 eV ==== 
     psi = 0.096*[#  14]+0.096*[#  25]+0.096*[#  33]+0.083*[#  13]+0.083*[#  15]
          +0.083*[#  23]+0.083*[#  24]+0.083*[#  34]+0.083*[#  35]+0.070*[#   3]
          +0.070*[#   4]+0.070*[#   5]
    |psi|^2 = 1.000
==== e(   8) =   -46.09646 eV ==== 
     psi = 0.083*[#   3]+0.083*[#   4]+0.083*[#   5]+0.083*[#  14]+0.083*[#  25]
          +0.083*[#  33]+0.083*[#  13]+0.083*[#  15]+0.083*[#  23]+0.083*[#  24]
          +0.083*[#  34]+0.083*[#  35]
    |psi|^2 = 1.000
==== e(   9) =   -46.08447 eV ==== 
     psi = 0.167*[#   3]+0.167*[#   4]+0.167*[#   5]+0.167*[#  14]+0.167*[#  25]
          +0.167*[#  33]
    |psi|^2 = 1.000
==== e(  10) =   -46.08445 eV ==== 
     psi = 0.167*[#  13]+0.167*[#  15]+0.167*[#  23]+0.167*[#  24]+0.167*[#  34]
          +0.167*[#  35]
    |psi|^2 = 1.000
==== e(  11) =   -46.07959 eV ==== 
     psi = 0.096*[#   3]+0.096*[#   4]+0.096*[#   5]+0.083*[#  13]+0.083*[#  15]
          +0.083*[#  23]+0.083*[#  24]+0.083*[#  34]+0.083*[#  35]+0.070*[#  14]
          +0.070*[#  25]+0.070*[#  33]
    |psi|^2 = 1.000
==== e(  12) =   -46.07958 eV ==== 
     psi = 0.098*[#  14]+0.098*[#  25]+0.098*[#  33]+0.082*[#  13]+0.082*[#  15]
          +0.082*[#  23]+0.082*[#  24]+0.082*[#  34]+0.082*[#  35]+0.071*[#   3]
          +0.071*[#   4]+0.071*[#   5]
    |psi|^2 = 1.000
==== e(  13) =   -46.07843 eV ==== 
     psi = 0.084*[#  13]+0.084*[#  15]+0.084*[#  23]+0.084*[#  24]+0.084*[#  34]
          +0.084*[#  35]+0.082*[#   3]+0.082*[#   4]+0.082*[#   5]+0.082*[#  14]
          +0.082*[#  25]+0.082*[#  33]
    |psi|^2 = 1.000
==== e(  14) =   -46.02239 eV ==== 
     psi = 0.083*[#   3]+0.083*[#   4]+0.083*[#   5]+0.083*[#  13]+0.083*[#  14]
          +0.083*[#  15]+0.083*[#  23]+0.083*[#  24]+0.083*[#  25]+0.083*[#  33]
          +0.083*[#  34]+0.083*[#  35]
    |psi|^2 = 1.000
==== e(  15) =   -46.00814 eV ==== 
     psi = 0.083*[#   3]+0.083*[#   4]+0.083*[#   5]+0.083*[#  13]+0.083*[#  14]
          +0.083*[#  15]+0.083*[#  23]+0.083*[#  24]+0.083*[#  25]+0.083*[#  33]
          +0.083*[#  34]+0.083*[#  35]
    |psi|^2 = 1.000
==== e(  16) =   -46.00469 eV ==== 
     psi = 0.083*[#   3]+0.083*[#   4]+0.083*[#   5]+0.083*[#  13]+0.083*[#  14]
          +0.083*[#  15]+0.083*[#  23]+0.083*[#  24]+0.083*[#  25]+0.083*[#  33]
          +0.083*[#  34]+0.083*[#  35]
    |psi|^2 = 1.000
==== e(  17) =     9.23501 eV ==== 
     psi = 0.235*[#   2]+0.235*[#  12]+0.235*[#  22]+0.235*[#  32]+0.014*[#   1]
          +0.014*[#  11]+0.014*[#  21]+0.014*[#  31]
    |psi|^2 = 0.999
==== e(  18) =    13.37973 eV ==== 
     psi = 0.203*[#  36]+0.165*[#  19]+0.165*[#  29]+0.091*[#  16]+0.091*[#  26]
          +0.060*[#   6]+0.060*[#   9]+0.054*[#  39]+0.050*[#   2]+0.017*[#  12]
          +0.017*[#  22]+0.017*[#  32]
    |psi|^2 = 0.992
==== e(  19) =    13.37974 eV ==== 
     psi = 0.168*[#  39]+0.162*[#   6]+0.162*[#   9]+0.131*[#  16]+0.131*[#  26]
          +0.057*[#  19]+0.057*[#  29]+0.034*[#  12]+0.034*[#  22]+0.034*[#  32]
          +0.020*[#  36]
    |psi|^2 = 0.992
==== e(  20) =    13.46542 eV ==== 
     psi = 0.115*[#   6]+0.115*[#   9]+0.115*[#  16]+0.115*[#  19]+0.115*[#  26]
          +0.115*[#  29]+0.115*[#  36]+0.115*[#  39]+0.014*[#   2]+0.014*[#  12]
          +0.014*[#  22]+0.014*[#  32]+0.001*[#   7]+0.001*[#   8]+0.001*[#  10]
          +0.001*[#  17]+0.001*[#  18]+0.001*[#  20]+0.001*[#  27]+0.001*[#  28]
          +0.001*[#  30]+0.001*[#  37]+0.001*[#  38]+0.001*[#  40]
    |psi|^2 = 0.992
==== e(  21) =    13.84542 eV ==== 
     psi = 0.088*[#   7]+0.088*[#   8]+0.088*[#  10]+0.083*[#  17]+0.083*[#  20]
          +0.083*[#  28]+0.083*[#  30]+0.083*[#  37]+0.083*[#  38]+0.077*[#  18]
          +0.077*[#  27]+0.077*[#  40]
    |psi|^2 = 0.993
==== e(  22) =    13.84542 eV ==== 
     psi = 0.088*[#  18]+0.088*[#  27]+0.088*[#  40]+0.083*[#  17]+0.083*[#  20]
          +0.083*[#  28]+0.083*[#  30]+0.083*[#  37]+0.083*[#  38]+0.077*[#   7]
          +0.077*[#   8]+0.077*[#  10]
    |psi|^2 = 0.993
==== e(  23) =    13.85059 eV ==== 
     psi = 0.081*[#   7]+0.081*[#   8]+0.081*[#  10]+0.081*[#  17]+0.081*[#  18]
          +0.081*[#  20]+0.081*[#  27]+0.081*[#  28]+0.081*[#  30]+0.081*[#  37]
          +0.081*[#  38]+0.081*[#  40]+0.002*[#   6]+0.002*[#   9]+0.002*[#  16]
          +0.002*[#  19]+0.002*[#  26]+0.002*[#  29]+0.002*[#  36]+0.002*[#  39]
          
    |psi|^2 = 0.991
==== e(  24) =    15.37937 eV ==== 
     psi = 0.083*[#   7]+0.083*[#   8]+0.083*[#  10]+0.083*[#  17]+0.083*[#  18]
          +0.083*[#  20]+0.083*[#  27]+0.083*[#  28]+0.083*[#  30]+0.083*[#  37]
          +0.083*[#  38]+0.083*[#  40]
    |psi|^2 = 0.998
==== e(  25) =    15.57447 eV ==== 
     psi = 0.083*[#   7]+0.083*[#   8]+0.083*[#  10]+0.083*[#  17]+0.083*[#  18]
          +0.083*[#  20]+0.083*[#  27]+0.083*[#  28]+0.083*[#  30]+0.083*[#  37]
          +0.083*[#  38]+0.083*[#  40]
    |psi|^2 = 0.999
==== e(  26) =    15.59311 eV ==== 
     psi = 0.082*[#   7]+0.082*[#   8]+0.082*[#  10]+0.082*[#  17]+0.082*[#  18]
          +0.082*[#  20]+0.082*[#  27]+0.082*[#  28]+0.082*[#  30]+0.082*[#  37]
          +0.082*[#  38]+0.082*[#  40]+0.001*[#   6]+0.001*[#   9]+0.001*[#  16]
          +0.001*[#  19]+0.001*[#  26]+0.001*[#  29]+0.001*[#  36]+0.001*[#  39]
          
    |psi|^2 = 0.999
==== e(  27) =    16.60113 eV ==== 
     psi = 0.125*[#   6]+0.125*[#   9]+0.125*[#  16]+0.125*[#  19]+0.125*[#  26]
          +0.125*[#  29]+0.125*[#  36]+0.125*[#  39]
    |psi|^2 = 1.000
==== e(  28) =    16.70086 eV ==== 
     psi = 0.124*[#   6]+0.124*[#   9]+0.124*[#  16]+0.124*[#  19]+0.124*[#  26]
          +0.124*[#  29]+0.124*[#  36]+0.124*[#  39]
    |psi|^2 = 1.000
==== e(  29) =    16.77647 eV ==== 
     psi = 0.077*[#   7]+0.077*[#   8]+0.077*[#  10]+0.077*[#  17]+0.077*[#  18]
          +0.077*[#  20]+0.077*[#  27]+0.077*[#  28]+0.077*[#  30]+0.077*[#  37]
          +0.077*[#  38]+0.077*[#  40]
    |psi|^2 = 0.926
==== e(  30) =    16.87259 eV ==== 
     psi = 0.142*[#   7]+0.142*[#   8]+0.142*[#  10]+0.142*[#  18]+0.142*[#  27]
          +0.142*[#  40]+0.019*[#   2]+0.017*[#   6]+0.017*[#   9]+0.011*[#  36]
          +0.009*[#  19]+0.009*[#  29]+0.006*[#  12]+0.006*[#  22]+0.006*[#  32]
          +0.003*[#  16]+0.003*[#  26]
    |psi|^2 = 0.959
==== e(  31) =    16.87259 eV ==== 
     psi = 0.142*[#  17]+0.142*[#  20]+0.142*[#  28]+0.142*[#  30]+0.142*[#  37]
          +0.142*[#  38]+0.017*[#  39]+0.014*[#  16]+0.014*[#  26]+0.012*[#  12]
          +0.012*[#  22]+0.012*[#  32]+0.008*[#  19]+0.008*[#  29]+0.006*[#  36]
          
    |psi|^2 = 0.959
==== e(  32) =    17.23312 eV ==== 
     psi = 0.125*[#   6]+0.125*[#   9]+0.125*[#  16]+0.125*[#  19]+0.125*[#  26]
          +0.125*[#  29]+0.125*[#  36]+0.125*[#  39]
    |psi|^2 = 0.999
==== e(  33) =    17.31171 eV ==== 
     psi = 0.181*[#  36]+0.166*[#   6]+0.166*[#   9]+0.141*[#  19]+0.141*[#  29]
          +0.063*[#  16]+0.063*[#  26]+0.023*[#  39]+0.008*[#   7]+0.008*[#   8]
          +0.008*[#  10]+0.008*[#  18]+0.008*[#  27]+0.008*[#  40]+0.001*[#   2]
          
    |psi|^2 = 0.995
==== e(  34) =    17.31171 eV ==== 
     psi = 0.212*[#  39]+0.173*[#  16]+0.173*[#  26]+0.095*[#  19]+0.095*[#  29]
          +0.070*[#   6]+0.070*[#   9]+0.055*[#  36]+0.008*[#  17]+0.008*[#  20]
          +0.008*[#  28]+0.008*[#  30]+0.008*[#  37]+0.008*[#  38]
    |psi|^2 = 0.995
==== e(  35) =    17.36509 eV ==== 
     psi = 0.089*[#   7]+0.089*[#   8]+0.089*[#  10]+0.083*[#  17]+0.083*[#  20]
          +0.083*[#  28]+0.083*[#  30]+0.083*[#  37]+0.083*[#  38]+0.078*[#  18]
          +0.078*[#  27]+0.078*[#  40]
    |psi|^2 = 0.999
==== e(  36) =    17.36510 eV ==== 
     psi = 0.089*[#  18]+0.089*[#  27]+0.089*[#  40]+0.083*[#  17]+0.083*[#  20]
          +0.083*[#  28]+0.083*[#  30]+0.083*[#  37]+0.083*[#  38]+0.078*[#   7]
          +0.078*[#   8]+0.078*[#  10]
    |psi|^2 = 0.999
==== e(  37) =    17.40167 eV ==== 
     psi = 0.083*[#   7]+0.083*[#   8]+0.083*[#  10]+0.083*[#  17]+0.083*[#  18]
          +0.083*[#  20]+0.083*[#  27]+0.083*[#  28]+0.083*[#  30]+0.083*[#  37]
          +0.083*[#  38]+0.083*[#  40]
    |psi|^2 = 1.000
==== e(  38) =    19.92391 eV ==== 
     psi = 0.208*[#   2]+0.069*[#  12]+0.069*[#  22]+0.069*[#  32]+0.016*[#   7]
          +0.016*[#   8]+0.016*[#  10]+0.016*[#  18]+0.016*[#  27]+0.016*[#  40]
          +0.012*[#  36]+0.010*[#  19]+0.010*[#  29]+0.005*[#  16]+0.005*[#  26]
          +0.005*[#   6]+0.005*[#   9]+0.004*[#   1]+0.003*[#  39]+0.001*[#  11]
          +0.001*[#  21]+0.001*[#  31]
    |psi|^2 = 0.575
==== e(  39) =    19.92391 eV ==== 
     psi = 0.139*[#  12]+0.139*[#  22]+0.139*[#  32]+0.016*[#  17]+0.016*[#  20]
          +0.016*[#  28]+0.016*[#  30]+0.016*[#  37]+0.016*[#  38]+0.011*[#  39]
          +0.009*[#   6]+0.009*[#   9]+0.009*[#  16]+0.009*[#  26]+0.004*[#  19]
          +0.004*[#  29]+0.003*[#  11]+0.003*[#  21]+0.003*[#  31]+0.002*[#  36]
          
    |psi|^2 = 0.575
==== e(  40) =    21.39628 eV ==== 
     psi = 0.006*[#   7]+0.006*[#   8]+0.006*[#  10]+0.006*[#  17]+0.006*[#  18]
          +0.006*[#  20]+0.006*[#  27]+0.006*[#  28]+0.006*[#  30]+0.006*[#  37]
          +0.006*[#  38]+0.006*[#  40]
    |psi|^2 = 0.074
==== e(  41) =    27.17381 eV ==== 
     psi = 0.178*[#   2]+0.178*[#  12]+0.178*[#  22]+0.178*[#  32]+0.008*[#   6]
          +0.008*[#   9]+0.008*[#  16]+0.008*[#  19]+0.008*[#  26]+0.008*[#  29]
          +0.008*[#  36]+0.008*[#  39]+0.004*[#   1]+0.004*[#  11]+0.004*[#  21]
          +0.004*[#  31]
    |psi|^2 = 0.793
==== e(  42) =    28.50841 eV ==== 
     psi = 0.150*[#   2]+0.063*[#  12]+0.063*[#  22]+0.063*[#  32]+0.008*[#  36]
          +0.007*[#  19]+0.007*[#  29]+0.004*[#  16]+0.004*[#  26]+0.003*[#   6]
          +0.003*[#   9]+0.003*[#  39]+0.003*[#   1]+0.001*[#  11]+0.001*[#  21]
          +0.001*[#  31]
    |psi|^2 = 0.384
==== e(  43) =    28.50841 eV ==== 
     psi = 0.106*[#  12]+0.106*[#  22]+0.106*[#  32]+0.019*[#   2]+0.007*[#   6]
          +0.007*[#   9]+0.007*[#  39]+0.006*[#  16]+0.006*[#  26]+0.003*[#  19]
          +0.003*[#  29]+0.002*[#  11]+0.002*[#  21]+0.002*[#  31]+0.002*[#  36]
          
    |psi|^2 = 0.384

 k =   0.0000000000  0.1250000000  0.2500000000
==== e(   1) =   -85.74741 eV ==== 
     psi = 0.240*[#   1]+0.239*[#  11]+0.239*[#  21]+0.239*[#  31]+0.011*[#   2]
          +0.011*[#  12]+0.011*[#  22]+0.011*[#  32]
    |psi|^2 = 1.000
==== e(   2) =   -85.71738 eV ==== 
     psi = 0.250*[#   1]+0.248*[#  11]+0.248*[#  21]+0.248*[#  31]
    |psi|^2 = 1.000
==== e(   3) =   -85.71258 eV ==== 
     psi = 0.249*[#   1]+0.245*[#  11]+0.245*[#  21]+0.245*[#  31]+0.004*[#   2]
          +0.004*[#  12]+0.004*[#  22]+0.004*[#  32]
    |psi|^2 = 1.000
==== e(   4) =   -85.71141 eV ==== 
     psi = 0.247*[#  11]+0.247*[#  21]+0.247*[#  31]+0.240*[#   1]+0.005*[#  12]
          +0.005*[#  22]+0.005*[#  32]+0.005*[#   2]
    |psi|^2 = 1.000
==== e(   5) =   -46.18454 eV ==== 
     psi = 0.083*[#   3]+0.083*[#   4]+0.083*[#   5]+0.083*[#  13]+0.083*[#  14]
          +0.083*[#  15]+0.083*[#  23]+0.083*[#  24]+0.083*[#  25]+0.083*[#  33]
          +0.083*[#  34]+0.083*[#  35]
    |psi|^2 = 1.000
==== e(   6) =   -46.18423 eV ==== 
     psi = 0.083*[#   3]+0.083*[#   4]+0.083*[#   5]+0.083*[#  13]+0.083*[#  14]
          +0.083*[#  15]+0.083*[#  23]+0.083*[#  24]+0.083*[#  25]+0.083*[#  33]
          +0.083*[#  34]+0.083*[#  35]
    |psi|^2 = 1.000
==== e(   7) =   -46.17628 eV ==== 
     psi = 0.083*[#   3]+0.083*[#   4]+0.083*[#   5]+0.083*[#  13]+0.083*[#  14]
          +0.083*[#  15]+0.083*[#  23]+0.083*[#  24]+0.083*[#  25]+0.083*[#  33]
          +0.083*[#  34]+0.083*[#  35]+0.001*[#   2]+0.001*[#  12]+0.001*[#  22]
          +0.001*[#  32]
    |psi|^2 = 1.000
==== e(   8) =   -46.11142 eV ==== 
     psi = 0.083*[#   3]+0.083*[#   4]+0.083*[#   5]+0.083*[#  13]+0.083*[#  14]
          +0.083*[#  15]+0.083*[#  23]+0.083*[#  24]+0.083*[#  25]+0.083*[#  33]
          +0.083*[#  34]+0.083*[#  35]
    |psi|^2 = 1.000
==== e(   9) =   -46.09765 eV ==== 
     psi = 0.083*[#   3]+0.083*[#   4]+0.083*[#   5]+0.083*[#  14]+0.083*[#  25]
          +0.083*[#  33]+0.083*[#  13]+0.083*[#  15]+0.083*[#  23]+0.083*[#  24]
          +0.083*[#  34]+0.083*[#  35]
    |psi|^2 = 1.000
==== e(  10) =   -46.07863 eV ==== 
     psi = 0.084*[#   3]+0.084*[#   4]+0.084*[#   5]+0.084*[#  14]+0.084*[#  25]
          +0.084*[#  33]+0.083*[#  13]+0.083*[#  15]+0.083*[#  23]+0.083*[#  24]
          +0.083*[#  34]+0.083*[#  35]
    |psi|^2 = 1.000
==== e(  11) =   -46.07581 eV ==== 
     psi = 0.084*[#  13]+0.084*[#  15]+0.084*[#  23]+0.084*[#  24]+0.084*[#  34]
          +0.084*[#  35]+0.083*[#   3]+0.083*[#   4]+0.083*[#   5]+0.083*[#  14]
          +0.083*[#  25]+0.083*[#  33]
    |psi|^2 = 1.000
==== e(  12) =   -46.07557 eV ==== 
     psi = 0.083*[#  13]+0.083*[#  15]+0.083*[#  23]+0.083*[#  24]+0.083*[#  34]
          +0.083*[#  35]+0.083*[#   3]+0.083*[#   4]+0.083*[#   5]+0.083*[#  14]
          +0.083*[#  25]+0.083*[#  33]
    |psi|^2 = 1.000
==== e(  13) =   -46.06979 eV ==== 
     psi = 0.083*[#  13]+0.083*[#  15]+0.083*[#  23]+0.083*[#  24]+0.083*[#  34]
          +0.083*[#  35]+0.083*[#   3]+0.083*[#   4]+0.083*[#   5]+0.083*[#  14]
          +0.083*[#  25]+0.083*[#  33]
    |psi|^2 = 1.000
==== e(  14) =   -46.04641 eV ==== 
     psi = 0.083*[#  13]+0.083*[#  14]+0.083*[#  15]+0.083*[#  23]+0.083*[#  24]
          +0.083*[#  25]+0.083*[#  33]+0.083*[#  34]+0.083*[#  35]+0.083*[#   3]
          +0.083*[#   4]+0.083*[#   5]
    |psi|^2 = 1.000
==== e(  15) =   -46.01720 eV ==== 
     psi = 0.083*[#   3]+0.083*[#   4]+0.083*[#   5]+0.083*[#  13]+0.083*[#  14]
          +0.083*[#  15]+0.083*[#  23]+0.083*[#  24]+0.083*[#  25]+0.083*[#  33]
          +0.083*[#  34]+0.083*[#  35]
    |psi|^2 = 1.000
==== e(  16) =   -46.01015 eV ==== 
     psi = 0.083*[#   3]+0.083*[#   4]+0.083*[#   5]+0.083*[#  13]+0.083*[#  14]
          +0.083*[#  15]+0.083*[#  23]+0.083*[#  24]+0.083*[#  25]+0.083*[#  33]
          +0.083*[#  34]+0.083*[#  35]
    |psi|^2 = 1.000
==== e(  17) =     9.82509 eV ==== 
     psi = 0.237*[#   2]+0.237*[#  12]+0.237*[#  22]+0.237*[#  32]+0.011*[#   1]
          +0.011*[#  11]+0.011*[#  21]+0.011*[#  31]
    |psi|^2 = 0.999
==== e(  18) =    13.32512 eV ==== 
     psi = 0.091*[#   6]+0.091*[#   9]+0.091*[#  16]+0.091*[#  19]+0.091*[#  26]
          +0.091*[#  29]+0.091*[#  36]+0.091*[#  39]+0.064*[#   2]+0.064*[#  12]
          +0.064*[#  22]+0.064*[#  32]
    |psi|^2 = 0.991
==== e(  19) =    13.67548 eV ==== 
     psi = 0.113*[#   6]+0.113*[#   9]+0.113*[#  16]+0.113*[#  19]+0.113*[#  26]
          +0.113*[#  29]+0.113*[#  36]+0.113*[#  39]+0.019*[#   2]+0.019*[#  12]
          +0.019*[#  22]+0.019*[#  32]
    |psi|^2 = 0.985
==== e(  20) =    13.73095 eV ==== 
     psi = 0.111*[#   6]+0.111*[#   9]+0.111*[#  16]+0.111*[#  19]+0.111*[#  26]
          +0.111*[#  29]+0.111*[#  36]+0.111*[#  39]+0.010*[#   2]+0.010*[#  12]
          +0.010*[#  22]+0.010*[#  32]+0.005*[#   7]+0.005*[#   8]+0.005*[#  10]
          +0.005*[#  17]+0.005*[#  18]+0.005*[#  20]+0.005*[#  27]+0.005*[#  28]
          +0.005*[#  30]+0.005*[#  37]+0.005*[#  38]+0.005*[#  40]
    |psi|^2 = 0.987
==== e(  21) =    14.01682 eV ==== 
     psi = 0.083*[#   7]+0.083*[#   8]+0.083*[#  10]+0.083*[#  17]+0.083*[#  18]
          +0.083*[#  20]+0.083*[#  27]+0.083*[#  28]+0.083*[#  30]+0.083*[#  37]
          +0.083*[#  38]+0.083*[#  40]
    |psi|^2 = 0.994
==== e(  22) =    14.04342 eV ==== 
     psi = 0.077*[#   7]+0.077*[#   8]+0.077*[#  10]+0.077*[#  17]+0.077*[#  18]
          +0.077*[#  20]+0.077*[#  27]+0.077*[#  28]+0.077*[#  30]+0.077*[#  37]
          +0.077*[#  38]+0.077*[#  40]+0.007*[#   6]+0.007*[#   9]+0.007*[#  16]
          +0.007*[#  19]+0.007*[#  26]+0.007*[#  29]+0.007*[#  36]+0.007*[#  39]
          
    |psi|^2 = 0.982
==== e(  23) =    14.04460 eV ==== 
     psi = 0.082*[#   7]+0.082*[#   8]+0.082*[#  10]+0.082*[#  17]+0.082*[#  18]
          +0.082*[#  20]+0.082*[#  27]+0.082*[#  28]+0.082*[#  30]+0.082*[#  37]
          +0.082*[#  38]+0.082*[#  40]
    |psi|^2 = 0.988
==== e(  24) =    15.20089 eV ==== 
     psi = 0.083*[#   7]+0.083*[#   8]+0.083*[#  10]+0.083*[#  17]+0.083*[#  18]
          +0.083*[#  20]+0.083*[#  27]+0.083*[#  28]+0.083*[#  30]+0.083*[#  37]
          +0.083*[#  38]+0.083*[#  40]
    |psi|^2 = 0.997
==== e(  25) =    15.71871 eV ==== 
     psi = 0.079*[#   7]+0.079*[#   8]+0.079*[#  10]+0.079*[#  17]+0.079*[#  18]
          +0.079*[#  20]+0.079*[#  27]+0.079*[#  28]+0.079*[#  30]+0.079*[#  37]
          +0.079*[#  38]+0.079*[#  40]+0.007*[#   6]+0.007*[#   9]+0.007*[#  16]
          +0.007*[#  19]+0.007*[#  26]+0.007*[#  29]+0.007*[#  36]+0.007*[#  39]
          
    |psi|^2 = 0.998
==== e(  26) =    15.72544 eV ==== 
     psi = 0.083*[#   7]+0.083*[#   8]+0.083*[#  10]+0.083*[#  17]+0.083*[#  18]
          +0.083*[#  20]+0.083*[#  27]+0.083*[#  28]+0.083*[#  30]+0.083*[#  37]
          +0.083*[#  38]+0.083*[#  40]
    |psi|^2 = 0.999
==== e(  27) =    16.08455 eV ==== 
     psi = 0.071*[#   7]+0.071*[#   8]+0.071*[#  10]+0.071*[#  17]+0.071*[#  18]
          +0.071*[#  20]+0.071*[#  27]+0.071*[#  28]+0.071*[#  30]+0.071*[#  37]
          +0.071*[#  38]+0.071*[#  40]+0.012*[#   2]+0.012*[#  12]+0.012*[#  22]
          +0.012*[#  32]+0.006*[#   6]+0.006*[#   9]+0.006*[#  16]+0.006*[#  19]
          +0.006*[#  26]+0.006*[#  29]+0.006*[#  36]+0.006*[#  39]
    |psi|^2 = 0.949
==== e(  28) =    16.13758 eV ==== 
     psi = 0.077*[#   7]+0.077*[#   8]+0.077*[#  10]+0.077*[#  17]+0.077*[#  18]
          +0.077*[#  20]+0.077*[#  27]+0.077*[#  28]+0.077*[#  30]+0.077*[#  37]
          +0.077*[#  38]+0.077*[#  40]
    |psi|^2 = 0.924
==== e(  29) =    16.44801 eV ==== 
     psi = 0.059*[#   7]+0.059*[#   8]+0.059*[#  10]+0.059*[#  17]+0.059*[#  18]
          +0.059*[#  20]+0.059*[#  27]+0.059*[#  28]+0.059*[#  30]+0.059*[#  37]
          +0.059*[#  38]+0.059*[#  40]+0.034*[#   2]+0.034*[#  12]+0.034*[#  22]
          +0.034*[#  32]+0.017*[#   6]+0.017*[#   9]+0.017*[#  16]+0.017*[#  19]
          +0.017*[#  26]+0.017*[#  29]+0.017*[#  36]+0.017*[#  39]
    |psi|^2 = 0.974
==== e(  30) =    16.45570 eV ==== 
     psi = 0.122*[#   6]+0.122*[#   9]+0.123*[#  16]+0.122*[#  19]+0.123*[#  26]
          +0.122*[#  29]+0.122*[#  36]+0.123*[#  39]+0.001*[#   7]+0.001*[#   8]
          +0.001*[#  10]+0.001*[#  17]+0.001*[#  18]+0.001*[#  20]+0.001*[#  27]
          +0.001*[#  28]+0.001*[#  30]+0.001*[#  37]+0.001*[#  38]+0.001*[#  40]
          
    |psi|^2 = 0.999
==== e(  31) =    16.78155 eV ==== 
     psi = 0.120*[#   6]+0.120*[#   9]+0.120*[#  16]+0.120*[#  19]+0.120*[#  26]
          +0.120*[#  29]+0.120*[#  36]+0.120*[#  39]+0.003*[#   7]+0.003*[#   8]
          +0.003*[#  10]+0.003*[#  17]+0.003*[#  18]+0.003*[#  20]+0.003*[#  27]
          +0.003*[#  28]+0.003*[#  30]+0.003*[#  37]+0.003*[#  38]+0.003*[#  40]
          
    |psi|^2 = 1.000
==== e(  32) =    17.01315 eV ==== 
     psi = 0.125*[#   6]+0.125*[#   9]+0.125*[#  16]+0.125*[#  19]+0.125*[#  26]
          +0.125*[#  29]+0.125*[#  36]+0.125*[#  39]
    |psi|^2 = 0.998
==== e(  33) =    17.07917 eV ==== 
     psi = 0.121*[#   6]+0.121*[#   9]+0.121*[#  16]+0.121*[#  19]+0.121*[#  26]
          +0.121*[#  29]+0.121*[#  36]+0.121*[#  39]+0.002*[#   7]+0.002*[#   8]
          +0.002*[#  10]+0.002*[#  17]+0.002*[#  18]+0.002*[#  20]+0.002*[#  27]
          +0.002*[#  28]+0.002*[#  30]+0.002*[#  37]+0.002*[#  38]+0.002*[#  40]
          
    |psi|^2 = 0.993
==== e(  34) =    17.09181 eV ==== 
     psi = 0.083*[#   7]+0.083*[#   8]+0.083*[#  10]+0.083*[#  17]+0.083*[#  18]
          +0.083*[#  20]+0.083*[#  27]+0.083*[#  28]+0.083*[#  30]+0.083*[#  37]
          +0.083*[#  38]+0.083*[#  40]
    |psi|^2 = 0.998
==== e(  35) =    17.23303 eV ==== 
     psi = 0.120*[#   6]+0.120*[#   9]+0.120*[#  16]+0.120*[#  19]+0.120*[#  26]
          +0.120*[#  29]+0.120*[#  36]+0.120*[#  39]+0.006*[#   2]+0.006*[#  12]
          +0.006*[#  22]+0.006*[#  32]+0.001*[#   7]+0.001*[#   8]+0.001*[#  10]
          +0.001*[#  17]+0.001*[#  18]+0.001*[#  20]+0.001*[#  27]+0.001*[#  28]
          +0.001*[#  30]+0.001*[#  37]+0.001*[#  38]+0.001*[#  40]
    |psi|^2 = 0.995
==== e(  36) =    17.36399 eV ==== 
     psi = 0.083*[#   7]+0.083*[#   8]+0.083*[#  10]+0.083*[#  18]+0.083*[#  27]
          +0.083*[#  40]+0.083*[#  17]+0.083*[#  20]+0.083*[#  28]+0.083*[#  30]
          +0.083*[#  37]+0.083*[#  38]
    |psi|^2 = 0.999
==== e(  37) =    17.36685 eV ==== 
     psi = 0.083*[#  17]+0.083*[#  20]+0.083*[#  28]+0.083*[#  30]+0.083*[#  37]
          +0.083*[#  38]+0.083*[#   7]+0.083*[#   8]+0.083*[#  10]+0.083*[#  18]
          +0.083*[#  27]+0.083*[#  40]
    |psi|^2 = 0.999
==== e(  38) =    18.35173 eV ==== 
     psi = 0.119*[#   2]+0.119*[#  12]+0.119*[#  22]+0.119*[#  32]+0.023*[#   7]
          +0.023*[#   8]+0.023*[#  10]+0.023*[#  17]+0.023*[#  18]+0.023*[#  20]
          +0.023*[#  27]+0.023*[#  28]+0.023*[#  30]+0.023*[#  37]+0.023*[#  38]
          +0.023*[#  40]+0.020*[#   6]+0.020*[#   9]+0.020*[#  16]+0.020*[#  19]
          +0.020*[#  26]+0.020*[#  29]+0.020*[#  36]+0.020*[#  39]
    |psi|^2 = 0.917
==== e(  39) =    21.09099 eV ==== 
     psi = 0.101*[#   2]+0.101*[#  12]+0.101*[#  22]+0.101*[#  32]+0.010*[#   7]
          +0.010*[#   8]+0.010*[#  10]+0.010*[#  17]+0.010*[#  18]+0.010*[#  20]
          +0.010*[#  27]+0.010*[#  28]+0.010*[#  30]+0.010*[#  37]+0.010*[#  38]
          +0.010*[#  40]+0.005*[#   6]+0.005*[#   9]+0.005*[#  16]+0.005*[#  19]
          +0.005*[#  26]+0.005*[#  29]+0.005*[#  36]+0.005*[#  39]+0.002*[#   1]
          +0.002*[#  11]+0.002*[#  21]+0.002*[#  31]
    |psi|^2 = 0.572
==== e(  40) =    22.58272 eV ==== 
     psi = 0.006*[#   7]+0.006*[#   8]+0.006*[#  10]+0.006*[#  17]+0.006*[#  18]
          +0.006*[#  20]+0.006*[#  27]+0.006*[#  28]+0.006*[#  30]+0.006*[#  37]
          +0.006*[#  38]+0.006*[#  40]
    |psi|^2 = 0.076
==== e(  41) =    27.04970 eV ==== 
     psi = 0.031*[#   2]+0.031*[#  12]+0.031*[#  22]+0.031*[#  32]+0.004*[#   6]
          +0.004*[#   9]+0.004*[#  16]+0.004*[#  19]+0.004*[#  26]+0.004*[#  29]
          +0.004*[#  36]+0.004*[#  39]
    |psi|^2 = 0.165
==== e(  42) =    27.86300 eV ==== 
     psi = 0.182*[#   2]+0.182*[#  12]+0.182*[#  22]+0.182*[#  32]+0.004*[#   1]
          +0.004*[#  11]+0.004*[#  21]+0.004*[#  31]+0.002*[#   6]+0.002*[#   9]
          +0.002*[#  16]+0.002*[#  19]+0.002*[#  26]+0.002*[#  29]+0.002*[#  36]
          +0.002*[#  39]
    |psi|^2 = 0.773
==== e(  43) =    28.78698 eV ==== 
     psi = 0.062*[#   2]+0.062*[#  12]+0.062*[#  22]+0.062*[#  32]+0.004*[#   6]
          +0.004*[#   9]+0.004*[#  16]+0.004*[#  19]+0.004*[#  26]+0.004*[#  29]
          +0.004*[#  36]+0.004*[#  39]+0.001*[#   1]+0.001*[#  11]+0.001*[#  21]
          +0.001*[#  31]
    |psi|^2 = 0.283

 k =   0.0000000000  0.1250000000  0.3750000000
==== e(   1) =   -85.74051 eV ==== 
     psi = 0.244*[#   1]+0.243*[#  11]+0.243*[#  21]+0.243*[#  31]+0.006*[#   2]
          +0.006*[#  12]+0.006*[#  22]+0.006*[#  32]
    |psi|^2 = 1.000
==== e(   2) =   -85.72423 eV ==== 
     psi = 0.250*[#   1]+0.250*[#  11]+0.250*[#  21]+0.250*[#  31]
    |psi|^2 = 1.000
==== e(   3) =   -85.71231 eV ==== 
     psi = 0.253*[#   1]+0.243*[#  11]+0.243*[#  21]+0.243*[#  31]+0.004*[#   2]
          +0.004*[#  12]+0.004*[#  22]+0.004*[#  32]
    |psi|^2 = 1.000
==== e(   4) =   -85.71168 eV ==== 
     psi = 0.248*[#  11]+0.248*[#  21]+0.248*[#  31]+0.237*[#   1]+0.005*[#  12]
          +0.005*[#  22]+0.005*[#  32]+0.005*[#   2]
    |psi|^2 = 1.000
==== e(   5) =   -46.16882 eV ==== 
     psi = 0.083*[#   3]+0.083*[#   4]+0.083*[#   5]+0.083*[#  13]+0.083*[#  14]
          +0.083*[#  15]+0.083*[#  23]+0.083*[#  24]+0.083*[#  25]+0.083*[#  33]
          +0.083*[#  34]+0.083*[#  35]
    |psi|^2 = 1.000
==== e(   6) =   -46.16446 eV ==== 
     psi = 0.083*[#   3]+0.083*[#   4]+0.083*[#   5]+0.083*[#  13]+0.083*[#  14]
          +0.083*[#  15]+0.083*[#  23]+0.083*[#  24]+0.083*[#  25]+0.083*[#  33]
          +0.083*[#  34]+0.083*[#  35]
    |psi|^2 = 1.000
==== e(   7) =   -46.14727 eV ==== 
     psi = 0.083*[#   3]+0.083*[#   4]+0.083*[#   5]+0.083*[#  13]+0.083*[#  14]
          +0.083*[#  15]+0.083*[#  23]+0.083*[#  24]+0.083*[#  25]+0.083*[#  33]
          +0.083*[#  34]+0.083*[#  35]+0.002*[#   2]+0.002*[#  12]+0.002*[#  22]
          +0.002*[#  32]
    |psi|^2 = 1.000
==== e(   8) =   -46.13009 eV ==== 
     psi = 0.083*[#   3]+0.083*[#   4]+0.083*[#   5]+0.083*[#  13]+0.083*[#  14]
          +0.083*[#  15]+0.083*[#  23]+0.083*[#  24]+0.083*[#  25]+0.083*[#  33]
          +0.083*[#  34]+0.083*[#  35]
    |psi|^2 = 1.000
==== e(   9) =   -46.11757 eV ==== 
     psi = 0.083*[#   3]+0.083*[#   4]+0.083*[#   5]+0.083*[#  13]+0.083*[#  14]
          +0.083*[#  15]+0.083*[#  23]+0.083*[#  24]+0.083*[#  25]+0.083*[#  33]
          +0.083*[#  34]+0.083*[#  35]
    |psi|^2 = 1.000
==== e(  10) =   -46.07790 eV ==== 
     psi = 0.091*[#   3]+0.091*[#   4]+0.091*[#   5]+0.082*[#  13]+0.082*[#  15]
          +0.082*[#  23]+0.082*[#  24]+0.082*[#  34]+0.082*[#  35]+0.076*[#  14]
          +0.076*[#  25]+0.076*[#  33]+0.001*[#   2]+0.001*[#  12]+0.001*[#  22]
          +0.001*[#  32]
    |psi|^2 = 1.000
==== e(  11) =   -46.07772 eV ==== 
     psi = 0.090*[#  14]+0.090*[#  25]+0.090*[#  33]+0.084*[#  13]+0.084*[#  15]
          +0.084*[#  23]+0.084*[#  24]+0.084*[#  34]+0.084*[#  35]+0.076*[#   3]
          +0.076*[#   4]+0.076*[#   5]
    |psi|^2 = 1.000
==== e(  12) =   -46.07557 eV ==== 
     psi = 0.084*[#  13]+0.084*[#  15]+0.084*[#  23]+0.084*[#  24]+0.084*[#  34]
          +0.084*[#  35]+0.083*[#  14]+0.083*[#  25]+0.083*[#  33]+0.083*[#   3]
          +0.083*[#   4]+0.083*[#   5]
    |psi|^2 = 1.000
==== e(  13) =   -46.06202 eV ==== 
     psi = 0.083*[#   3]+0.083*[#   4]+0.083*[#   5]+0.083*[#  13]+0.083*[#  14]
          +0.083*[#  15]+0.083*[#  23]+0.083*[#  24]+0.083*[#  25]+0.083*[#  33]
          +0.083*[#  34]+0.083*[#  35]
    |psi|^2 = 1.000
==== e(  14) =   -46.05497 eV ==== 
     psi = 0.083*[#   3]+0.083*[#   4]+0.083*[#   5]+0.083*[#  13]+0.083*[#  14]
          +0.083*[#  15]+0.083*[#  23]+0.083*[#  24]+0.083*[#  25]+0.083*[#  33]
          +0.083*[#  34]+0.083*[#  35]
    |psi|^2 = 1.000
==== e(  15) =   -46.03097 eV ==== 
     psi = 0.083*[#  14]+0.083*[#  23]+0.083*[#  24]+0.083*[#  25]+0.083*[#  33]
          +0.083*[#   3]+0.083*[#  15]+0.083*[#  13]+0.083*[#   5]+0.083*[#   4]
          +0.083*[#  34]+0.083*[#  35]
    |psi|^2 = 1.000
==== e(  16) =   -46.02238 eV ==== 
     psi = 0.083*[#  14]+0.083*[#  23]+0.083*[#  24]+0.083*[#  25]+0.083*[#  33]
          +0.083*[#   3]+0.083*[#  15]+0.083*[#  13]+0.083*[#   5]+0.083*[#   4]
          +0.083*[#  34]+0.083*[#  35]
    |psi|^2 = 1.000
==== e(  17) =    10.75324 eV ==== 
     psi = 0.234*[#   2]+0.234*[#  12]+0.234*[#  22]+0.234*[#  32]+0.006*[#   1]
          +0.006*[#  11]+0.006*[#  21]+0.006*[#  31]+0.003*[#   6]+0.003*[#   9]
          +0.003*[#  16]+0.003*[#  19]+0.003*[#  26]+0.003*[#  29]+0.003*[#  36]
          +0.003*[#  39]
    |psi|^2 = 0.998
==== e(  18) =    12.88261 eV ==== 
     psi = 0.148*[#   2]+0.148*[#  12]+0.148*[#  22]+0.148*[#  32]+0.047*[#   6]
          +0.047*[#   9]+0.047*[#  16]+0.047*[#  19]+0.047*[#  26]+0.047*[#  29]
          +0.047*[#  36]+0.047*[#  39]+0.001*[#   7]+0.001*[#   8]+0.001*[#  10]
          +0.001*[#  17]+0.001*[#  18]+0.001*[#  20]+0.001*[#  27]+0.001*[#  28]
          +0.001*[#  30]+0.001*[#  37]+0.001*[#  38]+0.001*[#  40]
    |psi|^2 = 0.992
==== e(  19) =    14.03985 eV ==== 
     psi = 0.116*[#   6]+0.116*[#   9]+0.116*[#  16]+0.116*[#  19]+0.116*[#  26]
          +0.116*[#  29]+0.116*[#  36]+0.116*[#  39]+0.009*[#   2]+0.009*[#  12]
          +0.009*[#  22]+0.009*[#  32]
    |psi|^2 = 0.972
==== e(  20) =    14.06871 eV ==== 
     psi = 0.114*[#   6]+0.114*[#   9]+0.114*[#  16]+0.114*[#  19]+0.114*[#  26]
          +0.114*[#  29]+0.114*[#  36]+0.114*[#  39]+0.004*[#   7]+0.004*[#   8]
          +0.004*[#  10]+0.004*[#  17]+0.004*[#  18]+0.004*[#  20]+0.004*[#  27]
          +0.004*[#  28]+0.004*[#  30]+0.004*[#  37]+0.004*[#  38]+0.004*[#  40]
          +0.003*[#   2]+0.003*[#  12]+0.003*[#  22]+0.003*[#  32]
    |psi|^2 = 0.977
==== e(  21) =    14.27845 eV ==== 
     psi = 0.083*[#   7]+0.083*[#   8]+0.083*[#  10]+0.083*[#  17]+0.083*[#  18]
          +0.083*[#  20]+0.083*[#  27]+0.083*[#  28]+0.083*[#  30]+0.083*[#  37]
          +0.083*[#  38]+0.083*[#  40]
    |psi|^2 = 0.994
==== e(  22) =    14.34313 eV ==== 
     psi = 0.076*[#   7]+0.076*[#   8]+0.076*[#  10]+0.076*[#  17]+0.076*[#  18]
          +0.076*[#  20]+0.076*[#  27]+0.076*[#  28]+0.076*[#  30]+0.076*[#  37]
          +0.076*[#  38]+0.076*[#  40]+0.006*[#   6]+0.006*[#   9]+0.006*[#  16]
          +0.006*[#  19]+0.006*[#  26]+0.006*[#  29]+0.006*[#  36]+0.006*[#  39]
          +0.002*[#   2]+0.002*[#  12]+0.002*[#  22]+0.002*[#  32]
    |psi|^2 = 0.971
==== e(  23) =    14.37971 eV ==== 
     psi = 0.082*[#   7]+0.082*[#   8]+0.082*[#  10]+0.082*[#  17]+0.082*[#  18]
          +0.082*[#  20]+0.082*[#  27]+0.082*[#  28]+0.082*[#  30]+0.082*[#  37]
          +0.082*[#  38]+0.082*[#  40]
    |psi|^2 = 0.979
==== e(  24) =    14.92015 eV ==== 
     psi = 0.083*[#   7]+0.083*[#   8]+0.083*[#  10]+0.083*[#  17]+0.083*[#  18]
          +0.083*[#  20]+0.083*[#  27]+0.083*[#  28]+0.083*[#  30]+0.083*[#  37]
          +0.083*[#  38]+0.083*[#  40]
    |psi|^2 = 0.996
==== e(  25) =    15.35549 eV ==== 
     psi = 0.074*[#   7]+0.074*[#   8]+0.074*[#  10]+0.074*[#  17]+0.074*[#  18]
          +0.074*[#  20]+0.074*[#  27]+0.074*[#  28]+0.074*[#  30]+0.074*[#  37]
          +0.074*[#  38]+0.074*[#  40]+0.010*[#   2]+0.010*[#  12]+0.010*[#  22]
          +0.010*[#  32]+0.005*[#   6]+0.005*[#   9]+0.005*[#  16]+0.005*[#  19]
          +0.005*[#  26]+0.005*[#  29]+0.005*[#  36]+0.005*[#  39]
    |psi|^2 = 0.959
==== e(  26) =    15.45053 eV ==== 
     psi = 0.079*[#   7]+0.079*[#   8]+0.079*[#  10]+0.079*[#  17]+0.079*[#  18]
          +0.079*[#  20]+0.079*[#  27]+0.079*[#  28]+0.079*[#  30]+0.079*[#  37]
          +0.079*[#  38]+0.079*[#  40]
    |psi|^2 = 0.944
==== e(  27) =    15.84728 eV ==== 
     psi = 0.059*[#   7]+0.059*[#   8]+0.059*[#  10]+0.059*[#  17]+0.059*[#  18]
          +0.059*[#  20]+0.059*[#  27]+0.059*[#  28]+0.059*[#  30]+0.059*[#  37]
          +0.059*[#  38]+0.059*[#  40]+0.036*[#   6]+0.036*[#   9]+0.036*[#  16]
          +0.036*[#  19]+0.036*[#  26]+0.036*[#  29]+0.036*[#  36]+0.036*[#  39]
          
    |psi|^2 = 0.997
==== e(  28) =    15.95578 eV ==== 
     psi = 0.051*[#   6]+0.051*[#   9]+0.051*[#  16]+0.051*[#  19]+0.051*[#  26]
          +0.051*[#  29]+0.051*[#  36]+0.051*[#  39]+0.037*[#   2]+0.037*[#  12]
          +0.037*[#  22]+0.037*[#  32]+0.036*[#   7]+0.036*[#   8]+0.036*[#  10]
          +0.036*[#  17]+0.036*[#  18]+0.036*[#  20]+0.036*[#  27]+0.036*[#  28]
          +0.036*[#  30]+0.036*[#  37]+0.036*[#  38]+0.036*[#  40]
    |psi|^2 = 0.988
==== e(  29) =    15.98869 eV ==== 
     psi = 0.083*[#   7]+0.083*[#   8]+0.083*[#  10]+0.083*[#  17]+0.083*[#  18]
          +0.083*[#  20]+0.083*[#  27]+0.083*[#  28]+0.083*[#  30]+0.083*[#  37]
          +0.083*[#  38]+0.083*[#  40]
    |psi|^2 = 0.998
==== e(  30) =    16.33174 eV ==== 
     psi = 0.097*[#   6]+0.097*[#   9]+0.097*[#  16]+0.097*[#  19]+0.097*[#  26]
          +0.097*[#  29]+0.097*[#  36]+0.097*[#  39]+0.017*[#   7]+0.017*[#   8]
          +0.017*[#  10]+0.017*[#  17]+0.017*[#  18]+0.017*[#  20]+0.017*[#  27]
          +0.017*[#  28]+0.017*[#  30]+0.017*[#  37]+0.017*[#  38]+0.017*[#  40]
          +0.007*[#   2]+0.007*[#  12]+0.007*[#  22]+0.007*[#  32]
    |psi|^2 = 0.998
==== e(  31) =    16.72227 eV ==== 
     psi = 0.083*[#   7]+0.083*[#   8]+0.083*[#  10]+0.083*[#  17]+0.083*[#  18]
          +0.083*[#  20]+0.083*[#  27]+0.083*[#  28]+0.083*[#  30]+0.083*[#  37]
          +0.083*[#  38]+0.083*[#  40]
    |psi|^2 = 0.997
==== e(  32) =    16.73785 eV ==== 
     psi = 0.124*[#   6]+0.124*[#   9]+0.124*[#  16]+0.124*[#  19]+0.124*[#  26]
          +0.124*[#  29]+0.124*[#  36]+0.124*[#  39]+0.001*[#   2]+0.001*[#  12]
          +0.001*[#  22]+0.001*[#  32]
    |psi|^2 = 0.998
==== e(  33) =    16.78049 eV ==== 
     psi = 0.122*[#   6]+0.122*[#   9]+0.122*[#  16]+0.122*[#  19]+0.122*[#  26]
          +0.122*[#  29]+0.122*[#  36]+0.122*[#  39]+0.001*[#   7]+0.001*[#   8]
          +0.001*[#  10]+0.001*[#  17]+0.001*[#  18]+0.001*[#  20]+0.001*[#  27]
          +0.001*[#  28]+0.001*[#  30]+0.001*[#  37]+0.001*[#  38]+0.001*[#  40]
          
    |psi|^2 = 0.993
==== e(  34) =    16.92681 eV ==== 
     psi = 0.114*[#   6]+0.114*[#   9]+0.114*[#  16]+0.114*[#  19]+0.114*[#  26]
          +0.114*[#  29]+0.114*[#  36]+0.114*[#  39]+0.007*[#   7]+0.007*[#   8]
          +0.007*[#  10]+0.007*[#  17]+0.007*[#  18]+0.007*[#  20]+0.007*[#  27]
          +0.007*[#  28]+0.007*[#  30]+0.007*[#  37]+0.007*[#  38]+0.007*[#  40]
          
    |psi|^2 = 1.000
==== e(  35) =    16.96445 eV ==== 
     psi = 0.093*[#   6]+0.093*[#   9]+0.094*[#  16]+0.094*[#  19]+0.094*[#  26]
          +0.094*[#  29]+0.094*[#  36]+0.094*[#  39]+0.026*[#   2]+0.026*[#  12]
          +0.026*[#  22]+0.026*[#  32]+0.012*[#   7]+0.012*[#   8]+0.012*[#  10]
          +0.012*[#  17]+0.012*[#  18]+0.012*[#  20]+0.012*[#  27]+0.012*[#  28]
          +0.012*[#  30]+0.012*[#  37]+0.012*[#  38]+0.012*[#  40]
    |psi|^2 = 0.992
==== e(  36) =    17.35993 eV ==== 
     psi = 0.084*[#   7]+0.084*[#   8]+0.084*[#  10]+0.084*[#  18]+0.084*[#  27]
          +0.084*[#  40]+0.083*[#  17]+0.083*[#  20]+0.083*[#  28]+0.083*[#  30]
          +0.083*[#  37]+0.083*[#  38]
    |psi|^2 = 0.999
==== e(  37) =    17.36208 eV ==== 
     psi = 0.084*[#  17]+0.084*[#  20]+0.084*[#  28]+0.084*[#  30]+0.084*[#  37]
          +0.084*[#  38]+0.083*[#   7]+0.083*[#   8]+0.083*[#  10]+0.083*[#  18]
          +0.083*[#  27]+0.083*[#  40]
    |psi|^2 = 0.999
==== e(  38) =    17.41391 eV ==== 
     psi = 0.057*[#   6]+0.057*[#   9]+0.057*[#  16]+0.057*[#  19]+0.057*[#  26]
          +0.057*[#  29]+0.057*[#  36]+0.057*[#  39]+0.034*[#   7]+0.034*[#   8]
          +0.034*[#  10]+0.034*[#  17]+0.034*[#  18]+0.034*[#  20]+0.034*[#  27]
          +0.034*[#  28]+0.034*[#  30]+0.034*[#  37]+0.034*[#  38]+0.034*[#  40]
          +0.032*[#   2]+0.032*[#  12]+0.032*[#  22]+0.032*[#  32]
    |psi|^2 = 0.992
==== e(  39) =    22.44346 eV ==== 
     psi = 0.096*[#   2]+0.096*[#  12]+0.096*[#  22]+0.096*[#  32]+0.007*[#   7]
          +0.007*[#   8]+0.007*[#  10]+0.007*[#  17]+0.007*[#  18]+0.007*[#  20]
          +0.007*[#  27]+0.007*[#  28]+0.007*[#  30]+0.007*[#  37]+0.007*[#  38]
          +0.007*[#  40]+0.004*[#   6]+0.004*[#   9]+0.004*[#  16]+0.004*[#  19]
          +0.004*[#  26]+0.004*[#  29]+0.004*[#  36]+0.004*[#  39]+0.002*[#   1]
          +0.002*[#  11]+0.002*[#  21]+0.002*[#  31]
    |psi|^2 = 0.510
==== e(  40) =    24.12122 eV ==== 
     psi = 0.005*[#   7]+0.005*[#   8]+0.005*[#  10]+0.005*[#  17]+0.005*[#  18]
          +0.005*[#  20]+0.005*[#  27]+0.005*[#  28]+0.005*[#  30]+0.005*[#  37]
          +0.005*[#  38]+0.005*[#  40]
    |psi|^2 = 0.057
==== e(  41) =    25.52869 eV ==== 
     psi = 0.033*[#   2]+0.033*[#  12]+0.033*[#  22]+0.033*[#  32]+0.002*[#   7]
          +0.002*[#   8]+0.002*[#  10]+0.002*[#  17]+0.002*[#  18]+0.002*[#  20]
          +0.002*[#  27]+0.002*[#  28]+0.002*[#  30]+0.002*[#  37]+0.002*[#  38]
          +0.002*[#  40]+0.001*[#   6]+0.001*[#   9]+0.001*[#  16]+0.001*[#  19]
          +0.001*[#  26]+0.001*[#  29]+0.001*[#  36]+0.001*[#  39]
    |psi|^2 = 0.174
==== e(  42) =    27.80813 eV ==== 
     psi = 0.002*[#   7]+0.002*[#   8]+0.002*[#  10]+0.002*[#  17]+0.002*[#  18]
          +0.002*[#  20]+0.002*[#  27]+0.002*[#  28]+0.002*[#  30]+0.002*[#  37]
          +0.002*[#  38]+0.002*[#  40]
    |psi|^2 = 0.021
==== e(  43) =    27.90205 eV ==== 
     psi = 0.165*[#   2]+0.165*[#  12]+0.165*[#  22]+0.165*[#  32]+0.004*[#   6]
          +0.004*[#   9]+0.004*[#  16]+0.004*[#  19]+0.004*[#  26]+0.004*[#  29]
          +0.004*[#  36]+0.004*[#  39]+0.003*[#   1]+0.003*[#  11]+0.003*[#  21]
          +0.003*[#  31]
    |psi|^2 = 0.709

 k =   0.0000000000  0.1250000000 -0.5000000000
==== e(   1) =   -85.73236 eV ==== 
     psi = 0.496*[#   1]+0.165*[#  11]+0.165*[#  21]+0.165*[#  31]+0.004*[#   2]
          +0.001*[#  12]+0.001*[#  22]+0.001*[#  32]
    |psi|^2 = 1.000
==== e(   2) =   -85.73234 eV ==== 
     psi = 0.330*[#  11]+0.330*[#  21]+0.330*[#  31]+0.003*[#  12]+0.003*[#  22]
          +0.003*[#  32]
    |psi|^2 = 1.000
==== e(   3) =   -85.71200 eV ==== 
     psi = 0.490*[#   1]+0.164*[#  11]+0.164*[#  21]+0.164*[#  31]+0.009*[#   2]
          +0.003*[#  12]+0.003*[#  22]+0.003*[#  32]
    |psi|^2 = 1.000
==== e(   4) =   -85.71198 eV ==== 
     psi = 0.327*[#  11]+0.327*[#  21]+0.327*[#  31]+0.006*[#  12]+0.006*[#  22]
          +0.006*[#  32]
    |psi|^2 = 1.000
==== e(   5) =   -46.15000 eV ==== 
     psi = 0.147*[#   3]+0.147*[#   4]+0.147*[#   5]+0.093*[#  13]+0.093*[#  15]
          +0.093*[#  23]+0.093*[#  24]+0.093*[#  34]+0.093*[#  35]
    |psi|^2 = 1.000
==== e(   6) =   -46.14998 eV ==== 
     psi = 0.166*[#  14]+0.166*[#  25]+0.166*[#  33]+0.074*[#  13]+0.074*[#  15]
          +0.074*[#  23]+0.074*[#  24]+0.074*[#  34]+0.074*[#  35]+0.020*[#   3]
          +0.020*[#   4]+0.020*[#   5]
    |psi|^2 = 1.000
==== e(   7) =   -46.14086 eV ==== 
     psi = 0.167*[#   3]+0.167*[#   4]+0.167*[#   5]+0.083*[#  13]+0.083*[#  15]
          +0.083*[#  23]+0.083*[#  24]+0.083*[#  34]+0.083*[#  35]
    |psi|^2 = 1.000
==== e(   8) =   -46.14084 eV ==== 
     psi = 0.167*[#  14]+0.167*[#  25]+0.167*[#  33]+0.083*[#  13]+0.083*[#  15]
          +0.083*[#  23]+0.083*[#  24]+0.083*[#  34]+0.083*[#  35]
    |psi|^2 = 1.000
==== e(   9) =   -46.11274 eV ==== 
     psi = 0.165*[#  14]+0.165*[#  25]+0.165*[#  33]+0.147*[#   3]+0.147*[#   4]
          +0.147*[#   5]+0.009*[#  13]+0.009*[#  15]+0.009*[#  23]+0.009*[#  24]
          +0.009*[#  34]+0.009*[#  35]+0.002*[#  12]+0.002*[#  22]+0.002*[#  32]
          
    |psi|^2 = 1.000
==== e(  10) =   -46.11273 eV ==== 
     psi = 0.156*[#  13]+0.156*[#  15]+0.156*[#  23]+0.156*[#  24]+0.156*[#  34]
          +0.156*[#  35]+0.018*[#   3]+0.018*[#   4]+0.018*[#   5]+0.004*[#   2]
          +0.001*[#  12]+0.001*[#  22]+0.001*[#  32]
    |psi|^2 = 1.000
==== e(  11) =   -46.07639 eV ==== 
     psi = 0.167*[#  14]+0.167*[#  25]+0.167*[#  33]+0.147*[#   3]+0.147*[#   4]
          +0.147*[#   5]+0.010*[#  13]+0.010*[#  15]+0.010*[#  23]+0.010*[#  24]
          +0.010*[#  34]+0.010*[#  35]
    |psi|^2 = 1.000
==== e(  12) =   -46.07638 eV ==== 
     psi = 0.157*[#  13]+0.157*[#  15]+0.157*[#  23]+0.157*[#  24]+0.157*[#  34]
          +0.157*[#  35]+0.020*[#   3]+0.020*[#   4]+0.020*[#   5]
    |psi|^2 = 1.000
==== e(  13) =   -46.04653 eV ==== 
     psi = 0.167*[#   3]+0.167*[#   4]+0.167*[#   5]+0.083*[#  13]+0.083*[#  15]
          +0.083*[#  23]+0.083*[#  24]+0.083*[#  34]+0.083*[#  35]
    |psi|^2 = 1.000
==== e(  14) =   -46.04651 eV ==== 
     psi = 0.167*[#  14]+0.167*[#  25]+0.167*[#  33]+0.083*[#  13]+0.083*[#  15]
          +0.083*[#  23]+0.083*[#  24]+0.083*[#  34]+0.083*[#  35]
    |psi|^2 = 1.000
==== e(  15) =   -46.03798 eV ==== 
     psi = 0.148*[#   3]+0.148*[#   4]+0.148*[#   5]+0.093*[#  13]+0.093*[#  15]
          +0.093*[#  23]+0.093*[#  24]+0.093*[#  34]+0.093*[#  35]
    |psi|^2 = 1.000
==== e(  16) =   -46.03796 eV ==== 
     psi = 0.167*[#  14]+0.167*[#  25]+0.167*[#  33]+0.074*[#  13]+0.074*[#  15]
          +0.074*[#  23]+0.074*[#  24]+0.074*[#  34]+0.074*[#  35]+0.018*[#   3]
          +0.018*[#   4]+0.018*[#   5]
    |psi|^2 = 1.000
==== e(  17) =    11.88570 eV ==== 
     psi = 0.286*[#  12]+0.286*[#  22]+0.286*[#  32]+0.027*[#  39]+0.022*[#  16]
          +0.022*[#  26]+0.013*[#  19]+0.013*[#  29]+0.009*[#  36]+0.003*[#  11]
          +0.003*[#  21]+0.003*[#  31]+0.003*[#   7]+0.003*[#   8]+0.003*[#  10]
          +0.001*[#  17]+0.001*[#  20]+0.001*[#  28]+0.001*[#  30]+0.001*[#  37]
          +0.001*[#  38]+0.001*[#   3]+0.001*[#   4]+0.001*[#   5]+0.001*[#  14]
          +0.001*[#  25]+0.001*[#  33]
    |psi|^2 = 0.996
==== e(  18) =    11.88573 eV ==== 
     psi = 0.429*[#   2]+0.143*[#  12]+0.143*[#  22]+0.143*[#  32]+0.027*[#   6]
          +0.027*[#   9]+0.018*[#  36]+0.013*[#  19]+0.013*[#  29]+0.004*[#   1]
          +0.004*[#  16]+0.004*[#  26]+0.003*[#  18]+0.003*[#  27]+0.003*[#  40]
          +0.001*[#  11]+0.001*[#  21]+0.001*[#  31]+0.001*[#  17]+0.001*[#  20]
          +0.001*[#  28]+0.001*[#  30]+0.001*[#  37]+0.001*[#  38]+0.001*[#  13]
          +0.001*[#  15]+0.001*[#  23]+0.001*[#  24]+0.001*[#  34]+0.001*[#  35]
          
    |psi|^2 = 0.996
==== e(  19) =    14.23905 eV ==== 
     psi = 0.240*[#  36]+0.200*[#  19]+0.200*[#  29]+0.120*[#  16]+0.120*[#  26]
          +0.080*[#  39]
    |psi|^2 = 0.963
==== e(  20) =    14.23906 eV ==== 
     psi = 0.240*[#   6]+0.240*[#   9]+0.160*[#  39]+0.120*[#  16]+0.120*[#  26]
          +0.040*[#  19]+0.040*[#  29]
    |psi|^2 = 0.963
==== e(  21) =    14.59514 eV ==== 
     psi = 0.164*[#  17]+0.164*[#  20]+0.164*[#  28]+0.164*[#  30]+0.164*[#  37]
          +0.164*[#  38]+0.004*[#   7]+0.004*[#   8]+0.004*[#  10]
    |psi|^2 = 0.995
==== e(  22) =    14.59514 eV ==== 
     psi = 0.166*[#  18]+0.166*[#  27]+0.166*[#  40]+0.162*[#   7]+0.162*[#   8]
          +0.162*[#  10]+0.002*[#  17]+0.002*[#  20]+0.002*[#  28]+0.002*[#  30]
          +0.002*[#  37]+0.002*[#  38]
    |psi|^2 = 0.995
==== e(  23) =    14.76257 eV ==== 
     psi = 0.155*[#   7]+0.155*[#   8]+0.155*[#  10]+0.078*[#  17]+0.078*[#  20]
          +0.078*[#  28]+0.078*[#  30]+0.078*[#  37]+0.078*[#  38]+0.009*[#  12]
          +0.009*[#  22]+0.009*[#  32]+0.002*[#  39]+0.002*[#  16]+0.002*[#  26]
          +0.002*[#  19]+0.002*[#  29]+0.001*[#  36]
    |psi|^2 = 0.969
==== e(  24) =    14.76258 eV ==== 
     psi = 0.155*[#  18]+0.155*[#  27]+0.155*[#  40]+0.078*[#  17]+0.078*[#  20]
          +0.078*[#  28]+0.078*[#  30]+0.078*[#  37]+0.078*[#  38]+0.013*[#   2]
          +0.004*[#  12]+0.004*[#  22]+0.004*[#  32]+0.003*[#   6]+0.003*[#   9]
          +0.001*[#  36]+0.001*[#  19]+0.001*[#  29]
    |psi|^2 = 0.969
==== e(  25) =    14.85154 eV ==== 
     psi = 0.156*[#   7]+0.156*[#   8]+0.156*[#  10]+0.082*[#  17]+0.082*[#  20]
          +0.082*[#  28]+0.082*[#  30]+0.082*[#  37]+0.082*[#  38]
    |psi|^2 = 0.964
==== e(  26) =    14.85154 eV ==== 
     psi = 0.161*[#  18]+0.161*[#  27]+0.161*[#  40]+0.078*[#  17]+0.078*[#  20]
          +0.078*[#  28]+0.078*[#  30]+0.078*[#  37]+0.078*[#  38]+0.004*[#   7]
          +0.004*[#   8]+0.004*[#  10]
    |psi|^2 = 0.964
==== e(  27) =    15.81624 eV ==== 
     psi = 0.149*[#   6]+0.149*[#   9]+0.097*[#  36]+0.073*[#  19]+0.073*[#  29]
          +0.061*[#  18]+0.061*[#  27]+0.061*[#  40]+0.030*[#  17]+0.030*[#  20]
          +0.030*[#  28]+0.030*[#  30]+0.030*[#  37]+0.030*[#  38]+0.026*[#  16]
          +0.026*[#  26]+0.018*[#   2]+0.006*[#  12]+0.006*[#  22]+0.006*[#  32]
          +0.003*[#  39]
    |psi|^2 = 0.996
==== e(  28) =    15.81625 eV ==== 
     psi = 0.146*[#  39]+0.123*[#  16]+0.123*[#  26]+0.076*[#  19]+0.076*[#  29]
          +0.061*[#   7]+0.061*[#   8]+0.061*[#  10]+0.053*[#  36]+0.030*[#  17]
          +0.030*[#  20]+0.030*[#  28]+0.030*[#  30]+0.030*[#  37]+0.030*[#  38]
          +0.012*[#  12]+0.012*[#  22]+0.012*[#  32]
    |psi|^2 = 0.996
==== e(  29) =    16.33420 eV ==== 
     psi = 0.162*[#   7]+0.162*[#   8]+0.162*[#  10]+0.085*[#  17]+0.085*[#  20]
          +0.085*[#  28]+0.085*[#  30]+0.085*[#  37]+0.085*[#  38]
    |psi|^2 = 0.997
==== e(  30) =    16.33421 eV ==== 
     psi = 0.166*[#  18]+0.166*[#  27]+0.166*[#  40]+0.081*[#  17]+0.081*[#  20]
          +0.081*[#  28]+0.081*[#  30]+0.081*[#  37]+0.081*[#  38]+0.004*[#   7]
          +0.004*[#   8]+0.004*[#  10]
    |psi|^2 = 0.997
==== e(  31) =    16.53536 eV ==== 
     psi = 0.120*[#   6]+0.120*[#   9]+0.074*[#  18]+0.074*[#  27]+0.074*[#  40]
          +0.048*[#  36]+0.044*[#  19]+0.044*[#  29]+0.037*[#  17]+0.037*[#  20]
          +0.037*[#  28]+0.037*[#  30]+0.037*[#  37]+0.037*[#  38]+0.036*[#  16]
          +0.036*[#  26]+0.035*[#   2]+0.032*[#  39]+0.012*[#  12]+0.012*[#  22]
          +0.012*[#  32]
    |psi|^2 = 0.996
==== e(  32) =    16.53537 eV ==== 
     psi = 0.088*[#  39]+0.084*[#  16]+0.084*[#  26]+0.076*[#  19]+0.076*[#  29]
          +0.074*[#   7]+0.074*[#   8]+0.074*[#  10]+0.073*[#  36]+0.037*[#  17]
          +0.037*[#  20]+0.037*[#  28]+0.037*[#  30]+0.037*[#  37]+0.037*[#  38]
          +0.024*[#  12]+0.024*[#  22]+0.024*[#  32]
    |psi|^2 = 0.996
==== e(  33) =    16.61207 eV ==== 
     psi = 0.245*[#   6]+0.245*[#   9]+0.163*[#  36]+0.123*[#  19]+0.123*[#  29]
          +0.041*[#  16]+0.041*[#  26]+0.004*[#   2]+0.001*[#  18]+0.001*[#  27]
          +0.001*[#  40]+0.001*[#  12]+0.001*[#  22]+0.001*[#  32]
    |psi|^2 = 0.997
==== e(  34) =    16.61209 eV ==== 
     psi = 0.245*[#  39]+0.204*[#  16]+0.204*[#  26]+0.123*[#  19]+0.123*[#  29]
          +0.082*[#  36]+0.003*[#  12]+0.003*[#  22]+0.003*[#  32]+0.001*[#   7]
          +0.001*[#   8]+0.001*[#  10]
    |psi|^2 = 0.997
==== e(  35) =    17.11356 eV ==== 
     psi = 0.202*[#   6]+0.202*[#   9]+0.131*[#  39]+0.099*[#  16]+0.099*[#  26]
          +0.036*[#  19]+0.036*[#  29]+0.029*[#  18]+0.029*[#  27]+0.029*[#  40]
          +0.015*[#  17]+0.015*[#  20]+0.015*[#  28]+0.015*[#  30]+0.015*[#  37]
          +0.015*[#  38]+0.007*[#   2]+0.004*[#  36]+0.002*[#  12]+0.002*[#  22]
          +0.002*[#  32]
    |psi|^2 = 0.999
==== e(  36) =    17.11357 eV ==== 
     psi = 0.199*[#  36]+0.167*[#  19]+0.167*[#  29]+0.103*[#  16]+0.103*[#  26]
          +0.071*[#  39]+0.029*[#   7]+0.029*[#   8]+0.029*[#  10]+0.015*[#  17]
          +0.015*[#  20]+0.015*[#  28]+0.015*[#  30]+0.015*[#  37]+0.015*[#  38]
          +0.005*[#  12]+0.005*[#  22]+0.005*[#  32]
    |psi|^2 = 0.999
==== e(  37) =    17.36034 eV ==== 
     psi = 0.167*[#  18]+0.167*[#  27]+0.167*[#  40]+0.162*[#   7]+0.162*[#   8]
          +0.162*[#  10]+0.002*[#  17]+0.002*[#  20]+0.002*[#  28]+0.002*[#  30]
          +0.002*[#  37]+0.002*[#  38]
    |psi|^2 = 0.999
==== e(  38) =    17.36035 eV ==== 
     psi = 0.164*[#  17]+0.164*[#  20]+0.164*[#  28]+0.164*[#  30]+0.164*[#  37]
          +0.164*[#  38]+0.005*[#   7]+0.005*[#   8]+0.005*[#  10]
    |psi|^2 = 0.999
==== e(  39) =    23.91784 eV ==== 
     psi = 0.099*[#  12]+0.099*[#  22]+0.099*[#  32]+0.009*[#   7]+0.009*[#   8]
          +0.009*[#  10]+0.004*[#  17]+0.004*[#  20]+0.004*[#  28]+0.004*[#  30]
          +0.005*[#  36]+0.004*[#  37]+0.004*[#  38]+0.004*[#  19]+0.004*[#  29]
          +0.002*[#  16]+0.002*[#  26]+0.002*[#  11]+0.002*[#  21]+0.002*[#  31]
          +0.002*[#  39]
    |psi|^2 = 0.377
==== e(  40) =    23.91787 eV ==== 
     psi = 0.149*[#   2]+0.050*[#  12]+0.050*[#  22]+0.050*[#  32]+0.009*[#  18]
          +0.009*[#  27]+0.009*[#  40]+0.005*[#   6]+0.005*[#   9]+0.004*[#  17]
          +0.004*[#  20]+0.004*[#  28]+0.004*[#  30]+0.004*[#  37]+0.004*[#  38]
          +0.003*[#   1]+0.003*[#  39]+0.002*[#  16]+0.002*[#  26]+0.001*[#  11]
          +0.001*[#  21]+0.001*[#  31]
    |psi|^2 = 0.377
==== e(  41) =    25.88209 eV ==== 
     psi = 0.005*[#   7]+0.005*[#   8]+0.005*[#  10]+0.003*[#  17]+0.003*[#  20]
          +0.003*[#  28]+0.003*[#  30]+0.003*[#  37]+0.003*[#  38]
    |psi|^2 = 0.036
==== e(  42) =    25.88213 eV ==== 
     psi = 0.006*[#  18]+0.006*[#  27]+0.006*[#  40]+0.003*[#  17]+0.003*[#  20]
          +0.003*[#  28]+0.003*[#  30]+0.003*[#  37]+0.003*[#  38]
    |psi|^2 = 0.036
==== e(  43) =    28.47858 eV ==== 
     psi = 0.086*[#  12]+0.086*[#  22]+0.086*[#  32]+0.076*[#   2]+0.003*[#  19]
          +0.003*[#  36]+0.002*[#  16]+0.002*[#  26]+0.003*[#  29]+0.002*[#  39]
          +0.002*[#   6]+0.002*[#   9]+0.002*[#  11]+0.002*[#  21]+0.002*[#  31]
          +0.001*[#   1]
    |psi|^2 = 0.365

 k =   0.0000000000  0.2500000000  0.2500000000
==== e(   1) =   -85.74333 eV ==== 
     psi = 0.243*[#   1]+0.242*[#  11]+0.242*[#  21]+0.242*[#  31]+0.008*[#   2]
          +0.008*[#  12]+0.008*[#  22]+0.008*[#  32]
    |psi|^2 = 1.000
==== e(   2) =   -85.71669 eV ==== 
     psi = 0.498*[#   1]+0.165*[#  11]+0.165*[#  21]+0.165*[#  31]+0.003*[#   2]
          
    |psi|^2 = 1.000
==== e(   3) =   -85.71667 eV ==== 
     psi = 0.331*[#  11]+0.331*[#  21]+0.331*[#  31]+0.002*[#  12]+0.002*[#  22]
          +0.002*[#  32]
    |psi|^2 = 1.000
==== e(   4) =   -85.71208 eV ==== 
     psi = 0.246*[#  11]+0.246*[#  21]+0.246*[#  31]+0.243*[#   1]+0.004*[#   2]
          +0.004*[#  12]+0.004*[#  22]+0.004*[#  32]
    |psi|^2 = 1.000
==== e(   5) =   -46.17352 eV ==== 
     psi = 0.131*[#   3]+0.131*[#   4]+0.131*[#   5]+0.083*[#  13]+0.083*[#  15]
          +0.083*[#  23]+0.083*[#  24]+0.083*[#  34]+0.083*[#  35]+0.035*[#  14]
          +0.035*[#  25]+0.035*[#  33]+0.001*[#  12]+0.001*[#  22]+0.001*[#  32]
          
    |psi|^2 = 1.000
==== e(   6) =   -46.17351 eV ==== 
     psi = 0.131*[#  14]+0.131*[#  25]+0.131*[#  33]+0.083*[#  13]+0.083*[#  15]
          +0.083*[#  23]+0.083*[#  24]+0.083*[#  34]+0.083*[#  35]+0.035*[#   3]
          +0.035*[#   4]+0.035*[#   5]+0.002*[#   2]
    |psi|^2 = 1.000
==== e(   7) =   -46.17149 eV ==== 
     psi = 0.083*[#   3]+0.083*[#   4]+0.083*[#   5]+0.083*[#  13]+0.083*[#  14]
          +0.083*[#  15]+0.083*[#  23]+0.083*[#  24]+0.083*[#  25]+0.083*[#  33]
          +0.083*[#  34]+0.083*[#  35]
    |psi|^2 = 1.000
==== e(   8) =   -46.12807 eV ==== 
     psi = 0.083*[#   3]+0.083*[#   4]+0.083*[#   5]+0.083*[#  13]+0.083*[#  14]
          +0.083*[#  15]+0.083*[#  23]+0.083*[#  24]+0.083*[#  25]+0.083*[#  33]
          +0.083*[#  34]+0.083*[#  35]
    |psi|^2 = 1.000
==== e(   9) =   -46.08867 eV ==== 
     psi = 0.167*[#   3]+0.167*[#   4]+0.167*[#   5]+0.167*[#  14]+0.167*[#  25]
          +0.167*[#  33]
    |psi|^2 = 1.000
==== e(  10) =   -46.08866 eV ==== 
     psi = 0.167*[#  13]+0.167*[#  15]+0.167*[#  23]+0.167*[#  24]+0.167*[#  34]
          +0.167*[#  35]
    |psi|^2 = 1.000
==== e(  11) =   -46.07128 eV ==== 
     psi = 0.083*[#   3]+0.083*[#   4]+0.083*[#   5]+0.083*[#  13]+0.083*[#  15]
          +0.083*[#  23]+0.083*[#  24]+0.083*[#  34]+0.083*[#  35]+0.083*[#  14]
          +0.083*[#  25]+0.083*[#  33]+0.001*[#   2]+0.001*[#  12]+0.001*[#  22]
          +0.001*[#  32]
    |psi|^2 = 1.000
==== e(  12) =   -46.06635 eV ==== 
     psi = 0.131*[#   3]+0.131*[#   4]+0.131*[#   5]+0.083*[#  13]+0.083*[#  15]
          +0.083*[#  23]+0.083*[#  24]+0.083*[#  34]+0.083*[#  35]+0.035*[#  14]
          +0.035*[#  25]+0.035*[#  33]
    |psi|^2 = 1.000
==== e(  13) =   -46.06634 eV ==== 
     psi = 0.136*[#  14]+0.136*[#  25]+0.136*[#  33]+0.080*[#  13]+0.080*[#  15]
          +0.080*[#  23]+0.080*[#  24]+0.080*[#  34]+0.080*[#  35]+0.038*[#   3]
          +0.038*[#   4]+0.038*[#   5]
    |psi|^2 = 1.000
==== e(  14) =   -46.06611 eV ==== 
     psi = 0.087*[#  13]+0.087*[#  15]+0.087*[#  23]+0.087*[#  24]+0.087*[#  34]
          +0.087*[#  35]+0.081*[#   3]+0.081*[#   4]+0.081*[#   5]+0.079*[#  14]
          +0.079*[#  25]+0.079*[#  33]
    |psi|^2 = 1.000
==== e(  15) =   -46.02695 eV ==== 
     psi = 0.083*[#  14]+0.083*[#  23]+0.083*[#  24]+0.083*[#  25]+0.083*[#  33]
          +0.083*[#   3]+0.083*[#  15]+0.083*[#  13]+0.083*[#   5]+0.083*[#   4]
          +0.083*[#  34]+0.083*[#  35]
    |psi|^2 = 1.000
==== e(  16) =   -46.01018 eV ==== 
     psi = 0.083*[#   3]+0.083*[#   4]+0.083*[#   5]+0.083*[#  13]+0.083*[#  14]
          +0.083*[#  15]+0.083*[#  23]+0.083*[#  24]+0.083*[#  25]+0.083*[#  33]
          +0.083*[#  34]+0.083*[#  35]
    |psi|^2 = 1.000
==== e(  17) =    10.39021 eV ==== 
     psi = 0.236*[#   2]+0.236*[#  12]+0.236*[#  22]+0.236*[#  32]+0.008*[#   1]
          +0.008*[#  11]+0.008*[#  21]+0.008*[#  31]+0.001*[#   7]+0.001*[#   8]
          +0.001*[#  10]+0.001*[#  17]+0.001*[#  18]+0.001*[#  20]+0.001*[#  27]
          +0.001*[#  28]+0.001*[#  30]+0.001*[#  37]+0.001*[#  38]+0.001*[#  40]
          
    |psi|^2 = 0.999
==== e(  18) =    13.66183 eV ==== 
     psi = 0.163*[#  36]+0.132*[#  19]+0.132*[#  29]+0.109*[#   2]+0.071*[#  16]
          +0.071*[#  26]+0.062*[#   6]+0.062*[#   9]+0.040*[#  39]+0.036*[#  12]
          +0.036*[#  22]+0.036*[#  32]+0.005*[#   7]+0.005*[#   8]+0.005*[#  10]
          +0.005*[#  18]+0.005*[#  27]+0.005*[#  40]
    |psi|^2 = 0.982
==== e(  19) =    13.66185 eV ==== 
     psi = 0.143*[#  39]+0.121*[#   6]+0.121*[#   9]+0.112*[#  16]+0.112*[#  26]
          +0.073*[#  12]+0.073*[#  22]+0.073*[#  32]+0.051*[#  19]+0.051*[#  29]
          +0.021*[#  36]+0.005*[#  17]+0.005*[#  20]+0.005*[#  28]+0.005*[#  30]
          +0.005*[#  37]+0.005*[#  38]
    |psi|^2 = 0.982
==== e(  20) =    13.94618 eV ==== 
     psi = 0.085*[#   6]+0.085*[#   9]+0.085*[#  16]+0.085*[#  19]+0.085*[#  26]
          +0.085*[#  29]+0.085*[#  36]+0.085*[#  39]+0.023*[#   7]+0.023*[#   8]
          +0.023*[#  10]+0.023*[#  17]+0.023*[#  18]+0.023*[#  20]+0.023*[#  27]
          +0.023*[#  28]+0.023*[#  30]+0.023*[#  37]+0.023*[#  38]+0.023*[#  40]
          +0.008*[#   2]+0.008*[#  12]+0.008*[#  22]+0.008*[#  32]
    |psi|^2 = 0.991
==== e(  21) =    14.19014 eV ==== 
     psi = 0.105*[#   7]+0.105*[#   8]+0.105*[#  10]+0.082*[#  17]+0.082*[#  20]
          +0.082*[#  28]+0.082*[#  30]+0.082*[#  37]+0.082*[#  38]+0.059*[#  18]
          +0.059*[#  27]+0.059*[#  40]
    |psi|^2 = 0.989
==== e(  22) =    14.19014 eV ==== 
     psi = 0.105*[#  18]+0.105*[#  27]+0.105*[#  40]+0.082*[#  17]+0.082*[#  20]
          +0.082*[#  28]+0.082*[#  30]+0.082*[#  37]+0.082*[#  38]+0.059*[#   7]
          +0.059*[#   8]+0.059*[#  10]
    |psi|^2 = 0.989
==== e(  23) =    14.19654 eV ==== 
     psi = 0.057*[#   7]+0.057*[#   8]+0.057*[#  10]+0.057*[#  17]+0.057*[#  18]
          +0.057*[#  20]+0.057*[#  27]+0.057*[#  28]+0.057*[#  30]+0.057*[#  37]
          +0.057*[#  38]+0.057*[#  40]+0.034*[#   6]+0.034*[#   9]+0.034*[#  16]
          +0.034*[#  19]+0.034*[#  26]+0.034*[#  29]+0.034*[#  36]+0.034*[#  39]
          
    |psi|^2 = 0.960
==== e(  24) =    15.11761 eV ==== 
     psi = 0.083*[#   7]+0.083*[#   8]+0.083*[#  10]+0.083*[#  17]+0.083*[#  18]
          +0.083*[#  20]+0.083*[#  27]+0.083*[#  28]+0.083*[#  30]+0.083*[#  37]
          +0.083*[#  38]+0.083*[#  40]
    |psi|^2 = 0.995
==== e(  25) =    15.71531 eV ==== 
     psi = 0.117*[#  17]+0.117*[#  20]+0.117*[#  28]+0.117*[#  30]+0.117*[#  37]
          +0.117*[#  38]+0.039*[#  39]+0.036*[#  12]+0.036*[#  22]+0.036*[#  32]
          +0.032*[#  16]+0.032*[#  26]+0.018*[#  19]+0.018*[#  29]+0.011*[#  36]
          +0.008*[#   6]+0.008*[#   9]
    |psi|^2 = 0.978
==== e(  26) =    15.71531 eV ==== 
     psi = 0.117*[#   7]+0.117*[#   8]+0.117*[#  10]+0.117*[#  18]+0.117*[#  27]
          +0.117*[#  40]+0.054*[#   2]+0.034*[#   6]+0.034*[#   9]+0.030*[#  36]
          +0.023*[#  19]+0.023*[#  29]+0.018*[#  12]+0.018*[#  22]+0.018*[#  32]
          +0.009*[#  16]+0.009*[#  26]+0.003*[#  39]
    |psi|^2 = 0.978
==== e(  27) =    15.73284 eV ==== 
     psi = 0.068*[#   7]+0.068*[#   8]+0.068*[#  10]+0.068*[#  17]+0.068*[#  18]
          +0.068*[#  20]+0.068*[#  27]+0.068*[#  28]+0.068*[#  30]+0.068*[#  37]
          +0.068*[#  38]+0.068*[#  40]+0.022*[#   6]+0.022*[#   9]+0.022*[#  16]
          +0.022*[#  19]+0.022*[#  26]+0.022*[#  29]+0.022*[#  36]+0.022*[#  39]
          +0.002*[#   2]+0.002*[#  12]+0.002*[#  22]+0.002*[#  32]
    |psi|^2 = 0.997
==== e(  28) =    15.80425 eV ==== 
     psi = 0.078*[#   7]+0.078*[#   8]+0.078*[#  10]+0.078*[#  17]+0.078*[#  18]
          +0.078*[#  20]+0.078*[#  27]+0.078*[#  28]+0.078*[#  30]+0.078*[#  37]
          +0.078*[#  38]+0.078*[#  40]
    |psi|^2 = 0.931
==== e(  29) =    15.80909 eV ==== 
     psi = 0.083*[#   7]+0.083*[#   8]+0.083*[#  10]+0.083*[#  17]+0.083*[#  18]
          +0.083*[#  20]+0.083*[#  27]+0.083*[#  28]+0.083*[#  30]+0.083*[#  37]
          +0.083*[#  38]+0.083*[#  40]
    |psi|^2 = 0.999
==== e(  30) =    16.40953 eV ==== 
     psi = 0.125*[#   6]+0.125*[#   9]+0.125*[#  16]+0.125*[#  19]+0.125*[#  26]
          +0.125*[#  29]+0.125*[#  36]+0.125*[#  39]
    |psi|^2 = 0.999
==== e(  31) =    16.84652 eV ==== 
     psi = 0.125*[#   6]+0.125*[#   9]+0.125*[#  16]+0.125*[#  19]+0.125*[#  26]
          +0.125*[#  29]+0.125*[#  36]+0.125*[#  39]
    |psi|^2 = 0.997
==== e(  32) =    16.87706 eV ==== 
     psi = 0.103*[#   6]+0.103*[#   9]+0.103*[#  16]+0.103*[#  19]+0.103*[#  26]
          +0.103*[#  29]+0.102*[#  36]+0.103*[#  39]+0.014*[#   7]+0.014*[#   8]
          +0.014*[#  10]+0.014*[#  17]+0.014*[#  18]+0.014*[#  20]+0.014*[#  27]
          +0.014*[#  28]+0.014*[#  30]+0.014*[#  37]+0.014*[#  38]+0.014*[#  40]
          +0.003*[#   2]+0.003*[#  12]+0.003*[#  22]+0.003*[#  32]
    |psi|^2 = 0.999
==== e(  33) =    17.02122 eV ==== 
     psi = 0.196*[#  36]+0.156*[#  19]+0.156*[#  29]+0.133*[#   6]+0.133*[#   9]
          +0.076*[#  16]+0.076*[#  26]+0.036*[#  39]+0.008*[#   2]+0.003*[#  12]
          +0.003*[#  22]+0.003*[#  32]+0.002*[#   7]+0.002*[#   8]+0.002*[#  10]
          +0.002*[#  18]+0.002*[#  27]+0.002*[#  40]
    |psi|^2 = 0.991
==== e(  34) =    17.02122 eV ==== 
     psi = 0.205*[#  39]+0.165*[#  16]+0.165*[#  26]+0.107*[#   6]+0.107*[#   9]
          +0.085*[#  19]+0.085*[#  29]+0.044*[#  36]+0.005*[#  12]+0.005*[#  22]
          +0.005*[#  32]+0.002*[#  17]+0.002*[#  20]+0.002*[#  28]+0.002*[#  30]
          +0.002*[#  37]+0.002*[#  38]
    |psi|^2 = 0.991
==== e(  35) =    17.08845 eV ==== 
     psi = 0.107*[#   7]+0.107*[#   8]+0.107*[#  10]+0.083*[#  17]+0.083*[#  20]
          +0.083*[#  28]+0.083*[#  30]+0.083*[#  37]+0.083*[#  38]+0.059*[#  18]
          +0.059*[#  27]+0.059*[#  40]
    |psi|^2 = 0.998
==== e(  36) =    17.08845 eV ==== 
     psi = 0.107*[#  18]+0.107*[#  27]+0.107*[#  40]+0.083*[#  17]+0.083*[#  20]
          +0.083*[#  28]+0.083*[#  30]+0.083*[#  37]+0.083*[#  38]+0.059*[#   7]
          +0.059*[#   8]+0.059*[#  10]
    |psi|^2 = 0.998
==== e(  37) =    17.21120 eV ==== 
     psi = 0.083*[#   7]+0.083*[#   8]+0.083*[#  10]+0.083*[#  17]+0.083*[#  18]
          +0.083*[#  20]+0.083*[#  27]+0.083*[#  28]+0.083*[#  30]+0.083*[#  37]
          +0.083*[#  38]+0.083*[#  40]
    |psi|^2 = 1.000
==== e(  38) =    19.37184 eV ==== 
     psi = 0.258*[#   2]+0.086*[#  12]+0.086*[#  22]+0.086*[#  32]+0.042*[#   7]
          +0.042*[#   8]+0.042*[#  10]+0.042*[#  18]+0.042*[#  27]+0.042*[#  40]
          +0.024*[#  36]+0.019*[#   6]+0.019*[#   9]+0.019*[#  19]+0.019*[#  29]
          +0.009*[#  16]+0.009*[#  26]+0.004*[#  39]+0.003*[#   1]
    |psi|^2 = 0.896
==== e(  39) =    19.37185 eV ==== 
     psi = 0.172*[#  12]+0.172*[#  22]+0.172*[#  32]+0.042*[#  17]+0.042*[#  20]
          +0.042*[#  28]+0.042*[#  30]+0.042*[#  37]+0.042*[#  38]+0.027*[#  39]
          +0.022*[#  16]+0.022*[#  26]+0.012*[#   6]+0.012*[#   9]+0.012*[#  19]
          +0.012*[#  29]+0.006*[#  36]+0.002*[#  11]+0.002*[#  21]+0.002*[#  31]
          
    |psi|^2 = 0.896
==== e(  40) =    23.59159 eV ==== 
     psi = 0.006*[#   7]+0.006*[#   8]+0.006*[#  10]+0.006*[#  17]+0.006*[#  18]
          +0.006*[#  20]+0.006*[#  27]+0.006*[#  28]+0.006*[#  30]+0.006*[#  37]
          +0.006*[#  38]+0.006*[#  40]
    |psi|^2 = 0.069
==== e(  41) =    25.15154 eV ==== 
     psi = 0.039*[#   2]+0.039*[#  12]+0.039*[#  22]+0.039*[#  32]+0.002*[#   7]
          +0.002*[#   8]+0.002*[#  10]+0.002*[#  17]+0.002*[#  18]+0.002*[#  20]
          +0.002*[#  27]+0.002*[#  28]+0.002*[#  30]+0.002*[#  37]+0.002*[#  38]
          +0.002*[#  40]+0.001*[#   6]+0.001*[#   9]+0.001*[#  16]+0.001*[#  19]
          +0.001*[#  26]+0.001*[#  29]+0.001*[#  36]+0.001*[#  39]
    |psi|^2 = 0.197
==== e(  42) =    27.79404 eV ==== 
     psi = 0.185*[#   2]+0.185*[#  12]+0.185*[#  22]+0.185*[#  32]+0.004*[#   6]
          +0.004*[#   9]+0.004*[#  16]+0.004*[#  19]+0.004*[#  26]+0.004*[#  29]
          +0.004*[#  36]+0.004*[#  39]+0.004*[#   1]+0.004*[#  11]+0.004*[#  21]
          +0.004*[#  31]
    |psi|^2 = 0.796
==== e(  43) =    30.58073 eV ==== 
     psi = 0.001*[#   7]+0.001*[#   8]+0.001*[#  10]
    |psi|^2 = 0.011

 k =   0.0000000000  0.2500000000  0.3750000000
==== e(   1) =   -85.73718 eV ==== 
     psi = 0.246*[#   1]+0.245*[#  11]+0.245*[#  21]+0.245*[#  31]+0.004*[#   2]
          +0.004*[#  12]+0.004*[#  22]+0.004*[#  32]
    |psi|^2 = 1.000
==== e(   2) =   -85.72273 eV ==== 
     psi = 0.251*[#   1]+0.249*[#  11]+0.249*[#  21]+0.249*[#  31]
    |psi|^2 = 1.000
==== e(   3) =   -85.71559 eV ==== 
     psi = 0.249*[#   1]+0.247*[#  11]+0.247*[#  21]+0.247*[#  31]+0.002*[#   2]
          +0.002*[#  12]+0.002*[#  22]+0.002*[#  32]
    |psi|^2 = 1.000
==== e(   4) =   -85.71311 eV ==== 
     psi = 0.247*[#  11]+0.247*[#  21]+0.247*[#  31]+0.243*[#   1]+0.004*[#   2]
          +0.004*[#  12]+0.004*[#  22]+0.004*[#  32]
    |psi|^2 = 1.000
==== e(   5) =   -46.16675 eV ==== 
     psi = 0.083*[#   3]+0.083*[#   4]+0.083*[#   5]+0.083*[#  13]+0.083*[#  14]
          +0.083*[#  15]+0.083*[#  23]+0.083*[#  24]+0.083*[#  25]+0.083*[#  33]
          +0.083*[#  34]+0.083*[#  35]
    |psi|^2 = 1.000
==== e(   6) =   -46.15381 eV ==== 
     psi = 0.083*[#   3]+0.083*[#   4]+0.083*[#   5]+0.083*[#  13]+0.083*[#  14]
          +0.083*[#  15]+0.083*[#  23]+0.083*[#  24]+0.083*[#  25]+0.083*[#  33]
          +0.083*[#  34]+0.083*[#  35]+0.001*[#   2]+0.001*[#  12]+0.001*[#  22]
          +0.001*[#  32]
    |psi|^2 = 1.000
==== e(   7) =   -46.15211 eV ==== 
     psi = 0.083*[#   3]+0.083*[#   4]+0.083*[#   5]+0.083*[#  13]+0.083*[#  14]
          +0.083*[#  15]+0.083*[#  23]+0.083*[#  24]+0.083*[#  25]+0.083*[#  33]
          +0.083*[#  34]+0.083*[#  35]
    |psi|^2 = 1.000
==== e(   8) =   -46.14410 eV ==== 
     psi = 0.083*[#   3]+0.083*[#   4]+0.083*[#   5]+0.083*[#  13]+0.083*[#  14]
          +0.083*[#  15]+0.083*[#  23]+0.083*[#  24]+0.083*[#  25]+0.083*[#  33]
          +0.083*[#  34]+0.083*[#  35]
    |psi|^2 = 1.000
==== e(   9) =   -46.10743 eV ==== 
     psi = 0.083*[#   3]+0.083*[#   4]+0.083*[#   5]+0.083*[#  13]+0.083*[#  14]
          +0.083*[#  15]+0.083*[#  23]+0.083*[#  24]+0.083*[#  25]+0.083*[#  33]
          +0.083*[#  34]+0.083*[#  35]
    |psi|^2 = 1.000
==== e(  10) =   -46.09985 eV ==== 
     psi = 0.083*[#   3]+0.083*[#   4]+0.083*[#   5]+0.083*[#  13]+0.083*[#  14]
          +0.083*[#  15]+0.083*[#  23]+0.083*[#  24]+0.083*[#  25]+0.083*[#  33]
          +0.083*[#  34]+0.083*[#  35]+0.002*[#   2]+0.002*[#  12]+0.002*[#  22]
          +0.002*[#  32]
    |psi|^2 = 1.000
==== e(  11) =   -46.07393 eV ==== 
     psi = 0.083*[#   3]+0.083*[#   4]+0.083*[#   5]+0.083*[#  13]+0.083*[#  15]
          +0.083*[#  23]+0.083*[#  24]+0.083*[#  34]+0.083*[#  35]+0.083*[#  14]
          +0.083*[#  25]+0.083*[#  33]
    |psi|^2 = 1.000
==== e(  12) =   -46.06259 eV ==== 
     psi = 0.084*[#  14]+0.084*[#  25]+0.084*[#  33]+0.083*[#   3]+0.083*[#   4]
          +0.083*[#   5]+0.083*[#  13]+0.083*[#  15]+0.083*[#  23]+0.083*[#  24]
          +0.083*[#  34]+0.083*[#  35]
    |psi|^2 = 1.000
==== e(  13) =   -46.06090 eV ==== 
     psi = 0.084*[#  13]+0.084*[#  15]+0.084*[#  23]+0.084*[#  24]+0.084*[#  34]
          +0.084*[#  35]+0.083*[#   3]+0.083*[#   4]+0.083*[#   5]+0.083*[#  14]
          +0.083*[#  25]+0.083*[#  33]
    |psi|^2 = 1.000
==== e(  14) =   -46.04885 eV ==== 
     psi = 0.083*[#  13]+0.083*[#  14]+0.083*[#  15]+0.083*[#  23]+0.083*[#  24]
          +0.083*[#  25]+0.083*[#  33]+0.083*[#  34]+0.083*[#  35]+0.083*[#   3]
          +0.083*[#   4]+0.083*[#   5]
    |psi|^2 = 1.000
==== e(  15) =   -46.04105 eV ==== 
     psi = 0.083*[#  14]+0.083*[#  23]+0.083*[#  24]+0.083*[#  25]+0.083*[#  33]
          +0.083*[#   3]+0.083*[#  15]+0.083*[#  13]+0.083*[#   5]+0.083*[#   4]
          +0.083*[#  34]+0.083*[#  35]
    |psi|^2 = 1.000
==== e(  16) =   -46.01753 eV ==== 
     psi = 0.083*[#  14]+0.083*[#  23]+0.083*[#  24]+0.083*[#  25]+0.083*[#  33]
          +0.083*[#   3]+0.083*[#  15]+0.083*[#  13]+0.083*[#   5]+0.083*[#   4]
          +0.083*[#  34]+0.083*[#  35]
    |psi|^2 = 1.000
==== e(  17) =    11.27244 eV ==== 
     psi = 0.230*[#   2]+0.230*[#  12]+0.230*[#  22]+0.230*[#  32]+0.004*[#   1]
          +0.004*[#  11]+0.004*[#  21]+0.004*[#  31]+0.003*[#   7]+0.003*[#   8]
          +0.003*[#  10]+0.003*[#  17]+0.003*[#  18]+0.003*[#  20]+0.003*[#  27]
          +0.003*[#  28]+0.003*[#  30]+0.003*[#  37]+0.003*[#  38]+0.003*[#  40]
          +0.002*[#   6]+0.002*[#   9]+0.002*[#  16]+0.002*[#  19]+0.002*[#  26]
          +0.002*[#  29]+0.002*[#  36]+0.002*[#  39]
    |psi|^2 = 0.997
==== e(  18) =    13.26737 eV ==== 
     psi = 0.138*[#   2]+0.138*[#  12]+0.138*[#  22]+0.138*[#  32]+0.044*[#   6]
          +0.044*[#   9]+0.044*[#  16]+0.044*[#  19]+0.044*[#  26]+0.044*[#  29]
          +0.044*[#  36]+0.044*[#  39]+0.007*[#   7]+0.007*[#   8]+0.007*[#  10]
          +0.007*[#  17]+0.007*[#  18]+0.007*[#  20]+0.007*[#  27]+0.007*[#  28]
          +0.007*[#  30]+0.007*[#  37]+0.007*[#  38]+0.007*[#  40]
    |psi|^2 = 0.986
==== e(  19) =    14.09834 eV ==== 
     psi = 0.090*[#   6]+0.090*[#   9]+0.090*[#  16]+0.090*[#  19]+0.090*[#  26]
          +0.090*[#  29]+0.090*[#  36]+0.090*[#  39]+0.039*[#   2]+0.039*[#  12]
          +0.039*[#  22]+0.039*[#  32]+0.007*[#   7]+0.007*[#   8]+0.007*[#  10]
          +0.007*[#  17]+0.007*[#  18]+0.007*[#  20]+0.007*[#  27]+0.007*[#  28]
          +0.007*[#  30]+0.007*[#  37]+0.007*[#  38]+0.007*[#  40]
    |psi|^2 = 0.965
==== e(  20) =    14.23633 eV ==== 
     psi = 0.050*[#   7]+0.050*[#   8]+0.050*[#  10]+0.050*[#  17]+0.050*[#  18]
          +0.050*[#  20]+0.050*[#  27]+0.050*[#  28]+0.050*[#  30]+0.050*[#  37]
          +0.050*[#  38]+0.050*[#  40]+0.046*[#   6]+0.046*[#   9]+0.046*[#  16]
          +0.046*[#  19]+0.046*[#  26]+0.046*[#  29]+0.046*[#  36]+0.046*[#  39]
          +0.008*[#   2]+0.008*[#  12]+0.008*[#  22]+0.008*[#  32]
    |psi|^2 = 0.995
==== e(  21) =    14.39701 eV ==== 
     psi = 0.074*[#   6]+0.074*[#   9]+0.074*[#  16]+0.074*[#  19]+0.074*[#  26]
          +0.074*[#  29]+0.074*[#  36]+0.074*[#  39]+0.027*[#   7]+0.027*[#   8]
          +0.027*[#  10]+0.027*[#  17]+0.027*[#  18]+0.027*[#  20]+0.027*[#  27]
          +0.027*[#  28]+0.027*[#  30]+0.027*[#  37]+0.027*[#  38]+0.027*[#  40]
          +0.004*[#   2]+0.004*[#  12]+0.004*[#  22]+0.004*[#  32]
    |psi|^2 = 0.938
==== e(  22) =    14.41033 eV ==== 
     psi = 0.082*[#   7]+0.082*[#   8]+0.082*[#  10]+0.082*[#  17]+0.082*[#  18]
          +0.082*[#  20]+0.082*[#  27]+0.082*[#  28]+0.082*[#  30]+0.082*[#  37]
          +0.082*[#  38]+0.082*[#  40]
    |psi|^2 = 0.990
==== e(  23) =    14.47778 eV ==== 
     psi = 0.082*[#   7]+0.082*[#   8]+0.082*[#  10]+0.082*[#  17]+0.082*[#  18]
          +0.082*[#  20]+0.082*[#  27]+0.082*[#  28]+0.082*[#  30]+0.082*[#  37]
          +0.082*[#  38]+0.082*[#  40]
    |psi|^2 = 0.981
==== e(  24) =    14.92553 eV ==== 
     psi = 0.083*[#   7]+0.083*[#   8]+0.083*[#  10]+0.083*[#  17]+0.083*[#  18]
          +0.083*[#  20]+0.083*[#  27]+0.083*[#  28]+0.083*[#  30]+0.083*[#  37]
          +0.083*[#  38]+0.083*[#  40]
    |psi|^2 = 0.993
==== e(  25) =    15.09949 eV ==== 
     psi = 0.059*[#   7]+0.059*[#   8]+0.059*[#  10]+0.059*[#  17]+0.059*[#  18]
          +0.059*[#  20]+0.059*[#  27]+0.059*[#  28]+0.059*[#  30]+0.059*[#  37]
          +0.059*[#  38]+0.059*[#  40]+0.026*[#   6]+0.026*[#   9]+0.026*[#  16]
          +0.026*[#  19]+0.026*[#  26]+0.026*[#  29]+0.026*[#  36]+0.026*[#  39]
          +0.017*[#   2]+0.017*[#  12]+0.017*[#  22]+0.017*[#  32]
    |psi|^2 = 0.985
==== e(  26) =    15.33792 eV ==== 
     psi = 0.079*[#   7]+0.079*[#   8]+0.079*[#  10]+0.079*[#  17]+0.079*[#  18]
          +0.079*[#  20]+0.079*[#  27]+0.079*[#  28]+0.079*[#  30]+0.079*[#  37]
          +0.079*[#  38]+0.079*[#  40]
    |psi|^2 = 0.949
==== e(  27) =    15.46198 eV ==== 
     psi = 0.055*[#   6]+0.055*[#   9]+0.055*[#  16]+0.055*[#  19]+0.055*[#  26]
          +0.055*[#  29]+0.055*[#  36]+0.055*[#  39]+0.041*[#   7]+0.041*[#   8]
          +0.041*[#  10]+0.041*[#  17]+0.041*[#  18]+0.041*[#  20]+0.041*[#  27]
          +0.041*[#  28]+0.041*[#  30]+0.041*[#  37]+0.041*[#  38]+0.041*[#  40]
          +0.015*[#   2]+0.015*[#  12]+0.015*[#  22]+0.015*[#  32]
    |psi|^2 = 0.992
==== e(  28) =    15.70436 eV ==== 
     psi = 0.050*[#   7]+0.050*[#   8]+0.050*[#  10]+0.050*[#  17]+0.050*[#  18]
          +0.050*[#  20]+0.050*[#  27]+0.050*[#  28]+0.050*[#  30]+0.050*[#  37]
          +0.050*[#  38]+0.050*[#  40]+0.049*[#   6]+0.049*[#   9]+0.049*[#  16]
          +0.049*[#  19]+0.049*[#  26]+0.049*[#  29]+0.049*[#  36]+0.049*[#  39]
          +0.001*[#   2]+0.001*[#  12]+0.001*[#  22]+0.001*[#  32]
    |psi|^2 = 0.996
==== e(  29) =    16.02458 eV ==== 
     psi = 0.083*[#   7]+0.083*[#   8]+0.083*[#  10]+0.083*[#  17]+0.083*[#  18]
          +0.083*[#  20]+0.083*[#  27]+0.083*[#  28]+0.083*[#  30]+0.083*[#  37]
          +0.083*[#  38]+0.083*[#  40]
    |psi|^2 = 0.999
==== e(  30) =    16.34743 eV ==== 
     psi = 0.115*[#   6]+0.115*[#   9]+0.115*[#  16]+0.115*[#  19]+0.115*[#  26]
          +0.115*[#  29]+0.115*[#  36]+0.115*[#  39]+0.005*[#   7]+0.005*[#   8]
          +0.005*[#  10]+0.005*[#  17]+0.005*[#  18]+0.005*[#  20]+0.005*[#  27]
          +0.005*[#  28]+0.005*[#  30]+0.005*[#  37]+0.005*[#  38]+0.005*[#  40]
          +0.003*[#   2]+0.003*[#  12]+0.003*[#  22]+0.003*[#  32]
    |psi|^2 = 0.998
==== e(  31) =    16.63101 eV ==== 
     psi = 0.124*[#   6]+0.124*[#   9]+0.124*[#  16]+0.124*[#  19]+0.124*[#  26]
          +0.124*[#  29]+0.124*[#  36]+0.124*[#  39]
    |psi|^2 = 0.997
==== e(  32) =    16.72216 eV ==== 
     psi = 0.083*[#   7]+0.083*[#   8]+0.083*[#  10]+0.083*[#  17]+0.083*[#  18]
          +0.083*[#  20]+0.083*[#  27]+0.083*[#  28]+0.083*[#  30]+0.083*[#  37]
          +0.083*[#  38]+0.083*[#  40]
    |psi|^2 = 0.997
==== e(  33) =    16.73950 eV ==== 
     psi = 0.121*[#   6]+0.121*[#   9]+0.121*[#  16]+0.121*[#  19]+0.121*[#  26]
          +0.121*[#  29]+0.121*[#  36]+0.121*[#  39]+0.002*[#   7]+0.002*[#   8]
          +0.002*[#  10]+0.002*[#  17]+0.002*[#  18]+0.002*[#  20]+0.002*[#  27]
          +0.002*[#  28]+0.002*[#  30]+0.002*[#  37]+0.002*[#  38]+0.002*[#  40]
          +0.001*[#   2]+0.001*[#  12]+0.001*[#  22]+0.001*[#  32]
    |psi|^2 = 0.990
==== e(  34) =    16.81178 eV ==== 
     psi = 0.117*[#   6]+0.117*[#   9]+0.117*[#  16]+0.117*[#  19]+0.117*[#  26]
          +0.117*[#  29]+0.117*[#  36]+0.117*[#  39]+0.013*[#   2]+0.013*[#  12]
          +0.013*[#  22]+0.013*[#  32]
    |psi|^2 = 0.993
==== e(  35) =    17.08720 eV ==== 
     psi = 0.083*[#   7]+0.083*[#   8]+0.083*[#  10]+0.083*[#  17]+0.083*[#  18]
          +0.083*[#  20]+0.083*[#  27]+0.083*[#  28]+0.083*[#  30]+0.083*[#  37]
          +0.083*[#  38]+0.083*[#  40]
    |psi|^2 = 0.998
==== e(  36) =    17.12349 eV ==== 
     psi = 0.083*[#   6]+0.083*[#   9]+0.083*[#  16]+0.083*[#  19]+0.083*[#  26]
          +0.083*[#  29]+0.083*[#  36]+0.083*[#  39]+0.025*[#   7]+0.025*[#   8]
          +0.025*[#  10]+0.025*[#  17]+0.025*[#  18]+0.025*[#  20]+0.025*[#  27]
          +0.025*[#  28]+0.025*[#  30]+0.025*[#  37]+0.025*[#  38]+0.025*[#  40]
          +0.009*[#   2]+0.009*[#  12]+0.009*[#  22]+0.009*[#  32]
    |psi|^2 = 0.999
==== e(  37) =    17.12596 eV ==== 
     psi = 0.083*[#   7]+0.083*[#   8]+0.083*[#  10]+0.083*[#  17]+0.083*[#  18]
          +0.083*[#  20]+0.083*[#  27]+0.083*[#  28]+0.083*[#  30]+0.083*[#  37]
          +0.083*[#  38]+0.083*[#  40]
    |psi|^2 = 0.999
==== e(  38) =    18.13778 eV ==== 
     psi = 0.074*[#   2]+0.074*[#  12]+0.074*[#  22]+0.074*[#  32]+0.035*[#   7]
          +0.035*[#   8]+0.035*[#  10]+0.035*[#  17]+0.035*[#  18]+0.035*[#  20]
          +0.035*[#  27]+0.035*[#  28]+0.035*[#  30]+0.035*[#  37]+0.035*[#  38]
          +0.035*[#  40]+0.033*[#   6]+0.033*[#   9]+0.033*[#  16]+0.033*[#  19]
          +0.033*[#  26]+0.033*[#  29]+0.033*[#  36]+0.033*[#  39]
    |psi|^2 = 0.980
==== e(  39) =    20.49654 eV ==== 
     psi = 0.138*[#   2]+0.138*[#  12]+0.138*[#  22]+0.138*[#  32]+0.016*[#   7]
          +0.016*[#   8]+0.016*[#  10]+0.016*[#  17]+0.016*[#  18]+0.016*[#  20]
          +0.016*[#  27]+0.016*[#  28]+0.016*[#  30]+0.016*[#  37]+0.016*[#  38]
          +0.016*[#  40]+0.011*[#   6]+0.011*[#   9]+0.011*[#  16]+0.011*[#  19]
          +0.011*[#  26]+0.011*[#  29]+0.011*[#  36]+0.011*[#  39]+0.002*[#   1]
          +0.002*[#  11]+0.002*[#  21]+0.002*[#  31]
    |psi|^2 = 0.834
==== e(  40) =    23.30366 eV ==== 
     psi = 0.094*[#   2]+0.094*[#  12]+0.094*[#  22]+0.094*[#  32]+0.005*[#   7]
          +0.005*[#   8]+0.005*[#  10]+0.005*[#  17]+0.005*[#  18]+0.005*[#  20]
          +0.005*[#  27]+0.005*[#  28]+0.005*[#  30]+0.005*[#  37]+0.005*[#  38]
          +0.005*[#  40]+0.003*[#   6]+0.003*[#   9]+0.003*[#  16]+0.003*[#  19]
          +0.003*[#  26]+0.003*[#  29]+0.003*[#  36]+0.003*[#  39]+0.002*[#   1]
          +0.002*[#  11]+0.002*[#  21]+0.002*[#  31]
    |psi|^2 = 0.467
==== e(  41) =    24.99954 eV ==== 
     psi = 0.004*[#   7]+0.004*[#   8]+0.004*[#  10]+0.004*[#  17]+0.004*[#  18]
          +0.004*[#  20]+0.004*[#  27]+0.004*[#  28]+0.004*[#  30]+0.004*[#  37]
          +0.004*[#  38]+0.004*[#  40]
    |psi|^2 = 0.052
==== e(  42) =    28.23304 eV ==== 
     psi = 0.126*[#   2]+0.126*[#  12]+0.126*[#  22]+0.126*[#  32]+0.003*[#   6]
          +0.003*[#   9]+0.003*[#  16]+0.003*[#  19]+0.003*[#  26]+0.003*[#  29]
          +0.003*[#  36]+0.003*[#  39]+0.002*[#   1]+0.002*[#  11]+0.002*[#  21]
          +0.002*[#  31]
    |psi|^2 = 0.542
==== e(  43) =    28.55351 eV ==== 
     psi = 0.002*[#   7]+0.002*[#   8]+0.002*[#  10]+0.002*[#  17]+0.002*[#  18]
          +0.002*[#  20]+0.002*[#  27]+0.002*[#  28]+0.002*[#  30]+0.002*[#  37]
          +0.002*[#  38]+0.002*[#  40]
    |psi|^2 = 0.020

 k =   0.0000000000  0.2500000000 -0.5000000000
==== e(   1) =   -85.72995 eV ==== 
     psi = 0.499*[#   1]+0.165*[#  11]+0.165*[#  21]+0.165*[#  31]+0.002*[#   2]
          
    |psi|^2 = 1.000
==== e(   2) =   -85.72993 eV ==== 
     psi = 0.332*[#  11]+0.332*[#  21]+0.332*[#  31]+0.001*[#  12]+0.001*[#  22]
          +0.001*[#  32]
    |psi|^2 = 1.000
==== e(   3) =   -85.71436 eV ==== 
     psi = 0.492*[#   1]+0.165*[#  11]+0.165*[#  21]+0.165*[#  31]+0.006*[#   2]
          +0.002*[#  12]+0.002*[#  22]+0.002*[#  32]
    |psi|^2 = 1.000
==== e(   4) =   -85.71434 eV ==== 
     psi = 0.329*[#  11]+0.329*[#  21]+0.329*[#  31]+0.004*[#  12]+0.004*[#  22]
          +0.004*[#  32]
    |psi|^2 = 1.000
==== e(   5) =   -46.15728 eV ==== 
     psi = 0.120*[#   3]+0.120*[#   4]+0.120*[#   5]+0.106*[#  13]+0.106*[#  15]
          +0.106*[#  23]+0.106*[#  24]+0.106*[#  34]+0.106*[#  35]
    |psi|^2 = 1.000
==== e(   6) =   -46.15728 eV ==== 
     psi = 0.166*[#  14]+0.166*[#  25]+0.166*[#  33]+0.060*[#  13]+0.060*[#  15]
          +0.060*[#  23]+0.060*[#  24]+0.060*[#  34]+0.060*[#  35]+0.046*[#   3]
          +0.046*[#   4]+0.046*[#   5]
    |psi|^2 = 1.000
==== e(   7) =   -46.12996 eV ==== 
     psi = 0.167*[#   3]+0.167*[#   4]+0.167*[#   5]+0.083*[#  13]+0.083*[#  15]
          +0.083*[#  23]+0.083*[#  24]+0.083*[#  34]+0.083*[#  35]
    |psi|^2 = 1.000
==== e(   8) =   -46.12994 eV ==== 
     psi = 0.167*[#  14]+0.167*[#  25]+0.167*[#  33]+0.083*[#  13]+0.083*[#  15]
          +0.083*[#  23]+0.083*[#  24]+0.083*[#  34]+0.083*[#  35]
    |psi|^2 = 1.000
==== e(   9) =   -46.12870 eV ==== 
     psi = 0.166*[#  14]+0.166*[#  25]+0.166*[#  33]+0.120*[#   3]+0.120*[#   4]
          +0.120*[#   5]+0.023*[#  13]+0.023*[#  15]+0.023*[#  23]+0.023*[#  24]
          +0.023*[#  34]+0.023*[#  35]+0.002*[#  12]+0.002*[#  22]+0.002*[#  32]
          
    |psi|^2 = 1.000
==== e(  10) =   -46.12869 eV ==== 
     psi = 0.143*[#  13]+0.143*[#  15]+0.143*[#  23]+0.143*[#  24]+0.143*[#  34]
          +0.143*[#  35]+0.045*[#   3]+0.045*[#   4]+0.045*[#   5]+0.004*[#   2]
          +0.001*[#  12]+0.001*[#  22]+0.001*[#  32]
    |psi|^2 = 1.000
==== e(  11) =   -46.06032 eV ==== 
     psi = 0.167*[#  14]+0.167*[#  25]+0.167*[#  33]+0.120*[#   3]+0.120*[#   4]
          +0.120*[#   5]+0.023*[#  13]+0.023*[#  15]+0.023*[#  23]+0.023*[#  24]
          +0.023*[#  34]+0.023*[#  35]
    |psi|^2 = 1.000
==== e(  12) =   -46.06031 eV ==== 
     psi = 0.144*[#  13]+0.144*[#  15]+0.144*[#  23]+0.144*[#  24]+0.144*[#  34]
          +0.144*[#  35]+0.046*[#   3]+0.046*[#   4]+0.046*[#   5]
    |psi|^2 = 1.000
==== e(  13) =   -46.05751 eV ==== 
     psi = 0.167*[#   3]+0.167*[#   4]+0.167*[#   5]+0.083*[#  13]+0.083*[#  15]
          +0.083*[#  23]+0.083*[#  24]+0.083*[#  34]+0.083*[#  35]
    |psi|^2 = 1.000
==== e(  14) =   -46.05749 eV ==== 
     psi = 0.167*[#  14]+0.167*[#  25]+0.167*[#  33]+0.083*[#  13]+0.083*[#  15]
          +0.083*[#  23]+0.083*[#  24]+0.083*[#  34]+0.083*[#  35]
    |psi|^2 = 1.000
==== e(  15) =   -46.03128 eV ==== 
     psi = 0.121*[#   3]+0.121*[#   4]+0.121*[#   5]+0.106*[#  13]+0.106*[#  15]
          +0.106*[#  23]+0.106*[#  24]+0.106*[#  34]+0.106*[#  35]
    |psi|^2 = 1.000
==== e(  16) =   -46.03127 eV ==== 
     psi = 0.167*[#  14]+0.167*[#  25]+0.167*[#  33]+0.060*[#  13]+0.060*[#  15]
          +0.060*[#  23]+0.060*[#  24]+0.060*[#  34]+0.060*[#  35]+0.046*[#   3]
          +0.046*[#   4]+0.046*[#   5]
    |psi|^2 = 1.000
==== e(  17) =    12.33650 eV ==== 
     psi = 0.273*[#  12]+0.273*[#  22]+0.273*[#  32]+0.022*[#  39]+0.019*[#  16]
          +0.019*[#  26]+0.012*[#   7]+0.012*[#   8]+0.012*[#  10]+0.012*[#  19]
          +0.012*[#  29]+0.008*[#  36]+0.006*[#  17]+0.006*[#  20]+0.006*[#  28]
          +0.006*[#  30]+0.006*[#  37]+0.006*[#  38]+0.002*[#  11]+0.002*[#  21]
          +0.002*[#  31]+0.001*[#  14]+0.001*[#  25]+0.001*[#  33]
    |psi|^2 = 0.993
==== e(  18) =    12.33653 eV ==== 
     psi = 0.410*[#   2]+0.137*[#  12]+0.137*[#  22]+0.137*[#  32]+0.023*[#   6]
          +0.023*[#   9]+0.015*[#  36]+0.012*[#  18]+0.012*[#  27]+0.012*[#  40]
          +0.011*[#  19]+0.011*[#  29]+0.006*[#  17]+0.006*[#  20]+0.006*[#  28]
          +0.006*[#  30]+0.006*[#  37]+0.006*[#  38]+0.004*[#  16]+0.004*[#  26]
          +0.003*[#   1]
    |psi|^2 = 0.993
==== e(  19) =    14.40990 eV ==== 
     psi = 0.155*[#  36]+0.129*[#  19]+0.129*[#  29]+0.078*[#  16]+0.078*[#  26]
          +0.052*[#  39]+0.039*[#   7]+0.039*[#   8]+0.039*[#  10]+0.028*[#  12]
          +0.028*[#  22]+0.028*[#  32]+0.020*[#  17]+0.020*[#  20]+0.020*[#  28]
          +0.020*[#  30]+0.020*[#  37]+0.020*[#  38]
    |psi|^2 = 0.942
==== e(  20) =    14.40991 eV ==== 
     psi = 0.155*[#   6]+0.155*[#   9]+0.104*[#  39]+0.078*[#  16]+0.078*[#  26]
          +0.042*[#   2]+0.039*[#  18]+0.039*[#  27]+0.039*[#  40]+0.026*[#  19]
          +0.026*[#  29]+0.020*[#  17]+0.020*[#  20]+0.020*[#  28]+0.020*[#  30]
          +0.020*[#  37]+0.020*[#  38]+0.014*[#  12]+0.014*[#  22]+0.014*[#  32]
          
    |psi|^2 = 0.942
==== e(  21) =    14.61154 eV ==== 
     psi = 0.104*[#   7]+0.104*[#   8]+0.104*[#  10]+0.080*[#  36]+0.067*[#  19]
          +0.067*[#  29]+0.052*[#  17]+0.052*[#  20]+0.052*[#  28]+0.052*[#  30]
          +0.052*[#  37]+0.052*[#  38]+0.043*[#  16]+0.043*[#  26]+0.031*[#  39]
          +0.012*[#  12]+0.012*[#  22]+0.012*[#  32]
    |psi|^2 = 0.992
==== e(  22) =    14.61154 eV ==== 
     psi = 0.104*[#  18]+0.104*[#  27]+0.104*[#  40]+0.083*[#   6]+0.083*[#   9]
          +0.052*[#  39]+0.052*[#  17]+0.052*[#  20]+0.052*[#  28]+0.052*[#  30]
          +0.052*[#  37]+0.052*[#  38]+0.040*[#  16]+0.040*[#  26]+0.018*[#   2]
          +0.015*[#  19]+0.015*[#  29]+0.006*[#  12]+0.006*[#  22]+0.006*[#  32]
          +0.003*[#  36]
    |psi|^2 = 0.992
==== e(  23) =    14.67070 eV ==== 
     psi = 0.156*[#  17]+0.156*[#  20]+0.156*[#  28]+0.156*[#  30]+0.156*[#  37]
          +0.156*[#  38]+0.018*[#   7]+0.018*[#   8]+0.018*[#  10]
    |psi|^2 = 0.992
==== e(  24) =    14.67071 eV ==== 
     psi = 0.165*[#  18]+0.165*[#  27]+0.165*[#  40]+0.147*[#   7]+0.147*[#   8]
          +0.147*[#  10]+0.009*[#  17]+0.009*[#  20]+0.009*[#  28]+0.009*[#  30]
          +0.009*[#  37]+0.009*[#  38]
    |psi|^2 = 0.992
==== e(  25) =    14.87030 eV ==== 
     psi = 0.143*[#   7]+0.143*[#   8]+0.143*[#  10]+0.090*[#  17]+0.090*[#  20]
          +0.090*[#  28]+0.090*[#  30]+0.090*[#  37]+0.090*[#  38]
    |psi|^2 = 0.967
==== e(  26) =    14.87030 eV ==== 
     psi = 0.161*[#  18]+0.161*[#  27]+0.161*[#  40]+0.071*[#  17]+0.071*[#  20]
          +0.071*[#  28]+0.071*[#  30]+0.071*[#  37]+0.071*[#  38]+0.018*[#   7]
          +0.018*[#   8]+0.018*[#  10]
    |psi|^2 = 0.967
==== e(  27) =    15.54312 eV ==== 
     psi = 0.143*[#   6]+0.143*[#   9]+0.083*[#  36]+0.070*[#  18]+0.070*[#  27]
          +0.070*[#  40]+0.065*[#  19]+0.065*[#  29]+0.035*[#  17]+0.035*[#  20]
          +0.035*[#  28]+0.035*[#  30]+0.035*[#  37]+0.035*[#  38]+0.030*[#  16]
          +0.030*[#  26]+0.012*[#  39]+0.002*[#   2]
    |psi|^2 = 0.995
==== e(  28) =    15.54312 eV ==== 
     psi = 0.131*[#  39]+0.113*[#  16]+0.113*[#  26]+0.078*[#  19]+0.078*[#  29]
          +0.070*[#   7]+0.070*[#   8]+0.070*[#  10]+0.060*[#  36]+0.035*[#  17]
          +0.035*[#  20]+0.035*[#  28]+0.035*[#  30]+0.035*[#  37]+0.035*[#  38]
          +0.001*[#  12]+0.001*[#  22]+0.001*[#  32]
    |psi|^2 = 0.995
==== e(  29) =    16.34547 eV ==== 
     psi = 0.148*[#   7]+0.148*[#   8]+0.148*[#  10]+0.092*[#  17]+0.092*[#  20]
          +0.092*[#  28]+0.092*[#  30]+0.092*[#  37]+0.092*[#  38]
    |psi|^2 = 0.998
==== e(  30) =    16.34547 eV ==== 
     psi = 0.166*[#  18]+0.166*[#  27]+0.166*[#  40]+0.074*[#  17]+0.074*[#  20]
          +0.074*[#  28]+0.074*[#  30]+0.074*[#  37]+0.074*[#  38]+0.019*[#   7]
          +0.019*[#   8]+0.019*[#  10]
    |psi|^2 = 0.998
==== e(  31) =    16.51043 eV ==== 
     psi = 0.213*[#   6]+0.213*[#   9]+0.092*[#  39]+0.082*[#  16]+0.082*[#  26]
          +0.061*[#  19]+0.061*[#  29]+0.050*[#  36]+0.025*[#   2]+0.016*[#  18]
          +0.016*[#  27]+0.016*[#  40]+0.008*[#  12]+0.008*[#  22]+0.008*[#  32]
          +0.008*[#  17]+0.008*[#  20]+0.008*[#  28]+0.008*[#  30]+0.008*[#  37]
          +0.008*[#  38]
    |psi|^2 = 0.996
==== e(  32) =    16.51044 eV ==== 
     psi = 0.163*[#  36]+0.153*[#  19]+0.153*[#  29]+0.132*[#  16]+0.132*[#  26]
          +0.121*[#  39]+0.016*[#  12]+0.016*[#  22]+0.016*[#  32]+0.016*[#   7]
          +0.016*[#   8]+0.016*[#  10]+0.008*[#  17]+0.008*[#  20]+0.008*[#  28]
          +0.008*[#  30]+0.008*[#  37]+0.008*[#  38]
    |psi|^2 = 0.996
==== e(  33) =    16.55457 eV ==== 
     psi = 0.245*[#   6]+0.245*[#   9]+0.162*[#  36]+0.122*[#  19]+0.122*[#  29]
          +0.041*[#  16]+0.041*[#  26]+0.002*[#  18]+0.002*[#  27]+0.002*[#  40]
          +0.001*[#  17]+0.001*[#  20]+0.001*[#  28]+0.001*[#  30]+0.001*[#  37]
          +0.001*[#  38]
    |psi|^2 = 0.994
==== e(  34) =    16.55458 eV ==== 
     psi = 0.244*[#  39]+0.204*[#  16]+0.204*[#  26]+0.123*[#  19]+0.123*[#  29]
          +0.083*[#  36]+0.002*[#   7]+0.002*[#   8]+0.002*[#  10]+0.001*[#  17]
          +0.001*[#  20]+0.001*[#  28]+0.001*[#  30]+0.001*[#  37]+0.001*[#  38]
          
    |psi|^2 = 0.994
==== e(  35) =    17.09422 eV ==== 
     psi = 0.166*[#  18]+0.166*[#  27]+0.166*[#  40]+0.147*[#   7]+0.147*[#   8]
          +0.147*[#  10]+0.010*[#  17]+0.010*[#  20]+0.010*[#  28]+0.010*[#  30]
          +0.010*[#  37]+0.010*[#  38]
    |psi|^2 = 0.998
==== e(  36) =    17.09422 eV ==== 
     psi = 0.157*[#  17]+0.157*[#  20]+0.157*[#  28]+0.157*[#  30]+0.157*[#  37]
          +0.157*[#  38]+0.020*[#   7]+0.020*[#   8]+0.020*[#  10]
    |psi|^2 = 0.998
==== e(  37) =    17.49022 eV ==== 
     psi = 0.120*[#   6]+0.120*[#   9]+0.069*[#  18]+0.069*[#  27]+0.069*[#  40]
          +0.062*[#  39]+0.052*[#   2]+0.051*[#  16]+0.051*[#  26]+0.034*[#  17]
          +0.034*[#  20]+0.034*[#  28]+0.034*[#  30]+0.034*[#  37]+0.034*[#  38]
          +0.029*[#  19]+0.029*[#  29]+0.018*[#  36]+0.017*[#  12]+0.017*[#  22]
          +0.017*[#  32]
    |psi|^2 = 0.996
==== e(  38) =    17.49022 eV ==== 
     psi = 0.102*[#  36]+0.091*[#  19]+0.091*[#  29]+0.069*[#  16]+0.069*[#  26]
          +0.069*[#   7]+0.069*[#   8]+0.069*[#  10]+0.058*[#  39]+0.035*[#  12]
          +0.035*[#  22]+0.035*[#  32]+0.034*[#  17]+0.034*[#  20]+0.034*[#  28]
          +0.034*[#  30]+0.034*[#  37]+0.034*[#  38]
    |psi|^2 = 0.996
==== e(  39) =    21.77515 eV ==== 
     psi = 0.173*[#  12]+0.173*[#  22]+0.173*[#  32]+0.020*[#   7]+0.020*[#   8]
          +0.020*[#  10]+0.012*[#  36]+0.010*[#  19]+0.010*[#  29]+0.010*[#  17]
          +0.010*[#  20]+0.010*[#  28]+0.010*[#  30]+0.010*[#  37]+0.010*[#  38]
          +0.006*[#  16]+0.006*[#  26]+0.004*[#  39]+0.003*[#  11]+0.003*[#  21]
          +0.003*[#  31]
    |psi|^2 = 0.696
==== e(  40) =    21.77518 eV ==== 
     psi = 0.260*[#   2]+0.087*[#  12]+0.087*[#  22]+0.087*[#  32]+0.020*[#  18]
          +0.020*[#  27]+0.020*[#  40]+0.012*[#   6]+0.012*[#   9]+0.010*[#  17]
          +0.010*[#  20]+0.010*[#  28]+0.010*[#  30]+0.010*[#  37]+0.010*[#  38]
          +0.008*[#  39]+0.006*[#  16]+0.006*[#  26]+0.004*[#   1]+0.002*[#  19]
          +0.002*[#  29]+0.001*[#  11]+0.001*[#  21]+0.001*[#  31]
    |psi|^2 = 0.696
==== e(  41) =    26.67574 eV ==== 
     psi = 0.004*[#   7]+0.004*[#   8]+0.004*[#  10]+0.004*[#  17]+0.004*[#  20]
          +0.004*[#  28]+0.004*[#  30]+0.004*[#  37]+0.004*[#  38]
    |psi|^2 = 0.034
==== e(  42) =    26.67578 eV ==== 
     psi = 0.006*[#  18]+0.006*[#  27]+0.006*[#  40]+0.002*[#  17]+0.002*[#  20]
          +0.002*[#  28]+0.002*[#  30]+0.002*[#  37]+0.002*[#  38]+0.002*[#   7]
          +0.002*[#   8]+0.002*[#  10]
    |psi|^2 = 0.034
==== e(  43) =    28.96619 eV ==== 
     psi = 0.089*[#  12]+0.089*[#  22]+0.089*[#  32]+0.008*[#   2]+0.002*[#  36]
          +0.002*[#  19]+0.002*[#  29]+0.002*[#  16]+0.002*[#  26]+0.002*[#  39]
          +0.001*[#  11]+0.001*[#  21]+0.001*[#  31]+0.001*[#   7]+0.001*[#   8]
          +0.001*[#  10]
    |psi|^2 = 0.298

 k =   0.0000000000  0.3750000000  0.3750000000
==== e(   1) =   -85.73220 eV ==== 
     psi = 0.249*[#   1]+0.248*[#  11]+0.248*[#  21]+0.248*[#  31]+0.002*[#   2]
          +0.002*[#  12]+0.002*[#  22]+0.002*[#  32]
    |psi|^2 = 1.000
==== e(   2) =   -85.72054 eV ==== 
     psi = 0.500*[#   1]+0.166*[#  11]+0.166*[#  21]+0.166*[#  31]
    |psi|^2 = 1.000
==== e(   3) =   -85.72052 eV ==== 
     psi = 0.332*[#  11]+0.332*[#  21]+0.332*[#  31]
    |psi|^2 = 1.000
==== e(   4) =   -85.71529 eV ==== 
     psi = 0.248*[#  11]+0.248*[#  21]+0.248*[#  31]+0.245*[#   1]+0.003*[#   2]
          +0.003*[#  12]+0.003*[#  22]+0.003*[#  32]
    |psi|^2 = 1.000
==== e(   5) =   -46.15948 eV ==== 
     psi = 0.159*[#   3]+0.159*[#   4]+0.159*[#   5]+0.083*[#  13]+0.083*[#  15]
          +0.083*[#  23]+0.083*[#  24]+0.083*[#  34]+0.083*[#  35]+0.007*[#  14]
          +0.007*[#  25]+0.007*[#  33]+0.001*[#  12]+0.001*[#  22]+0.001*[#  32]
          
    |psi|^2 = 1.000
==== e(   6) =   -46.15946 eV ==== 
     psi = 0.159*[#  14]+0.159*[#  25]+0.159*[#  33]+0.083*[#  13]+0.083*[#  15]
          +0.083*[#  23]+0.083*[#  24]+0.083*[#  34]+0.083*[#  35]+0.007*[#   3]
          +0.007*[#   4]+0.007*[#   5]+0.002*[#   2]
    |psi|^2 = 1.000
==== e(   7) =   -46.15453 eV ==== 
     psi = 0.083*[#   3]+0.083*[#   4]+0.083*[#   5]+0.083*[#  14]+0.083*[#  25]
          +0.083*[#  33]+0.083*[#  13]+0.083*[#  15]+0.083*[#  23]+0.083*[#  24]
          +0.083*[#  34]+0.083*[#  35]
    |psi|^2 = 1.000
==== e(   8) =   -46.13437 eV ==== 
     psi = 0.083*[#   3]+0.083*[#   4]+0.083*[#   5]+0.083*[#  13]+0.083*[#  14]
          +0.083*[#  15]+0.083*[#  23]+0.083*[#  24]+0.083*[#  25]+0.083*[#  33]
          +0.083*[#  34]+0.083*[#  35]
    |psi|^2 = 1.000
==== e(   9) =   -46.12395 eV ==== 
     psi = 0.083*[#   3]+0.083*[#   4]+0.083*[#   5]+0.083*[#  13]+0.083*[#  14]
          +0.083*[#  15]+0.083*[#  23]+0.083*[#  24]+0.083*[#  25]+0.083*[#  33]
          +0.083*[#  34]+0.083*[#  35]+0.002*[#   2]+0.002*[#  12]+0.002*[#  22]
          +0.002*[#  32]
    |psi|^2 = 1.000
==== e(  10) =   -46.09205 eV ==== 
     psi = 0.167*[#   3]+0.167*[#   4]+0.167*[#   5]+0.167*[#  14]+0.167*[#  25]
          +0.167*[#  33]
    |psi|^2 = 1.000
==== e(  11) =   -46.09203 eV ==== 
     psi = 0.167*[#  13]+0.167*[#  15]+0.167*[#  23]+0.167*[#  24]+0.167*[#  34]
          +0.167*[#  35]
    |psi|^2 = 1.000
==== e(  12) =   -46.05598 eV ==== 
     psi = 0.083*[#  13]+0.083*[#  14]+0.083*[#  15]+0.083*[#  23]+0.083*[#  24]
          +0.083*[#  25]+0.083*[#  33]+0.083*[#  34]+0.083*[#  35]+0.083*[#   3]
          +0.083*[#   4]+0.083*[#   5]
    |psi|^2 = 1.000
==== e(  13) =   -46.04962 eV ==== 
     psi = 0.083*[#   3]+0.083*[#   4]+0.083*[#   5]+0.083*[#  13]+0.083*[#  14]
          +0.083*[#  15]+0.083*[#  23]+0.083*[#  24]+0.083*[#  25]+0.083*[#  33]
          +0.083*[#  34]+0.083*[#  35]
    |psi|^2 = 1.000
==== e(  14) =   -46.04467 eV ==== 
     psi = 0.159*[#   3]+0.159*[#   4]+0.159*[#   5]+0.083*[#  13]+0.083*[#  15]
          +0.083*[#  23]+0.083*[#  24]+0.083*[#  34]+0.083*[#  35]+0.007*[#  14]
          +0.007*[#  25]+0.007*[#  33]
    |psi|^2 = 1.000
==== e(  15) =   -46.04465 eV ==== 
     psi = 0.159*[#  14]+0.159*[#  25]+0.159*[#  33]+0.083*[#  13]+0.083*[#  15]
          +0.083*[#  23]+0.083*[#  24]+0.083*[#  34]+0.083*[#  35]+0.007*[#   3]
          +0.007*[#   4]+0.007*[#   5]
    |psi|^2 = 1.000
==== e(  16) =   -46.01950 eV ==== 
     psi = 0.083*[#  14]+0.083*[#  23]+0.083*[#  24]+0.083*[#  25]+0.083*[#  33]
          +0.083*[#   3]+0.083*[#  15]+0.083*[#  13]+0.083*[#   5]+0.083*[#   4]
          +0.083*[#  34]+0.083*[#  35]
    |psi|^2 = 1.000
==== e(  17) =    12.06406 eV ==== 
     psi = 0.216*[#   2]+0.216*[#  12]+0.216*[#  22]+0.216*[#  32]+0.008*[#   7]
          +0.008*[#   8]+0.008*[#  10]+0.008*[#  17]+0.008*[#  18]+0.008*[#  20]
          +0.008*[#  27]+0.008*[#  28]+0.008*[#  30]+0.008*[#  37]+0.008*[#  38]
          +0.008*[#  40]+0.003*[#   6]+0.003*[#   9]+0.003*[#  16]+0.003*[#  19]
          +0.003*[#  26]+0.003*[#  29]+0.003*[#  36]+0.003*[#  39]+0.002*[#   1]
          +0.002*[#  11]+0.002*[#  21]+0.002*[#  31]
    |psi|^2 = 0.994
==== e(  18) =    13.76913 eV ==== 
     psi = 0.230*[#   2]+0.077*[#  12]+0.077*[#  22]+0.077*[#  32]+0.055*[#  36]
          +0.044*[#  19]+0.044*[#  29]+0.041*[#   7]+0.041*[#   8]+0.041*[#  10]
          +0.041*[#  18]+0.041*[#  27]+0.041*[#  40]+0.032*[#   6]+0.032*[#   9]
          +0.022*[#  16]+0.022*[#  26]+0.011*[#  39]
    |psi|^2 = 0.973
==== e(  19) =    13.76914 eV ==== 
     psi = 0.153*[#  12]+0.153*[#  22]+0.153*[#  32]+0.055*[#  39]+0.044*[#  16]
          +0.044*[#  26]+0.041*[#  17]+0.041*[#  20]+0.041*[#  28]+0.041*[#  30]
          +0.041*[#  37]+0.041*[#  38]+0.034*[#   6]+0.034*[#   9]+0.022*[#  19]
          +0.022*[#  29]+0.011*[#  36]
    |psi|^2 = 0.973
==== e(  20) =    14.26130 eV ==== 
     psi = 0.071*[#   7]+0.071*[#   8]+0.071*[#  10]+0.071*[#  17]+0.071*[#  18]
          +0.071*[#  20]+0.071*[#  27]+0.071*[#  28]+0.071*[#  30]+0.071*[#  37]
          +0.071*[#  38]+0.071*[#  40]+0.031*[#   2]+0.031*[#  12]+0.031*[#  22]
          +0.031*[#  32]
    |psi|^2 = 0.977
==== e(  21) =    14.61832 eV ==== 
     psi = 0.137*[#   7]+0.137*[#   8]+0.137*[#  10]+0.082*[#  17]+0.082*[#  20]
          +0.082*[#  28]+0.082*[#  30]+0.082*[#  37]+0.082*[#  38]+0.027*[#  18]
          +0.027*[#  27]+0.027*[#  40]
    |psi|^2 = 0.983
==== e(  22) =    14.61832 eV ==== 
     psi = 0.137*[#  18]+0.137*[#  27]+0.137*[#  40]+0.082*[#  17]+0.082*[#  20]
          +0.082*[#  28]+0.082*[#  30]+0.082*[#  37]+0.082*[#  38]+0.027*[#   7]
          +0.027*[#   8]+0.027*[#  10]
    |psi|^2 = 0.983
==== e(  23) =    14.64254 eV ==== 
     psi = 0.117*[#   6]+0.117*[#   9]+0.117*[#  16]+0.117*[#  19]+0.117*[#  26]
          +0.117*[#  29]+0.117*[#  36]+0.117*[#  39]+0.004*[#   2]+0.004*[#  12]
          +0.004*[#  22]+0.004*[#  32]
    |psi|^2 = 0.950
==== e(  24) =    14.88029 eV ==== 
     psi = 0.082*[#   7]+0.082*[#   8]+0.082*[#  10]+0.082*[#  17]+0.082*[#  18]
          +0.082*[#  20]+0.082*[#  27]+0.082*[#  28]+0.082*[#  30]+0.082*[#  37]
          +0.082*[#  38]+0.082*[#  40]
    |psi|^2 = 0.989
==== e(  25) =    15.09710 eV ==== 
     psi = 0.131*[#  39]+0.107*[#  16]+0.107*[#  26]+0.069*[#  17]+0.069*[#  20]
          +0.069*[#  28]+0.069*[#  30]+0.069*[#  37]+0.069*[#  38]+0.059*[#  19]
          +0.059*[#  29]+0.036*[#  36]+0.035*[#   6]+0.035*[#   9]+0.003*[#  12]
          +0.003*[#  22]+0.003*[#  32]
    |psi|^2 = 0.992
==== e(  26) =    15.09710 eV ==== 
     psi = 0.107*[#   6]+0.107*[#   9]+0.107*[#  36]+0.083*[#  19]+0.083*[#  29]
          +0.069*[#   7]+0.069*[#   8]+0.069*[#  10]+0.069*[#  18]+0.069*[#  27]
          +0.069*[#  40]+0.036*[#  16]+0.036*[#  26]+0.012*[#  39]+0.004*[#   2]
          +0.001*[#  12]+0.001*[#  22]+0.001*[#  32]
    |psi|^2 = 0.992
==== e(  27) =    15.13704 eV ==== 
     psi = 0.080*[#   7]+0.080*[#   8]+0.080*[#  10]+0.080*[#  17]+0.080*[#  18]
          +0.080*[#  20]+0.080*[#  27]+0.080*[#  28]+0.080*[#  30]+0.080*[#  37]
          +0.080*[#  38]+0.080*[#  40]
    |psi|^2 = 0.959
==== e(  28) =    15.58626 eV ==== 
     psi = 0.061*[#   6]+0.061*[#   9]+0.061*[#  16]+0.061*[#  19]+0.061*[#  26]
          +0.061*[#  29]+0.061*[#  36]+0.061*[#  39]+0.041*[#   7]+0.041*[#   8]
          +0.041*[#  10]+0.041*[#  17]+0.041*[#  18]+0.041*[#  20]+0.041*[#  27]
          +0.041*[#  28]+0.041*[#  30]+0.041*[#  37]+0.041*[#  38]+0.041*[#  40]
          +0.003*[#   2]+0.003*[#  12]+0.003*[#  22]+0.003*[#  32]
    |psi|^2 = 0.993
==== e(  29) =    16.15222 eV ==== 
     psi = 0.083*[#   7]+0.083*[#   8]+0.083*[#  10]+0.083*[#  17]+0.083*[#  18]
          +0.083*[#  20]+0.083*[#  27]+0.083*[#  28]+0.083*[#  30]+0.083*[#  37]
          +0.083*[#  38]+0.083*[#  40]
    |psi|^2 = 0.999
==== e(  30) =    16.24947 eV ==== 
     psi = 0.125*[#   6]+0.125*[#   9]+0.125*[#  16]+0.125*[#  19]+0.125*[#  26]
          +0.125*[#  29]+0.125*[#  36]+0.125*[#  39]
    |psi|^2 = 0.999
==== e(  31) =    16.46443 eV ==== 
     psi = 0.125*[#   6]+0.125*[#   9]+0.125*[#  16]+0.125*[#  19]+0.125*[#  26]
          +0.125*[#  29]+0.125*[#  36]+0.125*[#  39]
    |psi|^2 = 0.997
==== e(  32) =    16.56194 eV ==== 
     psi = 0.184*[#  39]+0.176*[#   6]+0.176*[#   9]+0.143*[#  16]+0.143*[#  26]
          +0.063*[#  19]+0.063*[#  29]+0.022*[#  36]+0.007*[#  12]+0.007*[#  22]
          +0.007*[#  32]
    |psi|^2 = 0.992
==== e(  33) =    16.56194 eV ==== 
     psi = 0.220*[#  36]+0.180*[#  19]+0.180*[#  29]+0.099*[#  16]+0.099*[#  26]
          +0.067*[#   6]+0.067*[#   9]+0.059*[#  39]+0.011*[#   2]+0.004*[#  12]
          +0.004*[#  22]+0.004*[#  32]
    |psi|^2 = 0.992
==== e(  34) =    16.73567 eV ==== 
     psi = 0.140*[#   7]+0.140*[#   8]+0.140*[#  10]+0.083*[#  17]+0.083*[#  20]
          +0.083*[#  28]+0.083*[#  30]+0.083*[#  37]+0.083*[#  38]+0.027*[#  18]
          +0.027*[#  27]+0.027*[#  40]
    |psi|^2 = 0.998
==== e(  35) =    16.73568 eV ==== 
     psi = 0.140*[#  18]+0.140*[#  27]+0.140*[#  40]+0.083*[#  17]+0.083*[#  20]
          +0.083*[#  28]+0.083*[#  30]+0.083*[#  37]+0.083*[#  38]+0.027*[#   7]
          +0.027*[#   8]+0.027*[#  10]
    |psi|^2 = 0.998
==== e(  36) =    16.91286 eV ==== 
     psi = 0.083*[#   7]+0.083*[#   8]+0.083*[#  10]+0.083*[#  17]+0.083*[#  18]
          +0.083*[#  20]+0.083*[#  27]+0.083*[#  28]+0.083*[#  30]+0.083*[#  37]
          +0.083*[#  38]+0.083*[#  40]
    |psi|^2 = 1.000
==== e(  37) =    17.51406 eV ==== 
     psi = 0.061*[#   6]+0.061*[#   9]+0.061*[#  16]+0.061*[#  19]+0.061*[#  26]
          +0.061*[#  29]+0.061*[#  36]+0.061*[#  39]+0.034*[#   7]+0.034*[#   8]
          +0.034*[#  10]+0.034*[#  17]+0.034*[#  18]+0.034*[#  20]+0.034*[#  27]
          +0.034*[#  28]+0.034*[#  30]+0.034*[#  37]+0.034*[#  38]+0.034*[#  40]
          +0.025*[#   2]+0.025*[#  12]+0.025*[#  22]+0.025*[#  32]
    |psi|^2 = 0.997
==== e(  38) =    19.00177 eV ==== 
     psi = 0.215*[#   2]+0.072*[#  12]+0.072*[#  22]+0.072*[#  32]+0.056*[#   7]
          +0.056*[#   8]+0.056*[#  10]+0.056*[#  18]+0.056*[#  27]+0.056*[#  40]
          +0.043*[#   6]+0.043*[#   9]+0.033*[#  36]+0.025*[#  19]+0.025*[#  29]
          +0.009*[#  16]+0.009*[#  26]+0.001*[#  39]+0.001*[#   1]
    |psi|^2 = 0.954
==== e(  39) =    19.00178 eV ==== 
     psi = 0.143*[#  12]+0.143*[#  22]+0.143*[#  32]+0.056*[#  17]+0.056*[#  20]
          +0.056*[#  28]+0.056*[#  30]+0.056*[#  37]+0.056*[#  38]+0.045*[#  39]
          +0.038*[#  16]+0.038*[#  26]+0.022*[#  19]+0.022*[#  29]+0.014*[#  36]
          +0.004*[#   6]+0.004*[#   9]
    |psi|^2 = 0.954
==== e(  40) =    21.46838 eV ==== 
     psi = 0.132*[#   2]+0.132*[#  12]+0.132*[#  22]+0.132*[#  32]+0.011*[#   7]
          +0.011*[#   8]+0.011*[#  10]+0.011*[#  17]+0.011*[#  18]+0.011*[#  20]
          +0.011*[#  27]+0.011*[#  28]+0.011*[#  30]+0.011*[#  37]+0.011*[#  38]
          +0.011*[#  40]+0.006*[#   6]+0.006*[#   9]+0.006*[#  16]+0.006*[#  19]
          +0.006*[#  26]+0.006*[#  29]+0.006*[#  36]+0.006*[#  39]+0.002*[#   1]
          +0.002*[#  11]+0.002*[#  21]+0.002*[#  31]
    |psi|^2 = 0.723
==== e(  41) =    26.28661 eV ==== 
     psi = 0.003*[#   7]+0.003*[#   8]+0.003*[#  10]+0.003*[#  17]+0.003*[#  18]
          +0.003*[#  20]+0.003*[#  27]+0.003*[#  28]+0.003*[#  30]+0.003*[#  37]
          +0.003*[#  38]+0.003*[#  40]
    |psi|^2 = 0.041
==== e(  42) =    28.81404 eV ==== 
     psi = 0.074*[#   2]+0.074*[#  12]+0.074*[#  22]+0.074*[#  32]+0.002*[#   6]
          +0.002*[#   9]+0.002*[#  16]+0.002*[#  19]+0.002*[#  26]+0.002*[#  29]
          +0.002*[#  36]+0.002*[#  39]
    |psi|^2 = 0.323
==== e(  43) =    29.68912 eV ==== 
     psi = 0.002*[#   7]+0.002*[#   8]+0.002*[#  10]+0.002*[#  17]+0.002*[#  20]
          +0.002*[#  28]+0.002*[#  30]+0.002*[#  37]+0.002*[#  38]+0.001*[#  18]
          +0.001*[#  27]+0.001*[#  40]
    |psi|^2 = 0.018

 k =   0.0000000000  0.3750000000 -0.5000000000
==== e(   1) =   -85.72638 eV ==== 
     psi = 0.501*[#   1]+0.166*[#  11]+0.166*[#  21]+0.166*[#  31]
    |psi|^2 = 1.000
==== e(   2) =   -85.72636 eV ==== 
     psi = 0.333*[#  11]+0.333*[#  21]+0.333*[#  31]
    |psi|^2 = 1.000
==== e(   3) =   -85.71791 eV ==== 
     psi = 0.494*[#   1]+0.166*[#  11]+0.166*[#  21]+0.166*[#  31]+0.003*[#   2]
          
    |psi|^2 = 1.000
==== e(   4) =   -85.71789 eV ==== 
     psi = 0.331*[#  11]+0.331*[#  21]+0.331*[#  31]+0.002*[#  12]+0.002*[#  22]
          +0.002*[#  32]
    |psi|^2 = 1.000
==== e(   5) =   -46.16042 eV ==== 
     psi = 0.116*[#  13]+0.116*[#  15]+0.116*[#  23]+0.116*[#  24]+0.116*[#  34]
          +0.116*[#  35]+0.100*[#   3]+0.100*[#   4]+0.100*[#   5]+0.001*[#   2]
          
    |psi|^2 = 1.000
==== e(   6) =   -46.16041 eV ==== 
     psi = 0.166*[#  14]+0.166*[#  25]+0.166*[#  33]+0.067*[#   3]+0.067*[#   4]
          +0.067*[#   5]+0.050*[#  13]+0.050*[#  15]+0.050*[#  23]+0.050*[#  24]
          +0.050*[#  34]+0.050*[#  35]
    |psi|^2 = 1.000
==== e(   7) =   -46.14506 eV ==== 
     psi = 0.166*[#  14]+0.166*[#  25]+0.166*[#  33]+0.099*[#   3]+0.099*[#   4]
          +0.099*[#   5]+0.033*[#  13]+0.033*[#  15]+0.033*[#  23]+0.033*[#  24]
          +0.033*[#  34]+0.033*[#  35]+0.002*[#  12]+0.002*[#  22]+0.002*[#  32]
          
    |psi|^2 = 1.000
==== e(   8) =   -46.14506 eV ==== 
     psi = 0.133*[#  13]+0.133*[#  15]+0.133*[#  23]+0.133*[#  24]+0.133*[#  34]
          +0.133*[#  35]+0.066*[#   3]+0.066*[#   4]+0.066*[#   5]+0.003*[#   2]
          +0.001*[#  12]+0.001*[#  22]+0.001*[#  32]
    |psi|^2 = 1.000
==== e(   9) =   -46.11317 eV ==== 
     psi = 0.167*[#   3]+0.167*[#   4]+0.167*[#   5]+0.083*[#  13]+0.083*[#  15]
          +0.083*[#  23]+0.083*[#  24]+0.083*[#  34]+0.083*[#  35]
    |psi|^2 = 1.000
==== e(  10) =   -46.11315 eV ==== 
     psi = 0.167*[#  14]+0.167*[#  25]+0.167*[#  33]+0.083*[#  13]+0.083*[#  15]
          +0.083*[#  23]+0.083*[#  24]+0.083*[#  34]+0.083*[#  35]
    |psi|^2 = 1.000
==== e(  11) =   -46.07416 eV ==== 
     psi = 0.166*[#   3]+0.166*[#   4]+0.166*[#   5]+0.083*[#  13]+0.083*[#  15]
          +0.083*[#  23]+0.083*[#  24]+0.083*[#  34]+0.083*[#  35]
    |psi|^2 = 1.000
==== e(  12) =   -46.07414 eV ==== 
     psi = 0.167*[#  14]+0.167*[#  25]+0.167*[#  33]+0.083*[#  13]+0.083*[#  15]
          +0.083*[#  23]+0.083*[#  24]+0.083*[#  34]+0.083*[#  35]
    |psi|^2 = 1.000
==== e(  13) =   -46.04411 eV ==== 
     psi = 0.166*[#  14]+0.166*[#  25]+0.166*[#  33]+0.100*[#   3]+0.100*[#   4]
          +0.100*[#   5]+0.033*[#  13]+0.033*[#  15]+0.033*[#  23]+0.033*[#  24]
          +0.033*[#  34]+0.033*[#  35]
    |psi|^2 = 1.000
==== e(  14) =   -46.04411 eV ==== 
     psi = 0.133*[#  13]+0.133*[#  15]+0.133*[#  23]+0.133*[#  24]+0.133*[#  34]
          +0.133*[#  35]+0.067*[#   3]+0.067*[#   4]+0.067*[#   5]
    |psi|^2 = 1.000
==== e(  15) =   -46.02908 eV ==== 
     psi = 0.117*[#  13]+0.117*[#  15]+0.117*[#  23]+0.117*[#  24]+0.117*[#  34]
          +0.117*[#  35]+0.100*[#   3]+0.100*[#   4]+0.100*[#   5]
    |psi|^2 = 1.000
==== e(  16) =   -46.02908 eV ==== 
     psi = 0.167*[#  14]+0.167*[#  25]+0.167*[#  33]+0.066*[#   3]+0.066*[#   4]
          +0.066*[#   5]+0.050*[#  13]+0.050*[#  15]+0.050*[#  23]+0.050*[#  24]
          +0.050*[#  34]+0.050*[#  35]
    |psi|^2 = 1.000
==== e(  17) =    12.98140 eV ==== 
     psi = 0.240*[#  12]+0.240*[#  22]+0.240*[#  32]+0.032*[#   7]+0.032*[#   8]
          +0.032*[#  10]+0.016*[#  17]+0.016*[#  20]+0.016*[#  28]+0.016*[#  30]
          +0.016*[#  37]+0.016*[#  38]+0.015*[#  39]+0.013*[#  16]+0.013*[#  26]
          +0.010*[#  19]+0.010*[#  29]+0.008*[#  36]
    |psi|^2 = 0.986
==== e(  18) =    12.98143 eV ==== 
     psi = 0.359*[#   2]+0.120*[#  12]+0.120*[#  22]+0.120*[#  32]+0.032*[#  18]
          +0.032*[#  27]+0.032*[#  40]+0.017*[#   6]+0.017*[#   9]+0.016*[#  17]
          +0.016*[#  20]+0.016*[#  28]+0.016*[#  30]+0.016*[#  37]+0.016*[#  38]
          +0.009*[#  36]+0.007*[#  19]+0.007*[#  29]+0.004*[#  16]+0.004*[#  26]
          +0.002*[#  39]
    |psi|^2 = 0.986
==== e(  19) =    14.14581 eV ==== 
     psi = 0.097*[#   7]+0.097*[#   8]+0.097*[#  10]+0.097*[#  12]+0.097*[#  22]
          +0.097*[#  32]+0.049*[#  17]+0.049*[#  20]+0.049*[#  28]+0.049*[#  30]
          +0.049*[#  37]+0.049*[#  38]+0.021*[#  36]+0.018*[#  19]+0.018*[#  29]
          +0.011*[#  16]+0.011*[#  26]+0.007*[#  39]
    |psi|^2 = 0.964
==== e(  20) =    14.14583 eV ==== 
     psi = 0.146*[#   2]+0.097*[#  18]+0.097*[#  27]+0.097*[#  40]+0.049*[#  12]
          +0.049*[#  17]+0.049*[#  20]+0.049*[#  22]+0.049*[#  28]+0.049*[#  30]
          +0.049*[#  32]+0.049*[#  37]+0.049*[#  38]+0.021*[#   6]+0.021*[#   9]
          +0.014*[#  39]+0.011*[#  16]+0.011*[#  26]+0.004*[#  19]+0.004*[#  29]
          
    |psi|^2 = 0.964
==== e(  21) =    14.76718 eV ==== 
     psi = 0.142*[#  17]+0.142*[#  20]+0.142*[#  28]+0.142*[#  30]+0.142*[#  37]
          +0.142*[#  38]+0.045*[#   7]+0.045*[#   8]+0.045*[#  10]
    |psi|^2 = 0.986
==== e(  22) =    14.76718 eV ==== 
     psi = 0.164*[#  18]+0.164*[#  27]+0.164*[#  40]+0.120*[#   7]+0.120*[#   8]
          +0.120*[#  10]+0.022*[#  17]+0.022*[#  20]+0.022*[#  28]+0.022*[#  30]
          +0.022*[#  37]+0.022*[#  38]
    |psi|^2 = 0.986
==== e(  23) =    14.86574 eV ==== 
     psi = 0.192*[#  36]+0.163*[#  19]+0.163*[#  29]+0.104*[#  16]+0.104*[#  26]
          +0.075*[#  39]+0.028*[#   7]+0.028*[#   8]+0.028*[#  10]+0.014*[#  17]
          +0.014*[#  20]+0.014*[#  28]+0.014*[#  30]+0.014*[#  37]+0.014*[#  38]
          +0.002*[#  12]+0.002*[#  22]+0.002*[#  32]
    |psi|^2 = 0.977
==== e(  24) =    14.86575 eV ==== 
     psi = 0.200*[#   6]+0.200*[#   9]+0.126*[#  39]+0.096*[#  16]+0.096*[#  26]
          +0.037*[#  19]+0.037*[#  29]+0.028*[#  18]+0.028*[#  27]+0.028*[#  40]
          +0.014*[#  17]+0.014*[#  20]+0.014*[#  28]+0.014*[#  30]+0.014*[#  37]
          +0.014*[#  38]+0.008*[#  36]+0.003*[#   2]
    |psi|^2 = 0.977
==== e(  25) =    14.87710 eV ==== 
     psi = 0.117*[#   7]+0.117*[#   8]+0.117*[#  10]+0.103*[#  17]+0.103*[#  20]
          +0.103*[#  28]+0.103*[#  30]+0.103*[#  37]+0.103*[#  38]
    |psi|^2 = 0.972
==== e(  26) =    14.87710 eV ==== 
     psi = 0.162*[#  18]+0.162*[#  27]+0.162*[#  40]+0.059*[#  17]+0.059*[#  20]
          +0.059*[#  28]+0.059*[#  30]+0.059*[#  37]+0.059*[#  38]+0.044*[#   7]
          +0.044*[#   8]+0.044*[#  10]
    |psi|^2 = 0.972
==== e(  27) =    15.36101 eV ==== 
     psi = 0.155*[#   6]+0.155*[#   9]+0.066*[#  36]+0.061*[#  18]+0.061*[#  27]
          +0.061*[#  40]+0.059*[#  19]+0.059*[#  29]+0.045*[#  16]+0.045*[#  26]
          +0.038*[#  39]+0.031*[#  17]+0.031*[#  20]+0.031*[#  28]+0.031*[#  30]
          +0.031*[#  37]+0.031*[#  38]+0.002*[#   2]
    |psi|^2 = 0.991
==== e(  28) =    15.36101 eV ==== 
     psi = 0.117*[#  39]+0.110*[#  16]+0.110*[#  26]+0.096*[#  19]+0.096*[#  29]
          +0.090*[#  36]+0.061*[#   7]+0.061*[#   8]+0.061*[#  10]+0.031*[#  17]
          +0.031*[#  20]+0.031*[#  28]+0.031*[#  30]+0.031*[#  37]+0.031*[#  38]
          +0.001*[#  12]+0.001*[#  22]+0.001*[#  32]
    |psi|^2 = 0.991
==== e(  29) =    16.32384 eV ==== 
     psi = 0.243*[#   6]+0.243*[#   9]+0.088*[#  39]+0.084*[#  16]+0.084*[#  26]
          +0.077*[#  19]+0.077*[#  29]+0.074*[#  36]+0.008*[#   2]+0.003*[#  12]
          +0.003*[#  22]+0.003*[#  32]+0.002*[#  18]+0.002*[#  27]+0.002*[#  40]
          
    |psi|^2 = 0.997
==== e(  30) =    16.32385 eV ==== 
     psi = 0.169*[#  36]+0.165*[#  19]+0.165*[#  29]+0.158*[#  16]+0.158*[#  26]
          +0.155*[#  39]+0.005*[#  12]+0.005*[#  22]+0.005*[#  32]+0.002*[#   7]
          +0.002*[#   8]+0.002*[#  10]
    |psi|^2 = 0.997
==== e(  31) =    16.39576 eV ==== 
     psi = 0.247*[#   6]+0.247*[#   9]+0.156*[#  36]+0.119*[#  19]+0.119*[#  29]
          +0.046*[#  16]+0.046*[#  26]+0.009*[#  39]+0.001*[#   2]
    |psi|^2 = 0.995
==== e(  32) =    16.39578 eV ==== 
     psi = 0.239*[#  39]+0.202*[#  16]+0.202*[#  26]+0.128*[#  19]+0.128*[#  29]
          +0.091*[#  36]
    |psi|^2 = 0.995
==== e(  33) =    16.40015 eV ==== 
     psi = 0.121*[#   7]+0.121*[#   8]+0.121*[#  10]+0.106*[#  17]+0.106*[#  20]
          +0.106*[#  28]+0.106*[#  30]+0.106*[#  37]+0.106*[#  38]
    |psi|^2 = 0.999
==== e(  34) =    16.40016 eV ==== 
     psi = 0.166*[#  18]+0.166*[#  27]+0.166*[#  40]+0.060*[#  17]+0.060*[#  20]
          +0.060*[#  28]+0.060*[#  30]+0.060*[#  37]+0.060*[#  38]+0.046*[#   7]
          +0.046*[#   8]+0.046*[#  10]
    |psi|^2 = 0.999
==== e(  35) =    16.78783 eV ==== 
     psi = 0.166*[#  18]+0.166*[#  27]+0.166*[#  40]+0.120*[#   7]+0.120*[#   8]
          +0.120*[#  10]+0.023*[#  17]+0.023*[#  20]+0.023*[#  28]+0.023*[#  30]
          +0.023*[#  37]+0.023*[#  38]
    |psi|^2 = 0.999
==== e(  36) =    16.78783 eV ==== 
     psi = 0.143*[#  17]+0.143*[#  20]+0.143*[#  28]+0.143*[#  30]+0.143*[#  37]
          +0.143*[#  38]+0.046*[#   7]+0.046*[#   8]+0.046*[#  10]
    |psi|^2 = 0.999
==== e(  37) =    18.07897 eV ==== 
     psi = 0.076*[#  12]+0.076*[#  22]+0.076*[#  32]+0.071*[#   7]+0.071*[#   8]
          +0.071*[#  10]+0.067*[#  36]+0.061*[#  19]+0.061*[#  29]+0.051*[#  16]
          +0.051*[#  26]+0.046*[#  39]+0.035*[#  17]+0.035*[#  20]+0.035*[#  28]
          +0.035*[#  30]+0.035*[#  37]+0.035*[#  38]
    |psi|^2 = 0.989
==== e(  38) =    18.07897 eV ==== 
     psi = 0.114*[#   2]+0.084*[#   6]+0.084*[#   9]+0.071*[#  18]+0.071*[#  27]
          +0.071*[#  40]+0.038*[#  39]+0.038*[#  12]+0.038*[#  22]+0.038*[#  32]
          +0.035*[#  17]+0.035*[#  20]+0.035*[#  28]+0.035*[#  30]+0.035*[#  37]
          +0.035*[#  38]+0.033*[#  16]+0.033*[#  26]+0.023*[#  19]+0.023*[#  29]
          +0.018*[#  36]
    |psi|^2 = 0.989
==== e(  39) =    20.06493 eV ==== 
     psi = 0.177*[#  12]+0.177*[#  22]+0.177*[#  32]+0.039*[#   7]+0.039*[#   8]
          +0.039*[#  10]+0.026*[#  36]+0.022*[#  19]+0.022*[#  29]+0.019*[#  17]
          +0.019*[#  20]+0.019*[#  28]+0.019*[#  30]+0.019*[#  37]+0.019*[#  38]
          +0.015*[#  16]+0.015*[#  26]+0.011*[#  39]+0.002*[#  11]+0.002*[#  21]
          +0.002*[#  31]
    |psi|^2 = 0.882
==== e(  40) =    20.06495 eV ==== 
     psi = 0.266*[#   2]+0.089*[#  12]+0.089*[#  22]+0.089*[#  32]+0.039*[#  18]
          +0.039*[#  27]+0.039*[#  40]+0.028*[#   6]+0.028*[#   9]+0.019*[#  17]
          +0.019*[#  20]+0.019*[#  28]+0.019*[#  30]+0.019*[#  37]+0.019*[#  38]
          +0.017*[#  39]+0.013*[#  16]+0.013*[#  26]+0.006*[#  19]+0.006*[#  29]
          +0.002*[#   1]+0.002*[#  36]
    |psi|^2 = 0.882
==== e(  41) =    27.87114 eV ==== 
     psi = 0.003*[#  17]+0.003*[#  20]+0.003*[#  28]+0.003*[#  30]+0.003*[#  37]
          +0.003*[#  38]+0.003*[#   7]+0.003*[#   8]+0.003*[#  10]
    |psi|^2 = 0.028
==== e(  42) =    27.87117 eV ==== 
     psi = 0.005*[#  18]+0.005*[#  27]+0.005*[#  40]+0.002*[#   7]+0.002*[#   8]
          +0.002*[#  10]+0.001*[#  17]+0.001*[#  20]+0.001*[#  28]+0.001*[#  30]
          +0.001*[#  37]+0.001*[#  38]
    |psi|^2 = 0.028
==== e(  43) =    29.69871 eV ==== 
     psi = 0.046*[#  12]+0.046*[#  22]+0.046*[#  32]+0.003*[#   2]+0.001*[#  36]
          +0.001*[#   7]+0.001*[#   8]+0.001*[#  10]+0.001*[#  19]+0.001*[#  29]
          +0.001*[#  16]+0.001*[#  26]
    |psi|^2 = 0.158

 k =   0.0000000000 -0.5000000000 -0.5000000000
==== e(   1) =   -85.72216 eV ==== 
     psi = 0.998*[#   1]
    |psi|^2 = 1.000
==== e(   2) =   -85.72212 eV ==== 
     psi = 0.333*[#  11]+0.333*[#  21]+0.333*[#  31]
    |psi|^2 = 1.000
==== e(   3) =   -85.72212 eV ==== 
     psi = 0.333*[#  11]+0.333*[#  21]+0.333*[#  31]
    |psi|^2 = 1.000
==== e(   4) =   -85.72212 eV ==== 
     psi = 0.333*[#  11]+0.333*[#  21]+0.333*[#  31]
    |psi|^2 = 1.000
==== e(   5) =   -46.15622 eV ==== 
     psi = 0.166*[#   3]+0.166*[#   4]+0.166*[#   5]+0.083*[#  13]+0.083*[#  15]
          +0.083*[#  23]+0.083*[#  24]+0.083*[#  34]+0.083*[#  35]+0.002*[#  12]
          +0.002*[#  22]+0.002*[#  32]
    |psi|^2 = 1.000
==== e(   6) =   -46.15622 eV ==== 
     psi = 0.166*[#   3]+0.166*[#   4]+0.166*[#   5]+0.083*[#  13]+0.083*[#  15]
          +0.083*[#  23]+0.083*[#  24]+0.083*[#  34]+0.083*[#  35]+0.002*[#  12]
          +0.002*[#  22]+0.002*[#  32]
    |psi|^2 = 1.000
==== e(   7) =   -46.15620 eV ==== 
     psi = 0.166*[#  13]+0.166*[#  15]+0.166*[#  23]+0.166*[#  24]+0.166*[#  34]
          +0.166*[#  35]+0.005*[#   2]
    |psi|^2 = 1.000
==== e(   8) =   -46.15620 eV ==== 
     psi = 0.332*[#  14]+0.332*[#  25]+0.332*[#  33]+0.002*[#  12]+0.002*[#  22]
          +0.002*[#  32]
    |psi|^2 = 1.000
==== e(   9) =   -46.09383 eV ==== 
     psi = 0.333*[#   3]+0.333*[#   4]+0.333*[#   5]
    |psi|^2 = 1.000
==== e(  10) =   -46.09380 eV ==== 
     psi = 0.167*[#  13]+0.167*[#  15]+0.167*[#  23]+0.167*[#  24]+0.167*[#  34]
          +0.167*[#  35]
    |psi|^2 = 1.000
==== e(  11) =   -46.09380 eV ==== 
     psi = 0.167*[#  13]+0.167*[#  15]+0.167*[#  23]+0.167*[#  24]+0.167*[#  34]
          +0.167*[#  35]
    |psi|^2 = 1.000
==== e(  12) =   -46.09380 eV ==== 
     psi = 0.333*[#  14]+0.333*[#  25]+0.333*[#  33]
    |psi|^2 = 1.000
==== e(  13) =   -46.03322 eV ==== 
     psi = 0.167*[#   3]+0.167*[#   4]+0.167*[#   5]+0.083*[#  13]+0.083*[#  15]
          +0.083*[#  23]+0.083*[#  24]+0.083*[#  34]+0.083*[#  35]
    |psi|^2 = 1.000
==== e(  14) =   -46.03322 eV ==== 
     psi = 0.167*[#   3]+0.167*[#   4]+0.167*[#   5]+0.083*[#  13]+0.083*[#  15]
          +0.083*[#  23]+0.083*[#  24]+0.083*[#  34]+0.083*[#  35]
    |psi|^2 = 1.000
==== e(  15) =   -46.03321 eV ==== 
     psi = 0.167*[#  13]+0.167*[#  15]+0.167*[#  23]+0.167*[#  24]+0.167*[#  34]
          +0.167*[#  35]
    |psi|^2 = 1.000
==== e(  16) =   -46.03320 eV ==== 
     psi = 0.333*[#  14]+0.333*[#  25]+0.333*[#  33]
    |psi|^2 = 1.000
==== e(  17) =    13.64121 eV ==== 
     psi = 0.174*[#  12]+0.174*[#  22]+0.174*[#  32]+0.132*[#   7]+0.132*[#   8]
          +0.132*[#  10]+0.017*[#  36]+0.013*[#  19]+0.013*[#  29]+0.004*[#  16]
          +0.004*[#  26]+0.001*[#  14]+0.001*[#  25]+0.001*[#  33]
    |psi|^2 = 0.975
==== e(  18) =    13.64124 eV ==== 
     psi = 0.174*[#  12]+0.174*[#  22]+0.174*[#  32]+0.066*[#  17]+0.066*[#  20]
          +0.066*[#  28]+0.066*[#  30]+0.066*[#  37]+0.066*[#  38]+0.013*[#  39]
          +0.011*[#  16]+0.011*[#  26]+0.007*[#  19]+0.007*[#  29]+0.004*[#  36]
          
    |psi|^2 = 0.975
==== e(  19) =    13.64124 eV ==== 
     psi = 0.174*[#  12]+0.174*[#  22]+0.174*[#  32]+0.066*[#  17]+0.066*[#  20]
          +0.066*[#  28]+0.066*[#  30]+0.066*[#  37]+0.066*[#  38]+0.013*[#  39]
          +0.011*[#  16]+0.011*[#  26]+0.007*[#  19]+0.007*[#  29]+0.004*[#  36]
          
    |psi|^2 = 0.975
==== e(  20) =    13.64125 eV ==== 
     psi = 0.522*[#   2]+0.132*[#  18]+0.132*[#  27]+0.132*[#  40]+0.026*[#   6]
          +0.026*[#   9]
    |psi|^2 = 0.975
==== e(  21) =    14.84521 eV ==== 
     psi = 0.163*[#  17]+0.163*[#  20]+0.163*[#  28]+0.163*[#  30]+0.163*[#  37]
          +0.163*[#  38]
    |psi|^2 = 0.979
==== e(  22) =    14.84521 eV ==== 
     psi = 0.163*[#   7]+0.163*[#   8]+0.163*[#  10]+0.081*[#  17]+0.081*[#  20]
          +0.081*[#  28]+0.081*[#  30]+0.081*[#  37]+0.081*[#  38]
    |psi|^2 = 0.979
==== e(  23) =    14.84521 eV ==== 
     psi = 0.163*[#   7]+0.163*[#   8]+0.163*[#  10]+0.081*[#  17]+0.081*[#  20]
          +0.081*[#  28]+0.081*[#  30]+0.081*[#  37]+0.081*[#  38]
    |psi|^2 = 0.979
==== e(  24) =    14.84522 eV ==== 
     psi = 0.326*[#  18]+0.326*[#  27]+0.326*[#  40]
    |psi|^2 = 0.979
==== e(  25) =    15.17213 eV ==== 
     psi = 0.242*[#  36]+0.181*[#  19]+0.181*[#  29]+0.080*[#   7]+0.080*[#   8]
          +0.080*[#  10]+0.060*[#  16]+0.060*[#  26]+0.006*[#  12]+0.006*[#  22]
          +0.006*[#  32]
    |psi|^2 = 0.982
==== e(  26) =    15.17213 eV ==== 
     psi = 0.362*[#   6]+0.362*[#   9]+0.080*[#  18]+0.080*[#  27]+0.080*[#  40]
          +0.017*[#   2]
    |psi|^2 = 0.982
==== e(  27) =    15.17214 eV ==== 
     psi = 0.181*[#  39]+0.151*[#  16]+0.151*[#  26]+0.091*[#  19]+0.091*[#  29]
          +0.060*[#  36]+0.040*[#  17]+0.040*[#  20]+0.040*[#  28]+0.040*[#  30]
          +0.040*[#  37]+0.040*[#  38]+0.006*[#  12]+0.006*[#  22]+0.006*[#  32]
          
    |psi|^2 = 0.982
==== e(  28) =    15.17214 eV ==== 
     psi = 0.181*[#  39]+0.151*[#  16]+0.151*[#  26]+0.091*[#  19]+0.091*[#  29]
          +0.060*[#  36]+0.040*[#  17]+0.040*[#  20]+0.040*[#  28]+0.040*[#  30]
          +0.040*[#  37]+0.040*[#  38]+0.006*[#  12]+0.006*[#  22]+0.006*[#  32]
          
    |psi|^2 = 0.982
==== e(  29) =    16.24903 eV ==== 
     psi = 0.499*[#   6]+0.499*[#   9]
    |psi|^2 = 0.998
==== e(  30) =    16.24905 eV ==== 
     psi = 0.249*[#  36]+0.208*[#  19]+0.208*[#  29]+0.125*[#  16]+0.125*[#  26]
          +0.083*[#  39]
    |psi|^2 = 0.998
==== e(  31) =    16.24905 eV ==== 
     psi = 0.249*[#  36]+0.208*[#  19]+0.208*[#  29]+0.125*[#  16]+0.125*[#  26]
          +0.083*[#  39]
    |psi|^2 = 0.998
==== e(  32) =    16.24905 eV ==== 
     psi = 0.333*[#  39]+0.249*[#  16]+0.249*[#  26]+0.083*[#  19]+0.083*[#  29]
          
    |psi|^2 = 0.998
==== e(  33) =    16.54163 eV ==== 
     psi = 0.167*[#   7]+0.167*[#   8]+0.167*[#  10]+0.083*[#  17]+0.083*[#  20]
          +0.083*[#  28]+0.083*[#  30]+0.083*[#  37]+0.083*[#  38]
    |psi|^2 = 0.999
==== e(  34) =    16.54163 eV ==== 
     psi = 0.167*[#   7]+0.167*[#   8]+0.167*[#  10]+0.083*[#  17]+0.083*[#  20]
          +0.083*[#  28]+0.083*[#  30]+0.083*[#  37]+0.083*[#  38]
    |psi|^2 = 0.999
==== e(  35) =    16.54164 eV ==== 
     psi = 0.167*[#  17]+0.167*[#  20]+0.167*[#  28]+0.167*[#  30]+0.167*[#  37]
          +0.167*[#  38]
    |psi|^2 = 0.999
==== e(  36) =    16.54164 eV ==== 
     psi = 0.333*[#  18]+0.333*[#  27]+0.333*[#  40]
    |psi|^2 = 0.999
==== e(  37) =    18.87766 eV ==== 
     psi = 0.129*[#  12]+0.129*[#  22]+0.129*[#  32]+0.118*[#   7]+0.118*[#   8]
          +0.118*[#  10]+0.073*[#  36]+0.055*[#  19]+0.055*[#  29]+0.018*[#  16]
          +0.018*[#  26]
    |psi|^2 = 0.963
==== e(  38) =    18.87768 eV ==== 
     psi = 0.388*[#   2]+0.118*[#  18]+0.118*[#  27]+0.118*[#  40]+0.109*[#   6]
          +0.109*[#   9]+0.001*[#   1]
    |psi|^2 = 0.963
==== e(  39) =    18.87768 eV ==== 
     psi = 0.129*[#  12]+0.129*[#  22]+0.129*[#  32]+0.059*[#  17]+0.059*[#  20]
          +0.059*[#  28]+0.059*[#  30]+0.059*[#  37]+0.059*[#  38]+0.055*[#  39]
          +0.045*[#  16]+0.045*[#  26]+0.027*[#  19]+0.027*[#  29]+0.018*[#  36]
          
    |psi|^2 = 0.963
==== e(  40) =    18.87768 eV ==== 
     psi = 0.129*[#  12]+0.129*[#  22]+0.129*[#  32]+0.059*[#  17]+0.059*[#  20]
          +0.059*[#  28]+0.059*[#  30]+0.059*[#  37]+0.059*[#  38]+0.055*[#  39]
          +0.045*[#  16]+0.045*[#  26]+0.027*[#  19]+0.027*[#  29]+0.018*[#  36]
          
    |psi|^2 = 0.963
==== e(  41) =    29.37415 eV ==== 
     psi = 0.003*[#  17]+0.003*[#  20]+0.003*[#  28]+0.003*[#  30]+0.003*[#  37]
          +0.003*[#  38]
    |psi|^2 = 0.021
==== e(  42) =    29.37417 eV ==== 
     psi = 0.004*[#   7]+0.004*[#   8]+0.004*[#  10]+0.002*[#  17]+0.002*[#  20]
          +0.002*[#  28]+0.002*[#  30]+0.002*[#  37]+0.002*[#  38]
    |psi|^2 = 0.021
==== e(  43) =    29.37420 eV ==== 
     psi = 0.005*[#  18]+0.005*[#  27]+0.005*[#  40]
    |psi|^2 = 0.021

 k =   0.1250000000  0.1250000000  0.1250000000
==== e(   1) =   -85.75048 eV ==== 
     psi = 0.238*[#   1]+0.237*[#  11]+0.237*[#  21]+0.237*[#  31]+0.013*[#   2]
          +0.013*[#  12]+0.013*[#  22]+0.013*[#  32]
    |psi|^2 = 1.000
==== e(   2) =   -85.71281 eV ==== 
     psi = 0.738*[#   1]+0.082*[#  11]+0.082*[#  21]+0.082*[#  31]+0.010*[#   2]
          +0.001*[#  12]+0.001*[#  22]+0.001*[#  32]
    |psi|^2 = 1.000
==== e(   3) =   -85.71278 eV ==== 
     psi = 0.328*[#  11]+0.328*[#  21]+0.328*[#  31]+0.005*[#  12]+0.005*[#  22]
          +0.005*[#  32]
    |psi|^2 = 1.000
==== e(   4) =   -85.71278 eV ==== 
     psi = 0.328*[#  11]+0.328*[#  21]+0.328*[#  31]+0.005*[#  12]+0.005*[#  22]
          +0.005*[#  32]
    |psi|^2 = 1.000
==== e(   5) =   -46.19197 eV ==== 
     psi = 0.098*[#   3]+0.098*[#   4]+0.098*[#   5]+0.084*[#  13]+0.084*[#  15]
          +0.084*[#  23]+0.084*[#  24]+0.084*[#  34]+0.084*[#  35]+0.067*[#  14]
          +0.067*[#  25]+0.067*[#  33]
    |psi|^2 = 1.000
==== e(   6) =   -46.19197 eV ==== 
     psi = 0.098*[#   3]+0.098*[#   4]+0.098*[#   5]+0.084*[#  13]+0.084*[#  15]
          +0.084*[#  23]+0.084*[#  24]+0.084*[#  34]+0.084*[#  35]+0.067*[#  14]
          +0.067*[#  25]+0.067*[#  33]
    |psi|^2 = 1.000
==== e(   7) =   -46.19197 eV ==== 
     psi = 0.115*[#  14]+0.115*[#  25]+0.115*[#  33]+0.082*[#  13]+0.082*[#  15]
          +0.082*[#  23]+0.082*[#  24]+0.082*[#  34]+0.082*[#  35]+0.054*[#   3]
          +0.054*[#   4]+0.054*[#   5]
    |psi|^2 = 1.000
==== e(   8) =   -46.09213 eV ==== 
     psi = 0.196*[#   3]+0.196*[#   4]+0.196*[#   5]+0.135*[#  14]+0.135*[#  25]
          +0.135*[#  33]+0.001*[#  13]+0.001*[#  15]+0.001*[#  23]+0.001*[#  24]
          +0.001*[#  34]+0.001*[#  35]
    |psi|^2 = 1.000
==== e(   9) =   -46.09211 eV ==== 
     psi = 0.124*[#  13]+0.124*[#  15]+0.124*[#  23]+0.124*[#  24]+0.124*[#  34]
          +0.124*[#  35]+0.058*[#  14]+0.058*[#  25]+0.058*[#  33]+0.027*[#   3]
          +0.027*[#   4]+0.027*[#   5]
    |psi|^2 = 1.000
==== e(  10) =   -46.09211 eV ==== 
     psi = 0.124*[#  13]+0.124*[#  15]+0.124*[#  23]+0.124*[#  24]+0.124*[#  34]
          +0.124*[#  35]+0.058*[#  14]+0.058*[#  25]+0.058*[#  33]+0.027*[#   3]
          +0.027*[#   4]+0.027*[#   5]
    |psi|^2 = 1.000
==== e(  11) =   -46.07582 eV ==== 
     psi = 0.125*[#   3]+0.125*[#   4]+0.125*[#   5]+0.125*[#  14]+0.125*[#  25]
          +0.125*[#  33]+0.042*[#  13]+0.042*[#  15]+0.042*[#  23]+0.042*[#  24]
          +0.042*[#  34]+0.042*[#  35]
    |psi|^2 = 1.000
==== e(  12) =   -46.07582 eV ==== 
     psi = 0.125*[#   3]+0.125*[#   4]+0.125*[#   5]+0.125*[#  14]+0.125*[#  25]
          +0.125*[#  33]+0.042*[#  13]+0.042*[#  15]+0.042*[#  23]+0.042*[#  24]
          +0.042*[#  34]+0.042*[#  35]
    |psi|^2 = 1.000
==== e(  13) =   -46.07581 eV ==== 
     psi = 0.167*[#  13]+0.167*[#  15]+0.167*[#  23]+0.167*[#  24]+0.167*[#  34]
          +0.167*[#  35]
    |psi|^2 = 1.000
==== e(  14) =   -46.03434 eV ==== 
     psi = 0.083*[#   3]+0.083*[#   4]+0.083*[#   5]+0.083*[#  13]+0.083*[#  14]
          +0.083*[#  25]+0.083*[#  15]+0.083*[#  23]+0.083*[#  33]+0.083*[#  24]
          +0.083*[#  34]+0.083*[#  35]
    |psi|^2 = 1.000
==== e(  15) =   -46.00712 eV ==== 
     psi = 0.083*[#   3]+0.083*[#   4]+0.083*[#   5]+0.083*[#  13]+0.083*[#  14]
          +0.083*[#  15]+0.083*[#  23]+0.083*[#  24]+0.083*[#  25]+0.083*[#  33]
          +0.083*[#  34]+0.083*[#  35]
    |psi|^2 = 1.000
==== e(  16) =   -46.00712 eV ==== 
     psi = 0.083*[#   3]+0.083*[#   4]+0.083*[#   5]+0.083*[#  13]+0.083*[#  14]
          +0.083*[#  15]+0.083*[#  23]+0.083*[#  24]+0.083*[#  25]+0.083*[#  33]
          +0.083*[#  34]+0.083*[#  35]
    |psi|^2 = 1.000
==== e(  17) =     9.43328 eV ==== 
     psi = 0.236*[#   2]+0.236*[#  12]+0.236*[#  22]+0.236*[#  32]+0.013*[#   1]
          +0.013*[#  11]+0.013*[#  21]+0.013*[#  31]
    |psi|^2 = 0.999
==== e(  18) =    13.48073 eV ==== 
     psi = 0.292*[#  36]+0.219*[#  19]+0.219*[#  29]+0.073*[#  16]+0.073*[#  26]
          +0.069*[#   2]+0.008*[#  12]+0.008*[#  22]+0.008*[#  32]+0.004*[#  18]
          +0.004*[#  27]+0.004*[#  40]+0.001*[#  17]+0.001*[#  20]+0.001*[#  28]
          +0.001*[#  30]+0.001*[#  37]+0.001*[#  38]
    |psi|^2 = 0.990
==== e(  19) =    13.48075 eV ==== 
     psi = 0.165*[#   6]+0.165*[#   9]+0.165*[#  39]+0.128*[#  16]+0.128*[#  26]
          +0.055*[#  19]+0.055*[#  29]+0.031*[#  12]+0.031*[#  22]+0.031*[#  32]
          +0.018*[#  36]+0.002*[#   7]+0.002*[#   8]+0.002*[#  10]+0.002*[#  17]
          +0.002*[#  20]+0.002*[#  28]+0.002*[#  30]+0.002*[#  37]+0.002*[#  38]
          
    |psi|^2 = 0.990
==== e(  20) =    13.48075 eV ==== 
     psi = 0.165*[#   6]+0.165*[#   9]+0.165*[#  39]+0.128*[#  16]+0.128*[#  26]
          +0.055*[#  19]+0.055*[#  29]+0.031*[#  12]+0.031*[#  22]+0.031*[#  32]
          +0.018*[#  36]+0.002*[#   7]+0.002*[#   8]+0.002*[#  10]+0.002*[#  17]
          +0.002*[#  20]+0.002*[#  28]+0.002*[#  30]+0.002*[#  37]+0.002*[#  38]
          
    |psi|^2 = 0.990
==== e(  21) =    13.90842 eV ==== 
     psi = 0.093*[#  18]+0.093*[#  27]+0.093*[#  40]+0.081*[#  17]+0.081*[#  20]
          +0.081*[#  28]+0.081*[#  30]+0.081*[#  37]+0.081*[#  38]+0.070*[#   7]
          +0.070*[#   8]+0.070*[#  10]+0.006*[#  36]+0.004*[#  19]+0.004*[#  29]
          +0.001*[#  16]+0.001*[#  26]
    |psi|^2 = 0.990
==== e(  22) =    13.90842 eV ==== 
     psi = 0.087*[#   7]+0.087*[#   8]+0.087*[#  10]+0.081*[#  17]+0.081*[#  20]
          +0.081*[#  28]+0.081*[#  30]+0.081*[#  37]+0.081*[#  38]+0.075*[#  18]
          +0.075*[#  27]+0.075*[#  40]+0.003*[#   6]+0.003*[#   9]+0.003*[#  39]
          +0.003*[#  16]+0.003*[#  26]+0.001*[#  19]+0.001*[#  29]
    |psi|^2 = 0.990
==== e(  23) =    13.90842 eV ==== 
     psi = 0.087*[#   7]+0.087*[#   8]+0.087*[#  10]+0.081*[#  17]+0.081*[#  20]
          +0.081*[#  28]+0.081*[#  30]+0.081*[#  37]+0.081*[#  38]+0.075*[#  18]
          +0.075*[#  27]+0.075*[#  40]+0.003*[#   6]+0.003*[#   9]+0.003*[#  39]
          +0.003*[#  16]+0.003*[#  26]+0.001*[#  19]+0.001*[#  29]
    |psi|^2 = 0.990
==== e(  24) =    15.34715 eV ==== 
     psi = 0.083*[#   7]+0.083*[#   8]+0.083*[#  10]+0.083*[#  17]+0.083*[#  18]
          +0.083*[#  20]+0.083*[#  27]+0.083*[#  28]+0.083*[#  30]+0.083*[#  37]
          +0.083*[#  38]+0.083*[#  40]
    |psi|^2 = 0.997
==== e(  25) =    15.61196 eV ==== 
     psi = 0.082*[#   7]+0.082*[#   8]+0.082*[#  10]+0.082*[#  17]+0.082*[#  18]
          +0.082*[#  20]+0.082*[#  27]+0.082*[#  28]+0.082*[#  30]+0.082*[#  37]
          +0.082*[#  38]+0.082*[#  40]+0.002*[#   6]+0.002*[#   9]+0.002*[#  16]
          +0.002*[#  19]+0.002*[#  26]+0.002*[#  29]+0.002*[#  36]+0.002*[#  39]
          
    |psi|^2 = 0.999
==== e(  26) =    15.61196 eV ==== 
     psi = 0.082*[#   7]+0.082*[#   8]+0.082*[#  10]+0.082*[#  17]+0.082*[#  18]
          +0.082*[#  20]+0.082*[#  27]+0.082*[#  28]+0.082*[#  30]+0.082*[#  37]
          +0.082*[#  38]+0.082*[#  40]+0.002*[#   6]+0.002*[#   9]+0.002*[#  16]
          +0.002*[#  19]+0.002*[#  26]+0.002*[#  29]+0.002*[#  36]+0.002*[#  39]
          
    |psi|^2 = 0.999
==== e(  27) =    16.62415 eV ==== 
     psi = 0.159*[#   7]+0.159*[#   8]+0.159*[#  10]+0.133*[#  18]+0.133*[#  27]
          +0.133*[#  40]+0.037*[#   2]+0.005*[#  36]+0.004*[#  12]+0.004*[#  22]
          +0.004*[#  32]+0.004*[#  19]+0.004*[#  29]+0.001*[#  16]+0.001*[#  26]
          
    |psi|^2 = 0.945
==== e(  28) =    16.62416 eV ==== 
     psi = 0.110*[#  17]+0.110*[#  20]+0.110*[#  28]+0.110*[#  30]+0.110*[#  37]
          +0.110*[#  38]+0.043*[#  18]+0.043*[#  27]+0.043*[#  40]+0.030*[#   7]
          +0.030*[#   8]+0.030*[#  10]+0.016*[#  12]+0.016*[#  22]+0.016*[#  32]
          +0.003*[#   6]+0.003*[#   9]+0.003*[#  39]+0.002*[#  16]+0.002*[#  26]
          
    |psi|^2 = 0.945
==== e(  29) =    16.62416 eV ==== 
     psi = 0.110*[#  17]+0.110*[#  20]+0.110*[#  28]+0.110*[#  30]+0.110*[#  37]
          +0.110*[#  38]+0.043*[#  18]+0.043*[#  27]+0.043*[#  40]+0.030*[#   7]
          +0.030*[#   8]+0.030*[#  10]+0.016*[#  12]+0.016*[#  22]+0.016*[#  32]
          +0.003*[#   6]+0.003*[#   9]+0.003*[#  39]+0.002*[#  16]+0.002*[#  26]
          
    |psi|^2 = 0.945
==== e(  30) =    16.64287 eV ==== 
     psi = 0.123*[#   6]+0.123*[#   9]+0.123*[#  16]+0.123*[#  19]+0.123*[#  26]
          +0.123*[#  29]+0.123*[#  36]+0.123*[#  39]+0.001*[#   7]+0.001*[#   8]
          +0.001*[#  10]+0.001*[#  17]+0.001*[#  18]+0.001*[#  20]+0.001*[#  27]
          +0.001*[#  28]+0.001*[#  30]+0.001*[#  37]+0.001*[#  38]+0.001*[#  40]
          
    |psi|^2 = 1.000
==== e(  31) =    16.64287 eV ==== 
     psi = 0.123*[#   6]+0.123*[#   9]+0.123*[#  16]+0.123*[#  19]+0.123*[#  26]
          +0.123*[#  29]+0.123*[#  36]+0.123*[#  39]+0.001*[#   7]+0.001*[#   8]
          +0.001*[#  10]+0.001*[#  17]+0.001*[#  18]+0.001*[#  20]+0.001*[#  27]
          +0.001*[#  28]+0.001*[#  30]+0.001*[#  37]+0.001*[#  38]+0.001*[#  40]
          
    |psi|^2 = 1.000
==== e(  32) =    17.09543 eV ==== 
     psi = 0.122*[#   6]+0.122*[#   9]+0.122*[#  36]+0.095*[#  19]+0.095*[#  29]
          +0.044*[#   7]+0.044*[#   8]+0.044*[#  10]+0.044*[#  18]+0.044*[#  27]
          +0.044*[#  40]+0.041*[#  16]+0.041*[#  26]+0.015*[#  17]+0.015*[#  20]
          +0.015*[#  28]+0.015*[#  30]+0.015*[#  37]+0.015*[#  38]+0.014*[#  39]
          
    |psi|^2 = 0.998
==== e(  33) =    17.09543 eV ==== 
     psi = 0.122*[#   6]+0.122*[#   9]+0.122*[#  36]+0.095*[#  19]+0.095*[#  29]
          +0.044*[#   7]+0.044*[#   8]+0.044*[#  10]+0.044*[#  18]+0.044*[#  27]
          +0.044*[#  40]+0.041*[#  16]+0.041*[#  26]+0.015*[#  17]+0.015*[#  20]
          +0.015*[#  28]+0.015*[#  30]+0.015*[#  37]+0.015*[#  38]+0.014*[#  39]
          
    |psi|^2 = 0.998
==== e(  34) =    17.09544 eV ==== 
     psi = 0.217*[#  39]+0.163*[#  16]+0.163*[#  26]+0.058*[#  17]+0.058*[#  20]
          +0.058*[#  28]+0.058*[#  30]+0.058*[#  37]+0.058*[#  38]+0.054*[#  19]
          +0.054*[#  29]
    |psi|^2 = 0.998
==== e(  35) =    17.42577 eV ==== 
     psi = 0.081*[#   7]+0.081*[#   8]+0.081*[#  10]+0.081*[#  18]+0.081*[#  27]
          +0.081*[#  40]+0.065*[#   6]+0.065*[#   9]+0.065*[#  36]+0.051*[#  19]
          +0.051*[#  29]+0.027*[#  17]+0.027*[#  20]+0.027*[#  28]+0.027*[#  30]
          +0.027*[#  37]+0.027*[#  38]+0.022*[#  16]+0.022*[#  26]+0.007*[#  39]
          
    |psi|^2 = 1.000
==== e(  36) =    17.42577 eV ==== 
     psi = 0.081*[#   7]+0.081*[#   8]+0.081*[#  10]+0.081*[#  18]+0.081*[#  27]
          +0.081*[#  40]+0.065*[#   6]+0.065*[#   9]+0.065*[#  36]+0.051*[#  19]
          +0.051*[#  29]+0.027*[#  17]+0.027*[#  20]+0.027*[#  28]+0.027*[#  30]
          +0.027*[#  37]+0.027*[#  38]+0.022*[#  16]+0.022*[#  26]+0.007*[#  39]
          
    |psi|^2 = 1.000
==== e(  37) =    17.42578 eV ==== 
     psi = 0.116*[#  39]+0.109*[#  17]+0.109*[#  20]+0.109*[#  28]+0.109*[#  30]
          +0.109*[#  37]+0.109*[#  38]+0.087*[#  16]+0.087*[#  26]+0.029*[#  19]
          +0.029*[#  29]
    |psi|^2 = 1.000
==== e(  38) =    20.37848 eV ==== 
     psi = 0.301*[#   2]+0.033*[#  12]+0.033*[#  22]+0.033*[#  32]+0.020*[#   7]
          +0.020*[#   8]+0.020*[#  10]+0.019*[#  18]+0.019*[#  27]+0.019*[#  40]
          +0.017*[#  36]+0.012*[#  19]+0.012*[#  29]+0.006*[#   1]+0.004*[#  16]
          +0.004*[#  26]
    |psi|^2 = 0.577
==== e(  39) =    20.37848 eV ==== 
     psi = 0.134*[#  12]+0.134*[#  22]+0.134*[#  32]+0.015*[#  17]+0.015*[#  20]
          +0.015*[#  28]+0.015*[#  30]+0.015*[#  37]+0.015*[#  38]+0.009*[#   6]
          +0.009*[#   9]+0.009*[#  39]+0.007*[#  16]+0.007*[#  26]+0.005*[#  18]
          +0.005*[#  27]+0.005*[#  40]+0.005*[#   7]+0.005*[#   8]+0.005*[#  10]
          +0.003*[#  19]+0.003*[#  29]+0.003*[#  11]+0.003*[#  21]+0.003*[#  31]
          +0.001*[#  36]
    |psi|^2 = 0.577
==== e(  40) =    20.37848 eV ==== 
     psi = 0.134*[#  12]+0.134*[#  22]+0.134*[#  32]+0.015*[#  17]+0.015*[#  20]
          +0.015*[#  28]+0.015*[#  30]+0.015*[#  37]+0.015*[#  38]+0.009*[#   6]
          +0.009*[#   9]+0.009*[#  39]+0.007*[#  16]+0.007*[#  26]+0.005*[#  18]
          +0.005*[#  27]+0.005*[#  40]+0.005*[#   7]+0.005*[#   8]+0.005*[#  10]
          +0.003*[#  19]+0.003*[#  29]+0.003*[#  11]+0.003*[#  21]+0.003*[#  31]
          +0.001*[#  36]
    |psi|^2 = 0.577
==== e(  41) =    28.57386 eV ==== 
     psi = 0.188*[#   2]+0.028*[#  12]+0.028*[#  22]+0.028*[#  32]+0.011*[#  36]
          +0.009*[#  19]+0.009*[#  29]+0.003*[#   1]+0.003*[#  16]+0.003*[#  26]
          
    |psi|^2 = 0.314
==== e(  42) =    28.57386 eV ==== 
     psi = 0.088*[#  12]+0.088*[#  22]+0.088*[#  32]+0.009*[#   2]+0.007*[#   6]
          +0.007*[#   9]+0.007*[#  39]+0.005*[#  16]+0.005*[#  26]+0.003*[#  19]
          +0.003*[#  29]+0.002*[#  11]+0.002*[#  21]+0.002*[#  31]+0.001*[#  36]
          
    |psi|^2 = 0.314
==== e(  43) =    28.57387 eV ==== 
     psi = 0.088*[#  12]+0.088*[#  22]+0.088*[#  32]+0.008*[#   2]+0.007*[#   6]
          +0.007*[#   9]+0.007*[#  39]+0.005*[#  16]+0.005*[#  26]+0.003*[#  19]
          +0.003*[#  29]+0.002*[#  11]+0.002*[#  21]+0.002*[#  31]+0.001*[#  36]
          
    |psi|^2 = 0.314

 k =   0.1250000000  0.1250000000  0.2500000000
==== e(   1) =   -85.74604 eV ==== 
     psi = 0.241*[#   1]+0.240*[#  11]+0.240*[#  21]+0.240*[#  31]+0.010*[#   2]
          +0.010*[#  12]+0.010*[#  22]+0.010*[#  32]
    |psi|^2 = 1.000
==== e(   2) =   -85.71719 eV ==== 
     psi = 0.251*[#   1]+0.248*[#  11]+0.248*[#  21]+0.248*[#  31]+0.001*[#   2]
          +0.001*[#  12]+0.001*[#  22]+0.001*[#  32]
    |psi|^2 = 1.000
==== e(   3) =   -85.71275 eV ==== 
     psi = 0.489*[#   1]+0.165*[#  11]+0.165*[#  21]+0.165*[#  31]+0.007*[#   2]
          +0.002*[#  12]+0.002*[#  22]+0.002*[#  32]
    |psi|^2 = 1.000
==== e(   4) =   -85.71273 eV ==== 
     psi = 0.328*[#  11]+0.328*[#  21]+0.328*[#  31]+0.005*[#  12]+0.005*[#  22]
          +0.005*[#  32]
    |psi|^2 = 1.000
==== e(   5) =   -46.18207 eV ==== 
     psi = 0.103*[#   3]+0.103*[#   4]+0.103*[#   5]+0.086*[#  13]+0.086*[#  15]
          +0.086*[#  23]+0.086*[#  24]+0.086*[#  34]+0.086*[#  35]+0.058*[#  14]
          +0.058*[#  25]+0.058*[#  33]
    |psi|^2 = 1.000
==== e(   6) =   -46.18206 eV ==== 
     psi = 0.109*[#  14]+0.109*[#  25]+0.109*[#  33]+0.080*[#  13]+0.080*[#  15]
          +0.080*[#  23]+0.080*[#  24]+0.080*[#  34]+0.080*[#  35]+0.064*[#   3]
          +0.064*[#   4]+0.064*[#   5]
    |psi|^2 = 1.000
==== e(   7) =   -46.17618 eV ==== 
     psi = 0.083*[#   3]+0.083*[#   4]+0.083*[#   5]+0.083*[#  13]+0.083*[#  14]
          +0.083*[#  15]+0.083*[#  23]+0.083*[#  24]+0.083*[#  25]+0.083*[#  33]
          +0.083*[#  34]+0.083*[#  35]
    |psi|^2 = 1.000
==== e(   8) =   -46.10495 eV ==== 
     psi = 0.136*[#   3]+0.136*[#   4]+0.136*[#   5]+0.075*[#  14]+0.075*[#  25]
          +0.075*[#  33]+0.061*[#  13]+0.061*[#  15]+0.061*[#  23]+0.061*[#  24]
          +0.061*[#  34]+0.061*[#  35]
    |psi|^2 = 1.000
==== e(   9) =   -46.10494 eV ==== 
     psi = 0.105*[#  13]+0.105*[#  15]+0.105*[#  23]+0.105*[#  24]+0.105*[#  34]
          +0.105*[#  35]+0.092*[#  14]+0.092*[#  25]+0.092*[#  33]+0.031*[#   3]
          +0.031*[#   4]+0.031*[#   5]
    |psi|^2 = 1.000
==== e(  10) =   -46.07942 eV ==== 
     psi = 0.083*[#   3]+0.083*[#   4]+0.083*[#   5]+0.083*[#  13]+0.083*[#  14]
          +0.083*[#  15]+0.083*[#  23]+0.083*[#  24]+0.083*[#  25]+0.083*[#  33]
          +0.083*[#  34]+0.083*[#  35]
    |psi|^2 = 1.000
==== e(  11) =   -46.07224 eV ==== 
     psi = 0.150*[#  14]+0.150*[#  25]+0.150*[#  33]+0.134*[#   3]+0.134*[#   4]
          +0.134*[#   5]+0.025*[#  13]+0.025*[#  15]+0.025*[#  23]+0.025*[#  24]
          +0.025*[#  34]+0.025*[#  35]
    |psi|^2 = 1.000
==== e(  12) =   -46.07223 eV ==== 
     psi = 0.142*[#  13]+0.142*[#  15]+0.142*[#  23]+0.142*[#  24]+0.142*[#  34]
          +0.142*[#  35]+0.033*[#   3]+0.033*[#   4]+0.033*[#   5]+0.017*[#  14]
          +0.017*[#  25]+0.017*[#  33]
    |psi|^2 = 1.000
==== e(  13) =   -46.06775 eV ==== 
     psi = 0.083*[#  13]+0.083*[#  15]+0.083*[#  23]+0.083*[#  24]+0.083*[#  34]
          +0.083*[#  35]+0.083*[#   3]+0.083*[#   4]+0.083*[#   5]+0.083*[#  14]
          +0.083*[#  25]+0.083*[#  33]
    |psi|^2 = 1.000
==== e(  14) =   -46.05907 eV ==== 
     psi = 0.083*[#  13]+0.083*[#  14]+0.083*[#  15]+0.083*[#  23]+0.083*[#  24]
          +0.083*[#  25]+0.083*[#  33]+0.083*[#  34]+0.083*[#  35]+0.083*[#   3]
          +0.083*[#   4]+0.083*[#   5]+0.001*[#   2]+0.001*[#  12]+0.001*[#  22]
          +0.001*[#  32]
    |psi|^2 = 1.000
==== e(  15) =   -46.01482 eV ==== 
     psi = 0.083*[#   3]+0.083*[#   4]+0.083*[#   5]+0.083*[#  13]+0.083*[#  14]
          +0.083*[#  15]+0.083*[#  23]+0.083*[#  24]+0.083*[#  25]+0.083*[#  33]
          +0.083*[#  34]+0.083*[#  35]
    |psi|^2 = 1.000
==== e(  16) =   -46.01159 eV ==== 
     psi = 0.083*[#   3]+0.083*[#   4]+0.083*[#   5]+0.083*[#  13]+0.083*[#  14]
          +0.083*[#  15]+0.083*[#  23]+0.083*[#  24]+0.083*[#  25]+0.083*[#  33]
          +0.083*[#  34]+0.083*[#  35]
    |psi|^2 = 1.000
==== e(  17) =    10.01389 eV ==== 
     psi = 0.236*[#   2]+0.236*[#  12]+0.236*[#  22]+0.236*[#  32]+0.010*[#   1]
          +0.010*[#  11]+0.010*[#  21]+0.010*[#  31]
    |psi|^2 = 0.999
==== e(  18) =    13.43227 eV ==== 
     psi = 0.089*[#   6]+0.089*[#   9]+0.089*[#  16]+0.089*[#  19]+0.089*[#  26]
          +0.089*[#  29]+0.089*[#  36]+0.089*[#  39]+0.060*[#   2]+0.060*[#  12]
          +0.060*[#  22]+0.060*[#  32]+0.003*[#   7]+0.003*[#   8]+0.003*[#  10]
          +0.003*[#  17]+0.003*[#  18]+0.003*[#  20]+0.003*[#  27]+0.003*[#  28]
          +0.003*[#  30]+0.003*[#  37]+0.003*[#  38]+0.003*[#  40]
    |psi|^2 = 0.989
==== e(  19) =    13.75160 eV ==== 
     psi = 0.193*[#  36]+0.159*[#  19]+0.159*[#  29]+0.090*[#  16]+0.090*[#  26]
          +0.056*[#  39]+0.039*[#   6]+0.039*[#   9]+0.034*[#   2]+0.012*[#  18]
          +0.012*[#  27]+0.012*[#  40]+0.011*[#  12]+0.011*[#  22]+0.011*[#  32]
          +0.007*[#  17]+0.007*[#  20]+0.007*[#  28]+0.007*[#  30]+0.007*[#  37]
          +0.007*[#  38]+0.004*[#   7]+0.004*[#   8]+0.004*[#  10]
    |psi|^2 = 0.985
==== e(  20) =    13.75161 eV ==== 
     psi = 0.167*[#   6]+0.167*[#   9]+0.150*[#  39]+0.116*[#  16]+0.116*[#  26]
          +0.047*[#  19]+0.047*[#  29]+0.023*[#  12]+0.023*[#  22]+0.023*[#  32]
          +0.013*[#  36]+0.011*[#   7]+0.011*[#   8]+0.011*[#  10]+0.008*[#  17]
          +0.008*[#  20]+0.008*[#  28]+0.008*[#  30]+0.008*[#  37]+0.008*[#  38]
          +0.004*[#  18]+0.004*[#  27]+0.004*[#  40]
    |psi|^2 = 0.985
==== e(  21) =    14.07599 eV ==== 
     psi = 0.080*[#   7]+0.080*[#   8]+0.080*[#  10]+0.080*[#  17]+0.080*[#  18]
          +0.080*[#  20]+0.080*[#  27]+0.080*[#  28]+0.080*[#  30]+0.080*[#  37]
          +0.080*[#  38]+0.080*[#  40]+0.003*[#   6]+0.003*[#   9]+0.003*[#  16]
          +0.003*[#  19]+0.003*[#  26]+0.003*[#  29]+0.003*[#  36]+0.003*[#  39]
          
    |psi|^2 = 0.991
==== e(  22) =    14.09643 eV ==== 
     psi = 0.082*[#  18]+0.082*[#  27]+0.082*[#  40]+0.074*[#  17]+0.074*[#  20]
          +0.074*[#  28]+0.074*[#  30]+0.074*[#  37]+0.074*[#  38]+0.068*[#   7]
          +0.068*[#   8]+0.068*[#  10]+0.020*[#  36]+0.017*[#  19]+0.017*[#  29]
          +0.010*[#  16]+0.010*[#  26]+0.006*[#  39]+0.003*[#   6]+0.003*[#   9]
          
    |psi|^2 = 0.980
==== e(  23) =    14.09643 eV ==== 
     psi = 0.081*[#   7]+0.081*[#   8]+0.081*[#  10]+0.075*[#  17]+0.075*[#  20]
          +0.075*[#  28]+0.075*[#  30]+0.075*[#  37]+0.075*[#  38]+0.067*[#  18]
          +0.067*[#  27]+0.067*[#  40]+0.018*[#   6]+0.018*[#   9]+0.015*[#  39]
          +0.012*[#  16]+0.012*[#  26]+0.005*[#  19]+0.005*[#  29]+0.001*[#  36]
          
    |psi|^2 = 0.980
==== e(  24) =    15.19522 eV ==== 
     psi = 0.083*[#   7]+0.083*[#   8]+0.083*[#  10]+0.083*[#  17]+0.083*[#  18]
          +0.083*[#  20]+0.083*[#  27]+0.083*[#  28]+0.083*[#  30]+0.083*[#  37]
          +0.083*[#  38]+0.083*[#  40]+0.001*[#   2]+0.001*[#  12]+0.001*[#  22]
          +0.001*[#  32]
    |psi|^2 = 0.996
==== e(  25) =    15.71686 eV ==== 
     psi = 0.078*[#   7]+0.078*[#   8]+0.078*[#  10]+0.078*[#  17]+0.078*[#  18]
          +0.078*[#  20]+0.078*[#  27]+0.078*[#  28]+0.078*[#  30]+0.078*[#  37]
          +0.078*[#  38]+0.078*[#  40]+0.008*[#   6]+0.008*[#   9]+0.008*[#  16]
          +0.008*[#  19]+0.008*[#  26]+0.008*[#  29]+0.008*[#  36]+0.008*[#  39]
          
    |psi|^2 = 0.998
==== e(  26) =    15.72642 eV ==== 
     psi = 0.078*[#   7]+0.078*[#   8]+0.078*[#  10]+0.078*[#  17]+0.078*[#  18]
          +0.078*[#  20]+0.078*[#  27]+0.078*[#  28]+0.078*[#  30]+0.078*[#  37]
          +0.078*[#  38]+0.078*[#  40]+0.007*[#   6]+0.007*[#   9]+0.007*[#  16]
          +0.007*[#  19]+0.007*[#  26]+0.007*[#  29]+0.007*[#  36]+0.007*[#  39]
          
    |psi|^2 = 0.998
==== e(  27) =    15.99603 eV ==== 
     psi = 0.097*[#   7]+0.097*[#   8]+0.097*[#  10]+0.068*[#  18]+0.068*[#  27]
          +0.068*[#  40]+0.062*[#  17]+0.062*[#  20]+0.062*[#  28]+0.062*[#  30]
          +0.062*[#  37]+0.062*[#  38]+0.023*[#   2]+0.008*[#  12]+0.008*[#  22]
          +0.008*[#  32]+0.008*[#  36]+0.006*[#  19]+0.006*[#  29]+0.004*[#  16]
          +0.004*[#  26]+0.002*[#  39]
    |psi|^2 = 0.946
==== e(  28) =    15.99604 eV ==== 
     psi = 0.083*[#  17]+0.083*[#  20]+0.083*[#  28]+0.083*[#  30]+0.083*[#  37]
          +0.083*[#  38]+0.077*[#  18]+0.077*[#  27]+0.077*[#  40]+0.047*[#   7]
          +0.047*[#   8]+0.047*[#  10]+0.015*[#  12]+0.015*[#  22]+0.015*[#  32]
          +0.007*[#   6]+0.007*[#   9]+0.005*[#  39]+0.004*[#  16]+0.004*[#  26]
          +0.001*[#  19]+0.001*[#  29]
    |psi|^2 = 0.946
==== e(  29) =    16.20892 eV ==== 
     psi = 0.059*[#   7]+0.059*[#   8]+0.059*[#  10]+0.059*[#  17]+0.059*[#  18]
          +0.059*[#  20]+0.059*[#  27]+0.059*[#  28]+0.059*[#  30]+0.059*[#  37]
          +0.059*[#  38]+0.059*[#  40]+0.036*[#   2]+0.036*[#  12]+0.036*[#  22]
          +0.036*[#  32]+0.014*[#   6]+0.014*[#   9]+0.014*[#  16]+0.014*[#  19]
          +0.014*[#  26]+0.014*[#  29]+0.014*[#  36]+0.014*[#  39]
    |psi|^2 = 0.972
==== e(  30) =    16.50531 eV ==== 
     psi = 0.116*[#   6]+0.116*[#   9]+0.116*[#  16]+0.116*[#  19]+0.116*[#  26]
          +0.116*[#  29]+0.116*[#  36]+0.116*[#  39]+0.005*[#   7]+0.005*[#   8]
          +0.005*[#  10]+0.005*[#  17]+0.005*[#  18]+0.005*[#  20]+0.005*[#  27]
          +0.005*[#  28]+0.005*[#  30]+0.005*[#  37]+0.005*[#  38]+0.005*[#  40]
          
    |psi|^2 = 0.999
==== e(  31) =    16.75844 eV ==== 
     psi = 0.118*[#   6]+0.118*[#   9]+0.118*[#  16]+0.118*[#  19]+0.118*[#  26]
          +0.118*[#  29]+0.118*[#  36]+0.118*[#  39]+0.005*[#   7]+0.005*[#   8]
          +0.005*[#  10]+0.005*[#  17]+0.005*[#  18]+0.005*[#  20]+0.005*[#  27]
          +0.005*[#  28]+0.005*[#  30]+0.005*[#  37]+0.005*[#  38]+0.005*[#  40]
          
    |psi|^2 = 1.000
==== e(  32) =    16.81972 eV ==== 
     psi = 0.053*[#   6]+0.053*[#   9]+0.053*[#  16]+0.053*[#  19]+0.053*[#  26]
          +0.053*[#  29]+0.053*[#  36]+0.053*[#  39]+0.048*[#   7]+0.048*[#   8]
          +0.048*[#  10]+0.048*[#  17]+0.048*[#  18]+0.048*[#  20]+0.048*[#  27]
          +0.048*[#  28]+0.048*[#  30]+0.048*[#  37]+0.048*[#  38]+0.048*[#  40]
          
    |psi|^2 = 0.998
==== e(  33) =    16.91949 eV ==== 
     psi = 0.163*[#   6]+0.163*[#   9]+0.142*[#  36]+0.110*[#  19]+0.110*[#  29]
          +0.044*[#  16]+0.044*[#  26]+0.034*[#  18]+0.034*[#  27]+0.034*[#  40]
          +0.034*[#   7]+0.034*[#   8]+0.034*[#  10]+0.011*[#  39]
    |psi|^2 = 0.995
==== e(  34) =    16.91950 eV ==== 
     psi = 0.186*[#  39]+0.153*[#  16]+0.153*[#  26]+0.087*[#  19]+0.087*[#  29]
          +0.054*[#  36]+0.034*[#  17]+0.034*[#  20]+0.034*[#  28]+0.034*[#  30]
          +0.034*[#  37]+0.034*[#  38]+0.034*[#   6]+0.034*[#   9]+0.001*[#   7]
          +0.001*[#   8]+0.001*[#  10]
    |psi|^2 = 0.995
==== e(  35) =    17.36961 eV ==== 
     psi = 0.123*[#  18]+0.123*[#  27]+0.123*[#  40]+0.117*[#   7]+0.117*[#   8]
          +0.117*[#  10]+0.040*[#   6]+0.040*[#   9]+0.036*[#  36]+0.028*[#  19]
          +0.028*[#  29]+0.013*[#  17]+0.013*[#  20]+0.013*[#  28]+0.013*[#  30]
          +0.013*[#  37]+0.013*[#  38]+0.011*[#  16]+0.011*[#  26]+0.003*[#  39]
          
    |psi|^2 = 1.000
==== e(  36) =    17.36962 eV ==== 
     psi = 0.120*[#  17]+0.120*[#  20]+0.120*[#  28]+0.120*[#  30]+0.120*[#  37]
          +0.120*[#  38]+0.046*[#  39]+0.038*[#  16]+0.038*[#  26]+0.022*[#  19]
          +0.022*[#  29]+0.016*[#   7]+0.016*[#   8]+0.016*[#  10]+0.013*[#  36]
          +0.010*[#  18]+0.010*[#  27]+0.010*[#  40]+0.009*[#   6]+0.009*[#   9]
          
    |psi|^2 = 1.000
==== e(  37) =    17.39023 eV ==== 
     psi = 0.071*[#   6]+0.071*[#   9]+0.072*[#  16]+0.071*[#  19]+0.072*[#  26]
          +0.071*[#  29]+0.071*[#  36]+0.072*[#  39]+0.036*[#   7]+0.036*[#   8]
          +0.036*[#  10]+0.036*[#  17]+0.036*[#  18]+0.036*[#  20]+0.036*[#  27]
          +0.036*[#  28]+0.036*[#  30]+0.036*[#  37]+0.036*[#  38]+0.036*[#  40]
          
    |psi|^2 = 1.000
==== e(  38) =    18.73287 eV ==== 
     psi = 0.123*[#   2]+0.123*[#  12]+0.123*[#  22]+0.123*[#  32]+0.023*[#   7]
          +0.023*[#   8]+0.023*[#  10]+0.023*[#  17]+0.023*[#  18]+0.023*[#  20]
          +0.023*[#  27]+0.023*[#  28]+0.023*[#  30]+0.023*[#  37]+0.023*[#  38]
          +0.023*[#  40]+0.017*[#   6]+0.017*[#   9]+0.017*[#  16]+0.017*[#  19]
          +0.017*[#  26]+0.017*[#  29]+0.017*[#  36]+0.017*[#  39]+0.001*[#   1]
          +0.001*[#  11]+0.001*[#  21]+0.001*[#  31]
    |psi|^2 = 0.905
==== e(  39) =    21.40180 eV ==== 
     psi = 0.188*[#   2]+0.063*[#  12]+0.063*[#  22]+0.063*[#  32]+0.012*[#   7]
          +0.012*[#   8]+0.012*[#  10]+0.011*[#  18]+0.011*[#  27]+0.011*[#  40]
          +0.010*[#  36]+0.008*[#  19]+0.008*[#  29]+0.007*[#  17]+0.007*[#  20]
          +0.007*[#  28]+0.007*[#  30]+0.007*[#  37]+0.007*[#  38]+0.005*[#  16]
          +0.005*[#  26]+0.004*[#   1]+0.003*[#  39]+0.002*[#   6]+0.002*[#   9]
          +0.001*[#  11]+0.001*[#  21]+0.001*[#  31]
    |psi|^2 = 0.538
==== e(  40) =    21.40180 eV ==== 
     psi = 0.125*[#  12]+0.125*[#  22]+0.125*[#  32]+0.012*[#  17]+0.012*[#  20]
          +0.012*[#  28]+0.012*[#  30]+0.012*[#  37]+0.012*[#  38]+0.009*[#   6]
          +0.009*[#   9]+0.008*[#  18]+0.008*[#  27]+0.008*[#  40]+0.007*[#   7]
          +0.007*[#   8]+0.007*[#  10]+0.007*[#  39]+0.006*[#  16]+0.006*[#  26]
          +0.002*[#  11]+0.002*[#  21]+0.002*[#  31]+0.002*[#  19]+0.002*[#  29]
          
    |psi|^2 = 0.538
==== e(  41) =    27.68322 eV ==== 
     psi = 0.018*[#  12]+0.018*[#  22]+0.018*[#  32]+0.002*[#   7]+0.002*[#   8]
          +0.002*[#  10]+0.001*[#  17]+0.001*[#  20]+0.001*[#  28]+0.001*[#  30]
          +0.001*[#  37]+0.001*[#  38]
    |psi|^2 = 0.075
==== e(  42) =    27.68322 eV ==== 
     psi = 0.027*[#   2]+0.009*[#  12]+0.009*[#  22]+0.009*[#  32]+0.002*[#  18]
          +0.002*[#  27]+0.002*[#  40]+0.001*[#  17]+0.001*[#  20]+0.001*[#  28]
          +0.001*[#  30]+0.001*[#  37]+0.001*[#  38]
    |psi|^2 = 0.075
==== e(  43) =    29.04137 eV ==== 
     psi = 0.100*[#  12]+0.100*[#  22]+0.100*[#  32]+0.071*[#   2]+0.004*[#   6]
          +0.004*[#   9]+0.004*[#  39]+0.003*[#  16]+0.003*[#  26]+0.003*[#  19]
          +0.003*[#  29]+0.003*[#  36]+0.002*[#  11]+0.002*[#  21]+0.002*[#  31]
          +0.001*[#   1]
    |psi|^2 = 0.408

 k =   0.1250000000  0.1250000000  0.3750000000
==== e(   1) =   -85.73938 eV ==== 
     psi = 0.245*[#   1]+0.244*[#  11]+0.244*[#  21]+0.244*[#  31]+0.006*[#   2]
          +0.006*[#  12]+0.006*[#  22]+0.006*[#  32]
    |psi|^2 = 1.000
==== e(   2) =   -85.72376 eV ==== 
     psi = 0.250*[#   1]+0.250*[#  11]+0.250*[#  21]+0.250*[#  31]
    |psi|^2 = 1.000
==== e(   3) =   -85.71276 eV ==== 
     psi = 0.490*[#   1]+0.164*[#  11]+0.164*[#  21]+0.164*[#  31]+0.008*[#   2]
          +0.003*[#  12]+0.003*[#  22]+0.003*[#  32]
    |psi|^2 = 1.000
==== e(   4) =   -85.71274 eV ==== 
     psi = 0.328*[#  11]+0.328*[#  21]+0.328*[#  31]+0.005*[#  12]+0.005*[#  22]
          +0.005*[#  32]
    |psi|^2 = 1.000
==== e(   5) =   -46.16927 eV ==== 
     psi = 0.117*[#   3]+0.117*[#   4]+0.117*[#   5]+0.091*[#  13]+0.091*[#  15]
          +0.091*[#  23]+0.091*[#  24]+0.091*[#  34]+0.091*[#  35]+0.034*[#  14]
          +0.034*[#  25]+0.034*[#  33]
    |psi|^2 = 1.000
==== e(   6) =   -46.16926 eV ==== 
     psi = 0.133*[#  14]+0.133*[#  25]+0.133*[#  33]+0.075*[#  13]+0.075*[#  15]
          +0.075*[#  23]+0.075*[#  24]+0.075*[#  34]+0.075*[#  35]+0.050*[#   3]
          +0.050*[#   4]+0.050*[#   5]
    |psi|^2 = 1.000
==== e(   7) =   -46.15165 eV ==== 
     psi = 0.083*[#   3]+0.083*[#   4]+0.083*[#   5]+0.083*[#  13]+0.083*[#  14]
          +0.083*[#  15]+0.083*[#  23]+0.083*[#  24]+0.083*[#  25]+0.083*[#  33]
          +0.083*[#  34]+0.083*[#  35]+0.002*[#   2]+0.002*[#  12]+0.002*[#  22]
          +0.002*[#  32]
    |psi|^2 = 1.000
==== e(   8) =   -46.11972 eV ==== 
     psi = 0.146*[#   3]+0.146*[#   4]+0.146*[#   5]+0.075*[#  13]+0.075*[#  15]
          +0.075*[#  23]+0.075*[#  24]+0.075*[#  34]+0.075*[#  35]+0.038*[#  14]
          +0.038*[#  25]+0.038*[#  33]
    |psi|^2 = 1.000
==== e(   9) =   -46.11971 eV ==== 
     psi = 0.129*[#  14]+0.129*[#  25]+0.129*[#  33]+0.092*[#  13]+0.092*[#  15]
          +0.092*[#  23]+0.092*[#  24]+0.092*[#  34]+0.092*[#  35]+0.021*[#   3]
          +0.021*[#   4]+0.021*[#   5]
    |psi|^2 = 1.000
==== e(  10) =   -46.08892 eV ==== 
     psi = 0.083*[#   3]+0.083*[#   4]+0.083*[#   5]+0.083*[#  13]+0.083*[#  14]
          +0.083*[#  15]+0.083*[#  23]+0.083*[#  24]+0.083*[#  25]+0.083*[#  33]
          +0.083*[#  34]+0.083*[#  35]+0.002*[#   2]+0.002*[#  12]+0.002*[#  22]
          +0.002*[#  32]
    |psi|^2 = 1.000
==== e(  11) =   -46.07128 eV ==== 
     psi = 0.162*[#  14]+0.162*[#  25]+0.162*[#  33]+0.138*[#   3]+0.138*[#   4]
          +0.138*[#   5]+0.016*[#  13]+0.016*[#  15]+0.016*[#  23]+0.016*[#  24]
          +0.016*[#  34]+0.016*[#  35]
    |psi|^2 = 1.000
==== e(  12) =   -46.07127 eV ==== 
     psi = 0.150*[#  13]+0.150*[#  15]+0.150*[#  23]+0.150*[#  24]+0.150*[#  34]
          +0.150*[#  35]+0.029*[#   3]+0.029*[#   4]+0.029*[#   5]+0.004*[#  14]
          +0.004*[#  25]+0.004*[#  33]
    |psi|^2 = 1.000
==== e(  13) =   -46.06092 eV ==== 
     psi = 0.083*[#  13]+0.083*[#  14]+0.083*[#  15]+0.083*[#  23]+0.083*[#  24]
          +0.083*[#  25]+0.083*[#  33]+0.083*[#  34]+0.083*[#  35]+0.083*[#   3]
          +0.083*[#   4]+0.083*[#   5]
    |psi|^2 = 1.000
==== e(  14) =   -46.05514 eV ==== 
     psi = 0.083*[#   3]+0.083*[#   4]+0.083*[#   5]+0.083*[#  13]+0.083*[#  15]
          +0.083*[#  23]+0.083*[#  24]+0.083*[#  34]+0.083*[#  35]+0.083*[#  14]
          +0.083*[#  25]+0.083*[#  33]
    |psi|^2 = 1.000
==== e(  15) =   -46.02677 eV ==== 
     psi = 0.083*[#  14]+0.083*[#  23]+0.083*[#  24]+0.083*[#  25]+0.083*[#  33]
          +0.083*[#   3]+0.083*[#  15]+0.083*[#  13]+0.083*[#   5]+0.083*[#   4]
          +0.083*[#  34]+0.083*[#  35]
    |psi|^2 = 1.000
==== e(  16) =   -46.02353 eV ==== 
     psi = 0.083*[#  14]+0.083*[#  23]+0.083*[#  24]+0.083*[#  25]+0.083*[#  33]
          +0.083*[#   3]+0.083*[#  15]+0.083*[#  13]+0.083*[#   5]+0.083*[#   4]
          +0.083*[#  34]+0.083*[#  35]
    |psi|^2 = 1.000
==== e(  17) =    10.92469 eV ==== 
     psi = 0.233*[#   2]+0.233*[#  12]+0.233*[#  22]+0.233*[#  32]+0.006*[#   1]
          +0.006*[#  11]+0.006*[#  21]+0.006*[#  31]+0.002*[#   6]+0.002*[#   9]
          +0.002*[#  16]+0.002*[#  19]+0.002*[#  26]+0.002*[#  29]+0.002*[#  36]
          +0.002*[#  39]+0.002*[#   7]+0.002*[#   8]+0.002*[#  10]+0.002*[#  17]
          +0.002*[#  18]+0.002*[#  20]+0.002*[#  27]+0.002*[#  28]+0.002*[#  30]
          +0.002*[#  37]+0.002*[#  38]+0.002*[#  40]
    |psi|^2 = 0.998
==== e(  18) =    13.00207 eV ==== 
     psi = 0.143*[#   2]+0.143*[#  12]+0.143*[#  22]+0.143*[#  32]+0.045*[#   6]
          +0.045*[#   9]+0.045*[#  16]+0.045*[#  19]+0.045*[#  26]+0.045*[#  29]
          +0.045*[#  36]+0.045*[#  39]+0.004*[#   7]+0.004*[#   8]+0.004*[#  10]
          +0.004*[#  17]+0.004*[#  18]+0.004*[#  20]+0.004*[#  27]+0.004*[#  28]
          +0.004*[#  30]+0.004*[#  37]+0.004*[#  38]+0.004*[#  40]
    |psi|^2 = 0.990
==== e(  19) =    14.10346 eV ==== 
     psi = 0.192*[#  36]+0.159*[#  19]+0.159*[#  29]+0.093*[#  16]+0.093*[#  26]
          +0.060*[#  39]+0.020*[#  18]+0.020*[#  27]+0.020*[#  40]+0.018*[#   2]
          +0.017*[#   6]+0.017*[#   9]+0.012*[#  17]+0.012*[#  20]+0.012*[#  28]
          +0.012*[#  30]+0.012*[#  37]+0.012*[#  38]+0.006*[#  12]+0.006*[#  22]
          +0.006*[#  32]+0.005*[#   7]+0.005*[#   8]+0.005*[#  10]
    |psi|^2 = 0.976
==== e(  20) =    14.10346 eV ==== 
     psi = 0.181*[#   6]+0.181*[#   9]+0.137*[#  39]+0.104*[#  16]+0.104*[#  26]
          +0.039*[#  19]+0.039*[#  29]+0.019*[#   7]+0.019*[#   8]+0.019*[#  10]
          +0.013*[#  17]+0.013*[#  20]+0.013*[#  28]+0.013*[#  30]+0.013*[#  37]
          +0.013*[#  38]+0.012*[#  12]+0.012*[#  22]+0.012*[#  32]+0.006*[#  36]
          +0.005*[#  18]+0.005*[#  27]+0.005*[#  40]
    |psi|^2 = 0.976
==== e(  21) =    14.33074 eV ==== 
     psi = 0.081*[#   7]+0.081*[#   8]+0.081*[#  10]+0.081*[#  17]+0.081*[#  18]
          +0.081*[#  20]+0.081*[#  27]+0.081*[#  28]+0.081*[#  30]+0.081*[#  37]
          +0.081*[#  38]+0.081*[#  40]+0.002*[#   6]+0.002*[#   9]+0.002*[#  16]
          +0.002*[#  19]+0.002*[#  26]+0.002*[#  29]+0.002*[#  36]+0.002*[#  39]
          +0.001*[#   2]+0.001*[#  12]+0.001*[#  22]+0.001*[#  32]
    |psi|^2 = 0.991
==== e(  22) =    14.37125 eV ==== 
     psi = 0.087*[#  18]+0.087*[#  27]+0.087*[#  40]+0.067*[#  17]+0.067*[#  20]
          +0.067*[#  28]+0.067*[#  30]+0.067*[#  37]+0.067*[#  38]+0.052*[#   7]
          +0.052*[#   8]+0.052*[#  10]+0.036*[#  36]+0.030*[#  19]+0.030*[#  29]
          +0.018*[#  16]+0.018*[#  26]+0.012*[#  39]+0.002*[#   2]+0.001*[#   6]
          +0.001*[#   9]
    |psi|^2 = 0.967
==== e(  23) =    14.37125 eV ==== 
     psi = 0.085*[#   7]+0.085*[#   8]+0.085*[#  10]+0.069*[#  17]+0.069*[#  20]
          +0.069*[#  28]+0.069*[#  30]+0.069*[#  37]+0.069*[#  38]+0.049*[#  18]
          +0.049*[#  27]+0.049*[#  40]+0.035*[#   6]+0.035*[#   9]+0.025*[#  39]
          +0.019*[#  16]+0.019*[#  26]+0.006*[#  19]+0.006*[#  29]+0.001*[#  12]
          +0.001*[#  22]+0.001*[#  32]
    |psi|^2 = 0.967
==== e(  24) =    14.93836 eV ==== 
     psi = 0.082*[#   7]+0.082*[#   8]+0.082*[#  10]+0.082*[#  17]+0.082*[#  18]
          +0.082*[#  20]+0.082*[#  27]+0.082*[#  28]+0.082*[#  30]+0.082*[#  37]
          +0.082*[#  38]+0.082*[#  40]+0.002*[#   2]+0.002*[#  12]+0.002*[#  22]
          +0.002*[#  32]
    |psi|^2 = 0.994
==== e(  25) =    15.36184 eV ==== 
     psi = 0.109*[#   7]+0.109*[#   8]+0.109*[#  10]+0.072*[#  17]+0.072*[#  20]
          +0.072*[#  28]+0.072*[#  30]+0.072*[#  37]+0.072*[#  38]+0.048*[#  18]
          +0.048*[#  27]+0.048*[#  40]+0.015*[#   2]+0.006*[#  36]+0.005*[#  12]
          +0.005*[#  22]+0.005*[#  32]+0.005*[#  19]+0.005*[#  29]+0.003*[#  16]
          +0.003*[#  26]+0.002*[#  39]+0.001*[#   6]+0.001*[#   9]
    |psi|^2 = 0.956
==== e(  26) =    15.36184 eV ==== 
     psi = 0.102*[#  18]+0.102*[#  27]+0.102*[#  40]+0.079*[#  17]+0.079*[#  20]
          +0.079*[#  28]+0.079*[#  30]+0.079*[#  37]+0.079*[#  38]+0.041*[#   7]
          +0.041*[#   8]+0.041*[#  10]+0.010*[#  12]+0.010*[#  22]+0.010*[#  32]
          +0.005*[#   6]+0.005*[#   9]+0.005*[#  39]+0.003*[#  16]+0.003*[#  26]
          +0.001*[#  19]+0.001*[#  29]
    |psi|^2 = 0.956
==== e(  27) =    15.78865 eV ==== 
     psi = 0.050*[#   6]+0.050*[#   9]+0.050*[#  16]+0.050*[#  19]+0.050*[#  26]
          +0.050*[#  29]+0.050*[#  36]+0.050*[#  39]+0.039*[#   7]+0.039*[#   8]
          +0.039*[#  10]+0.039*[#  17]+0.039*[#  18]+0.039*[#  20]+0.039*[#  27]
          +0.039*[#  28]+0.039*[#  30]+0.039*[#  37]+0.039*[#  38]+0.039*[#  40]
          +0.030*[#   2]+0.030*[#  12]+0.030*[#  22]+0.030*[#  32]
    |psi|^2 = 0.990
==== e(  28) =    15.80291 eV ==== 
     psi = 0.054*[#   7]+0.054*[#   8]+0.054*[#  10]+0.054*[#  17]+0.054*[#  18]
          +0.054*[#  20]+0.054*[#  27]+0.054*[#  28]+0.054*[#  30]+0.054*[#  37]
          +0.054*[#  38]+0.054*[#  40]+0.044*[#   6]+0.044*[#   9]+0.044*[#  16]
          +0.044*[#  19]+0.044*[#  26]+0.044*[#  29]+0.044*[#  36]+0.044*[#  39]
          
    |psi|^2 = 0.997
==== e(  29) =    15.91924 eV ==== 
     psi = 0.073*[#   7]+0.073*[#   8]+0.073*[#  10]+0.073*[#  17]+0.073*[#  18]
          +0.073*[#  20]+0.073*[#  27]+0.073*[#  28]+0.073*[#  30]+0.073*[#  37]
          +0.073*[#  38]+0.073*[#  40]+0.015*[#   6]+0.015*[#   9]+0.015*[#  16]
          +0.015*[#  19]+0.015*[#  26]+0.015*[#  29]+0.015*[#  36]+0.015*[#  39]
          
    |psi|^2 = 0.998
==== e(  30) =    16.46903 eV ==== 
     psi = 0.078*[#   6]+0.078*[#   9]+0.078*[#  16]+0.078*[#  19]+0.078*[#  26]
          +0.078*[#  29]+0.078*[#  36]+0.078*[#  39]+0.028*[#   7]+0.028*[#   8]
          +0.028*[#  10]+0.028*[#  17]+0.028*[#  18]+0.028*[#  20]+0.028*[#  27]
          +0.028*[#  28]+0.028*[#  30]+0.028*[#  37]+0.028*[#  38]+0.028*[#  40]
          +0.008*[#   2]+0.008*[#  12]+0.008*[#  22]+0.008*[#  32]
    |psi|^2 = 0.998
==== e(  31) =    16.49713 eV ==== 
     psi = 0.059*[#   7]+0.059*[#   8]+0.059*[#  10]+0.059*[#  17]+0.059*[#  18]
          +0.059*[#  20]+0.059*[#  27]+0.059*[#  28]+0.059*[#  30]+0.059*[#  37]
          +0.059*[#  38]+0.059*[#  40]+0.037*[#   6]+0.037*[#   9]+0.037*[#  16]
          +0.037*[#  19]+0.037*[#  26]+0.037*[#  29]+0.037*[#  36]+0.037*[#  39]
          
    |psi|^2 = 0.997
==== e(  32) =    16.69270 eV ==== 
     psi = 0.210*[#   6]+0.210*[#   9]+0.156*[#  36]+0.118*[#  19]+0.118*[#  29]
          +0.043*[#  16]+0.043*[#  26]+0.015*[#   7]+0.015*[#   8]+0.015*[#  10]
          +0.015*[#  18]+0.015*[#  27]+0.015*[#  40]+0.005*[#  39]
    |psi|^2 = 0.994
==== e(  33) =    16.69272 eV ==== 
     psi = 0.220*[#  39]+0.183*[#  16]+0.183*[#  26]+0.108*[#  19]+0.108*[#  29]
          +0.070*[#  36]+0.016*[#   6]+0.016*[#   9]+0.015*[#  17]+0.015*[#  20]
          +0.015*[#  28]+0.015*[#  30]+0.015*[#  37]+0.015*[#  38]
    |psi|^2 = 0.994
==== e(  34) =    16.92430 eV ==== 
     psi = 0.110*[#   6]+0.110*[#   9]+0.110*[#  16]+0.110*[#  19]+0.110*[#  26]
          +0.110*[#  29]+0.110*[#  36]+0.110*[#  39]+0.010*[#   7]+0.010*[#   8]
          +0.010*[#  10]+0.010*[#  17]+0.010*[#  18]+0.010*[#  20]+0.010*[#  27]
          +0.010*[#  28]+0.010*[#  30]+0.010*[#  37]+0.010*[#  38]+0.010*[#  40]
          
    |psi|^2 = 1.000
==== e(  35) =    17.27542 eV ==== 
     psi = 0.088*[#   6]+0.088*[#   9]+0.088*[#  16]+0.088*[#  19]+0.088*[#  26]
          +0.088*[#  29]+0.088*[#  36]+0.088*[#  39]+0.024*[#   7]+0.024*[#   8]
          +0.024*[#  10]+0.024*[#  17]+0.024*[#  18]+0.024*[#  20]+0.024*[#  27]
          +0.024*[#  28]+0.024*[#  30]+0.024*[#  37]+0.024*[#  38]+0.024*[#  40]
          
    |psi|^2 = 1.000
==== e(  36) =    17.32078 eV ==== 
     psi = 0.151*[#  18]+0.151*[#  27]+0.151*[#  40]+0.142*[#   7]+0.142*[#   8]
          +0.142*[#  10]+0.018*[#   6]+0.018*[#   9]+0.013*[#  36]+0.010*[#  19]
          +0.010*[#  29]+0.007*[#  17]+0.007*[#  20]+0.007*[#  28]+0.007*[#  30]
          +0.007*[#  37]+0.007*[#  38]+0.004*[#  16]+0.004*[#  26]
    |psi|^2 = 1.000
==== e(  37) =    17.32079 eV ==== 
     psi = 0.146*[#  17]+0.146*[#  20]+0.146*[#  28]+0.146*[#  30]+0.146*[#  37]
          +0.146*[#  38]+0.019*[#  39]+0.016*[#  16]+0.016*[#  26]+0.012*[#   7]
          +0.012*[#   8]+0.012*[#  10]+0.009*[#  19]+0.009*[#  29]+0.006*[#  36]
          +0.002*[#  18]+0.002*[#  27]+0.002*[#  40]+0.002*[#   6]+0.002*[#   9]
          
    |psi|^2 = 1.000
==== e(  38) =    17.52075 eV ==== 
     psi = 0.067*[#   2]+0.067*[#  12]+0.067*[#  22]+0.067*[#  32]+0.042*[#   7]
          +0.042*[#   8]+0.042*[#  10]+0.042*[#  17]+0.042*[#  18]+0.042*[#  20]
          +0.042*[#  27]+0.042*[#  28]+0.042*[#  30]+0.042*[#  37]+0.042*[#  38]
          +0.042*[#  40]+0.026*[#   6]+0.026*[#   9]+0.026*[#  16]+0.026*[#  19]
          +0.026*[#  26]+0.026*[#  29]+0.026*[#  36]+0.026*[#  39]
    |psi|^2 = 0.980
==== e(  39) =    22.64426 eV ==== 
     psi = 0.145*[#   2]+0.048*[#  12]+0.048*[#  22]+0.048*[#  32]+0.008*[#   7]
          +0.008*[#   8]+0.008*[#  10]+0.008*[#  36]+0.007*[#  18]+0.007*[#  27]
          +0.007*[#  40]+0.006*[#  19]+0.006*[#  29]+0.006*[#  17]+0.006*[#  20]
          +0.006*[#  28]+0.006*[#  30]+0.006*[#  37]+0.006*[#  38]+0.004*[#  16]
          +0.004*[#  26]+0.003*[#   1]+0.002*[#  39]
    |psi|^2 = 0.408
==== e(  40) =    22.64427 eV ==== 
     psi = 0.097*[#  12]+0.097*[#  22]+0.097*[#  32]+0.007*[#  17]+0.007*[#  20]
          +0.007*[#  28]+0.007*[#  30]+0.007*[#  37]+0.007*[#  38]+0.007*[#   6]
          +0.007*[#   9]+0.007*[#  18]+0.007*[#  27]+0.007*[#  40]+0.005*[#   7]
          +0.005*[#   8]+0.005*[#  10]+0.005*[#  39]+0.004*[#  16]+0.004*[#  26]
          +0.002*[#  11]+0.002*[#  21]+0.002*[#  31]+0.002*[#  19]+0.002*[#  29]
          
    |psi|^2 = 0.408
==== e(  41) =    25.90978 eV ==== 
     psi = 0.086*[#  12]+0.086*[#  22]+0.086*[#  32]+0.004*[#   7]+0.004*[#   8]
          +0.004*[#  10]+0.003*[#  17]+0.003*[#  20]+0.003*[#  28]+0.003*[#  30]
          +0.003*[#  37]+0.003*[#  38]+0.002*[#  11]+0.002*[#  21]+0.002*[#  31]
          
    |psi|^2 = 0.303
==== e(  42) =    25.90979 eV ==== 
     psi = 0.130*[#   2]+0.043*[#  12]+0.043*[#  22]+0.043*[#  32]+0.005*[#  18]
          +0.005*[#  27]+0.005*[#  40]+0.003*[#  17]+0.003*[#  20]+0.003*[#  28]
          +0.003*[#  30]+0.003*[#  37]+0.003*[#  38]+0.002*[#   1]+0.001*[#   7]
          +0.001*[#   8]+0.001*[#  10]
    |psi|^2 = 0.303
==== e(  43) =    29.58043 eV ==== 
     psi = 0.065*[#  12]+0.065*[#  22]+0.065*[#  32]+0.029*[#   2]+0.003*[#   6]
          +0.003*[#   9]+0.003*[#  39]+0.002*[#  16]+0.002*[#  26]+0.002*[#  19]
          +0.002*[#  29]+0.001*[#  36]+0.001*[#  11]+0.001*[#  21]+0.001*[#  31]
          
    |psi|^2 = 0.250

 k =   0.1250000000  0.1250000000 -0.5000000000
==== e(   1) =   -85.73157 eV ==== 
     psi = 0.497*[#   1]+0.165*[#  11]+0.165*[#  21]+0.165*[#  31]+0.003*[#   2]
          +0.001*[#  12]+0.001*[#  22]+0.001*[#  32]
    |psi|^2 = 1.000
==== e(   2) =   -85.73155 eV ==== 
     psi = 0.331*[#  11]+0.331*[#  21]+0.331*[#  31]+0.002*[#  12]+0.002*[#  22]
          +0.002*[#  32]
    |psi|^2 = 1.000
==== e(   3) =   -85.71276 eV ==== 
     psi = 0.490*[#   1]+0.164*[#  11]+0.164*[#  21]+0.164*[#  31]+0.008*[#   2]
          +0.003*[#  12]+0.003*[#  22]+0.003*[#  32]
    |psi|^2 = 1.000
==== e(   4) =   -85.71274 eV ==== 
     psi = 0.328*[#  11]+0.328*[#  21]+0.328*[#  31]+0.005*[#  12]+0.005*[#  22]
          +0.005*[#  32]
    |psi|^2 = 1.000
==== e(   5) =   -46.16117 eV ==== 
     psi = 0.139*[#   3]+0.139*[#   4]+0.139*[#   5]+0.097*[#  13]+0.097*[#  15]
          +0.097*[#  23]+0.097*[#  24]+0.097*[#  34]+0.097*[#  35]
    |psi|^2 = 1.000
==== e(   6) =   -46.16116 eV ==== 
     psi = 0.166*[#  14]+0.166*[#  25]+0.166*[#  33]+0.070*[#  13]+0.070*[#  15]
          +0.070*[#  23]+0.070*[#  24]+0.070*[#  34]+0.070*[#  35]+0.027*[#   3]
          +0.027*[#   4]+0.027*[#   5]
    |psi|^2 = 1.000
==== e(   7) =   -46.12872 eV ==== 
     psi = 0.167*[#   3]+0.167*[#   4]+0.167*[#   5]+0.083*[#  13]+0.083*[#  15]
          +0.083*[#  23]+0.083*[#  24]+0.083*[#  34]+0.083*[#  35]
    |psi|^2 = 1.000
==== e(   8) =   -46.12870 eV ==== 
     psi = 0.166*[#  14]+0.166*[#  25]+0.166*[#  33]+0.083*[#  13]+0.083*[#  15]
          +0.083*[#  23]+0.083*[#  24]+0.083*[#  34]+0.083*[#  35]
    |psi|^2 = 1.000
==== e(   9) =   -46.12123 eV ==== 
     psi = 0.165*[#  14]+0.165*[#  25]+0.165*[#  33]+0.128*[#   3]+0.128*[#   4]
          +0.128*[#   5]+0.019*[#  13]+0.019*[#  15]+0.019*[#  23]+0.019*[#  24]
          +0.019*[#  34]+0.019*[#  35]+0.002*[#  12]+0.002*[#  22]+0.002*[#  32]
          
    |psi|^2 = 1.000
==== e(  10) =   -46.12122 eV ==== 
     psi = 0.147*[#  13]+0.147*[#  15]+0.147*[#  23]+0.147*[#  24]+0.147*[#  34]
          +0.147*[#  35]+0.037*[#   3]+0.037*[#   4]+0.037*[#   5]+0.004*[#   2]
          +0.001*[#  12]+0.001*[#  22]+0.001*[#  32]
    |psi|^2 = 1.000
==== e(  11) =   -46.07096 eV ==== 
     psi = 0.167*[#  14]+0.167*[#  25]+0.167*[#  33]+0.139*[#   3]+0.139*[#   4]
          +0.139*[#   5]+0.014*[#  13]+0.014*[#  15]+0.014*[#  23]+0.014*[#  24]
          +0.014*[#  34]+0.014*[#  35]
    |psi|^2 = 1.000
==== e(  12) =   -46.07095 eV ==== 
     psi = 0.153*[#  13]+0.153*[#  15]+0.153*[#  23]+0.153*[#  24]+0.153*[#  34]
          +0.153*[#  35]+0.027*[#   3]+0.027*[#   4]+0.027*[#   5]
    |psi|^2 = 1.000
==== e(  13) =   -46.04140 eV ==== 
     psi = 0.129*[#   3]+0.129*[#   4]+0.129*[#   5]+0.102*[#  13]+0.102*[#  15]
          +0.102*[#  23]+0.102*[#  24]+0.102*[#  34]+0.102*[#  35]
    |psi|^2 = 1.000
==== e(  14) =   -46.04139 eV ==== 
     psi = 0.167*[#  14]+0.167*[#  25]+0.167*[#  33]+0.065*[#  13]+0.065*[#  15]
          +0.065*[#  23]+0.065*[#  24]+0.065*[#  34]+0.065*[#  35]+0.037*[#   3]
          +0.037*[#   4]+0.037*[#   5]
    |psi|^2 = 1.000
==== e(  15) =   -46.04085 eV ==== 
     psi = 0.167*[#   3]+0.167*[#   4]+0.167*[#   5]+0.083*[#  13]+0.083*[#  15]
          +0.083*[#  23]+0.083*[#  24]+0.083*[#  34]+0.083*[#  35]
    |psi|^2 = 1.000
==== e(  16) =   -46.04083 eV ==== 
     psi = 0.167*[#  14]+0.167*[#  25]+0.167*[#  33]+0.083*[#  13]+0.083*[#  15]
          +0.083*[#  23]+0.083*[#  24]+0.083*[#  34]+0.083*[#  35]
    |psi|^2 = 1.000
==== e(  17) =    12.03107 eV ==== 
     psi = 0.281*[#  12]+0.281*[#  22]+0.281*[#  32]+0.025*[#  39]+0.021*[#  16]
          +0.021*[#  26]+0.013*[#  19]+0.013*[#  29]+0.008*[#  36]+0.006*[#   7]
          +0.006*[#   8]+0.006*[#  10]+0.004*[#  17]+0.004*[#  20]+0.004*[#  28]
          +0.004*[#  30]+0.004*[#  37]+0.004*[#  38]+0.002*[#  11]+0.002*[#  21]
          +0.002*[#  31]
    |psi|^2 = 0.995
==== e(  18) =    12.03111 eV ==== 
     psi = 0.421*[#   2]+0.140*[#  12]+0.140*[#  22]+0.140*[#  32]+0.025*[#   6]
          +0.025*[#   9]+0.017*[#  36]+0.013*[#  19]+0.013*[#  29]+0.007*[#  18]
          +0.007*[#  27]+0.007*[#  40]+0.004*[#  16]+0.004*[#  26]+0.004*[#   1]
          +0.003*[#  17]+0.003*[#  20]+0.003*[#  28]+0.003*[#  30]+0.003*[#  37]
          +0.003*[#  38]+0.001*[#  11]+0.001*[#  21]+0.001*[#  31]
    |psi|^2 = 0.995
==== e(  19) =    14.32821 eV ==== 
     psi = 0.239*[#  36]+0.199*[#  19]+0.199*[#  29]+0.120*[#  16]+0.120*[#  26]
          +0.080*[#  39]
    |psi|^2 = 0.958
==== e(  20) =    14.32822 eV ==== 
     psi = 0.239*[#   6]+0.239*[#   9]+0.160*[#  39]+0.120*[#  16]+0.120*[#  26]
          +0.040*[#  19]+0.040*[#  29]
    |psi|^2 = 0.958
==== e(  21) =    14.56745 eV ==== 
     psi = 0.146*[#   7]+0.146*[#   8]+0.146*[#  10]+0.081*[#  17]+0.081*[#  20]
          +0.081*[#  28]+0.081*[#  30]+0.081*[#  37]+0.081*[#  38]+0.015*[#  12]
          +0.015*[#  22]+0.015*[#  32]+0.002*[#  39]+0.002*[#  16]+0.002*[#  26]
          +0.001*[#  19]+0.001*[#  29]
    |psi|^2 = 0.977
==== e(  22) =    14.56745 eV ==== 
     psi = 0.154*[#  18]+0.154*[#  27]+0.154*[#  40]+0.073*[#  17]+0.073*[#  20]
          +0.073*[#  28]+0.073*[#  30]+0.073*[#  37]+0.073*[#  38]+0.023*[#   2]
          +0.008*[#   7]+0.008*[#   8]+0.008*[#  10]+0.008*[#  12]+0.008*[#  22]
          +0.008*[#  32]+0.002*[#   6]+0.002*[#   9]+0.002*[#  36]+0.001*[#  19]
          +0.001*[#  29]
    |psi|^2 = 0.977
==== e(  23) =    14.63304 eV ==== 
     psi = 0.159*[#  17]+0.159*[#  20]+0.159*[#  28]+0.159*[#  30]+0.159*[#  37]
          +0.159*[#  38]+0.008*[#   7]+0.008*[#   8]+0.008*[#  10]+0.002*[#  12]
          +0.002*[#  22]+0.002*[#  32]+0.002*[#  39]+0.001*[#  16]+0.001*[#  26]
          
    |psi|^2 = 0.993
==== e(  24) =    14.63304 eV ==== 
     psi = 0.163*[#  18]+0.163*[#  27]+0.163*[#  40]+0.156*[#   7]+0.156*[#   8]
          +0.156*[#  10]+0.004*[#  17]+0.004*[#  20]+0.004*[#  28]+0.004*[#  30]
          +0.004*[#  37]+0.004*[#  38]+0.003*[#   2]+0.002*[#   6]+0.002*[#   9]
          +0.001*[#  12]+0.001*[#  22]+0.001*[#  32]+0.001*[#  36]
    |psi|^2 = 0.993
==== e(  25) =    14.98691 eV ==== 
     psi = 0.159*[#   7]+0.159*[#   8]+0.159*[#  10]+0.079*[#  17]+0.079*[#  20]
          +0.079*[#  28]+0.079*[#  30]+0.079*[#  37]+0.079*[#  38]
    |psi|^2 = 0.955
==== e(  26) =    14.98692 eV ==== 
     psi = 0.159*[#  18]+0.159*[#  27]+0.159*[#  40]+0.079*[#  17]+0.079*[#  20]
          +0.079*[#  28]+0.079*[#  30]+0.079*[#  37]+0.079*[#  38]
    |psi|^2 = 0.955
==== e(  27) =    15.72141 eV ==== 
     psi = 0.146*[#   6]+0.146*[#   9]+0.097*[#  36]+0.073*[#  19]+0.073*[#  29]
          +0.065*[#  18]+0.065*[#  27]+0.065*[#  40]+0.029*[#  17]+0.029*[#  20]
          +0.029*[#  28]+0.029*[#  30]+0.029*[#  37]+0.029*[#  38]+0.024*[#  16]
          +0.024*[#  26]+0.012*[#   2]+0.006*[#   7]+0.006*[#   8]+0.006*[#  10]
          +0.004*[#  12]+0.004*[#  22]+0.004*[#  32]
    |psi|^2 = 0.996
==== e(  28) =    15.72141 eV ==== 
     psi = 0.146*[#  39]+0.121*[#  16]+0.121*[#  26]+0.073*[#  19]+0.073*[#  29]
          +0.059*[#   7]+0.059*[#   8]+0.059*[#  10]+0.049*[#  36]+0.035*[#  17]
          +0.035*[#  20]+0.035*[#  28]+0.035*[#  30]+0.035*[#  37]+0.035*[#  38]
          +0.008*[#  12]+0.008*[#  22]+0.008*[#  32]
    |psi|^2 = 0.996
==== e(  29) =    16.18357 eV ==== 
     psi = 0.133*[#   7]+0.133*[#   8]+0.133*[#  10]+0.067*[#  17]+0.067*[#  20]
          +0.067*[#  28]+0.067*[#  30]+0.067*[#  37]+0.067*[#  38]+0.049*[#  36]
          +0.041*[#  19]+0.041*[#  29]+0.025*[#  16]+0.025*[#  26]+0.016*[#  39]
          
    |psi|^2 = 0.997
==== e(  30) =    16.18358 eV ==== 
     psi = 0.133*[#  18]+0.133*[#  27]+0.133*[#  40]+0.067*[#  17]+0.067*[#  20]
          +0.067*[#  28]+0.067*[#  30]+0.067*[#  37]+0.067*[#  38]+0.049*[#   6]
          +0.049*[#   9]+0.033*[#  39]+0.025*[#  16]+0.025*[#  26]+0.008*[#  19]
          +0.008*[#  29]
    |psi|^2 = 0.997
==== e(  31) =    16.56367 eV ==== 
     psi = 0.233*[#   6]+0.233*[#   9]+0.155*[#  36]+0.116*[#  19]+0.116*[#  29]
          +0.039*[#  16]+0.039*[#  26]+0.010*[#  18]+0.010*[#  27]+0.010*[#  40]
          +0.010*[#   7]+0.010*[#   8]+0.010*[#  10]+0.002*[#   2]
    |psi|^2 = 0.996
==== e(  32) =    16.56368 eV ==== 
     psi = 0.233*[#  39]+0.194*[#  16]+0.194*[#  26]+0.116*[#  19]+0.116*[#  29]
          +0.078*[#  36]+0.010*[#  17]+0.010*[#  20]+0.010*[#  28]+0.010*[#  30]
          +0.010*[#  37]+0.010*[#  38]+0.001*[#  12]+0.001*[#  22]+0.001*[#  32]
          
    |psi|^2 = 0.996
==== e(  33) =    16.80785 eV ==== 
     psi = 0.093*[#   7]+0.093*[#   8]+0.093*[#  10]+0.076*[#  39]+0.064*[#  16]
          +0.064*[#  26]+0.050*[#  17]+0.050*[#  20]+0.050*[#  28]+0.050*[#  30]
          +0.050*[#  37]+0.050*[#  38]+0.038*[#  19]+0.038*[#  29]+0.035*[#  12]
          +0.035*[#  22]+0.035*[#  32]+0.025*[#  36]
    |psi|^2 = 0.994
==== e(  34) =    16.80785 eV ==== 
     psi = 0.097*[#  18]+0.097*[#  27]+0.097*[#  40]+0.076*[#   6]+0.076*[#   9]
          +0.052*[#   2]+0.051*[#  36]+0.047*[#  17]+0.047*[#  20]+0.047*[#  28]
          +0.047*[#  30]+0.047*[#  37]+0.047*[#  38]+0.038*[#  19]+0.038*[#  29]
          +0.017*[#  12]+0.017*[#  22]+0.017*[#  32]+0.013*[#  16]+0.013*[#  26]
          +0.004*[#   7]+0.004*[#   8]+0.004*[#  10]
    |psi|^2 = 0.994
==== e(  35) =    17.10845 eV ==== 
     psi = 0.201*[#   6]+0.201*[#   9]+0.134*[#  39]+0.100*[#  16]+0.100*[#  26]
          +0.033*[#  19]+0.033*[#  29]+0.033*[#  18]+0.033*[#  27]+0.033*[#  40]
          +0.016*[#  17]+0.016*[#  20]+0.016*[#  28]+0.016*[#  30]+0.016*[#  37]
          +0.016*[#  38]
    |psi|^2 = 1.000
==== e(  36) =    17.10846 eV ==== 
     psi = 0.201*[#  36]+0.167*[#  19]+0.167*[#  29]+0.100*[#  16]+0.100*[#  26]
          +0.067*[#  39]+0.033*[#   7]+0.033*[#   8]+0.033*[#  10]+0.016*[#  17]
          +0.016*[#  20]+0.016*[#  28]+0.016*[#  30]+0.016*[#  37]+0.016*[#  38]
          
    |psi|^2 = 1.000
==== e(  37) =    17.30658 eV ==== 
     psi = 0.158*[#  18]+0.158*[#  27]+0.158*[#  40]+0.148*[#   7]+0.148*[#   8]
          +0.148*[#  10]+0.012*[#   6]+0.012*[#   9]+0.008*[#  36]+0.006*[#  19]
          +0.006*[#  29]+0.005*[#  17]+0.005*[#  20]+0.005*[#  28]+0.005*[#  30]
          +0.005*[#  37]+0.005*[#  38]+0.002*[#  16]+0.002*[#  26]
    |psi|^2 = 1.000
==== e(  38) =    17.30658 eV ==== 
     psi = 0.153*[#  17]+0.153*[#  20]+0.153*[#  28]+0.153*[#  30]+0.153*[#  37]
          +0.153*[#  38]+0.012*[#  39]+0.011*[#   7]+0.011*[#   8]+0.011*[#  10]
          +0.010*[#  16]+0.010*[#  26]+0.006*[#  19]+0.006*[#  29]+0.004*[#  36]
          
    |psi|^2 = 1.000
==== e(  39) =    23.63856 eV ==== 
     psi = 0.007*[#  36]+0.007*[#   7]+0.007*[#   8]+0.007*[#  10]+0.006*[#  19]
          +0.006*[#  29]+0.004*[#  16]+0.004*[#  26]+0.003*[#  17]+0.003*[#  20]
          +0.003*[#  28]+0.003*[#  30]+0.003*[#  37]+0.003*[#  38]+0.002*[#  39]
          
    |psi|^2 = 0.071
==== e(  40) =    23.63859 eV ==== 
     psi = 0.007*[#   6]+0.007*[#   9]+0.007*[#  18]+0.007*[#  27]+0.007*[#  40]
          +0.005*[#  39]+0.004*[#  16]+0.004*[#  26]+0.003*[#  17]+0.003*[#  20]
          +0.003*[#  28]+0.003*[#  30]+0.003*[#  37]+0.003*[#  38]+0.001*[#  19]
          +0.001*[#  29]
    |psi|^2 = 0.071
==== e(  41) =    24.74090 eV ==== 
     psi = 0.199*[#  12]+0.199*[#  22]+0.199*[#  32]+0.010*[#   7]+0.010*[#   8]
          +0.010*[#  10]+0.006*[#  17]+0.006*[#  20]+0.006*[#  28]+0.006*[#  30]
          +0.006*[#  37]+0.006*[#  38]+0.004*[#  11]+0.004*[#  21]+0.004*[#  31]
          
    |psi|^2 = 0.678
==== e(  42) =    24.74093 eV ==== 
     psi = 0.298*[#   2]+0.099*[#  12]+0.099*[#  22]+0.099*[#  32]+0.011*[#  18]
          +0.011*[#  27]+0.011*[#  40]+0.006*[#   1]+0.005*[#  17]+0.005*[#  20]
          +0.005*[#  28]+0.005*[#  30]+0.005*[#  37]+0.005*[#  38]+0.002*[#  11]
          +0.002*[#  21]+0.002*[#  31]+0.002*[#   7]+0.002*[#   8]+0.002*[#  10]
          
    |psi|^2 = 0.678
==== e(  43) =    30.21341 eV ==== 
     psi = 0.002*[#  19]+0.002*[#  29]+0.002*[#  36]+0.001*[#  16]+0.001*[#  26]
          +0.001*[#  39]+0.001*[#   6]+0.001*[#   9]
    |psi|^2 = 0.016

 k =   0.1250000000  0.2500000000  0.2500000000
==== e(   1) =   -85.74213 eV ==== 
     psi = 0.243*[#   1]+0.243*[#  11]+0.243*[#  21]+0.243*[#  31]+0.007*[#   2]
          +0.007*[#  12]+0.007*[#  22]+0.007*[#  32]
    |psi|^2 = 1.000
==== e(   2) =   -85.71665 eV ==== 
     psi = 0.499*[#   1]+0.165*[#  11]+0.165*[#  21]+0.165*[#  31]+0.003*[#   2]
          
    |psi|^2 = 1.000
==== e(   3) =   -85.71663 eV ==== 
     psi = 0.331*[#  11]+0.331*[#  21]+0.331*[#  31]+0.002*[#  12]+0.002*[#  22]
          +0.002*[#  32]
    |psi|^2 = 1.000
==== e(   4) =   -85.71326 eV ==== 
     psi = 0.247*[#  11]+0.247*[#  21]+0.247*[#  31]+0.243*[#   1]+0.004*[#   2]
          +0.004*[#  12]+0.004*[#  22]+0.004*[#  32]
    |psi|^2 = 1.000
==== e(   5) =   -46.17693 eV ==== 
     psi = 0.084*[#   3]+0.084*[#   4]+0.084*[#   5]+0.083*[#  13]+0.083*[#  15]
          +0.083*[#  23]+0.083*[#  24]+0.083*[#  34]+0.083*[#  35]+0.083*[#  14]
          +0.083*[#  25]+0.083*[#  33]
    |psi|^2 = 1.000
==== e(   6) =   -46.17564 eV ==== 
     psi = 0.129*[#   3]+0.129*[#   4]+0.129*[#   5]+0.088*[#  13]+0.088*[#  15]
          +0.088*[#  23]+0.088*[#  24]+0.088*[#  34]+0.088*[#  35]+0.028*[#  14]
          +0.028*[#  25]+0.028*[#  33]
    |psi|^2 = 1.000
==== e(   7) =   -46.17563 eV ==== 
     psi = 0.139*[#  14]+0.139*[#  25]+0.139*[#  33]+0.078*[#  13]+0.078*[#  15]
          +0.078*[#  23]+0.078*[#  24]+0.078*[#  34]+0.078*[#  35]+0.037*[#   3]
          +0.037*[#   4]+0.037*[#   5]+0.001*[#   2]
    |psi|^2 = 1.000
==== e(   8) =   -46.11492 eV ==== 
     psi = 0.083*[#   3]+0.083*[#   4]+0.083*[#   5]+0.083*[#  13]+0.083*[#  14]
          +0.083*[#  15]+0.083*[#  23]+0.083*[#  24]+0.083*[#  25]+0.083*[#  33]
          +0.083*[#  34]+0.083*[#  35]
    |psi|^2 = 1.000
==== e(   9) =   -46.08850 eV ==== 
     psi = 0.167*[#   3]+0.167*[#   4]+0.167*[#   5]+0.123*[#  14]+0.123*[#  25]
          +0.123*[#  33]+0.022*[#  13]+0.022*[#  15]+0.022*[#  23]+0.022*[#  24]
          +0.022*[#  34]+0.022*[#  35]
    |psi|^2 = 1.000
==== e(  10) =   -46.08848 eV ==== 
     psi = 0.145*[#  13]+0.145*[#  15]+0.145*[#  23]+0.145*[#  24]+0.145*[#  34]
          +0.145*[#  35]+0.043*[#  14]+0.043*[#  25]+0.043*[#  33]
    |psi|^2 = 1.000
==== e(  11) =   -46.08424 eV ==== 
     psi = 0.083*[#  13]+0.083*[#  14]+0.083*[#  15]+0.083*[#  23]+0.083*[#  24]
          +0.083*[#  25]+0.083*[#  33]+0.083*[#  34]+0.083*[#  35]+0.082*[#   3]
          +0.082*[#   4]+0.082*[#   5]+0.001*[#   2]+0.001*[#  12]+0.001*[#  22]
          +0.001*[#  32]
    |psi|^2 = 1.000
==== e(  12) =   -46.06391 eV ==== 
     psi = 0.086*[#  14]+0.086*[#  25]+0.086*[#  33]+0.085*[#   3]+0.085*[#   4]
          +0.085*[#   5]+0.081*[#  13]+0.081*[#  15]+0.081*[#  23]+0.081*[#  24]
          +0.081*[#  34]+0.081*[#  35]
    |psi|^2 = 1.000
==== e(  13) =   -46.06351 eV ==== 
     psi = 0.129*[#   3]+0.129*[#   4]+0.129*[#   5]+0.071*[#  14]+0.071*[#  25]
          +0.071*[#  33]+0.066*[#  13]+0.066*[#  15]+0.066*[#  23]+0.066*[#  24]
          +0.066*[#  34]+0.066*[#  35]
    |psi|^2 = 1.000
==== e(  14) =   -46.06350 eV ==== 
     psi = 0.102*[#  13]+0.102*[#  15]+0.102*[#  23]+0.102*[#  24]+0.102*[#  34]
          +0.102*[#  35]+0.093*[#  14]+0.093*[#  25]+0.093*[#  33]+0.036*[#   3]
          +0.036*[#   4]+0.036*[#   5]
    |psi|^2 = 1.000
==== e(  15) =   -46.02174 eV ==== 
     psi = 0.083*[#  14]+0.083*[#  23]+0.083*[#  24]+0.083*[#  25]+0.083*[#  33]
          +0.083*[#   3]+0.083*[#  15]+0.083*[#  13]+0.083*[#   5]+0.083*[#   4]
          +0.083*[#  34]+0.083*[#  35]
    |psi|^2 = 1.000
==== e(  16) =   -46.01223 eV ==== 
     psi = 0.083*[#  14]+0.083*[#  23]+0.083*[#  24]+0.083*[#  25]+0.083*[#  33]
          +0.083*[#   3]+0.083*[#  15]+0.083*[#  13]+0.083*[#   5]+0.083*[#   4]
          +0.083*[#  34]+0.083*[#  35]
    |psi|^2 = 1.000
==== e(  17) =    10.56403 eV ==== 
     psi = 0.234*[#   2]+0.234*[#  12]+0.234*[#  22]+0.234*[#  32]+0.007*[#   1]
          +0.007*[#  11]+0.007*[#  21]+0.007*[#  31]+0.002*[#   7]+0.002*[#   8]
          +0.002*[#  10]+0.002*[#  17]+0.002*[#  18]+0.002*[#  20]+0.002*[#  27]
          +0.002*[#  28]+0.002*[#  30]+0.002*[#  37]+0.002*[#  38]+0.002*[#  40]
          
    |psi|^2 = 0.998
==== e(  18) =    13.71187 eV ==== 
     psi = 0.137*[#  36]+0.111*[#  19]+0.111*[#  29]+0.099*[#   2]+0.060*[#  16]
          +0.060*[#  26]+0.048*[#   6]+0.048*[#   9]+0.035*[#  39]+0.033*[#  12]
          +0.033*[#  22]+0.033*[#  32]+0.025*[#  18]+0.025*[#  27]+0.025*[#  40]
          +0.011*[#  17]+0.011*[#  20]+0.011*[#  28]+0.011*[#  30]+0.011*[#  37]
          +0.011*[#  38]+0.010*[#   7]+0.010*[#   8]+0.010*[#  10]
    |psi|^2 = 0.984
==== e(  19) =    13.71188 eV ==== 
     psi = 0.118*[#  39]+0.105*[#   6]+0.105*[#   9]+0.092*[#  16]+0.092*[#  26]
          +0.066*[#  12]+0.066*[#  22]+0.066*[#  32]+0.041*[#  19]+0.041*[#  29]
          +0.018*[#   7]+0.018*[#   8]+0.018*[#  10]+0.018*[#  17]+0.018*[#  20]
          +0.018*[#  28]+0.018*[#  30]+0.018*[#  37]+0.018*[#  38]+0.016*[#  36]
          +0.004*[#  18]+0.004*[#  27]+0.004*[#  40]
    |psi|^2 = 0.984
==== e(  20) =    13.93641 eV ==== 
     psi = 0.067*[#   6]+0.067*[#   9]+0.067*[#  16]+0.067*[#  19]+0.067*[#  26]
          +0.067*[#  29]+0.067*[#  36]+0.067*[#  39]+0.033*[#   7]+0.033*[#   8]
          +0.033*[#  10]+0.033*[#  17]+0.033*[#  18]+0.033*[#  20]+0.033*[#  27]
          +0.033*[#  28]+0.033*[#  30]+0.033*[#  37]+0.033*[#  38]+0.033*[#  40]
          +0.014*[#   2]+0.014*[#  12]+0.014*[#  22]+0.014*[#  32]
    |psi|^2 = 0.990
==== e(  21) =    14.25729 eV ==== 
     psi = 0.090*[#  18]+0.090*[#  27]+0.090*[#  40]+0.069*[#  17]+0.069*[#  20]
          +0.069*[#  28]+0.069*[#  30]+0.069*[#  37]+0.069*[#  38]+0.050*[#   7]
          +0.050*[#   8]+0.050*[#  10]+0.031*[#  36]+0.025*[#  19]+0.025*[#  29]
          +0.013*[#  16]+0.013*[#  26]+0.012*[#   6]+0.012*[#   9]+0.008*[#  39]
          +0.004*[#   2]+0.001*[#  12]+0.001*[#  22]+0.001*[#  32]
    |psi|^2 = 0.979
==== e(  22) =    14.25729 eV ==== 
     psi = 0.089*[#   7]+0.089*[#   8]+0.089*[#  10]+0.070*[#  17]+0.070*[#  20]
          +0.070*[#  28]+0.070*[#  30]+0.070*[#  37]+0.070*[#  38]+0.049*[#  18]
          +0.049*[#  27]+0.049*[#  40]+0.027*[#  39]+0.023*[#   6]+0.023*[#   9]
          +0.021*[#  16]+0.021*[#  26]+0.010*[#  19]+0.010*[#  29]+0.004*[#  36]
          +0.002*[#  12]+0.002*[#  22]+0.002*[#  32]
    |psi|^2 = 0.979
==== e(  23) =    14.26057 eV ==== 
     psi = 0.049*[#   6]+0.049*[#   9]+0.049*[#  16]+0.049*[#  19]+0.049*[#  26]
          +0.049*[#  29]+0.049*[#  36]+0.049*[#  39]+0.047*[#   7]+0.047*[#   8]
          +0.047*[#  10]+0.047*[#  17]+0.047*[#  18]+0.047*[#  20]+0.047*[#  27]
          +0.047*[#  28]+0.047*[#  30]+0.047*[#  37]+0.047*[#  38]+0.047*[#  40]
          
    |psi|^2 = 0.955
==== e(  24) =    15.13543 eV ==== 
     psi = 0.081*[#   7]+0.081*[#   8]+0.081*[#  10]+0.081*[#  17]+0.081*[#  18]
          +0.081*[#  20]+0.081*[#  27]+0.081*[#  28]+0.081*[#  30]+0.081*[#  37]
          +0.081*[#  38]+0.081*[#  40]+0.004*[#   2]+0.004*[#  12]+0.004*[#  22]
          +0.004*[#  32]
    |psi|^2 = 0.993
==== e(  25) =    15.67094 eV ==== 
     psi = 0.111*[#  17]+0.111*[#  20]+0.111*[#  28]+0.111*[#  30]+0.111*[#  37]
          +0.111*[#  38]+0.035*[#  12]+0.035*[#  22]+0.035*[#  32]+0.032*[#  39]
          +0.026*[#  16]+0.026*[#  26]+0.021*[#  18]+0.021*[#  27]+0.021*[#  40]
          +0.014*[#  19]+0.014*[#  29]+0.011*[#   6]+0.011*[#   9]+0.008*[#  36]
          
    |psi|^2 = 0.977
==== e(  26) =    15.67094 eV ==== 
     psi = 0.121*[#   7]+0.121*[#   8]+0.121*[#  10]+0.100*[#  18]+0.100*[#  27]
          +0.100*[#  40]+0.053*[#   2]+0.027*[#  36]+0.024*[#   6]+0.024*[#   9]
          +0.021*[#  19]+0.021*[#  29]+0.018*[#  12]+0.018*[#  22]+0.018*[#  32]
          +0.011*[#  17]+0.011*[#  20]+0.011*[#  28]+0.011*[#  30]+0.011*[#  37]
          +0.011*[#  38]+0.010*[#  16]+0.010*[#  26]+0.004*[#  39]
    |psi|^2 = 0.977
==== e(  27) =    15.71810 eV ==== 
     psi = 0.075*[#   7]+0.075*[#   8]+0.075*[#  10]+0.075*[#  17]+0.075*[#  18]
          +0.075*[#  20]+0.075*[#  27]+0.075*[#  28]+0.075*[#  30]+0.075*[#  37]
          +0.075*[#  38]+0.075*[#  40]+0.008*[#   2]+0.008*[#  12]+0.008*[#  22]
          +0.008*[#  32]+0.002*[#   6]+0.002*[#   9]+0.002*[#  16]+0.002*[#  19]
          +0.002*[#  26]+0.002*[#  29]+0.002*[#  36]+0.002*[#  39]
    |psi|^2 = 0.945
==== e(  28) =    15.72896 eV ==== 
     psi = 0.067*[#   7]+0.067*[#   8]+0.067*[#  10]+0.067*[#  17]+0.067*[#  18]
          +0.067*[#  20]+0.067*[#  27]+0.067*[#  28]+0.067*[#  30]+0.067*[#  37]
          +0.067*[#  38]+0.067*[#  40]+0.023*[#   6]+0.023*[#   9]+0.023*[#  16]
          +0.023*[#  19]+0.023*[#  26]+0.023*[#  29]+0.023*[#  36]+0.023*[#  39]
          
    |psi|^2 = 0.998
==== e(  29) =    15.76775 eV ==== 
     psi = 0.074*[#   7]+0.074*[#   8]+0.074*[#  10]+0.074*[#  17]+0.074*[#  18]
          +0.074*[#  20]+0.074*[#  27]+0.074*[#  28]+0.074*[#  30]+0.074*[#  37]
          +0.074*[#  38]+0.074*[#  40]+0.014*[#   6]+0.014*[#   9]+0.014*[#  16]
          +0.014*[#  19]+0.014*[#  26]+0.014*[#  29]+0.014*[#  36]+0.014*[#  39]
          
    |psi|^2 = 0.999
==== e(  30) =    16.51623 eV ==== 
     psi = 0.111*[#   6]+0.111*[#   9]+0.111*[#  16]+0.111*[#  19]+0.111*[#  26]
          +0.111*[#  29]+0.111*[#  36]+0.111*[#  39]+0.009*[#   7]+0.009*[#   8]
          +0.009*[#  10]+0.009*[#  17]+0.009*[#  18]+0.009*[#  20]+0.009*[#  27]
          +0.009*[#  28]+0.009*[#  30]+0.009*[#  37]+0.009*[#  38]+0.009*[#  40]
          
    |psi|^2 = 0.999
==== e(  31) =    16.67507 eV ==== 
     psi = 0.110*[#  36]+0.087*[#  19]+0.087*[#  29]+0.083*[#   6]+0.083*[#   9]
          +0.049*[#   7]+0.049*[#   8]+0.049*[#  10]+0.041*[#  16]+0.041*[#  26]
          +0.033*[#  17]+0.033*[#  20]+0.033*[#  28]+0.033*[#  30]+0.033*[#  37]
          +0.033*[#  38]+0.031*[#  18]+0.031*[#  27]+0.031*[#  40]+0.018*[#  39]
          +0.003*[#   2]
    |psi|^2 = 0.995
==== e(  32) =    16.67507 eV ==== 
     psi = 0.119*[#  39]+0.096*[#  16]+0.096*[#  26]+0.055*[#   6]+0.055*[#   9]
          +0.051*[#  19]+0.051*[#  29]+0.043*[#  18]+0.043*[#  27]+0.043*[#  40]
          +0.040*[#  17]+0.040*[#  20]+0.040*[#  28]+0.040*[#  30]+0.040*[#  37]
          +0.040*[#  38]+0.028*[#  36]+0.025*[#   7]+0.025*[#   8]+0.025*[#  10]
          +0.002*[#  12]+0.002*[#  22]+0.002*[#  32]
    |psi|^2 = 0.995
==== e(  33) =    16.67642 eV ==== 
     psi = 0.094*[#  39]+0.093*[#  16]+0.093*[#  26]+0.093*[#  19]+0.093*[#  29]
          +0.093*[#  36]+0.093*[#   6]+0.093*[#   9]+0.021*[#  17]+0.021*[#  20]
          +0.021*[#  28]+0.021*[#  30]+0.021*[#  37]+0.021*[#  38]+0.021*[#   7]
          +0.021*[#   8]+0.021*[#  10]+0.021*[#  18]+0.021*[#  27]+0.021*[#  40]
          
    |psi|^2 = 0.997
==== e(  34) =    16.83322 eV ==== 
     psi = 0.101*[#   6]+0.101*[#   9]+0.101*[#  16]+0.101*[#  19]+0.101*[#  26]
          +0.101*[#  29]+0.101*[#  36]+0.101*[#  39]+0.015*[#   7]+0.015*[#   8]
          +0.015*[#  10]+0.015*[#  17]+0.015*[#  18]+0.015*[#  20]+0.015*[#  27]
          +0.015*[#  28]+0.015*[#  30]+0.015*[#  37]+0.015*[#  38]+0.015*[#  40]
          +0.002*[#   2]+0.002*[#  12]+0.002*[#  22]+0.002*[#  32]
    |psi|^2 = 0.999
==== e(  35) =    17.30627 eV ==== 
     psi = 0.062*[#   7]+0.062*[#   8]+0.062*[#  10]+0.062*[#  17]+0.062*[#  18]
          +0.062*[#  20]+0.062*[#  27]+0.062*[#  28]+0.062*[#  30]+0.062*[#  37]
          +0.062*[#  38]+0.062*[#  40]+0.032*[#   6]+0.032*[#   9]+0.032*[#  16]
          +0.032*[#  19]+0.032*[#  26]+0.032*[#  29]+0.032*[#  36]+0.032*[#  39]
          
    |psi|^2 = 1.000
==== e(  36) =    17.33084 eV ==== 
     psi = 0.085*[#  36]+0.068*[#   6]+0.068*[#   9]+0.067*[#  19]+0.067*[#  29]
          +0.065*[#   7]+0.065*[#   8]+0.065*[#  10]+0.050*[#  18]+0.050*[#  27]
          +0.050*[#  40]+0.037*[#  17]+0.037*[#  20]+0.037*[#  28]+0.037*[#  30]
          +0.037*[#  37]+0.037*[#  38]+0.031*[#  16]+0.031*[#  26]+0.013*[#  39]
          
    |psi|^2 = 0.998
==== e(  37) =    17.33084 eV ==== 
     psi = 0.094*[#  39]+0.076*[#  16]+0.076*[#  26]+0.057*[#  17]+0.057*[#  20]
          +0.057*[#  28]+0.057*[#  30]+0.057*[#  37]+0.057*[#  38]+0.045*[#  18]
          +0.045*[#  27]+0.045*[#  40]+0.040*[#  19]+0.040*[#  29]+0.040*[#   6]
          +0.040*[#   9]+0.029*[#   7]+0.029*[#   8]+0.029*[#  10]+0.023*[#  36]
          
    |psi|^2 = 0.998
==== e(  38) =    19.57898 eV ==== 
     psi = 0.255*[#   2]+0.085*[#  12]+0.085*[#  22]+0.085*[#  32]+0.037*[#   7]
          +0.037*[#   8]+0.037*[#  10]+0.035*[#  18]+0.035*[#  27]+0.035*[#  40]
          +0.024*[#  36]+0.019*[#  19]+0.019*[#  29]+0.014*[#   6]+0.014*[#   9]
          +0.009*[#  16]+0.009*[#  26]+0.005*[#  39]+0.004*[#  17]+0.004*[#  20]
          +0.004*[#  28]+0.004*[#  30]+0.004*[#  37]+0.004*[#  38]+0.003*[#   1]
          
    |psi|^2 = 0.864
==== e(  39) =    19.57899 eV ==== 
     psi = 0.170*[#  12]+0.170*[#  22]+0.170*[#  32]+0.036*[#  17]+0.036*[#  20]
          +0.036*[#  28]+0.036*[#  30]+0.036*[#  37]+0.036*[#  38]+0.023*[#  39]
          +0.019*[#  16]+0.019*[#  26]+0.014*[#   6]+0.014*[#   9]+0.009*[#  19]
          +0.009*[#  29]+0.005*[#  18]+0.005*[#  27]+0.005*[#  36]+0.005*[#  40]
          +0.003*[#   7]+0.003*[#   8]+0.003*[#  10]+0.002*[#  11]+0.002*[#  21]
          +0.002*[#  31]
    |psi|^2 = 0.864
==== e(  40) =    22.16105 eV ==== 
     psi = 0.065*[#   2]+0.065*[#  12]+0.065*[#  22]+0.065*[#  32]+0.008*[#   7]
          +0.008*[#   8]+0.008*[#  10]+0.008*[#  17]+0.008*[#  18]+0.008*[#  20]
          +0.008*[#  27]+0.008*[#  28]+0.008*[#  30]+0.008*[#  37]+0.008*[#  38]
          +0.008*[#  40]+0.005*[#   6]+0.005*[#   9]+0.005*[#  16]+0.005*[#  19]
          +0.005*[#  26]+0.005*[#  29]+0.005*[#  36]+0.005*[#  39]+0.001*[#   1]
          +0.001*[#  11]+0.001*[#  21]+0.001*[#  31]
    |psi|^2 = 0.396
==== e(  41) =    25.58077 eV ==== 
     psi = 0.075*[#   2]+0.075*[#  12]+0.075*[#  22]+0.075*[#  32]+0.003*[#   7]
          +0.003*[#   8]+0.003*[#  10]+0.003*[#  17]+0.003*[#  18]+0.003*[#  20]
          +0.003*[#  27]+0.003*[#  28]+0.003*[#  30]+0.003*[#  37]+0.003*[#  38]
          +0.003*[#  40]+0.001*[#   1]+0.001*[#  11]+0.001*[#  21]+0.001*[#  31]
          
    |psi|^2 = 0.348
==== e(  42) =    28.45321 eV ==== 
     psi = 0.020*[#  12]+0.020*[#  22]+0.020*[#  32]+0.005*[#   2]+0.002*[#   7]
          +0.002*[#   8]+0.002*[#  10]+0.002*[#  17]+0.002*[#  20]+0.002*[#  28]
          +0.002*[#  30]+0.002*[#  37]+0.002*[#  38]
    |psi|^2 = 0.085
==== e(  43) =    28.45321 eV ==== 
     psi = 0.028*[#   2]+0.013*[#  12]+0.013*[#  22]+0.013*[#  32]+0.002*[#  18]
          +0.002*[#  27]+0.002*[#  40]+0.001*[#  17]+0.001*[#  20]+0.001*[#  28]
          +0.001*[#  30]+0.001*[#  37]+0.001*[#  38]
    |psi|^2 = 0.085

 k =   0.1250000000  0.2500000000  0.3750000000
==== e(   1) =   -85.73623 eV ==== 
     psi = 0.247*[#   1]+0.246*[#  11]+0.246*[#  21]+0.246*[#  31]+0.004*[#   2]
          +0.004*[#  12]+0.004*[#  22]+0.004*[#  32]
    |psi|^2 = 1.000
==== e(   2) =   -85.72248 eV ==== 
     psi = 0.251*[#   1]+0.249*[#  11]+0.249*[#  21]+0.249*[#  31]
    |psi|^2 = 1.000
==== e(   3) =   -85.71585 eV ==== 
     psi = 0.249*[#   1]+0.247*[#  11]+0.247*[#  21]+0.247*[#  31]+0.002*[#   2]
          +0.002*[#  12]+0.002*[#  22]+0.002*[#  32]
    |psi|^2 = 1.000
==== e(   4) =   -85.71404 eV ==== 
     psi = 0.248*[#  11]+0.248*[#  21]+0.248*[#  31]+0.243*[#   1]+0.003*[#   2]
          +0.003*[#  12]+0.003*[#  22]+0.003*[#  32]
    |psi|^2 = 1.000
==== e(   5) =   -46.17386 eV ==== 
     psi = 0.083*[#   3]+0.083*[#   4]+0.083*[#   5]+0.083*[#  13]+0.083*[#  15]
          +0.083*[#  23]+0.083*[#  24]+0.083*[#  34]+0.083*[#  35]+0.083*[#  14]
          +0.083*[#  25]+0.083*[#  33]
    |psi|^2 = 1.000
==== e(   6) =   -46.17243 eV ==== 
     psi = 0.084*[#  14]+0.084*[#  25]+0.084*[#  33]+0.083*[#   3]+0.083*[#   4]
          +0.083*[#   5]+0.083*[#  13]+0.083*[#  15]+0.083*[#  23]+0.083*[#  24]
          +0.083*[#  34]+0.083*[#  35]
    |psi|^2 = 1.000
==== e(   7) =   -46.16161 eV ==== 
     psi = 0.083*[#  14]+0.083*[#  25]+0.083*[#  33]+0.083*[#   3]+0.083*[#   4]
          +0.083*[#   5]+0.083*[#  13]+0.083*[#  15]+0.083*[#  23]+0.083*[#  24]
          +0.083*[#  34]+0.083*[#  35]+0.001*[#   2]+0.001*[#  12]+0.001*[#  22]
          +0.001*[#  32]
    |psi|^2 = 1.000
==== e(   8) =   -46.11882 eV ==== 
     psi = 0.084*[#   3]+0.084*[#   4]+0.084*[#   5]+0.083*[#  13]+0.083*[#  14]
          +0.083*[#  15]+0.083*[#  23]+0.083*[#  24]+0.083*[#  25]+0.083*[#  33]
          +0.083*[#  34]+0.083*[#  35]
    |psi|^2 = 1.000
==== e(   9) =   -46.11214 eV ==== 
     psi = 0.083*[#  13]+0.083*[#  14]+0.083*[#  15]+0.083*[#  23]+0.083*[#  24]
          +0.083*[#  25]+0.083*[#  33]+0.083*[#  34]+0.083*[#  35]+0.083*[#   3]
          +0.083*[#   4]+0.083*[#   5]+0.002*[#   2]+0.002*[#  12]+0.002*[#  22]
          +0.002*[#  32]
    |psi|^2 = 1.000
==== e(  10) =   -46.10053 eV ==== 
     psi = 0.083*[#  14]+0.083*[#  23]+0.083*[#  24]+0.083*[#  25]+0.083*[#  33]
          +0.083*[#   3]+0.083*[#  15]+0.083*[#  13]+0.083*[#   5]+0.083*[#   4]
          +0.083*[#  34]+0.083*[#  35]
    |psi|^2 = 1.000
==== e(  11) =   -46.06887 eV ==== 
     psi = 0.083*[#   3]+0.083*[#   4]+0.083*[#   5]+0.083*[#  13]+0.083*[#  15]
          +0.083*[#  23]+0.083*[#  24]+0.083*[#  34]+0.083*[#  35]+0.083*[#  14]
          +0.083*[#  25]+0.083*[#  33]
    |psi|^2 = 1.000
==== e(  12) =   -46.05988 eV ==== 
     psi = 0.084*[#  14]+0.084*[#  25]+0.084*[#  33]+0.084*[#   3]+0.084*[#   4]
          +0.084*[#   5]+0.082*[#  13]+0.082*[#  15]+0.082*[#  23]+0.082*[#  24]
          +0.082*[#  34]+0.082*[#  35]
    |psi|^2 = 1.000
==== e(  13) =   -46.05936 eV ==== 
     psi = 0.084*[#  13]+0.084*[#  15]+0.084*[#  23]+0.084*[#  24]+0.084*[#  34]
          +0.084*[#  35]+0.083*[#   3]+0.083*[#   4]+0.083*[#   5]+0.082*[#  14]
          +0.082*[#  25]+0.082*[#  33]
    |psi|^2 = 1.000
==== e(  14) =   -46.04969 eV ==== 
     psi = 0.083*[#  13]+0.083*[#  14]+0.083*[#  15]+0.083*[#  23]+0.083*[#  24]
          +0.083*[#   4]+0.083*[#   5]+0.083*[#  25]+0.083*[#  33]+0.083*[#  34]
          +0.083*[#  35]+0.083*[#   3]
    |psi|^2 = 1.000
==== e(  15) =   -46.03393 eV ==== 
     psi = 0.083*[#  13]+0.083*[#  14]+0.083*[#  15]+0.083*[#  23]+0.083*[#  24]
          +0.083*[#  25]+0.083*[#  33]+0.083*[#  34]+0.083*[#  35]+0.083*[#   3]
          +0.083*[#   4]+0.083*[#   5]
    |psi|^2 = 1.000
==== e(  16) =   -46.01927 eV ==== 
     psi = 0.083*[#  14]+0.083*[#  23]+0.083*[#  24]+0.083*[#  25]+0.083*[#  33]
          +0.083*[#   3]+0.083*[#  15]+0.083*[#  13]+0.083*[#   5]+0.083*[#   4]
          +0.083*[#  34]+0.083*[#  35]
    |psi|^2 = 1.000
==== e(  17) =    11.41698 eV ==== 
     psi = 0.225*[#   2]+0.225*[#  12]+0.225*[#  22]+0.225*[#  32]+0.005*[#   7]
          +0.005*[#   8]+0.005*[#  10]+0.005*[#  17]+0.005*[#  18]+0.005*[#  20]
          +0.005*[#  27]+0.005*[#  28]+0.005*[#  30]+0.005*[#  37]+0.005*[#  38]
          +0.005*[#  40]+0.004*[#   1]+0.004*[#  11]+0.004*[#  21]+0.004*[#  31]
          +0.002*[#   6]+0.002*[#   9]+0.002*[#  16]+0.002*[#  19]+0.002*[#  26]
          +0.002*[#  29]+0.002*[#  36]+0.002*[#  39]
    |psi|^2 = 0.997
==== e(  18) =    13.31250 eV ==== 
     psi = 0.125*[#   2]+0.125*[#  12]+0.125*[#  22]+0.125*[#  32]+0.037*[#   6]
          +0.037*[#   9]+0.037*[#  16]+0.037*[#  19]+0.037*[#  26]+0.037*[#  29]
          +0.037*[#  36]+0.037*[#  39]+0.016*[#   7]+0.016*[#   8]+0.016*[#  10]
          +0.016*[#  17]+0.016*[#  18]+0.016*[#  20]+0.016*[#  27]+0.016*[#  28]
          +0.016*[#  30]+0.016*[#  37]+0.016*[#  38]+0.016*[#  40]
    |psi|^2 = 0.986
==== e(  19) =    14.04875 eV ==== 
     psi = 0.048*[#   6]+0.048*[#   9]+0.048*[#  16]+0.048*[#  19]+0.048*[#  26]
          +0.048*[#  29]+0.048*[#  36]+0.048*[#  39]+0.037*[#   7]+0.037*[#   8]
          +0.037*[#  10]+0.037*[#  17]+0.037*[#  18]+0.037*[#  20]+0.037*[#  27]
          +0.037*[#  28]+0.037*[#  30]+0.037*[#  37]+0.037*[#  38]+0.037*[#  40]
          +0.036*[#   2]+0.036*[#  12]+0.036*[#  22]+0.036*[#  32]
    |psi|^2 = 0.979
==== e(  20) =    14.15507 eV ==== 
     psi = 0.063*[#   7]+0.063*[#   8]+0.063*[#  10]+0.063*[#  17]+0.063*[#  18]
          +0.063*[#  20]+0.063*[#  27]+0.063*[#  28]+0.063*[#  30]+0.063*[#  37]
          +0.063*[#  38]+0.063*[#  40]+0.022*[#   6]+0.022*[#   9]+0.022*[#  16]
          +0.022*[#  19]+0.022*[#  26]+0.022*[#  29]+0.022*[#  36]+0.022*[#  39]
          +0.015*[#   2]+0.015*[#  12]+0.015*[#  22]+0.015*[#  32]
    |psi|^2 = 0.993
==== e(  21) =    14.47524 eV ==== 
     psi = 0.096*[#   6]+0.096*[#   9]+0.096*[#  16]+0.096*[#  19]+0.096*[#  26]
          +0.096*[#  29]+0.096*[#  36]+0.096*[#  39]+0.014*[#   7]+0.014*[#   8]
          +0.014*[#  10]+0.014*[#  17]+0.014*[#  18]+0.014*[#  20]+0.014*[#  27]
          +0.014*[#  28]+0.014*[#  30]+0.014*[#  37]+0.014*[#  38]+0.014*[#  40]
          
    |psi|^2 = 0.936
==== e(  22) =    14.49552 eV ==== 
     psi = 0.072*[#   7]+0.072*[#   8]+0.072*[#  10]+0.072*[#  17]+0.072*[#  18]
          +0.072*[#  20]+0.072*[#  27]+0.072*[#  28]+0.072*[#  30]+0.072*[#  37]
          +0.072*[#  38]+0.072*[#  40]+0.012*[#   6]+0.012*[#   9]+0.012*[#  16]
          +0.012*[#  19]+0.012*[#  26]+0.012*[#  29]+0.012*[#  36]+0.012*[#  39]
          +0.006*[#   2]+0.006*[#  12]+0.006*[#  22]+0.006*[#  32]
    |psi|^2 = 0.981
==== e(  23) =    14.52297 eV ==== 
     psi = 0.053*[#   6]+0.053*[#   9]+0.053*[#  16]+0.053*[#  19]+0.053*[#  26]
          +0.053*[#  29]+0.053*[#  36]+0.053*[#  39]+0.044*[#   7]+0.044*[#   8]
          +0.044*[#  10]+0.044*[#  17]+0.044*[#  18]+0.044*[#  20]+0.044*[#  27]
          +0.044*[#  28]+0.044*[#  30]+0.044*[#  37]+0.044*[#  38]+0.044*[#  40]
          +0.001*[#   2]+0.001*[#  12]+0.001*[#  22]+0.001*[#  32]
    |psi|^2 = 0.957
==== e(  24) =    14.97725 eV ==== 
     psi = 0.080*[#   7]+0.080*[#   8]+0.080*[#  10]+0.080*[#  17]+0.080*[#  18]
          +0.080*[#  20]+0.080*[#  27]+0.080*[#  28]+0.080*[#  30]+0.080*[#  37]
          +0.080*[#  38]+0.080*[#  40]+0.006*[#   2]+0.006*[#  12]+0.006*[#  22]
          +0.006*[#  32]
    |psi|^2 = 0.989
==== e(  25) =    15.19901 eV ==== 
     psi = 0.067*[#   7]+0.067*[#   8]+0.067*[#  10]+0.067*[#  17]+0.067*[#  18]
          +0.067*[#  20]+0.067*[#  27]+0.067*[#  28]+0.067*[#  30]+0.067*[#  37]
          +0.067*[#  38]+0.067*[#  40]+0.015*[#   2]+0.015*[#  12]+0.015*[#  22]
          +0.015*[#  32]+0.015*[#   6]+0.015*[#   9]+0.015*[#  16]+0.015*[#  19]
          +0.015*[#  26]+0.015*[#  29]+0.015*[#  36]+0.015*[#  39]
    |psi|^2 = 0.978
==== e(  26) =    15.35332 eV ==== 
     psi = 0.078*[#   7]+0.078*[#   8]+0.078*[#  10]+0.078*[#  17]+0.078*[#  18]
          +0.078*[#  20]+0.078*[#  27]+0.078*[#  28]+0.078*[#  30]+0.078*[#  37]
          +0.078*[#  38]+0.078*[#  40]+0.002*[#   2]+0.002*[#  12]+0.002*[#  22]
          +0.002*[#  32]
    |psi|^2 = 0.946
==== e(  27) =    15.45341 eV ==== 
     psi = 0.051*[#   6]+0.051*[#   9]+0.051*[#  16]+0.051*[#  19]+0.051*[#  26]
          +0.051*[#  29]+0.051*[#  36]+0.051*[#  39]+0.044*[#   7]+0.044*[#   8]
          +0.044*[#  10]+0.044*[#  17]+0.044*[#  18]+0.044*[#  20]+0.044*[#  27]
          +0.044*[#  28]+0.044*[#  30]+0.044*[#  37]+0.044*[#  38]+0.044*[#  40]
          +0.015*[#   2]+0.015*[#  12]+0.015*[#  22]+0.015*[#  32]
    |psi|^2 = 0.993
==== e(  28) =    15.69933 eV ==== 
     psi = 0.051*[#   6]+0.051*[#   9]+0.051*[#  16]+0.051*[#  19]+0.051*[#  26]
          +0.051*[#  29]+0.051*[#  36]+0.051*[#  39]+0.049*[#   7]+0.049*[#   8]
          +0.049*[#  10]+0.049*[#  17]+0.049*[#  18]+0.049*[#  20]+0.049*[#  27]
          +0.049*[#  28]+0.049*[#  30]+0.049*[#  37]+0.049*[#  38]+0.049*[#  40]
          
    |psi|^2 = 0.997
==== e(  29) =    15.88946 eV ==== 
     psi = 0.063*[#   7]+0.063*[#   8]+0.063*[#  10]+0.063*[#  17]+0.063*[#  18]
          +0.063*[#  20]+0.063*[#  27]+0.063*[#  28]+0.063*[#  30]+0.063*[#  37]
          +0.063*[#  38]+0.063*[#  40]+0.030*[#   6]+0.030*[#   9]+0.030*[#  16]
          +0.030*[#  19]+0.030*[#  26]+0.030*[#  29]+0.030*[#  36]+0.030*[#  39]
          
    |psi|^2 = 0.998
==== e(  30) =    16.36965 eV ==== 
     psi = 0.053*[#   6]+0.053*[#   9]+0.053*[#  16]+0.053*[#  19]+0.053*[#  26]
          +0.053*[#  29]+0.053*[#  36]+0.053*[#  39]+0.047*[#   7]+0.047*[#   8]
          +0.047*[#  10]+0.047*[#  17]+0.047*[#  18]+0.047*[#  20]+0.047*[#  27]
          +0.047*[#  28]+0.047*[#  30]+0.047*[#  37]+0.047*[#  38]+0.047*[#  40]
          +0.002*[#   2]+0.002*[#  12]+0.002*[#  22]+0.002*[#  32]
    |psi|^2 = 0.997
==== e(  31) =    16.48512 eV ==== 
     psi = 0.100*[#   6]+0.100*[#   9]+0.100*[#  16]+0.100*[#  19]+0.100*[#  26]
          +0.100*[#  29]+0.100*[#  36]+0.100*[#  39]+0.017*[#   7]+0.017*[#   8]
          +0.017*[#  10]+0.017*[#  17]+0.017*[#  18]+0.017*[#  20]+0.017*[#  27]
          +0.017*[#  28]+0.017*[#  30]+0.017*[#  37]+0.017*[#  38]+0.017*[#  40]
          
    |psi|^2 = 0.996
==== e(  32) =    16.52527 eV ==== 
     psi = 0.090*[#   6]+0.090*[#   9]+0.090*[#  16]+0.090*[#  19]+0.090*[#  26]
          +0.090*[#  29]+0.090*[#  36]+0.090*[#  39]+0.023*[#   7]+0.023*[#   8]
          +0.023*[#  10]+0.023*[#  17]+0.023*[#  18]+0.023*[#  20]+0.023*[#  27]
          +0.023*[#  28]+0.023*[#  30]+0.023*[#  37]+0.023*[#  38]+0.023*[#  40]
          
    |psi|^2 = 0.993
==== e(  33) =    16.54479 eV ==== 
     psi = 0.084*[#   6]+0.084*[#   9]+0.084*[#  16]+0.084*[#  19]+0.084*[#  26]
          +0.084*[#  29]+0.084*[#  36]+0.084*[#  39]+0.026*[#   7]+0.026*[#   8]
          +0.026*[#  10]+0.026*[#  17]+0.026*[#  18]+0.026*[#  20]+0.026*[#  27]
          +0.026*[#  28]+0.026*[#  30]+0.026*[#  37]+0.026*[#  38]+0.026*[#  40]
          +0.004*[#   2]+0.004*[#  12]+0.004*[#  22]+0.004*[#  32]
    |psi|^2 = 0.998
==== e(  34) =    17.07633 eV ==== 
     psi = 0.083*[#   6]+0.083*[#   9]+0.083*[#  16]+0.083*[#  19]+0.083*[#  26]
          +0.083*[#  29]+0.083*[#  36]+0.083*[#  39]+0.026*[#   7]+0.026*[#   8]
          +0.026*[#  10]+0.026*[#  17]+0.026*[#  18]+0.026*[#  20]+0.026*[#  27]
          +0.026*[#  28]+0.026*[#  30]+0.026*[#  37]+0.026*[#  38]+0.026*[#  40]
          +0.006*[#   2]+0.006*[#  12]+0.006*[#  22]+0.006*[#  32]
    |psi|^2 = 0.999
==== e(  35) =    17.17604 eV ==== 
     psi = 0.068*[#   6]+0.068*[#   9]+0.068*[#  16]+0.068*[#  19]+0.068*[#  26]
          +0.068*[#  29]+0.068*[#  36]+0.068*[#  39]+0.036*[#   7]+0.036*[#   8]
          +0.036*[#  10]+0.036*[#  17]+0.036*[#  18]+0.036*[#  20]+0.036*[#  27]
          +0.036*[#  28]+0.036*[#  30]+0.036*[#  37]+0.036*[#  38]+0.036*[#  40]
          +0.005*[#   2]+0.005*[#  12]+0.005*[#  22]+0.005*[#  32]
    |psi|^2 = 0.996
==== e(  36) =    17.21217 eV ==== 
     psi = 0.067*[#   7]+0.067*[#   8]+0.067*[#  10]+0.067*[#  18]+0.067*[#  27]
          +0.067*[#  40]+0.067*[#  17]+0.067*[#  20]+0.067*[#  28]+0.067*[#  30]
          +0.067*[#  37]+0.067*[#  38]+0.024*[#   6]+0.024*[#   9]+0.024*[#  16]
          +0.024*[#  19]+0.024*[#  26]+0.024*[#  29]+0.024*[#  36]+0.024*[#  39]
          
    |psi|^2 = 1.000
==== e(  37) =    17.21836 eV ==== 
     psi = 0.062*[#  17]+0.062*[#  20]+0.062*[#  28]+0.062*[#  30]+0.062*[#  37]
          +0.062*[#  38]+0.062*[#   7]+0.062*[#   8]+0.062*[#  10]+0.062*[#  18]
          +0.062*[#  27]+0.062*[#  40]+0.032*[#   6]+0.032*[#   9]+0.032*[#  16]
          +0.032*[#  19]+0.032*[#  26]+0.032*[#  29]+0.032*[#  36]+0.032*[#  39]
          
    |psi|^2 = 0.997
==== e(  38) =    18.18571 eV ==== 
     psi = 0.082*[#   2]+0.082*[#  12]+0.082*[#  22]+0.082*[#  32]+0.034*[#   7]
          +0.034*[#   8]+0.034*[#  10]+0.034*[#  17]+0.034*[#  18]+0.034*[#  20]
          +0.034*[#  27]+0.034*[#  28]+0.034*[#  30]+0.034*[#  37]+0.034*[#  38]
          +0.034*[#  40]+0.029*[#   6]+0.029*[#   9]+0.029*[#  16]+0.029*[#  19]
          +0.029*[#  26]+0.029*[#  29]+0.029*[#  36]+0.029*[#  39]
    |psi|^2 = 0.966
==== e(  39) =    20.61168 eV ==== 
     psi = 0.123*[#   2]+0.123*[#  12]+0.123*[#  22]+0.123*[#  32]+0.014*[#   7]
          +0.014*[#   8]+0.014*[#  10]+0.014*[#  17]+0.014*[#  18]+0.014*[#  20]
          +0.014*[#  27]+0.014*[#  28]+0.014*[#  30]+0.014*[#  37]+0.014*[#  38]
          +0.014*[#  40]+0.010*[#   6]+0.010*[#   9]+0.010*[#  16]+0.010*[#  19]
          +0.010*[#  26]+0.010*[#  29]+0.010*[#  36]+0.010*[#  39]+0.002*[#   1]
          +0.002*[#  11]+0.002*[#  21]+0.002*[#  31]
    |psi|^2 = 0.753
==== e(  40) =    22.72178 eV ==== 
     psi = 0.005*[#   6]+0.005*[#   9]+0.005*[#  16]+0.005*[#  19]+0.005*[#  26]
          +0.005*[#  29]+0.005*[#  36]+0.005*[#  39]+0.004*[#   7]+0.004*[#   8]
          +0.004*[#  10]+0.004*[#  17]+0.004*[#  18]+0.004*[#  20]+0.004*[#  27]
          +0.004*[#  28]+0.004*[#  30]+0.004*[#  37]+0.004*[#  38]+0.004*[#  40]
          
    |psi|^2 = 0.092
==== e(  41) =    24.31007 eV ==== 
     psi = 0.169*[#   2]+0.169*[#  12]+0.169*[#  22]+0.169*[#  32]+0.007*[#   7]
          +0.007*[#   8]+0.007*[#  10]+0.007*[#  17]+0.007*[#  18]+0.007*[#  20]
          +0.007*[#  27]+0.007*[#  28]+0.007*[#  30]+0.007*[#  37]+0.007*[#  38]
          +0.007*[#  40]+0.003*[#   1]+0.003*[#  11]+0.003*[#  21]+0.003*[#  31]
          
    |psi|^2 = 0.777
==== e(  42) =    26.62418 eV ==== 
     psi = 0.044*[#   2]+0.044*[#  12]+0.044*[#  22]+0.044*[#  32]+0.003*[#   7]
          +0.003*[#   8]+0.003*[#  10]+0.003*[#  17]+0.003*[#  18]+0.003*[#  20]
          +0.003*[#  27]+0.003*[#  28]+0.003*[#  30]+0.003*[#  37]+0.003*[#  38]
          +0.003*[#  40]
    |psi|^2 = 0.216
==== e(  43) =    29.53722 eV ==== 
     psi = 0.008*[#   2]+0.008*[#  12]+0.008*[#  22]+0.008*[#  32]+0.001*[#   7]
          +0.001*[#   8]+0.001*[#  10]+0.001*[#  17]+0.001*[#  18]+0.001*[#  20]
          +0.001*[#  27]+0.001*[#  28]+0.001*[#  30]+0.001*[#  37]+0.001*[#  38]
          +0.001*[#  40]
    |psi|^2 = 0.048

 k =   0.1250000000  0.2500000000 -0.5000000000
==== e(   1) =   -85.72936 eV ==== 
     psi = 0.499*[#   1]+0.165*[#  11]+0.165*[#  21]+0.165*[#  31]+0.002*[#   2]
          
    |psi|^2 = 1.000
==== e(   2) =   -85.72934 eV ==== 
     psi = 0.332*[#  11]+0.332*[#  21]+0.332*[#  31]+0.001*[#  12]+0.001*[#  22]
          +0.001*[#  32]
    |psi|^2 = 1.000
==== e(   3) =   -85.71494 eV ==== 
     psi = 0.492*[#   1]+0.165*[#  11]+0.165*[#  21]+0.165*[#  31]+0.006*[#   2]
          +0.002*[#  12]+0.002*[#  22]+0.002*[#  32]
    |psi|^2 = 1.000
==== e(   4) =   -85.71492 eV ==== 
     psi = 0.329*[#  11]+0.329*[#  21]+0.329*[#  31]+0.004*[#  12]+0.004*[#  22]
          +0.004*[#  32]
    |psi|^2 = 1.000
==== e(   5) =   -46.17201 eV ==== 
     psi = 0.125*[#   3]+0.125*[#   4]+0.125*[#   5]+0.104*[#  13]+0.104*[#  15]
          +0.104*[#  23]+0.104*[#  24]+0.104*[#  34]+0.104*[#  35]
    |psi|^2 = 1.000
==== e(   6) =   -46.17200 eV ==== 
     psi = 0.166*[#  14]+0.166*[#  25]+0.166*[#  33]+0.062*[#  13]+0.062*[#  15]
          +0.062*[#  23]+0.062*[#  24]+0.062*[#  34]+0.062*[#  35]+0.042*[#   3]
          +0.042*[#   4]+0.042*[#   5]
    |psi|^2 = 1.000
==== e(   7) =   -46.13969 eV ==== 
     psi = 0.166*[#  14]+0.166*[#  25]+0.166*[#  33]+0.103*[#   3]+0.103*[#   4]
          +0.103*[#   5]+0.031*[#  13]+0.031*[#  15]+0.031*[#  23]+0.031*[#  24]
          +0.031*[#  34]+0.031*[#  35]+0.002*[#  12]+0.002*[#  22]+0.002*[#  32]
          
    |psi|^2 = 1.000
==== e(   8) =   -46.13969 eV ==== 
     psi = 0.134*[#  13]+0.134*[#  15]+0.134*[#  23]+0.134*[#  24]+0.134*[#  34]
          +0.134*[#  35]+0.062*[#   3]+0.062*[#   4]+0.062*[#   5]+0.003*[#   2]
          +0.001*[#  12]+0.001*[#  22]+0.001*[#  32]
    |psi|^2 = 1.000
==== e(   9) =   -46.11251 eV ==== 
     psi = 0.163*[#   3]+0.163*[#   4]+0.163*[#   5]+0.085*[#  13]+0.085*[#  15]
          +0.085*[#  23]+0.085*[#  24]+0.085*[#  34]+0.085*[#  35]
    |psi|^2 = 1.000
==== e(  10) =   -46.11249 eV ==== 
     psi = 0.166*[#  14]+0.166*[#  25]+0.166*[#  33]+0.082*[#  13]+0.082*[#  15]
          +0.082*[#  23]+0.082*[#  24]+0.082*[#  34]+0.082*[#  35]+0.003*[#   3]
          +0.003*[#   4]+0.003*[#   5]
    |psi|^2 = 1.000
==== e(  11) =   -46.05777 eV ==== 
     psi = 0.166*[#  14]+0.166*[#  25]+0.166*[#  33]+0.121*[#   3]+0.121*[#   4]
          +0.121*[#   5]+0.023*[#  13]+0.023*[#  15]+0.023*[#  23]+0.023*[#  24]
          +0.023*[#  34]+0.023*[#  35]
    |psi|^2 = 1.000
==== e(  12) =   -46.05776 eV ==== 
     psi = 0.144*[#  13]+0.144*[#  15]+0.144*[#  23]+0.144*[#  24]+0.144*[#  34]
          +0.144*[#  35]+0.045*[#   3]+0.045*[#   4]+0.045*[#   5]
    |psi|^2 = 1.000
==== e(  13) =   -46.04996 eV ==== 
     psi = 0.149*[#   3]+0.149*[#   4]+0.149*[#   5]+0.092*[#  13]+0.092*[#  15]
          +0.092*[#  23]+0.092*[#  24]+0.092*[#  34]+0.092*[#  35]
    |psi|^2 = 1.000
==== e(  14) =   -46.04995 eV ==== 
     psi = 0.167*[#  14]+0.167*[#  25]+0.167*[#  33]+0.074*[#  13]+0.074*[#  15]
          +0.074*[#  23]+0.074*[#  24]+0.074*[#  34]+0.074*[#  35]+0.018*[#   3]
          +0.018*[#   4]+0.018*[#   5]
    |psi|^2 = 1.000
==== e(  15) =   -46.03313 eV ==== 
     psi = 0.122*[#   3]+0.122*[#   4]+0.122*[#   5]+0.106*[#  13]+0.106*[#  15]
          +0.106*[#  23]+0.106*[#  24]+0.106*[#  34]+0.106*[#  35]
    |psi|^2 = 1.000
==== e(  16) =   -46.03313 eV ==== 
     psi = 0.167*[#  14]+0.167*[#  25]+0.167*[#  33]+0.061*[#  13]+0.061*[#  15]
          +0.061*[#  23]+0.061*[#  24]+0.061*[#  34]+0.061*[#  35]+0.045*[#   3]
          +0.045*[#   4]+0.045*[#   5]
    |psi|^2 = 1.000
==== e(  17) =    12.43259 eV ==== 
     psi = 0.259*[#  12]+0.259*[#  22]+0.259*[#  32]+0.020*[#  39]+0.017*[#   7]
          +0.017*[#   8]+0.017*[#  10]+0.017*[#  16]+0.017*[#  26]+0.012*[#  17]
          +0.012*[#  20]+0.012*[#  28]+0.012*[#  30]+0.012*[#  37]+0.012*[#  38]
          +0.010*[#  19]+0.010*[#  29]+0.007*[#  36]+0.001*[#  11]+0.001*[#  21]
          +0.001*[#  31]
    |psi|^2 = 0.992
==== e(  18) =    12.43262 eV ==== 
     psi = 0.389*[#   2]+0.130*[#  12]+0.130*[#  22]+0.130*[#  32]+0.021*[#  18]
          +0.021*[#  27]+0.021*[#  40]+0.020*[#   6]+0.020*[#   9]+0.013*[#  36]
          +0.010*[#  19]+0.010*[#  29]+0.009*[#  17]+0.009*[#  20]+0.009*[#  28]
          +0.009*[#  30]+0.009*[#  37]+0.009*[#  38]+0.004*[#   7]+0.004*[#   8]
          +0.004*[#  10]+0.003*[#  16]+0.003*[#  26]+0.002*[#   1]
    |psi|^2 = 0.992
==== e(  19) =    14.27387 eV ==== 
     psi = 0.123*[#   7]+0.123*[#   8]+0.123*[#  10]+0.075*[#  17]+0.075*[#  20]
          +0.075*[#  28]+0.075*[#  30]+0.075*[#  37]+0.075*[#  38]+0.035*[#  12]
          +0.035*[#  22]+0.035*[#  32]+0.012*[#  36]+0.010*[#  19]+0.010*[#  29]
          +0.007*[#  16]+0.007*[#  26]+0.006*[#  39]
    |psi|^2 = 0.979
==== e(  20) =    14.27388 eV ==== 
     psi = 0.137*[#  18]+0.137*[#  27]+0.137*[#  40]+0.062*[#  17]+0.062*[#  20]
          +0.062*[#  28]+0.062*[#  30]+0.062*[#  37]+0.062*[#  38]+0.053*[#   2]
          +0.018*[#  12]+0.018*[#  22]+0.018*[#  32]+0.013*[#   7]+0.013*[#   8]
          +0.013*[#  10]+0.013*[#   6]+0.013*[#   9]+0.007*[#  39]+0.006*[#  16]
          +0.006*[#  26]+0.003*[#  19]+0.003*[#  29]+0.001*[#  36]
    |psi|^2 = 0.979
==== e(  21) =    14.58337 eV ==== 
     psi = 0.223*[#  36]+0.186*[#  19]+0.186*[#  29]+0.112*[#  16]+0.112*[#  26]
          +0.075*[#  39]+0.009*[#   7]+0.009*[#   8]+0.009*[#  10]+0.005*[#  17]
          +0.005*[#  20]+0.005*[#  28]+0.005*[#  30]+0.005*[#  37]+0.005*[#  38]
          
    |psi|^2 = 0.955
==== e(  22) =    14.58338 eV ==== 
     psi = 0.224*[#   6]+0.224*[#   9]+0.148*[#  39]+0.111*[#  16]+0.111*[#  26]
          +0.038*[#  19]+0.038*[#  29]+0.010*[#  18]+0.010*[#  27]+0.010*[#  40]
          +0.005*[#  17]+0.005*[#  20]+0.005*[#  28]+0.005*[#  30]+0.005*[#  37]
          +0.005*[#  38]
    |psi|^2 = 0.955
==== e(  23) =    14.74946 eV ==== 
     psi = 0.145*[#  17]+0.145*[#  20]+0.145*[#  28]+0.145*[#  30]+0.145*[#  37]
          +0.145*[#  38]+0.018*[#   7]+0.018*[#   8]+0.018*[#  10]+0.010*[#  12]
          +0.010*[#  22]+0.010*[#  32]+0.007*[#  39]+0.006*[#  16]+0.006*[#  26]
          +0.004*[#  19]+0.004*[#  29]+0.002*[#  36]
    |psi|^2 = 0.985
==== e(  24) =    14.74947 eV ==== 
     psi = 0.154*[#  18]+0.154*[#  27]+0.154*[#  40]+0.137*[#   7]+0.137*[#   8]
          +0.137*[#  10]+0.016*[#   2]+0.009*[#  17]+0.009*[#  20]+0.009*[#  28]
          +0.009*[#  30]+0.009*[#  37]+0.009*[#  38]+0.007*[#   6]+0.007*[#   9]
          +0.005*[#  12]+0.005*[#  22]+0.005*[#  32]+0.005*[#  36]+0.003*[#  19]
          +0.003*[#  29]+0.001*[#  16]+0.001*[#  26]
    |psi|^2 = 0.985
==== e(  25) =    15.10166 eV ==== 
     psi = 0.151*[#   7]+0.151*[#   8]+0.151*[#  10]+0.081*[#  17]+0.081*[#  20]
          +0.081*[#  28]+0.081*[#  30]+0.081*[#  37]+0.081*[#  38]+0.003*[#  12]
          +0.003*[#  22]+0.003*[#  32]
    |psi|^2 = 0.949
==== e(  26) =    15.10167 eV ==== 
     psi = 0.156*[#  18]+0.156*[#  27]+0.156*[#  40]+0.075*[#  17]+0.075*[#  20]
          +0.075*[#  28]+0.075*[#  30]+0.075*[#  37]+0.075*[#  38]+0.006*[#   7]
          +0.006*[#   8]+0.006*[#  10]+0.004*[#   2]+0.001*[#  12]+0.001*[#  22]
          +0.001*[#  32]
    |psi|^2 = 0.949
==== e(  27) =    15.53863 eV ==== 
     psi = 0.140*[#   6]+0.140*[#   9]+0.086*[#  36]+0.072*[#  18]+0.072*[#  27]
          +0.072*[#  40]+0.067*[#  19]+0.067*[#  29]+0.031*[#  17]+0.031*[#  20]
          +0.031*[#  28]+0.031*[#  30]+0.031*[#  37]+0.031*[#  38]+0.027*[#  16]
          +0.027*[#  26]+0.011*[#   7]+0.011*[#   8]+0.011*[#  10]+0.007*[#  39]
          +0.002*[#   2]
    |psi|^2 = 0.996
==== e(  28) =    15.53863 eV ==== 
     psi = 0.133*[#  39]+0.113*[#  16]+0.113*[#  26]+0.074*[#  19]+0.074*[#  29]
          +0.061*[#   7]+0.061*[#   8]+0.061*[#  10]+0.054*[#  36]+0.041*[#  17]
          +0.041*[#  20]+0.041*[#  28]+0.041*[#  30]+0.041*[#  37]+0.041*[#  38]
          +0.001*[#  12]+0.001*[#  22]+0.001*[#  32]
    |psi|^2 = 0.996
==== e(  29) =    16.09121 eV ==== 
     psi = 0.102*[#   7]+0.102*[#   8]+0.102*[#  10]+0.077*[#  36]+0.066*[#  19]
          +0.066*[#  29]+0.058*[#  17]+0.058*[#  20]+0.058*[#  28]+0.058*[#  30]
          +0.058*[#  37]+0.058*[#  38]+0.046*[#  16]+0.046*[#  26]+0.036*[#  39]
          +0.002*[#  12]+0.002*[#  22]+0.002*[#  32]
    |psi|^2 = 0.998
==== e(  30) =    16.09121 eV ==== 
     psi = 0.109*[#  18]+0.109*[#  27]+0.109*[#  40]+0.085*[#   6]+0.085*[#   9]
          +0.051*[#  17]+0.051*[#  20]+0.051*[#  28]+0.051*[#  30]+0.051*[#  37]
          +0.051*[#  38]+0.048*[#  39]+0.038*[#  16]+0.038*[#  26]+0.018*[#  19]
          +0.018*[#  29]+0.008*[#  36]+0.007*[#   7]+0.007*[#   8]+0.007*[#  10]
          +0.002*[#   2]
    |psi|^2 = 0.998
==== e(  31) =    16.41022 eV ==== 
     psi = 0.203*[#   6]+0.203*[#   9]+0.135*[#  36]+0.101*[#  19]+0.101*[#  29]
          +0.034*[#  16]+0.034*[#  26]+0.030*[#  18]+0.030*[#  27]+0.030*[#  40]
          +0.028*[#   7]+0.028*[#   8]+0.028*[#  10]+0.001*[#  17]+0.001*[#  20]
          +0.001*[#  28]+0.001*[#  30]+0.001*[#  37]+0.001*[#  38]
    |psi|^2 = 0.995
==== e(  32) =    16.41023 eV ==== 
     psi = 0.203*[#  39]+0.169*[#  16]+0.169*[#  26]+0.102*[#  19]+0.102*[#  29]
          +0.068*[#  36]+0.029*[#  17]+0.029*[#  20]+0.029*[#  28]+0.029*[#  30]
          +0.029*[#  37]+0.029*[#  38]+0.002*[#   7]+0.002*[#   8]+0.002*[#  10]
          
    |psi|^2 = 0.995
==== e(  33) =    16.84428 eV ==== 
     psi = 0.130*[#   6]+0.130*[#   9]+0.070*[#  18]+0.070*[#  27]+0.070*[#  40]
          +0.054*[#  39]+0.049*[#  16]+0.049*[#  26]+0.038*[#  19]+0.038*[#  29]
          +0.033*[#  36]+0.032*[#  17]+0.032*[#  20]+0.032*[#  28]+0.032*[#  30]
          +0.032*[#  37]+0.032*[#  38]+0.025*[#   2]+0.008*[#  12]+0.008*[#  22]
          +0.008*[#  32]+0.007*[#   7]+0.007*[#   8]+0.007*[#  10]
    |psi|^2 = 0.995
==== e(  34) =    16.84428 eV ==== 
     psi = 0.097*[#  36]+0.092*[#  19]+0.092*[#  29]+0.082*[#  16]+0.082*[#  26]
          +0.077*[#  39]+0.064*[#   7]+0.064*[#   8]+0.064*[#  10]+0.039*[#  17]
          +0.039*[#  20]+0.039*[#  28]+0.039*[#  30]+0.039*[#  37]+0.039*[#  38]
          +0.017*[#  12]+0.017*[#  22]+0.017*[#  32]
    |psi|^2 = 0.995
==== e(  35) =    17.17196 eV ==== 
     psi = 0.138*[#  18]+0.138*[#  27]+0.138*[#  40]+0.116*[#   7]+0.116*[#   8]
          +0.116*[#  10]+0.042*[#   6]+0.042*[#   9]+0.028*[#  36]+0.021*[#  19]
          +0.021*[#  29]+0.011*[#  17]+0.011*[#  20]+0.011*[#  28]+0.011*[#  30]
          +0.011*[#  37]+0.011*[#  38]+0.007*[#  16]+0.007*[#  26]
    |psi|^2 = 0.999
==== e(  36) =    17.17197 eV ==== 
     psi = 0.127*[#  17]+0.127*[#  20]+0.127*[#  28]+0.127*[#  30]+0.127*[#  37]
          +0.127*[#  38]+0.042*[#  39]+0.035*[#  16]+0.035*[#  26]+0.022*[#   7]
          +0.022*[#   8]+0.022*[#  10]+0.021*[#  19]+0.021*[#  29]+0.014*[#  36]
          
    |psi|^2 = 0.999
==== e(  37) =    17.43599 eV ==== 
     psi = 0.117*[#   6]+0.117*[#   9]+0.070*[#  18]+0.070*[#  27]+0.070*[#  40]
          +0.057*[#  39]+0.052*[#   2]+0.048*[#  16]+0.048*[#  26]+0.035*[#  17]
          +0.035*[#  20]+0.035*[#  28]+0.035*[#  30]+0.035*[#  37]+0.035*[#  38]
          +0.030*[#  19]+0.030*[#  29]+0.021*[#  36]+0.017*[#  12]+0.017*[#  22]
          +0.017*[#  32]
    |psi|^2 = 0.994
==== e(  38) =    17.43600 eV ==== 
     psi = 0.096*[#  36]+0.087*[#  19]+0.087*[#  29]+0.070*[#   7]+0.070*[#   8]
          +0.070*[#  10]+0.069*[#  16]+0.069*[#  26]+0.060*[#  39]+0.036*[#  17]
          +0.036*[#  20]+0.036*[#  28]+0.036*[#  30]+0.036*[#  37]+0.036*[#  38]
          +0.035*[#  12]+0.035*[#  22]+0.035*[#  32]
    |psi|^2 = 0.994
==== e(  39) =    21.77693 eV ==== 
     psi = 0.112*[#  12]+0.112*[#  22]+0.112*[#  32]+0.017*[#   7]+0.017*[#   8]
          +0.017*[#  10]+0.013*[#  36]+0.011*[#  19]+0.011*[#  29]+0.009*[#  17]
          +0.009*[#  20]+0.009*[#  28]+0.009*[#  30]+0.009*[#  37]+0.009*[#  38]
          +0.007*[#  16]+0.007*[#  26]+0.004*[#  39]+0.002*[#  11]+0.002*[#  21]
          +0.002*[#  31]
    |psi|^2 = 0.495
==== e(  40) =    21.77695 eV ==== 
     psi = 0.167*[#   2]+0.056*[#  12]+0.056*[#  22]+0.056*[#  32]+0.017*[#  18]
          +0.017*[#  27]+0.017*[#  40]+0.013*[#   6]+0.013*[#   9]+0.009*[#  39]
          +0.008*[#  17]+0.008*[#  20]+0.008*[#  28]+0.008*[#  30]+0.008*[#  37]
          +0.008*[#  38]+0.007*[#  16]+0.007*[#  26]+0.003*[#   1]+0.002*[#  19]
          +0.002*[#  29]
    |psi|^2 = 0.495
==== e(  41) =    25.10950 eV ==== 
     psi = 0.129*[#  12]+0.129*[#  22]+0.129*[#  32]+0.008*[#   7]+0.008*[#   8]
          +0.008*[#  10]+0.007*[#  17]+0.007*[#  20]+0.007*[#  28]+0.007*[#  30]
          +0.007*[#  37]+0.007*[#  38]+0.002*[#  11]+0.002*[#  21]+0.002*[#  31]
          
    |psi|^2 = 0.459
==== e(  42) =    25.10953 eV ==== 
     psi = 0.193*[#   2]+0.064*[#  12]+0.064*[#  22]+0.064*[#  32]+0.011*[#  18]
          +0.011*[#  27]+0.011*[#  40]+0.004*[#  17]+0.004*[#  20]+0.004*[#  28]
          +0.004*[#  30]+0.004*[#  37]+0.004*[#  38]+0.003*[#   1]+0.003*[#   7]
          +0.003*[#   8]+0.003*[#  10]
    |psi|^2 = 0.459
==== e(  43) =    30.91477 eV ==== 
     psi = 0.004*[#  12]+0.004*[#  22]+0.004*[#  32]+0.001*[#  17]+0.001*[#  20]
          +0.001*[#  28]+0.001*[#  30]+0.001*[#  37]+0.001*[#  38]+0.001*[#   7]
          +0.001*[#   8]+0.001*[#  10]+0.001*[#   2]
    |psi|^2 = 0.026

 k =   0.1250000000  0.3750000000  0.3750000000
==== e(   1) =   -85.73156 eV ==== 
     psi = 0.249*[#   1]+0.248*[#  11]+0.248*[#  21]+0.248*[#  31]+0.001*[#   2]
          +0.002*[#  12]+0.002*[#  22]+0.002*[#  32]
    |psi|^2 = 1.000
==== e(   2) =   -85.72053 eV ==== 
     psi = 0.500*[#   1]+0.166*[#  11]+0.166*[#  21]+0.166*[#  31]
    |psi|^2 = 1.000
==== e(   3) =   -85.72051 eV ==== 
     psi = 0.332*[#  11]+0.332*[#  21]+0.332*[#  31]
    |psi|^2 = 1.000
==== e(   4) =   -85.71592 eV ==== 
     psi = 0.248*[#  11]+0.248*[#  21]+0.248*[#  31]+0.245*[#   1]+0.002*[#   2]
          +0.002*[#  12]+0.002*[#  22]+0.002*[#  32]
    |psi|^2 = 1.000
==== e(   5) =   -46.17527 eV ==== 
     psi = 0.083*[#   3]+0.083*[#   4]+0.083*[#   5]+0.083*[#  13]+0.083*[#  15]
          +0.083*[#  23]+0.083*[#  24]+0.083*[#  34]+0.083*[#  35]+0.083*[#  14]
          +0.083*[#  25]+0.083*[#  33]
    |psi|^2 = 1.000
==== e(   6) =   -46.17066 eV ==== 
     psi = 0.140*[#   3]+0.140*[#   4]+0.140*[#   5]+0.094*[#  13]+0.094*[#  15]
          +0.094*[#  23]+0.094*[#  24]+0.094*[#  34]+0.094*[#  35]+0.004*[#  14]
          +0.004*[#  25]+0.004*[#  33]+0.001*[#  12]+0.001*[#  22]+0.001*[#  32]
          
    |psi|^2 = 1.000
==== e(   7) =   -46.17064 eV ==== 
     psi = 0.162*[#  14]+0.162*[#  25]+0.162*[#  33]+0.072*[#  13]+0.072*[#  15]
          +0.072*[#  23]+0.072*[#  24]+0.072*[#  34]+0.072*[#  35]+0.026*[#   3]
          +0.026*[#   4]+0.026*[#   5]+0.002*[#   2]
    |psi|^2 = 1.000
==== e(   8) =   -46.13746 eV ==== 
     psi = 0.083*[#   3]+0.083*[#   4]+0.083*[#   5]+0.083*[#  13]+0.083*[#  14]
          +0.083*[#  15]+0.083*[#  23]+0.083*[#  24]+0.083*[#  25]+0.083*[#  33]
          +0.083*[#  34]+0.083*[#  35]+0.002*[#   2]+0.002*[#  12]+0.002*[#  22]
          +0.002*[#  32]
    |psi|^2 = 1.000
==== e(   9) =   -46.10973 eV ==== 
     psi = 0.083*[#   3]+0.083*[#   4]+0.083*[#   5]+0.083*[#  13]+0.083*[#  14]
          +0.083*[#  15]+0.083*[#  23]+0.083*[#  24]+0.083*[#  25]+0.083*[#  33]
          +0.083*[#  34]+0.083*[#  35]
    |psi|^2 = 1.000
==== e(  10) =   -46.08141 eV ==== 
     psi = 0.158*[#  14]+0.158*[#  25]+0.158*[#  33]+0.149*[#   3]+0.149*[#   4]
          +0.149*[#   5]+0.013*[#  13]+0.013*[#  15]+0.013*[#  23]+0.013*[#  24]
          +0.013*[#  34]+0.013*[#  35]
    |psi|^2 = 1.000
==== e(  11) =   -46.08139 eV ==== 
     psi = 0.154*[#  13]+0.154*[#  15]+0.154*[#  23]+0.154*[#  24]+0.154*[#  34]
          +0.154*[#  35]+0.017*[#   3]+0.017*[#   4]+0.017*[#   5]+0.008*[#  14]
          +0.008*[#  25]+0.008*[#  33]
    |psi|^2 = 1.000
==== e(  12) =   -46.04841 eV ==== 
     psi = 0.083*[#   3]+0.083*[#   4]+0.083*[#   5]+0.083*[#  14]+0.083*[#  25]
          +0.083*[#  33]+0.083*[#  13]+0.083*[#  15]+0.083*[#  23]+0.083*[#  24]
          +0.083*[#  34]+0.083*[#  35]
    |psi|^2 = 1.000
==== e(  13) =   -46.04704 eV ==== 
     psi = 0.083*[#   3]+0.083*[#   4]+0.083*[#   5]+0.083*[#  13]+0.083*[#  14]
          +0.083*[#  15]+0.083*[#  23]+0.083*[#  24]+0.083*[#  25]+0.083*[#  33]
          +0.083*[#  34]+0.083*[#  35]
    |psi|^2 = 1.000
==== e(  14) =   -46.04434 eV ==== 
     psi = 0.157*[#   3]+0.157*[#   4]+0.157*[#   5]+0.082*[#  13]+0.082*[#  15]
          +0.082*[#  23]+0.082*[#  24]+0.082*[#  34]+0.082*[#  35]+0.013*[#  14]
          +0.013*[#  25]+0.013*[#  33]
    |psi|^2 = 1.000
==== e(  15) =   -46.04432 eV ==== 
     psi = 0.154*[#  14]+0.154*[#  25]+0.154*[#  33]+0.085*[#  13]+0.085*[#  15]
          +0.085*[#  23]+0.085*[#  24]+0.085*[#  34]+0.085*[#  35]+0.009*[#   3]
          +0.009*[#   4]+0.009*[#   5]
    |psi|^2 = 1.000
==== e(  16) =   -46.02075 eV ==== 
     psi = 0.083*[#  14]+0.083*[#  23]+0.083*[#  24]+0.083*[#  25]+0.083*[#  33]
          +0.083*[#   3]+0.083*[#  15]+0.083*[#  13]+0.083*[#   5]+0.083*[#   4]
          +0.083*[#  34]+0.083*[#  35]
    |psi|^2 = 1.000
==== e(  17) =    12.15372 eV ==== 
     psi = 0.204*[#   2]+0.204*[#  12]+0.204*[#  22]+0.204*[#  32]+0.012*[#   7]
          +0.012*[#   8]+0.012*[#  10]+0.012*[#  17]+0.012*[#  18]+0.012*[#  20]
          +0.012*[#  27]+0.012*[#  28]+0.012*[#  30]+0.012*[#  37]+0.012*[#  38]
          +0.012*[#  40]+0.002*[#   6]+0.002*[#   9]+0.002*[#  16]+0.002*[#  19]
          +0.002*[#  26]+0.002*[#  29]+0.002*[#  36]+0.002*[#  39]+0.002*[#   1]
          +0.002*[#  11]+0.002*[#  21]+0.002*[#  31]
    |psi|^2 = 0.993
==== e(  18) =    13.67232 eV ==== 
     psi = 0.184*[#   2]+0.075*[#  18]+0.075*[#  27]+0.075*[#  40]+0.061*[#  12]
          +0.061*[#  22]+0.061*[#  32]+0.042*[#   7]+0.042*[#   8]+0.042*[#  10]
          +0.033*[#  36]+0.026*[#  19]+0.026*[#  29]+0.018*[#  17]+0.018*[#  20]
          +0.018*[#  28]+0.018*[#  30]+0.018*[#  37]+0.018*[#  38]+0.017*[#   6]
          +0.017*[#   9]+0.014*[#  16]+0.014*[#  26]+0.007*[#  39]
    |psi|^2 = 0.982
==== e(  19) =    13.67232 eV ==== 
     psi = 0.122*[#  12]+0.122*[#  22]+0.122*[#  32]+0.058*[#  17]+0.058*[#  20]
          +0.058*[#  28]+0.058*[#  30]+0.058*[#  37]+0.058*[#  38]+0.035*[#   7]
          +0.035*[#   8]+0.035*[#  10]+0.031*[#  39]+0.025*[#  16]+0.025*[#  26]
          +0.021*[#   6]+0.021*[#   9]+0.012*[#  19]+0.012*[#  29]+0.006*[#  36]
          +0.001*[#  18]+0.001*[#  27]+0.001*[#  40]
    |psi|^2 = 0.982
==== e(  20) =    14.08086 eV ==== 
     psi = 0.072*[#   7]+0.072*[#   8]+0.072*[#  10]+0.072*[#  17]+0.072*[#  18]
          +0.072*[#  20]+0.072*[#  27]+0.072*[#  28]+0.072*[#  30]+0.072*[#  37]
          +0.072*[#  38]+0.072*[#  40]+0.030*[#   2]+0.030*[#  12]+0.030*[#  22]
          +0.030*[#  32]
    |psi|^2 = 0.987
==== e(  21) =    14.73273 eV ==== 
     psi = 0.115*[#   6]+0.115*[#   9]+0.115*[#  16]+0.115*[#  19]+0.115*[#  26]
          +0.115*[#  29]+0.115*[#  36]+0.115*[#  39]+0.003*[#   2]+0.003*[#  12]
          +0.003*[#  22]+0.003*[#  32]
    |psi|^2 = 0.942
==== e(  22) =    14.77410 eV ==== 
     psi = 0.084*[#  18]+0.084*[#  27]+0.084*[#  40]+0.060*[#  36]+0.050*[#  17]
          +0.050*[#  20]+0.050*[#  28]+0.050*[#  30]+0.050*[#  37]+0.050*[#  38]
          +0.048*[#  19]+0.048*[#  29]+0.043*[#   6]+0.043*[#   9]+0.026*[#   2]
          +0.023*[#  16]+0.023*[#  26]+0.017*[#   7]+0.017*[#   8]+0.017*[#  10]
          +0.011*[#  39]+0.009*[#  12]+0.009*[#  22]+0.009*[#  32]
    |psi|^2 = 0.955
==== e(  23) =    14.77411 eV ==== 
     psi = 0.084*[#   7]+0.084*[#   8]+0.084*[#  10]+0.064*[#  39]+0.051*[#  16]
          +0.051*[#  26]+0.050*[#  17]+0.050*[#  20]+0.050*[#  28]+0.050*[#  30]
          +0.050*[#  37]+0.050*[#  38]+0.032*[#   6]+0.032*[#   9]+0.027*[#  19]
          +0.027*[#  29]+0.017*[#  12]+0.017*[#  22]+0.017*[#  32]+0.017*[#  18]
          +0.017*[#  27]+0.017*[#  40]+0.014*[#  36]
    |psi|^2 = 0.955
==== e(  24) =    14.99104 eV ==== 
     psi = 0.077*[#   7]+0.077*[#   8]+0.077*[#  10]+0.077*[#  17]+0.077*[#  18]
          +0.077*[#  20]+0.077*[#  27]+0.077*[#  28]+0.077*[#  30]+0.077*[#  37]
          +0.077*[#  38]+0.077*[#  40]+0.013*[#   2]+0.013*[#  12]+0.013*[#  22]
          +0.013*[#  32]
    |psi|^2 = 0.981
==== e(  25) =    15.18259 eV ==== 
     psi = 0.089*[#  39]+0.082*[#  17]+0.082*[#  20]+0.082*[#  28]+0.082*[#  30]
          +0.082*[#  37]+0.082*[#  38]+0.073*[#  16]+0.073*[#  26]+0.040*[#  19]
          +0.040*[#  29]+0.024*[#  36]+0.024*[#   6]+0.024*[#   9]+0.017*[#   7]
          +0.017*[#   8]+0.017*[#  10]+0.014*[#  18]+0.014*[#  27]+0.014*[#  40]
          +0.007*[#  12]+0.007*[#  22]+0.007*[#  32]
    |psi|^2 = 0.993
==== e(  26) =    15.18259 eV ==== 
     psi = 0.083*[#  18]+0.083*[#  27]+0.083*[#  40]+0.081*[#   7]+0.081*[#   8]
          +0.081*[#  10]+0.073*[#   6]+0.073*[#   9]+0.072*[#  36]+0.056*[#  19]
          +0.056*[#  29]+0.024*[#  16]+0.024*[#  26]+0.015*[#  17]+0.015*[#  20]
          +0.015*[#  28]+0.015*[#  30]+0.015*[#  37]+0.015*[#  38]+0.011*[#   2]
          +0.008*[#  39]+0.004*[#  12]+0.004*[#  22]+0.004*[#  32]
    |psi|^2 = 0.993
==== e(  27) =    15.29250 eV ==== 
     psi = 0.078*[#   7]+0.078*[#   8]+0.078*[#  10]+0.078*[#  17]+0.078*[#  18]
          +0.078*[#  20]+0.078*[#  27]+0.078*[#  28]+0.078*[#  30]+0.078*[#  37]
          +0.078*[#  38]+0.078*[#  40]
    |psi|^2 = 0.935
==== e(  28) =    15.59933 eV ==== 
     psi = 0.060*[#   6]+0.060*[#   9]+0.060*[#  16]+0.060*[#  19]+0.060*[#  26]
          +0.060*[#  29]+0.060*[#  36]+0.060*[#  39]+0.042*[#   7]+0.042*[#   8]
          +0.042*[#  10]+0.042*[#  17]+0.042*[#  18]+0.042*[#  20]+0.042*[#  27]
          +0.042*[#  28]+0.042*[#  30]+0.042*[#  37]+0.042*[#  38]+0.042*[#  40]
          +0.003*[#   2]+0.003*[#  12]+0.003*[#  22]+0.003*[#  32]
    |psi|^2 = 0.994
==== e(  29) =    15.90647 eV ==== 
     psi = 0.054*[#   6]+0.054*[#   9]+0.054*[#  16]+0.054*[#  19]+0.054*[#  26]
          +0.054*[#  29]+0.054*[#  36]+0.054*[#  39]+0.047*[#   7]+0.047*[#   8]
          +0.047*[#  10]+0.047*[#  17]+0.047*[#  18]+0.047*[#  20]+0.047*[#  27]
          +0.047*[#  28]+0.047*[#  30]+0.047*[#  37]+0.047*[#  38]+0.047*[#  40]
          
    |psi|^2 = 0.999
==== e(  30) =    16.26593 eV ==== 
     psi = 0.132*[#  36]+0.107*[#  19]+0.107*[#  29]+0.058*[#  16]+0.058*[#  26]
          +0.056*[#   7]+0.056*[#   8]+0.056*[#  10]+0.047*[#   6]+0.047*[#   9]
          +0.034*[#  39]+0.032*[#  17]+0.032*[#  20]+0.032*[#  28]+0.032*[#  30]
          +0.032*[#  37]+0.032*[#  38]+0.011*[#  18]+0.011*[#  27]+0.011*[#  40]
          +0.005*[#   2]+0.002*[#  12]+0.002*[#  22]+0.002*[#  32]
    |psi|^2 = 0.995
==== e(  31) =    16.26593 eV ==== 
     psi = 0.114*[#  39]+0.101*[#   6]+0.101*[#   9]+0.090*[#  16]+0.090*[#  26]
          +0.054*[#  18]+0.054*[#  27]+0.054*[#  40]+0.040*[#  19]+0.040*[#  29]
          +0.034*[#  17]+0.034*[#  20]+0.034*[#  28]+0.034*[#  30]+0.034*[#  37]
          +0.034*[#  38]+0.016*[#  36]+0.010*[#   7]+0.010*[#   8]+0.010*[#  10]
          +0.003*[#  12]+0.003*[#  22]+0.003*[#  32]
    |psi|^2 = 0.995
==== e(  32) =    16.27838 eV ==== 
     psi = 0.095*[#  16]+0.095*[#   6]+0.095*[#   9]+0.095*[#  19]+0.095*[#  26]
          +0.095*[#  29]+0.095*[#  36]+0.095*[#  39]+0.020*[#   7]+0.020*[#   8]
          +0.020*[#  10]+0.020*[#  17]+0.020*[#  18]+0.020*[#  20]+0.020*[#  27]
          +0.020*[#  28]+0.020*[#  30]+0.020*[#  37]+0.020*[#  38]+0.020*[#  40]
          
    |psi|^2 = 0.998
==== e(  33) =    16.53708 eV ==== 
     psi = 0.071*[#   6]+0.071*[#   9]+0.071*[#  16]+0.071*[#  19]+0.071*[#  26]
          +0.071*[#  29]+0.071*[#  36]+0.071*[#  39]+0.036*[#   7]+0.036*[#   8]
          +0.036*[#  10]+0.036*[#  17]+0.036*[#  18]+0.036*[#  20]+0.036*[#  27]
          +0.036*[#  28]+0.036*[#  30]+0.036*[#  37]+0.036*[#  38]+0.036*[#  40]
          
    |psi|^2 = 0.999
==== e(  34) =    17.02459 eV ==== 
     psi = 0.086*[#  36]+0.083*[#   7]+0.083*[#   8]+0.083*[#  10]+0.070*[#  19]
          +0.070*[#  29]+0.048*[#  17]+0.048*[#  20]+0.048*[#  28]+0.048*[#  30]
          +0.048*[#  37]+0.048*[#  38]+0.038*[#  16]+0.038*[#  26]+0.030*[#   6]
          +0.030*[#   9]+0.023*[#  18]+0.023*[#  27]+0.023*[#  40]+0.022*[#  39]
          +0.003*[#   2]+0.001*[#  12]+0.001*[#  22]+0.001*[#  32]
    |psi|^2 = 0.995
==== e(  35) =    17.02459 eV ==== 
     psi = 0.078*[#  18]+0.078*[#  27]+0.078*[#  40]+0.074*[#  39]+0.066*[#   6]
          +0.066*[#   9]+0.058*[#  16]+0.058*[#  26]+0.053*[#  17]+0.053*[#  20]
          +0.053*[#  28]+0.053*[#  30]+0.053*[#  37]+0.053*[#  38]+0.026*[#  19]
          +0.026*[#  29]+0.018*[#   7]+0.018*[#   8]+0.018*[#  10]+0.010*[#  36]
          +0.002*[#  12]+0.002*[#  22]+0.002*[#  32]
    |psi|^2 = 0.995
==== e(  36) =    17.06812 eV ==== 
     psi = 0.064*[#   7]+0.064*[#   8]+0.064*[#  10]+0.064*[#  17]+0.064*[#  18]
          +0.064*[#  20]+0.064*[#  27]+0.064*[#  28]+0.064*[#  30]+0.064*[#  37]
          +0.064*[#  38]+0.064*[#  40]+0.030*[#   6]+0.030*[#   9]+0.030*[#  16]
          +0.030*[#  19]+0.030*[#  26]+0.030*[#  29]+0.030*[#  36]+0.030*[#  39]
          
    |psi|^2 = 1.000
==== e(  37) =    17.45332 eV ==== 
     psi = 0.061*[#   6]+0.061*[#   9]+0.061*[#  16]+0.061*[#  19]+0.061*[#  26]
          +0.061*[#  29]+0.061*[#  36]+0.061*[#  39]+0.034*[#   7]+0.034*[#   8]
          +0.034*[#  10]+0.034*[#  17]+0.034*[#  18]+0.034*[#  20]+0.034*[#  27]
          +0.034*[#  28]+0.034*[#  30]+0.034*[#  37]+0.034*[#  38]+0.034*[#  40]
          +0.023*[#   2]+0.023*[#  12]+0.023*[#  22]+0.023*[#  32]
    |psi|^2 = 0.995
==== e(  38) =    19.01384 eV ==== 
     psi = 0.210*[#   2]+0.070*[#  12]+0.070*[#  22]+0.070*[#  32]+0.052*[#   7]
          +0.052*[#   8]+0.052*[#  10]+0.051*[#  18]+0.051*[#  27]+0.051*[#  40]
          +0.039*[#   6]+0.039*[#   9]+0.032*[#  36]+0.025*[#  19]+0.025*[#  29]
          +0.010*[#  16]+0.010*[#  26]+0.002*[#  39]+0.001*[#   1]+0.001*[#  17]
          +0.001*[#  20]+0.001*[#  28]+0.001*[#  30]+0.001*[#  37]+0.001*[#  38]
          
    |psi|^2 = 0.920
==== e(  39) =    19.01385 eV ==== 
     psi = 0.140*[#  12]+0.140*[#  22]+0.140*[#  32]+0.052*[#  17]+0.052*[#  20]
          +0.052*[#  28]+0.052*[#  30]+0.052*[#  37]+0.052*[#  38]+0.043*[#  39]
          +0.035*[#  16]+0.035*[#  26]+0.020*[#  19]+0.020*[#  29]+0.013*[#  36]
          +0.006*[#   6]+0.006*[#   9]+0.002*[#  18]+0.002*[#  27]+0.002*[#  40]
          
    |psi|^2 = 0.920
==== e(  40) =    21.38593 eV ==== 
     psi = 0.081*[#   2]+0.081*[#  12]+0.081*[#  22]+0.081*[#  32]+0.010*[#   7]
          +0.010*[#   8]+0.010*[#  10]+0.010*[#  17]+0.010*[#  18]+0.010*[#  20]
          +0.010*[#  27]+0.010*[#  28]+0.010*[#  30]+0.010*[#  37]+0.010*[#  38]
          +0.010*[#  40]+0.007*[#   6]+0.007*[#   9]+0.007*[#  16]+0.007*[#  19]
          +0.007*[#  26]+0.007*[#  29]+0.007*[#  36]+0.007*[#  39]+0.001*[#   1]
          +0.001*[#  11]+0.001*[#  21]+0.001*[#  31]
    |psi|^2 = 0.503
==== e(  41) =    24.85174 eV ==== 
     psi = 0.101*[#   2]+0.101*[#  12]+0.101*[#  22]+0.101*[#  32]+0.006*[#   7]
          +0.006*[#   8]+0.006*[#  10]+0.006*[#  17]+0.006*[#  18]+0.006*[#  20]
          +0.006*[#  27]+0.006*[#  28]+0.006*[#  30]+0.006*[#  37]+0.006*[#  38]
          +0.006*[#  40]+0.001*[#   1]+0.001*[#  11]+0.001*[#  21]+0.001*[#  31]
          
    |psi|^2 = 0.490
==== e(  42) =    27.67278 eV ==== 
     psi = 0.028*[#  12]+0.028*[#  22]+0.028*[#  32]+0.004*[#   7]+0.004*[#   8]
          +0.004*[#  10]+0.003*[#  17]+0.003*[#  20]+0.003*[#  28]+0.003*[#  30]
          +0.003*[#  37]+0.003*[#  38]
    |psi|^2 = 0.116
==== e(  43) =    27.67279 eV ==== 
     psi = 0.042*[#   2]+0.014*[#  12]+0.014*[#  22]+0.014*[#  32]+0.005*[#  18]
          +0.005*[#  27]+0.005*[#  40]+0.002*[#  17]+0.002*[#  20]+0.002*[#  28]
          +0.002*[#  30]+0.002*[#  37]+0.002*[#  38]+0.001*[#   7]+0.001*[#   8]
          +0.001*[#  10]
    |psi|^2 = 0.116

 k =   0.1250000000  0.3750000000 -0.5000000000
==== e(   1) =   -85.72604 eV ==== 
     psi = 0.502*[#   1]+0.165*[#  11]+0.165*[#  21]+0.165*[#  31]
    |psi|^2 = 1.000
==== e(   2) =   -85.72602 eV ==== 
     psi = 0.333*[#  11]+0.333*[#  21]+0.333*[#  31]
    |psi|^2 = 1.000
==== e(   3) =   -85.71825 eV ==== 
     psi = 0.494*[#   1]+0.166*[#  11]+0.166*[#  21]+0.166*[#  31]+0.003*[#   2]
          
    |psi|^2 = 1.000
==== e(   4) =   -85.71823 eV ==== 
     psi = 0.331*[#  11]+0.331*[#  21]+0.331*[#  31]+0.002*[#  12]+0.002*[#  22]
          +0.002*[#  32]
    |psi|^2 = 1.000
==== e(   5) =   -46.17577 eV ==== 
     psi = 0.111*[#  13]+0.111*[#  15]+0.111*[#  23]+0.111*[#  24]+0.111*[#  34]
          +0.111*[#  35]+0.110*[#   3]+0.110*[#   4]+0.110*[#   5]
    |psi|^2 = 1.000
==== e(   6) =   -46.17576 eV ==== 
     psi = 0.166*[#  14]+0.166*[#  25]+0.166*[#  33]+0.056*[#   3]+0.056*[#   4]
          +0.056*[#   5]+0.055*[#  13]+0.055*[#  15]+0.055*[#  23]+0.055*[#  24]
          +0.055*[#  34]+0.055*[#  35]
    |psi|^2 = 1.000
==== e(   7) =   -46.15784 eV ==== 
     psi = 0.125*[#  13]+0.125*[#  15]+0.125*[#  23]+0.125*[#  24]+0.125*[#  34]
          +0.125*[#  35]+0.081*[#   3]+0.081*[#   4]+0.081*[#   5]+0.003*[#   2]
          
    |psi|^2 = 1.000
==== e(   8) =   -46.15784 eV ==== 
     psi = 0.166*[#  14]+0.166*[#  25]+0.166*[#  33]+0.084*[#   3]+0.084*[#   4]
          +0.084*[#   5]+0.041*[#  13]+0.041*[#  15]+0.041*[#  23]+0.041*[#  24]
          +0.041*[#  34]+0.041*[#  35]+0.002*[#  12]+0.002*[#  22]+0.002*[#  32]
          
    |psi|^2 = 1.000
==== e(   9) =   -46.09654 eV ==== 
     psi = 0.158*[#   3]+0.158*[#   4]+0.158*[#   5]+0.088*[#  13]+0.088*[#  15]
          +0.088*[#  23]+0.088*[#  24]+0.088*[#  34]+0.088*[#  35]
    |psi|^2 = 1.000
==== e(  10) =   -46.09653 eV ==== 
     psi = 0.166*[#  14]+0.166*[#  25]+0.166*[#  33]+0.079*[#  13]+0.079*[#  15]
          +0.079*[#  23]+0.079*[#  24]+0.079*[#  34]+0.079*[#  35]+0.009*[#   3]
          +0.009*[#   4]+0.009*[#   5]
    |psi|^2 = 1.000
==== e(  11) =   -46.06311 eV ==== 
     psi = 0.150*[#   3]+0.150*[#   4]+0.150*[#   5]+0.091*[#  13]+0.091*[#  15]
          +0.091*[#  23]+0.091*[#  24]+0.091*[#  34]+0.091*[#  35]
    |psi|^2 = 1.000
==== e(  12) =   -46.06310 eV ==== 
     psi = 0.167*[#  14]+0.167*[#  25]+0.167*[#  33]+0.075*[#  13]+0.075*[#  15]
          +0.075*[#  23]+0.075*[#  24]+0.075*[#  34]+0.075*[#  35]+0.016*[#   3]
          +0.016*[#   4]+0.016*[#   5]
    |psi|^2 = 1.000
==== e(  13) =   -46.04364 eV ==== 
     psi = 0.166*[#  14]+0.166*[#  25]+0.166*[#  33]+0.101*[#   3]+0.101*[#   4]
          +0.101*[#   5]+0.033*[#  13]+0.033*[#  15]+0.033*[#  23]+0.033*[#  24]
          +0.033*[#  34]+0.033*[#  35]
    |psi|^2 = 1.000
==== e(  14) =   -46.04364 eV ==== 
     psi = 0.134*[#  13]+0.134*[#  15]+0.134*[#  23]+0.134*[#  24]+0.134*[#  34]
          +0.134*[#  35]+0.065*[#   3]+0.065*[#   4]+0.065*[#   5]
    |psi|^2 = 1.000
==== e(  15) =   -46.02964 eV ==== 
     psi = 0.116*[#  13]+0.116*[#  15]+0.116*[#  23]+0.116*[#  24]+0.116*[#  34]
          +0.116*[#  35]+0.101*[#   3]+0.101*[#   4]+0.101*[#   5]
    |psi|^2 = 1.000
==== e(  16) =   -46.02964 eV ==== 
     psi = 0.167*[#  14]+0.167*[#  25]+0.167*[#  33]+0.065*[#   3]+0.065*[#   4]
          +0.065*[#   5]+0.051*[#  13]+0.051*[#  15]+0.051*[#  23]+0.051*[#  24]
          +0.051*[#  34]+0.051*[#  35]
    |psi|^2 = 1.000
==== e(  17) =    12.97982 eV ==== 
     psi = 0.211*[#  12]+0.211*[#  22]+0.211*[#  32]+0.041*[#   7]+0.041*[#   8]
          +0.041*[#  10]+0.030*[#  17]+0.030*[#  20]+0.030*[#  28]+0.030*[#  30]
          +0.030*[#  37]+0.030*[#  38]+0.011*[#  39]+0.010*[#  16]+0.010*[#  26]
          +0.007*[#  19]+0.007*[#  29]+0.006*[#  36]
    |psi|^2 = 0.988
==== e(  18) =    12.97984 eV ==== 
     psi = 0.316*[#   2]+0.105*[#  12]+0.105*[#  22]+0.105*[#  32]+0.050*[#  18]
          +0.050*[#  27]+0.050*[#  40]+0.020*[#  17]+0.020*[#  20]+0.020*[#  28]
          +0.020*[#  30]+0.020*[#  37]+0.020*[#  38]+0.012*[#   6]+0.012*[#   9]
          +0.009*[#   7]+0.009*[#   8]+0.009*[#  10]+0.007*[#  36]+0.005*[#  19]
          +0.005*[#  29]+0.003*[#  16]+0.003*[#  26]+0.001*[#  39]
    |psi|^2 = 0.988
==== e(  19) =    13.93401 eV ==== 
     psi = 0.105*[#   7]+0.105*[#   8]+0.105*[#  10]+0.074*[#  12]+0.074*[#  22]
          +0.074*[#  32]+0.069*[#  17]+0.069*[#  20]+0.069*[#  28]+0.069*[#  30]
          +0.069*[#  37]+0.069*[#  38]+0.007*[#  36]+0.006*[#  19]+0.006*[#  29]
          +0.004*[#  16]+0.004*[#  26]+0.002*[#  39]
    |psi|^2 = 0.982
==== e(  20) =    13.93402 eV ==== 
     psi = 0.122*[#  18]+0.122*[#  27]+0.122*[#  40]+0.111*[#   2]+0.052*[#  17]
          +0.052*[#  20]+0.052*[#  28]+0.052*[#  30]+0.052*[#  37]+0.052*[#  38]
          +0.037*[#  12]+0.037*[#  22]+0.037*[#  32]+0.017*[#   7]+0.017*[#   8]
          +0.017*[#  10]+0.007*[#   6]+0.007*[#   9]+0.005*[#  39]+0.003*[#  16]
          +0.003*[#  26]+0.001*[#  19]+0.001*[#  29]
    |psi|^2 = 0.982
==== e(  21) =    14.91915 eV ==== 
     psi = 0.208*[#  36]+0.175*[#  19]+0.175*[#  29]+0.110*[#  16]+0.110*[#  26]
          +0.078*[#  39]+0.012*[#   7]+0.012*[#   8]+0.012*[#  10]+0.007*[#  17]
          +0.007*[#  20]+0.007*[#  28]+0.007*[#  30]+0.007*[#  37]+0.007*[#  38]
          +0.006*[#  12]+0.006*[#  22]+0.006*[#  32]
    |psi|^2 = 0.954
==== e(  22) =    14.91916 eV ==== 
     psi = 0.214*[#   6]+0.214*[#   9]+0.136*[#  39]+0.104*[#  16]+0.104*[#  26]
          +0.039*[#  19]+0.039*[#  29]+0.013*[#  18]+0.013*[#  27]+0.013*[#  40]
          +0.009*[#   2]+0.006*[#  36]+0.006*[#  17]+0.006*[#  20]+0.006*[#  28]
          +0.006*[#  30]+0.006*[#  37]+0.006*[#  38]+0.003*[#  12]+0.003*[#  22]
          +0.003*[#  32]+0.001*[#   7]+0.001*[#   8]+0.001*[#  10]
    |psi|^2 = 0.954
==== e(  23) =    14.93530 eV ==== 
     psi = 0.122*[#  17]+0.122*[#  20]+0.122*[#  28]+0.122*[#  30]+0.122*[#  37]
          +0.122*[#  38]+0.036*[#   7]+0.036*[#   8]+0.036*[#  10]+0.025*[#  12]
          +0.025*[#  22]+0.025*[#  32]+0.011*[#  39]+0.010*[#  16]+0.010*[#  26]
          +0.007*[#  19]+0.007*[#  29]+0.006*[#  36]
    |psi|^2 = 0.968
==== e(  24) =    14.93531 eV ==== 
     psi = 0.140*[#  18]+0.140*[#  27]+0.140*[#  40]+0.104*[#   7]+0.104*[#   8]
          +0.104*[#  10]+0.037*[#   2]+0.018*[#  17]+0.018*[#  20]+0.018*[#  28]
          +0.018*[#  30]+0.018*[#  37]+0.018*[#  38]+0.012*[#   6]+0.012*[#   9]
          +0.012*[#  12]+0.012*[#  22]+0.012*[#  32]+0.007*[#  36]+0.005*[#  19]
          +0.005*[#  29]+0.003*[#  16]+0.003*[#  26]+0.002*[#  39]
    |psi|^2 = 0.968
==== e(  25) =    15.15594 eV ==== 
     psi = 0.127*[#   7]+0.127*[#   8]+0.127*[#  10]+0.089*[#  17]+0.089*[#  20]
          +0.089*[#  28]+0.089*[#  30]+0.089*[#  37]+0.089*[#  38]+0.010*[#  12]
          +0.010*[#  22]+0.010*[#  32]
    |psi|^2 = 0.951
==== e(  26) =    15.15595 eV ==== 
     psi = 0.153*[#  18]+0.153*[#  27]+0.153*[#  40]+0.064*[#  17]+0.064*[#  20]
          +0.064*[#  28]+0.064*[#  30]+0.064*[#  37]+0.064*[#  38]+0.026*[#   7]
          +0.026*[#   8]+0.026*[#  10]+0.015*[#   2]+0.005*[#  12]+0.005*[#  22]
          +0.005*[#  32]
    |psi|^2 = 0.951
==== e(  27) =    15.39234 eV ==== 
     psi = 0.148*[#   6]+0.148*[#   9]+0.067*[#  18]+0.067*[#  27]+0.067*[#  40]
          +0.066*[#  36]+0.058*[#  19]+0.058*[#  29]+0.041*[#  16]+0.041*[#  26]
          +0.033*[#  39]+0.029*[#  17]+0.029*[#  20]+0.029*[#  28]+0.029*[#  30]
          +0.029*[#  37]+0.029*[#  38]+0.008*[#   7]+0.008*[#   8]+0.008*[#  10]
          
    |psi|^2 = 0.993
==== e(  28) =    15.39234 eV ==== 
     psi = 0.115*[#  39]+0.107*[#  16]+0.107*[#  26]+0.090*[#  19]+0.090*[#  29]
          +0.082*[#  36]+0.059*[#   7]+0.059*[#   8]+0.059*[#  10]+0.037*[#  17]
          +0.037*[#  20]+0.037*[#  28]+0.037*[#  30]+0.037*[#  37]+0.037*[#  38]
          
    |psi|^2 = 0.993
==== e(  29) =    16.02673 eV ==== 
     psi = 0.134*[#   6]+0.134*[#   9]+0.076*[#  18]+0.076*[#  27]+0.076*[#  40]
          +0.055*[#  39]+0.050*[#  16]+0.050*[#  26]+0.039*[#  19]+0.039*[#  29]
          +0.034*[#  36]+0.028*[#  17]+0.028*[#  20]+0.028*[#  28]+0.028*[#  30]
          +0.028*[#  37]+0.028*[#  38]+0.020*[#   7]+0.020*[#   8]+0.020*[#  10]
          +0.003*[#   2]+0.001*[#  12]+0.001*[#  22]+0.001*[#  32]
    |psi|^2 = 0.998
==== e(  30) =    16.02673 eV ==== 
     psi = 0.099*[#  36]+0.094*[#  19]+0.094*[#  29]+0.084*[#  16]+0.084*[#  26]
          +0.079*[#  39]+0.056*[#   7]+0.056*[#   8]+0.056*[#  10]+0.048*[#  17]
          +0.048*[#  20]+0.048*[#  28]+0.048*[#  30]+0.048*[#  37]+0.048*[#  38]
          +0.002*[#  12]+0.002*[#  22]+0.002*[#  32]
    |psi|^2 = 0.998
==== e(  31) =    16.19078 eV ==== 
     psi = 0.182*[#   6]+0.182*[#   9]+0.116*[#  36]+0.088*[#  19]+0.088*[#  29]
          +0.044*[#  18]+0.044*[#  27]+0.044*[#  40]+0.033*[#  16]+0.033*[#  26]
          +0.032*[#   7]+0.032*[#   8]+0.032*[#  10]+0.006*[#  17]+0.006*[#  20]
          +0.006*[#  28]+0.006*[#  30]+0.006*[#  37]+0.006*[#  38]+0.005*[#  39]
          
    |psi|^2 = 0.996
==== e(  32) =    16.19078 eV ==== 
     psi = 0.177*[#  39]+0.149*[#  16]+0.149*[#  26]+0.094*[#  19]+0.094*[#  29]
          +0.066*[#  36]+0.038*[#  17]+0.038*[#  20]+0.038*[#  28]+0.038*[#  30]
          +0.038*[#  37]+0.038*[#  38]+0.012*[#   7]+0.012*[#   8]+0.012*[#  10]
          
    |psi|^2 = 0.996
==== e(  33) =    16.73233 eV ==== 
     psi = 0.109*[#   6]+0.109*[#   9]+0.092*[#  18]+0.092*[#  27]+0.092*[#  40]
          +0.039*[#  39]+0.038*[#  16]+0.038*[#  26]+0.035*[#  19]+0.035*[#  29]
          +0.034*[#  17]+0.034*[#  20]+0.034*[#  28]+0.034*[#  30]+0.034*[#  37]
          +0.034*[#  38]+0.033*[#  36]+0.023*[#   7]+0.023*[#   8]+0.023*[#  10]
          +0.005*[#   2]+0.002*[#  12]+0.002*[#  22]+0.002*[#  32]
    |psi|^2 = 0.997
==== e(  34) =    16.73234 eV ==== 
     psi = 0.076*[#  36]+0.074*[#  19]+0.074*[#  29]+0.071*[#  16]+0.071*[#  26]
          +0.069*[#  39]+0.069*[#   7]+0.069*[#   8]+0.069*[#  10]+0.057*[#  17]
          +0.057*[#  20]+0.057*[#  28]+0.057*[#  30]+0.057*[#  37]+0.057*[#  38]
          +0.004*[#  12]+0.004*[#  22]+0.004*[#  32]
    |psi|^2 = 0.997
==== e(  35) =    16.97482 eV ==== 
     psi = 0.123*[#  18]+0.123*[#  27]+0.123*[#  40]+0.088*[#   7]+0.088*[#   8]
          +0.088*[#  10]+0.065*[#   6]+0.065*[#   9]+0.042*[#  36]+0.032*[#  19]
          +0.032*[#  29]+0.018*[#  17]+0.018*[#  20]+0.018*[#  28]+0.018*[#  30]
          +0.018*[#  37]+0.018*[#  38]+0.012*[#  16]+0.012*[#  26]+0.002*[#  39]
          
    |psi|^2 = 0.998
==== e(  36) =    16.97482 eV ==== 
     psi = 0.105*[#  17]+0.105*[#  20]+0.105*[#  28]+0.105*[#  30]+0.105*[#  37]
          +0.105*[#  38]+0.063*[#  39]+0.053*[#  16]+0.053*[#  26]+0.035*[#   7]
          +0.035*[#   8]+0.035*[#  10]+0.034*[#  19]+0.034*[#  29]+0.024*[#  36]
          
    |psi|^2 = 0.998
==== e(  37) =    18.02206 eV ==== 
     psi = 0.074*[#  12]+0.074*[#  22]+0.074*[#  32]+0.070*[#   7]+0.070*[#   8]
          +0.070*[#  10]+0.064*[#  36]+0.060*[#  19]+0.060*[#  29]+0.052*[#  16]
          +0.052*[#  26]+0.047*[#  39]+0.035*[#  17]+0.035*[#  20]+0.035*[#  28]
          +0.035*[#  30]+0.035*[#  37]+0.035*[#  38]
    |psi|^2 = 0.980
==== e(  38) =    18.02206 eV ==== 
     psi = 0.111*[#   2]+0.084*[#   6]+0.084*[#   9]+0.070*[#  18]+0.070*[#  27]
          +0.070*[#  40]+0.037*[#  12]+0.037*[#  22]+0.037*[#  32]+0.036*[#  39]
          +0.035*[#  17]+0.035*[#  20]+0.035*[#  28]+0.035*[#  30]+0.035*[#  37]
          +0.035*[#  38]+0.032*[#  16]+0.032*[#  26]+0.024*[#  19]+0.024*[#  29]
          +0.019*[#  36]
    |psi|^2 = 0.980
==== e(  39) =    20.04644 eV ==== 
     psi = 0.153*[#  12]+0.153*[#  22]+0.153*[#  32]+0.035*[#   7]+0.035*[#   8]
          +0.035*[#  10]+0.026*[#  36]+0.023*[#  19]+0.023*[#  29]+0.018*[#  17]
          +0.018*[#  20]+0.018*[#  28]+0.018*[#  30]+0.018*[#  37]+0.018*[#  38]
          +0.015*[#  16]+0.015*[#  26]+0.011*[#  39]+0.001*[#  11]+0.001*[#  21]
          +0.001*[#  31]
    |psi|^2 = 0.791
==== e(  40) =    20.04646 eV ==== 
     psi = 0.230*[#   2]+0.077*[#  12]+0.077*[#  22]+0.077*[#  32]+0.036*[#  18]
          +0.036*[#  27]+0.036*[#  40]+0.028*[#   6]+0.028*[#   9]+0.018*[#  17]
          +0.018*[#  20]+0.018*[#  28]+0.018*[#  30]+0.018*[#  37]+0.018*[#  38]
          +0.017*[#  39]+0.013*[#  16]+0.013*[#  26]+0.005*[#  19]+0.005*[#  29]
          +0.002*[#   1]+0.002*[#  36]
    |psi|^2 = 0.791
==== e(  41) =    26.10418 eV ==== 
     psi = 0.066*[#  12]+0.066*[#  22]+0.066*[#  32]+0.006*[#   7]+0.006*[#   8]
          +0.006*[#  10]+0.006*[#  17]+0.006*[#  20]+0.006*[#  28]+0.006*[#  30]
          +0.006*[#  37]+0.006*[#  38]
    |psi|^2 = 0.252
==== e(  42) =    26.10420 eV ==== 
     psi = 0.099*[#   2]+0.033*[#  12]+0.033*[#  22]+0.033*[#  32]+0.008*[#  18]
          +0.008*[#  27]+0.008*[#  40]+0.003*[#   7]+0.003*[#   8]+0.003*[#  10]
          +0.003*[#  17]+0.003*[#  20]+0.003*[#  28]+0.003*[#  30]+0.003*[#  37]
          +0.003*[#  38]
    |psi|^2 = 0.252
==== e(  43) =    29.02054 eV ==== 
     psi = 0.011*[#  12]+0.011*[#  22]+0.011*[#  32]+0.003*[#  17]+0.003*[#  20]
          +0.003*[#  28]+0.003*[#  30]+0.003*[#  37]+0.003*[#  38]+0.002*[#   7]
          +0.002*[#   8]+0.002*[#  10]+0.002*[#   2]
    |psi|^2 = 0.058

 k =   0.1250000000 -0.5000000000 -0.5000000000
==== e(   1) =   -85.72215 eV ==== 
     psi = 0.998*[#   1]
    |psi|^2 = 1.000
==== e(   2) =   -85.72211 eV ==== 
     psi = 0.333*[#  11]+0.333*[#  21]+0.333*[#  31]
    |psi|^2 = 1.000
==== e(   3) =   -85.72211 eV ==== 
     psi = 0.333*[#  11]+0.333*[#  21]+0.333*[#  31]
    |psi|^2 = 1.000
==== e(   4) =   -85.72211 eV ==== 
     psi = 0.333*[#  11]+0.333*[#  21]+0.333*[#  31]
    |psi|^2 = 1.000
==== e(   5) =   -46.17062 eV ==== 
     psi = 0.140*[#   3]+0.140*[#   4]+0.140*[#   5]+0.096*[#  13]+0.096*[#  15]
          +0.096*[#  23]+0.096*[#  24]+0.096*[#  34]+0.096*[#  35]+0.001*[#  12]
          +0.001*[#  22]+0.001*[#  32]
    |psi|^2 = 1.000
==== e(   6) =   -46.17062 eV ==== 
     psi = 0.140*[#   3]+0.140*[#   4]+0.140*[#   5]+0.096*[#  13]+0.096*[#  15]
          +0.096*[#  23]+0.096*[#  24]+0.096*[#  34]+0.096*[#  35]+0.001*[#  12]
          +0.001*[#  22]+0.001*[#  32]
    |psi|^2 = 1.000
==== e(   7) =   -46.17061 eV ==== 
     psi = 0.140*[#  13]+0.140*[#  15]+0.140*[#  23]+0.140*[#  24]+0.140*[#  34]
          +0.140*[#  35]+0.053*[#   3]+0.053*[#   4]+0.053*[#   5]+0.004*[#   2]
          
    |psi|^2 = 1.000
==== e(   8) =   -46.17061 eV ==== 
     psi = 0.332*[#  14]+0.332*[#  25]+0.332*[#  33]+0.001*[#  12]+0.001*[#  22]
          +0.001*[#  32]
    |psi|^2 = 1.000
==== e(   9) =   -46.07927 eV ==== 
     psi = 0.281*[#   3]+0.281*[#   4]+0.281*[#   5]+0.026*[#  13]+0.026*[#  15]
          +0.026*[#  23]+0.026*[#  24]+0.026*[#  34]+0.026*[#  35]
    |psi|^2 = 1.000
==== e(  10) =   -46.07925 eV ==== 
     psi = 0.153*[#  13]+0.153*[#  15]+0.153*[#  23]+0.153*[#  24]+0.153*[#  34]
          +0.153*[#  35]+0.026*[#   3]+0.026*[#   4]+0.026*[#   5]
    |psi|^2 = 1.000
==== e(  11) =   -46.07925 eV ==== 
     psi = 0.153*[#  13]+0.153*[#  15]+0.153*[#  23]+0.153*[#  24]+0.153*[#  34]
          +0.153*[#  35]+0.026*[#   3]+0.026*[#   4]+0.026*[#   5]
    |psi|^2 = 1.000
==== e(  12) =   -46.07924 eV ==== 
     psi = 0.333*[#  14]+0.333*[#  25]+0.333*[#  33]
    |psi|^2 = 1.000
==== e(  13) =   -46.03345 eV ==== 
     psi = 0.167*[#   3]+0.167*[#   4]+0.167*[#   5]+0.083*[#  13]+0.083*[#  15]
          +0.083*[#  23]+0.083*[#  24]+0.083*[#  34]+0.083*[#  35]
    |psi|^2 = 1.000
==== e(  14) =   -46.03345 eV ==== 
     psi = 0.167*[#   3]+0.167*[#   4]+0.167*[#   5]+0.083*[#  13]+0.083*[#  15]
          +0.083*[#  23]+0.083*[#  24]+0.083*[#  34]+0.083*[#  35]
    |psi|^2 = 1.000
==== e(  15) =   -46.03343 eV ==== 
     psi = 0.167*[#  13]+0.167*[#  15]+0.167*[#  23]+0.167*[#  24]+0.167*[#  34]
          +0.167*[#  35]
    |psi|^2 = 1.000
==== e(  16) =   -46.03343 eV ==== 
     psi = 0.333*[#  14]+0.333*[#  25]+0.333*[#  33]
    |psi|^2 = 1.000
==== e(  17) =    13.51039 eV ==== 
     psi = 0.138*[#  12]+0.138*[#  22]+0.138*[#  32]+0.117*[#   7]+0.117*[#   8]
          +0.117*[#  10]+0.031*[#  17]+0.031*[#  20]+0.031*[#  28]+0.031*[#  30]
          +0.031*[#  37]+0.031*[#  38]+0.009*[#  36]+0.007*[#  19]+0.007*[#  29]
          +0.002*[#  16]+0.002*[#  26]
    |psi|^2 = 0.984
==== e(  18) =    13.51041 eV ==== 
     psi = 0.138*[#  12]+0.138*[#  22]+0.138*[#  32]+0.074*[#  17]+0.074*[#  20]
          +0.074*[#  28]+0.074*[#  30]+0.074*[#  37]+0.074*[#  38]+0.031*[#   7]
          +0.031*[#   8]+0.031*[#  10]+0.007*[#  39]+0.006*[#  16]+0.006*[#  26]
          +0.003*[#  19]+0.003*[#  29]+0.002*[#  36]
    |psi|^2 = 0.984
==== e(  19) =    13.51041 eV ==== 
     psi = 0.138*[#  12]+0.138*[#  22]+0.138*[#  32]+0.074*[#  17]+0.074*[#  20]
          +0.074*[#  28]+0.074*[#  30]+0.074*[#  37]+0.074*[#  38]+0.031*[#   7]
          +0.031*[#   8]+0.031*[#  10]+0.007*[#  39]+0.006*[#  16]+0.006*[#  26]
          +0.003*[#  19]+0.003*[#  29]+0.002*[#  36]
    |psi|^2 = 0.984
==== e(  20) =    13.51043 eV ==== 
     psi = 0.414*[#   2]+0.180*[#  18]+0.180*[#  27]+0.180*[#  40]+0.014*[#   6]
          +0.014*[#   9]
    |psi|^2 = 0.984
==== e(  21) =    15.10267 eV ==== 
     psi = 0.121*[#  17]+0.121*[#  20]+0.121*[#  28]+0.121*[#  30]+0.121*[#  37]
          +0.121*[#  38]+0.030*[#  12]+0.030*[#  22]+0.030*[#  32]+0.030*[#  36]
          +0.023*[#  19]+0.023*[#  29]+0.010*[#   7]+0.010*[#   8]+0.010*[#  10]
          +0.008*[#  16]+0.008*[#  26]
    |psi|^2 = 0.941
==== e(  22) =    15.10268 eV ==== 
     psi = 0.121*[#   7]+0.121*[#   8]+0.121*[#  10]+0.066*[#  17]+0.066*[#  20]
          +0.066*[#  28]+0.066*[#  30]+0.066*[#  37]+0.066*[#  38]+0.030*[#  12]
          +0.030*[#  22]+0.030*[#  32]+0.023*[#  39]+0.019*[#  16]+0.019*[#  26]
          +0.011*[#  19]+0.011*[#  29]+0.008*[#  36]
    |psi|^2 = 0.941
==== e(  23) =    15.10268 eV ==== 
     psi = 0.121*[#   7]+0.121*[#   8]+0.121*[#  10]+0.066*[#  17]+0.066*[#  20]
          +0.066*[#  28]+0.066*[#  30]+0.066*[#  37]+0.066*[#  38]+0.030*[#  12]
          +0.030*[#  22]+0.030*[#  32]+0.023*[#  39]+0.019*[#  16]+0.019*[#  26]
          +0.011*[#  19]+0.011*[#  29]+0.008*[#  36]
    |psi|^2 = 0.941
==== e(  24) =    15.10269 eV ==== 
     psi = 0.252*[#  18]+0.252*[#  27]+0.252*[#  40]+0.091*[#   2]+0.046*[#   6]
          +0.046*[#   9]
    |psi|^2 = 0.941
==== e(  25) =    15.22756 eV ==== 
     psi = 0.220*[#  36]+0.165*[#  19]+0.165*[#  29]+0.088*[#   7]+0.088*[#   8]
          +0.088*[#  10]+0.055*[#  16]+0.055*[#  26]+0.009*[#  17]+0.009*[#  20]
          +0.009*[#  28]+0.009*[#  30]+0.009*[#  37]+0.009*[#  38]+0.003*[#  12]
          +0.003*[#  22]+0.003*[#  32]
    |psi|^2 = 0.987
==== e(  26) =    15.22756 eV ==== 
     psi = 0.330*[#   6]+0.330*[#   9]+0.107*[#  18]+0.107*[#  27]+0.107*[#  40]
          +0.008*[#   2]
    |psi|^2 = 0.987
==== e(  27) =    15.22756 eV ==== 
     psi = 0.165*[#  39]+0.137*[#  16]+0.137*[#  26]+0.082*[#  19]+0.082*[#  29]
          +0.055*[#  36]+0.049*[#  17]+0.049*[#  20]+0.049*[#  28]+0.049*[#  30]
          +0.049*[#  37]+0.049*[#  38]+0.009*[#   7]+0.009*[#   8]+0.009*[#  10]
          +0.003*[#  12]+0.003*[#  22]+0.003*[#  32]
    |psi|^2 = 0.987
==== e(  28) =    15.22756 eV ==== 
     psi = 0.165*[#  39]+0.137*[#  16]+0.137*[#  26]+0.082*[#  19]+0.082*[#  29]
          +0.055*[#  36]+0.049*[#  17]+0.049*[#  20]+0.049*[#  28]+0.049*[#  30]
          +0.049*[#  37]+0.049*[#  38]+0.009*[#   7]+0.009*[#   8]+0.009*[#  10]
          +0.003*[#  12]+0.003*[#  22]+0.003*[#  32]
    |psi|^2 = 0.987
==== e(  29) =    16.02586 eV ==== 
     psi = 0.344*[#   6]+0.344*[#   9]+0.104*[#  18]+0.104*[#  27]+0.104*[#  40]
          
    |psi|^2 = 0.998
==== e(  30) =    16.02587 eV ==== 
     psi = 0.172*[#  36]+0.143*[#  19]+0.143*[#  29]+0.086*[#  16]+0.086*[#  26]
          +0.057*[#  39]+0.052*[#   7]+0.052*[#   8]+0.052*[#  10]+0.026*[#  17]
          +0.026*[#  20]+0.026*[#  28]+0.026*[#  30]+0.026*[#  37]+0.026*[#  38]
          
    |psi|^2 = 0.998
==== e(  31) =    16.02587 eV ==== 
     psi = 0.172*[#  36]+0.143*[#  19]+0.143*[#  29]+0.086*[#  16]+0.086*[#  26]
          +0.057*[#  39]+0.052*[#   7]+0.052*[#   8]+0.052*[#  10]+0.026*[#  17]
          +0.026*[#  20]+0.026*[#  28]+0.026*[#  30]+0.026*[#  37]+0.026*[#  38]
          
    |psi|^2 = 0.998
==== e(  32) =    16.02587 eV ==== 
     psi = 0.229*[#  39]+0.172*[#  16]+0.172*[#  26]+0.057*[#  19]+0.057*[#  29]
          +0.052*[#  17]+0.052*[#  20]+0.052*[#  28]+0.052*[#  30]+0.052*[#  37]
          +0.052*[#  38]
    |psi|^2 = 0.998
==== e(  33) =    16.77413 eV ==== 
     psi = 0.230*[#  18]+0.230*[#  27]+0.230*[#  40]+0.155*[#   6]+0.155*[#   9]
          
    |psi|^2 = 0.999
==== e(  34) =    16.77413 eV ==== 
     psi = 0.115*[#   7]+0.115*[#   8]+0.115*[#  10]+0.078*[#  36]+0.065*[#  19]
          +0.065*[#  29]+0.057*[#  17]+0.057*[#  20]+0.057*[#  28]+0.057*[#  30]
          +0.057*[#  37]+0.057*[#  38]+0.039*[#  16]+0.039*[#  26]+0.026*[#  39]
          
    |psi|^2 = 0.999
==== e(  35) =    16.77413 eV ==== 
     psi = 0.115*[#   7]+0.115*[#   8]+0.115*[#  10]+0.078*[#  36]+0.065*[#  19]
          +0.065*[#  29]+0.057*[#  17]+0.057*[#  20]+0.057*[#  28]+0.057*[#  30]
          +0.057*[#  37]+0.057*[#  38]+0.039*[#  16]+0.039*[#  26]+0.026*[#  39]
          
    |psi|^2 = 0.999
==== e(  36) =    16.77414 eV ==== 
     psi = 0.115*[#  17]+0.115*[#  20]+0.115*[#  28]+0.115*[#  30]+0.115*[#  37]
          +0.115*[#  38]+0.104*[#  39]+0.078*[#  16]+0.078*[#  26]+0.026*[#  19]
          +0.026*[#  29]
    |psi|^2 = 0.999
==== e(  37) =    18.82541 eV ==== 
     psi = 0.124*[#  12]+0.124*[#  22]+0.124*[#  32]+0.114*[#   7]+0.114*[#   8]
          +0.114*[#  10]+0.073*[#  36]+0.054*[#  19]+0.054*[#  29]+0.018*[#  16]
          +0.018*[#  26]
    |psi|^2 = 0.933
==== e(  38) =    18.82544 eV ==== 
     psi = 0.371*[#   2]+0.114*[#  18]+0.114*[#  27]+0.114*[#  40]+0.109*[#   6]
          +0.109*[#   9]+0.002*[#   1]
    |psi|^2 = 0.933
==== e(  39) =    18.82544 eV ==== 
     psi = 0.124*[#  12]+0.124*[#  22]+0.124*[#  32]+0.057*[#  17]+0.057*[#  20]
          +0.057*[#  28]+0.057*[#  30]+0.057*[#  37]+0.057*[#  38]+0.054*[#  39]
          +0.045*[#  16]+0.045*[#  26]+0.027*[#  19]+0.027*[#  29]+0.018*[#  36]
          
    |psi|^2 = 0.933
==== e(  40) =    18.82544 eV ==== 
     psi = 0.124*[#  12]+0.124*[#  22]+0.124*[#  32]+0.057*[#  17]+0.057*[#  20]
          +0.057*[#  28]+0.057*[#  30]+0.057*[#  37]+0.057*[#  38]+0.054*[#  39]
          +0.045*[#  16]+0.045*[#  26]+0.027*[#  19]+0.027*[#  29]+0.018*[#  36]
          
    |psi|^2 = 0.933
==== e(  41) =    27.41809 eV ==== 
     psi = 0.029*[#  12]+0.029*[#  22]+0.029*[#  32]+0.004*[#   7]+0.004*[#   8]
          +0.004*[#  10]+0.004*[#  17]+0.004*[#  20]+0.004*[#  28]+0.004*[#  30]
          +0.004*[#  37]+0.004*[#  38]
    |psi|^2 = 0.125
==== e(  42) =    27.41810 eV ==== 
     psi = 0.029*[#  12]+0.029*[#  22]+0.029*[#  32]+0.004*[#   7]+0.004*[#   8]
          +0.004*[#  10]+0.004*[#  17]+0.004*[#  20]+0.004*[#  28]+0.004*[#  30]
          +0.004*[#  37]+0.004*[#  38]
    |psi|^2 = 0.125
==== e(  43) =    27.41813 eV ==== 
     psi = 0.087*[#   2]+0.012*[#  18]+0.012*[#  27]+0.012*[#  40]
    |psi|^2 = 0.125

 k =   0.2500000000  0.2500000000  0.2500000000
==== e(   1) =   -85.73873 eV ==== 
     psi = 0.245*[#   1]+0.245*[#  11]+0.245*[#  21]+0.245*[#  31]+0.005*[#   2]
          +0.005*[#  12]+0.005*[#  22]+0.005*[#  32]
    |psi|^2 = 1.000
==== e(   2) =   -85.71665 eV ==== 
     psi = 0.743*[#   1]+0.083*[#  11]+0.083*[#  21]+0.083*[#  31]+0.005*[#   2]
          
    |psi|^2 = 1.000
==== e(   3) =   -85.71662 eV ==== 
     psi = 0.330*[#  11]+0.330*[#  21]+0.330*[#  31]+0.002*[#  12]+0.002*[#  22]
          +0.002*[#  32]
    |psi|^2 = 1.000
==== e(   4) =   -85.71662 eV ==== 
     psi = 0.330*[#  11]+0.330*[#  21]+0.330*[#  31]+0.002*[#  12]+0.002*[#  22]
          +0.002*[#  32]
    |psi|^2 = 1.000
==== e(   5) =   -46.18131 eV ==== 
     psi = 0.125*[#   3]+0.125*[#   4]+0.125*[#   5]+0.097*[#  13]+0.097*[#  15]
          +0.097*[#  23]+0.097*[#  24]+0.097*[#  34]+0.097*[#  35]+0.014*[#  14]
          +0.014*[#  25]+0.014*[#  33]
    |psi|^2 = 1.000
==== e(   6) =   -46.18131 eV ==== 
     psi = 0.125*[#   3]+0.125*[#   4]+0.125*[#   5]+0.097*[#  13]+0.097*[#  15]
          +0.097*[#  23]+0.097*[#  24]+0.097*[#  34]+0.097*[#  35]+0.014*[#  14]
          +0.014*[#  25]+0.014*[#  33]
    |psi|^2 = 1.000
==== e(   7) =   -46.18130 eV ==== 
     psi = 0.222*[#  14]+0.222*[#  25]+0.222*[#  33]+0.055*[#  13]+0.055*[#  15]
          +0.055*[#  23]+0.055*[#  24]+0.055*[#  34]+0.055*[#  35]+0.001*[#   2]
          
    |psi|^2 = 1.000
==== e(   8) =   -46.10996 eV ==== 
     psi = 0.083*[#   3]+0.083*[#   4]+0.083*[#   5]+0.083*[#  13]+0.083*[#  14]
          +0.083*[#  15]+0.083*[#  23]+0.083*[#  24]+0.083*[#  25]+0.083*[#  33]
          +0.083*[#  34]+0.083*[#  35]+0.002*[#   2]+0.002*[#  12]+0.002*[#  22]
          +0.002*[#  32]
    |psi|^2 = 1.000
==== e(   9) =   -46.08891 eV ==== 
     psi = 0.250*[#   3]+0.250*[#   4]+0.250*[#   5]+0.028*[#  13]+0.028*[#  14]
          +0.028*[#  15]+0.028*[#  23]+0.028*[#  24]+0.028*[#  25]+0.028*[#  33]
          +0.028*[#  34]+0.028*[#  35]
    |psi|^2 = 1.000
==== e(  10) =   -46.08888 eV ==== 
     psi = 0.111*[#  13]+0.111*[#  14]+0.111*[#  15]+0.111*[#  23]+0.111*[#  24]
          +0.111*[#  25]+0.111*[#  33]+0.111*[#  34]+0.111*[#  35]
    |psi|^2 = 1.000
==== e(  11) =   -46.08888 eV ==== 
     psi = 0.111*[#  13]+0.111*[#  14]+0.111*[#  15]+0.111*[#  23]+0.111*[#  24]
          +0.111*[#  25]+0.111*[#  33]+0.111*[#  34]+0.111*[#  35]
    |psi|^2 = 1.000
==== e(  12) =   -46.05793 eV ==== 
     psi = 0.125*[#   3]+0.125*[#   4]+0.125*[#   5]+0.125*[#  14]+0.125*[#  25]
          +0.125*[#  33]+0.042*[#  13]+0.042*[#  15]+0.042*[#  23]+0.042*[#  24]
          +0.042*[#  34]+0.042*[#  35]
    |psi|^2 = 1.000
==== e(  13) =   -46.05793 eV ==== 
     psi = 0.125*[#   3]+0.125*[#   4]+0.125*[#   5]+0.125*[#  14]+0.125*[#  25]
          +0.125*[#  33]+0.042*[#  13]+0.042*[#  15]+0.042*[#  23]+0.042*[#  24]
          +0.042*[#  34]+0.042*[#  35]
    |psi|^2 = 1.000
==== e(  14) =   -46.05792 eV ==== 
     psi = 0.167*[#  13]+0.167*[#  15]+0.167*[#  23]+0.167*[#  24]+0.167*[#  34]
          +0.167*[#  35]
    |psi|^2 = 1.000
==== e(  15) =   -46.01808 eV ==== 
     psi = 0.083*[#  14]+0.083*[#  23]+0.083*[#  24]+0.083*[#  25]+0.083*[#  33]
          +0.083*[#   3]+0.083*[#  15]+0.083*[#  13]+0.083*[#   5]+0.083*[#   4]
          +0.083*[#  34]+0.083*[#  35]
    |psi|^2 = 1.000
==== e(  16) =   -46.01808 eV ==== 
     psi = 0.083*[#  14]+0.083*[#  23]+0.083*[#  24]+0.083*[#  25]+0.083*[#  33]
          +0.083*[#   3]+0.083*[#  15]+0.083*[#  13]+0.083*[#   5]+0.083*[#   4]
          +0.083*[#  34]+0.083*[#  35]
    |psi|^2 = 1.000
==== e(  17) =    11.06472 eV ==== 
     psi = 0.227*[#   2]+0.227*[#  12]+0.227*[#  22]+0.227*[#  32]+0.005*[#   7]
          +0.005*[#   8]+0.005*[#  10]+0.005*[#  17]+0.005*[#  18]+0.005*[#  20]
          +0.005*[#  27]+0.005*[#  28]+0.005*[#  30]+0.005*[#  37]+0.005*[#  38]
          +0.005*[#  40]+0.005*[#   1]+0.005*[#  11]+0.005*[#  21]+0.005*[#  31]
          
    |psi|^2 = 0.997
==== e(  18) =    13.81176 eV ==== 
     psi = 0.115*[#   2]+0.109*[#  18]+0.109*[#  27]+0.109*[#  40]+0.106*[#  36]
          +0.080*[#  19]+0.080*[#  29]+0.031*[#  17]+0.031*[#  20]+0.031*[#  28]
          +0.031*[#  30]+0.031*[#  37]+0.031*[#  38]+0.027*[#  16]+0.027*[#  26]
          +0.013*[#  12]+0.013*[#  22]+0.013*[#  32]
    |psi|^2 = 0.989
==== e(  19) =    13.81176 eV ==== 
     psi = 0.064*[#   7]+0.064*[#   8]+0.064*[#  10]+0.060*[#   6]+0.060*[#   9]
          +0.060*[#  39]+0.051*[#  12]+0.051*[#  22]+0.051*[#  32]+0.049*[#  17]
          +0.049*[#  20]+0.049*[#  28]+0.049*[#  30]+0.049*[#  37]+0.049*[#  38]
          +0.047*[#  16]+0.047*[#  26]+0.020*[#  19]+0.020*[#  29]+0.010*[#  18]
          +0.010*[#  27]+0.010*[#  40]+0.007*[#  36]
    |psi|^2 = 0.989
==== e(  20) =    13.81176 eV ==== 
     psi = 0.064*[#   7]+0.064*[#   8]+0.064*[#  10]+0.060*[#   6]+0.060*[#   9]
          +0.060*[#  39]+0.051*[#  12]+0.051*[#  22]+0.051*[#  32]+0.049*[#  17]
          +0.049*[#  20]+0.049*[#  28]+0.049*[#  30]+0.049*[#  37]+0.049*[#  38]
          +0.047*[#  16]+0.047*[#  26]+0.020*[#  19]+0.020*[#  29]+0.010*[#  18]
          +0.010*[#  27]+0.010*[#  40]+0.007*[#  36]
    |psi|^2 = 0.989
==== e(  21) =    14.46708 eV ==== 
     psi = 0.163*[#  36]+0.122*[#  19]+0.122*[#  29]+0.064*[#  18]+0.064*[#  27]
          +0.064*[#  40]+0.041*[#  16]+0.041*[#  26]+0.035*[#  17]+0.035*[#  20]
          +0.035*[#  28]+0.035*[#  30]+0.035*[#  37]+0.035*[#  38]+0.015*[#   7]
          +0.015*[#   8]+0.015*[#  10]+0.011*[#   2]+0.001*[#  12]+0.001*[#  22]
          +0.001*[#  32]
    |psi|^2 = 0.950
==== e(  22) =    14.46709 eV ==== 
     psi = 0.092*[#   6]+0.092*[#   9]+0.092*[#  39]+0.071*[#  16]+0.071*[#  26]
          +0.048*[#   7]+0.048*[#   8]+0.048*[#  10]+0.038*[#  17]+0.038*[#  20]
          +0.038*[#  28]+0.038*[#  30]+0.038*[#  37]+0.038*[#  38]+0.031*[#  19]
          +0.031*[#  29]+0.024*[#  18]+0.024*[#  27]+0.024*[#  40]+0.010*[#  36]
          +0.005*[#  12]+0.005*[#  22]+0.005*[#  32]
    |psi|^2 = 0.950
==== e(  23) =    14.46709 eV ==== 
     psi = 0.092*[#   6]+0.092*[#   9]+0.092*[#  39]+0.071*[#  16]+0.071*[#  26]
          +0.048*[#   7]+0.048*[#   8]+0.048*[#  10]+0.038*[#  17]+0.038*[#  20]
          +0.038*[#  28]+0.038*[#  30]+0.038*[#  37]+0.038*[#  38]+0.031*[#  19]
          +0.031*[#  29]+0.024*[#  18]+0.024*[#  27]+0.024*[#  40]+0.010*[#  36]
          +0.005*[#  12]+0.005*[#  22]+0.005*[#  32]
    |psi|^2 = 0.950
==== e(  24) =    15.16333 eV ==== 
     psi = 0.077*[#   7]+0.077*[#   8]+0.077*[#  10]+0.077*[#  17]+0.077*[#  18]
          +0.077*[#  20]+0.077*[#  27]+0.077*[#  28]+0.077*[#  30]+0.077*[#  37]
          +0.077*[#  38]+0.077*[#  40]+0.015*[#   2]+0.015*[#  12]+0.015*[#  22]
          +0.015*[#  32]
    |psi|^2 = 0.985
==== e(  25) =    15.53136 eV ==== 
     psi = 0.197*[#   7]+0.197*[#   8]+0.197*[#  10]+0.062*[#   2]+0.040*[#  18]
          +0.040*[#  27]+0.040*[#  40]+0.028*[#  36]+0.021*[#  19]+0.021*[#  29]
          +0.015*[#  17]+0.015*[#  20]+0.015*[#  28]+0.015*[#  30]+0.015*[#  37]
          +0.015*[#  38]+0.007*[#  16]+0.007*[#  26]+0.007*[#  12]+0.007*[#  22]
          +0.007*[#  32]
    |psi|^2 = 0.971
==== e(  26) =    15.53136 eV ==== 
     psi = 0.093*[#  17]+0.093*[#  20]+0.093*[#  28]+0.093*[#  30]+0.093*[#  37]
          +0.093*[#  38]+0.080*[#  18]+0.080*[#  27]+0.080*[#  40]+0.028*[#  12]
          +0.028*[#  22]+0.028*[#  32]+0.016*[#   6]+0.016*[#   9]+0.016*[#  39]
          +0.012*[#  16]+0.012*[#  26]+0.005*[#  19]+0.005*[#  29]+0.002*[#  36]
          +0.002*[#   7]+0.002*[#   8]+0.002*[#  10]
    |psi|^2 = 0.971
==== e(  27) =    15.53136 eV ==== 
     psi = 0.093*[#  17]+0.093*[#  20]+0.093*[#  28]+0.093*[#  30]+0.093*[#  37]
          +0.093*[#  38]+0.080*[#  18]+0.080*[#  27]+0.080*[#  40]+0.028*[#  12]
          +0.028*[#  22]+0.028*[#  32]+0.016*[#   6]+0.016*[#   9]+0.016*[#  39]
          +0.012*[#  16]+0.012*[#  26]+0.005*[#  19]+0.005*[#  29]+0.002*[#  36]
          +0.002*[#   7]+0.002*[#   8]+0.002*[#  10]
    |psi|^2 = 0.971
==== e(  28) =    15.72277 eV ==== 
     psi = 0.062*[#   7]+0.062*[#   8]+0.062*[#  10]+0.062*[#  17]+0.062*[#  18]
          +0.062*[#  20]+0.062*[#  27]+0.062*[#  28]+0.062*[#  30]+0.062*[#  37]
          +0.062*[#  38]+0.062*[#  40]+0.031*[#   6]+0.031*[#   9]+0.031*[#  16]
          +0.031*[#  19]+0.031*[#  26]+0.031*[#  29]+0.031*[#  36]+0.031*[#  39]
          
    |psi|^2 = 0.999
==== e(  29) =    15.72277 eV ==== 
     psi = 0.062*[#   7]+0.062*[#   8]+0.062*[#  10]+0.062*[#  17]+0.062*[#  18]
          +0.062*[#  20]+0.062*[#  27]+0.062*[#  28]+0.062*[#  30]+0.062*[#  37]
          +0.062*[#  38]+0.062*[#  40]+0.031*[#   6]+0.031*[#   9]+0.031*[#  16]
          +0.031*[#  19]+0.031*[#  26]+0.031*[#  29]+0.031*[#  36]+0.031*[#  39]
          
    |psi|^2 = 0.999
==== e(  30) =    16.38222 eV ==== 
     psi = 0.109*[#   6]+0.109*[#   9]+0.109*[#  36]+0.085*[#  19]+0.085*[#  29]
          +0.052*[#   7]+0.052*[#   8]+0.052*[#  10]+0.052*[#  18]+0.052*[#  27]
          +0.052*[#  40]+0.036*[#  16]+0.036*[#  26]+0.017*[#  17]+0.017*[#  20]
          +0.017*[#  28]+0.017*[#  30]+0.017*[#  37]+0.017*[#  38]+0.012*[#  39]
          
    |psi|^2 = 0.997
==== e(  31) =    16.38222 eV ==== 
     psi = 0.109*[#   6]+0.109*[#   9]+0.109*[#  36]+0.085*[#  19]+0.085*[#  29]
          +0.052*[#   7]+0.052*[#   8]+0.052*[#  10]+0.052*[#  18]+0.052*[#  27]
          +0.052*[#  40]+0.036*[#  16]+0.036*[#  26]+0.017*[#  17]+0.017*[#  20]
          +0.017*[#  28]+0.017*[#  30]+0.017*[#  37]+0.017*[#  38]+0.012*[#  39]
          
    |psi|^2 = 0.997
==== e(  32) =    16.38223 eV ==== 
     psi = 0.193*[#  39]+0.145*[#  16]+0.145*[#  26]+0.070*[#  17]+0.070*[#  20]
          +0.070*[#  28]+0.070*[#  30]+0.070*[#  37]+0.070*[#  38]+0.048*[#  19]
          +0.048*[#  29]
    |psi|^2 = 0.997
==== e(  33) =    16.74910 eV ==== 
     psi = 0.093*[#   6]+0.093*[#   9]+0.093*[#  16]+0.093*[#  19]+0.093*[#  26]
          +0.093*[#  29]+0.093*[#  36]+0.093*[#  39]+0.021*[#   7]+0.021*[#   8]
          +0.021*[#  10]+0.021*[#  17]+0.021*[#  18]+0.021*[#  20]+0.021*[#  27]
          +0.021*[#  28]+0.021*[#  30]+0.021*[#  37]+0.021*[#  38]+0.021*[#  40]
          
    |psi|^2 = 0.999
==== e(  34) =    16.74910 eV ==== 
     psi = 0.093*[#   6]+0.093*[#   9]+0.093*[#  16]+0.093*[#  19]+0.093*[#  26]
          +0.093*[#  29]+0.093*[#  36]+0.093*[#  39]+0.021*[#   7]+0.021*[#   8]
          +0.021*[#  10]+0.021*[#  17]+0.021*[#  18]+0.021*[#  20]+0.021*[#  27]
          +0.021*[#  28]+0.021*[#  30]+0.021*[#  37]+0.021*[#  38]+0.021*[#  40]
          
    |psi|^2 = 0.999
==== e(  35) =    17.38895 eV ==== 
     psi = 0.078*[#   6]+0.078*[#   9]+0.078*[#  36]+0.073*[#   7]+0.073*[#   8]
          +0.073*[#  10]+0.073*[#  18]+0.073*[#  27]+0.073*[#  40]+0.061*[#  19]
          +0.061*[#  29]+0.026*[#  16]+0.026*[#  26]+0.024*[#  17]+0.024*[#  20]
          +0.024*[#  28]+0.024*[#  30]+0.024*[#  37]+0.024*[#  38]+0.009*[#  39]
          
    |psi|^2 = 1.000
==== e(  36) =    17.38895 eV ==== 
     psi = 0.078*[#   6]+0.078*[#   9]+0.078*[#  36]+0.073*[#   7]+0.073*[#   8]
          +0.073*[#  10]+0.073*[#  18]+0.073*[#  27]+0.073*[#  40]+0.061*[#  19]
          +0.061*[#  29]+0.026*[#  16]+0.026*[#  26]+0.024*[#  17]+0.024*[#  20]
          +0.024*[#  28]+0.024*[#  30]+0.024*[#  37]+0.024*[#  38]+0.009*[#  39]
          
    |psi|^2 = 1.000
==== e(  37) =    17.38896 eV ==== 
     psi = 0.140*[#  39]+0.105*[#  16]+0.105*[#  26]+0.097*[#  17]+0.097*[#  20]
          +0.097*[#  28]+0.097*[#  30]+0.097*[#  37]+0.097*[#  38]+0.035*[#  19]
          +0.035*[#  29]
    |psi|^2 = 1.000
==== e(  38) =    20.12932 eV ==== 
     psi = 0.337*[#   2]+0.037*[#  12]+0.037*[#  22]+0.037*[#  32]+0.037*[#   7]
          +0.037*[#   8]+0.037*[#  10]+0.032*[#  36]+0.027*[#  18]+0.027*[#  27]
          +0.027*[#  40]+0.024*[#  19]+0.024*[#  29]+0.008*[#  16]+0.008*[#  26]
          +0.004*[#   1]
    |psi|^2 = 0.743
==== e(  39) =    20.12933 eV ==== 
     psi = 0.150*[#  12]+0.150*[#  22]+0.150*[#  32]+0.024*[#  17]+0.024*[#  20]
          +0.024*[#  28]+0.024*[#  30]+0.024*[#  37]+0.024*[#  38]+0.018*[#   6]
          +0.018*[#   9]+0.018*[#  39]+0.014*[#  16]+0.014*[#  26]+0.011*[#  18]
          +0.011*[#  27]+0.011*[#  40]+0.006*[#  19]+0.006*[#  29]+0.006*[#   7]
          +0.006*[#   8]+0.006*[#  10]+0.002*[#  36]+0.002*[#  11]+0.002*[#  21]
          +0.002*[#  31]
    |psi|^2 = 0.743
==== e(  40) =    20.12933 eV ==== 
     psi = 0.150*[#  12]+0.150*[#  22]+0.150*[#  32]+0.024*[#  17]+0.024*[#  20]
          +0.024*[#  28]+0.024*[#  30]+0.024*[#  37]+0.024*[#  38]+0.018*[#   6]
          +0.018*[#   9]+0.018*[#  39]+0.014*[#  16]+0.014*[#  26]+0.011*[#  18]
          +0.011*[#  27]+0.011*[#  40]+0.006*[#  19]+0.006*[#  29]+0.006*[#   7]
          +0.006*[#   8]+0.006*[#  10]+0.002*[#  36]+0.002*[#  11]+0.002*[#  21]
          +0.002*[#  31]
    |psi|^2 = 0.743
==== e(  41) =    26.31495 eV ==== 
     psi = 0.069*[#  12]+0.069*[#  22]+0.069*[#  32]+0.005*[#   7]+0.005*[#   8]
          +0.005*[#  10]+0.004*[#  17]+0.004*[#  20]+0.004*[#  28]+0.004*[#  30]
          +0.004*[#  37]+0.004*[#  38]
    |psi|^2 = 0.251
==== e(  42) =    26.31495 eV ==== 
     psi = 0.069*[#  12]+0.069*[#  22]+0.069*[#  32]+0.005*[#   7]+0.005*[#   8]
          +0.005*[#  10]+0.004*[#  17]+0.004*[#  20]+0.004*[#  28]+0.004*[#  30]
          +0.004*[#  37]+0.004*[#  38]
    |psi|^2 = 0.251
==== e(  43) =    26.31496 eV ==== 
     psi = 0.156*[#   2]+0.017*[#  12]+0.017*[#  22]+0.017*[#  32]+0.010*[#  18]
          +0.010*[#  27]+0.010*[#  40]+0.002*[#  17]+0.002*[#  20]+0.002*[#  28]
          +0.002*[#  30]+0.002*[#  37]+0.002*[#  38]+0.001*[#   1]
    |psi|^2 = 0.251

 k =   0.2500000000  0.2500000000  0.3750000000
==== e(   1) =   -85.73364 eV ==== 
     psi = 0.248*[#   1]+0.247*[#  11]+0.247*[#  21]+0.247*[#  31]+0.002*[#   2]
          +0.002*[#  12]+0.002*[#  22]+0.002*[#  32]
    |psi|^2 = 1.000
==== e(   2) =   -85.72168 eV ==== 
     psi = 0.251*[#   1]+0.249*[#  11]+0.249*[#  21]+0.249*[#  31]
    |psi|^2 = 1.000
==== e(   3) =   -85.71662 eV ==== 
     psi = 0.492*[#   1]+0.166*[#  11]+0.166*[#  21]+0.166*[#  31]+0.004*[#   2]
          +0.001*[#  12]+0.001*[#  22]+0.001*[#  32]
    |psi|^2 = 1.000
==== e(   4) =   -85.71660 eV ==== 
     psi = 0.330*[#  11]+0.330*[#  21]+0.330*[#  31]+0.003*[#  12]+0.003*[#  22]
          +0.003*[#  32]
    |psi|^2 = 1.000
==== e(   5) =   -46.18659 eV ==== 
     psi = 0.121*[#   3]+0.121*[#   4]+0.121*[#   5]+0.104*[#  13]+0.104*[#  15]
          +0.104*[#  23]+0.104*[#  24]+0.104*[#  34]+0.104*[#  35]+0.003*[#  14]
          +0.003*[#  25]+0.003*[#  33]
    |psi|^2 = 1.000
==== e(   6) =   -46.18658 eV ==== 
     psi = 0.163*[#  14]+0.163*[#  25]+0.163*[#  33]+0.062*[#  13]+0.062*[#  15]
          +0.062*[#  23]+0.062*[#  24]+0.062*[#  34]+0.062*[#  35]+0.045*[#   3]
          +0.045*[#   4]+0.045*[#   5]
    |psi|^2 = 1.000
==== e(   7) =   -46.17649 eV ==== 
     psi = 0.083*[#  14]+0.083*[#  25]+0.083*[#  33]+0.083*[#   3]+0.083*[#   4]
          +0.083*[#   5]+0.083*[#  13]+0.083*[#  15]+0.083*[#  23]+0.083*[#  24]
          +0.083*[#  34]+0.083*[#  35]
    |psi|^2 = 1.000
==== e(   8) =   -46.13782 eV ==== 
     psi = 0.083*[#   3]+0.083*[#   4]+0.083*[#   5]+0.083*[#  13]+0.083*[#  14]
          +0.083*[#  15]+0.083*[#  23]+0.083*[#  24]+0.083*[#  25]+0.083*[#  33]
          +0.083*[#  34]+0.083*[#  35]+0.002*[#   2]+0.002*[#  12]+0.002*[#  22]
          +0.002*[#  32]
    |psi|^2 = 1.000
==== e(   9) =   -46.08879 eV ==== 
     psi = 0.166*[#   3]+0.166*[#   4]+0.166*[#   5]+0.077*[#  13]+0.077*[#  15]
          +0.077*[#  23]+0.077*[#  24]+0.077*[#  34]+0.077*[#  35]+0.013*[#  14]
          +0.013*[#  25]+0.013*[#  33]
    |psi|^2 = 1.000
==== e(  10) =   -46.08877 eV ==== 
     psi = 0.153*[#  14]+0.153*[#  25]+0.153*[#  33]+0.090*[#  13]+0.090*[#  15]
          +0.090*[#  23]+0.090*[#  24]+0.090*[#  34]+0.090*[#  35]
    |psi|^2 = 1.000
==== e(  11) =   -46.06133 eV ==== 
     psi = 0.083*[#  13]+0.083*[#  15]+0.083*[#  23]+0.083*[#  24]+0.083*[#  34]
          +0.083*[#  35]+0.083*[#   3]+0.083*[#   4]+0.083*[#   5]+0.083*[#  14]
          +0.083*[#  25]+0.083*[#  33]
    |psi|^2 = 1.000
==== e(  12) =   -46.05302 eV ==== 
     psi = 0.157*[#  14]+0.157*[#  25]+0.157*[#  33]+0.121*[#   3]+0.121*[#   4]
          +0.121*[#   5]+0.027*[#  13]+0.027*[#  15]+0.027*[#  23]+0.027*[#  24]
          +0.027*[#  34]+0.027*[#  35]
    |psi|^2 = 1.000
==== e(  13) =   -46.05302 eV ==== 
     psi = 0.139*[#  13]+0.139*[#  15]+0.139*[#  23]+0.139*[#  24]+0.139*[#  34]
          +0.139*[#  35]+0.045*[#   3]+0.045*[#   4]+0.045*[#   5]+0.010*[#  14]
          +0.010*[#  25]+0.010*[#  33]
    |psi|^2 = 1.000
==== e(  14) =   -46.04876 eV ==== 
     psi = 0.083*[#  13]+0.083*[#  15]+0.083*[#  23]+0.083*[#  24]+0.083*[#  34]
          +0.083*[#  35]+0.083*[#   3]+0.083*[#   4]+0.083*[#   5]+0.083*[#  14]
          +0.083*[#  25]+0.083*[#  33]
    |psi|^2 = 1.000
==== e(  15) =   -46.02716 eV ==== 
     psi = 0.083*[#  13]+0.083*[#  14]+0.083*[#  15]+0.083*[#  23]+0.083*[#  24]
          +0.083*[#  25]+0.083*[#  33]+0.083*[#  34]+0.083*[#  35]+0.083*[#   3]
          +0.083*[#   4]+0.083*[#   5]
    |psi|^2 = 1.000
==== e(  16) =   -46.02341 eV ==== 
     psi = 0.083*[#  14]+0.083*[#  23]+0.083*[#  24]+0.083*[#  25]+0.083*[#  33]
          +0.083*[#   3]+0.083*[#  15]+0.083*[#  13]+0.083*[#   5]+0.083*[#   4]
          +0.083*[#  34]+0.083*[#  35]
    |psi|^2 = 1.000
==== e(  17) =    11.81992 eV ==== 
     psi = 0.207*[#   2]+0.207*[#  12]+0.207*[#  22]+0.207*[#  32]+0.012*[#   7]
          +0.012*[#   8]+0.012*[#  10]+0.012*[#  17]+0.012*[#  18]+0.012*[#  20]
          +0.012*[#  27]+0.012*[#  28]+0.012*[#  30]+0.012*[#  37]+0.012*[#  38]
          +0.012*[#  40]+0.003*[#   1]+0.003*[#  11]+0.003*[#  21]+0.003*[#  31]
          
    |psi|^2 = 0.995
==== e(  18) =    13.40580 eV ==== 
     psi = 0.094*[#   2]+0.094*[#  12]+0.094*[#  22]+0.094*[#  32]+0.038*[#   7]
          +0.038*[#   8]+0.038*[#  10]+0.038*[#  17]+0.038*[#  18]+0.038*[#  20]
          +0.038*[#  27]+0.038*[#  28]+0.038*[#  30]+0.038*[#  37]+0.038*[#  38]
          +0.038*[#  40]+0.020*[#   6]+0.020*[#   9]+0.020*[#  16]+0.020*[#  19]
          +0.020*[#  26]+0.020*[#  29]+0.020*[#  36]+0.020*[#  39]
    |psi|^2 = 0.988
==== e(  19) =    13.89683 eV ==== 
     psi = 0.104*[#   7]+0.104*[#   8]+0.104*[#  10]+0.075*[#  17]+0.075*[#  20]
          +0.075*[#  28]+0.075*[#  30]+0.075*[#  37]+0.075*[#  38]+0.042*[#  12]
          +0.042*[#  22]+0.042*[#  32]+0.017*[#   6]+0.017*[#   9]+0.016*[#  39]
          +0.013*[#  16]+0.013*[#  26]+0.006*[#  18]+0.006*[#  27]+0.006*[#  40]
          +0.005*[#  19]+0.005*[#  29]+0.002*[#  36]
    |psi|^2 = 0.992
==== e(  20) =    13.89684 eV ==== 
     psi = 0.124*[#  18]+0.124*[#  27]+0.124*[#  40]+0.063*[#   2]+0.055*[#  17]
          +0.055*[#  20]+0.055*[#  28]+0.055*[#  30]+0.055*[#  37]+0.055*[#  38]
          +0.026*[#   7]+0.026*[#   8]+0.026*[#  10]+0.021*[#  12]+0.021*[#  22]
          +0.021*[#  32]+0.020*[#  36]+0.017*[#  19]+0.017*[#  29]+0.009*[#  16]
          +0.009*[#  26]+0.006*[#  39]+0.005*[#   6]+0.005*[#   9]
    |psi|^2 = 0.992
==== e(  21) =    14.72304 eV ==== 
     psi = 0.198*[#  36]+0.164*[#  19]+0.164*[#  29]+0.096*[#  16]+0.096*[#  26]
          +0.062*[#  39]+0.019*[#   6]+0.019*[#   9]+0.017*[#  18]+0.017*[#  27]
          +0.017*[#  40]+0.008*[#  17]+0.008*[#  20]+0.008*[#  28]+0.008*[#  30]
          +0.008*[#  37]+0.008*[#  38]+0.004*[#   7]+0.004*[#   8]+0.004*[#  10]
          +0.002*[#   2]
    |psi|^2 = 0.931
==== e(  22) =    14.72304 eV ==== 
     psi = 0.185*[#   6]+0.185*[#   9]+0.143*[#  39]+0.109*[#  16]+0.109*[#  26]
          +0.040*[#  19]+0.040*[#  29]+0.015*[#   7]+0.015*[#   8]+0.015*[#  10]
          +0.011*[#  17]+0.011*[#  20]+0.011*[#  28]+0.011*[#  30]+0.011*[#  37]
          +0.011*[#  38]+0.006*[#  36]+0.001*[#  12]+0.001*[#  22]+0.001*[#  32]
          
    |psi|^2 = 0.931
==== e(  23) =    14.75987 eV ==== 
     psi = 0.046*[#   6]+0.046*[#   9]+0.046*[#  16]+0.046*[#  19]+0.046*[#  26]
          +0.046*[#  29]+0.046*[#  36]+0.046*[#  39]+0.043*[#   7]+0.043*[#   8]
          +0.043*[#  10]+0.043*[#  17]+0.043*[#  18]+0.043*[#  20]+0.043*[#  27]
          +0.043*[#  28]+0.043*[#  30]+0.043*[#  37]+0.043*[#  38]+0.043*[#  40]
          +0.016*[#   2]+0.016*[#  12]+0.016*[#  22]+0.016*[#  32]
    |psi|^2 = 0.951
==== e(  24) =    15.13517 eV ==== 
     psi = 0.071*[#   7]+0.071*[#   8]+0.071*[#  10]+0.071*[#  17]+0.071*[#  18]
          +0.071*[#  20]+0.071*[#  27]+0.071*[#  28]+0.071*[#  30]+0.071*[#  37]
          +0.071*[#  38]+0.071*[#  40]+0.027*[#   2]+0.027*[#  12]+0.027*[#  22]
          +0.027*[#  32]+0.001*[#   6]+0.001*[#   9]+0.001*[#  16]+0.001*[#  19]
          +0.001*[#  26]+0.001*[#  29]+0.001*[#  36]+0.001*[#  39]
    |psi|^2 = 0.974
==== e(  25) =    15.39704 eV ==== 
     psi = 0.149*[#   7]+0.149*[#   8]+0.149*[#  10]+0.069*[#  17]+0.069*[#  20]
          +0.069*[#  28]+0.069*[#  30]+0.069*[#  37]+0.069*[#  38]+0.018*[#   2]
          +0.011*[#  18]+0.011*[#  27]+0.011*[#  40]+0.006*[#  12]+0.006*[#  22]
          +0.006*[#  32]+0.004*[#  36]+0.003*[#  19]+0.003*[#  29]+0.002*[#  16]
          +0.002*[#  26]+0.001*[#  39]
    |psi|^2 = 0.944
==== e(  26) =    15.39704 eV ==== 
     psi = 0.138*[#  18]+0.138*[#  27]+0.138*[#  40]+0.080*[#  17]+0.080*[#  20]
          +0.080*[#  28]+0.080*[#  30]+0.080*[#  37]+0.080*[#  38]+0.012*[#  12]
          +0.012*[#  22]+0.012*[#  32]+0.003*[#   6]+0.003*[#   9]+0.003*[#  39]
          +0.002*[#  16]+0.002*[#  26]
    |psi|^2 = 0.944
==== e(  27) =    15.42506 eV ==== 
     psi = 0.054*[#   7]+0.054*[#   8]+0.054*[#  10]+0.054*[#  17]+0.054*[#  18]
          +0.054*[#  20]+0.054*[#  27]+0.054*[#  28]+0.054*[#  30]+0.054*[#  37]
          +0.054*[#  38]+0.054*[#  40]+0.036*[#   6]+0.036*[#   9]+0.036*[#  16]
          +0.036*[#  19]+0.036*[#  26]+0.036*[#  29]+0.036*[#  36]+0.036*[#  39]
          +0.016*[#   2]+0.016*[#  12]+0.016*[#  22]+0.016*[#  32]
    |psi|^2 = 0.990
==== e(  28) =    15.67317 eV ==== 
     psi = 0.055*[#   6]+0.055*[#   9]+0.055*[#  16]+0.055*[#  19]+0.055*[#  26]
          +0.055*[#  29]+0.055*[#  36]+0.055*[#  39]+0.046*[#   7]+0.046*[#   8]
          +0.046*[#  10]+0.046*[#  17]+0.046*[#  18]+0.046*[#  20]+0.046*[#  27]
          +0.046*[#  28]+0.046*[#  30]+0.046*[#  37]+0.046*[#  38]+0.046*[#  40]
          
    |psi|^2 = 0.998
==== e(  29) =    15.75247 eV ==== 
     psi = 0.055*[#   7]+0.055*[#   8]+0.055*[#  10]+0.055*[#  17]+0.055*[#  18]
          +0.055*[#  20]+0.055*[#  27]+0.055*[#  28]+0.055*[#  30]+0.055*[#  37]
          +0.055*[#  38]+0.055*[#  40]+0.043*[#   6]+0.043*[#   9]+0.043*[#  16]
          +0.043*[#  19]+0.043*[#  26]+0.043*[#  29]+0.043*[#  36]+0.043*[#  39]
          
    |psi|^2 = 0.998
==== e(  30) =    16.09939 eV ==== 
     psi = 0.061*[#   6]+0.061*[#   9]+0.061*[#  16]+0.061*[#  19]+0.061*[#  26]
          +0.061*[#  29]+0.061*[#  36]+0.061*[#  39]+0.043*[#   7]+0.043*[#   8]
          +0.043*[#  10]+0.043*[#  17]+0.043*[#  18]+0.043*[#  20]+0.043*[#  27]
          +0.043*[#  28]+0.043*[#  30]+0.043*[#  37]+0.043*[#  38]+0.043*[#  40]
          
    |psi|^2 = 0.998
==== e(  31) =    16.21600 eV ==== 
     psi = 0.143*[#   6]+0.143*[#   9]+0.111*[#  36]+0.084*[#  19]+0.084*[#  29]
          +0.059*[#  18]+0.059*[#  27]+0.059*[#  40]+0.051*[#   7]+0.051*[#   8]
          +0.051*[#  10]+0.031*[#  16]+0.031*[#  26]+0.005*[#  17]+0.005*[#  20]
          +0.005*[#  28]+0.005*[#  30]+0.005*[#  37]+0.005*[#  38]+0.005*[#  39]
          
    |psi|^2 = 0.996
==== e(  32) =    16.21601 eV ==== 
     psi = 0.153*[#  39]+0.127*[#  16]+0.127*[#  26]+0.074*[#  19]+0.074*[#  29]
          +0.055*[#  17]+0.055*[#  20]+0.055*[#  28]+0.055*[#  30]+0.055*[#  37]
          +0.055*[#  38]+0.048*[#  36]+0.015*[#   6]+0.015*[#   9]+0.009*[#   7]
          +0.009*[#   8]+0.009*[#  10]+0.001*[#  18]+0.001*[#  27]+0.001*[#  40]
          
    |psi|^2 = 0.996
==== e(  33) =    16.82548 eV ==== 
     psi = 0.068*[#   6]+0.068*[#   9]+0.068*[#  16]+0.068*[#  19]+0.068*[#  26]
          +0.068*[#  29]+0.068*[#  36]+0.068*[#  39]+0.035*[#   7]+0.035*[#   8]
          +0.035*[#  10]+0.035*[#  17]+0.035*[#  18]+0.035*[#  20]+0.035*[#  27]
          +0.035*[#  28]+0.035*[#  30]+0.035*[#  37]+0.035*[#  38]+0.035*[#  40]
          +0.008*[#   2]+0.008*[#  12]+0.008*[#  22]+0.008*[#  32]
    |psi|^2 = 0.997
==== e(  34) =    17.00587 eV ==== 
     psi = 0.082*[#   6]+0.082*[#   9]+0.082*[#  16]+0.082*[#  19]+0.082*[#  26]
          +0.082*[#  29]+0.082*[#  36]+0.082*[#  39]+0.029*[#   7]+0.029*[#   8]
          +0.029*[#  10]+0.029*[#  17]+0.029*[#  18]+0.029*[#  20]+0.029*[#  27]
          +0.029*[#  28]+0.029*[#  30]+0.029*[#  37]+0.029*[#  38]+0.029*[#  40]
          
    |psi|^2 = 1.000
==== e(  35) =    17.30771 eV ==== 
     psi = 0.099*[#  18]+0.099*[#  27]+0.099*[#  40]+0.083*[#   7]+0.083*[#   8]
          +0.083*[#  10]+0.080*[#   6]+0.080*[#   9]+0.062*[#  36]+0.047*[#  19]
          +0.047*[#  29]+0.018*[#  16]+0.018*[#  26]+0.016*[#  17]+0.016*[#  20]
          +0.016*[#  28]+0.016*[#  30]+0.016*[#  37]+0.016*[#  38]+0.003*[#  39]
          
    |psi|^2 = 0.999
==== e(  36) =    17.30772 eV ==== 
     psi = 0.091*[#  17]+0.091*[#  20]+0.091*[#  28]+0.091*[#  30]+0.091*[#  37]
          +0.091*[#  38]+0.086*[#  39]+0.071*[#  16]+0.071*[#  26]+0.042*[#  19]
          +0.042*[#  29]+0.027*[#  36]+0.025*[#   7]+0.025*[#   8]+0.025*[#  10]
          +0.009*[#   6]+0.009*[#   9]+0.008*[#  18]+0.008*[#  27]+0.008*[#  40]
          
    |psi|^2 = 0.999
==== e(  37) =    17.36173 eV ==== 
     psi = 0.064*[#   6]+0.064*[#   9]+0.064*[#  16]+0.064*[#  19]+0.064*[#  26]
          +0.064*[#  29]+0.064*[#  36]+0.064*[#  39]+0.041*[#   7]+0.041*[#   8]
          +0.041*[#  10]+0.041*[#  17]+0.041*[#  18]+0.041*[#  20]+0.041*[#  27]
          +0.041*[#  28]+0.041*[#  30]+0.041*[#  37]+0.041*[#  38]+0.041*[#  40]
          
    |psi|^2 = 1.000
==== e(  38) =    18.46566 eV ==== 
     psi = 0.093*[#   2]+0.093*[#  12]+0.093*[#  22]+0.093*[#  32]+0.029*[#   7]
          +0.029*[#   8]+0.029*[#  10]+0.029*[#  17]+0.029*[#  18]+0.029*[#  20]
          +0.029*[#  27]+0.029*[#  28]+0.029*[#  30]+0.029*[#  37]+0.029*[#  38]
          +0.029*[#  40]+0.023*[#   6]+0.023*[#   9]+0.023*[#  16]+0.023*[#  19]
          +0.023*[#  26]+0.023*[#  29]+0.023*[#  36]+0.023*[#  39]
    |psi|^2 = 0.913
==== e(  39) =    20.82855 eV ==== 
     psi = 0.123*[#   2]+0.041*[#  12]+0.041*[#  22]+0.041*[#  32]+0.019*[#  36]
          +0.017*[#   7]+0.017*[#   8]+0.017*[#  10]+0.016*[#  19]+0.016*[#  29]
          +0.009*[#  16]+0.009*[#  26]+0.009*[#  18]+0.009*[#  27]+0.009*[#  40]
          +0.008*[#  17]+0.008*[#  20]+0.008*[#  28]+0.008*[#  30]+0.008*[#  37]
          +0.008*[#  38]+0.006*[#  39]+0.002*[#   1]+0.002*[#   6]+0.002*[#   9]
          
    |psi|^2 = 0.455
==== e(  40) =    20.82857 eV ==== 
     psi = 0.082*[#  12]+0.082*[#  22]+0.082*[#  32]+0.018*[#   6]+0.018*[#   9]
          +0.014*[#  39]+0.013*[#  17]+0.013*[#  20]+0.013*[#  28]+0.013*[#  30]
          +0.013*[#  37]+0.013*[#  38]+0.012*[#  18]+0.012*[#  27]+0.012*[#  40]
          +0.010*[#  16]+0.010*[#  26]+0.004*[#   7]+0.004*[#   8]+0.004*[#  10]
          +0.004*[#  19]+0.004*[#  29]+0.001*[#  11]+0.001*[#  21]+0.001*[#  31]
          
    |psi|^2 = 0.455
==== e(  41) =    24.67322 eV ==== 
     psi = 0.169*[#  12]+0.169*[#  22]+0.169*[#  32]+0.010*[#   7]+0.010*[#   8]
          +0.010*[#  10]+0.009*[#  17]+0.009*[#  20]+0.009*[#  28]+0.009*[#  30]
          +0.009*[#  37]+0.009*[#  38]+0.002*[#  11]+0.002*[#  21]+0.002*[#  31]
          
    |psi|^2 = 0.599
==== e(  42) =    24.67323 eV ==== 
     psi = 0.253*[#   2]+0.084*[#  12]+0.084*[#  22]+0.084*[#  32]+0.014*[#  18]
          +0.014*[#  27]+0.014*[#  40]+0.005*[#  17]+0.005*[#  20]+0.005*[#  28]
          +0.005*[#  30]+0.005*[#  37]+0.005*[#  38]+0.004*[#   7]+0.004*[#   8]
          +0.004*[#  10]+0.003*[#   1]
    |psi|^2 = 0.599
==== e(  43) =    27.36718 eV ==== 
     psi = 0.024*[#   2]+0.024*[#  12]+0.024*[#  22]+0.024*[#  32]+0.003*[#   7]
          +0.003*[#   8]+0.003*[#  10]+0.003*[#  17]+0.003*[#  18]+0.003*[#  20]
          +0.003*[#  27]+0.003*[#  28]+0.003*[#  30]+0.003*[#  37]+0.003*[#  38]
          +0.003*[#  40]
    |psi|^2 = 0.132

 k =   0.2500000000  0.2500000000 -0.5000000000
==== e(   1) =   -85.72767 eV ==== 
     psi = 0.500*[#   1]+0.166*[#  11]+0.166*[#  21]+0.166*[#  31]
    |psi|^2 = 1.000
==== e(   2) =   -85.72765 eV ==== 
     psi = 0.332*[#  11]+0.332*[#  21]+0.332*[#  31]
    |psi|^2 = 1.000
==== e(   3) =   -85.71660 eV ==== 
     psi = 0.493*[#   1]+0.165*[#  11]+0.165*[#  21]+0.165*[#  31]+0.005*[#   2]
          +0.002*[#  12]+0.002*[#  22]+0.002*[#  32]
    |psi|^2 = 1.000
==== e(   4) =   -85.71658 eV ==== 
     psi = 0.330*[#  11]+0.330*[#  21]+0.330*[#  31]+0.003*[#  12]+0.003*[#  22]
          +0.003*[#  32]
    |psi|^2 = 1.000
==== e(   5) =   -46.18828 eV ==== 
     psi = 0.120*[#   3]+0.120*[#   4]+0.120*[#   5]+0.106*[#  13]+0.106*[#  15]
          +0.106*[#  23]+0.106*[#  24]+0.106*[#  34]+0.106*[#  35]
    |psi|^2 = 1.000
==== e(   6) =   -46.18827 eV ==== 
     psi = 0.166*[#  14]+0.166*[#  25]+0.166*[#  33]+0.060*[#  13]+0.060*[#  15]
          +0.060*[#  23]+0.060*[#  24]+0.060*[#  34]+0.060*[#  35]+0.046*[#   3]
          +0.046*[#   4]+0.046*[#   5]
    |psi|^2 = 1.000
==== e(   7) =   -46.16128 eV ==== 
     psi = 0.124*[#  13]+0.124*[#  15]+0.124*[#  23]+0.124*[#  24]+0.124*[#  34]
          +0.124*[#  35]+0.083*[#   3]+0.083*[#   4]+0.083*[#   5]+0.003*[#   2]
          
    |psi|^2 = 1.000
==== e(   8) =   -46.16128 eV ==== 
     psi = 0.166*[#  14]+0.166*[#  25]+0.166*[#  33]+0.083*[#   3]+0.083*[#   4]
          +0.083*[#   5]+0.041*[#  13]+0.041*[#  15]+0.041*[#  23]+0.041*[#  24]
          +0.041*[#  34]+0.041*[#  35]+0.002*[#  12]+0.002*[#  22]+0.002*[#  32]
          
    |psi|^2 = 1.000
==== e(   9) =   -46.08862 eV ==== 
     psi = 0.166*[#   3]+0.166*[#   4]+0.166*[#   5]+0.083*[#  13]+0.083*[#  15]
          +0.083*[#  23]+0.083*[#  24]+0.083*[#  34]+0.083*[#  35]
    |psi|^2 = 1.000
==== e(  10) =   -46.08860 eV ==== 
     psi = 0.166*[#  14]+0.166*[#  25]+0.166*[#  33]+0.083*[#  13]+0.083*[#  15]
          +0.083*[#  23]+0.083*[#  24]+0.083*[#  34]+0.083*[#  35]
    |psi|^2 = 1.000
==== e(  11) =   -46.05108 eV ==== 
     psi = 0.166*[#  14]+0.166*[#  25]+0.166*[#  33]+0.121*[#   3]+0.121*[#   4]
          +0.121*[#   5]+0.023*[#  13]+0.023*[#  15]+0.023*[#  23]+0.023*[#  24]
          +0.023*[#  34]+0.023*[#  35]
    |psi|^2 = 1.000
==== e(  12) =   -46.05108 eV ==== 
     psi = 0.143*[#  13]+0.143*[#  15]+0.143*[#  23]+0.143*[#  24]+0.143*[#  34]
          +0.143*[#  35]+0.046*[#   3]+0.046*[#   4]+0.046*[#   5]
    |psi|^2 = 1.000
==== e(  13) =   -46.03849 eV ==== 
     psi = 0.125*[#  13]+0.125*[#  15]+0.125*[#  23]+0.125*[#  24]+0.125*[#  34]
          +0.125*[#  35]+0.084*[#   3]+0.084*[#   4]+0.084*[#   5]
    |psi|^2 = 1.000
==== e(  14) =   -46.03849 eV ==== 
     psi = 0.167*[#  14]+0.167*[#  25]+0.167*[#  33]+0.083*[#   3]+0.083*[#   4]
          +0.083*[#   5]+0.042*[#  13]+0.042*[#  15]+0.042*[#  23]+0.042*[#  24]
          +0.042*[#  34]+0.042*[#  35]
    |psi|^2 = 1.000
==== e(  15) =   -46.03795 eV ==== 
     psi = 0.166*[#   3]+0.166*[#   4]+0.166*[#   5]+0.083*[#  13]+0.083*[#  15]
          +0.083*[#  23]+0.083*[#  24]+0.083*[#  34]+0.083*[#  35]
    |psi|^2 = 1.000
==== e(  16) =   -46.03793 eV ==== 
     psi = 0.167*[#  14]+0.167*[#  25]+0.167*[#  33]+0.083*[#  13]+0.083*[#  15]
          +0.083*[#  23]+0.083*[#  24]+0.083*[#  34]+0.083*[#  35]
    |psi|^2 = 1.000
==== e(  17) =    12.67847 eV ==== 
     psi = 0.216*[#  12]+0.216*[#  22]+0.216*[#  32]+0.034*[#   7]+0.034*[#   8]
          +0.034*[#  10]+0.031*[#  17]+0.031*[#  20]+0.031*[#  28]+0.031*[#  30]
          +0.031*[#  37]+0.031*[#  38]+0.012*[#  39]+0.010*[#  16]+0.010*[#  26]
          +0.006*[#  19]+0.006*[#  29]+0.004*[#  36]
    |psi|^2 = 0.991
==== e(  18) =    12.67850 eV ==== 
     psi = 0.324*[#   2]+0.108*[#  12]+0.108*[#  22]+0.108*[#  32]+0.048*[#  18]
          +0.048*[#  27]+0.048*[#  40]+0.017*[#  17]+0.017*[#  20]+0.017*[#  28]
          +0.017*[#  30]+0.017*[#  37]+0.017*[#  38]+0.014*[#   7]+0.014*[#   8]
          +0.014*[#  10]+0.012*[#   6]+0.012*[#   9]+0.008*[#  36]+0.006*[#  19]
          +0.006*[#  29]+0.002*[#  16]+0.002*[#  26]+0.001*[#   1]
    |psi|^2 = 0.991
==== e(  19) =    13.93295 eV ==== 
     psi = 0.120*[#   7]+0.120*[#   8]+0.120*[#  10]+0.084*[#  17]+0.084*[#  20]
          +0.084*[#  28]+0.084*[#  30]+0.084*[#  37]+0.084*[#  38]+0.040*[#  12]
          +0.040*[#  22]+0.040*[#  32]+0.002*[#  39]+0.001*[#  16]+0.001*[#  26]
          
    |psi|^2 = 0.992
==== e(  20) =    13.93295 eV ==== 
     psi = 0.144*[#  18]+0.144*[#  27]+0.144*[#  40]+0.060*[#   2]+0.060*[#  17]
          +0.060*[#  20]+0.060*[#  28]+0.060*[#  30]+0.060*[#  37]+0.060*[#  38]
          +0.025*[#   7]+0.025*[#   8]+0.025*[#  10]+0.020*[#  12]+0.020*[#  22]
          +0.020*[#  32]+0.002*[#   6]+0.002*[#   9]+0.001*[#  36]
    |psi|^2 = 0.992
==== e(  21) =    14.81154 eV ==== 
     psi = 0.228*[#  36]+0.190*[#  19]+0.190*[#  29]+0.114*[#  16]+0.114*[#  26]
          +0.076*[#  39]+0.005*[#   7]+0.005*[#   8]+0.005*[#  10]+0.002*[#  17]
          +0.002*[#  20]+0.002*[#  28]+0.002*[#  30]+0.002*[#  37]+0.002*[#  38]
          
    |psi|^2 = 0.942
==== e(  22) =    14.81155 eV ==== 
     psi = 0.228*[#   6]+0.228*[#   9]+0.152*[#  39]+0.114*[#  16]+0.114*[#  26]
          +0.038*[#  19]+0.038*[#  29]+0.005*[#  18]+0.005*[#  27]+0.005*[#  40]
          +0.002*[#  17]+0.002*[#  20]+0.002*[#  28]+0.002*[#  30]+0.002*[#  37]
          +0.002*[#  38]
    |psi|^2 = 0.942
==== e(  23) =    15.00753 eV ==== 
     psi = 0.114*[#  17]+0.114*[#  20]+0.114*[#  28]+0.114*[#  30]+0.114*[#  37]
          +0.114*[#  38]+0.039*[#  12]+0.039*[#  22]+0.039*[#  32]+0.028*[#  39]
          +0.023*[#  16]+0.023*[#  26]+0.016*[#   7]+0.016*[#   8]+0.016*[#  10]
          +0.014*[#  19]+0.014*[#  29]+0.009*[#  36]
    |psi|^2 = 0.961
==== e(  24) =    15.00754 eV ==== 
     psi = 0.122*[#  18]+0.122*[#  27]+0.122*[#  40]+0.106*[#   7]+0.106*[#   8]
          +0.106*[#  10]+0.059*[#   2]+0.028*[#   6]+0.028*[#   9]+0.020*[#  12]
          +0.020*[#  22]+0.020*[#  32]+0.018*[#  36]+0.014*[#  19]+0.014*[#  29]
          +0.008*[#  17]+0.008*[#  20]+0.008*[#  28]+0.008*[#  30]+0.008*[#  37]
          +0.008*[#  38]+0.005*[#  16]+0.005*[#  26]
    |psi|^2 = 0.961
==== e(  25) =    15.39350 eV ==== 
     psi = 0.149*[#   7]+0.149*[#   8]+0.149*[#  10]+0.075*[#  17]+0.075*[#  20]
          +0.075*[#  28]+0.075*[#  30]+0.075*[#  37]+0.075*[#  38]+0.002*[#  36]
          +0.002*[#  19]+0.002*[#  29]+0.001*[#  16]+0.001*[#  26]
    |psi|^2 = 0.905
==== e(  26) =    15.39351 eV ==== 
     psi = 0.149*[#  18]+0.149*[#  27]+0.149*[#  40]+0.075*[#  17]+0.075*[#  20]
          +0.075*[#  28]+0.075*[#  30]+0.075*[#  37]+0.075*[#  38]+0.002*[#   6]
          +0.002*[#   9]+0.002*[#  39]+0.001*[#  16]+0.001*[#  26]
    |psi|^2 = 0.905
==== e(  27) =    15.51512 eV ==== 
     psi = 0.129*[#   6]+0.129*[#   9]+0.086*[#  36]+0.079*[#  18]+0.079*[#  27]
          +0.079*[#  40]+0.065*[#  19]+0.065*[#  29]+0.036*[#   7]+0.036*[#   8]
          +0.036*[#  10]+0.022*[#  16]+0.021*[#  17]+0.021*[#  20]+0.022*[#  26]
          +0.021*[#  28]+0.021*[#  30]+0.021*[#  37]+0.021*[#  38]+0.003*[#   2]
          +0.001*[#  12]+0.001*[#  22]+0.001*[#  32]
    |psi|^2 = 0.997
==== e(  28) =    15.51513 eV ==== 
     psi = 0.129*[#  39]+0.108*[#  16]+0.108*[#  26]+0.065*[#  19]+0.065*[#  29]
          +0.057*[#  17]+0.057*[#  20]+0.057*[#  28]+0.057*[#  30]+0.057*[#  37]
          +0.057*[#  38]+0.043*[#  36]+0.043*[#   7]+0.043*[#   8]+0.043*[#  10]
          +0.002*[#  12]+0.002*[#  22]+0.002*[#  32]
    |psi|^2 = 0.997
==== e(  29) =    15.88004 eV ==== 
     psi = 0.104*[#  36]+0.097*[#   7]+0.097*[#   8]+0.097*[#  10]+0.087*[#  19]
          +0.087*[#  29]+0.052*[#  16]+0.052*[#  26]+0.049*[#  17]+0.049*[#  20]
          +0.049*[#  28]+0.049*[#  30]+0.049*[#  37]+0.049*[#  38]+0.035*[#  39]
          
    |psi|^2 = 0.998
==== e(  30) =    15.88004 eV ==== 
     psi = 0.104*[#   6]+0.104*[#   9]+0.097*[#  18]+0.097*[#  27]+0.097*[#  40]
          +0.069*[#  39]+0.052*[#  16]+0.052*[#  26]+0.049*[#  17]+0.049*[#  20]
          +0.049*[#  28]+0.049*[#  30]+0.049*[#  37]+0.049*[#  38]+0.017*[#  19]
          +0.017*[#  29]
    |psi|^2 = 0.998
==== e(  31) =    16.14378 eV ==== 
     psi = 0.169*[#   6]+0.169*[#   9]+0.113*[#  36]+0.085*[#  19]+0.085*[#  29]
          +0.053*[#  18]+0.053*[#  27]+0.053*[#  40]+0.048*[#   7]+0.048*[#   8]
          +0.048*[#  10]+0.028*[#  16]+0.028*[#  26]+0.003*[#  17]+0.003*[#  20]
          +0.003*[#  28]+0.003*[#  30]+0.003*[#  37]+0.003*[#  38]
    |psi|^2 = 0.997
==== e(  32) =    16.14378 eV ==== 
     psi = 0.169*[#  39]+0.141*[#  16]+0.141*[#  26]+0.085*[#  19]+0.085*[#  29]
          +0.056*[#  36]+0.051*[#  17]+0.051*[#  20]+0.051*[#  28]+0.051*[#  30]
          +0.051*[#  37]+0.051*[#  38]+0.005*[#   7]+0.005*[#   8]+0.005*[#  10]
          
    |psi|^2 = 0.997
==== e(  33) =    17.22470 eV ==== 
     psi = 0.146*[#   6]+0.146*[#   9]+0.097*[#  39]+0.073*[#  16]+0.073*[#  26]
          +0.069*[#  18]+0.069*[#  27]+0.069*[#  40]+0.035*[#  17]+0.035*[#  20]
          +0.035*[#  28]+0.035*[#  30]+0.035*[#  37]+0.035*[#  38]+0.024*[#  19]
          +0.024*[#  29]
    |psi|^2 = 1.000
==== e(  34) =    17.22471 eV ==== 
     psi = 0.146*[#  36]+0.122*[#  19]+0.122*[#  29]+0.073*[#  16]+0.073*[#  26]
          +0.069*[#   7]+0.069*[#   8]+0.069*[#  10]+0.049*[#  39]+0.035*[#  17]
          +0.035*[#  20]+0.035*[#  28]+0.035*[#  30]+0.035*[#  37]+0.035*[#  38]
          
    |psi|^2 = 1.000
==== e(  35) =    17.24912 eV ==== 
     psi = 0.114*[#  18]+0.114*[#  27]+0.114*[#  40]+0.088*[#   7]+0.088*[#   8]
          +0.088*[#  10]+0.078*[#   6]+0.078*[#   9]+0.052*[#  36]+0.039*[#  19]
          +0.039*[#  29]+0.013*[#  16]+0.013*[#  17]+0.013*[#  20]+0.013*[#  26]
          +0.013*[#  28]+0.013*[#  30]+0.013*[#  37]+0.013*[#  38]
    |psi|^2 = 1.000
==== e(  36) =    17.24913 eV ==== 
     psi = 0.101*[#  17]+0.101*[#  20]+0.101*[#  28]+0.101*[#  30]+0.101*[#  37]
          +0.101*[#  38]+0.078*[#  39]+0.065*[#  16]+0.065*[#  26]+0.039*[#  19]
          +0.039*[#  29]+0.026*[#   7]+0.026*[#   8]+0.026*[#  10]+0.026*[#  36]
          
    |psi|^2 = 1.000
==== e(  37) =    17.35930 eV ==== 
     psi = 0.080*[#  39]+0.071*[#   7]+0.071*[#   8]+0.071*[#  10]+0.067*[#  16]
          +0.067*[#  26]+0.059*[#  12]+0.059*[#  22]+0.059*[#  32]+0.045*[#  17]
          +0.045*[#  20]+0.045*[#  28]+0.045*[#  30]+0.045*[#  37]+0.045*[#  38]
          +0.040*[#  19]+0.040*[#  29]+0.027*[#  36]
    |psi|^2 = 0.978
==== e(  38) =    17.35931 eV ==== 
     psi = 0.088*[#   2]+0.080*[#  18]+0.080*[#  27]+0.080*[#  40]+0.080*[#   6]
          +0.080*[#   9]+0.053*[#  36]+0.040*[#  19]+0.040*[#  29]+0.036*[#  17]
          +0.036*[#  20]+0.036*[#  28]+0.036*[#  30]+0.036*[#  37]+0.036*[#  38]
          +0.029*[#  12]+0.029*[#  22]+0.029*[#  32]+0.013*[#  16]+0.013*[#  26]
          +0.009*[#   7]+0.009*[#   8]+0.009*[#  10]
    |psi|^2 = 0.978
==== e(  39) =    21.24187 eV ==== 
     psi = 0.018*[#  36]+0.015*[#  19]+0.015*[#  29]+0.012*[#   7]+0.012*[#   8]
          +0.012*[#  10]+0.009*[#  16]+0.009*[#  26]+0.006*[#  17]+0.006*[#  20]
          +0.006*[#  28]+0.006*[#  30]+0.006*[#  37]+0.006*[#  38]+0.006*[#  39]
          
    |psi|^2 = 0.145
==== e(  40) =    21.24190 eV ==== 
     psi = 0.018*[#   6]+0.018*[#   9]+0.012*[#  18]+0.012*[#  27]+0.012*[#  40]
          +0.012*[#  39]+0.009*[#  16]+0.009*[#  26]+0.006*[#  17]+0.006*[#  20]
          +0.006*[#  28]+0.006*[#  30]+0.006*[#  37]+0.006*[#  38]+0.003*[#  19]
          +0.003*[#  29]
    |psi|^2 = 0.145
==== e(  41) =    23.94602 eV ==== 
     psi = 0.267*[#  12]+0.267*[#  22]+0.267*[#  32]+0.015*[#   7]+0.015*[#   8]
          +0.015*[#  10]+0.013*[#  17]+0.013*[#  20]+0.013*[#  28]+0.013*[#  30]
          +0.013*[#  37]+0.013*[#  38]+0.003*[#  11]+0.003*[#  21]+0.003*[#  31]
          
    |psi|^2 = 0.940
==== e(  42) =    23.94605 eV ==== 
     psi = 0.401*[#   2]+0.134*[#  12]+0.134*[#  22]+0.134*[#  32]+0.021*[#  18]
          +0.021*[#  27]+0.021*[#  40]+0.008*[#  17]+0.008*[#  20]+0.008*[#  28]
          +0.008*[#  30]+0.008*[#  37]+0.008*[#  38]+0.006*[#   7]+0.006*[#   8]
          +0.006*[#  10]+0.005*[#   1]+0.002*[#  11]+0.002*[#  21]+0.002*[#  31]
          
    |psi|^2 = 0.940
==== e(  43) =    28.71631 eV ==== 
     psi = 0.017*[#   2]+0.007*[#  12]+0.007*[#  22]+0.007*[#  32]+0.004*[#  18]
          +0.004*[#  27]+0.004*[#  40]+0.002*[#   7]+0.002*[#   8]+0.002*[#  10]
          +0.002*[#  17]+0.002*[#  20]+0.002*[#  28]+0.002*[#  30]+0.002*[#  37]
          +0.002*[#  38]
    |psi|^2 = 0.065

 k =   0.2500000000  0.3750000000  0.3750000000
==== e(   1) =   -85.72970 eV ==== 
     psi = 0.250*[#   1]+0.248*[#  11]+0.248*[#  21]+0.248*[#  31]
    |psi|^2 = 1.000
==== e(   2) =   -85.72052 eV ==== 
     psi = 0.500*[#   1]+0.165*[#  11]+0.165*[#  21]+0.165*[#  31]+0.001*[#   2]
          
    |psi|^2 = 1.000
==== e(   3) =   -85.72050 eV ==== 
     psi = 0.332*[#  11]+0.332*[#  21]+0.332*[#  31]
    |psi|^2 = 1.000
==== e(   4) =   -85.71773 eV ==== 
     psi = 0.249*[#  11]+0.249*[#  21]+0.249*[#  31]+0.244*[#   1]+0.002*[#   2]
          +0.002*[#  12]+0.002*[#  22]+0.002*[#  32]
    |psi|^2 = 1.000
==== e(   5) =   -46.19493 eV ==== 
     psi = 0.083*[#   3]+0.083*[#   4]+0.083*[#   5]+0.083*[#  13]+0.083*[#  15]
          +0.083*[#  23]+0.083*[#  24]+0.083*[#  34]+0.083*[#  35]+0.083*[#  14]
          +0.083*[#  25]+0.083*[#  33]
    |psi|^2 = 1.000
==== e(   6) =   -46.18994 eV ==== 
     psi = 0.122*[#   3]+0.122*[#   4]+0.122*[#   5]+0.104*[#  13]+0.104*[#  15]
          +0.104*[#  23]+0.104*[#  24]+0.104*[#  34]+0.104*[#  35]+0.002*[#  14]
          +0.002*[#  25]+0.002*[#  33]
    |psi|^2 = 1.000
==== e(   7) =   -46.18993 eV ==== 
     psi = 0.165*[#  14]+0.165*[#  25]+0.165*[#  33]+0.062*[#  13]+0.062*[#  15]
          +0.062*[#  23]+0.062*[#  24]+0.062*[#  34]+0.062*[#  35]+0.044*[#   3]
          +0.044*[#   4]+0.044*[#   5]+0.001*[#   2]
    |psi|^2 = 1.000
==== e(   8) =   -46.16268 eV ==== 
     psi = 0.083*[#   3]+0.083*[#   4]+0.083*[#   5]+0.083*[#  13]+0.083*[#  14]
          +0.083*[#  15]+0.083*[#  23]+0.083*[#  24]+0.083*[#  25]+0.083*[#  33]
          +0.083*[#  34]+0.083*[#  35]+0.001*[#   2]+0.001*[#  12]+0.001*[#  22]
          +0.001*[#  32]
    |psi|^2 = 1.000
==== e(   9) =   -46.07819 eV ==== 
     psi = 0.083*[#   3]+0.083*[#   4]+0.083*[#   5]+0.083*[#  13]+0.083*[#  15]
          +0.083*[#  23]+0.083*[#  24]+0.083*[#  34]+0.083*[#  35]+0.083*[#  14]
          +0.083*[#  25]+0.083*[#  33]
    |psi|^2 = 1.000
==== e(  10) =   -46.06345 eV ==== 
     psi = 0.140*[#   3]+0.140*[#   4]+0.140*[#   5]+0.128*[#  14]+0.128*[#  25]
          +0.128*[#  33]+0.033*[#  13]+0.033*[#  15]+0.033*[#  23]+0.033*[#  24]
          +0.033*[#  34]+0.033*[#  35]
    |psi|^2 = 1.000
==== e(  11) =   -46.06344 eV ==== 
     psi = 0.134*[#  13]+0.134*[#  15]+0.134*[#  23]+0.134*[#  24]+0.134*[#  34]
          +0.134*[#  35]+0.039*[#  14]+0.039*[#  25]+0.039*[#  33]+0.027*[#   3]
          +0.027*[#   4]+0.027*[#   5]
    |psi|^2 = 1.000
==== e(  12) =   -46.04524 eV ==== 
     psi = 0.084*[#  14]+0.084*[#  25]+0.084*[#  33]+0.083*[#   3]+0.083*[#   4]
          +0.083*[#   5]+0.083*[#  13]+0.083*[#  15]+0.083*[#  23]+0.083*[#  24]
          +0.083*[#  34]+0.083*[#  35]
    |psi|^2 = 1.000
==== e(  13) =   -46.04339 eV ==== 
     psi = 0.150*[#   3]+0.150*[#   4]+0.150*[#   5]+0.072*[#  13]+0.072*[#  15]
          +0.072*[#  23]+0.072*[#  24]+0.072*[#  34]+0.072*[#  35]+0.040*[#  14]
          +0.040*[#  25]+0.040*[#  33]
    |psi|^2 = 1.000
==== e(  14) =   -46.04337 eV ==== 
     psi = 0.126*[#  14]+0.126*[#  25]+0.126*[#  33]+0.095*[#  13]+0.095*[#  15]
          +0.095*[#  23]+0.095*[#  24]+0.095*[#  34]+0.095*[#  35]+0.017*[#   3]
          +0.017*[#   4]+0.017*[#   5]
    |psi|^2 = 1.000
==== e(  15) =   -46.03384 eV ==== 
     psi = 0.083*[#  14]+0.083*[#  25]+0.083*[#  33]+0.083*[#  13]+0.083*[#  15]
          +0.083*[#  23]+0.083*[#  24]+0.083*[#  34]+0.083*[#  35]+0.083*[#   3]
          +0.083*[#   4]+0.083*[#   5]
    |psi|^2 = 1.000
==== e(  16) =   -46.02359 eV ==== 
     psi = 0.083*[#  13]+0.083*[#  14]+0.083*[#  15]+0.083*[#  23]+0.083*[#  24]
          +0.083*[#  25]+0.083*[#  33]+0.083*[#  34]+0.083*[#  35]+0.083*[#   3]
          +0.083*[#   4]+0.083*[#   5]
    |psi|^2 = 1.000
==== e(  17) =    12.38721 eV ==== 
     psi = 0.169*[#   2]+0.169*[#  12]+0.169*[#  22]+0.169*[#  32]+0.025*[#   7]
          +0.025*[#   8]+0.025*[#  10]+0.025*[#  17]+0.025*[#  18]+0.025*[#  20]
          +0.025*[#  27]+0.025*[#  28]+0.025*[#  30]+0.025*[#  37]+0.025*[#  38]
          +0.025*[#  40]+0.001*[#   1]+0.001*[#  11]+0.001*[#  21]+0.001*[#  31]
          
    |psi|^2 = 0.992
==== e(  18) =    13.49689 eV ==== 
     psi = 0.085*[#  12]+0.085*[#  22]+0.085*[#  32]+0.077*[#  17]+0.077*[#  20]
          +0.077*[#  28]+0.077*[#  30]+0.077*[#  37]+0.077*[#  38]+0.073*[#   7]
          +0.073*[#   8]+0.073*[#  10]+0.009*[#  39]+0.008*[#   6]+0.008*[#   9]
          +0.007*[#  16]+0.007*[#  26]+0.003*[#  19]+0.003*[#  29]+0.001*[#  18]
          +0.001*[#  27]+0.001*[#  40]+0.001*[#  36]
    |psi|^2 = 0.991
==== e(  19) =    13.49690 eV ==== 
     psi = 0.127*[#   2]+0.113*[#  18]+0.113*[#  27]+0.113*[#  40]+0.042*[#  12]
          +0.042*[#  22]+0.042*[#  32]+0.041*[#   7]+0.041*[#   8]+0.041*[#  10]
          +0.037*[#  17]+0.037*[#  20]+0.037*[#  28]+0.037*[#  30]+0.037*[#  37]
          +0.037*[#  38]+0.011*[#  36]+0.009*[#  19]+0.009*[#  29]+0.005*[#  16]
          +0.005*[#  26]+0.004*[#   6]+0.004*[#   9]+0.003*[#  39]
    |psi|^2 = 0.991
==== e(  20) =    13.72944 eV ==== 
     psi = 0.071*[#   7]+0.071*[#   8]+0.071*[#  10]+0.071*[#  17]+0.071*[#  18]
          +0.071*[#  20]+0.071*[#  27]+0.071*[#  28]+0.071*[#  30]+0.071*[#  37]
          +0.071*[#  38]+0.071*[#  40]+0.034*[#   2]+0.034*[#  12]+0.034*[#  22]
          +0.034*[#  32]+0.001*[#   6]+0.001*[#   9]+0.001*[#  16]+0.001*[#  19]
          +0.001*[#  26]+0.001*[#  29]+0.001*[#  36]+0.001*[#  39]
    |psi|^2 = 0.995
==== e(  21) =    14.97357 eV ==== 
     psi = 0.109*[#   6]+0.109*[#   9]+0.109*[#  16]+0.109*[#  19]+0.109*[#  26]
          +0.109*[#  29]+0.109*[#  36]+0.109*[#  39]+0.005*[#   7]+0.005*[#   8]
          +0.005*[#  10]+0.005*[#  17]+0.005*[#  18]+0.005*[#  20]+0.005*[#  27]
          +0.005*[#  28]+0.005*[#  30]+0.005*[#  37]+0.005*[#  38]+0.005*[#  40]
          
    |psi|^2 = 0.941
==== e(  22) =    15.07436 eV ==== 
     psi = 0.161*[#  36]+0.129*[#  19]+0.129*[#  29]+0.096*[#   6]+0.096*[#   9]
          +0.065*[#  16]+0.065*[#  26]+0.032*[#  39]+0.022*[#  18]+0.022*[#  27]
          +0.022*[#  40]+0.016*[#   2]+0.009*[#   7]+0.009*[#   8]+0.009*[#  10]
          +0.006*[#  17]+0.006*[#  20]+0.006*[#  28]+0.006*[#  30]+0.006*[#  37]
          +0.006*[#  38]+0.005*[#  12]+0.005*[#  22]+0.005*[#  32]
    |psi|^2 = 0.936
==== e(  23) =    15.07437 eV ==== 
     psi = 0.161*[#  39]+0.128*[#  16]+0.128*[#  26]+0.097*[#   6]+0.097*[#   9]
          +0.064*[#  19]+0.064*[#  29]+0.032*[#  36]+0.016*[#  17]+0.016*[#  20]
          +0.016*[#  28]+0.016*[#  30]+0.016*[#  37]+0.016*[#  38]+0.013*[#   7]
          +0.013*[#   8]+0.013*[#  10]+0.011*[#  12]+0.011*[#  22]+0.011*[#  32]
          
    |psi|^2 = 0.936
==== e(  24) =    15.35604 eV ==== 
     psi = 0.060*[#   7]+0.060*[#   8]+0.060*[#  10]+0.060*[#  17]+0.060*[#  18]
          +0.060*[#  20]+0.060*[#  27]+0.060*[#  28]+0.060*[#  30]+0.060*[#  37]
          +0.060*[#  38]+0.060*[#  40]+0.052*[#   2]+0.052*[#  12]+0.052*[#  22]
          +0.052*[#  32]+0.001*[#   6]+0.001*[#   9]+0.001*[#  16]+0.001*[#  19]
          +0.001*[#  26]+0.001*[#  29]+0.001*[#  36]+0.001*[#  39]
    |psi|^2 = 0.944
==== e(  25) =    15.45219 eV ==== 
     psi = 0.098*[#   7]+0.098*[#   8]+0.098*[#  10]+0.090*[#  18]+0.090*[#  27]
          +0.090*[#  40]+0.047*[#  17]+0.047*[#  20]+0.047*[#  28]+0.047*[#  30]
          +0.047*[#  37]+0.047*[#  38]+0.036*[#   2]+0.012*[#  12]+0.012*[#  22]
          +0.012*[#  32]+0.007*[#   6]+0.007*[#   9]+0.005*[#  36]+0.004*[#  19]
          +0.004*[#  29]+0.001*[#  16]+0.001*[#  26]
    |psi|^2 = 0.947
==== e(  26) =    15.45220 eV ==== 
     psi = 0.094*[#  17]+0.094*[#  20]+0.094*[#  28]+0.094*[#  30]+0.094*[#  37]
          +0.094*[#  38]+0.051*[#  18]+0.051*[#  27]+0.051*[#  40]+0.042*[#   7]
          +0.042*[#   8]+0.042*[#  10]+0.024*[#  12]+0.024*[#  22]+0.024*[#  32]
          +0.007*[#  39]+0.006*[#  16]+0.006*[#  26]+0.004*[#  19]+0.004*[#  29]
          +0.002*[#  36]
    |psi|^2 = 0.947
==== e(  27) =    15.58413 eV ==== 
     psi = 0.071*[#   7]+0.071*[#   8]+0.071*[#  10]+0.071*[#  17]+0.071*[#  18]
          +0.071*[#  20]+0.071*[#  27]+0.071*[#  28]+0.071*[#  30]+0.071*[#  37]
          +0.071*[#  38]+0.071*[#  40]+0.003*[#   6]+0.003*[#   9]+0.003*[#  16]
          +0.003*[#  19]+0.003*[#  26]+0.003*[#  29]+0.003*[#  36]+0.003*[#  39]
          
    |psi|^2 = 0.878
==== e(  28) =    15.61868 eV ==== 
     psi = 0.060*[#   6]+0.060*[#   9]+0.060*[#  16]+0.060*[#  19]+0.060*[#  26]
          +0.060*[#  29]+0.060*[#  36]+0.060*[#  39]+0.042*[#   7]+0.042*[#   8]
          +0.042*[#  10]+0.042*[#  17]+0.042*[#  18]+0.042*[#  20]+0.042*[#  27]
          +0.042*[#  28]+0.042*[#  30]+0.042*[#  37]+0.042*[#  38]+0.042*[#  40]
          +0.002*[#   2]+0.002*[#  12]+0.002*[#  22]+0.002*[#  32]
    |psi|^2 = 0.995
==== e(  29) =    15.69886 eV ==== 
     psi = 0.059*[#   6]+0.059*[#   9]+0.059*[#  16]+0.059*[#  19]+0.059*[#  26]
          +0.059*[#  29]+0.059*[#  36]+0.059*[#  39]+0.044*[#   7]+0.044*[#   8]
          +0.044*[#  10]+0.044*[#  17]+0.044*[#  18]+0.044*[#  20]+0.044*[#  27]
          +0.044*[#  28]+0.044*[#  30]+0.044*[#  37]+0.044*[#  38]+0.044*[#  40]
          
    |psi|^2 = 0.999
==== e(  30) =    15.95934 eV ==== 
     psi = 0.115*[#  36]+0.092*[#  19]+0.092*[#  29]+0.065*[#   6]+0.065*[#   9]
          +0.063*[#   7]+0.063*[#   8]+0.063*[#  10]+0.047*[#  16]+0.047*[#  26]
          +0.031*[#  17]+0.031*[#  20]+0.031*[#  28]+0.031*[#  30]+0.031*[#  37]
          +0.031*[#  38]+0.024*[#  39]+0.022*[#  18]+0.022*[#  27]+0.022*[#  40]
          +0.002*[#   2]
    |psi|^2 = 0.996
==== e(  31) =    15.95935 eV ==== 
     psi = 0.113*[#  39]+0.090*[#  16]+0.090*[#  26]+0.072*[#   6]+0.072*[#   9]
          +0.052*[#  18]+0.052*[#  27]+0.052*[#  40]+0.045*[#  19]+0.045*[#  29]
          +0.042*[#  17]+0.042*[#  20]+0.042*[#  28]+0.042*[#  30]+0.042*[#  37]
          +0.042*[#  38]+0.022*[#  36]+0.011*[#   7]+0.011*[#   8]+0.011*[#  10]
          +0.001*[#  12]+0.001*[#  22]+0.001*[#  32]
    |psi|^2 = 0.996
==== e(  32) =    15.99116 eV ==== 
     psi = 0.078*[#   6]+0.078*[#   9]+0.078*[#  16]+0.078*[#  19]+0.078*[#  26]
          +0.078*[#  29]+0.078*[#  36]+0.078*[#  39]+0.031*[#   7]+0.031*[#   8]
          +0.031*[#  10]+0.031*[#  17]+0.031*[#  18]+0.031*[#  20]+0.031*[#  27]
          +0.031*[#  28]+0.031*[#  30]+0.031*[#  37]+0.031*[#  38]+0.031*[#  40]
          
    |psi|^2 = 0.998
==== e(  33) =    16.86342 eV ==== 
     psi = 0.065*[#   6]+0.065*[#   9]+0.065*[#  16]+0.065*[#  19]+0.065*[#  26]
          +0.065*[#  29]+0.065*[#  36]+0.065*[#  39]+0.040*[#   7]+0.040*[#   8]
          +0.040*[#  10]+0.040*[#  17]+0.040*[#  18]+0.040*[#  20]+0.040*[#  27]
          +0.040*[#  28]+0.040*[#  30]+0.040*[#  37]+0.040*[#  38]+0.040*[#  40]
          
    |psi|^2 = 0.999
==== e(  34) =    17.26396 eV ==== 
     psi = 0.052*[#   7]+0.052*[#   8]+0.052*[#  10]+0.052*[#  17]+0.052*[#  18]
          +0.052*[#  20]+0.052*[#  27]+0.052*[#  28]+0.052*[#  30]+0.052*[#  37]
          +0.052*[#  38]+0.052*[#  40]+0.046*[#   6]+0.046*[#   9]+0.046*[#  16]
          +0.046*[#  19]+0.046*[#  26]+0.046*[#  29]+0.046*[#  36]+0.046*[#  39]
          
    |psi|^2 = 1.000
==== e(  35) =    17.28383 eV ==== 
     psi = 0.092*[#  36]+0.075*[#   7]+0.075*[#   8]+0.075*[#  10]+0.074*[#  19]
          +0.074*[#  29]+0.051*[#   6]+0.051*[#   9]+0.039*[#  18]+0.039*[#  27]
          +0.039*[#  40]+0.038*[#  16]+0.038*[#  26]+0.036*[#  17]+0.036*[#  20]
          +0.036*[#  28]+0.036*[#  30]+0.036*[#  37]+0.036*[#  38]+0.019*[#  39]
          
    |psi|^2 = 0.997
==== e(  36) =    17.28383 eV ==== 
     psi = 0.089*[#  39]+0.071*[#  16]+0.071*[#  26]+0.058*[#   6]+0.058*[#   9]
          +0.057*[#  17]+0.057*[#  20]+0.057*[#  28]+0.057*[#  30]+0.057*[#  37]
          +0.057*[#  38]+0.054*[#  18]+0.054*[#  27]+0.054*[#  40]+0.035*[#  19]
          +0.035*[#  29]+0.018*[#   7]+0.018*[#   8]+0.018*[#  10]+0.017*[#  36]
          
    |psi|^2 = 0.997
==== e(  37) =    17.28657 eV ==== 
     psi = 0.063*[#   6]+0.063*[#   9]+0.063*[#  16]+0.063*[#  19]+0.063*[#  26]
          +0.063*[#  29]+0.063*[#  36]+0.063*[#  39]+0.036*[#   7]+0.036*[#   8]
          +0.036*[#  10]+0.036*[#  17]+0.036*[#  18]+0.036*[#  20]+0.036*[#  27]
          +0.036*[#  28]+0.036*[#  30]+0.036*[#  37]+0.036*[#  38]+0.036*[#  40]
          +0.014*[#   2]+0.014*[#  12]+0.014*[#  22]+0.014*[#  32]
    |psi|^2 = 0.993
==== e(  38) =    19.05481 eV ==== 
     psi = 0.177*[#   2]+0.059*[#  12]+0.059*[#  22]+0.059*[#  32]+0.043*[#   7]
          +0.043*[#   8]+0.043*[#  10]+0.036*[#  18]+0.036*[#  27]+0.036*[#  40]
          +0.031*[#  36]+0.026*[#   6]+0.026*[#   9]+0.025*[#  19]+0.025*[#  29]
          +0.011*[#  16]+0.011*[#  26]+0.005*[#  39]+0.004*[#  17]+0.004*[#  20]
          +0.004*[#  28]+0.004*[#  30]+0.004*[#  37]+0.004*[#  38]+0.001*[#   1]
          
    |psi|^2 = 0.781
==== e(  39) =    19.05482 eV ==== 
     psi = 0.118*[#  12]+0.118*[#  22]+0.118*[#  32]+0.040*[#  17]+0.040*[#  20]
          +0.040*[#  28]+0.040*[#  30]+0.040*[#  37]+0.040*[#  38]+0.036*[#  39]
          +0.029*[#  16]+0.029*[#  26]+0.016*[#  19]+0.016*[#  29]+0.014*[#   6]
          +0.014*[#   9]+0.009*[#  36]+0.008*[#  18]+0.008*[#  27]+0.008*[#  40]
          
    |psi|^2 = 0.781
==== e(  40) =    20.64440 eV ==== 
     psi = 0.011*[#   6]+0.011*[#   9]+0.011*[#  16]+0.011*[#  19]+0.011*[#  26]
          +0.011*[#  29]+0.011*[#  36]+0.011*[#  39]+0.007*[#   7]+0.007*[#   8]
          +0.007*[#  10]+0.007*[#  17]+0.007*[#  18]+0.007*[#  20]+0.007*[#  27]
          +0.007*[#  28]+0.007*[#  30]+0.007*[#  37]+0.007*[#  38]+0.007*[#  40]
          
    |psi|^2 = 0.173
==== e(  41) =    23.81472 eV ==== 
     psi = 0.202*[#   2]+0.202*[#  12]+0.202*[#  22]+0.202*[#  32]+0.012*[#   7]
          +0.012*[#   8]+0.012*[#  10]+0.012*[#  17]+0.012*[#  18]+0.012*[#  20]
          +0.012*[#  27]+0.012*[#  28]+0.012*[#  30]+0.012*[#  37]+0.012*[#  38]
          +0.012*[#  40]+0.002*[#   1]+0.002*[#  11]+0.002*[#  21]+0.002*[#  31]
          
    |psi|^2 = 0.959
==== e(  42) =    25.59844 eV ==== 
     psi = 0.085*[#  12]+0.085*[#  22]+0.085*[#  32]+0.008*[#   7]+0.008*[#   8]
          +0.008*[#  10]+0.007*[#  17]+0.007*[#  20]+0.007*[#  28]+0.007*[#  30]
          +0.007*[#  37]+0.007*[#  38]
    |psi|^2 = 0.323
==== e(  43) =    25.59845 eV ==== 
     psi = 0.127*[#   2]+0.042*[#  12]+0.042*[#  22]+0.042*[#  32]+0.011*[#  18]
          +0.011*[#  27]+0.011*[#  40]+0.004*[#  17]+0.004*[#  20]+0.004*[#  28]
          +0.004*[#  30]+0.004*[#  37]+0.004*[#  38]+0.003*[#   7]+0.003*[#   8]
          +0.003*[#  10]
    |psi|^2 = 0.323

 k =   0.2500000000  0.3750000000 -0.5000000000
==== e(   1) =   -85.72510 eV ==== 
     psi = 0.502*[#   1]+0.165*[#  11]+0.165*[#  21]+0.165*[#  31]
    |psi|^2 = 1.000
==== e(   2) =   -85.72508 eV ==== 
     psi = 0.333*[#  11]+0.333*[#  21]+0.333*[#  31]
    |psi|^2 = 1.000
==== e(   3) =   -85.71912 eV ==== 
     psi = 0.493*[#   1]+0.167*[#  11]+0.167*[#  21]+0.167*[#  31]+0.003*[#   2]
          
    |psi|^2 = 1.000
==== e(   4) =   -85.71910 eV ==== 
     psi = 0.331*[#  11]+0.331*[#  21]+0.331*[#  31]+0.002*[#  12]+0.002*[#  22]
          +0.002*[#  32]
    |psi|^2 = 1.000
==== e(   5) =   -46.19650 eV ==== 
     psi = 0.114*[#   3]+0.114*[#   4]+0.114*[#   5]+0.110*[#  13]+0.110*[#  15]
          +0.110*[#  23]+0.110*[#  24]+0.110*[#  34]+0.110*[#  35]
    |psi|^2 = 1.000
==== e(   6) =   -46.19649 eV ==== 
     psi = 0.166*[#  14]+0.166*[#  25]+0.166*[#  33]+0.057*[#  13]+0.057*[#  15]
          +0.057*[#  23]+0.057*[#  24]+0.057*[#  34]+0.057*[#  35]+0.053*[#   3]
          +0.053*[#   4]+0.053*[#   5]
    |psi|^2 = 1.000
==== e(   7) =   -46.18109 eV ==== 
     psi = 0.118*[#  13]+0.118*[#  15]+0.118*[#  23]+0.118*[#  24]+0.118*[#  34]
          +0.118*[#  35]+0.096*[#   3]+0.096*[#   4]+0.096*[#   5]+0.002*[#   2]
          
    |psi|^2 = 1.000
==== e(   8) =   -46.18108 eV ==== 
     psi = 0.166*[#  14]+0.166*[#  25]+0.166*[#  33]+0.070*[#   3]+0.070*[#   4]
          +0.070*[#   5]+0.048*[#  13]+0.048*[#  15]+0.048*[#  23]+0.048*[#  24]
          +0.048*[#  34]+0.048*[#  35]+0.001*[#  12]+0.001*[#  22]+0.001*[#  32]
          
    |psi|^2 = 1.000
==== e(   9) =   -46.07002 eV ==== 
     psi = 0.159*[#   3]+0.159*[#   4]+0.159*[#   5]+0.087*[#  13]+0.087*[#  15]
          +0.087*[#  23]+0.087*[#  24]+0.087*[#  34]+0.087*[#  35]
    |psi|^2 = 1.000
==== e(  10) =   -46.07000 eV ==== 
     psi = 0.166*[#  14]+0.166*[#  25]+0.166*[#  33]+0.080*[#  13]+0.080*[#  15]
          +0.080*[#  23]+0.080*[#  24]+0.080*[#  34]+0.080*[#  35]+0.007*[#   3]
          +0.007*[#   4]+0.007*[#   5]
    |psi|^2 = 1.000
==== e(  11) =   -46.04575 eV ==== 
     psi = 0.130*[#   3]+0.130*[#   4]+0.130*[#   5]+0.101*[#  13]+0.101*[#  15]
          +0.101*[#  23]+0.101*[#  24]+0.101*[#  34]+0.101*[#  35]
    |psi|^2 = 1.000
==== e(  12) =   -46.04574 eV ==== 
     psi = 0.166*[#  14]+0.166*[#  25]+0.166*[#  33]+0.065*[#  13]+0.065*[#  15]
          +0.065*[#  23]+0.065*[#  24]+0.065*[#  34]+0.065*[#  35]+0.036*[#   3]
          +0.036*[#   4]+0.036*[#   5]
    |psi|^2 = 1.000
==== e(  13) =   -46.04137 eV ==== 
     psi = 0.167*[#  14]+0.167*[#  25]+0.167*[#  33]+0.106*[#   3]+0.106*[#   4]
          +0.106*[#   5]+0.030*[#  13]+0.030*[#  15]+0.030*[#  23]+0.030*[#  24]
          +0.030*[#  34]+0.030*[#  35]
    |psi|^2 = 1.000
==== e(  14) =   -46.04137 eV ==== 
     psi = 0.137*[#  13]+0.137*[#  15]+0.137*[#  23]+0.137*[#  24]+0.137*[#  34]
          +0.137*[#  35]+0.060*[#   3]+0.060*[#   4]+0.060*[#   5]
    |psi|^2 = 1.000
==== e(  15) =   -46.03146 eV ==== 
     psi = 0.114*[#  13]+0.114*[#  15]+0.114*[#  23]+0.114*[#  24]+0.114*[#  34]
          +0.114*[#  35]+0.106*[#   3]+0.106*[#   4]+0.106*[#   5]
    |psi|^2 = 1.000
==== e(  16) =   -46.03145 eV ==== 
     psi = 0.167*[#  14]+0.167*[#  25]+0.167*[#  33]+0.060*[#   3]+0.060*[#   4]
          +0.060*[#   5]+0.053*[#  13]+0.053*[#  15]+0.053*[#  23]+0.053*[#  24]
          +0.053*[#  34]+0.053*[#  35]
    |psi|^2 = 1.000
==== e(  17) =    12.98126 eV ==== 
     psi = 0.152*[#  12]+0.152*[#  22]+0.152*[#  32]+0.059*[#   7]+0.059*[#   8]
          +0.059*[#  10]+0.056*[#  17]+0.056*[#  20]+0.056*[#  28]+0.056*[#  30]
          +0.056*[#  37]+0.056*[#  38]+0.005*[#  39]+0.004*[#  16]+0.004*[#  26]
          +0.003*[#  19]+0.003*[#  29]+0.002*[#  36]
    |psi|^2 = 0.991
==== e(  18) =    12.98128 eV ==== 
     psi = 0.229*[#   2]+0.085*[#  18]+0.085*[#  27]+0.085*[#  40]+0.076*[#  12]
          +0.076*[#  22]+0.076*[#  32]+0.029*[#  17]+0.029*[#  20]+0.029*[#  28]
          +0.029*[#  30]+0.029*[#  37]+0.029*[#  38]+0.026*[#   7]+0.026*[#   8]
          +0.026*[#  10]+0.005*[#   6]+0.005*[#   9]+0.003*[#  36]+0.002*[#  19]
          +0.002*[#  29]
    |psi|^2 = 0.991
==== e(  19) =    13.59625 eV ==== 
     psi = 0.104*[#   7]+0.104*[#   8]+0.104*[#  10]+0.084*[#  17]+0.084*[#  20]
          +0.084*[#  28]+0.084*[#  30]+0.084*[#  37]+0.084*[#  38]+0.058*[#  12]
          +0.058*[#  22]+0.058*[#  32]
    |psi|^2 = 0.994
==== e(  20) =    13.59626 eV ==== 
     psi = 0.136*[#  18]+0.136*[#  27]+0.136*[#  40]+0.087*[#   2]+0.052*[#  17]
          +0.052*[#  20]+0.052*[#  28]+0.052*[#  30]+0.052*[#  37]+0.052*[#  38]
          +0.032*[#   7]+0.032*[#   8]+0.032*[#  10]+0.029*[#  12]+0.029*[#  22]
          +0.029*[#  32]+0.001*[#   6]+0.001*[#   9]
    |psi|^2 = 0.994
==== e(  21) =    15.11537 eV ==== 
     psi = 0.200*[#  36]+0.168*[#  19]+0.168*[#  29]+0.103*[#  16]+0.103*[#  26]
          +0.071*[#  39]+0.024*[#   7]+0.024*[#   8]+0.024*[#  10]+0.012*[#  17]
          +0.012*[#  20]+0.012*[#  28]+0.012*[#  30]+0.012*[#  37]+0.012*[#  38]
          +0.002*[#  12]+0.002*[#  22]+0.002*[#  32]
    |psi|^2 = 0.961
==== e(  22) =    15.11537 eV ==== 
     psi = 0.203*[#   6]+0.203*[#   9]+0.132*[#  39]+0.100*[#  16]+0.100*[#  26]
          +0.035*[#  19]+0.035*[#  29]+0.024*[#  18]+0.024*[#  27]+0.024*[#  40]
          +0.012*[#  17]+0.012*[#  20]+0.012*[#  28]+0.012*[#  30]+0.012*[#  37]
          +0.012*[#  38]+0.003*[#  36]+0.003*[#   2]
    |psi|^2 = 0.961
==== e(  23) =    15.40445 eV ==== 
     psi = 0.120*[#  39]+0.104*[#  16]+0.104*[#  26]+0.071*[#  19]+0.071*[#  29]
          +0.055*[#  36]+0.044*[#  12]+0.044*[#  22]+0.044*[#  32]+0.031*[#  17]
          +0.031*[#  20]+0.031*[#  28]+0.031*[#  30]+0.031*[#  37]+0.031*[#  38]
          +0.029*[#   7]+0.029*[#   8]+0.029*[#  10]
    |psi|^2 = 0.928
==== e(  24) =    15.40446 eV ==== 
     psi = 0.131*[#   6]+0.131*[#   9]+0.077*[#  36]+0.065*[#   2]+0.060*[#  19]
          +0.060*[#  29]+0.045*[#  18]+0.045*[#  27]+0.045*[#  40]+0.027*[#  16]
          +0.027*[#  26]+0.022*[#  12]+0.022*[#  22]+0.022*[#  32]+0.017*[#   7]
          +0.017*[#   8]+0.017*[#  10]+0.014*[#  17]+0.014*[#  20]+0.014*[#  28]
          +0.014*[#  30]+0.014*[#  37]+0.014*[#  38]+0.011*[#  39]
    |psi|^2 = 0.928
==== e(  25) =    15.48599 eV ==== 
     psi = 0.104*[#  17]+0.104*[#  20]+0.104*[#  28]+0.104*[#  30]+0.104*[#  37]
          +0.104*[#  38]+0.041*[#   7]+0.041*[#   8]+0.041*[#  10]+0.031*[#  39]
          +0.029*[#  16]+0.029*[#  26]+0.025*[#  19]+0.025*[#  29]+0.023*[#  36]
          +0.022*[#  12]+0.022*[#  22]+0.022*[#  32]
    |psi|^2 = 0.976
==== e(  26) =    15.48599 eV ==== 
     psi = 0.125*[#  18]+0.125*[#  27]+0.125*[#  40]+0.084*[#   7]+0.084*[#   8]
          +0.084*[#  10]+0.040*[#   6]+0.040*[#   9]+0.033*[#   2]+0.020*[#  17]
          +0.020*[#  20]+0.020*[#  28]+0.020*[#  30]+0.020*[#  37]+0.020*[#  38]
          +0.018*[#  36]+0.016*[#  19]+0.016*[#  29]+0.011*[#  16]+0.011*[#  26]
          +0.011*[#  12]+0.011*[#  22]+0.011*[#  32]+0.009*[#  39]
    |psi|^2 = 0.976
==== e(  27) =    15.63108 eV ==== 
     psi = 0.115*[#   7]+0.115*[#   8]+0.115*[#  10]+0.069*[#  17]+0.069*[#  20]
          +0.069*[#  28]+0.069*[#  30]+0.069*[#  37]+0.069*[#  38]+0.017*[#  36]
          +0.014*[#  19]+0.014*[#  29]+0.009*[#  16]+0.009*[#  26]+0.009*[#  12]
          +0.009*[#  22]+0.009*[#  32]+0.006*[#  39]
    |psi|^2 = 0.859
==== e(  28) =    15.63110 eV ==== 
     psi = 0.127*[#  18]+0.127*[#  27]+0.127*[#  40]+0.058*[#  17]+0.058*[#  20]
          +0.058*[#  28]+0.058*[#  30]+0.058*[#  37]+0.058*[#  38]+0.018*[#   6]
          +0.018*[#   9]+0.013*[#   2]+0.012*[#   7]+0.012*[#   8]+0.012*[#  10]
          +0.011*[#  39]+0.009*[#  16]+0.009*[#  26]+0.004*[#  12]+0.004*[#  22]
          +0.004*[#  32]+0.003*[#  19]+0.003*[#  29]
    |psi|^2 = 0.859
==== e(  29) =    15.77301 eV ==== 
     psi = 0.127*[#   6]+0.127*[#   9]+0.080*[#  18]+0.080*[#  27]+0.080*[#  40]
          +0.068*[#  39]+0.055*[#  16]+0.055*[#  26]+0.031*[#  17]+0.031*[#  20]
          +0.031*[#  28]+0.031*[#  30]+0.031*[#  37]+0.031*[#  38]+0.029*[#  19]
          +0.029*[#  29]+0.018*[#   7]+0.018*[#   8]+0.018*[#  10]+0.016*[#  36]
          +0.004*[#   2]+0.001*[#  12]+0.001*[#  22]+0.001*[#  32]
    |psi|^2 = 0.996
==== e(  30) =    15.77301 eV ==== 
     psi = 0.110*[#  36]+0.097*[#  19]+0.097*[#  29]+0.071*[#  16]+0.071*[#  26]
          +0.062*[#   7]+0.062*[#   8]+0.062*[#  10]+0.059*[#  39]+0.049*[#  17]
          +0.049*[#  20]+0.049*[#  28]+0.049*[#  30]+0.049*[#  37]+0.049*[#  38]
          +0.002*[#  12]+0.002*[#  22]+0.002*[#  32]
    |psi|^2 = 0.996
==== e(  31) =    15.90502 eV ==== 
     psi = 0.153*[#   6]+0.153*[#   9]+0.101*[#  36]+0.076*[#  19]+0.076*[#  29]
          +0.063*[#  18]+0.063*[#  27]+0.063*[#  40]+0.044*[#   7]+0.044*[#   8]
          +0.044*[#  10]+0.026*[#  16]+0.026*[#  26]+0.010*[#  17]+0.010*[#  20]
          +0.010*[#  28]+0.010*[#  30]+0.010*[#  37]+0.010*[#  38]+0.002*[#  39]
          
    |psi|^2 = 0.995
==== e(  32) =    15.90503 eV ==== 
     psi = 0.152*[#  39]+0.127*[#  16]+0.127*[#  26]+0.077*[#  19]+0.077*[#  29]
          +0.054*[#  17]+0.054*[#  20]+0.054*[#  28]+0.054*[#  30]+0.054*[#  37]
          +0.054*[#  38]+0.053*[#  36]+0.020*[#   7]+0.020*[#   8]+0.020*[#  10]
          
    |psi|^2 = 0.995
==== e(  33) =    17.08457 eV ==== 
     psi = 0.115*[#   6]+0.115*[#   9]+0.087*[#  18]+0.087*[#  27]+0.087*[#  40]
          +0.051*[#  39]+0.045*[#  16]+0.045*[#  26]+0.036*[#  17]+0.036*[#  20]
          +0.036*[#  28]+0.036*[#  30]+0.036*[#  37]+0.036*[#  38]+0.032*[#  19]
          +0.032*[#  29]+0.025*[#  36]+0.015*[#   7]+0.015*[#   8]+0.015*[#  10]
          +0.006*[#   2]+0.002*[#  12]+0.002*[#  22]+0.002*[#  32]
    |psi|^2 = 0.995
==== e(  34) =    17.08457 eV ==== 
     psi = 0.090*[#  36]+0.083*[#  19]+0.083*[#  29]+0.072*[#   7]+0.072*[#   8]
          +0.072*[#  10]+0.070*[#  16]+0.070*[#  26]+0.064*[#  39]+0.051*[#  17]
          +0.051*[#  20]+0.051*[#  28]+0.051*[#  30]+0.051*[#  37]+0.051*[#  38]
          +0.004*[#  12]+0.004*[#  22]+0.004*[#  32]
    |psi|^2 = 0.995
==== e(  35) =    17.20416 eV ==== 
     psi = 0.104*[#  18]+0.104*[#  27]+0.104*[#  40]+0.094*[#   6]+0.094*[#   9]
          +0.073*[#   7]+0.073*[#   8]+0.073*[#  10]+0.061*[#  36]+0.046*[#  19]
          +0.046*[#  29]+0.016*[#  16]+0.016*[#  26]+0.016*[#  17]+0.016*[#  20]
          +0.016*[#  28]+0.016*[#  30]+0.016*[#  37]+0.016*[#  38]+0.002*[#  39]
          
    |psi|^2 = 0.999
==== e(  36) =    17.20417 eV ==== 
     psi = 0.092*[#  39]+0.088*[#  17]+0.088*[#  20]+0.088*[#  28]+0.088*[#  30]
          +0.088*[#  37]+0.088*[#  38]+0.077*[#  16]+0.077*[#  26]+0.048*[#  19]
          +0.048*[#  29]+0.033*[#  36]+0.031*[#   7]+0.031*[#   8]+0.031*[#  10]
          
    |psi|^2 = 0.999
==== e(  37) =    17.85542 eV ==== 
     psi = 0.069*[#  12]+0.069*[#  22]+0.069*[#  32]+0.066*[#   7]+0.066*[#   8]
          +0.066*[#  10]+0.054*[#  16]+0.054*[#  26]+0.054*[#  39]+0.054*[#  19]
          +0.054*[#  29]+0.054*[#  36]+0.036*[#  17]+0.036*[#  20]+0.036*[#  28]
          +0.036*[#  30]+0.036*[#  37]+0.036*[#  38]
    |psi|^2 = 0.947
==== e(  38) =    17.85542 eV ==== 
     psi = 0.104*[#   2]+0.081*[#   6]+0.081*[#   9]+0.069*[#  18]+0.069*[#  27]
          +0.069*[#  40]+0.035*[#  12]+0.035*[#  22]+0.035*[#  32]+0.033*[#  17]
          +0.033*[#  20]+0.033*[#  28]+0.033*[#  30]+0.033*[#  37]+0.033*[#  38]
          +0.027*[#  19]+0.027*[#  29]+0.027*[#  36]+0.027*[#  16]+0.027*[#  26]
          +0.027*[#  39]+0.003*[#   7]+0.003*[#   8]+0.003*[#  10]
    |psi|^2 = 0.947
==== e(  39) =    19.85457 eV ==== 
     psi = 0.068*[#  12]+0.068*[#  22]+0.068*[#  32]+0.028*[#  36]+0.026*[#   7]
          +0.026*[#   8]+0.026*[#  10]+0.024*[#  19]+0.024*[#  29]+0.015*[#  16]
          +0.015*[#  26]+0.013*[#  17]+0.013*[#  20]+0.013*[#  28]+0.013*[#  30]
          +0.013*[#  37]+0.013*[#  38]+0.011*[#  39]
    |psi|^2 = 0.482
==== e(  40) =    19.85459 eV ==== 
     psi = 0.102*[#   2]+0.034*[#  12]+0.034*[#  22]+0.034*[#  32]+0.029*[#   6]
          +0.029*[#   9]+0.026*[#  18]+0.026*[#  27]+0.026*[#  40]+0.019*[#  39]
          +0.014*[#  16]+0.014*[#  26]+0.013*[#  17]+0.013*[#  20]+0.013*[#  28]
          +0.013*[#  30]+0.013*[#  37]+0.013*[#  38]+0.005*[#  19]+0.005*[#  29]
          
    |psi|^2 = 0.482
==== e(  41) =    24.32218 eV ==== 
     psi = 0.184*[#  12]+0.184*[#  22]+0.184*[#  32]+0.013*[#   7]+0.013*[#   8]
          +0.013*[#  10]+0.013*[#  17]+0.013*[#  20]+0.013*[#  28]+0.013*[#  30]
          +0.013*[#  37]+0.013*[#  38]+0.002*[#  11]+0.002*[#  21]+0.002*[#  31]
          
    |psi|^2 = 0.673
==== e(  42) =    24.32221 eV ==== 
     psi = 0.276*[#   2]+0.092*[#  12]+0.092*[#  22]+0.092*[#  32]+0.019*[#  18]
          +0.019*[#  27]+0.019*[#  40]+0.006*[#  17]+0.006*[#  20]+0.006*[#  28]
          +0.006*[#  30]+0.006*[#  37]+0.006*[#  38]+0.006*[#   7]+0.006*[#   8]
          +0.006*[#  10]+0.002*[#   1]
    |psi|^2 = 0.673
==== e(  43) =    26.86643 eV ==== 
     psi = 0.028*[#  12]+0.028*[#  22]+0.028*[#  32]+0.024*[#   2]+0.004*[#   7]
          +0.004*[#   8]+0.004*[#  10]+0.004*[#  17]+0.004*[#  20]+0.004*[#  28]
          +0.004*[#  30]+0.004*[#  37]+0.004*[#  38]+0.003*[#  18]+0.003*[#  27]
          +0.003*[#  40]
    |psi|^2 = 0.155

 k =   0.2500000000 -0.5000000000 -0.5000000000
==== e(   1) =   -85.72213 eV ==== 
     psi = 0.996*[#   1]+0.001*[#   2]
    |psi|^2 = 1.000
==== e(   2) =   -85.72209 eV ==== 
     psi = 0.332*[#  11]+0.332*[#  21]+0.332*[#  31]
    |psi|^2 = 1.000
==== e(   3) =   -85.72209 eV ==== 
     psi = 0.332*[#  11]+0.332*[#  21]+0.332*[#  31]
    |psi|^2 = 1.000
==== e(   4) =   -85.72209 eV ==== 
     psi = 0.332*[#  11]+0.332*[#  21]+0.332*[#  31]
    |psi|^2 = 1.000
==== e(   5) =   -46.19412 eV ==== 
     psi = 0.121*[#   3]+0.121*[#   4]+0.121*[#   5]+0.106*[#  13]+0.106*[#  15]
          +0.106*[#  23]+0.106*[#  24]+0.106*[#  34]+0.106*[#  35]
    |psi|^2 = 1.000
==== e(   6) =   -46.19412 eV ==== 
     psi = 0.121*[#   3]+0.121*[#   4]+0.121*[#   5]+0.106*[#  13]+0.106*[#  15]
          +0.106*[#  23]+0.106*[#  24]+0.106*[#  34]+0.106*[#  35]
    |psi|^2 = 1.000
==== e(   7) =   -46.19412 eV ==== 
     psi = 0.120*[#  13]+0.120*[#  15]+0.120*[#  23]+0.120*[#  24]+0.120*[#  34]
          +0.120*[#  35]+0.092*[#   3]+0.092*[#   4]+0.092*[#   5]+0.002*[#   2]
          
    |psi|^2 = 1.000
==== e(   8) =   -46.19411 eV ==== 
     psi = 0.332*[#  14]+0.332*[#  25]+0.332*[#  33]
    |psi|^2 = 1.000
==== e(   9) =   -46.05630 eV ==== 
     psi = 0.242*[#   3]+0.242*[#   4]+0.242*[#   5]+0.046*[#  13]+0.046*[#  15]
          +0.046*[#  23]+0.046*[#  24]+0.046*[#  34]+0.046*[#  35]
    |psi|^2 = 1.000
==== e(  10) =   -46.05628 eV ==== 
     psi = 0.144*[#  13]+0.144*[#  15]+0.144*[#  23]+0.144*[#  24]+0.144*[#  34]
          +0.144*[#  35]+0.046*[#   3]+0.046*[#   4]+0.046*[#   5]
    |psi|^2 = 1.000
==== e(  11) =   -46.05628 eV ==== 
     psi = 0.144*[#  13]+0.144*[#  15]+0.144*[#  23]+0.144*[#  24]+0.144*[#  34]
          +0.144*[#  35]+0.046*[#   3]+0.046*[#   4]+0.046*[#   5]
    |psi|^2 = 1.000
==== e(  12) =   -46.05627 eV ==== 
     psi = 0.333*[#  14]+0.333*[#  25]+0.333*[#  33]
    |psi|^2 = 1.000
==== e(  13) =   -46.03312 eV ==== 
     psi = 0.167*[#   3]+0.167*[#   4]+0.167*[#   5]+0.083*[#  13]+0.083*[#  15]
          +0.083*[#  23]+0.083*[#  24]+0.083*[#  34]+0.083*[#  35]
    |psi|^2 = 1.000
==== e(  14) =   -46.03312 eV ==== 
     psi = 0.167*[#   3]+0.167*[#   4]+0.167*[#   5]+0.083*[#  13]+0.083*[#  15]
          +0.083*[#  23]+0.083*[#  24]+0.083*[#  34]+0.083*[#  35]
    |psi|^2 = 1.000
==== e(  15) =   -46.03310 eV ==== 
     psi = 0.167*[#  13]+0.167*[#  15]+0.167*[#  23]+0.167*[#  24]+0.167*[#  34]
          +0.167*[#  35]
    |psi|^2 = 1.000
==== e(  16) =   -46.03310 eV ==== 
     psi = 0.333*[#  14]+0.333*[#  25]+0.333*[#  33]
    |psi|^2 = 1.000
==== e(  17) =    13.28445 eV ==== 
     psi = 0.101*[#   7]+0.101*[#   8]+0.101*[#  10]+0.095*[#  12]+0.095*[#  22]
          +0.095*[#  32]+0.066*[#  17]+0.066*[#  20]+0.066*[#  28]+0.066*[#  30]
          +0.066*[#  37]+0.066*[#  38]+0.002*[#  36]+0.001*[#  19]+0.001*[#  29]
          
    |psi|^2 = 0.992
==== e(  18) =    13.28446 eV ==== 
     psi = 0.095*[#  12]+0.095*[#  22]+0.095*[#  32]+0.084*[#  17]+0.084*[#  20]
          +0.084*[#  28]+0.084*[#  30]+0.084*[#  37]+0.084*[#  38]+0.066*[#   7]
          +0.066*[#   8]+0.066*[#  10]+0.001*[#  39]+0.001*[#  16]+0.001*[#  26]
          
    |psi|^2 = 0.992
==== e(  19) =    13.28446 eV ==== 
     psi = 0.095*[#  12]+0.095*[#  22]+0.095*[#  32]+0.084*[#  17]+0.084*[#  20]
          +0.084*[#  28]+0.084*[#  30]+0.084*[#  37]+0.084*[#  38]+0.066*[#   7]
          +0.066*[#   8]+0.066*[#  10]+0.001*[#  39]+0.001*[#  16]+0.001*[#  26]
          
    |psi|^2 = 0.992
==== e(  20) =    13.28448 eV ==== 
     psi = 0.285*[#   2]+0.234*[#  18]+0.234*[#  27]+0.234*[#  40]+0.003*[#   6]
          +0.003*[#   9]
    |psi|^2 = 0.992
==== e(  21) =    15.35113 eV ==== 
     psi = 0.218*[#  36]+0.164*[#  19]+0.164*[#  29]+0.085*[#   7]+0.085*[#   8]
          +0.085*[#  10]+0.055*[#  16]+0.055*[#  26]+0.012*[#  17]+0.012*[#  20]
          +0.012*[#  28]+0.012*[#  30]+0.012*[#  37]+0.012*[#  38]+0.002*[#  12]
          +0.002*[#  22]+0.002*[#  32]
    |psi|^2 = 0.986
==== e(  22) =    15.35113 eV ==== 
     psi = 0.327*[#   6]+0.327*[#   9]+0.108*[#  18]+0.108*[#  27]+0.108*[#  40]
          +0.006*[#   2]
    |psi|^2 = 0.986
==== e(  23) =    15.35114 eV ==== 
     psi = 0.164*[#  39]+0.136*[#  16]+0.136*[#  26]+0.082*[#  19]+0.082*[#  29]
          +0.055*[#  36]+0.048*[#  17]+0.048*[#  20]+0.048*[#  28]+0.048*[#  30]
          +0.048*[#  37]+0.048*[#  38]+0.012*[#   7]+0.012*[#   8]+0.012*[#  10]
          +0.002*[#  12]+0.002*[#  22]+0.002*[#  32]
    |psi|^2 = 0.986
==== e(  24) =    15.35114 eV ==== 
     psi = 0.164*[#  39]+0.136*[#  16]+0.136*[#  26]+0.082*[#  19]+0.082*[#  29]
          +0.055*[#  36]+0.048*[#  17]+0.048*[#  20]+0.048*[#  28]+0.048*[#  30]
          +0.048*[#  37]+0.048*[#  38]+0.012*[#   7]+0.012*[#   8]+0.012*[#  10]
          +0.002*[#  12]+0.002*[#  22]+0.002*[#  32]
    |psi|^2 = 0.986
==== e(  25) =    15.72545 eV ==== 
     psi = 0.079*[#  17]+0.079*[#  20]+0.079*[#  28]+0.079*[#  30]+0.079*[#  37]
          +0.079*[#  38]+0.045*[#  12]+0.045*[#  22]+0.045*[#  32]+0.041*[#  36]
          +0.038*[#   7]+0.038*[#   8]+0.038*[#  10]+0.031*[#  19]+0.031*[#  29]
          +0.010*[#  16]+0.010*[#  26]
    |psi|^2 = 0.847
==== e(  26) =    15.72548 eV ==== 
     psi = 0.079*[#   7]+0.079*[#   8]+0.079*[#  10]+0.058*[#  17]+0.058*[#  20]
          +0.058*[#  28]+0.058*[#  30]+0.058*[#  37]+0.058*[#  38]+0.045*[#  12]
          +0.045*[#  22]+0.045*[#  32]+0.031*[#  39]+0.025*[#  16]+0.025*[#  26]
          +0.015*[#  19]+0.015*[#  29]+0.010*[#  36]
    |psi|^2 = 0.847
==== e(  27) =    15.72548 eV ==== 
     psi = 0.079*[#   7]+0.079*[#   8]+0.079*[#  10]+0.058*[#  17]+0.058*[#  20]
          +0.058*[#  28]+0.058*[#  30]+0.058*[#  37]+0.058*[#  38]+0.045*[#  12]
          +0.045*[#  22]+0.045*[#  32]+0.031*[#  39]+0.025*[#  16]+0.025*[#  26]
          +0.015*[#  19]+0.015*[#  29]+0.010*[#  36]
    |psi|^2 = 0.847
==== e(  28) =    15.72548 eV ==== 
     psi = 0.196*[#  18]+0.196*[#  27]+0.196*[#  40]+0.136*[#   2]+0.061*[#   6]
          +0.061*[#   9]
    |psi|^2 = 0.847
==== e(  29) =    15.75848 eV ==== 
     psi = 0.299*[#   6]+0.299*[#   9]+0.134*[#  18]+0.134*[#  27]+0.134*[#  40]
          
    |psi|^2 = 0.998
==== e(  30) =    15.75848 eV ==== 
     psi = 0.149*[#  36]+0.125*[#  19]+0.125*[#  29]+0.075*[#  16]+0.075*[#  26]
          +0.067*[#   7]+0.067*[#   8]+0.067*[#  10]+0.050*[#  39]+0.033*[#  17]
          +0.033*[#  20]+0.033*[#  28]+0.033*[#  30]+0.033*[#  37]+0.033*[#  38]
          
    |psi|^2 = 0.998
==== e(  31) =    15.75848 eV ==== 
     psi = 0.149*[#  36]+0.125*[#  19]+0.125*[#  29]+0.075*[#  16]+0.075*[#  26]
          +0.067*[#   7]+0.067*[#   8]+0.067*[#  10]+0.050*[#  39]+0.033*[#  17]
          +0.033*[#  20]+0.033*[#  28]+0.033*[#  30]+0.033*[#  37]+0.033*[#  38]
          
    |psi|^2 = 0.998
==== e(  32) =    15.75849 eV ==== 
     psi = 0.199*[#  39]+0.149*[#  16]+0.149*[#  26]+0.067*[#  17]+0.067*[#  20]
          +0.067*[#  28]+0.067*[#  30]+0.067*[#  37]+0.067*[#  38]+0.050*[#  19]
          +0.050*[#  29]
    |psi|^2 = 0.998
==== e(  33) =    17.06508 eV ==== 
     psi = 0.200*[#   6]+0.200*[#   9]+0.200*[#  18]+0.200*[#  27]+0.200*[#  40]
          
    |psi|^2 = 1.000
==== e(  34) =    17.06508 eV ==== 
     psi = 0.100*[#  36]+0.100*[#   7]+0.100*[#   8]+0.100*[#  10]+0.083*[#  19]
          +0.083*[#  29]+0.050*[#  16]+0.050*[#  26]+0.050*[#  17]+0.050*[#  20]
          +0.050*[#  28]+0.050*[#  30]+0.050*[#  37]+0.050*[#  38]+0.033*[#  39]
          
    |psi|^2 = 1.000
==== e(  35) =    17.06508 eV ==== 
     psi = 0.100*[#  36]+0.100*[#   7]+0.100*[#   8]+0.100*[#  10]+0.083*[#  19]
          +0.083*[#  29]+0.050*[#  16]+0.050*[#  26]+0.050*[#  17]+0.050*[#  20]
          +0.050*[#  28]+0.050*[#  30]+0.050*[#  37]+0.050*[#  38]+0.033*[#  39]
          
    |psi|^2 = 1.000
==== e(  36) =    17.06509 eV ==== 
     psi = 0.134*[#  39]+0.100*[#  16]+0.100*[#  26]+0.100*[#  17]+0.100*[#  20]
          +0.100*[#  28]+0.100*[#  30]+0.100*[#  37]+0.100*[#  38]+0.033*[#  19]
          +0.033*[#  29]
    |psi|^2 = 1.000
==== e(  37) =    18.63055 eV ==== 
     psi = 0.101*[#   7]+0.101*[#   8]+0.101*[#  10]+0.097*[#  12]+0.097*[#  22]
          +0.097*[#  32]+0.072*[#  36]+0.054*[#  19]+0.054*[#  29]+0.018*[#  16]
          +0.018*[#  26]
    |psi|^2 = 0.813
==== e(  38) =    18.63057 eV ==== 
     psi = 0.291*[#   2]+0.107*[#   6]+0.107*[#   9]+0.102*[#  18]+0.102*[#  27]
          +0.102*[#  40]+0.002*[#   1]
    |psi|^2 = 0.813
==== e(  39) =    18.63058 eV ==== 
     psi = 0.097*[#  12]+0.097*[#  22]+0.097*[#  32]+0.054*[#  39]+0.051*[#  17]
          +0.051*[#  20]+0.051*[#  28]+0.051*[#  30]+0.051*[#  37]+0.051*[#  38]
          +0.045*[#  16]+0.045*[#  26]+0.027*[#  19]+0.027*[#  29]+0.018*[#  36]
          
    |psi|^2 = 0.813
==== e(  40) =    18.63058 eV ==== 
     psi = 0.097*[#  12]+0.097*[#  22]+0.097*[#  32]+0.054*[#  39]+0.051*[#  17]
          +0.051*[#  20]+0.051*[#  28]+0.051*[#  30]+0.051*[#  37]+0.051*[#  38]
          +0.045*[#  16]+0.045*[#  26]+0.027*[#  19]+0.027*[#  29]+0.018*[#  36]
          
    |psi|^2 = 0.813
==== e(  41) =    25.38856 eV ==== 
     psi = 0.089*[#  12]+0.089*[#  22]+0.089*[#  32]+0.009*[#  17]+0.009*[#  20]
          +0.009*[#  28]+0.009*[#  30]+0.009*[#  37]+0.009*[#  38]+0.008*[#   7]
          +0.008*[#   8]+0.008*[#  10]
    |psi|^2 = 0.345
==== e(  42) =    25.38857 eV ==== 
     psi = 0.089*[#  12]+0.089*[#  22]+0.089*[#  32]+0.009*[#   7]+0.009*[#   8]
          +0.009*[#  10]+0.008*[#  17]+0.008*[#  20]+0.008*[#  28]+0.008*[#  30]
          +0.008*[#  37]+0.008*[#  38]
    |psi|^2 = 0.345
==== e(  43) =    25.38860 eV ==== 
     psi = 0.258*[#   2]+0.025*[#  18]+0.025*[#  27]+0.025*[#  40]+0.002*[#  12]
          +0.002*[#  22]+0.002*[#  32]
    |psi|^2 = 0.345

 k =   0.3750000000  0.3750000000  0.3750000000
==== e(   1) =   -85.72693 eV ==== 
     psi = 0.252*[#   1]+0.249*[#  11]+0.249*[#  21]+0.249*[#  31]
    |psi|^2 = 1.000
==== e(   2) =   -85.72049 eV ==== 
     psi = 0.743*[#   1]+0.084*[#  11]+0.084*[#  21]+0.084*[#  31]+0.003*[#   2]
          
    |psi|^2 = 1.000
==== e(   3) =   -85.72046 eV ==== 
     psi = 0.331*[#  11]+0.331*[#  21]+0.331*[#  31]+0.001*[#  12]+0.001*[#  22]
          +0.001*[#  32]
    |psi|^2 = 1.000
==== e(   4) =   -85.72046 eV ==== 
     psi = 0.331*[#  11]+0.331*[#  21]+0.331*[#  31]+0.001*[#  12]+0.001*[#  22]
          +0.001*[#  32]
    |psi|^2 = 1.000
==== e(   5) =   -46.20413 eV ==== 
     psi = 0.115*[#   3]+0.115*[#   4]+0.115*[#   5]+0.109*[#  13]+0.109*[#  15]
          +0.109*[#  23]+0.109*[#  24]+0.109*[#  34]+0.109*[#  35]
    |psi|^2 = 1.000
==== e(   6) =   -46.20413 eV ==== 
     psi = 0.115*[#   3]+0.115*[#   4]+0.115*[#   5]+0.109*[#  13]+0.109*[#  15]
          +0.109*[#  23]+0.109*[#  24]+0.109*[#  34]+0.109*[#  35]
    |psi|^2 = 1.000
==== e(   7) =   -46.20412 eV ==== 
     psi = 0.249*[#  14]+0.249*[#  25]+0.249*[#  33]+0.032*[#  13]+0.032*[#  15]
          +0.032*[#  23]+0.032*[#  24]+0.032*[#  34]+0.032*[#  35]+0.020*[#   3]
          +0.020*[#   4]+0.020*[#   5]
    |psi|^2 = 1.000
==== e(   8) =   -46.18588 eV ==== 
     psi = 0.083*[#   3]+0.083*[#   4]+0.083*[#   5]+0.083*[#  14]+0.083*[#  25]
          +0.083*[#  33]+0.083*[#  13]+0.083*[#  15]+0.083*[#  23]+0.083*[#  24]
          +0.083*[#  34]+0.083*[#  35]+0.001*[#   2]+0.001*[#  12]+0.001*[#  22]
          +0.001*[#  32]
    |psi|^2 = 1.000
==== e(   9) =   -46.05205 eV ==== 
     psi = 0.230*[#   3]+0.230*[#   4]+0.230*[#   5]+0.051*[#  13]+0.051*[#  15]
          +0.051*[#  23]+0.051*[#  24]+0.051*[#  34]+0.051*[#  35]
    |psi|^2 = 1.000
==== e(  10) =   -46.05203 eV ==== 
     psi = 0.124*[#  14]+0.124*[#  25]+0.124*[#  33]+0.099*[#  13]+0.099*[#  15]
          +0.099*[#  23]+0.099*[#  24]+0.099*[#  34]+0.099*[#  35]+0.010*[#   3]
          +0.010*[#   4]+0.010*[#   5]
    |psi|^2 = 1.000
==== e(  11) =   -46.05203 eV ==== 
     psi = 0.124*[#  14]+0.124*[#  25]+0.124*[#  33]+0.099*[#  13]+0.099*[#  15]
          +0.099*[#  23]+0.099*[#  24]+0.099*[#  34]+0.099*[#  35]+0.010*[#   3]
          +0.010*[#   4]+0.010*[#   5]
    |psi|^2 = 1.000
==== e(  12) =   -46.04039 eV ==== 
     psi = 0.125*[#   3]+0.125*[#   4]+0.125*[#   5]+0.125*[#  14]+0.125*[#  25]
          +0.125*[#  33]+0.042*[#  13]+0.042*[#  15]+0.042*[#  23]+0.042*[#  24]
          +0.042*[#  34]+0.042*[#  35]
    |psi|^2 = 1.000
==== e(  13) =   -46.04039 eV ==== 
     psi = 0.125*[#   3]+0.125*[#   4]+0.125*[#   5]+0.125*[#  14]+0.125*[#  25]
          +0.125*[#  33]+0.042*[#  13]+0.042*[#  15]+0.042*[#  23]+0.042*[#  24]
          +0.042*[#  34]+0.042*[#  35]
    |psi|^2 = 1.000
==== e(  14) =   -46.04038 eV ==== 
     psi = 0.167*[#  13]+0.167*[#  15]+0.167*[#  23]+0.167*[#  24]+0.167*[#  34]
          +0.167*[#  35]
    |psi|^2 = 1.000
==== e(  15) =   -46.02844 eV ==== 
     psi = 0.084*[#  14]+0.084*[#  25]+0.084*[#  33]+0.083*[#  13]+0.083*[#  15]
          +0.083*[#  23]+0.083*[#  24]+0.083*[#  34]+0.083*[#  35]+0.083*[#   3]
          +0.083*[#   4]+0.083*[#   5]
    |psi|^2 = 1.000
==== e(  16) =   -46.02844 eV ==== 
     psi = 0.084*[#  14]+0.084*[#  25]+0.084*[#  33]+0.083*[#  13]+0.083*[#  15]
          +0.083*[#  23]+0.083*[#  24]+0.083*[#  34]+0.083*[#  35]+0.083*[#   3]
          +0.083*[#   4]+0.083*[#   5]
    |psi|^2 = 1.000
==== e(  17) =    12.68926 eV ==== 
     psi = 0.120*[#   2]+0.120*[#  12]+0.120*[#  22]+0.120*[#  32]+0.042*[#   7]
          +0.042*[#   8]+0.042*[#  10]+0.042*[#  17]+0.042*[#  18]+0.042*[#  20]
          +0.042*[#  27]+0.042*[#  28]+0.042*[#  30]+0.042*[#  37]+0.042*[#  38]
          +0.042*[#  40]
    |psi|^2 = 0.993
==== e(  18) =    13.36047 eV ==== 
     psi = 0.092*[#   7]+0.092*[#   8]+0.092*[#  10]+0.086*[#  17]+0.086*[#  20]
          +0.086*[#  28]+0.086*[#  30]+0.086*[#  37]+0.086*[#  38]+0.064*[#  12]
          +0.064*[#  22]+0.064*[#  32]+0.002*[#   6]+0.002*[#   9]+0.002*[#  39]
          +0.001*[#  16]+0.001*[#  26]
    |psi|^2 = 0.996
==== e(  19) =    13.36047 eV ==== 
     psi = 0.092*[#   7]+0.092*[#   8]+0.092*[#  10]+0.086*[#  17]+0.086*[#  20]
          +0.086*[#  28]+0.086*[#  30]+0.086*[#  37]+0.086*[#  38]+0.064*[#  12]
          +0.064*[#  22]+0.064*[#  32]+0.002*[#   6]+0.002*[#   9]+0.002*[#  39]
          +0.001*[#  16]+0.001*[#  26]
    |psi|^2 = 0.996
==== e(  20) =    13.36048 eV ==== 
     psi = 0.198*[#  18]+0.198*[#  27]+0.198*[#  40]+0.143*[#   2]+0.026*[#  17]
          +0.026*[#  20]+0.026*[#  28]+0.026*[#  30]+0.026*[#  37]+0.026*[#  38]
          +0.016*[#  12]+0.016*[#  22]+0.016*[#  32]+0.014*[#   7]+0.014*[#   8]
          +0.014*[#  10]+0.003*[#  36]+0.002*[#  19]+0.002*[#  29]
    |psi|^2 = 0.996
==== e(  21) =    15.26748 eV ==== 
     psi = 0.253*[#  36]+0.189*[#  19]+0.189*[#  29]+0.063*[#  16]+0.063*[#  26]
          +0.052*[#   7]+0.052*[#   8]+0.052*[#  10]+0.006*[#  17]+0.006*[#  18]
          +0.006*[#  20]+0.006*[#  27]+0.006*[#  28]+0.006*[#  30]+0.006*[#  37]
          +0.006*[#  38]+0.006*[#  40]+0.001*[#   2]
    |psi|^2 = 0.969
==== e(  22) =    15.26748 eV ==== 
     psi = 0.142*[#   6]+0.142*[#   9]+0.142*[#  39]+0.110*[#  16]+0.110*[#  26]
          +0.047*[#  19]+0.047*[#  29]+0.023*[#  17]+0.023*[#  18]+0.023*[#  20]
          +0.023*[#  27]+0.023*[#  28]+0.023*[#  30]+0.023*[#  37]+0.023*[#  38]
          +0.023*[#  40]+0.016*[#  36]
    |psi|^2 = 0.969
==== e(  23) =    15.26748 eV ==== 
     psi = 0.142*[#   6]+0.142*[#   9]+0.142*[#  39]+0.110*[#  16]+0.110*[#  26]
          +0.047*[#  19]+0.047*[#  29]+0.023*[#  17]+0.023*[#  18]+0.023*[#  20]
          +0.023*[#  27]+0.023*[#  28]+0.023*[#  30]+0.023*[#  37]+0.023*[#  38]
          +0.023*[#  40]+0.016*[#  36]
    |psi|^2 = 0.969
==== e(  24) =    15.59763 eV ==== 
     psi = 0.063*[#   6]+0.063*[#   9]+0.063*[#  16]+0.063*[#  19]+0.063*[#  26]
          +0.063*[#  29]+0.063*[#  36]+0.063*[#  39]+0.041*[#   7]+0.041*[#   8]
          +0.041*[#  10]+0.041*[#  17]+0.041*[#  18]+0.041*[#  20]+0.041*[#  27]
          +0.041*[#  28]+0.041*[#  30]+0.041*[#  37]+0.041*[#  38]+0.041*[#  40]
          
    |psi|^2 = 0.999
==== e(  25) =    15.59763 eV ==== 
     psi = 0.063*[#   6]+0.063*[#   9]+0.063*[#  16]+0.063*[#  19]+0.063*[#  26]
          +0.063*[#  29]+0.063*[#  36]+0.063*[#  39]+0.041*[#   7]+0.041*[#   8]
          +0.041*[#  10]+0.041*[#  17]+0.041*[#  18]+0.041*[#  20]+0.041*[#  27]
          +0.041*[#  28]+0.041*[#  30]+0.041*[#  37]+0.041*[#  38]+0.041*[#  40]
          
    |psi|^2 = 0.999
==== e(  26) =    15.75511 eV ==== 
     psi = 0.106*[#   6]+0.106*[#   9]+0.106*[#  36]+0.082*[#  19]+0.082*[#  29]
          +0.054*[#   7]+0.054*[#   8]+0.054*[#  10]+0.054*[#  18]+0.054*[#  27]
          +0.054*[#  40]+0.035*[#  16]+0.035*[#  26]+0.018*[#  17]+0.018*[#  20]
          +0.018*[#  28]+0.018*[#  30]+0.018*[#  37]+0.018*[#  38]+0.012*[#  39]
          
    |psi|^2 = 0.998
==== e(  27) =    15.75511 eV ==== 
     psi = 0.106*[#   6]+0.106*[#   9]+0.106*[#  36]+0.082*[#  19]+0.082*[#  29]
          +0.054*[#   7]+0.054*[#   8]+0.054*[#  10]+0.054*[#  18]+0.054*[#  27]
          +0.054*[#  40]+0.035*[#  16]+0.035*[#  26]+0.018*[#  17]+0.018*[#  20]
          +0.018*[#  28]+0.018*[#  30]+0.018*[#  37]+0.018*[#  38]+0.012*[#  39]
          
    |psi|^2 = 0.998
==== e(  28) =    15.75511 eV ==== 
     psi = 0.188*[#  39]+0.141*[#  16]+0.141*[#  26]+0.072*[#  17]+0.072*[#  20]
          +0.072*[#  28]+0.072*[#  30]+0.072*[#  37]+0.072*[#  38]+0.047*[#  19]
          +0.047*[#  29]
    |psi|^2 = 0.998
==== e(  29) =    15.89895 eV ==== 
     psi = 0.136*[#   7]+0.136*[#   8]+0.136*[#  10]+0.044*[#  17]+0.044*[#  20]
          +0.044*[#  28]+0.044*[#  30]+0.044*[#  37]+0.044*[#  38]+0.036*[#   2]
          +0.029*[#  36]+0.022*[#  19]+0.022*[#  29]+0.007*[#  16]+0.007*[#  26]
          +0.004*[#  12]+0.004*[#  22]+0.004*[#  32]+0.003*[#  18]+0.003*[#  27]
          +0.003*[#  40]
    |psi|^2 = 0.817
==== e(  30) =    15.89897 eV ==== 
     psi = 0.084*[#  18]+0.084*[#  27]+0.084*[#  40]+0.063*[#  17]+0.063*[#  20]
          +0.063*[#  28]+0.063*[#  30]+0.063*[#  37]+0.063*[#  38]+0.017*[#   7]
          +0.017*[#   8]+0.017*[#  10]+0.017*[#   6]+0.017*[#   9]+0.017*[#  39]
          +0.016*[#  12]+0.016*[#  22]+0.016*[#  32]+0.013*[#  16]+0.013*[#  26]
          +0.006*[#  19]+0.006*[#  29]+0.002*[#  36]
    |psi|^2 = 0.817
==== e(  31) =    15.89897 eV ==== 
     psi = 0.084*[#  18]+0.084*[#  27]+0.084*[#  40]+0.063*[#  17]+0.063*[#  20]
          +0.063*[#  28]+0.063*[#  30]+0.063*[#  37]+0.063*[#  38]+0.017*[#   7]
          +0.017*[#   8]+0.017*[#  10]+0.017*[#   6]+0.017*[#   9]+0.017*[#  39]
          +0.016*[#  12]+0.016*[#  22]+0.016*[#  32]+0.013*[#  16]+0.013*[#  26]
          +0.006*[#  19]+0.006*[#  29]+0.002*[#  36]
    |psi|^2 = 0.817
==== e(  32) =    15.95963 eV ==== 
     psi = 0.099*[#   2]+0.099*[#  12]+0.099*[#  22]+0.099*[#  32]+0.036*[#   7]
          +0.036*[#   8]+0.036*[#  10]+0.036*[#  17]+0.036*[#  18]+0.036*[#  20]
          +0.036*[#  27]+0.036*[#  28]+0.036*[#  30]+0.036*[#  37]+0.036*[#  38]
          +0.036*[#  40]
    |psi|^2 = 0.837
==== e(  33) =    17.13653 eV ==== 
     psi = 0.062*[#   6]+0.062*[#   9]+0.062*[#  16]+0.062*[#  19]+0.062*[#  26]
          +0.062*[#  29]+0.062*[#  36]+0.062*[#  39]+0.042*[#   7]+0.042*[#   8]
          +0.042*[#  10]+0.042*[#  17]+0.042*[#  18]+0.042*[#  20]+0.042*[#  27]
          +0.042*[#  28]+0.042*[#  30]+0.042*[#  37]+0.042*[#  38]+0.042*[#  40]
          
    |psi|^2 = 1.000
==== e(  34) =    17.13653 eV ==== 
     psi = 0.062*[#   6]+0.062*[#   9]+0.062*[#  16]+0.062*[#  19]+0.062*[#  26]
          +0.062*[#  29]+0.062*[#  36]+0.062*[#  39]+0.042*[#   7]+0.042*[#   8]
          +0.042*[#  10]+0.042*[#  17]+0.042*[#  18]+0.042*[#  20]+0.042*[#  27]
          +0.042*[#  28]+0.042*[#  30]+0.042*[#  37]+0.042*[#  38]+0.042*[#  40]
          
    |psi|^2 = 1.000
==== e(  35) =    17.35504 eV ==== 
     psi = 0.081*[#   6]+0.081*[#   9]+0.081*[#  36]+0.071*[#   7]+0.071*[#   8]
          +0.071*[#  10]+0.071*[#  18]+0.071*[#  27]+0.071*[#  40]+0.063*[#  19]
          +0.063*[#  29]+0.027*[#  16]+0.027*[#  26]+0.024*[#  17]+0.024*[#  20]
          +0.024*[#  28]+0.024*[#  30]+0.024*[#  37]+0.024*[#  38]+0.009*[#  39]
          
    |psi|^2 = 1.000
==== e(  36) =    17.35504 eV ==== 
     psi = 0.081*[#   6]+0.081*[#   9]+0.081*[#  36]+0.071*[#   7]+0.071*[#   8]
          +0.071*[#  10]+0.071*[#  18]+0.071*[#  27]+0.071*[#  40]+0.063*[#  19]
          +0.063*[#  29]+0.027*[#  16]+0.027*[#  26]+0.024*[#  17]+0.024*[#  20]
          +0.024*[#  28]+0.024*[#  30]+0.024*[#  37]+0.024*[#  38]+0.009*[#  39]
          
    |psi|^2 = 1.000
==== e(  37) =    17.35505 eV ==== 
     psi = 0.145*[#  39]+0.109*[#  16]+0.109*[#  26]+0.094*[#  17]+0.094*[#  20]
          +0.094*[#  28]+0.094*[#  30]+0.094*[#  37]+0.094*[#  38]+0.036*[#  19]
          +0.036*[#  29]
    |psi|^2 = 1.000
==== e(  38) =    19.12321 eV ==== 
     psi = 0.119*[#   2]+0.047*[#  36]+0.044*[#   7]+0.044*[#   8]+0.044*[#  10]
          +0.035*[#  19]+0.035*[#  29]+0.013*[#  12]+0.013*[#  22]+0.013*[#  32]
          +0.012*[#  16]+0.012*[#  26]+0.011*[#  18]+0.011*[#  27]+0.011*[#  40]
          +0.003*[#  17]+0.003*[#  20]+0.003*[#  28]+0.003*[#  30]+0.003*[#  37]
          +0.003*[#  38]+0.001*[#   1]
    |psi|^2 = 0.484
==== e(  39) =    19.12324 eV ==== 
     psi = 0.053*[#  12]+0.053*[#  22]+0.053*[#  32]+0.027*[#   6]+0.027*[#   9]
          +0.027*[#  39]+0.021*[#  17]+0.021*[#  20]+0.021*[#  28]+0.021*[#  30]
          +0.021*[#  37]+0.021*[#  38]+0.021*[#  16]+0.021*[#  26]+0.017*[#  18]
          +0.017*[#  27]+0.017*[#  40]+0.009*[#  19]+0.009*[#  29]+0.003*[#  36]
          
    |psi|^2 = 0.484
==== e(  40) =    19.12324 eV ==== 
     psi = 0.053*[#  12]+0.053*[#  22]+0.053*[#  32]+0.027*[#   6]+0.027*[#   9]
          +0.027*[#  39]+0.021*[#  17]+0.021*[#  20]+0.021*[#  28]+0.021*[#  30]
          +0.021*[#  37]+0.021*[#  38]+0.021*[#  16]+0.021*[#  26]+0.017*[#  18]
          +0.017*[#  27]+0.017*[#  40]+0.009*[#  19]+0.009*[#  29]+0.003*[#  36]
          
    |psi|^2 = 0.484
==== e(  41) =    24.15170 eV ==== 
     psi = 0.193*[#  12]+0.193*[#  22]+0.193*[#  32]+0.015*[#   7]+0.015*[#   8]
          +0.015*[#  10]+0.014*[#  17]+0.014*[#  20]+0.014*[#  28]+0.014*[#  30]
          +0.014*[#  37]+0.014*[#  38]+0.001*[#  11]+0.001*[#  21]+0.001*[#  31]
          
    |psi|^2 = 0.713
==== e(  42) =    24.15170 eV ==== 
     psi = 0.193*[#  12]+0.193*[#  22]+0.193*[#  32]+0.015*[#   7]+0.015*[#   8]
          +0.015*[#  10]+0.014*[#  17]+0.014*[#  20]+0.014*[#  28]+0.014*[#  30]
          +0.014*[#  37]+0.014*[#  38]+0.001*[#  11]+0.001*[#  21]+0.001*[#  31]
          
    |psi|^2 = 0.713
==== e(  43) =    24.15172 eV ==== 
     psi = 0.434*[#   2]+0.048*[#  12]+0.048*[#  22]+0.048*[#  32]+0.032*[#  18]
          +0.032*[#  27]+0.032*[#  40]+0.004*[#  17]+0.004*[#  20]+0.004*[#  28]
          +0.004*[#  30]+0.004*[#  37]+0.004*[#  38]+0.003*[#   1]+0.003*[#   7]
          +0.003*[#   8]+0.003*[#  10]
    |psi|^2 = 0.713

 k =   0.3750000000  0.3750000000 -0.5000000000
==== e(   1) =   -85.72372 eV ==== 
     psi = 0.505*[#   1]+0.164*[#  11]+0.164*[#  21]+0.164*[#  31]
    |psi|^2 = 1.000
==== e(   2) =   -85.72370 eV ==== 
     psi = 0.332*[#  11]+0.332*[#  21]+0.332*[#  31]
    |psi|^2 = 1.000
==== e(   3) =   -85.72046 eV ==== 
     psi = 0.490*[#   1]+0.168*[#  11]+0.168*[#  21]+0.168*[#  31]+0.002*[#   2]
          
    |psi|^2 = 1.000
==== e(   4) =   -85.72044 eV ==== 
     psi = 0.331*[#  11]+0.331*[#  21]+0.331*[#  31]+0.001*[#  12]+0.001*[#  22]
          +0.001*[#  32]
    |psi|^2 = 1.000
==== e(   5) =   -46.20931 eV ==== 
     psi = 0.113*[#   3]+0.113*[#   4]+0.113*[#   5]+0.110*[#  13]+0.110*[#  15]
          +0.110*[#  23]+0.110*[#  24]+0.110*[#  34]+0.110*[#  35]
    |psi|^2 = 1.000
==== e(   6) =   -46.20930 eV ==== 
     psi = 0.166*[#  14]+0.166*[#  25]+0.166*[#  33]+0.057*[#  13]+0.057*[#  15]
          +0.057*[#  23]+0.057*[#  24]+0.057*[#  34]+0.057*[#  35]+0.054*[#   3]
          +0.054*[#   4]+0.054*[#   5]
    |psi|^2 = 1.000
==== e(   7) =   -46.20099 eV ==== 
     psi = 0.114*[#  13]+0.114*[#  15]+0.114*[#  23]+0.114*[#  24]+0.114*[#  34]
          +0.114*[#  35]+0.105*[#   3]+0.105*[#   4]+0.105*[#   5]+0.001*[#   2]
          
    |psi|^2 = 1.000
==== e(   8) =   -46.20098 eV ==== 
     psi = 0.167*[#  14]+0.167*[#  25]+0.167*[#  33]+0.061*[#   3]+0.061*[#   4]
          +0.061*[#   5]+0.052*[#  13]+0.052*[#  15]+0.052*[#  23]+0.052*[#  24]
          +0.052*[#  34]+0.052*[#  35]
    |psi|^2 = 1.000
==== e(   9) =   -46.04926 eV ==== 
     psi = 0.167*[#   3]+0.167*[#   4]+0.167*[#   5]+0.083*[#  13]+0.083*[#  15]
          +0.083*[#  23]+0.083*[#  24]+0.083*[#  34]+0.083*[#  35]
    |psi|^2 = 1.000
==== e(  10) =   -46.04924 eV ==== 
     psi = 0.167*[#  14]+0.167*[#  25]+0.167*[#  33]+0.083*[#  13]+0.083*[#  15]
          +0.083*[#  23]+0.083*[#  24]+0.083*[#  34]+0.083*[#  35]
    |psi|^2 = 1.000
==== e(  11) =   -46.03763 eV ==== 
     psi = 0.165*[#  14]+0.165*[#  25]+0.165*[#  33]+0.114*[#   3]+0.114*[#   4]
          +0.114*[#   5]+0.027*[#  13]+0.027*[#  15]+0.027*[#  23]+0.027*[#  24]
          +0.027*[#  34]+0.027*[#  35]
    |psi|^2 = 1.000
==== e(  12) =   -46.03763 eV ==== 
     psi = 0.140*[#  13]+0.140*[#  15]+0.140*[#  23]+0.140*[#  24]+0.140*[#  34]
          +0.140*[#  35]+0.054*[#   3]+0.054*[#   4]+0.054*[#   5]
    |psi|^2 = 1.000
==== e(  13) =   -46.03471 eV ==== 
     psi = 0.166*[#   3]+0.166*[#   4]+0.166*[#   5]+0.084*[#  13]+0.084*[#  15]
          +0.084*[#  23]+0.084*[#  24]+0.084*[#  34]+0.084*[#  35]
    |psi|^2 = 1.000
==== e(  14) =   -46.03469 eV ==== 
     psi = 0.167*[#  14]+0.167*[#  25]+0.167*[#  33]+0.083*[#  13]+0.083*[#  15]
          +0.083*[#  23]+0.083*[#  24]+0.083*[#  34]+0.083*[#  35]
    |psi|^2 = 1.000
==== e(  15) =   -46.03456 eV ==== 
     psi = 0.168*[#  14]+0.168*[#  25]+0.168*[#  33]+0.104*[#   3]+0.104*[#   4]
          +0.104*[#   5]+0.031*[#  13]+0.031*[#  15]+0.031*[#  23]+0.031*[#  24]
          +0.031*[#  34]+0.031*[#  35]
    |psi|^2 = 1.000
==== e(  16) =   -46.03456 eV ==== 
     psi = 0.136*[#  13]+0.136*[#  15]+0.136*[#  23]+0.136*[#  24]+0.136*[#  34]
          +0.136*[#  35]+0.061*[#   3]+0.061*[#   4]+0.061*[#   5]
    |psi|^2 = 1.000
==== e(  17) =    13.01392 eV ==== 
     psi = 0.102*[#  12]+0.102*[#  22]+0.102*[#  32]+0.076*[#  17]+0.076*[#  20]
          +0.076*[#  28]+0.076*[#  30]+0.076*[#  37]+0.076*[#  38]+0.076*[#   7]
          +0.076*[#   8]+0.076*[#  10]
    |psi|^2 = 0.994
==== e(  18) =    13.01393 eV ==== 
     psi = 0.152*[#   2]+0.114*[#  18]+0.114*[#  27]+0.114*[#  40]+0.051*[#  12]
          +0.051*[#  22]+0.051*[#  32]+0.038*[#   7]+0.038*[#   8]+0.038*[#  10]
          +0.038*[#  17]+0.038*[#  20]+0.038*[#  28]+0.038*[#  30]+0.038*[#  37]
          +0.038*[#  38]
    |psi|^2 = 0.994
==== e(  19) =    13.31072 eV ==== 
     psi = 0.098*[#   7]+0.098*[#   8]+0.098*[#  10]+0.089*[#  17]+0.089*[#  20]
          +0.089*[#  28]+0.089*[#  30]+0.089*[#  37]+0.089*[#  38]+0.057*[#  12]
          +0.057*[#  22]+0.057*[#  32]
    |psi|^2 = 0.998
==== e(  20) =    13.31073 eV ==== 
     psi = 0.138*[#  18]+0.138*[#  27]+0.138*[#  40]+0.085*[#   2]+0.049*[#  17]
          +0.049*[#  20]+0.049*[#  28]+0.049*[#  30]+0.049*[#  37]+0.049*[#  38]
          +0.040*[#   7]+0.040*[#   8]+0.040*[#  10]+0.028*[#  12]+0.028*[#  22]
          +0.028*[#  32]
    |psi|^2 = 0.998
==== e(  21) =    15.32813 eV ==== 
     psi = 0.171*[#  36]+0.143*[#  19]+0.143*[#  29]+0.086*[#  16]+0.086*[#  26]
          +0.057*[#  39]+0.049*[#   7]+0.049*[#   8]+0.049*[#  10]+0.025*[#  17]
          +0.025*[#  20]+0.025*[#  28]+0.025*[#  30]+0.025*[#  37]+0.025*[#  38]
          
    |psi|^2 = 0.982
==== e(  22) =    15.32813 eV ==== 
     psi = 0.171*[#   6]+0.171*[#   9]+0.114*[#  39]+0.086*[#  16]+0.086*[#  26]
          +0.049*[#  18]+0.049*[#  27]+0.049*[#  40]+0.029*[#  19]+0.029*[#  29]
          +0.025*[#  17]+0.025*[#  20]+0.025*[#  28]+0.025*[#  30]+0.025*[#  37]
          +0.025*[#  38]
    |psi|^2 = 0.982
==== e(  23) =    15.49080 eV ==== 
     psi = 0.150*[#   6]+0.150*[#   9]+0.100*[#  36]+0.075*[#  19]+0.075*[#  29]
          +0.066*[#  18]+0.066*[#  27]+0.066*[#  40]+0.035*[#   7]+0.035*[#   8]
          +0.035*[#  10]+0.025*[#  16]+0.025*[#  26]+0.016*[#  17]+0.016*[#  20]
          +0.016*[#  28]+0.016*[#  30]+0.016*[#  37]+0.016*[#  38]
    |psi|^2 = 0.994
==== e(  24) =    15.49080 eV ==== 
     psi = 0.150*[#  39]+0.125*[#  16]+0.125*[#  26]+0.075*[#  19]+0.075*[#  29]
          +0.050*[#  17]+0.050*[#  20]+0.050*[#  28]+0.050*[#  30]+0.050*[#  37]
          +0.050*[#  38]+0.050*[#  36]+0.031*[#   7]+0.031*[#   8]+0.031*[#  10]
          
    |psi|^2 = 0.994
==== e(  25) =    15.61711 eV ==== 
     psi = 0.132*[#  36]+0.110*[#  19]+0.110*[#  29]+0.079*[#   7]+0.079*[#   8]
          +0.079*[#  10]+0.066*[#  16]+0.066*[#  26]+0.044*[#  39]+0.039*[#  17]
          +0.039*[#  20]+0.039*[#  28]+0.039*[#  30]+0.039*[#  37]+0.039*[#  38]
          
    |psi|^2 = 0.998
==== e(  26) =    15.61711 eV ==== 
     psi = 0.132*[#   6]+0.132*[#   9]+0.088*[#  39]+0.079*[#  18]+0.079*[#  27]
          +0.079*[#  40]+0.066*[#  16]+0.066*[#  26]+0.039*[#  17]+0.039*[#  20]
          +0.039*[#  28]+0.039*[#  30]+0.039*[#  37]+0.039*[#  38]+0.022*[#  19]
          +0.022*[#  29]
    |psi|^2 = 0.998
==== e(  27) =    15.68512 eV ==== 
     psi = 0.145*[#   6]+0.145*[#   9]+0.097*[#  36]+0.073*[#  19]+0.073*[#  29]
          +0.070*[#  18]+0.070*[#  27]+0.070*[#  40]+0.051*[#   7]+0.051*[#   8]
          +0.051*[#  10]+0.024*[#  16]+0.024*[#  26]+0.009*[#  17]+0.009*[#  20]
          +0.009*[#  28]+0.009*[#  30]+0.009*[#  37]+0.009*[#  38]
    |psi|^2 = 0.998
==== e(  28) =    15.68512 eV ==== 
     psi = 0.145*[#  39]+0.121*[#  16]+0.121*[#  26]+0.073*[#  19]+0.073*[#  29]
          +0.060*[#  17]+0.060*[#  20]+0.060*[#  28]+0.060*[#  30]+0.060*[#  37]
          +0.060*[#  38]+0.048*[#  36]+0.019*[#   7]+0.019*[#   8]+0.019*[#  10]
          
    |psi|^2 = 0.998
==== e(  29) =    16.16125 eV ==== 
     psi = 0.095*[#   7]+0.095*[#   8]+0.095*[#  10]+0.047*[#  17]+0.047*[#  20]
          +0.047*[#  28]+0.047*[#  30]+0.047*[#  37]+0.047*[#  38]+0.044*[#  36]
          +0.037*[#  19]+0.037*[#  29]+0.022*[#  16]+0.022*[#  26]+0.015*[#  39]
          
    |psi|^2 = 0.747
==== e(  30) =    16.16127 eV ==== 
     psi = 0.095*[#  18]+0.095*[#  27]+0.095*[#  40]+0.047*[#  17]+0.047*[#  20]
          +0.047*[#  28]+0.047*[#  30]+0.047*[#  37]+0.047*[#  38]+0.044*[#   6]
          +0.044*[#   9]+0.030*[#  39]+0.022*[#  16]+0.022*[#  26]+0.007*[#  19]
          +0.007*[#  29]
    |psi|^2 = 0.747
==== e(  31) =    16.17538 eV ==== 
     psi = 0.075*[#  17]+0.075*[#  20]+0.075*[#  28]+0.075*[#  30]+0.075*[#  37]
          +0.075*[#  38]+0.072*[#  12]+0.072*[#  22]+0.072*[#  32]+0.030*[#  39]
          +0.025*[#  16]+0.025*[#  26]+0.015*[#  19]+0.015*[#  29]+0.010*[#  36]
          
    |psi|^2 = 0.784
==== e(  32) =    16.17540 eV ==== 
     psi = 0.108*[#   2]+0.075*[#   7]+0.075*[#   8]+0.075*[#  10]+0.075*[#  18]
          +0.075*[#  27]+0.075*[#  40]+0.036*[#  12]+0.036*[#  22]+0.036*[#  32]
          +0.030*[#   6]+0.030*[#   9]+0.020*[#  36]+0.015*[#  19]+0.015*[#  29]
          +0.005*[#  16]+0.005*[#  26]
    |psi|^2 = 0.784
==== e(  33) =    17.31025 eV ==== 
     psi = 0.118*[#   6]+0.118*[#   9]+0.088*[#  18]+0.088*[#  27]+0.088*[#  40]
          +0.079*[#  39]+0.059*[#  16]+0.059*[#  26]+0.044*[#  17]+0.044*[#  20]
          +0.044*[#  28]+0.044*[#  30]+0.044*[#  37]+0.044*[#  38]+0.020*[#  19]
          +0.020*[#  29]
    |psi|^2 = 1.000
==== e(  34) =    17.31025 eV ==== 
     psi = 0.118*[#  36]+0.098*[#  19]+0.098*[#  29]+0.088*[#   7]+0.088*[#   8]
          +0.088*[#  10]+0.059*[#  16]+0.059*[#  26]+0.044*[#  17]+0.044*[#  20]
          +0.044*[#  28]+0.044*[#  30]+0.044*[#  37]+0.044*[#  38]+0.039*[#  39]
          
    |psi|^2 = 1.000
==== e(  35) =    17.31291 eV ==== 
     psi = 0.104*[#   6]+0.104*[#   9]+0.097*[#  18]+0.097*[#  27]+0.097*[#  40]
          +0.070*[#  36]+0.067*[#   7]+0.067*[#   8]+0.067*[#  10]+0.052*[#  19]
          +0.052*[#  29]+0.017*[#  16]+0.017*[#  26]+0.015*[#  17]+0.015*[#  20]
          +0.015*[#  28]+0.015*[#  30]+0.015*[#  37]+0.015*[#  38]
    |psi|^2 = 1.000
==== e(  36) =    17.31292 eV ==== 
     psi = 0.104*[#  39]+0.087*[#  16]+0.087*[#  26]+0.082*[#  17]+0.082*[#  20]
          +0.082*[#  28]+0.082*[#  30]+0.082*[#  37]+0.082*[#  38]+0.052*[#  19]
          +0.052*[#  29]+0.035*[#  36]+0.030*[#   7]+0.030*[#   8]+0.030*[#  10]
          
    |psi|^2 = 1.000
==== e(  37) =    17.71168 eV ==== 
     psi = 0.069*[#  39]+0.062*[#  12]+0.062*[#  22]+0.062*[#  32]+0.058*[#  16]
          +0.058*[#  26]+0.050*[#   7]+0.050*[#   8]+0.050*[#  10]+0.039*[#  17]
          +0.039*[#  20]+0.039*[#  28]+0.039*[#  30]+0.039*[#  37]+0.039*[#  38]
          +0.035*[#  19]+0.035*[#  29]+0.023*[#  36]
    |psi|^2 = 0.846
==== e(  38) =    17.71168 eV ==== 
     psi = 0.094*[#   2]+0.069*[#   6]+0.069*[#   9]+0.063*[#  18]+0.063*[#  27]
          +0.063*[#  40]+0.046*[#  36]+0.035*[#  19]+0.035*[#  29]+0.031*[#  12]
          +0.031*[#  22]+0.031*[#  32]+0.025*[#  17]+0.025*[#  20]+0.025*[#  28]
          +0.025*[#  30]+0.025*[#  37]+0.025*[#  38]+0.014*[#   7]+0.014*[#   8]
          +0.014*[#  10]+0.012*[#  16]+0.012*[#  26]
    |psi|^2 = 0.846
==== e(  39) =    19.16443 eV ==== 
     psi = 0.034*[#  36]+0.028*[#  19]+0.028*[#  29]+0.022*[#   7]+0.022*[#   8]
          +0.022*[#  10]+0.017*[#  16]+0.017*[#  26]+0.011*[#  39]+0.011*[#  17]
          +0.011*[#  20]+0.011*[#  28]+0.011*[#  30]+0.011*[#  37]+0.011*[#  38]
          
    |psi|^2 = 0.268
==== e(  40) =    19.16446 eV ==== 
     psi = 0.034*[#   6]+0.034*[#   9]+0.023*[#  39]+0.022*[#  18]+0.022*[#  27]
          +0.022*[#  40]+0.017*[#  16]+0.017*[#  26]+0.011*[#  17]+0.011*[#  20]
          +0.011*[#  28]+0.011*[#  30]+0.011*[#  37]+0.011*[#  38]+0.006*[#  19]
          +0.006*[#  29]
    |psi|^2 = 0.268
==== e(  41) =    23.61654 eV ==== 
     psi = 0.270*[#  12]+0.270*[#  22]+0.270*[#  32]+0.019*[#   7]+0.019*[#   8]
          +0.019*[#  10]+0.019*[#  17]+0.019*[#  20]+0.019*[#  28]+0.019*[#  30]
          +0.019*[#  37]+0.019*[#  38]+0.002*[#  11]+0.002*[#  21]+0.002*[#  31]
          
    |psi|^2 = 0.986
==== e(  42) =    23.61656 eV ==== 
     psi = 0.405*[#   2]+0.135*[#  12]+0.135*[#  22]+0.135*[#  32]+0.028*[#  18]
          +0.028*[#  27]+0.028*[#  40]+0.010*[#  17]+0.010*[#  20]+0.010*[#  28]
          +0.010*[#  30]+0.010*[#  37]+0.010*[#  38]+0.009*[#   7]+0.009*[#   8]
          +0.009*[#  10]+0.003*[#   1]+0.001*[#  11]+0.001*[#  21]+0.001*[#  31]
          
    |psi|^2 = 0.986
==== e(  43) =    25.16413 eV ==== 
     psi = 0.080*[#  12]+0.080*[#  22]+0.080*[#  32]+0.043*[#   2]+0.008*[#  17]
          +0.008*[#  20]+0.008*[#  28]+0.008*[#  30]+0.008*[#  37]+0.008*[#  38]
          +0.008*[#   7]+0.008*[#   8]+0.008*[#  10]+0.004*[#  18]+0.004*[#  27]
          +0.004*[#  40]
    |psi|^2 = 0.372

 k =   0.3750000000 -0.5000000000 -0.5000000000
==== e(   1) =   -85.72210 eV ==== 
     psi = 0.995*[#   1]+0.002*[#   2]+0.001*[#  18]+0.001*[#  27]+0.001*[#  40]
          
    |psi|^2 = 1.000
==== e(   2) =   -85.72206 eV ==== 
     psi = 0.332*[#  11]+0.332*[#  21]+0.332*[#  31]
    |psi|^2 = 1.000
==== e(   3) =   -85.72206 eV ==== 
     psi = 0.332*[#  11]+0.332*[#  21]+0.332*[#  31]
    |psi|^2 = 1.000
==== e(   4) =   -85.72206 eV ==== 
     psi = 0.332*[#  11]+0.332*[#  21]+0.332*[#  31]
    |psi|^2 = 1.000
==== e(   5) =   -46.21116 eV ==== 
     psi = 0.113*[#   3]+0.113*[#   4]+0.113*[#   5]+0.110*[#  13]+0.110*[#  15]
          +0.110*[#  23]+0.110*[#  24]+0.110*[#  34]+0.110*[#  35]
    |psi|^2 = 1.000
==== e(   6) =   -46.21116 eV ==== 
     psi = 0.113*[#   3]+0.113*[#   4]+0.113*[#   5]+0.110*[#  13]+0.110*[#  15]
          +0.110*[#  23]+0.110*[#  24]+0.110*[#  34]+0.110*[#  35]
    |psi|^2 = 1.000
==== e(   7) =   -46.21116 eV ==== 
     psi = 0.113*[#  13]+0.113*[#  15]+0.113*[#  23]+0.113*[#  24]+0.113*[#  34]
          +0.113*[#  35]+0.107*[#   3]+0.107*[#   4]+0.107*[#   5]
    |psi|^2 = 1.000
==== e(   8) =   -46.21114 eV ==== 
     psi = 0.333*[#  14]+0.333*[#  25]+0.333*[#  33]
    |psi|^2 = 1.000
==== e(   9) =   -46.03907 eV ==== 
     psi = 0.226*[#   3]+0.226*[#   4]+0.226*[#   5]+0.054*[#  13]+0.054*[#  15]
          +0.054*[#  23]+0.054*[#  24]+0.054*[#  34]+0.054*[#  35]
    |psi|^2 = 1.000
==== e(  10) =   -46.03906 eV ==== 
     psi = 0.140*[#  13]+0.140*[#  15]+0.140*[#  23]+0.140*[#  24]+0.140*[#  34]
          +0.140*[#  35]+0.054*[#   3]+0.054*[#   4]+0.054*[#   5]
    |psi|^2 = 1.000
==== e(  11) =   -46.03906 eV ==== 
     psi = 0.140*[#  13]+0.140*[#  15]+0.140*[#  23]+0.140*[#  24]+0.140*[#  34]
          +0.140*[#  35]+0.054*[#   3]+0.054*[#   4]+0.054*[#   5]
    |psi|^2 = 1.000
==== e(  12) =   -46.03905 eV ==== 
     psi = 0.333*[#  14]+0.333*[#  25]+0.333*[#  33]
    |psi|^2 = 1.000
==== e(  13) =   -46.03293 eV ==== 
     psi = 0.166*[#   3]+0.166*[#   4]+0.166*[#   5]+0.083*[#  13]+0.083*[#  15]
          +0.083*[#  23]+0.083*[#  24]+0.083*[#  34]+0.083*[#  35]
    |psi|^2 = 1.000
==== e(  14) =   -46.03293 eV ==== 
     psi = 0.166*[#   3]+0.166*[#   4]+0.166*[#   5]+0.083*[#  13]+0.083*[#  15]
          +0.083*[#  23]+0.083*[#  24]+0.083*[#  34]+0.083*[#  35]
    |psi|^2 = 1.000
==== e(  15) =   -46.03291 eV ==== 
     psi = 0.167*[#  13]+0.167*[#  15]+0.167*[#  23]+0.167*[#  24]+0.167*[#  34]
          +0.167*[#  35]
    |psi|^2 = 1.000
==== e(  16) =   -46.03291 eV ==== 
     psi = 0.333*[#  14]+0.333*[#  25]+0.333*[#  33]
    |psi|^2 = 1.000
==== e(  17) =    13.11590 eV ==== 
     psi = 0.093*[#   7]+0.093*[#   8]+0.093*[#  10]+0.085*[#  17]+0.085*[#  20]
          +0.085*[#  28]+0.085*[#  30]+0.085*[#  37]+0.085*[#  38]+0.070*[#  12]
          +0.070*[#  22]+0.070*[#  32]
    |psi|^2 = 0.997
==== e(  18) =    13.11590 eV ==== 
     psi = 0.089*[#  17]+0.089*[#  20]+0.089*[#  28]+0.089*[#  30]+0.089*[#  37]
          +0.089*[#  38]+0.085*[#   7]+0.085*[#   8]+0.085*[#  10]+0.070*[#  12]
          +0.070*[#  22]+0.070*[#  32]
    |psi|^2 = 0.997
==== e(  19) =    13.11590 eV ==== 
     psi = 0.089*[#  17]+0.089*[#  20]+0.089*[#  28]+0.089*[#  30]+0.089*[#  37]
          +0.089*[#  38]+0.085*[#   7]+0.085*[#   8]+0.085*[#  10]+0.070*[#  12]
          +0.070*[#  22]+0.070*[#  32]
    |psi|^2 = 0.997
==== e(  20) =    13.11592 eV ==== 
     psi = 0.262*[#  18]+0.262*[#  27]+0.262*[#  40]+0.210*[#   2]
    |psi|^2 = 0.997
==== e(  21) =    15.46873 eV ==== 
     psi = 0.293*[#   6]+0.293*[#   9]+0.136*[#  18]+0.136*[#  27]+0.136*[#  40]
          
    |psi|^2 = 0.995
==== e(  22) =    15.46873 eV ==== 
     psi = 0.195*[#  36]+0.146*[#  19]+0.146*[#  29]+0.094*[#   7]+0.094*[#   8]
          +0.094*[#  10]+0.049*[#  16]+0.049*[#  26]+0.021*[#  17]+0.021*[#  20]
          +0.021*[#  28]+0.021*[#  30]+0.021*[#  37]+0.021*[#  38]
    |psi|^2 = 0.995
==== e(  23) =    15.46873 eV ==== 
     psi = 0.146*[#  39]+0.122*[#  16]+0.122*[#  26]+0.073*[#  19]+0.073*[#  29]
          +0.058*[#  17]+0.058*[#  20]+0.058*[#  28]+0.058*[#  30]+0.058*[#  37]
          +0.058*[#  38]+0.049*[#  36]+0.021*[#   7]+0.021*[#   8]+0.021*[#  10]
          
    |psi|^2 = 0.995
==== e(  24) =    15.46873 eV ==== 
     psi = 0.146*[#  39]+0.122*[#  16]+0.122*[#  26]+0.073*[#  19]+0.073*[#  29]
          +0.058*[#  17]+0.058*[#  20]+0.058*[#  28]+0.058*[#  30]+0.058*[#  37]
          +0.058*[#  38]+0.049*[#  36]+0.021*[#   7]+0.021*[#   8]+0.021*[#  10]
          
    |psi|^2 = 0.995
==== e(  25) =    15.57850 eV ==== 
     psi = 0.284*[#   6]+0.284*[#   9]+0.143*[#  18]+0.143*[#  27]+0.143*[#  40]
          
    |psi|^2 = 0.998
==== e(  26) =    15.57851 eV ==== 
     psi = 0.142*[#  36]+0.118*[#  19]+0.118*[#  29]+0.072*[#   7]+0.072*[#   8]
          +0.072*[#  10]+0.071*[#  16]+0.071*[#  26]+0.047*[#  39]+0.036*[#  17]
          +0.036*[#  20]+0.036*[#  28]+0.036*[#  30]+0.036*[#  37]+0.036*[#  38]
          
    |psi|^2 = 0.998
==== e(  27) =    15.57851 eV ==== 
     psi = 0.142*[#  36]+0.118*[#  19]+0.118*[#  29]+0.072*[#   7]+0.072*[#   8]
          +0.072*[#  10]+0.071*[#  16]+0.071*[#  26]+0.047*[#  39]+0.036*[#  17]
          +0.036*[#  20]+0.036*[#  28]+0.036*[#  30]+0.036*[#  37]+0.036*[#  38]
          
    |psi|^2 = 0.998
==== e(  28) =    15.57851 eV ==== 
     psi = 0.189*[#  39]+0.142*[#  16]+0.142*[#  26]+0.072*[#  17]+0.072*[#  20]
          +0.072*[#  28]+0.072*[#  30]+0.072*[#  37]+0.072*[#  38]+0.047*[#  19]
          +0.047*[#  29]
    |psi|^2 = 0.998
==== e(  29) =    16.55239 eV ==== 
     psi = 0.071*[#  36]+0.053*[#  19]+0.053*[#  29]+0.053*[#   7]+0.053*[#   8]
          +0.053*[#  10]+0.042*[#  17]+0.042*[#  20]+0.042*[#  28]+0.042*[#  30]
          +0.042*[#  37]+0.042*[#  38]+0.023*[#  12]+0.023*[#  22]+0.023*[#  32]
          +0.018*[#  16]+0.018*[#  26]
    |psi|^2 = 0.693
==== e(  30) =    16.55242 eV ==== 
     psi = 0.137*[#  18]+0.137*[#  27]+0.137*[#  40]+0.106*[#   6]+0.106*[#   9]
          +0.068*[#   2]
    |psi|^2 = 0.694
==== e(  31) =    16.55242 eV ==== 
     psi = 0.053*[#  39]+0.048*[#  17]+0.048*[#  20]+0.048*[#  28]+0.048*[#  30]
          +0.048*[#  37]+0.048*[#  38]+0.044*[#  16]+0.044*[#  26]+0.042*[#   7]
          +0.042*[#   8]+0.042*[#  10]+0.027*[#  19]+0.027*[#  29]+0.023*[#  12]
          +0.023*[#  22]+0.023*[#  32]+0.018*[#  36]
    |psi|^2 = 0.694
==== e(  32) =    16.55242 eV ==== 
     psi = 0.053*[#  39]+0.048*[#  17]+0.048*[#  20]+0.048*[#  28]+0.048*[#  30]
          +0.048*[#  37]+0.048*[#  38]+0.044*[#  16]+0.044*[#  26]+0.042*[#   7]
          +0.042*[#   8]+0.042*[#  10]+0.027*[#  19]+0.027*[#  29]+0.023*[#  12]
          +0.023*[#  22]+0.023*[#  32]+0.018*[#  36]
    |psi|^2 = 0.694
==== e(  33) =    17.26861 eV ==== 
     psi = 0.215*[#   6]+0.215*[#   9]+0.190*[#  18]+0.190*[#  27]+0.190*[#  40]
          
    |psi|^2 = 1.000
==== e(  34) =    17.26861 eV ==== 
     psi = 0.108*[#  36]+0.095*[#   7]+0.095*[#   8]+0.095*[#  10]+0.090*[#  19]
          +0.090*[#  29]+0.054*[#  16]+0.054*[#  26]+0.047*[#  17]+0.047*[#  20]
          +0.047*[#  28]+0.047*[#  30]+0.047*[#  37]+0.047*[#  38]+0.036*[#  39]
          
    |psi|^2 = 1.000
==== e(  35) =    17.26861 eV ==== 
     psi = 0.108*[#  36]+0.095*[#   7]+0.095*[#   8]+0.095*[#  10]+0.090*[#  19]
          +0.090*[#  29]+0.054*[#  16]+0.054*[#  26]+0.047*[#  17]+0.047*[#  20]
          +0.047*[#  28]+0.047*[#  30]+0.047*[#  37]+0.047*[#  38]+0.036*[#  39]
          
    |psi|^2 = 1.000
==== e(  36) =    17.26862 eV ==== 
     psi = 0.143*[#  39]+0.108*[#  16]+0.108*[#  26]+0.095*[#  17]+0.095*[#  20]
          +0.095*[#  28]+0.095*[#  30]+0.095*[#  37]+0.095*[#  38]+0.036*[#  19]
          +0.036*[#  29]
    |psi|^2 = 1.000
==== e(  37) =    18.19443 eV ==== 
     psi = 0.077*[#   7]+0.077*[#   8]+0.077*[#  10]+0.067*[#  36]+0.050*[#  19]
          +0.050*[#  29]+0.040*[#  12]+0.040*[#  22]+0.040*[#  32]+0.017*[#  16]
          +0.017*[#  26]+0.002*[#  17]+0.002*[#  20]+0.002*[#  28]+0.002*[#  30]
          +0.002*[#  37]+0.002*[#  38]
    |psi|^2 = 0.565
==== e(  38) =    18.19446 eV ==== 
     psi = 0.119*[#   2]+0.100*[#   6]+0.100*[#   9]+0.082*[#  18]+0.082*[#  27]
          +0.082*[#  40]
    |psi|^2 = 0.565
==== e(  39) =    18.19447 eV ==== 
     psi = 0.050*[#  39]+0.042*[#  16]+0.042*[#  26]+0.040*[#  12]+0.040*[#  17]
          +0.040*[#  20]+0.040*[#  22]+0.040*[#  28]+0.040*[#  30]+0.040*[#  32]
          +0.040*[#  37]+0.040*[#  38]+0.025*[#  19]+0.025*[#  29]+0.017*[#  36]
          +0.002*[#   7]+0.002*[#   8]+0.002*[#  10]
    |psi|^2 = 0.565
==== e(  40) =    18.19447 eV ==== 
     psi = 0.050*[#  39]+0.042*[#  16]+0.042*[#  26]+0.040*[#  12]+0.040*[#  17]
          +0.040*[#  20]+0.040*[#  22]+0.040*[#  28]+0.040*[#  30]+0.040*[#  32]
          +0.040*[#  37]+0.040*[#  38]+0.025*[#  19]+0.025*[#  29]+0.017*[#  36]
          +0.002*[#   7]+0.002*[#   8]+0.002*[#  10]
    |psi|^2 = 0.565
==== e(  41) =    24.01859 eV ==== 
     psi = 0.197*[#  12]+0.197*[#  22]+0.197*[#  32]+0.016*[#  17]+0.016*[#  20]
          +0.016*[#  28]+0.016*[#  30]+0.016*[#  37]+0.016*[#  38]+0.016*[#   7]
          +0.016*[#   8]+0.016*[#  10]+0.001*[#  11]+0.001*[#  21]+0.001*[#  31]
          
    |psi|^2 = 0.738
==== e(  42) =    24.01859 eV ==== 
     psi = 0.197*[#  12]+0.197*[#  22]+0.197*[#  32]+0.016*[#   7]+0.016*[#   8]
          +0.016*[#  10]+0.016*[#  17]+0.016*[#  20]+0.016*[#  28]+0.016*[#  30]
          +0.016*[#  37]+0.016*[#  38]+0.001*[#  11]+0.001*[#  21]+0.001*[#  31]
          
    |psi|^2 = 0.738
==== e(  43) =    24.01862 eV ==== 
     psi = 0.352*[#   2]+0.080*[#  12]+0.080*[#  22]+0.080*[#  32]+0.029*[#  18]
          +0.029*[#  27]+0.029*[#  40]+0.007*[#   7]+0.007*[#   8]+0.007*[#  10]
          +0.006*[#  17]+0.006*[#  20]+0.006*[#  28]+0.006*[#  30]+0.006*[#  37]
          +0.006*[#  38]+0.002*[#   1]
    |psi|^2 = 0.738

 k =  -0.5000000000 -0.5000000000 -0.5000000000
==== e(   1) =   -85.72210 eV ==== 
     psi = 0.994*[#   1]+0.003*[#   2]+0.001*[#  18]+0.001*[#  27]+0.001*[#  40]
          
    |psi|^2 = 1.000
==== e(   2) =   -85.72206 eV ==== 
     psi = 0.331*[#  11]+0.331*[#  21]+0.331*[#  31]
    |psi|^2 = 1.000
==== e(   3) =   -85.72206 eV ==== 
     psi = 0.331*[#  11]+0.331*[#  21]+0.331*[#  31]
    |psi|^2 = 1.000
==== e(   4) =   -85.72206 eV ==== 
     psi = 0.331*[#  11]+0.331*[#  21]+0.331*[#  31]
    |psi|^2 = 1.000
==== e(   5) =   -46.21743 eV ==== 
     psi = 0.111*[#   3]+0.111*[#   4]+0.111*[#   5]+0.111*[#  13]+0.111*[#  15]
          +0.111*[#  23]+0.111*[#  24]+0.111*[#  34]+0.111*[#  35]
    |psi|^2 = 1.000
==== e(   6) =   -46.21743 eV ==== 
     psi = 0.111*[#   3]+0.111*[#   4]+0.111*[#   5]+0.111*[#  13]+0.111*[#  15]
          +0.111*[#  23]+0.111*[#  24]+0.111*[#  34]+0.111*[#  35]
    |psi|^2 = 1.000
==== e(   7) =   -46.21743 eV ==== 
     psi = 0.111*[#   3]+0.111*[#   4]+0.111*[#   5]+0.111*[#  13]+0.111*[#  15]
          +0.111*[#  23]+0.111*[#  24]+0.111*[#  34]+0.111*[#  35]
    |psi|^2 = 1.000
==== e(   8) =   -46.21742 eV ==== 
     psi = 0.333*[#  14]+0.333*[#  25]+0.333*[#  33]
    |psi|^2 = 1.000
==== e(   9) =   -46.03303 eV ==== 
     psi = 0.222*[#   3]+0.222*[#   4]+0.222*[#   5]+0.056*[#  13]+0.056*[#  15]
          +0.056*[#  23]+0.056*[#  24]+0.056*[#  34]+0.056*[#  35]
    |psi|^2 = 1.000
==== e(  10) =   -46.03303 eV ==== 
     psi = 0.222*[#   3]+0.222*[#   4]+0.222*[#   5]+0.056*[#  13]+0.056*[#  15]
          +0.056*[#  23]+0.056*[#  24]+0.056*[#  34]+0.056*[#  35]
    |psi|^2 = 1.000
==== e(  11) =   -46.03303 eV ==== 
     psi = 0.222*[#   3]+0.222*[#   4]+0.222*[#   5]+0.056*[#  13]+0.056*[#  15]
          +0.056*[#  23]+0.056*[#  24]+0.056*[#  34]+0.056*[#  35]
    |psi|^2 = 1.000
==== e(  12) =   -46.03301 eV ==== 
     psi = 0.167*[#  13]+0.167*[#  15]+0.167*[#  23]+0.167*[#  24]+0.167*[#  34]
          +0.167*[#  35]
    |psi|^2 = 1.000
==== e(  13) =   -46.03301 eV ==== 
     psi = 0.167*[#  13]+0.167*[#  15]+0.167*[#  23]+0.167*[#  24]+0.167*[#  34]
          +0.167*[#  35]
    |psi|^2 = 1.000
==== e(  14) =   -46.03301 eV ==== 
     psi = 0.167*[#  13]+0.167*[#  15]+0.167*[#  23]+0.167*[#  24]+0.167*[#  34]
          +0.167*[#  35]
    |psi|^2 = 1.000
==== e(  15) =   -46.03301 eV ==== 
     psi = 0.333*[#  14]+0.333*[#  25]+0.333*[#  33]
    |psi|^2 = 1.000
==== e(  16) =   -46.03301 eV ==== 
     psi = 0.333*[#  14]+0.333*[#  25]+0.333*[#  33]
    |psi|^2 = 1.000
==== e(  17) =    13.05544 eV ==== 
     psi = 0.090*[#   7]+0.090*[#   8]+0.090*[#  10]+0.090*[#  17]+0.090*[#  20]
          +0.090*[#  28]+0.090*[#  30]+0.090*[#  37]+0.090*[#  38]+0.062*[#  12]
          +0.062*[#  22]+0.062*[#  32]
    |psi|^2 = 0.999
==== e(  18) =    13.05544 eV ==== 
     psi = 0.090*[#   7]+0.090*[#   8]+0.090*[#  10]+0.090*[#  17]+0.090*[#  20]
          +0.090*[#  28]+0.090*[#  30]+0.090*[#  37]+0.090*[#  38]+0.062*[#  12]
          +0.062*[#  22]+0.062*[#  32]
    |psi|^2 = 0.999
==== e(  19) =    13.05544 eV ==== 
     psi = 0.090*[#   7]+0.090*[#   8]+0.090*[#  10]+0.090*[#  17]+0.090*[#  20]
          +0.090*[#  28]+0.090*[#  30]+0.090*[#  37]+0.090*[#  38]+0.062*[#  12]
          +0.062*[#  22]+0.062*[#  32]
    |psi|^2 = 0.999
==== e(  20) =    13.05546 eV ==== 
     psi = 0.271*[#  18]+0.271*[#  27]+0.271*[#  40]+0.186*[#   2]+0.001*[#   1]
          
    |psi|^2 = 0.999
==== e(  21) =    15.51539 eV ==== 
     psi = 0.280*[#   6]+0.280*[#   9]+0.146*[#  18]+0.146*[#  27]+0.146*[#  40]
          
    |psi|^2 = 0.999
==== e(  22) =    15.51539 eV ==== 
     psi = 0.280*[#   6]+0.280*[#   9]+0.146*[#  18]+0.146*[#  27]+0.146*[#  40]
          
    |psi|^2 = 0.999
==== e(  23) =    15.51540 eV ==== 
     psi = 0.187*[#  36]+0.140*[#  19]+0.140*[#  29]+0.097*[#   7]+0.097*[#   8]
          +0.097*[#  10]+0.047*[#  16]+0.047*[#  26]+0.024*[#  17]+0.024*[#  20]
          +0.024*[#  28]+0.024*[#  30]+0.024*[#  37]+0.024*[#  38]
    |psi|^2 = 0.999
==== e(  24) =    15.51540 eV ==== 
     psi = 0.187*[#  36]+0.140*[#  19]+0.140*[#  29]+0.097*[#   7]+0.097*[#   8]
          +0.097*[#  10]+0.047*[#  16]+0.047*[#  26]+0.024*[#  17]+0.024*[#  20]
          +0.024*[#  28]+0.024*[#  30]+0.024*[#  37]+0.024*[#  38]
    |psi|^2 = 0.999
==== e(  25) =    15.51540 eV ==== 
     psi = 0.187*[#  36]+0.140*[#  19]+0.140*[#  29]+0.097*[#   7]+0.097*[#   8]
          +0.097*[#  10]+0.047*[#  16]+0.047*[#  26]+0.024*[#  17]+0.024*[#  20]
          +0.024*[#  28]+0.024*[#  30]+0.024*[#  37]+0.024*[#  38]
    |psi|^2 = 0.999
==== e(  26) =    15.51540 eV ==== 
     psi = 0.187*[#  39]+0.140*[#  16]+0.140*[#  26]+0.073*[#  17]+0.073*[#  20]
          +0.073*[#  28]+0.073*[#  30]+0.073*[#  37]+0.073*[#  38]+0.047*[#  19]
          +0.047*[#  29]
    |psi|^2 = 0.999
==== e(  27) =    15.51540 eV ==== 
     psi = 0.187*[#  39]+0.140*[#  16]+0.140*[#  26]+0.073*[#  17]+0.073*[#  20]
          +0.073*[#  28]+0.073*[#  30]+0.073*[#  37]+0.073*[#  38]+0.047*[#  19]
          +0.047*[#  29]
    |psi|^2 = 0.999
==== e(  28) =    15.51540 eV ==== 
     psi = 0.187*[#  39]+0.140*[#  16]+0.140*[#  26]+0.073*[#  17]+0.073*[#  20]
          +0.073*[#  28]+0.073*[#  30]+0.073*[#  37]+0.073*[#  38]+0.047*[#  19]
          +0.047*[#  29]
    |psi|^2 = 0.999
==== e(  29) =    17.34114 eV ==== 
     psi = 0.219*[#   6]+0.219*[#   9]+0.187*[#  18]+0.187*[#  27]+0.187*[#  40]
          
    |psi|^2 = 1.000
==== e(  30) =    17.34114 eV ==== 
     psi = 0.219*[#   6]+0.219*[#   9]+0.187*[#  18]+0.187*[#  27]+0.187*[#  40]
          
    |psi|^2 = 1.000
==== e(  31) =    17.34114 eV ==== 
     psi = 0.146*[#  36]+0.125*[#   7]+0.125*[#   8]+0.125*[#  10]+0.110*[#  19]
          +0.110*[#  29]+0.037*[#  16]+0.037*[#  26]+0.031*[#  17]+0.031*[#  20]
          +0.031*[#  28]+0.031*[#  30]+0.031*[#  37]+0.031*[#  38]
    |psi|^2 = 1.000
==== e(  32) =    17.34114 eV ==== 
     psi = 0.146*[#  36]+0.125*[#   7]+0.125*[#   8]+0.125*[#  10]+0.110*[#  19]
          +0.110*[#  29]+0.037*[#  16]+0.037*[#  26]+0.031*[#  17]+0.031*[#  20]
          +0.031*[#  28]+0.031*[#  30]+0.031*[#  37]+0.031*[#  38]
    |psi|^2 = 1.000
==== e(  33) =    17.34114 eV ==== 
     psi = 0.146*[#  36]+0.125*[#   7]+0.125*[#   8]+0.125*[#  10]+0.110*[#  19]
          +0.110*[#  29]+0.037*[#  16]+0.037*[#  26]+0.031*[#  17]+0.031*[#  20]
          +0.031*[#  28]+0.031*[#  30]+0.031*[#  37]+0.031*[#  38]
    |psi|^2 = 1.000
==== e(  34) =    17.34115 eV ==== 
     psi = 0.146*[#  39]+0.110*[#  16]+0.110*[#  26]+0.094*[#  17]+0.094*[#  20]
          +0.094*[#  28]+0.094*[#  30]+0.094*[#  37]+0.094*[#  38]+0.037*[#  19]
          +0.037*[#  29]
    |psi|^2 = 1.000
==== e(  35) =    17.34115 eV ==== 
     psi = 0.146*[#  39]+0.110*[#  16]+0.110*[#  26]+0.094*[#  17]+0.094*[#  20]
          +0.094*[#  28]+0.094*[#  30]+0.094*[#  37]+0.094*[#  38]+0.037*[#  19]
          +0.037*[#  29]
    |psi|^2 = 1.000
==== e(  36) =    17.34115 eV ==== 
     psi = 0.146*[#  39]+0.110*[#  16]+0.110*[#  26]+0.094*[#  17]+0.094*[#  20]
          +0.094*[#  28]+0.094*[#  30]+0.094*[#  37]+0.094*[#  38]+0.037*[#  19]
          +0.037*[#  29]
    |psi|^2 = 1.000
==== e(  37) =    17.56067 eV ==== 

    |psi|^2 = 0.000
==== e(  38) =    17.56075 eV ==== 

    |psi|^2 = 0.000
==== e(  39) =    17.56075 eV ==== 

    |psi|^2 = 0.000
==== e(  40) =    17.56075 eV ==== 

    |psi|^2 = 0.000
==== e(  41) =    23.53452 eV ==== 
     psi = 0.268*[#  12]+0.268*[#  22]+0.268*[#  32]+0.020*[#   7]+0.020*[#   8]
          +0.020*[#  10]+0.020*[#  17]+0.020*[#  20]+0.020*[#  28]+0.020*[#  30]
          +0.020*[#  37]+0.020*[#  38]+0.002*[#  11]+0.002*[#  21]+0.002*[#  31]
          
    |psi|^2 = 0.993
==== e(  42) =    23.53452 eV ==== 
     psi = 0.268*[#  12]+0.268*[#  22]+0.268*[#  32]+0.020*[#   7]+0.020*[#   8]
          +0.020*[#  10]+0.020*[#  17]+0.020*[#  20]+0.020*[#  28]+0.020*[#  30]
          +0.020*[#  37]+0.020*[#  38]+0.002*[#  11]+0.002*[#  21]+0.002*[#  31]
          
    |psi|^2 = 0.993
==== e(  43) =    23.53452 eV ==== 
     psi = 0.268*[#  12]+0.268*[#  22]+0.268*[#  32]+0.020*[#   7]+0.020*[#   8]
          +0.020*[#  10]+0.020*[#  17]+0.020*[#  20]+0.020*[#  28]+0.020*[#  30]
          +0.020*[#  37]+0.020*[#  38]+0.002*[#  11]+0.002*[#  21]+0.002*[#  31]
          
    |psi|^2 = 0.993

 k =   0.0000000000  0.0000000000  0.0000000000
==== e(   1) =   -84.93012 eV ==== 
     psi = 0.234*[#  11]+0.234*[#  21]+0.234*[#  31]+0.234*[#   1]+0.016*[#   2]
          +0.016*[#  12]+0.016*[#  22]+0.016*[#  32]
    |psi|^2 = 1.000
==== e(   2) =   -84.88462 eV ==== 
     psi = 0.327*[#  11]+0.327*[#  21]+0.327*[#  31]+0.006*[#  12]+0.006*[#  22]
          +0.006*[#  32]
    |psi|^2 = 1.000
==== e(   3) =   -84.88462 eV ==== 
     psi = 0.327*[#  11]+0.327*[#  21]+0.327*[#  31]+0.006*[#  12]+0.006*[#  22]
          +0.006*[#  32]
    |psi|^2 = 1.000
==== e(   4) =   -84.88462 eV ==== 
     psi = 0.735*[#   1]+0.082*[#  11]+0.082*[#  21]+0.082*[#  31]+0.014*[#   2]
          +0.002*[#  12]+0.002*[#  22]+0.002*[#  32]
    |psi|^2 = 1.000
==== e(   5) =   -45.40650 eV ==== 
     psi = 0.083*[#   3]+0.083*[#   4]+0.083*[#   5]+0.083*[#  13]+0.083*[#  14]
          +0.083*[#  15]+0.083*[#  23]+0.083*[#  24]+0.083*[#  25]+0.083*[#  33]
          +0.083*[#  34]+0.083*[#  35]
    |psi|^2 = 1.000
==== e(   6) =   -45.40650 eV ==== 
     psi = 0.083*[#   3]+0.083*[#   4]+0.083*[#   5]+0.083*[#  13]+0.083*[#  14]
          +0.083*[#  15]+0.083*[#  23]+0.083*[#  24]+0.083*[#  25]+0.083*[#  33]
          +0.083*[#  34]+0.083*[#  35]
    |psi|^2 = 1.000
==== e(   7) =   -45.40650 eV ==== 
     psi = 0.083*[#   3]+0.083*[#   4]+0.083*[#   5]+0.083*[#  13]+0.083*[#  14]
          +0.083*[#  15]+0.083*[#  23]+0.083*[#  24]+0.083*[#  25]+0.083*[#  33]
          +0.083*[#  34]+0.083*[#  35]
    |psi|^2 = 1.000
==== e(   8) =   -45.27813 eV ==== 
     psi = 0.167*[#   3]+0.167*[#   4]+0.167*[#   5]+0.167*[#  14]+0.167*[#  25]
          +0.167*[#  33]
    |psi|^2 = 1.000
==== e(   9) =   -45.27813 eV ==== 
     psi = 0.167*[#   3]+0.167*[#   4]+0.167*[#   5]+0.167*[#  14]+0.167*[#  25]
          +0.167*[#  33]
    |psi|^2 = 1.000
==== e(  10) =   -45.27813 eV ==== 
     psi = 0.167*[#   3]+0.167*[#   4]+0.167*[#   5]+0.167*[#  14]+0.167*[#  25]
          +0.167*[#  33]
    |psi|^2 = 1.000
==== e(  11) =   -45.27813 eV ==== 
     psi = 0.167*[#  13]+0.167*[#  15]+0.167*[#  23]+0.167*[#  24]+0.167*[#  34]
          +0.167*[#  35]
    |psi|^2 = 1.000
==== e(  12) =   -45.27813 eV ==== 
     psi = 0.167*[#  13]+0.167*[#  15]+0.167*[#  23]+0.167*[#  24]+0.167*[#  34]
          +0.167*[#  35]
    |psi|^2 = 1.000
==== e(  13) =   -45.27813 eV ==== 
     psi = 0.167*[#  13]+0.167*[#  15]+0.167*[#  23]+0.167*[#  24]+0.167*[#  34]
          +0.167*[#  35]
    |psi|^2 = 1.000
==== e(  14) =   -45.19462 eV ==== 
     psi = 0.083*[#   3]+0.083*[#   4]+0.083*[#   5]+0.083*[#  13]+0.083*[#  14]
          +0.083*[#  15]+0.083*[#  23]+0.083*[#  24]+0.083*[#  25]+0.083*[#  33]
          +0.083*[#  34]+0.083*[#  35]
    |psi|^2 = 1.000
==== e(  15) =   -45.19462 eV ==== 
     psi = 0.083*[#   3]+0.083*[#   4]+0.083*[#   5]+0.083*[#  13]+0.083*[#  14]
          +0.083*[#  15]+0.083*[#  23]+0.083*[#  24]+0.083*[#  25]+0.083*[#  33]
          +0.083*[#  34]+0.083*[#  35]
    |psi|^2 = 1.000
==== e(  16) =   -45.19462 eV ==== 
     psi = 0.083*[#   3]+0.083*[#   4]+0.083*[#   5]+0.083*[#  13]+0.083*[#  14]
          +0.083*[#  15]+0.083*[#  23]+0.083*[#  24]+0.083*[#  25]+0.083*[#  33]
          +0.083*[#  34]+0.083*[#  35]
    |psi|^2 = 1.000
==== e(  17) =     8.78749 eV ==== 
     psi = 0.234*[#   2]+0.234*[#  12]+0.234*[#  22]+0.234*[#  32]+0.016*[#   1]
          +0.016*[#  11]+0.016*[#  21]+0.016*[#  31]
    |psi|^2 = 0.999
==== e(  18) =    13.59194 eV ==== 
     psi = 0.304*[#  36]+0.228*[#  19]+0.228*[#  29]+0.076*[#  16]+0.076*[#  26]
          +0.061*[#   2]+0.007*[#  12]+0.007*[#  22]+0.007*[#  32]
    |psi|^2 = 0.994
==== e(  19) =    13.59197 eV ==== 
     psi = 0.171*[#   6]+0.171*[#   9]+0.171*[#  39]+0.133*[#  16]+0.133*[#  26]
          +0.057*[#  19]+0.057*[#  29]+0.027*[#  12]+0.027*[#  22]+0.027*[#  32]
          +0.019*[#  36]
    |psi|^2 = 0.994
==== e(  20) =    13.59197 eV ==== 
     psi = 0.171*[#   6]+0.171*[#   9]+0.171*[#  39]+0.133*[#  16]+0.133*[#  26]
          +0.057*[#  19]+0.057*[#  29]+0.027*[#  12]+0.027*[#  22]+0.027*[#  32]
          +0.019*[#  36]
    |psi|^2 = 0.994
==== e(  21) =    14.33288 eV ==== 
     psi = 0.083*[#   7]+0.083*[#   8]+0.083*[#  10]+0.083*[#  17]+0.083*[#  18]
          +0.083*[#  20]+0.083*[#  27]+0.083*[#  28]+0.083*[#  30]+0.083*[#  37]
          +0.083*[#  38]+0.083*[#  40]
    |psi|^2 = 0.991
==== e(  22) =    14.33288 eV ==== 
     psi = 0.083*[#   7]+0.083*[#   8]+0.083*[#  10]+0.083*[#  17]+0.083*[#  18]
          +0.083*[#  20]+0.083*[#  27]+0.083*[#  28]+0.083*[#  30]+0.083*[#  37]
          +0.083*[#  38]+0.083*[#  40]
    |psi|^2 = 0.991
==== e(  23) =    14.33288 eV ==== 
     psi = 0.083*[#   7]+0.083*[#   8]+0.083*[#  10]+0.083*[#  17]+0.083*[#  18]
          +0.083*[#  20]+0.083*[#  27]+0.083*[#  28]+0.083*[#  30]+0.083*[#  37]
          +0.083*[#  38]+0.083*[#  40]
    |psi|^2 = 0.991
==== e(  24) =    16.24786 eV ==== 
     psi = 0.083*[#   7]+0.083*[#   8]+0.083*[#  10]+0.083*[#  17]+0.083*[#  18]
          +0.083*[#  20]+0.083*[#  27]+0.083*[#  28]+0.083*[#  30]+0.083*[#  37]
          +0.083*[#  38]+0.083*[#  40]
    |psi|^2 = 0.998
==== e(  25) =    16.24786 eV ==== 
     psi = 0.083*[#   7]+0.083*[#   8]+0.083*[#  10]+0.083*[#  17]+0.083*[#  18]
          +0.083*[#  20]+0.083*[#  27]+0.083*[#  28]+0.083*[#  30]+0.083*[#  37]
          +0.083*[#  38]+0.083*[#  40]
    |psi|^2 = 0.998
==== e(  26) =    16.24786 eV ==== 
     psi = 0.083*[#   7]+0.083*[#   8]+0.083*[#  10]+0.083*[#  17]+0.083*[#  18]
          +0.083*[#  20]+0.083*[#  27]+0.083*[#  28]+0.083*[#  30]+0.083*[#  37]
          +0.083*[#  38]+0.083*[#  40]
    |psi|^2 = 0.998
==== e(  27) =    17.25967 eV ==== 
     psi = 0.125*[#   6]+0.125*[#   9]+0.125*[#  16]+0.125*[#  19]+0.125*[#  26]
          +0.125*[#  29]+0.125*[#  36]+0.125*[#  39]
    |psi|^2 = 1.000
==== e(  28) =    17.25967 eV ==== 
     psi = 0.125*[#   6]+0.125*[#   9]+0.125*[#  16]+0.125*[#  19]+0.125*[#  26]
          +0.125*[#  29]+0.125*[#  36]+0.125*[#  39]
    |psi|^2 = 1.000
==== e(  29) =    17.99970 eV ==== 
     psi = 0.333*[#  39]+0.250*[#  16]+0.250*[#  26]+0.083*[#  19]+0.083*[#  29]
          
    |psi|^2 = 1.000
==== e(  30) =    17.99970 eV ==== 
     psi = 0.187*[#   6]+0.187*[#   9]+0.187*[#  36]+0.146*[#  19]+0.146*[#  29]
          +0.062*[#  16]+0.062*[#  26]+0.021*[#  39]
    |psi|^2 = 1.000
==== e(  31) =    17.99970 eV ==== 
     psi = 0.187*[#   6]+0.187*[#   9]+0.187*[#  36]+0.146*[#  19]+0.146*[#  29]
          +0.062*[#  16]+0.062*[#  26]+0.021*[#  39]
    |psi|^2 = 1.000
==== e(  32) =    18.33843 eV ==== 
     psi = 0.167*[#  17]+0.167*[#  20]+0.167*[#  28]+0.167*[#  30]+0.167*[#  37]
          +0.167*[#  38]
    |psi|^2 = 1.000
==== e(  33) =    18.33843 eV ==== 
     psi = 0.167*[#  17]+0.167*[#  20]+0.167*[#  28]+0.167*[#  30]+0.167*[#  37]
          +0.167*[#  38]
    |psi|^2 = 1.000
==== e(  34) =    18.33843 eV ==== 
     psi = 0.167*[#  17]+0.167*[#  20]+0.167*[#  28]+0.167*[#  30]+0.167*[#  37]
          +0.167*[#  38]
    |psi|^2 = 1.000
==== e(  35) =    18.33844 eV ==== 
     psi = 0.167*[#   7]+0.167*[#   8]+0.167*[#  10]+0.167*[#  18]+0.167*[#  27]
          +0.167*[#  40]
    |psi|^2 = 1.000
==== e(  36) =    18.33844 eV ==== 
     psi = 0.167*[#   7]+0.167*[#   8]+0.167*[#  10]+0.167*[#  18]+0.167*[#  27]
          +0.167*[#  40]
    |psi|^2 = 1.000
==== e(  37) =    18.33844 eV ==== 
     psi = 0.167*[#   7]+0.167*[#   8]+0.167*[#  10]+0.167*[#  18]+0.167*[#  27]
          +0.167*[#  40]
    |psi|^2 = 1.000
==== e(  38) =    20.24613 eV ==== 

    |psi|^2 = 0.000
==== e(  39) =    20.24613 eV ==== 

    |psi|^2 = 0.000
==== e(  40) =    20.24613 eV ==== 

    |psi|^2 = 0.000
==== e(  41) =    27.32708 eV ==== 
     psi = 0.605*[#   2]+0.067*[#  12]+0.067*[#  22]+0.067*[#  32]+0.028*[#  36]
          +0.021*[#  19]+0.021*[#  29]+0.014*[#   1]+0.007*[#  16]+0.007*[#  26]
          +0.002*[#  11]+0.002*[#  21]+0.002*[#  31]
    |psi|^2 = 0.910
==== e(  42) =    27.32710 eV ==== 
     psi = 0.269*[#  12]+0.269*[#  22]+0.269*[#  32]+0.016*[#   6]+0.016*[#   9]
          +0.016*[#  39]+0.012*[#  16]+0.012*[#  26]+0.006*[#  11]+0.006*[#  21]
          +0.006*[#  31]+0.005*[#  19]+0.005*[#  29]+0.002*[#  36]
    |psi|^2 = 0.910
==== e(  43) =    27.32710 eV ==== 
     psi = 0.269*[#  12]+0.269*[#  22]+0.269*[#  32]+0.016*[#   6]+0.016*[#   9]
          +0.016*[#  39]+0.012*[#  16]+0.012*[#  26]+0.006*[#  11]+0.006*[#  21]
          +0.006*[#  31]+0.005*[#  19]+0.005*[#  29]+0.002*[#  36]
    |psi|^2 = 0.910

 k =   0.0000000000  0.0000000000  0.1250000000
==== e(   1) =   -84.92841 eV ==== 
     psi = 0.235*[#  11]+0.235*[#  21]+0.235*[#  31]+0.235*[#   1]+0.015*[#   2]
          +0.015*[#  12]+0.015*[#  22]+0.015*[#  32]
    |psi|^2 = 1.000
==== e(   2) =   -84.88634 eV ==== 
     psi = 0.247*[#  11]+0.247*[#  21]+0.247*[#  31]+0.245*[#   1]+0.003*[#   2]
          +0.003*[#  12]+0.003*[#  22]+0.003*[#  32]
    |psi|^2 = 1.000
==== e(   3) =   -84.88464 eV ==== 
     psi = 0.327*[#  11]+0.327*[#  21]+0.327*[#  31]+0.006*[#  12]+0.006*[#  22]
          +0.006*[#  32]
    |psi|^2 = 1.000
==== e(   4) =   -84.88464 eV ==== 
     psi = 0.491*[#   1]+0.163*[#  11]+0.163*[#  21]+0.163*[#  31]+0.009*[#   2]
          +0.003*[#  12]+0.003*[#  22]+0.003*[#  32]
    |psi|^2 = 1.000
==== e(   5) =   -45.40175 eV ==== 
     psi = 0.083*[#   3]+0.083*[#   4]+0.083*[#   5]+0.083*[#  13]+0.083*[#  14]
          +0.083*[#  15]+0.083*[#  23]+0.083*[#  24]+0.083*[#  25]+0.083*[#  33]
          +0.083*[#  34]+0.083*[#  35]
    |psi|^2 = 1.000
==== e(   6) =   -45.40175 eV ==== 
     psi = 0.083*[#   3]+0.083*[#   4]+0.083*[#   5]+0.083*[#  13]+0.083*[#  14]
          +0.083*[#  15]+0.083*[#  23]+0.083*[#  24]+0.083*[#  25]+0.083*[#  33]
          +0.083*[#  34]+0.083*[#  35]
    |psi|^2 = 1.000
==== e(   7) =   -45.39838 eV ==== 
     psi = 0.083*[#   3]+0.083*[#   4]+0.083*[#   5]+0.083*[#  13]+0.083*[#  14]
          +0.083*[#  15]+0.083*[#  23]+0.083*[#  24]+0.083*[#  25]+0.083*[#  33]
          +0.083*[#  34]+0.083*[#  35]
    |psi|^2 = 1.000
==== e(   8) =   -45.28323 eV ==== 
     psi = 0.083*[#   3]+0.083*[#   4]+0.083*[#   5]+0.083*[#  13]+0.083*[#  14]
          +0.083*[#  15]+0.083*[#  23]+0.083*[#  24]+0.083*[#  25]+0.083*[#  33]
          +0.083*[#  34]+0.083*[#  35]
    |psi|^2 = 1.000
==== e(   9) =   -45.28323 eV ==== 
     psi = 0.083*[#   3]+0.083*[#   4]+0.083*[#   5]+0.083*[#  13]+0.083*[#  14]
          +0.083*[#  15]+0.083*[#  23]+0.083*[#  24]+0.083*[#  25]+0.083*[#  33]
          +0.083*[#  34]+0.083*[#  35]
    |psi|^2 = 1.000
==== e(  10) =   -45.27831 eV ==== 
     psi = 0.167*[#   3]+0.167*[#   4]+0.167*[#   5]+0.167*[#  14]+0.167*[#  25]
          +0.167*[#  33]
    |psi|^2 = 1.000
==== e(  11) =   -45.27831 eV ==== 
     psi = 0.167*[#  13]+0.167*[#  15]+0.167*[#  23]+0.167*[#  24]+0.167*[#  34]
          +0.167*[#  35]
    |psi|^2 = 1.000
==== e(  12) =   -45.27466 eV ==== 
     psi = 0.083*[#   3]+0.083*[#   4]+0.083*[#   5]+0.083*[#  13]+0.083*[#  14]
          +0.083*[#  15]+0.083*[#  23]+0.083*[#  24]+0.083*[#  25]+0.083*[#  33]
          +0.083*[#  34]+0.083*[#  35]
    |psi|^2 = 1.000
==== e(  13) =   -45.27466 eV ==== 
     psi = 0.083*[#   3]+0.083*[#   4]+0.083*[#   5]+0.083*[#  13]+0.083*[#  14]
          +0.083*[#  15]+0.083*[#  23]+0.083*[#  24]+0.083*[#  25]+0.083*[#  33]
          +0.083*[#  34]+0.083*[#  35]
    |psi|^2 = 1.000
==== e(  14) =   -45.20385 eV ==== 
     psi = 0.083*[#   3]+0.083*[#   4]+0.083*[#   5]+0.083*[#  13]+0.083*[#  14]
          +0.083*[#  15]+0.083*[#  23]+0.083*[#  24]+0.083*[#  25]+0.083*[#  33]
          +0.083*[#  34]+0.083*[#  35]
    |psi|^2 = 1.000
==== e(  15) =   -45.19785 eV ==== 
     psi = 0.083*[#   3]+0.083*[#   4]+0.083*[#   5]+0.083*[#  13]+0.083*[#  14]
          +0.083*[#  15]+0.083*[#  23]+0.083*[#  24]+0.083*[#  25]+0.083*[#  33]
          +0.083*[#  34]+0.083*[#  35]
    |psi|^2 = 1.000
==== e(  16) =   -45.19785 eV ==== 
     psi = 0.083*[#   3]+0.083*[#   4]+0.083*[#   5]+0.083*[#  13]+0.083*[#  14]
          +0.083*[#  15]+0.083*[#  23]+0.083*[#  24]+0.083*[#  25]+0.083*[#  33]
          +0.083*[#  34]+0.083*[#  35]
    |psi|^2 = 1.000
==== e(  17) =     8.99153 eV ==== 
     psi = 0.235*[#   2]+0.235*[#  12]+0.235*[#  22]+0.235*[#  32]+0.015*[#   1]
          +0.015*[#  11]+0.015*[#  21]+0.015*[#  31]
    |psi|^2 = 0.999
==== e(  18) =    13.58178 eV ==== 
     psi = 0.108*[#   6]+0.108*[#   9]+0.108*[#  16]+0.108*[#  19]+0.108*[#  26]
          +0.108*[#  29]+0.108*[#  36]+0.108*[#  39]+0.032*[#   2]+0.032*[#  12]
          +0.032*[#  22]+0.032*[#  32]
    |psi|^2 = 0.992
==== e(  19) =    13.70140 eV ==== 
     psi = 0.212*[#  36]+0.174*[#  19]+0.174*[#  29]+0.097*[#  16]+0.097*[#  26]
          +0.059*[#  39]+0.053*[#   6]+0.053*[#   9]+0.037*[#   2]+0.012*[#  12]
          +0.012*[#  22]+0.012*[#  32]
    |psi|^2 = 0.991
==== e(  20) =    13.70142 eV ==== 
     psi = 0.177*[#   6]+0.177*[#   9]+0.171*[#  39]+0.132*[#  16]+0.132*[#  26]
          +0.056*[#  19]+0.056*[#  29]+0.024*[#  12]+0.024*[#  22]+0.024*[#  32]
          +0.018*[#  36]
    |psi|^2 = 0.991
==== e(  21) =    14.39954 eV ==== 
     psi = 0.083*[#   7]+0.083*[#   8]+0.083*[#  10]+0.083*[#  17]+0.083*[#  18]
          +0.083*[#  20]+0.083*[#  27]+0.083*[#  28]+0.083*[#  30]+0.083*[#  37]
          +0.083*[#  38]+0.083*[#  40]
    |psi|^2 = 0.991
==== e(  22) =    14.40021 eV ==== 
     psi = 0.082*[#   7]+0.082*[#   8]+0.082*[#  10]+0.082*[#  17]+0.082*[#  18]
          +0.082*[#  20]+0.082*[#  27]+0.082*[#  28]+0.082*[#  30]+0.082*[#  37]
          +0.082*[#  38]+0.082*[#  40]
    |psi|^2 = 0.989
==== e(  23) =    14.40021 eV ==== 
     psi = 0.082*[#   7]+0.082*[#   8]+0.082*[#  10]+0.082*[#  17]+0.082*[#  18]
          +0.082*[#  20]+0.082*[#  27]+0.082*[#  28]+0.082*[#  30]+0.082*[#  37]
          +0.082*[#  38]+0.082*[#  40]
    |psi|^2 = 0.989
==== e(  24) =    16.16796 eV ==== 
     psi = 0.083*[#   7]+0.083*[#   8]+0.083*[#  10]+0.083*[#  17]+0.083*[#  18]
          +0.083*[#  20]+0.083*[#  27]+0.083*[#  28]+0.083*[#  30]+0.083*[#  37]
          +0.083*[#  38]+0.083*[#  40]
    |psi|^2 = 0.997
==== e(  25) =    16.30678 eV ==== 
     psi = 0.083*[#   7]+0.083*[#   8]+0.083*[#  10]+0.083*[#  17]+0.083*[#  18]
          +0.083*[#  20]+0.083*[#  27]+0.083*[#  28]+0.083*[#  30]+0.083*[#  37]
          +0.083*[#  38]+0.083*[#  40]
    |psi|^2 = 0.998
==== e(  26) =    16.30678 eV ==== 
     psi = 0.083*[#   7]+0.083*[#   8]+0.083*[#  10]+0.083*[#  17]+0.083*[#  18]
          +0.083*[#  20]+0.083*[#  27]+0.083*[#  28]+0.083*[#  30]+0.083*[#  37]
          +0.083*[#  38]+0.083*[#  40]
    |psi|^2 = 0.998
==== e(  27) =    17.18727 eV ==== 
     psi = 0.125*[#   6]+0.125*[#   9]+0.125*[#  16]+0.125*[#  19]+0.125*[#  26]
          +0.125*[#  29]+0.125*[#  36]+0.125*[#  39]
    |psi|^2 = 0.999
==== e(  28) =    17.28697 eV ==== 
     psi = 0.125*[#   6]+0.125*[#   9]+0.125*[#  16]+0.125*[#  19]+0.125*[#  26]
          +0.125*[#  29]+0.125*[#  36]+0.125*[#  39]
    |psi|^2 = 1.000
==== e(  29) =    17.77786 eV ==== 
     psi = 0.075*[#   7]+0.075*[#   8]+0.075*[#  10]+0.075*[#  17]+0.075*[#  18]
          +0.075*[#  20]+0.075*[#  27]+0.075*[#  28]+0.075*[#  30]+0.075*[#  37]
          +0.075*[#  38]+0.075*[#  40]
    |psi|^2 = 0.895
==== e(  30) =    17.77786 eV ==== 
     psi = 0.075*[#   7]+0.075*[#   8]+0.075*[#  10]+0.075*[#  17]+0.075*[#  18]
          +0.075*[#  20]+0.075*[#  27]+0.075*[#  28]+0.075*[#  30]+0.075*[#  37]
          +0.075*[#  38]+0.075*[#  40]
    |psi|^2 = 0.895
==== e(  31) =    17.90567 eV ==== 
     psi = 0.230*[#  39]+0.189*[#  16]+0.189*[#  26]+0.106*[#  19]+0.106*[#  29]
          +0.064*[#  36]+0.058*[#   6]+0.058*[#   9]
    |psi|^2 = 0.999
==== e(  32) =    17.90567 eV ==== 
     psi = 0.192*[#   6]+0.192*[#   9]+0.186*[#  36]+0.144*[#  19]+0.144*[#  29]
          +0.061*[#  16]+0.061*[#  26]+0.019*[#  39]
    |psi|^2 = 0.999
==== e(  33) =    17.97098 eV ==== 
     psi = 0.125*[#   6]+0.125*[#   9]+0.125*[#  16]+0.125*[#  19]+0.125*[#  26]
          +0.125*[#  29]+0.125*[#  36]+0.125*[#  39]
    |psi|^2 = 1.000
==== e(  34) =    18.22853 eV ==== 
     psi = 0.083*[#   7]+0.083*[#   8]+0.083*[#  10]+0.083*[#  17]+0.083*[#  18]
          +0.083*[#  20]+0.083*[#  27]+0.083*[#  28]+0.083*[#  30]+0.083*[#  37]
          +0.083*[#  38]+0.083*[#  40]
    |psi|^2 = 0.999
==== e(  35) =    18.22853 eV ==== 
     psi = 0.083*[#   7]+0.083*[#   8]+0.083*[#  10]+0.083*[#  17]+0.083*[#  18]
          +0.083*[#  20]+0.083*[#  27]+0.083*[#  28]+0.083*[#  30]+0.083*[#  37]
          +0.083*[#  38]+0.083*[#  40]
    |psi|^2 = 0.999
==== e(  36) =    18.33851 eV ==== 
     psi = 0.167*[#  17]+0.167*[#  20]+0.167*[#  28]+0.167*[#  30]+0.167*[#  37]
          +0.167*[#  38]
    |psi|^2 = 1.000
==== e(  37) =    18.33853 eV ==== 
     psi = 0.167*[#   7]+0.167*[#   8]+0.167*[#  10]+0.167*[#  18]+0.167*[#  27]
          +0.167*[#  40]
    |psi|^2 = 1.000
==== e(  38) =    19.34652 eV ==== 
     psi = 0.108*[#   2]+0.108*[#  12]+0.108*[#  22]+0.108*[#  32]+0.010*[#   6]
          +0.010*[#   9]+0.010*[#  16]+0.010*[#  19]+0.010*[#  26]+0.010*[#  29]
          +0.010*[#  36]+0.010*[#  39]+0.002*[#   1]+0.002*[#  11]+0.002*[#  21]
          +0.002*[#  31]
    |psi|^2 = 0.522
==== e(  39) =    20.97595 eV ==== 
     psi = 0.009*[#   7]+0.009*[#   8]+0.009*[#  10]+0.009*[#  17]+0.009*[#  18]
          +0.009*[#  20]+0.009*[#  27]+0.009*[#  28]+0.009*[#  30]+0.009*[#  37]
          +0.009*[#  38]+0.009*[#  40]
    |psi|^2 = 0.105
==== e(  40) =    20.97595 eV ==== 
     psi = 0.009*[#   7]+0.009*[#   8]+0.009*[#  10]+0.009*[#  17]+0.009*[#  18]
          +0.009*[#  20]+0.009*[#  27]+0.009*[#  28]+0.009*[#  30]+0.009*[#  37]
          +0.009*[#  38]+0.009*[#  40]
    |psi|^2 = 0.105
==== e(  41) =    27.37121 eV ==== 
     psi = 0.387*[#   2]+0.129*[#  12]+0.129*[#  22]+0.129*[#  32]+0.018*[#  36]
          +0.015*[#  19]+0.015*[#  29]+0.009*[#   1]+0.008*[#  16]+0.008*[#  26]
          +0.005*[#   6]+0.005*[#   9]+0.005*[#  39]+0.003*[#  11]+0.003*[#  21]
          +0.003*[#  31]
    |psi|^2 = 0.872
==== e(  42) =    27.37123 eV ==== 
     psi = 0.258*[#  12]+0.258*[#  22]+0.258*[#  32]+0.015*[#   6]+0.015*[#   9]
          +0.015*[#  39]+0.012*[#  16]+0.012*[#  26]+0.006*[#  11]+0.006*[#  21]
          +0.006*[#  31]+0.005*[#  19]+0.005*[#  29]+0.002*[#  36]
    |psi|^2 = 0.872
==== e(  43) =    28.60636 eV ==== 
     psi = 0.091*[#   2]+0.091*[#  12]+0.091*[#  22]+0.091*[#  32]+0.007*[#   6]
          +0.007*[#   9]+0.007*[#  16]+0.007*[#  19]+0.007*[#  26]+0.007*[#  29]
          +0.007*[#  36]+0.007*[#  39]+0.002*[#   1]+0.002*[#  11]+0.002*[#  21]
          +0.002*[#  31]
    |psi|^2 = 0.422

 k =   0.0000000000  0.0000000000  0.2500000000
==== e(   1) =   -84.92346 eV ==== 
     psi = 0.238*[#  11]+0.238*[#  21]+0.238*[#  31]+0.238*[#   1]+0.012*[#   2]
          +0.012*[#  12]+0.012*[#  22]+0.012*[#  32]
    |psi|^2 = 1.000
==== e(   2) =   -84.89126 eV ==== 
     psi = 0.249*[#  11]+0.249*[#  21]+0.249*[#  31]+0.249*[#   1]
    |psi|^2 = 1.000
==== e(   3) =   -84.88464 eV ==== 
     psi = 0.327*[#  11]+0.327*[#  21]+0.327*[#  31]+0.006*[#  12]+0.006*[#  22]
          +0.006*[#  32]
    |psi|^2 = 1.000
==== e(   4) =   -84.88463 eV ==== 
     psi = 0.490*[#   1]+0.163*[#  11]+0.163*[#  21]+0.163*[#  31]+0.010*[#   2]
          +0.003*[#  12]+0.003*[#  22]+0.003*[#  32]
    |psi|^2 = 1.000
==== e(   5) =   -45.38771 eV ==== 
     psi = 0.083*[#   3]+0.083*[#   4]+0.083*[#   5]+0.083*[#  13]+0.083*[#  14]
          +0.083*[#  15]+0.083*[#  23]+0.083*[#  24]+0.083*[#  25]+0.083*[#  33]
          +0.083*[#  34]+0.083*[#  35]
    |psi|^2 = 1.000
==== e(   6) =   -45.38771 eV ==== 
     psi = 0.083*[#   3]+0.083*[#   4]+0.083*[#   5]+0.083*[#  13]+0.083*[#  14]
          +0.083*[#  15]+0.083*[#  23]+0.083*[#  24]+0.083*[#  25]+0.083*[#  33]
          +0.083*[#  34]+0.083*[#  35]
    |psi|^2 = 1.000
==== e(   7) =   -45.37611 eV ==== 
     psi = 0.083*[#   3]+0.083*[#   4]+0.083*[#   5]+0.083*[#  13]+0.083*[#  14]
          +0.083*[#  15]+0.083*[#  23]+0.083*[#  24]+0.083*[#  25]+0.083*[#  33]
          +0.083*[#  34]+0.083*[#  35]+0.001*[#   2]+0.001*[#  12]+0.001*[#  22]
          +0.001*[#  32]
    |psi|^2 = 1.000
==== e(   8) =   -45.29713 eV ==== 
     psi = 0.083*[#   3]+0.083*[#   4]+0.083*[#   5]+0.083*[#  13]+0.083*[#  14]
          +0.083*[#  15]+0.083*[#  23]+0.083*[#  24]+0.083*[#  25]+0.083*[#  33]
          +0.083*[#  34]+0.083*[#  35]
    |psi|^2 = 1.000
==== e(   9) =   -45.29713 eV ==== 
     psi = 0.083*[#   3]+0.083*[#   4]+0.083*[#   5]+0.083*[#  13]+0.083*[#  14]
          +0.083*[#  15]+0.083*[#  23]+0.083*[#  24]+0.083*[#  25]+0.083*[#  33]
          +0.083*[#  34]+0.083*[#  35]
    |psi|^2 = 1.000
==== e(  10) =   -45.27909 eV ==== 
     psi = 0.167*[#   3]+0.167*[#   4]+0.167*[#   5]+0.167*[#  14]+0.167*[#  25]
          +0.167*[#  33]
    |psi|^2 = 1.000
==== e(  11) =   -45.27909 eV ==== 
     psi = 0.167*[#  13]+0.167*[#  15]+0.167*[#  23]+0.167*[#  24]+0.167*[#  34]
          +0.167*[#  35]
    |psi|^2 = 1.000
==== e(  12) =   -45.26560 eV ==== 
     psi = 0.083*[#   3]+0.083*[#   4]+0.083*[#   5]+0.083*[#  13]+0.083*[#  14]
          +0.083*[#  15]+0.083*[#  23]+0.083*[#  24]+0.083*[#  25]+0.083*[#  33]
          +0.083*[#  34]+0.083*[#  35]
    |psi|^2 = 1.000
==== e(  13) =   -45.26560 eV ==== 
     psi = 0.083*[#   3]+0.083*[#   4]+0.083*[#   5]+0.083*[#  13]+0.083*[#  14]
          +0.083*[#  15]+0.083*[#  23]+0.083*[#  24]+0.083*[#  25]+0.083*[#  33]
          +0.083*[#  34]+0.083*[#  35]
    |psi|^2 = 1.000
==== e(  14) =   -45.22705 eV ==== 
     psi = 0.083*[#   3]+0.083*[#   4]+0.083*[#   5]+0.083*[#  13]+0.083*[#  14]
          +0.083*[#  15]+0.083*[#  23]+0.083*[#  24]+0.083*[#  25]+0.083*[#  33]
          +0.083*[#  34]+0.083*[#  35]
    |psi|^2 = 1.000
==== e(  15) =   -45.20688 eV ==== 
     psi = 0.083*[#   3]+0.083*[#   4]+0.083*[#   5]+0.083*[#  13]+0.083*[#  14]
          +0.083*[#  15]+0.083*[#  23]+0.083*[#  24]+0.083*[#  25]+0.083*[#  33]
          +0.083*[#  34]+0.083*[#  35]
    |psi|^2 = 1.000
==== e(  16) =   -45.20688 eV ==== 
     psi = 0.083*[#   3]+0.083*[#   4]+0.083*[#   5]+0.083*[#  13]+0.083*[#  14]
          +0.083*[#  15]+0.083*[#  23]+0.083*[#  24]+0.083*[#  25]+0.083*[#  33]
          +0.083*[#  34]+0.083*[#  35]
    |psi|^2 = 1.000
==== e(  17) =     9.59090 eV ==== 
     psi = 0.236*[#   2]+0.236*[#  12]+0.236*[#  22]+0.236*[#  32]+0.012*[#   1]
          +0.012*[#  11]+0.012*[#  21]+0.012*[#  31]
    |psi|^2 = 0.999
==== e(  18) =    13.43745 eV ==== 
     psi = 0.084*[#   6]+0.084*[#   9]+0.084*[#  16]+0.084*[#  19]+0.084*[#  26]
          +0.084*[#  29]+0.084*[#  36]+0.084*[#  39]+0.078*[#   2]+0.078*[#  12]
          +0.078*[#  22]+0.078*[#  32]
    |psi|^2 = 0.991
==== e(  19) =    13.99489 eV ==== 
     psi = 0.220*[#  36]+0.181*[#  19]+0.181*[#  29]+0.103*[#  16]+0.103*[#  26]
          +0.065*[#  39]+0.039*[#   6]+0.039*[#   9]+0.025*[#   2]+0.008*[#  12]
          +0.008*[#  22]+0.008*[#  32]
    |psi|^2 = 0.982
==== e(  20) =    13.99490 eV ==== 
     psi = 0.194*[#   6]+0.194*[#   9]+0.168*[#  39]+0.129*[#  16]+0.129*[#  26]
          +0.052*[#  19]+0.052*[#  29]+0.017*[#  12]+0.017*[#  22]+0.017*[#  32]
          +0.013*[#  36]
    |psi|^2 = 0.982
==== e(  21) =    14.59189 eV ==== 
     psi = 0.083*[#   7]+0.083*[#   8]+0.083*[#  10]+0.083*[#  17]+0.083*[#  18]
          +0.083*[#  20]+0.083*[#  27]+0.083*[#  28]+0.083*[#  30]+0.083*[#  37]
          +0.083*[#  38]+0.083*[#  40]
    |psi|^2 = 0.992
==== e(  22) =    14.60479 eV ==== 
     psi = 0.082*[#   7]+0.082*[#   8]+0.082*[#  10]+0.082*[#  17]+0.082*[#  18]
          +0.082*[#  20]+0.082*[#  27]+0.082*[#  28]+0.082*[#  30]+0.082*[#  37]
          +0.082*[#  38]+0.082*[#  40]
    |psi|^2 = 0.982
==== e(  23) =    14.60479 eV ==== 
     psi = 0.082*[#   7]+0.082*[#   8]+0.082*[#  10]+0.082*[#  17]+0.082*[#  18]
          +0.082*[#  20]+0.082*[#  27]+0.082*[#  28]+0.082*[#  30]+0.082*[#  37]
          +0.082*[#  38]+0.082*[#  40]
    |psi|^2 = 0.982
==== e(  24) =    15.94421 eV ==== 
     psi = 0.083*[#   7]+0.083*[#   8]+0.083*[#  10]+0.083*[#  17]+0.083*[#  18]
          +0.083*[#  20]+0.083*[#  27]+0.083*[#  28]+0.083*[#  30]+0.083*[#  37]
          +0.083*[#  38]+0.083*[#  40]
    |psi|^2 = 0.996
==== e(  25) =    16.48167 eV ==== 
     psi = 0.083*[#   7]+0.083*[#   8]+0.083*[#  10]+0.083*[#  17]+0.083*[#  18]
          +0.083*[#  20]+0.083*[#  27]+0.083*[#  28]+0.083*[#  30]+0.083*[#  37]
          +0.083*[#  38]+0.083*[#  40]
    |psi|^2 = 0.997
==== e(  26) =    16.48167 eV ==== 
     psi = 0.083*[#   7]+0.083*[#   8]+0.083*[#  10]+0.083*[#  17]+0.083*[#  18]
          +0.083*[#  20]+0.083*[#  27]+0.083*[#  28]+0.083*[#  30]+0.083*[#  37]
          +0.083*[#  38]+0.083*[#  40]
    |psi|^2 = 0.997
==== e(  27) =    16.89647 eV ==== 
     psi = 0.074*[#   7]+0.074*[#   8]+0.074*[#  10]+0.074*[#  17]+0.074*[#  18]
          +0.074*[#  20]+0.074*[#  27]+0.074*[#  28]+0.074*[#  30]+0.074*[#  37]
          +0.074*[#  38]+0.074*[#  40]
    |psi|^2 = 0.885
==== e(  28) =    16.89647 eV ==== 
     psi = 0.074*[#   7]+0.074*[#   8]+0.074*[#  10]+0.074*[#  17]+0.074*[#  18]
          +0.074*[#  20]+0.074*[#  27]+0.074*[#  28]+0.074*[#  30]+0.074*[#  37]
          +0.074*[#  38]+0.074*[#  40]
    |psi|^2 = 0.885
==== e(  29) =    16.99015 eV ==== 
     psi = 0.124*[#   6]+0.124*[#   9]+0.124*[#  16]+0.124*[#  19]+0.124*[#  26]
          +0.124*[#  29]+0.124*[#  36]+0.124*[#  39]
    |psi|^2 = 0.999
==== e(  30) =    17.36451 eV ==== 
     psi = 0.125*[#   6]+0.125*[#   9]+0.125*[#  16]+0.125*[#  19]+0.125*[#  26]
          +0.125*[#  29]+0.125*[#  36]+0.125*[#  39]
    |psi|^2 = 1.000
==== e(  31) =    17.64756 eV ==== 
     psi = 0.234*[#  39]+0.193*[#  16]+0.193*[#  26]+0.110*[#  19]+0.110*[#  29]
          +0.069*[#  36]+0.043*[#   6]+0.043*[#   9]
    |psi|^2 = 0.997
==== e(  32) =    17.64756 eV ==== 
     psi = 0.206*[#   6]+0.206*[#   9]+0.180*[#  36]+0.139*[#  19]+0.139*[#  29]
          +0.056*[#  16]+0.056*[#  26]+0.014*[#  39]+0.001*[#   2]
    |psi|^2 = 0.997
==== e(  33) =    17.78640 eV ==== 
     psi = 0.145*[#   2]+0.145*[#  12]+0.145*[#  22]+0.145*[#  32]+0.037*[#   6]
          +0.037*[#   9]+0.037*[#  16]+0.037*[#  19]+0.037*[#  26]+0.037*[#  29]
          +0.037*[#  36]+0.037*[#  39]+0.001*[#   1]+0.001*[#  11]+0.001*[#  21]
          +0.001*[#  31]
    |psi|^2 = 0.885
==== e(  34) =    17.88847 eV ==== 
     psi = 0.125*[#   6]+0.125*[#   9]+0.125*[#  16]+0.125*[#  19]+0.125*[#  26]
          +0.125*[#  29]+0.125*[#  36]+0.125*[#  39]
    |psi|^2 = 1.000
==== e(  35) =    17.93458 eV ==== 
     psi = 0.083*[#   7]+0.083*[#   8]+0.083*[#  10]+0.083*[#  17]+0.083*[#  18]
          +0.083*[#  20]+0.083*[#  27]+0.083*[#  28]+0.083*[#  30]+0.083*[#  37]
          +0.083*[#  38]+0.083*[#  40]
    |psi|^2 = 0.997
==== e(  36) =    17.93458 eV ==== 
     psi = 0.083*[#   7]+0.083*[#   8]+0.083*[#  10]+0.083*[#  17]+0.083*[#  18]
          +0.083*[#  20]+0.083*[#  27]+0.083*[#  28]+0.083*[#  30]+0.083*[#  37]
          +0.083*[#  38]+0.083*[#  40]
    |psi|^2 = 0.997
==== e(  37) =    18.33897 eV ==== 
     psi = 0.167*[#  17]+0.167*[#  20]+0.167*[#  28]+0.167*[#  30]+0.167*[#  37]
          +0.167*[#  38]
    |psi|^2 = 1.000
==== e(  38) =    18.33899 eV ==== 
     psi = 0.167*[#   7]+0.167*[#   8]+0.167*[#  10]+0.167*[#  18]+0.167*[#  27]
          +0.167*[#  40]
    |psi|^2 = 1.000
==== e(  39) =    22.36155 eV ==== 
     psi = 0.010*[#   7]+0.010*[#   8]+0.010*[#  10]+0.010*[#  17]+0.010*[#  18]
          +0.010*[#  20]+0.010*[#  27]+0.010*[#  28]+0.010*[#  30]+0.010*[#  37]
          +0.010*[#  38]+0.010*[#  40]
    |psi|^2 = 0.115
==== e(  40) =    22.36155 eV ==== 
     psi = 0.010*[#   7]+0.010*[#   8]+0.010*[#  10]+0.010*[#  17]+0.010*[#  18]
          +0.010*[#  20]+0.010*[#  27]+0.010*[#  28]+0.010*[#  30]+0.010*[#  37]
          +0.010*[#  38]+0.010*[#  40]
    |psi|^2 = 0.115
==== e(  41) =    27.51561 eV ==== 
     psi = 0.326*[#   2]+0.109*[#  12]+0.109*[#  22]+0.109*[#  32]+0.016*[#  36]
          +0.013*[#  19]+0.013*[#  29]+0.007*[#   1]+0.007*[#  16]+0.007*[#  26]
          +0.004*[#  39]+0.004*[#   6]+0.004*[#   9]+0.002*[#  11]+0.002*[#  21]
          +0.002*[#  31]
    |psi|^2 = 0.735
==== e(  42) =    27.51562 eV ==== 
     psi = 0.218*[#  12]+0.218*[#  22]+0.218*[#  32]+0.013*[#   6]+0.013*[#   9]
          +0.013*[#  39]+0.010*[#  16]+0.010*[#  26]+0.005*[#  11]+0.005*[#  21]
          +0.005*[#  31]+0.004*[#  19]+0.004*[#  29]+0.001*[#  36]
    |psi|^2 = 0.735
==== e(  43) =    29.70244 eV ==== 
     psi = 0.001*[#   7]+0.001*[#   8]+0.001*[#  10]+0.001*[#  17]+0.001*[#  18]
          +0.001*[#  20]+0.001*[#  27]+0.001*[#  28]+0.001*[#  30]+0.001*[#  37]
          +0.001*[#  38]+0.001*[#  40]
    |psi|^2 = 0.015

 k =   0.0000000000  0.0000000000  0.3750000000
==== e(   1) =   -84.91603 eV ==== 
     psi = 0.243*[#  11]+0.243*[#  21]+0.243*[#  31]+0.243*[#   1]+0.007*[#   2]
          +0.007*[#  12]+0.007*[#  22]+0.007*[#  32]
    |psi|^2 = 1.000
==== e(   2) =   -84.89862 eV ==== 
     psi = 0.250*[#  11]+0.250*[#  21]+0.250*[#  31]+0.250*[#   1]
    |psi|^2 = 1.000
==== e(   3) =   -84.88462 eV ==== 
     psi = 0.327*[#  11]+0.327*[#  21]+0.327*[#  31]+0.007*[#  12]+0.007*[#  22]
          +0.007*[#  32]
    |psi|^2 = 1.000
==== e(   4) =   -84.88461 eV ==== 
     psi = 0.490*[#   1]+0.163*[#  11]+0.163*[#  21]+0.163*[#  31]+0.010*[#   2]
          +0.003*[#  12]+0.003*[#  22]+0.003*[#  32]
    |psi|^2 = 1.000
==== e(   5) =   -45.36681 eV ==== 
     psi = 0.083*[#   3]+0.083*[#   4]+0.083*[#   5]+0.083*[#  13]+0.083*[#  14]
          +0.083*[#  15]+0.083*[#  23]+0.083*[#  24]+0.083*[#  25]+0.083*[#  33]
          +0.083*[#  34]+0.083*[#  35]
    |psi|^2 = 1.000
==== e(   6) =   -45.36681 eV ==== 
     psi = 0.083*[#   3]+0.083*[#   4]+0.083*[#   5]+0.083*[#  13]+0.083*[#  14]
          +0.083*[#  15]+0.083*[#  23]+0.083*[#  24]+0.083*[#  25]+0.083*[#  33]
          +0.083*[#  34]+0.083*[#  35]
    |psi|^2 = 1.000
==== e(   7) =   -45.34162 eV ==== 
     psi = 0.083*[#   3]+0.083*[#   4]+0.083*[#   5]+0.083*[#  13]+0.083*[#  14]
          +0.083*[#  15]+0.083*[#  23]+0.083*[#  24]+0.083*[#  25]+0.083*[#  33]
          +0.083*[#  34]+0.083*[#  35]+0.002*[#   2]+0.002*[#  12]+0.002*[#  22]
          +0.002*[#  32]
    |psi|^2 = 1.000
==== e(   8) =   -45.31783 eV ==== 
     psi = 0.083*[#   3]+0.083*[#   4]+0.083*[#   5]+0.083*[#  13]+0.083*[#  14]
          +0.083*[#  15]+0.083*[#  23]+0.083*[#  24]+0.083*[#  25]+0.083*[#  33]
          +0.083*[#  34]+0.083*[#  35]
    |psi|^2 = 1.000
==== e(   9) =   -45.31783 eV ==== 
     psi = 0.083*[#   3]+0.083*[#   4]+0.083*[#   5]+0.083*[#  13]+0.083*[#  14]
          +0.083*[#  15]+0.083*[#  23]+0.083*[#  24]+0.083*[#  25]+0.083*[#  33]
          +0.083*[#  34]+0.083*[#  35]
    |psi|^2 = 1.000
==== e(  10) =   -45.27943 eV ==== 
     psi = 0.167*[#  14]+0.167*[#  25]+0.167*[#  33]+0.166*[#   3]+0.166*[#   4]
          +0.166*[#   5]
    |psi|^2 = 1.000
==== e(  11) =   -45.27943 eV ==== 
     psi = 0.167*[#  13]+0.167*[#  15]+0.167*[#  23]+0.167*[#  24]+0.167*[#  34]
          +0.167*[#  35]
    |psi|^2 = 1.000
==== e(  12) =   -45.26080 eV ==== 
     psi = 0.083*[#   3]+0.083*[#   4]+0.083*[#   5]+0.083*[#  13]+0.083*[#  14]
          +0.083*[#  15]+0.083*[#  23]+0.083*[#  24]+0.083*[#  25]+0.083*[#  33]
          +0.083*[#  34]+0.083*[#  35]+0.001*[#   2]+0.001*[#  12]+0.001*[#  22]
          +0.001*[#  32]
    |psi|^2 = 1.000
==== e(  13) =   -45.25222 eV ==== 
     psi = 0.083*[#   3]+0.083*[#   4]+0.083*[#   5]+0.083*[#  13]+0.083*[#  14]
          +0.083*[#  15]+0.083*[#  23]+0.083*[#  24]+0.083*[#  25]+0.083*[#  33]
          +0.083*[#  34]+0.083*[#  35]
    |psi|^2 = 1.000
==== e(  14) =   -45.25222 eV ==== 
     psi = 0.083*[#   3]+0.083*[#   4]+0.083*[#   5]+0.083*[#  13]+0.083*[#  14]
          +0.083*[#  15]+0.083*[#  23]+0.083*[#  24]+0.083*[#  25]+0.083*[#  33]
          +0.083*[#  34]+0.083*[#  35]
    |psi|^2 = 1.000
==== e(  15) =   -45.22033 eV ==== 
     psi = 0.083*[#   3]+0.083*[#   4]+0.083*[#   5]+0.083*[#  13]+0.083*[#  14]
          +0.083*[#  15]+0.083*[#  23]+0.083*[#  24]+0.083*[#  25]+0.083*[#  33]
          +0.083*[#  34]+0.083*[#  35]
    |psi|^2 = 1.000
==== e(  16) =   -45.22033 eV ==== 
     psi = 0.083*[#   3]+0.083*[#   4]+0.083*[#   5]+0.083*[#  13]+0.083*[#  14]
          +0.083*[#  15]+0.083*[#  23]+0.083*[#  24]+0.083*[#  25]+0.083*[#  33]
          +0.083*[#  34]+0.083*[#  35]
    |psi|^2 = 1.000
==== e(  17) =    10.53927 eV ==== 
     psi = 0.236*[#   2]+0.236*[#  12]+0.236*[#  22]+0.236*[#  32]+0.007*[#   1]
          +0.007*[#  11]+0.007*[#  21]+0.007*[#  31]+0.003*[#   6]+0.003*[#   9]
          +0.003*[#  16]+0.003*[#  19]+0.003*[#  26]+0.003*[#  29]+0.003*[#  36]
          +0.003*[#  39]
    |psi|^2 = 0.999
==== e(  18) =    12.83200 eV ==== 
     psi = 0.165*[#   2]+0.165*[#  12]+0.165*[#  22]+0.165*[#  32]+0.041*[#   6]
          +0.041*[#   9]+0.041*[#  16]+0.041*[#  19]+0.041*[#  26]+0.041*[#  29]
          +0.041*[#  36]+0.041*[#  39]
    |psi|^2 = 0.993
==== e(  19) =    14.34817 eV ==== 
     psi = 0.232*[#  36]+0.193*[#  19]+0.193*[#  29]+0.113*[#  16]+0.113*[#  26]
          +0.074*[#  39]+0.016*[#   6]+0.016*[#   9]+0.009*[#   2]+0.003*[#  12]
          +0.003*[#  22]+0.003*[#  32]
    |psi|^2 = 0.969
==== e(  20) =    14.34819 eV ==== 
     psi = 0.222*[#   6]+0.222*[#   9]+0.163*[#  39]+0.124*[#  16]+0.124*[#  26]
          +0.045*[#  19]+0.045*[#  29]+0.006*[#  12]+0.006*[#  22]+0.006*[#  32]
          +0.005*[#  36]
    |psi|^2 = 0.969
==== e(  21) =    14.88659 eV ==== 
     psi = 0.083*[#   7]+0.083*[#   8]+0.083*[#  10]+0.083*[#  17]+0.083*[#  18]
          +0.083*[#  20]+0.083*[#  27]+0.083*[#  28]+0.083*[#  30]+0.083*[#  37]
          +0.083*[#  38]+0.083*[#  40]
    |psi|^2 = 0.992
==== e(  22) =    14.95255 eV ==== 
     psi = 0.081*[#   7]+0.081*[#   8]+0.081*[#  10]+0.081*[#  17]+0.081*[#  18]
          +0.081*[#  20]+0.081*[#  27]+0.081*[#  28]+0.081*[#  30]+0.081*[#  37]
          +0.081*[#  38]+0.081*[#  40]
    |psi|^2 = 0.969
==== e(  23) =    14.95255 eV ==== 
     psi = 0.081*[#   7]+0.081*[#   8]+0.081*[#  10]+0.081*[#  17]+0.081*[#  18]
          +0.081*[#  20]+0.081*[#  27]+0.081*[#  28]+0.081*[#  30]+0.081*[#  37]
          +0.081*[#  38]+0.081*[#  40]
    |psi|^2 = 0.969
==== e(  24) =    15.61772 eV ==== 
     psi = 0.083*[#   7]+0.083*[#   8]+0.083*[#  10]+0.083*[#  17]+0.083*[#  18]
          +0.083*[#  20]+0.083*[#  27]+0.083*[#  28]+0.083*[#  30]+0.083*[#  37]
          +0.083*[#  38]+0.083*[#  40]
    |psi|^2 = 0.995
==== e(  25) =    16.10093 eV ==== 
     psi = 0.076*[#   7]+0.076*[#   8]+0.076*[#  10]+0.076*[#  17]+0.076*[#  18]
          +0.076*[#  20]+0.076*[#  27]+0.076*[#  28]+0.076*[#  30]+0.076*[#  37]
          +0.076*[#  38]+0.076*[#  40]
    |psi|^2 = 0.917
==== e(  26) =    16.10093 eV ==== 
     psi = 0.076*[#   7]+0.076*[#   8]+0.076*[#  10]+0.076*[#  17]+0.076*[#  18]
          +0.076*[#  20]+0.076*[#  27]+0.076*[#  28]+0.076*[#  30]+0.076*[#  37]
          +0.076*[#  38]+0.076*[#  40]
    |psi|^2 = 0.917
==== e(  27) =    16.73125 eV ==== 
     psi = 0.122*[#   6]+0.122*[#   9]+0.122*[#  16]+0.122*[#  19]+0.122*[#  26]
          +0.122*[#  29]+0.122*[#  36]+0.122*[#  39]+0.005*[#   2]+0.005*[#  12]
          +0.005*[#  22]+0.005*[#  32]
    |psi|^2 = 0.997
==== e(  28) =    16.76234 eV ==== 
     psi = 0.083*[#   7]+0.083*[#   8]+0.083*[#  10]+0.083*[#  17]+0.083*[#  18]
          +0.083*[#  20]+0.083*[#  27]+0.083*[#  28]+0.083*[#  30]+0.083*[#  37]
          +0.083*[#  38]+0.083*[#  40]
    |psi|^2 = 0.996
==== e(  29) =    16.76234 eV ==== 
     psi = 0.083*[#   7]+0.083*[#   8]+0.083*[#  10]+0.083*[#  17]+0.083*[#  18]
          +0.083*[#  20]+0.083*[#  27]+0.083*[#  28]+0.083*[#  30]+0.083*[#  37]
          +0.083*[#  38]+0.083*[#  40]
    |psi|^2 = 0.996
==== e(  30) =    16.76597 eV ==== 
     psi = 0.082*[#   6]+0.082*[#   9]+0.082*[#  16]+0.082*[#  19]+0.082*[#  26]
          +0.082*[#  29]+0.082*[#  36]+0.082*[#  39]+0.078*[#   2]+0.078*[#  12]
          +0.078*[#  22]+0.078*[#  32]
    |psi|^2 = 0.975
==== e(  31) =    17.32609 eV ==== 
     psi = 0.241*[#  39]+0.200*[#  16]+0.200*[#  26]+0.118*[#  19]+0.118*[#  29]
          +0.077*[#  36]+0.017*[#   6]+0.017*[#   9]+0.003*[#  12]+0.003*[#  22]
          +0.003*[#  32]
    |psi|^2 = 0.997
==== e(  32) =    17.32609 eV ==== 
     psi = 0.230*[#   6]+0.230*[#   9]+0.170*[#  36]+0.129*[#  19]+0.129*[#  29]
          +0.047*[#  16]+0.047*[#  26]+0.006*[#  39]+0.005*[#   2]+0.002*[#  12]
          +0.002*[#  22]+0.002*[#  32]
    |psi|^2 = 0.997
==== e(  33) =    17.48247 eV ==== 
     psi = 0.125*[#   6]+0.125*[#   9]+0.125*[#  16]+0.125*[#  19]+0.125*[#  26]
          +0.125*[#  29]+0.125*[#  36]+0.125*[#  39]
    |psi|^2 = 1.000
==== e(  34) =    17.53954 eV ==== 
     psi = 0.083*[#   7]+0.083*[#   8]+0.083*[#  10]+0.083*[#  17]+0.083*[#  18]
          +0.083*[#  20]+0.083*[#  27]+0.083*[#  28]+0.083*[#  30]+0.083*[#  37]
          +0.083*[#  38]+0.083*[#  40]
    |psi|^2 = 0.996
==== e(  35) =    17.53954 eV ==== 
     psi = 0.083*[#   7]+0.083*[#   8]+0.083*[#  10]+0.083*[#  17]+0.083*[#  18]
          +0.083*[#  20]+0.083*[#  27]+0.083*[#  28]+0.083*[#  30]+0.083*[#  37]
          +0.083*[#  38]+0.083*[#  40]
    |psi|^2 = 0.996
==== e(  36) =    17.76590 eV ==== 
     psi = 0.125*[#   6]+0.125*[#   9]+0.125*[#  16]+0.125*[#  19]+0.125*[#  26]
          +0.125*[#  29]+0.125*[#  36]+0.125*[#  39]
    |psi|^2 = 1.000
==== e(  37) =    18.33949 eV ==== 
     psi = 0.167*[#  17]+0.167*[#  20]+0.167*[#  28]+0.167*[#  30]+0.167*[#  37]
          +0.167*[#  38]
    |psi|^2 = 1.000
==== e(  38) =    18.33951 eV ==== 
     psi = 0.167*[#   7]+0.167*[#   8]+0.167*[#  10]+0.167*[#  18]+0.167*[#  27]
          +0.167*[#  40]
    |psi|^2 = 1.000
==== e(  39) =    23.98753 eV ==== 
     psi = 0.007*[#   7]+0.007*[#   8]+0.007*[#  10]+0.007*[#  17]+0.007*[#  18]
          +0.007*[#  20]+0.007*[#  27]+0.007*[#  28]+0.007*[#  30]+0.007*[#  37]
          +0.007*[#  38]+0.007*[#  40]
    |psi|^2 = 0.083
==== e(  40) =    23.98753 eV ==== 
     psi = 0.007*[#   7]+0.007*[#   8]+0.007*[#  10]+0.007*[#  17]+0.007*[#  18]
          +0.007*[#  20]+0.007*[#  27]+0.007*[#  28]+0.007*[#  30]+0.007*[#  37]
          +0.007*[#  38]+0.007*[#  40]
    |psi|^2 = 0.083
==== e(  41) =    27.69947 eV ==== 
     psi = 0.002*[#   7]+0.002*[#   8]+0.002*[#  10]+0.002*[#  17]+0.002*[#  18]
          +0.002*[#  20]+0.002*[#  27]+0.002*[#  28]+0.002*[#  30]+0.002*[#  37]
          +0.002*[#  38]+0.002*[#  40]
    |psi|^2 = 0.029
==== e(  42) =    27.69947 eV ==== 
     psi = 0.002*[#   7]+0.002*[#   8]+0.002*[#  10]+0.002*[#  17]+0.002*[#  18]
          +0.002*[#  20]+0.002*[#  27]+0.002*[#  28]+0.002*[#  30]+0.002*[#  37]
          +0.002*[#  38]+0.002*[#  40]
    |psi|^2 = 0.029
==== e(  43) =    27.77756 eV ==== 
     psi = 0.124*[#  12]+0.124*[#  22]+0.124*[#  32]+0.011*[#   6]+0.011*[#   9]
          +0.009*[#  39]+0.007*[#  16]+0.007*[#  26]+0.003*[#  11]+0.003*[#  19]
          +0.003*[#  21]+0.003*[#  29]+0.003*[#  31]
    |psi|^2 = 0.432

 k =   0.0000000000  0.0000000000 -0.5000000000
==== e(   1) =   -84.90731 eV ==== 
     psi = 0.330*[#  11]+0.330*[#  21]+0.330*[#  31]+0.003*[#  12]+0.003*[#  22]
          +0.003*[#  32]
    |psi|^2 = 1.000
==== e(   2) =   -84.90731 eV ==== 
     psi = 0.494*[#   1]+0.165*[#  11]+0.165*[#  21]+0.165*[#  31]+0.005*[#   2]
          +0.002*[#  12]+0.002*[#  22]+0.002*[#  32]
    |psi|^2 = 1.000
==== e(   3) =   -84.88462 eV ==== 
     psi = 0.327*[#  11]+0.327*[#  21]+0.327*[#  31]+0.007*[#  12]+0.007*[#  22]
          +0.007*[#  32]
    |psi|^2 = 1.000
==== e(   4) =   -84.88461 eV ==== 
     psi = 0.490*[#   1]+0.163*[#  11]+0.163*[#  21]+0.163*[#  31]+0.010*[#   2]
          +0.003*[#  12]+0.003*[#  22]+0.003*[#  32]
    |psi|^2 = 1.000
==== e(   5) =   -45.34233 eV ==== 
     psi = 0.167*[#  14]+0.167*[#  25]+0.167*[#  33]+0.083*[#  13]+0.083*[#  15]
          +0.083*[#  23]+0.083*[#  24]+0.083*[#  34]+0.083*[#  35]
    |psi|^2 = 1.000
==== e(   6) =   -45.34233 eV ==== 
     psi = 0.167*[#  14]+0.167*[#  25]+0.167*[#  33]+0.083*[#  13]+0.083*[#  15]
          +0.083*[#  23]+0.083*[#  24]+0.083*[#  34]+0.083*[#  35]
    |psi|^2 = 1.000
==== e(   7) =   -45.34232 eV ==== 
     psi = 0.167*[#   3]+0.167*[#   4]+0.167*[#   5]+0.083*[#  13]+0.083*[#  15]
          +0.083*[#  23]+0.083*[#  24]+0.083*[#  34]+0.083*[#  35]
    |psi|^2 = 1.000
==== e(   8) =   -45.34232 eV ==== 
     psi = 0.167*[#   3]+0.167*[#   4]+0.167*[#   5]+0.083*[#  13]+0.083*[#  15]
          +0.083*[#  23]+0.083*[#  24]+0.083*[#  34]+0.083*[#  35]
    |psi|^2 = 1.000
==== e(   9) =   -45.30128 eV ==== 
     psi = 0.166*[#  14]+0.166*[#  25]+0.166*[#  33]+0.165*[#   3]+0.165*[#   4]
          +0.165*[#   5]+0.003*[#  12]+0.003*[#  22]+0.003*[#  32]
    |psi|^2 = 1.000
==== e(  10) =   -45.30128 eV ==== 
     psi = 0.165*[#  13]+0.165*[#  15]+0.165*[#  23]+0.165*[#  24]+0.165*[#  34]
          +0.165*[#  35]+0.004*[#   2]+0.001*[#  12]+0.001*[#  22]+0.001*[#  32]
          
    |psi|^2 = 1.000
==== e(  11) =   -45.27970 eV ==== 
     psi = 0.167*[#   3]+0.167*[#   4]+0.167*[#   5]+0.166*[#  14]+0.166*[#  25]
          +0.166*[#  33]
    |psi|^2 = 1.000
==== e(  12) =   -45.27970 eV ==== 
     psi = 0.167*[#  13]+0.167*[#  15]+0.167*[#  23]+0.167*[#  24]+0.167*[#  34]
          +0.167*[#  35]
    |psi|^2 = 1.000
==== e(  13) =   -45.23624 eV ==== 
     psi = 0.167*[#  14]+0.167*[#  25]+0.167*[#  33]+0.083*[#  13]+0.083*[#  15]
          +0.083*[#  23]+0.083*[#  24]+0.083*[#  34]+0.083*[#  35]
    |psi|^2 = 1.000
==== e(  14) =   -45.23624 eV ==== 
     psi = 0.167*[#  14]+0.167*[#  25]+0.167*[#  33]+0.083*[#  13]+0.083*[#  15]
          +0.083*[#  23]+0.083*[#  24]+0.083*[#  34]+0.083*[#  35]
    |psi|^2 = 1.000
==== e(  15) =   -45.23622 eV ==== 
     psi = 0.167*[#   3]+0.167*[#   4]+0.167*[#   5]+0.083*[#  13]+0.083*[#  15]
          +0.083*[#  23]+0.083*[#  24]+0.083*[#  34]+0.083*[#  35]
    |psi|^2 = 1.000
==== e(  16) =   -45.23622 eV ==== 
     psi = 0.167*[#   3]+0.167*[#   4]+0.167*[#   5]+0.083*[#  13]+0.083*[#  15]
          +0.083*[#  23]+0.083*[#  24]+0.083*[#  34]+0.083*[#  35]
    |psi|^2 = 1.000
==== e(  17) =    11.71882 eV ==== 
     psi = 0.295*[#  12]+0.295*[#  22]+0.295*[#  32]+0.024*[#  39]+0.020*[#  16]
          +0.020*[#  26]+0.012*[#  19]+0.012*[#  29]+0.008*[#  36]+0.004*[#  11]
          +0.004*[#  21]+0.004*[#  31]+0.001*[#   3]+0.001*[#   4]+0.001*[#   5]
          +0.001*[#  14]+0.001*[#  25]+0.001*[#  33]
    |psi|^2 = 0.997
==== e(  18) =    11.71883 eV ==== 
     psi = 0.442*[#   2]+0.147*[#  12]+0.147*[#  22]+0.147*[#  32]+0.024*[#   6]
          +0.024*[#   9]+0.016*[#  36]+0.012*[#  19]+0.012*[#  29]+0.005*[#   1]
          +0.004*[#  16]+0.004*[#  26]+0.002*[#  11]+0.002*[#  21]+0.002*[#  31]
          +0.001*[#  13]+0.001*[#  15]+0.001*[#  23]+0.001*[#  24]+0.001*[#  34]
          +0.001*[#  35]
    |psi|^2 = 0.997
==== e(  19) =    14.52299 eV ==== 
     psi = 0.240*[#  36]+0.200*[#  19]+0.200*[#  29]+0.120*[#  16]+0.120*[#  26]
          +0.080*[#  39]
    |psi|^2 = 0.960
==== e(  20) =    14.52300 eV ==== 
     psi = 0.240*[#   6]+0.240*[#   9]+0.160*[#  39]+0.120*[#  16]+0.120*[#  26]
          +0.040*[#  19]+0.040*[#  29]
    |psi|^2 = 0.960
==== e(  21) =    15.24561 eV ==== 
     psi = 0.166*[#  17]+0.166*[#  20]+0.166*[#  28]+0.166*[#  30]+0.166*[#  37]
          +0.166*[#  38]
    |psi|^2 = 0.993
==== e(  22) =    15.24563 eV ==== 
     psi = 0.166*[#   7]+0.166*[#   8]+0.166*[#  10]+0.166*[#  18]+0.166*[#  27]
          +0.166*[#  40]
    |psi|^2 = 0.993
==== e(  23) =    15.45001 eV ==== 
     psi = 0.158*[#  18]+0.158*[#  27]+0.158*[#  40]+0.079*[#  17]+0.079*[#  20]
          +0.079*[#  28]+0.079*[#  30]+0.079*[#  37]+0.079*[#  38]
    |psi|^2 = 0.948
==== e(  24) =    15.45001 eV ==== 
     psi = 0.158*[#  18]+0.158*[#  27]+0.158*[#  40]+0.079*[#  17]+0.079*[#  20]
          +0.079*[#  28]+0.079*[#  30]+0.079*[#  37]+0.079*[#  38]
    |psi|^2 = 0.948
==== e(  25) =    15.45001 eV ==== 
     psi = 0.158*[#   7]+0.158*[#   8]+0.158*[#  10]+0.079*[#  17]+0.079*[#  20]
          +0.079*[#  28]+0.079*[#  30]+0.079*[#  37]+0.079*[#  38]
    |psi|^2 = 0.948
==== e(  26) =    15.45001 eV ==== 
     psi = 0.158*[#   7]+0.158*[#   8]+0.158*[#  10]+0.079*[#  17]+0.079*[#  20]
          +0.079*[#  28]+0.079*[#  30]+0.079*[#  37]+0.079*[#  38]
    |psi|^2 = 0.948
==== e(  27) =    16.55098 eV ==== 
     psi = 0.225*[#  39]+0.187*[#  16]+0.187*[#  26]+0.112*[#  19]+0.112*[#  29]
          +0.075*[#  36]+0.031*[#  12]+0.031*[#  22]+0.031*[#  32]
    |psi|^2 = 0.993
==== e(  28) =    16.55098 eV ==== 
     psi = 0.225*[#   6]+0.225*[#   9]+0.150*[#  36]+0.112*[#  19]+0.112*[#  29]
          +0.046*[#   2]+0.037*[#  16]+0.037*[#  26]+0.015*[#  12]+0.015*[#  22]
          +0.015*[#  32]
    |psi|^2 = 0.993
==== e(  29) =    17.12791 eV ==== 
     psi = 0.166*[#  18]+0.166*[#  27]+0.166*[#  40]+0.083*[#  17]+0.083*[#  20]
          +0.083*[#  28]+0.083*[#  30]+0.083*[#  37]+0.083*[#  38]
    |psi|^2 = 0.996
==== e(  30) =    17.12791 eV ==== 
     psi = 0.166*[#  18]+0.166*[#  27]+0.166*[#  40]+0.083*[#  17]+0.083*[#  20]
          +0.083*[#  28]+0.083*[#  30]+0.083*[#  37]+0.083*[#  38]
    |psi|^2 = 0.996
==== e(  31) =    17.12791 eV ==== 
     psi = 0.166*[#   7]+0.166*[#   8]+0.166*[#  10]+0.083*[#  17]+0.083*[#  20]
          +0.083*[#  28]+0.083*[#  30]+0.083*[#  37]+0.083*[#  38]
    |psi|^2 = 0.996
==== e(  32) =    17.12791 eV ==== 
     psi = 0.166*[#   7]+0.166*[#   8]+0.166*[#  10]+0.083*[#  17]+0.083*[#  20]
          +0.083*[#  28]+0.083*[#  30]+0.083*[#  37]+0.083*[#  38]
    |psi|^2 = 0.996
==== e(  33) =    17.16338 eV ==== 
     psi = 0.245*[#  39]+0.204*[#  16]+0.204*[#  26]+0.123*[#  19]+0.123*[#  29]
          +0.082*[#  36]+0.006*[#  12]+0.006*[#  22]+0.006*[#  32]
    |psi|^2 = 0.999
==== e(  34) =    17.16338 eV ==== 
     psi = 0.245*[#   6]+0.245*[#   9]+0.164*[#  36]+0.123*[#  19]+0.123*[#  29]
          +0.041*[#  16]+0.041*[#  26]+0.009*[#   2]+0.003*[#  12]+0.003*[#  22]
          +0.003*[#  32]
    |psi|^2 = 0.999
==== e(  35) =    17.62326 eV ==== 
     psi = 0.250*[#  36]+0.208*[#  19]+0.208*[#  29]+0.125*[#  16]+0.125*[#  26]
          +0.083*[#  39]
    |psi|^2 = 1.000
==== e(  36) =    17.62328 eV ==== 
     psi = 0.250*[#   6]+0.250*[#   9]+0.167*[#  39]+0.125*[#  16]+0.125*[#  26]
          +0.042*[#  19]+0.042*[#  29]
    |psi|^2 = 1.000
==== e(  37) =    18.33965 eV ==== 
     psi = 0.167*[#  17]+0.167*[#  20]+0.167*[#  28]+0.167*[#  30]+0.167*[#  37]
          +0.167*[#  38]
    |psi|^2 = 1.000
==== e(  38) =    18.33966 eV ==== 
     psi = 0.167*[#   7]+0.167*[#   8]+0.167*[#  10]+0.167*[#  18]+0.167*[#  27]
          +0.167*[#  40]
    |psi|^2 = 1.000
==== e(  39) =    25.77828 eV ==== 
     psi = 0.009*[#   7]+0.009*[#   8]+0.009*[#  10]+0.004*[#  17]+0.004*[#  20]
          +0.004*[#  28]+0.004*[#  30]+0.004*[#  37]+0.004*[#  38]
    |psi|^2 = 0.052
==== e(  40) =    25.77828 eV ==== 
     psi = 0.009*[#   7]+0.009*[#   8]+0.009*[#  10]+0.004*[#  17]+0.004*[#  20]
          +0.004*[#  28]+0.004*[#  30]+0.004*[#  37]+0.004*[#  38]
    |psi|^2 = 0.052
==== e(  41) =    25.77828 eV ==== 
     psi = 0.009*[#  18]+0.009*[#  27]+0.009*[#  40]+0.004*[#  17]+0.004*[#  20]
          +0.004*[#  28]+0.004*[#  30]+0.004*[#  37]+0.004*[#  38]
    |psi|^2 = 0.052
==== e(  42) =    25.77828 eV ==== 
     psi = 0.009*[#  18]+0.009*[#  27]+0.009*[#  40]+0.004*[#  17]+0.004*[#  20]
          +0.004*[#  28]+0.004*[#  30]+0.004*[#  37]+0.004*[#  38]
    |psi|^2 = 0.052
==== e(  43) =    28.00356 eV ==== 
     psi = 0.010*[#   6]+0.010*[#   9]+0.007*[#  39]+0.005*[#  16]+0.005*[#  26]
          +0.002*[#  19]+0.002*[#  29]
    |psi|^2 = 0.040

 k =   0.0000000000  0.1250000000  0.1250000000
==== e(   1) =   -84.92675 eV ==== 
     psi = 0.236*[#  11]+0.236*[#  21]+0.236*[#  31]+0.236*[#   1]+0.014*[#   2]
          +0.014*[#  12]+0.014*[#  22]+0.014*[#  32]
    |psi|^2 = 1.000
==== e(   2) =   -84.88629 eV ==== 
     psi = 0.328*[#  11]+0.328*[#  21]+0.328*[#  31]+0.004*[#  12]+0.004*[#  22]
          +0.004*[#  32]
    |psi|^2 = 1.000
==== e(   3) =   -84.88629 eV ==== 
     psi = 0.491*[#   1]+0.165*[#  11]+0.165*[#  21]+0.165*[#  31]+0.007*[#   2]
          +0.002*[#  12]+0.002*[#  22]+0.002*[#  32]
    |psi|^2 = 1.000
==== e(   4) =   -84.88469 eV ==== 
     psi = 0.247*[#   1]+0.245*[#  11]+0.245*[#  21]+0.245*[#  31]+0.005*[#   2]
          +0.005*[#  12]+0.005*[#  22]+0.005*[#  32]
    |psi|^2 = 1.000
==== e(   5) =   -45.39677 eV ==== 
     psi = 0.083*[#   3]+0.083*[#   4]+0.083*[#   5]+0.083*[#  13]+0.083*[#  14]
          +0.083*[#  15]+0.083*[#  23]+0.083*[#  24]+0.083*[#  25]+0.083*[#  33]
          +0.083*[#  34]+0.083*[#  35]
    |psi|^2 = 1.000
==== e(   6) =   -45.39471 eV ==== 
     psi = 0.096*[#  14]+0.096*[#  25]+0.096*[#  33]+0.083*[#  13]+0.083*[#  15]
          +0.083*[#  23]+0.083*[#  24]+0.083*[#  34]+0.083*[#  35]+0.070*[#   3]
          +0.070*[#   4]+0.070*[#   5]
    |psi|^2 = 1.000
==== e(   7) =   -45.39470 eV ==== 
     psi = 0.096*[#   3]+0.096*[#   4]+0.096*[#   5]+0.083*[#  13]+0.083*[#  15]
          +0.083*[#  23]+0.083*[#  24]+0.083*[#  34]+0.083*[#  35]+0.070*[#  14]
          +0.070*[#  25]+0.070*[#  33]
    |psi|^2 = 1.000
==== e(   8) =   -45.29222 eV ==== 
     psi = 0.083*[#   3]+0.083*[#   4]+0.083*[#   5]+0.083*[#  13]+0.083*[#  14]
          +0.083*[#  15]+0.083*[#  23]+0.083*[#  24]+0.083*[#  25]+0.083*[#  33]
          +0.083*[#  34]+0.083*[#  35]
    |psi|^2 = 1.000
==== e(   9) =   -45.27978 eV ==== 
     psi = 0.167*[#   3]+0.167*[#   4]+0.167*[#   5]+0.167*[#  14]+0.167*[#  25]
          +0.167*[#  33]
    |psi|^2 = 1.000
==== e(  10) =   -45.27978 eV ==== 
     psi = 0.167*[#  13]+0.167*[#  15]+0.167*[#  23]+0.167*[#  24]+0.167*[#  34]
          +0.167*[#  35]
    |psi|^2 = 1.000
==== e(  11) =   -45.27473 eV ==== 
     psi = 0.097*[#  14]+0.097*[#  25]+0.097*[#  33]+0.083*[#  13]+0.083*[#  15]
          +0.083*[#  23]+0.083*[#  24]+0.083*[#  34]+0.083*[#  35]+0.070*[#   3]
          +0.070*[#   4]+0.070*[#   5]
    |psi|^2 = 1.000
==== e(  12) =   -45.27473 eV ==== 
     psi = 0.096*[#   3]+0.096*[#   4]+0.096*[#   5]+0.083*[#  13]+0.083*[#  15]
          +0.083*[#  23]+0.083*[#  24]+0.083*[#  34]+0.083*[#  35]+0.070*[#  14]
          +0.070*[#  25]+0.070*[#  33]
    |psi|^2 = 1.000
==== e(  13) =   -45.27352 eV ==== 
     psi = 0.083*[#  13]+0.083*[#  15]+0.083*[#  23]+0.083*[#  24]+0.083*[#  34]
          +0.083*[#  35]+0.083*[#   3]+0.083*[#   4]+0.083*[#   5]+0.083*[#  14]
          +0.083*[#  25]+0.083*[#  33]
    |psi|^2 = 1.000
==== e(  14) =   -45.21571 eV ==== 
     psi = 0.083*[#   3]+0.083*[#   4]+0.083*[#   5]+0.083*[#  13]+0.083*[#  14]
          +0.083*[#  15]+0.083*[#  23]+0.083*[#  24]+0.083*[#  25]+0.083*[#  33]
          +0.083*[#  34]+0.083*[#  35]
    |psi|^2 = 1.000
==== e(  15) =   -45.20091 eV ==== 
     psi = 0.083*[#   3]+0.083*[#   4]+0.083*[#   5]+0.083*[#  13]+0.083*[#  14]
          +0.083*[#  15]+0.083*[#  23]+0.083*[#  24]+0.083*[#  25]+0.083*[#  33]
          +0.083*[#  34]+0.083*[#  35]
    |psi|^2 = 1.000
==== e(  16) =   -45.19734 eV ==== 
     psi = 0.083*[#   3]+0.083*[#   4]+0.083*[#   5]+0.083*[#  13]+0.083*[#  14]
          +0.083*[#  15]+0.083*[#  23]+0.083*[#  24]+0.083*[#  25]+0.083*[#  33]
          +0.083*[#  34]+0.083*[#  35]
    |psi|^2 = 1.000
==== e(  17) =     9.19328 eV ==== 
     psi = 0.235*[#   2]+0.235*[#  12]+0.235*[#  22]+0.235*[#  32]+0.014*[#   1]
          +0.014*[#  11]+0.014*[#  21]+0.014*[#  31]
    |psi|^2 = 0.999
==== e(  18) =    13.69660 eV ==== 
     psi = 0.198*[#  36]+0.162*[#  19]+0.162*[#  29]+0.089*[#  16]+0.089*[#  26]
          +0.059*[#   2]+0.059*[#   6]+0.059*[#   9]+0.053*[#  39]+0.020*[#  12]
          +0.020*[#  22]+0.020*[#  32]
    |psi|^2 = 0.989
==== e(  19) =    13.69661 eV ==== 
     psi = 0.165*[#  39]+0.159*[#   6]+0.159*[#   9]+0.128*[#  16]+0.128*[#  26]
          +0.056*[#  19]+0.056*[#  29]+0.039*[#  12]+0.039*[#  22]+0.039*[#  32]
          +0.020*[#  36]
    |psi|^2 = 0.989
==== e(  20) =    13.80717 eV ==== 
     psi = 0.115*[#   6]+0.115*[#   9]+0.115*[#  16]+0.115*[#  19]+0.115*[#  26]
          +0.115*[#  29]+0.115*[#  36]+0.115*[#  39]+0.016*[#   2]+0.016*[#  12]
          +0.016*[#  22]+0.016*[#  32]
    |psi|^2 = 0.988
==== e(  21) =    14.45995 eV ==== 
     psi = 0.082*[#   7]+0.082*[#   8]+0.082*[#  10]+0.082*[#  17]+0.082*[#  18]
          +0.082*[#  20]+0.082*[#  27]+0.082*[#  28]+0.082*[#  30]+0.082*[#  37]
          +0.082*[#  38]+0.082*[#  40]
    |psi|^2 = 0.986
==== e(  22) =    14.46401 eV ==== 
     psi = 0.088*[#  18]+0.088*[#  27]+0.088*[#  40]+0.082*[#  17]+0.082*[#  20]
          +0.082*[#  28]+0.082*[#  30]+0.082*[#  37]+0.082*[#  38]+0.077*[#   7]
          +0.077*[#   8]+0.077*[#  10]
    |psi|^2 = 0.989
==== e(  23) =    14.46401 eV ==== 
     psi = 0.088*[#   7]+0.088*[#   8]+0.088*[#  10]+0.082*[#  17]+0.082*[#  20]
          +0.082*[#  28]+0.082*[#  30]+0.082*[#  37]+0.082*[#  38]+0.077*[#  18]
          +0.077*[#  27]+0.077*[#  40]
    |psi|^2 = 0.989
==== e(  24) =    16.12231 eV ==== 
     psi = 0.083*[#   7]+0.083*[#   8]+0.083*[#  10]+0.083*[#  17]+0.083*[#  18]
          +0.083*[#  20]+0.083*[#  27]+0.083*[#  28]+0.083*[#  30]+0.083*[#  37]
          +0.083*[#  38]+0.083*[#  40]
    |psi|^2 = 0.997
==== e(  25) =    16.33584 eV ==== 
     psi = 0.083*[#   7]+0.083*[#   8]+0.083*[#  10]+0.083*[#  17]+0.083*[#  18]
          +0.083*[#  20]+0.083*[#  27]+0.083*[#  28]+0.083*[#  30]+0.083*[#  37]
          +0.083*[#  38]+0.083*[#  40]
    |psi|^2 = 0.998
==== e(  26) =    16.34968 eV ==== 
     psi = 0.082*[#   7]+0.082*[#   8]+0.082*[#  10]+0.082*[#  17]+0.082*[#  18]
          +0.082*[#  20]+0.082*[#  27]+0.082*[#  28]+0.082*[#  30]+0.082*[#  37]
          +0.082*[#  38]+0.082*[#  40]+0.002*[#   6]+0.002*[#   9]+0.002*[#  16]
          +0.002*[#  19]+0.002*[#  26]+0.002*[#  29]+0.002*[#  36]+0.002*[#  39]
          
    |psi|^2 = 0.998
==== e(  27) =    17.16889 eV ==== 
     psi = 0.125*[#   6]+0.125*[#   9]+0.125*[#  16]+0.125*[#  19]+0.125*[#  26]
          +0.125*[#  29]+0.125*[#  36]+0.125*[#  39]
    |psi|^2 = 0.999
==== e(  28) =    17.27678 eV ==== 
     psi = 0.123*[#   6]+0.123*[#   9]+0.123*[#  16]+0.123*[#  19]+0.123*[#  26]
          +0.123*[#  29]+0.123*[#  36]+0.123*[#  39]+0.001*[#   7]+0.001*[#   8]
          +0.001*[#  10]+0.001*[#  17]+0.001*[#  18]+0.001*[#  20]+0.001*[#  27]
          +0.001*[#  28]+0.001*[#  30]+0.001*[#  37]+0.001*[#  38]+0.001*[#  40]
          
    |psi|^2 = 1.000
==== e(  29) =    17.46517 eV ==== 
     psi = 0.073*[#   7]+0.073*[#   8]+0.073*[#  10]+0.073*[#  17]+0.073*[#  18]
          +0.073*[#  20]+0.073*[#  27]+0.073*[#  28]+0.073*[#  30]+0.073*[#  37]
          +0.073*[#  38]+0.073*[#  40]
    |psi|^2 = 0.875
==== e(  30) =    17.55884 eV ==== 
     psi = 0.125*[#  17]+0.125*[#  20]+0.125*[#  28]+0.125*[#  30]+0.125*[#  37]
          +0.125*[#  38]+0.028*[#  39]+0.023*[#  16]+0.023*[#  26]+0.021*[#  12]
          +0.021*[#  22]+0.021*[#  32]+0.014*[#  19]+0.014*[#  29]+0.009*[#  36]
          
    |psi|^2 = 0.925
==== e(  31) =    17.55885 eV ==== 
     psi = 0.125*[#   7]+0.125*[#   8]+0.125*[#  10]+0.125*[#  18]+0.125*[#  27]
          +0.125*[#  40]+0.032*[#   2]+0.027*[#   6]+0.027*[#   9]+0.019*[#  36]
          +0.014*[#  19]+0.014*[#  29]+0.011*[#  12]+0.011*[#  22]+0.011*[#  32]
          +0.005*[#  16]+0.005*[#  26]
    |psi|^2 = 0.925
==== e(  32) =    17.82135 eV ==== 
     psi = 0.125*[#   6]+0.125*[#   9]+0.125*[#  16]+0.125*[#  19]+0.125*[#  26]
          +0.125*[#  29]+0.125*[#  36]+0.125*[#  39]
    |psi|^2 = 0.998
==== e(  33) =    17.91079 eV ==== 
     psi = 0.176*[#  36]+0.155*[#   6]+0.155*[#   9]+0.138*[#  19]+0.138*[#  29]
          +0.062*[#  16]+0.062*[#  26]+0.024*[#  39]+0.012*[#   7]+0.012*[#   8]
          +0.012*[#  10]+0.012*[#  18]+0.012*[#  27]+0.012*[#  40]+0.004*[#   2]
          +0.001*[#  12]+0.001*[#  22]+0.001*[#  32]
    |psi|^2 = 0.987
==== e(  34) =    17.91079 eV ==== 
     psi = 0.203*[#  39]+0.165*[#  16]+0.165*[#  26]+0.090*[#  19]+0.090*[#  29]
          +0.072*[#   6]+0.072*[#   9]+0.052*[#  36]+0.012*[#  17]+0.012*[#  20]
          +0.012*[#  28]+0.012*[#  30]+0.012*[#  37]+0.012*[#  38]+0.003*[#  12]
          +0.003*[#  22]+0.003*[#  32]
    |psi|^2 = 0.987
==== e(  35) =    18.22818 eV ==== 
     psi = 0.089*[#  18]+0.089*[#  27]+0.089*[#  40]+0.083*[#  17]+0.083*[#  20]
          +0.083*[#  28]+0.083*[#  30]+0.083*[#  37]+0.083*[#  38]+0.077*[#   7]
          +0.077*[#   8]+0.077*[#  10]
    |psi|^2 = 0.999
==== e(  36) =    18.22818 eV ==== 
     psi = 0.089*[#   7]+0.089*[#   8]+0.089*[#  10]+0.083*[#  17]+0.083*[#  20]
          +0.083*[#  28]+0.083*[#  30]+0.083*[#  37]+0.083*[#  38]+0.077*[#  18]
          +0.077*[#  27]+0.077*[#  40]
    |psi|^2 = 0.999
==== e(  37) =    18.26971 eV ==== 
     psi = 0.083*[#   7]+0.083*[#   8]+0.083*[#  10]+0.083*[#  17]+0.083*[#  18]
          +0.083*[#  20]+0.083*[#  27]+0.083*[#  28]+0.083*[#  30]+0.083*[#  37]
          +0.083*[#  38]+0.083*[#  40]
    |psi|^2 = 1.000
==== e(  38) =    20.11124 eV ==== 
     psi = 0.121*[#  12]+0.121*[#  22]+0.121*[#  32]+0.030*[#  17]+0.030*[#  20]
          +0.030*[#  28]+0.030*[#  30]+0.030*[#  37]+0.030*[#  38]+0.012*[#  39]
          +0.009*[#   6]+0.009*[#   9]+0.009*[#  16]+0.009*[#  26]+0.004*[#  19]
          +0.004*[#  29]+0.002*[#  11]+0.002*[#  21]+0.002*[#  31]+0.002*[#  36]
          
    |psi|^2 = 0.606
==== e(  39) =    20.11125 eV ==== 
     psi = 0.181*[#   2]+0.060*[#  12]+0.060*[#  22]+0.060*[#  32]+0.030*[#   7]
          +0.030*[#   8]+0.030*[#  10]+0.030*[#  18]+0.030*[#  27]+0.030*[#  40]
          +0.013*[#  36]+0.010*[#  19]+0.010*[#  29]+0.005*[#   6]+0.005*[#   9]
          +0.006*[#  16]+0.006*[#  26]+0.003*[#   1]+0.003*[#  39]+0.001*[#  11]
          +0.001*[#  21]+0.001*[#  31]
    |psi|^2 = 0.606
==== e(  40) =    21.52798 eV ==== 
     psi = 0.010*[#   7]+0.010*[#   8]+0.010*[#  10]+0.010*[#  17]+0.010*[#  18]
          +0.010*[#  20]+0.010*[#  27]+0.010*[#  28]+0.010*[#  30]+0.010*[#  37]
          +0.010*[#  38]+0.010*[#  40]
    |psi|^2 = 0.125
==== e(  41) =    27.40228 eV ==== 
     psi = 0.174*[#   2]+0.174*[#  12]+0.174*[#  22]+0.174*[#  32]+0.009*[#   6]
          +0.009*[#   9]+0.009*[#  16]+0.009*[#  19]+0.009*[#  26]+0.009*[#  29]
          +0.009*[#  36]+0.009*[#  39]+0.004*[#   1]+0.004*[#  11]+0.004*[#  21]
          +0.004*[#  31]
    |psi|^2 = 0.789
==== e(  42) =    28.69144 eV ==== 
     psi = 0.170*[#   2]+0.057*[#  12]+0.057*[#  22]+0.057*[#  32]+0.011*[#  36]
          +0.009*[#  19]+0.009*[#  29]+0.005*[#  16]+0.005*[#  26]+0.003*[#   6]
          +0.003*[#   9]+0.003*[#  39]+0.003*[#   1]
    |psi|^2 = 0.395
==== e(  43) =    28.69145 eV ==== 
     psi = 0.113*[#  12]+0.113*[#  22]+0.113*[#  32]+0.009*[#   6]+0.009*[#   9]
          +0.009*[#  39]+0.007*[#  16]+0.007*[#  26]+0.003*[#  19]+0.003*[#  29]
          +0.002*[#  11]+0.002*[#  21]+0.002*[#  31]+0.001*[#  36]
    |psi|^2 = 0.395

 k =   0.0000000000  0.1250000000  0.2500000000
==== e(   1) =   -84.92200 eV ==== 
     psi = 0.239*[#  11]+0.239*[#  21]+0.239*[#  31]+0.239*[#   1]+0.011*[#   2]
          +0.011*[#  12]+0.011*[#  22]+0.011*[#  32]
    |psi|^2 = 1.000
==== e(   2) =   -84.89102 eV ==== 
     psi = 0.249*[#  11]+0.249*[#  21]+0.249*[#  31]+0.248*[#   1]
    |psi|^2 = 1.000
==== e(   3) =   -84.88608 eV ==== 
     psi = 0.246*[#  11]+0.246*[#  21]+0.246*[#  31]+0.245*[#   1]+0.004*[#   2]
          +0.004*[#  12]+0.004*[#  22]+0.004*[#  32]
    |psi|^2 = 1.000
==== e(   4) =   -84.88487 eV ==== 
     psi = 0.246*[#   1]+0.245*[#  11]+0.245*[#  21]+0.245*[#  31]+0.005*[#   2]
          +0.005*[#  12]+0.005*[#  22]+0.005*[#  32]
    |psi|^2 = 1.000
==== e(   5) =   -45.38355 eV ==== 
     psi = 0.083*[#   3]+0.083*[#   4]+0.083*[#   5]+0.083*[#  13]+0.083*[#  14]
          +0.083*[#  15]+0.083*[#  23]+0.083*[#  24]+0.083*[#  25]+0.083*[#  33]
          +0.083*[#  34]+0.083*[#  35]
    |psi|^2 = 1.000
==== e(   6) =   -45.38321 eV ==== 
     psi = 0.083*[#   3]+0.083*[#   4]+0.083*[#   5]+0.083*[#  13]+0.083*[#  14]
          +0.083*[#  15]+0.083*[#  23]+0.083*[#  24]+0.083*[#  25]+0.083*[#  33]
          +0.083*[#  34]+0.083*[#  35]
    |psi|^2 = 1.000
==== e(   7) =   -45.37503 eV ==== 
     psi = 0.083*[#   3]+0.083*[#   4]+0.083*[#   5]+0.083*[#  13]+0.083*[#  14]
          +0.083*[#  15]+0.083*[#  23]+0.083*[#  24]+0.083*[#  25]+0.083*[#  33]
          +0.083*[#  34]+0.083*[#  35]+0.001*[#   2]+0.001*[#  12]+0.001*[#  22]
          +0.001*[#  32]
    |psi|^2 = 1.000
==== e(   8) =   -45.30775 eV ==== 
     psi = 0.083*[#   3]+0.083*[#   4]+0.083*[#   5]+0.083*[#  13]+0.083*[#  14]
          +0.083*[#  15]+0.083*[#  23]+0.083*[#  24]+0.083*[#  25]+0.083*[#  33]
          +0.083*[#  34]+0.083*[#  35]
    |psi|^2 = 1.000
==== e(   9) =   -45.29345 eV ==== 
     psi = 0.083*[#   3]+0.083*[#   4]+0.083*[#   5]+0.083*[#  13]+0.083*[#  14]
          +0.083*[#  15]+0.083*[#  23]+0.083*[#  24]+0.083*[#  25]+0.083*[#  33]
          +0.083*[#  34]+0.083*[#  35]
    |psi|^2 = 1.000
==== e(  10) =   -45.27378 eV ==== 
     psi = 0.083*[#   3]+0.083*[#   4]+0.083*[#   5]+0.083*[#  13]+0.083*[#  14]
          +0.083*[#  15]+0.083*[#  23]+0.083*[#  24]+0.083*[#  25]+0.083*[#  33]
          +0.083*[#  34]+0.083*[#  35]
    |psi|^2 = 1.000
==== e(  11) =   -45.27082 eV ==== 
     psi = 0.083*[#   3]+0.083*[#   4]+0.083*[#   5]+0.083*[#  13]+0.083*[#  14]
          +0.083*[#  15]+0.083*[#  23]+0.083*[#  24]+0.083*[#  25]+0.083*[#  33]
          +0.083*[#  34]+0.083*[#  35]
    |psi|^2 = 1.000
==== e(  12) =   -45.27060 eV ==== 
     psi = 0.083*[#   3]+0.083*[#   4]+0.083*[#   5]+0.083*[#  13]+0.083*[#  14]
          +0.083*[#  15]+0.083*[#  23]+0.083*[#  24]+0.083*[#  25]+0.083*[#  33]
          +0.083*[#  34]+0.083*[#  35]
    |psi|^2 = 1.000
==== e(  13) =   -45.26462 eV ==== 
     psi = 0.083*[#   3]+0.083*[#   4]+0.083*[#   5]+0.083*[#  13]+0.083*[#  14]
          +0.083*[#  15]+0.083*[#  23]+0.083*[#  24]+0.083*[#  25]+0.083*[#  33]
          +0.083*[#  34]+0.083*[#  35]
    |psi|^2 = 1.000
==== e(  14) =   -45.24060 eV ==== 
     psi = 0.083*[#   3]+0.083*[#   4]+0.083*[#   5]+0.083*[#  13]+0.083*[#  14]
          +0.083*[#  15]+0.083*[#  23]+0.083*[#  24]+0.083*[#  25]+0.083*[#  33]
          +0.083*[#  34]+0.083*[#  35]
    |psi|^2 = 1.000
==== e(  15) =   -45.21028 eV ==== 
     psi = 0.083*[#   3]+0.083*[#   4]+0.083*[#   5]+0.083*[#  13]+0.083*[#  14]
          +0.083*[#  15]+0.083*[#  23]+0.083*[#  24]+0.083*[#  25]+0.083*[#  33]
          +0.083*[#  34]+0.083*[#  35]
    |psi|^2 = 1.000
==== e(  16) =   -45.20298 eV ==== 
     psi = 0.083*[#   3]+0.083*[#   4]+0.083*[#   5]+0.083*[#  13]+0.083*[#  14]
          +0.083*[#  15]+0.083*[#  23]+0.083*[#  24]+0.083*[#  25]+0.083*[#  33]
          +0.083*[#  34]+0.083*[#  35]
    |psi|^2 = 1.000
==== e(  17) =     9.78558 eV ==== 
     psi = 0.237*[#   2]+0.237*[#  12]+0.237*[#  22]+0.237*[#  32]+0.011*[#   1]
          +0.011*[#  11]+0.011*[#  21]+0.011*[#  31]
    |psi|^2 = 0.999
==== e(  18) =    13.56733 eV ==== 
     psi = 0.085*[#   6]+0.085*[#   9]+0.085*[#  16]+0.085*[#  19]+0.085*[#  26]
          +0.085*[#  29]+0.085*[#  36]+0.085*[#  39]+0.075*[#   2]+0.075*[#  12]
          +0.075*[#  22]+0.075*[#  32]
    |psi|^2 = 0.988
==== e(  19) =    14.00669 eV ==== 
     psi = 0.111*[#   6]+0.111*[#   9]+0.111*[#  16]+0.111*[#  19]+0.111*[#  26]
          +0.111*[#  29]+0.111*[#  36]+0.111*[#  39]+0.022*[#   2]+0.022*[#  12]
          +0.022*[#  22]+0.022*[#  32]
    |psi|^2 = 0.979
==== e(  20) =    14.09186 eV ==== 
     psi = 0.115*[#   6]+0.115*[#   9]+0.115*[#  16]+0.115*[#  19]+0.115*[#  26]
          +0.115*[#  29]+0.115*[#  36]+0.115*[#  39]+0.011*[#   2]+0.011*[#  12]
          +0.011*[#  22]+0.011*[#  32]+0.001*[#   7]+0.001*[#   8]+0.001*[#  10]
          +0.001*[#  17]+0.001*[#  18]+0.001*[#  20]+0.001*[#  27]+0.001*[#  28]
          +0.001*[#  30]+0.001*[#  37]+0.001*[#  38]+0.001*[#  40]
    |psi|^2 = 0.979
==== e(  21) =    14.63835 eV ==== 
     psi = 0.080*[#   7]+0.080*[#   8]+0.080*[#  10]+0.080*[#  17]+0.080*[#  18]
          +0.080*[#  20]+0.080*[#  27]+0.080*[#  28]+0.080*[#  30]+0.080*[#  37]
          +0.080*[#  38]+0.080*[#  40]+0.002*[#   6]+0.002*[#   9]+0.002*[#  16]
          +0.002*[#  19]+0.002*[#  26]+0.002*[#  29]+0.002*[#  36]+0.002*[#  39]
          
    |psi|^2 = 0.977
==== e(  22) =    14.64768 eV ==== 
     psi = 0.082*[#   7]+0.082*[#   8]+0.082*[#  10]+0.082*[#  17]+0.082*[#  18]
          +0.082*[#  20]+0.082*[#  27]+0.082*[#  28]+0.082*[#  30]+0.082*[#  37]
          +0.082*[#  38]+0.082*[#  40]
    |psi|^2 = 0.990
==== e(  23) =    14.65953 eV ==== 
     psi = 0.082*[#   7]+0.082*[#   8]+0.082*[#  10]+0.082*[#  17]+0.082*[#  18]
          +0.082*[#  20]+0.082*[#  27]+0.082*[#  28]+0.082*[#  30]+0.082*[#  37]
          +0.082*[#  38]+0.082*[#  40]
    |psi|^2 = 0.983
==== e(  24) =    15.92642 eV ==== 
     psi = 0.083*[#   7]+0.083*[#   8]+0.083*[#  10]+0.083*[#  17]+0.083*[#  18]
          +0.083*[#  20]+0.083*[#  27]+0.083*[#  28]+0.083*[#  30]+0.083*[#  37]
          +0.083*[#  38]+0.083*[#  40]
    |psi|^2 = 0.995
==== e(  25) =    16.46451 eV ==== 
     psi = 0.075*[#   7]+0.075*[#   8]+0.075*[#  10]+0.075*[#  17]+0.075*[#  18]
          +0.075*[#  20]+0.075*[#  27]+0.075*[#  28]+0.075*[#  30]+0.075*[#  37]
          +0.075*[#  38]+0.075*[#  40]+0.011*[#   6]+0.011*[#   9]+0.011*[#  16]
          +0.011*[#  19]+0.011*[#  26]+0.011*[#  29]+0.011*[#  36]+0.011*[#  39]
          
    |psi|^2 = 0.997
==== e(  26) =    16.49303 eV ==== 
     psi = 0.083*[#   7]+0.083*[#   8]+0.083*[#  10]+0.083*[#  17]+0.083*[#  18]
          +0.083*[#  20]+0.083*[#  27]+0.083*[#  28]+0.083*[#  30]+0.083*[#  37]
          +0.083*[#  38]+0.083*[#  40]
    |psi|^2 = 0.998
==== e(  27) =    16.69959 eV ==== 
     psi = 0.066*[#   7]+0.066*[#   8]+0.066*[#  10]+0.067*[#  17]+0.066*[#  18]
          +0.067*[#  20]+0.066*[#  27]+0.067*[#  28]+0.067*[#  30]+0.067*[#  37]
          +0.067*[#  38]+0.066*[#  40]+0.016*[#   2]+0.016*[#  12]+0.016*[#  22]
          +0.016*[#  32]+0.007*[#   6]+0.007*[#   9]+0.007*[#  16]+0.007*[#  19]
          +0.007*[#  26]+0.007*[#  29]+0.007*[#  36]+0.007*[#  39]
    |psi|^2 = 0.922
==== e(  28) =    16.77335 eV ==== 
     psi = 0.074*[#   7]+0.074*[#   8]+0.074*[#  10]+0.074*[#  17]+0.074*[#  18]
          +0.074*[#  20]+0.074*[#  27]+0.074*[#  28]+0.074*[#  30]+0.074*[#  37]
          +0.074*[#  38]+0.074*[#  40]
    |psi|^2 = 0.887
==== e(  29) =    17.01133 eV ==== 
     psi = 0.055*[#   2]+0.055*[#  12]+0.055*[#  22]+0.055*[#  32]+0.045*[#   7]
          +0.045*[#   8]+0.045*[#  10]+0.045*[#  17]+0.045*[#  18]+0.045*[#  20]
          +0.045*[#  27]+0.045*[#  28]+0.045*[#  30]+0.045*[#  37]+0.045*[#  38]
          +0.045*[#  40]+0.024*[#   6]+0.024*[#   9]+0.024*[#  16]+0.024*[#  19]
          +0.024*[#  26]+0.024*[#  29]+0.024*[#  36]+0.024*[#  39]
    |psi|^2 = 0.953
==== e(  30) =    17.01821 eV ==== 
     psi = 0.121*[#   6]+0.121*[#   9]+0.121*[#  16]+0.121*[#  19]+0.121*[#  26]
          +0.121*[#  29]+0.121*[#  36]+0.121*[#  39]+0.002*[#   7]+0.002*[#   8]
          +0.002*[#  10]+0.002*[#  17]+0.002*[#  18]+0.002*[#  20]+0.002*[#  27]
          +0.002*[#  28]+0.002*[#  30]+0.002*[#  37]+0.002*[#  38]+0.002*[#  40]
          
    |psi|^2 = 0.999
==== e(  31) =    17.36856 eV ==== 
     psi = 0.117*[#   6]+0.117*[#   9]+0.117*[#  16]+0.117*[#  19]+0.117*[#  26]
          +0.117*[#  29]+0.117*[#  36]+0.117*[#  39]+0.005*[#   7]+0.005*[#   8]
          +0.005*[#  10]+0.005*[#  17]+0.005*[#  18]+0.005*[#  20]+0.005*[#  27]
          +0.005*[#  28]+0.005*[#  30]+0.005*[#  37]+0.005*[#  38]+0.005*[#  40]
          
    |psi|^2 = 1.000
==== e(  32) =    17.58726 eV ==== 
     psi = 0.124*[#   6]+0.124*[#   9]+0.124*[#  16]+0.124*[#  19]+0.124*[#  26]
          +0.124*[#  29]+0.124*[#  36]+0.124*[#  39]
    |psi|^2 = 0.997
==== e(  33) =    17.65659 eV ==== 
     psi = 0.121*[#   6]+0.121*[#   9]+0.121*[#  16]+0.121*[#  19]+0.121*[#  26]
          +0.121*[#  29]+0.121*[#  36]+0.121*[#  39]+0.002*[#   7]+0.002*[#   8]
          +0.002*[#  10]+0.002*[#  17]+0.002*[#  18]+0.002*[#  20]+0.002*[#  27]
          +0.002*[#  28]+0.002*[#  30]+0.002*[#  37]+0.002*[#  38]+0.002*[#  40]
          
    |psi|^2 = 0.989
==== e(  34) =    17.80252 eV ==== 
     psi = 0.120*[#   6]+0.120*[#   9]+0.120*[#  16]+0.120*[#  19]+0.120*[#  26]
          +0.120*[#  29]+0.120*[#  36]+0.120*[#  39]+0.008*[#   2]+0.008*[#  12]
          +0.008*[#  22]+0.008*[#  32]
    |psi|^2 = 0.992
==== e(  35) =    17.93353 eV ==== 
     psi = 0.083*[#   7]+0.083*[#   8]+0.083*[#  10]+0.083*[#  17]+0.083*[#  18]
          +0.083*[#  20]+0.083*[#  27]+0.083*[#  28]+0.083*[#  30]+0.083*[#  37]
          +0.083*[#  38]+0.083*[#  40]
    |psi|^2 = 0.997
==== e(  36) =    18.22718 eV ==== 
     psi = 0.083*[#  17]+0.083*[#  20]+0.083*[#  28]+0.083*[#  30]+0.083*[#  37]
          +0.083*[#  38]+0.083*[#   7]+0.083*[#   8]+0.083*[#  10]+0.083*[#  18]
          +0.083*[#  27]+0.083*[#  40]
    |psi|^2 = 0.999
==== e(  37) =    18.23201 eV ==== 
     psi = 0.083*[#   7]+0.083*[#   8]+0.083*[#  10]+0.083*[#  18]+0.083*[#  27]
          +0.083*[#  40]+0.083*[#  17]+0.083*[#  20]+0.083*[#  28]+0.083*[#  30]
          +0.083*[#  37]+0.083*[#  38]
    |psi|^2 = 0.999
==== e(  38) =    18.80319 eV ==== 
     psi = 0.084*[#   2]+0.084*[#  12]+0.084*[#  22]+0.084*[#  32]+0.037*[#   7]
          +0.037*[#   8]+0.037*[#  10]+0.037*[#  17]+0.037*[#  18]+0.037*[#  20]
          +0.037*[#  27]+0.037*[#  28]+0.037*[#  30]+0.037*[#  37]+0.037*[#  38]
          +0.037*[#  40]+0.018*[#   6]+0.018*[#   9]+0.018*[#  16]+0.018*[#  19]
          +0.018*[#  26]+0.018*[#  29]+0.018*[#  36]+0.018*[#  39]
    |psi|^2 = 0.934
==== e(  39) =    21.34618 eV ==== 
     psi = 0.092*[#   2]+0.092*[#  12]+0.092*[#  22]+0.092*[#  32]+0.014*[#   7]
          +0.014*[#   8]+0.014*[#  10]+0.014*[#  17]+0.014*[#  18]+0.014*[#  20]
          +0.014*[#  27]+0.014*[#  28]+0.014*[#  30]+0.014*[#  37]+0.014*[#  38]
          +0.014*[#  40]+0.006*[#   6]+0.006*[#   9]+0.006*[#  16]+0.006*[#  19]
          +0.006*[#  26]+0.006*[#  29]+0.006*[#  36]+0.006*[#  39]+0.002*[#   1]
          +0.002*[#  11]+0.002*[#  21]+0.002*[#  31]
    |psi|^2 = 0.592
==== e(  40) =    22.76471 eV ==== 
     psi = 0.009*[#   7]+0.009*[#   8]+0.009*[#  10]+0.009*[#  17]+0.009*[#  18]
          +0.009*[#  20]+0.009*[#  27]+0.009*[#  28]+0.009*[#  30]+0.009*[#  37]
          +0.009*[#  38]+0.009*[#  40]
    |psi|^2 = 0.114
==== e(  41) =    27.22571 eV ==== 
     psi = 0.023*[#   2]+0.023*[#  12]+0.023*[#  22]+0.023*[#  32]+0.005*[#   6]
          +0.005*[#   9]+0.005*[#  16]+0.005*[#  19]+0.005*[#  26]+0.005*[#  29]
          +0.005*[#  36]+0.005*[#  39]
    |psi|^2 = 0.141
==== e(  42) =    28.02768 eV ==== 
     psi = 0.188*[#   2]+0.188*[#  12]+0.188*[#  22]+0.188*[#  32]+0.004*[#   1]
          +0.004*[#  11]+0.004*[#  21]+0.004*[#  31]+0.003*[#   6]+0.003*[#   9]
          +0.003*[#  16]+0.003*[#  19]+0.003*[#  26]+0.003*[#  29]+0.003*[#  36]
          +0.003*[#  39]+0.001*[#   7]+0.001*[#   8]+0.001*[#  10]+0.001*[#  17]
          +0.001*[#  18]+0.001*[#  20]+0.001*[#  27]+0.001*[#  28]+0.001*[#  30]
          +0.001*[#  37]+0.001*[#  38]+0.001*[#  40]
    |psi|^2 = 0.805
==== e(  43) =    28.95288 eV ==== 
     psi = 0.061*[#   2]+0.061*[#  12]+0.061*[#  22]+0.061*[#  32]+0.005*[#   6]
          +0.005*[#   9]+0.005*[#  16]+0.005*[#  19]+0.005*[#  26]+0.005*[#  29]
          +0.005*[#  36]+0.005*[#  39]+0.001*[#   1]+0.001*[#  11]+0.001*[#  21]
          +0.001*[#  31]
    |psi|^2 = 0.290

 k =   0.0000000000  0.1250000000  0.3750000000
==== e(   1) =   -84.91488 eV ==== 
     psi = 0.244*[#  11]+0.244*[#  21]+0.244*[#  31]+0.243*[#   1]+0.006*[#   2]
          +0.006*[#  12]+0.006*[#  22]+0.006*[#  32]
    |psi|^2 = 1.000
==== e(   2) =   -84.89809 eV ==== 
     psi = 0.250*[#  11]+0.250*[#  21]+0.250*[#  31]+0.250*[#   1]
    |psi|^2 = 1.000
==== e(   3) =   -84.88581 eV ==== 
     psi = 0.246*[#  11]+0.246*[#  21]+0.246*[#  31]+0.244*[#   1]+0.004*[#   2]
          +0.004*[#  12]+0.004*[#  22]+0.004*[#  32]
    |psi|^2 = 1.000
==== e(   4) =   -84.88516 eV ==== 
     psi = 0.247*[#   1]+0.245*[#  11]+0.245*[#  21]+0.245*[#  31]+0.005*[#   2]
          +0.005*[#  12]+0.005*[#  22]+0.005*[#  32]
    |psi|^2 = 1.000
==== e(   5) =   -45.36726 eV ==== 
     psi = 0.083*[#   3]+0.083*[#   4]+0.083*[#   5]+0.083*[#  13]+0.083*[#  14]
          +0.083*[#  15]+0.083*[#  23]+0.083*[#  24]+0.083*[#  25]+0.083*[#  33]
          +0.083*[#  34]+0.083*[#  35]
    |psi|^2 = 1.000
==== e(   6) =   -45.36272 eV ==== 
     psi = 0.083*[#   3]+0.083*[#   4]+0.083*[#   5]+0.083*[#  13]+0.083*[#  14]
          +0.083*[#  15]+0.083*[#  23]+0.083*[#  24]+0.083*[#  25]+0.083*[#  33]
          +0.083*[#  34]+0.083*[#  35]
    |psi|^2 = 1.000
==== e(   7) =   -45.34505 eV ==== 
     psi = 0.083*[#   3]+0.083*[#   4]+0.083*[#   5]+0.083*[#  13]+0.083*[#  14]
          +0.083*[#  15]+0.083*[#  23]+0.083*[#  24]+0.083*[#  25]+0.083*[#  33]
          +0.083*[#  34]+0.083*[#  35]+0.002*[#   2]+0.002*[#  12]+0.002*[#  22]
          +0.002*[#  32]
    |psi|^2 = 1.000
==== e(   8) =   -45.32710 eV ==== 
     psi = 0.083*[#   3]+0.083*[#   4]+0.083*[#   5]+0.083*[#  13]+0.083*[#  14]
          +0.083*[#  15]+0.083*[#  23]+0.083*[#  24]+0.083*[#  25]+0.083*[#  33]
          +0.083*[#  34]+0.083*[#  35]
    |psi|^2 = 1.000
==== e(   9) =   -45.31410 eV ==== 
     psi = 0.083*[#   3]+0.083*[#   4]+0.083*[#   5]+0.083*[#  13]+0.083*[#  14]
          +0.083*[#  15]+0.083*[#  23]+0.083*[#  24]+0.083*[#  25]+0.083*[#  33]
          +0.083*[#  34]+0.083*[#  35]
    |psi|^2 = 1.000
==== e(  10) =   -45.27323 eV ==== 
     psi = 0.084*[#  14]+0.084*[#  25]+0.084*[#  33]+0.083*[#  13]+0.083*[#  15]
          +0.083*[#  23]+0.083*[#  24]+0.083*[#  34]+0.083*[#  35]+0.081*[#   3]
          +0.081*[#   4]+0.081*[#   5]+0.002*[#   2]+0.002*[#  12]+0.002*[#  22]
          +0.002*[#  32]
    |psi|^2 = 1.000
==== e(  11) =   -45.27284 eV ==== 
     psi = 0.085*[#   3]+0.085*[#   4]+0.085*[#   5]+0.083*[#  13]+0.083*[#  15]
          +0.083*[#  23]+0.083*[#  24]+0.083*[#  34]+0.083*[#  35]+0.082*[#  14]
          +0.082*[#  25]+0.082*[#  33]
    |psi|^2 = 1.000
==== e(  12) =   -45.27060 eV ==== 
     psi = 0.083*[#   3]+0.083*[#   4]+0.083*[#   5]+0.083*[#  13]+0.083*[#  15]
          +0.083*[#  23]+0.083*[#  24]+0.083*[#  34]+0.083*[#  35]+0.083*[#  14]
          +0.083*[#  25]+0.083*[#  33]
    |psi|^2 = 1.000
==== e(  13) =   -45.25659 eV ==== 
     psi = 0.083*[#   3]+0.083*[#   4]+0.083*[#   5]+0.083*[#  13]+0.083*[#  14]
          +0.083*[#  15]+0.083*[#  23]+0.083*[#  24]+0.083*[#  25]+0.083*[#  33]
          +0.083*[#  34]+0.083*[#  35]
    |psi|^2 = 1.000
==== e(  14) =   -45.24930 eV ==== 
     psi = 0.083*[#   3]+0.083*[#   4]+0.083*[#   5]+0.083*[#  13]+0.083*[#  14]
          +0.083*[#  15]+0.083*[#  23]+0.083*[#  24]+0.083*[#  25]+0.083*[#  33]
          +0.083*[#  34]+0.083*[#  35]
    |psi|^2 = 1.000
==== e(  15) =   -45.22450 eV ==== 
     psi = 0.083*[#   3]+0.083*[#   4]+0.083*[#   5]+0.083*[#  13]+0.083*[#  14]
          +0.083*[#  15]+0.083*[#  23]+0.083*[#  24]+0.083*[#  25]+0.083*[#  33]
          +0.083*[#  34]+0.083*[#  35]
    |psi|^2 = 1.000
==== e(  16) =   -45.21561 eV ==== 
     psi = 0.083*[#   3]+0.083*[#   4]+0.083*[#   5]+0.083*[#  13]+0.083*[#  14]
          +0.083*[#  15]+0.083*[#  23]+0.083*[#  24]+0.083*[#  25]+0.083*[#  33]
          +0.083*[#  34]+0.083*[#  35]
    |psi|^2 = 1.000
==== e(  17) =    10.72169 eV ==== 
     psi = 0.235*[#   2]+0.235*[#  12]+0.235*[#  22]+0.235*[#  32]+0.006*[#   1]
          +0.006*[#  11]+0.006*[#  21]+0.006*[#  31]+0.002*[#   6]+0.002*[#   9]
          +0.002*[#  16]+0.002*[#  19]+0.002*[#  26]+0.002*[#  29]+0.002*[#  36]
          +0.002*[#  39]
    |psi|^2 = 0.998
==== e(  18) =    12.97910 eV ==== 
     psi = 0.162*[#   2]+0.162*[#  12]+0.162*[#  22]+0.162*[#  32]+0.040*[#   6]
          +0.040*[#   9]+0.040*[#  16]+0.040*[#  19]+0.040*[#  26]+0.040*[#  29]
          +0.040*[#  36]+0.040*[#  39]+0.001*[#   7]+0.001*[#   8]+0.001*[#  10]
          +0.001*[#  17]+0.001*[#  18]+0.001*[#  20]+0.001*[#  27]+0.001*[#  28]
          +0.001*[#  30]+0.001*[#  37]+0.001*[#  38]+0.001*[#  40]
    |psi|^2 = 0.991
==== e(  19) =    14.39064 eV ==== 
     psi = 0.114*[#   6]+0.114*[#   9]+0.114*[#  16]+0.114*[#  19]+0.114*[#  26]
          +0.114*[#  29]+0.114*[#  36]+0.114*[#  39]+0.011*[#   2]+0.011*[#  12]
          +0.011*[#  22]+0.011*[#  32]
    |psi|^2 = 0.963
==== e(  20) =    14.44290 eV ==== 
     psi = 0.118*[#   6]+0.118*[#   9]+0.118*[#  16]+0.118*[#  19]+0.118*[#  26]
          +0.118*[#  29]+0.118*[#  36]+0.118*[#  39]+0.003*[#   2]+0.003*[#  12]
          +0.003*[#  22]+0.003*[#  32]
    |psi|^2 = 0.964
==== e(  21) =    14.92830 eV ==== 
     psi = 0.079*[#   7]+0.079*[#   8]+0.079*[#  10]+0.079*[#  17]+0.079*[#  18]
          +0.079*[#  20]+0.079*[#  27]+0.079*[#  28]+0.079*[#  30]+0.079*[#  37]
          +0.079*[#  38]+0.079*[#  40]+0.003*[#   2]+0.003*[#  12]+0.003*[#  22]
          +0.003*[#  32]
    |psi|^2 = 0.965
==== e(  22) =    14.92868 eV ==== 
     psi = 0.083*[#   7]+0.083*[#   8]+0.083*[#  10]+0.083*[#  17]+0.083*[#  18]
          +0.083*[#  20]+0.083*[#  27]+0.083*[#  28]+0.083*[#  30]+0.083*[#  37]
          +0.083*[#  38]+0.083*[#  40]
    |psi|^2 = 0.991
==== e(  23) =    14.99036 eV ==== 
     psi = 0.081*[#   7]+0.081*[#   8]+0.081*[#  10]+0.081*[#  17]+0.081*[#  18]
          +0.081*[#  20]+0.081*[#  27]+0.081*[#  28]+0.081*[#  30]+0.081*[#  37]
          +0.081*[#  38]+0.081*[#  40]
    |psi|^2 = 0.970
==== e(  24) =    15.62145 eV ==== 
     psi = 0.083*[#   7]+0.083*[#   8]+0.083*[#  10]+0.083*[#  17]+0.083*[#  18]
          +0.083*[#  20]+0.083*[#  27]+0.083*[#  28]+0.083*[#  30]+0.083*[#  37]
          +0.083*[#  38]+0.083*[#  40]
    |psi|^2 = 0.993
==== e(  25) =    15.94825 eV ==== 
     psi = 0.071*[#   7]+0.071*[#   8]+0.071*[#  10]+0.071*[#  17]+0.071*[#  18]
          +0.071*[#  20]+0.071*[#  27]+0.071*[#  28]+0.071*[#  30]+0.071*[#  37]
          +0.071*[#  38]+0.071*[#  40]+0.012*[#   2]+0.012*[#  12]+0.012*[#  22]
          +0.012*[#  32]+0.006*[#   6]+0.006*[#   9]+0.006*[#  16]+0.006*[#  19]
          +0.006*[#  26]+0.006*[#  29]+0.006*[#  36]+0.006*[#  39]
    |psi|^2 = 0.942
==== e(  26) =    16.06447 eV ==== 
     psi = 0.077*[#   7]+0.077*[#   8]+0.077*[#  10]+0.077*[#  17]+0.077*[#  18]
          +0.077*[#  20]+0.077*[#  27]+0.077*[#  28]+0.077*[#  30]+0.077*[#  37]
          +0.077*[#  38]+0.077*[#  40]
    |psi|^2 = 0.919
==== e(  27) =    16.46172 eV ==== 
     psi = 0.066*[#   6]+0.066*[#   9]+0.066*[#  16]+0.066*[#  19]+0.066*[#  26]
          +0.066*[#  29]+0.066*[#  36]+0.066*[#  39]+0.044*[#   2]+0.044*[#  12]
          +0.044*[#  22]+0.044*[#  32]+0.023*[#   7]+0.023*[#   8]+0.023*[#  10]
          +0.023*[#  17]+0.023*[#  18]+0.023*[#  20]+0.023*[#  27]+0.023*[#  28]
          +0.023*[#  30]+0.023*[#  37]+0.023*[#  38]+0.023*[#  40]
    |psi|^2 = 0.983
==== e(  28) =    16.51816 eV ==== 
     psi = 0.062*[#   6]+0.062*[#   9]+0.062*[#  16]+0.062*[#  19]+0.062*[#  26]
          +0.062*[#  29]+0.062*[#  36]+0.062*[#  39]+0.041*[#   7]+0.041*[#   8]
          +0.041*[#  10]+0.041*[#  17]+0.041*[#  18]+0.041*[#  20]+0.041*[#  27]
          +0.041*[#  28]+0.041*[#  30]+0.041*[#  37]+0.041*[#  38]+0.041*[#  40]
          
    |psi|^2 = 0.996
==== e(  29) =    16.76709 eV ==== 
     psi = 0.083*[#   7]+0.083*[#   8]+0.083*[#  10]+0.083*[#  17]+0.083*[#  18]
          +0.083*[#  20]+0.083*[#  27]+0.083*[#  28]+0.083*[#  30]+0.083*[#  37]
          +0.083*[#  38]+0.083*[#  40]
    |psi|^2 = 0.997
==== e(  30) =    16.93755 eV ==== 
     psi = 0.077*[#   6]+0.077*[#   9]+0.077*[#  16]+0.077*[#  19]+0.077*[#  26]
          +0.077*[#  29]+0.077*[#  36]+0.077*[#  39]+0.030*[#   7]+0.030*[#   8]
          +0.030*[#  10]+0.030*[#  17]+0.030*[#  18]+0.030*[#  20]+0.030*[#  27]
          +0.030*[#  28]+0.030*[#  30]+0.030*[#  37]+0.030*[#  38]+0.030*[#  40]
          +0.005*[#   2]+0.005*[#  12]+0.005*[#  22]+0.005*[#  32]
    |psi|^2 = 0.997
==== e(  31) =    17.29467 eV ==== 
     psi = 0.123*[#   6]+0.123*[#   9]+0.123*[#  16]+0.123*[#  19]+0.123*[#  26]
          +0.123*[#  29]+0.123*[#  36]+0.123*[#  39]+0.002*[#   2]+0.002*[#  12]
          +0.002*[#  22]+0.002*[#  32]
    |psi|^2 = 0.997
==== e(  32) =    17.33981 eV ==== 
     psi = 0.121*[#   6]+0.121*[#   9]+0.121*[#  16]+0.121*[#  19]+0.121*[#  26]
          +0.121*[#  29]+0.121*[#  36]+0.121*[#  39]+0.002*[#   7]+0.002*[#   8]
          +0.002*[#  10]+0.002*[#  17]+0.002*[#  18]+0.002*[#  20]+0.002*[#  27]
          +0.002*[#  28]+0.002*[#  30]+0.002*[#  37]+0.002*[#  38]+0.002*[#  40]
          
    |psi|^2 = 0.990
==== e(  33) =    17.53349 eV ==== 
     psi = 0.108*[#  19]+0.108*[#  29]+0.108*[#  36]+0.108*[#  16]+0.108*[#  26]
          +0.108*[#  39]+0.107*[#   6]+0.107*[#   9]+0.011*[#   7]+0.011*[#   8]
          +0.011*[#  10]+0.011*[#  17]+0.011*[#  18]+0.011*[#  20]+0.011*[#  27]
          +0.011*[#  28]+0.011*[#  30]+0.011*[#  37]+0.011*[#  38]+0.011*[#  40]
          
    |psi|^2 = 0.999
==== e(  34) =    17.53823 eV ==== 
     psi = 0.095*[#   6]+0.095*[#   9]+0.095*[#  16]+0.095*[#  26]+0.095*[#  39]
          +0.094*[#  19]+0.094*[#  29]+0.094*[#  36]+0.015*[#   7]+0.015*[#   8]
          +0.015*[#  10]+0.015*[#  17]+0.015*[#  18]+0.015*[#  20]+0.015*[#  27]
          +0.015*[#  28]+0.015*[#  30]+0.015*[#  37]+0.015*[#  38]+0.015*[#  40]
          +0.014*[#   2]+0.014*[#  12]+0.014*[#  22]+0.014*[#  32]
    |psi|^2 = 0.993
==== e(  35) =    17.53906 eV ==== 
     psi = 0.083*[#   7]+0.083*[#   8]+0.083*[#  10]+0.083*[#  17]+0.083*[#  18]
          +0.083*[#  20]+0.083*[#  27]+0.083*[#  28]+0.083*[#  30]+0.083*[#  37]
          +0.083*[#  38]+0.083*[#  40]
    |psi|^2 = 0.996
==== e(  36) =    18.07838 eV ==== 
     psi = 0.048*[#   6]+0.048*[#   9]+0.048*[#  16]+0.048*[#  19]+0.048*[#  26]
          +0.048*[#  29]+0.048*[#  36]+0.048*[#  39]+0.044*[#   7]+0.044*[#   8]
          +0.044*[#  10]+0.044*[#  17]+0.044*[#  18]+0.044*[#  20]+0.044*[#  27]
          +0.044*[#  28]+0.044*[#  30]+0.044*[#  37]+0.044*[#  38]+0.044*[#  40]
          +0.022*[#   2]+0.022*[#  12]+0.022*[#  22]+0.022*[#  32]
    |psi|^2 = 0.993
==== e(  37) =    18.22391 eV ==== 
     psi = 0.084*[#  17]+0.084*[#  20]+0.084*[#  28]+0.084*[#  30]+0.084*[#  37]
          +0.084*[#  38]+0.082*[#   7]+0.082*[#   8]+0.082*[#  10]+0.082*[#  18]
          +0.082*[#  27]+0.082*[#  40]
    |psi|^2 = 0.999
==== e(  38) =    18.22540 eV ==== 
     psi = 0.084*[#   7]+0.084*[#   8]+0.084*[#  10]+0.084*[#  18]+0.084*[#  27]
          +0.084*[#  40]+0.082*[#  17]+0.082*[#  20]+0.082*[#  28]+0.082*[#  30]
          +0.082*[#  37]+0.082*[#  38]
    |psi|^2 = 0.999
==== e(  39) =    22.69960 eV ==== 
     psi = 0.090*[#   2]+0.090*[#  12]+0.090*[#  22]+0.090*[#  32]+0.010*[#   7]
          +0.010*[#   8]+0.010*[#  10]+0.010*[#  17]+0.010*[#  18]+0.010*[#  20]
          +0.010*[#  27]+0.010*[#  28]+0.010*[#  30]+0.010*[#  37]+0.010*[#  38]
          +0.010*[#  40]+0.004*[#   6]+0.004*[#   9]+0.004*[#  16]+0.004*[#  19]
          +0.004*[#  26]+0.004*[#  29]+0.004*[#  36]+0.004*[#  39]+0.002*[#   1]
          +0.002*[#  11]+0.002*[#  21]+0.002*[#  31]
    |psi|^2 = 0.525
==== e(  40) =    24.31626 eV ==== 
     psi = 0.007*[#   7]+0.007*[#   8]+0.007*[#  10]+0.007*[#  17]+0.007*[#  18]
          +0.007*[#  20]+0.007*[#  27]+0.007*[#  28]+0.007*[#  30]+0.007*[#  37]
          +0.007*[#  38]+0.007*[#  40]
    |psi|^2 = 0.081
==== e(  41) =    25.70961 eV ==== 
     psi = 0.033*[#   2]+0.033*[#  12]+0.033*[#  22]+0.033*[#  32]+0.003*[#   7]
          +0.003*[#   8]+0.003*[#  10]+0.003*[#  17]+0.003*[#  18]+0.003*[#  20]
          +0.003*[#  27]+0.003*[#  28]+0.003*[#  30]+0.003*[#  37]+0.003*[#  38]
          +0.003*[#  40]+0.002*[#   6]+0.002*[#   9]+0.002*[#  16]+0.002*[#  19]
          +0.002*[#  26]+0.002*[#  29]+0.002*[#  36]+0.002*[#  39]
    |psi|^2 = 0.188
==== e(  42) =    27.96814 eV ==== 
     psi = 0.002*[#   7]+0.002*[#   8]+0.002*[#  10]+0.002*[#  17]+0.002*[#  18]
          +0.002*[#  20]+0.002*[#  27]+0.002*[#  28]+0.002*[#  30]+0.002*[#  37]
          +0.002*[#  38]+0.002*[#  40]
    |psi|^2 = 0.030
==== e(  43) =    28.08342 eV ==== 
     psi = 0.163*[#   2]+0.163*[#  12]+0.163*[#  22]+0.163*[#  32]+0.005*[#   6]
          +0.005*[#   9]+0.005*[#  16]+0.005*[#  19]+0.005*[#  26]+0.005*[#  29]
          +0.005*[#  36]+0.005*[#  39]+0.003*[#   1]+0.003*[#  11]+0.003*[#  21]
          +0.003*[#  31]
    |psi|^2 = 0.710

 k =   0.0000000000  0.1250000000 -0.5000000000
==== e(   1) =   -84.90646 eV ==== 
     psi = 0.330*[#  11]+0.330*[#  21]+0.330*[#  31]+0.003*[#  12]+0.003*[#  22]
          +0.003*[#  32]
    |psi|^2 = 1.000
==== e(   2) =   -84.90645 eV ==== 
     psi = 0.495*[#   1]+0.165*[#  11]+0.165*[#  21]+0.165*[#  31]+0.004*[#   2]
          +0.001*[#  12]+0.001*[#  22]+0.001*[#  32]
    |psi|^2 = 1.000
==== e(   3) =   -84.88548 eV ==== 
     psi = 0.327*[#  11]+0.327*[#  21]+0.327*[#  31]+0.006*[#  12]+0.006*[#  22]
          +0.006*[#  32]
    |psi|^2 = 1.000
==== e(   4) =   -84.88547 eV ==== 
     psi = 0.491*[#   1]+0.164*[#  11]+0.164*[#  21]+0.164*[#  31]+0.009*[#   2]
          +0.003*[#  12]+0.003*[#  22]+0.003*[#  32]
    |psi|^2 = 1.000
==== e(   5) =   -45.34774 eV ==== 
     psi = 0.167*[#  14]+0.167*[#  25]+0.167*[#  33]+0.073*[#  13]+0.073*[#  15]
          +0.073*[#  23]+0.073*[#  24]+0.073*[#  34]+0.073*[#  35]+0.020*[#   3]
          +0.020*[#   4]+0.020*[#   5]
    |psi|^2 = 1.000
==== e(   6) =   -45.34773 eV ==== 
     psi = 0.147*[#   3]+0.147*[#   4]+0.147*[#   5]+0.093*[#  13]+0.093*[#  15]
          +0.093*[#  23]+0.093*[#  24]+0.093*[#  34]+0.093*[#  35]
    |psi|^2 = 1.000
==== e(   7) =   -45.33823 eV ==== 
     psi = 0.167*[#  14]+0.167*[#  25]+0.167*[#  33]+0.083*[#  13]+0.083*[#  15]
          +0.083*[#  23]+0.083*[#  24]+0.083*[#  34]+0.083*[#  35]
    |psi|^2 = 1.000
==== e(   8) =   -45.33822 eV ==== 
     psi = 0.167*[#   3]+0.167*[#   4]+0.167*[#   5]+0.083*[#  13]+0.083*[#  15]
          +0.083*[#  23]+0.083*[#  24]+0.083*[#  34]+0.083*[#  35]
    |psi|^2 = 1.000
==== e(   9) =   -45.30930 eV ==== 
     psi = 0.165*[#  14]+0.165*[#  25]+0.165*[#  33]+0.147*[#   3]+0.147*[#   4]
          +0.147*[#   5]+0.009*[#  13]+0.009*[#  15]+0.009*[#  23]+0.009*[#  24]
          +0.009*[#  34]+0.009*[#  35]+0.002*[#  12]+0.002*[#  22]+0.002*[#  32]
          
    |psi|^2 = 1.000
==== e(  10) =   -45.30930 eV ==== 
     psi = 0.156*[#  13]+0.156*[#  15]+0.156*[#  23]+0.156*[#  24]+0.156*[#  34]
          +0.156*[#  35]+0.018*[#   3]+0.018*[#   4]+0.018*[#   5]+0.004*[#   2]
          +0.001*[#  12]+0.001*[#  22]+0.001*[#  32]
    |psi|^2 = 1.000
==== e(  11) =   -45.27147 eV ==== 
     psi = 0.167*[#  14]+0.167*[#  25]+0.167*[#  33]+0.147*[#   3]+0.147*[#   4]
          +0.147*[#   5]+0.010*[#  13]+0.010*[#  15]+0.010*[#  23]+0.010*[#  24]
          +0.010*[#  34]+0.010*[#  35]
    |psi|^2 = 1.000
==== e(  12) =   -45.27147 eV ==== 
     psi = 0.157*[#  13]+0.157*[#  15]+0.157*[#  23]+0.157*[#  24]+0.157*[#  34]
          +0.157*[#  35]+0.020*[#   3]+0.020*[#   4]+0.020*[#   5]
    |psi|^2 = 1.000
==== e(  13) =   -45.24059 eV ==== 
     psi = 0.167*[#  14]+0.167*[#  25]+0.167*[#  33]+0.083*[#  13]+0.083*[#  15]
          +0.083*[#  23]+0.083*[#  24]+0.083*[#  34]+0.083*[#  35]
    |psi|^2 = 1.000
==== e(  14) =   -45.24058 eV ==== 
     psi = 0.167*[#   3]+0.167*[#   4]+0.167*[#   5]+0.083*[#  13]+0.083*[#  15]
          +0.083*[#  23]+0.083*[#  24]+0.083*[#  34]+0.083*[#  35]
    |psi|^2 = 1.000
==== e(  15) =   -45.23173 eV ==== 
     psi = 0.167*[#  14]+0.167*[#  25]+0.167*[#  33]+0.074*[#  13]+0.074*[#  15]
          +0.074*[#  23]+0.074*[#  24]+0.074*[#  34]+0.074*[#  35]+0.018*[#   3]
          +0.018*[#   4]+0.018*[#   5]
    |psi|^2 = 1.000
==== e(  16) =   -45.23172 eV ==== 
     psi = 0.148*[#   3]+0.148*[#   4]+0.148*[#   5]+0.092*[#  13]+0.092*[#  15]
          +0.092*[#  23]+0.092*[#  24]+0.092*[#  34]+0.092*[#  35]
    |psi|^2 = 1.000
==== e(  17) =    11.88406 eV ==== 
     psi = 0.292*[#  12]+0.292*[#  22]+0.292*[#  32]+0.023*[#  39]+0.019*[#  16]
          +0.019*[#  26]+0.011*[#  19]+0.011*[#  29]+0.008*[#  36]+0.003*[#  11]
          +0.003*[#  21]+0.003*[#  31]+0.002*[#   7]+0.002*[#   8]+0.002*[#  10]
          +0.001*[#   3]+0.001*[#   4]+0.001*[#   5]+0.001*[#  14]+0.001*[#  25]
          +0.001*[#  33]+0.001*[#  17]+0.001*[#  20]+0.001*[#  28]+0.001*[#  30]
          +0.001*[#  37]+0.001*[#  38]
    |psi|^2 = 0.996
==== e(  18) =    11.88407 eV ==== 
     psi = 0.439*[#   2]+0.146*[#  12]+0.146*[#  22]+0.146*[#  32]+0.023*[#   6]
          +0.023*[#   9]+0.015*[#  36]+0.011*[#  19]+0.011*[#  29]+0.004*[#   1]
          +0.004*[#  16]+0.004*[#  26]+0.002*[#  18]+0.002*[#  27]+0.002*[#  40]
          +0.001*[#  11]+0.001*[#  21]+0.001*[#  31]+0.001*[#  13]+0.001*[#  15]
          +0.001*[#  17]+0.001*[#  20]+0.001*[#  23]+0.001*[#  24]+0.001*[#  28]
          +0.001*[#  30]+0.001*[#  34]+0.001*[#  35]+0.001*[#  37]+0.001*[#  38]
          
    |psi|^2 = 0.996
==== e(  19) =    14.60526 eV ==== 
     psi = 0.236*[#  36]+0.197*[#  19]+0.197*[#  29]+0.118*[#  16]+0.118*[#  26]
          +0.079*[#  39]
    |psi|^2 = 0.952
==== e(  20) =    14.60528 eV ==== 
     psi = 0.236*[#   6]+0.236*[#   9]+0.157*[#  39]+0.118*[#  16]+0.118*[#  26]
          +0.039*[#  19]+0.039*[#  29]+0.001*[#   2]
    |psi|^2 = 0.952
==== e(  21) =    15.26989 eV ==== 
     psi = 0.163*[#  17]+0.163*[#  20]+0.163*[#  28]+0.163*[#  30]+0.163*[#  37]
          +0.163*[#  38]+0.004*[#   7]+0.004*[#   8]+0.004*[#  10]
    |psi|^2 = 0.992
==== e(  22) =    15.26991 eV ==== 
     psi = 0.165*[#  18]+0.165*[#  27]+0.165*[#  40]+0.161*[#   7]+0.161*[#   8]
          +0.161*[#  10]+0.002*[#  17]+0.002*[#  20]+0.002*[#  28]+0.002*[#  30]
          +0.002*[#  37]+0.002*[#  38]
    |psi|^2 = 0.992
==== e(  23) =    15.35079 eV ==== 
     psi = 0.151*[#  18]+0.151*[#  27]+0.151*[#  40]+0.075*[#  17]+0.075*[#  20]
          +0.075*[#  28]+0.075*[#  30]+0.075*[#  37]+0.075*[#  38]+0.017*[#   2]
          +0.006*[#  12]+0.006*[#  22]+0.006*[#  32]+0.004*[#   6]+0.004*[#   9]
          +0.001*[#  16]+0.001*[#  19]+0.001*[#  26]+0.001*[#  29]+0.001*[#  36]
          +0.001*[#  39]
    |psi|^2 = 0.958
==== e(  24) =    15.35079 eV ==== 
     psi = 0.151*[#   7]+0.151*[#   8]+0.151*[#  10]+0.075*[#  17]+0.075*[#  20]
          +0.075*[#  28]+0.075*[#  30]+0.075*[#  37]+0.075*[#  38]+0.011*[#  12]
          +0.011*[#  22]+0.011*[#  32]+0.003*[#  16]+0.003*[#  19]+0.003*[#  26]
          +0.003*[#  29]+0.003*[#  39]+0.003*[#  36]
    |psi|^2 = 0.958
==== e(  25) =    15.46020 eV ==== 
     psi = 0.158*[#  18]+0.158*[#  27]+0.158*[#  40]+0.077*[#  17]+0.077*[#  20]
          +0.077*[#  28]+0.077*[#  30]+0.077*[#  37]+0.077*[#  38]+0.005*[#   7]
          +0.005*[#   8]+0.005*[#  10]
    |psi|^2 = 0.949
==== e(  26) =    15.46020 eV ==== 
     psi = 0.154*[#   7]+0.154*[#   8]+0.154*[#  10]+0.081*[#  17]+0.081*[#  20]
          +0.081*[#  28]+0.081*[#  30]+0.081*[#  37]+0.081*[#  38]
    |psi|^2 = 0.949
==== e(  27) =    16.37976 eV ==== 
     psi = 0.181*[#   6]+0.181*[#   9]+0.119*[#  36]+0.090*[#  19]+0.090*[#  29]
          +0.037*[#  18]+0.037*[#  27]+0.037*[#  40]+0.031*[#  16]+0.031*[#  26]
          +0.023*[#   2]+0.019*[#  17]+0.019*[#  20]+0.019*[#  28]+0.019*[#  30]
          +0.019*[#  37]+0.019*[#  38]+0.008*[#  12]+0.008*[#  22]+0.008*[#  32]
          +0.002*[#  39]
    |psi|^2 = 0.994
==== e(  28) =    16.37976 eV ==== 
     psi = 0.179*[#  39]+0.150*[#  16]+0.150*[#  26]+0.091*[#  19]+0.091*[#  29]
          +0.062*[#  36]+0.037*[#   7]+0.037*[#   8]+0.037*[#  10]+0.019*[#  17]
          +0.019*[#  20]+0.019*[#  28]+0.019*[#  30]+0.019*[#  37]+0.019*[#  38]
          +0.015*[#  12]+0.015*[#  22]+0.015*[#  32]
    |psi|^2 = 0.994
==== e(  29) =    17.12904 eV ==== 
     psi = 0.166*[#  18]+0.166*[#  27]+0.166*[#  40]+0.081*[#  17]+0.081*[#  20]
          +0.081*[#  28]+0.081*[#  30]+0.081*[#  37]+0.081*[#  38]+0.005*[#   7]
          +0.005*[#   8]+0.005*[#  10]
    |psi|^2 = 0.996
==== e(  30) =    17.12904 eV ==== 
     psi = 0.161*[#   7]+0.161*[#   8]+0.161*[#  10]+0.085*[#  17]+0.085*[#  20]
          +0.085*[#  28]+0.085*[#  30]+0.085*[#  37]+0.085*[#  38]
    |psi|^2 = 0.996
==== e(  31) =    17.16185 eV ==== 
     psi = 0.244*[#  39]+0.203*[#  16]+0.203*[#  26]+0.122*[#  19]+0.122*[#  29]
          +0.081*[#  36]+0.003*[#  12]+0.003*[#  22]+0.003*[#  32]+0.002*[#   7]
          +0.002*[#   8]+0.002*[#  10]
    |psi|^2 = 0.995
==== e(  32) =    17.16186 eV ==== 
     psi = 0.244*[#   6]+0.244*[#   9]+0.163*[#  36]+0.122*[#  19]+0.122*[#  29]
          +0.041*[#  16]+0.041*[#  26]+0.004*[#   2]+0.002*[#  18]+0.002*[#  27]
          +0.002*[#  40]+0.001*[#  12]+0.001*[#  22]+0.001*[#  32]
    |psi|^2 = 0.995
==== e(  33) =    17.18210 eV ==== 
     psi = 0.091*[#  36]+0.085*[#  19]+0.085*[#  29]+0.080*[#   7]+0.080*[#   8]
          +0.080*[#  10]+0.073*[#  16]+0.073*[#  26]+0.067*[#  39]+0.040*[#  17]
          +0.040*[#  20]+0.040*[#  28]+0.040*[#  30]+0.040*[#  37]+0.040*[#  38]
          +0.013*[#  12]+0.013*[#  22]+0.013*[#  32]
    |psi|^2 = 0.995
==== e(  34) =    17.18210 eV ==== 
     psi = 0.118*[#   6]+0.118*[#   9]+0.080*[#  18]+0.080*[#  27]+0.080*[#  40]
          +0.051*[#  39]+0.045*[#  16]+0.045*[#  26]+0.040*[#  17]+0.040*[#  20]
          +0.040*[#  28]+0.040*[#  30]+0.040*[#  37]+0.040*[#  38]+0.033*[#  19]
          +0.033*[#  29]+0.027*[#  36]+0.020*[#   2]+0.007*[#  12]+0.007*[#  22]
          +0.007*[#  32]
    |psi|^2 = 0.995
==== e(  35) =    17.75206 eV ==== 
     psi = 0.172*[#  36]+0.145*[#  19]+0.145*[#  29]+0.090*[#  16]+0.090*[#  26]
          +0.063*[#  39]+0.046*[#   7]+0.046*[#   8]+0.046*[#  10]+0.023*[#  17]
          +0.023*[#  20]+0.023*[#  28]+0.023*[#  30]+0.023*[#  37]+0.023*[#  38]
          +0.005*[#  12]+0.005*[#  22]+0.005*[#  32]
    |psi|^2 = 0.999
==== e(  36) =    17.75207 eV ==== 
     psi = 0.176*[#   6]+0.176*[#   9]+0.113*[#  39]+0.086*[#  16]+0.086*[#  26]
          +0.046*[#  18]+0.046*[#  27]+0.046*[#  40]+0.032*[#  19]+0.032*[#  29]
          +0.023*[#  17]+0.023*[#  20]+0.023*[#  28]+0.023*[#  30]+0.023*[#  37]
          +0.023*[#  38]+0.007*[#   2]+0.004*[#  36]+0.002*[#  12]+0.002*[#  22]
          +0.002*[#  32]
    |psi|^2 = 0.999
==== e(  37) =    18.22387 eV ==== 
     psi = 0.164*[#  17]+0.164*[#  20]+0.164*[#  28]+0.164*[#  30]+0.164*[#  37]
          +0.164*[#  38]+0.005*[#   7]+0.005*[#   8]+0.005*[#  10]
    |psi|^2 = 0.999
==== e(  38) =    18.22388 eV ==== 
     psi = 0.166*[#  18]+0.166*[#  27]+0.166*[#  40]+0.161*[#   7]+0.161*[#   8]
          +0.161*[#  10]+0.003*[#  17]+0.003*[#  20]+0.003*[#  28]+0.003*[#  30]
          +0.003*[#  37]+0.003*[#  38]
    |psi|^2 = 0.999
==== e(  39) =    24.14390 eV ==== 
     psi = 0.096*[#  12]+0.096*[#  22]+0.096*[#  32]+0.012*[#   7]+0.012*[#   8]
          +0.012*[#  10]+0.006*[#  17]+0.006*[#  20]+0.006*[#  28]+0.006*[#  30]
          +0.006*[#  37]+0.006*[#  38]+0.006*[#  36]+0.005*[#  19]+0.005*[#  29]
          +0.003*[#  16]+0.003*[#  26]+0.002*[#  11]+0.002*[#  21]+0.002*[#  31]
          +0.002*[#  39]
    |psi|^2 = 0.391
==== e(  40) =    24.14391 eV ==== 
     psi = 0.144*[#   2]+0.048*[#  12]+0.048*[#  22]+0.048*[#  32]+0.012*[#  18]
          +0.012*[#  27]+0.012*[#  40]+0.006*[#  17]+0.006*[#  20]+0.006*[#  28]
          +0.006*[#  30]+0.006*[#  37]+0.006*[#  38]+0.006*[#   6]+0.006*[#   9]
          +0.004*[#  39]+0.003*[#   1]+0.003*[#  16]+0.003*[#  26]+0.001*[#  11]
          +0.001*[#  19]+0.001*[#  21]+0.001*[#  29]+0.001*[#  31]
    |psi|^2 = 0.391
==== e(  41) =    26.06720 eV ==== 
     psi = 0.008*[#   7]+0.008*[#   8]+0.008*[#  10]+0.005*[#  17]+0.005*[#  20]
          +0.005*[#  28]+0.005*[#  30]+0.005*[#  37]+0.005*[#  38]
    |psi|^2 = 0.051
==== e(  42) =    26.06720 eV ==== 
     psi = 0.009*[#  18]+0.009*[#  27]+0.009*[#  40]+0.004*[#  17]+0.004*[#  20]
          +0.004*[#  28]+0.004*[#  30]+0.004*[#  37]+0.004*[#  38]
    |psi|^2 = 0.051
==== e(  43) =    28.62559 eV ==== 
     psi = 0.096*[#   2]+0.080*[#  12]+0.080*[#  22]+0.080*[#  32]+0.004*[#   6]
          +0.004*[#   9]+0.003*[#  16]+0.003*[#  26]+0.003*[#  39]+0.003*[#  19]
          +0.003*[#  29]+0.003*[#  36]+0.002*[#   1]+0.002*[#  11]+0.002*[#  21]
          +0.002*[#  31]
    |psi|^2 = 0.371

 k =   0.0000000000  0.2500000000  0.2500000000
==== e(   1) =   -84.91779 eV ==== 
     psi = 0.242*[#  11]+0.242*[#  21]+0.242*[#  31]+0.242*[#   1]+0.008*[#   2]
          +0.008*[#  12]+0.008*[#  22]+0.008*[#  32]
    |psi|^2 = 1.000
==== e(   2) =   -84.89032 eV ==== 
     psi = 0.331*[#  11]+0.331*[#  21]+0.331*[#  31]+0.002*[#  12]+0.002*[#  22]
          +0.002*[#  32]
    |psi|^2 = 1.000
==== e(   3) =   -84.89031 eV ==== 
     psi = 0.496*[#   1]+0.166*[#  11]+0.166*[#  21]+0.166*[#  31]+0.003*[#   2]
          
    |psi|^2 = 1.000
==== e(   4) =   -84.88557 eV ==== 
     psi = 0.246*[#   1]+0.245*[#  11]+0.245*[#  21]+0.245*[#  31]+0.004*[#   2]
          +0.004*[#  12]+0.004*[#  22]+0.004*[#  32]
    |psi|^2 = 1.000
==== e(   5) =   -45.37218 eV ==== 
     psi = 0.131*[#  14]+0.131*[#  25]+0.131*[#  33]+0.083*[#  13]+0.083*[#  15]
          +0.083*[#  23]+0.083*[#  24]+0.083*[#  34]+0.083*[#  35]+0.035*[#   3]
          +0.035*[#   4]+0.035*[#   5]+0.002*[#   2]
    |psi|^2 = 1.000
==== e(   6) =   -45.37218 eV ==== 
     psi = 0.131*[#   3]+0.131*[#   4]+0.131*[#   5]+0.083*[#  13]+0.083*[#  15]
          +0.083*[#  23]+0.083*[#  24]+0.083*[#  34]+0.083*[#  35]+0.035*[#  14]
          +0.035*[#  25]+0.035*[#  33]+0.001*[#  12]+0.001*[#  22]+0.001*[#  32]
          
    |psi|^2 = 1.000
==== e(   7) =   -45.37001 eV ==== 
     psi = 0.083*[#   3]+0.083*[#   4]+0.083*[#   5]+0.083*[#  13]+0.083*[#  14]
          +0.083*[#  15]+0.083*[#  23]+0.083*[#  24]+0.083*[#  25]+0.083*[#  33]
          +0.083*[#  34]+0.083*[#  35]
    |psi|^2 = 1.000
==== e(   8) =   -45.32503 eV ==== 
     psi = 0.083*[#   3]+0.083*[#   4]+0.083*[#   5]+0.083*[#  13]+0.083*[#  14]
          +0.083*[#  15]+0.083*[#  23]+0.083*[#  24]+0.083*[#  25]+0.083*[#  33]
          +0.083*[#  34]+0.083*[#  35]
    |psi|^2 = 1.000
==== e(   9) =   -45.28418 eV ==== 
     psi = 0.167*[#   3]+0.167*[#   4]+0.167*[#   5]+0.167*[#  14]+0.167*[#  25]
          +0.167*[#  33]
    |psi|^2 = 1.000
==== e(  10) =   -45.28418 eV ==== 
     psi = 0.167*[#  13]+0.167*[#  15]+0.167*[#  23]+0.167*[#  24]+0.167*[#  34]
          +0.167*[#  35]
    |psi|^2 = 1.000
==== e(  11) =   -45.26638 eV ==== 
     psi = 0.083*[#  13]+0.083*[#  14]+0.083*[#  15]+0.083*[#  23]+0.083*[#  24]
          +0.083*[#  25]+0.083*[#  33]+0.083*[#  34]+0.083*[#  35]+0.083*[#   3]
          +0.083*[#   4]+0.083*[#   5]+0.001*[#   2]+0.001*[#  12]+0.001*[#  22]
          +0.001*[#  32]
    |psi|^2 = 1.000
==== e(  12) =   -45.26105 eV ==== 
     psi = 0.133*[#  14]+0.133*[#  25]+0.133*[#  33]+0.082*[#  13]+0.082*[#  15]
          +0.082*[#  23]+0.082*[#  24]+0.082*[#  34]+0.082*[#  35]+0.036*[#   3]
          +0.036*[#   4]+0.036*[#   5]
    |psi|^2 = 1.000
==== e(  13) =   -45.26104 eV ==== 
     psi = 0.132*[#   3]+0.132*[#   4]+0.132*[#   5]+0.083*[#  13]+0.083*[#  15]
          +0.083*[#  23]+0.083*[#  24]+0.083*[#  34]+0.083*[#  35]+0.035*[#  14]
          +0.035*[#  25]+0.035*[#  33]
    |psi|^2 = 1.000
==== e(  14) =   -45.26077 eV ==== 
     psi = 0.084*[#  13]+0.084*[#  15]+0.084*[#  23]+0.084*[#  24]+0.084*[#  34]
          +0.084*[#  35]+0.083*[#   3]+0.083*[#   4]+0.083*[#   5]+0.082*[#  14]
          +0.082*[#  25]+0.082*[#  33]
    |psi|^2 = 1.000
==== e(  15) =   -45.22036 eV ==== 
     psi = 0.083*[#   3]+0.083*[#   4]+0.083*[#   5]+0.083*[#  13]+0.083*[#  14]
          +0.083*[#  15]+0.083*[#  23]+0.083*[#  24]+0.083*[#  25]+0.083*[#  33]
          +0.083*[#  34]+0.083*[#  35]
    |psi|^2 = 1.000
==== e(  16) =   -45.20298 eV ==== 
     psi = 0.083*[#   3]+0.083*[#   4]+0.083*[#   5]+0.083*[#  13]+0.083*[#  14]
          +0.083*[#  15]+0.083*[#  23]+0.083*[#  24]+0.083*[#  25]+0.083*[#  33]
          +0.083*[#  34]+0.083*[#  35]
    |psi|^2 = 1.000
==== e(  17) =    10.35579 eV ==== 
     psi = 0.237*[#   2]+0.237*[#  12]+0.237*[#  22]+0.237*[#  32]+0.008*[#   1]
          +0.008*[#  11]+0.008*[#  21]+0.008*[#  31]
    |psi|^2 = 0.999
==== e(  18) =    13.92378 eV ==== 
     psi = 0.151*[#  36]+0.131*[#   2]+0.123*[#  19]+0.123*[#  29]+0.066*[#  16]
          +0.066*[#  26]+0.058*[#   6]+0.058*[#   9]+0.044*[#  12]+0.044*[#  22]
          +0.044*[#  32]+0.038*[#  39]+0.005*[#   7]+0.005*[#   8]+0.005*[#  10]
          +0.005*[#  18]+0.005*[#  27]+0.005*[#  40]
    |psi|^2 = 0.977
==== e(  19) =    13.92379 eV ==== 
     psi = 0.133*[#  39]+0.113*[#   6]+0.113*[#   9]+0.105*[#  16]+0.105*[#  26]
          +0.087*[#  12]+0.087*[#  22]+0.087*[#  32]+0.048*[#  19]+0.048*[#  29]
          +0.019*[#  36]+0.005*[#  17]+0.005*[#  20]+0.005*[#  28]+0.005*[#  30]
          +0.005*[#  37]+0.005*[#  38]
    |psi|^2 = 0.977
==== e(  20) =    14.35485 eV ==== 
     psi = 0.111*[#   6]+0.111*[#   9]+0.111*[#  16]+0.111*[#  19]+0.111*[#  26]
          +0.111*[#  29]+0.111*[#  36]+0.111*[#  39]+0.007*[#   2]+0.007*[#  12]
          +0.007*[#  22]+0.007*[#  32]+0.005*[#   7]+0.005*[#   8]+0.005*[#  10]
          +0.005*[#  17]+0.005*[#  18]+0.005*[#  20]+0.005*[#  27]+0.005*[#  28]
          +0.005*[#  30]+0.005*[#  37]+0.005*[#  38]+0.005*[#  40]
    |psi|^2 = 0.974
==== e(  21) =    14.73588 eV ==== 
     psi = 0.074*[#   7]+0.074*[#   8]+0.074*[#  10]+0.074*[#  17]+0.074*[#  18]
          +0.074*[#  20]+0.074*[#  27]+0.074*[#  28]+0.074*[#  30]+0.074*[#  37]
          +0.074*[#  38]+0.074*[#  40]+0.007*[#   6]+0.007*[#   9]+0.007*[#  16]
          +0.007*[#  19]+0.007*[#  26]+0.007*[#  29]+0.007*[#  36]+0.007*[#  39]
          +0.003*[#   2]+0.003*[#  12]+0.003*[#  22]+0.003*[#  32]
    |psi|^2 = 0.960
==== e(  22) =    14.81605 eV ==== 
     psi = 0.105*[#  18]+0.105*[#  27]+0.105*[#  40]+0.082*[#  17]+0.082*[#  20]
          +0.082*[#  28]+0.082*[#  30]+0.082*[#  37]+0.082*[#  38]+0.058*[#   7]
          +0.058*[#   8]+0.058*[#  10]
    |psi|^2 = 0.984
==== e(  23) =    14.81605 eV ==== 
     psi = 0.105*[#   7]+0.105*[#   8]+0.105*[#  10]+0.082*[#  17]+0.082*[#  20]
          +0.082*[#  28]+0.082*[#  30]+0.082*[#  37]+0.082*[#  38]+0.058*[#  18]
          +0.058*[#  27]+0.058*[#  40]
    |psi|^2 = 0.984
==== e(  24) =    15.82635 eV ==== 
     psi = 0.083*[#   7]+0.083*[#   8]+0.083*[#  10]+0.083*[#  17]+0.083*[#  18]
          +0.083*[#  20]+0.083*[#  27]+0.083*[#  28]+0.083*[#  30]+0.083*[#  37]
          +0.083*[#  38]+0.083*[#  40]
    |psi|^2 = 0.992
==== e(  25) =    16.27407 eV ==== 
     psi = 0.103*[#  17]+0.103*[#  20]+0.103*[#  28]+0.103*[#  30]+0.103*[#  37]
          +0.103*[#  38]+0.047*[#  39]+0.047*[#  12]+0.047*[#  22]+0.047*[#  32]
          +0.038*[#  16]+0.038*[#  26]+0.021*[#  19]+0.021*[#  29]+0.013*[#   6]
          +0.013*[#   9]+0.013*[#  36]
    |psi|^2 = 0.967
==== e(  26) =    16.27408 eV ==== 
     psi = 0.103*[#   7]+0.103*[#   8]+0.103*[#  10]+0.103*[#  18]+0.103*[#  27]
          +0.103*[#  40]+0.070*[#   2]+0.039*[#   6]+0.039*[#   9]+0.038*[#  36]
          +0.030*[#  19]+0.030*[#  29]+0.023*[#  12]+0.023*[#  22]+0.023*[#  32]
          +0.013*[#  16]+0.013*[#  26]+0.004*[#  39]
    |psi|^2 = 0.967
==== e(  27) =    16.42130 eV ==== 
     psi = 0.075*[#   7]+0.075*[#   8]+0.075*[#  10]+0.075*[#  17]+0.075*[#  18]
          +0.075*[#  20]+0.075*[#  27]+0.075*[#  28]+0.075*[#  30]+0.075*[#  37]
          +0.075*[#  38]+0.075*[#  40]
    |psi|^2 = 0.901
==== e(  28) =    16.43997 eV ==== 
     psi = 0.062*[#   7]+0.062*[#   8]+0.062*[#  10]+0.062*[#  17]+0.062*[#  18]
          +0.062*[#  20]+0.062*[#  27]+0.062*[#  28]+0.062*[#  30]+0.062*[#  37]
          +0.062*[#  38]+0.062*[#  40]+0.030*[#   6]+0.030*[#   9]+0.030*[#  16]
          +0.030*[#  19]+0.030*[#  26]+0.030*[#  29]+0.030*[#  36]+0.030*[#  39]
          
    |psi|^2 = 0.996
==== e(  29) =    16.58394 eV ==== 
     psi = 0.083*[#   7]+0.083*[#   8]+0.083*[#  10]+0.083*[#  17]+0.083*[#  18]
          +0.083*[#  20]+0.083*[#  27]+0.083*[#  28]+0.083*[#  30]+0.083*[#  37]
          +0.083*[#  38]+0.083*[#  40]
    |psi|^2 = 0.998
==== e(  30) =    16.96497 eV ==== 
     psi = 0.125*[#   6]+0.125*[#   9]+0.125*[#  16]+0.125*[#  19]+0.125*[#  26]
          +0.125*[#  29]+0.125*[#  36]+0.125*[#  39]
    |psi|^2 = 0.999
==== e(  31) =    17.41217 eV ==== 
     psi = 0.125*[#   6]+0.125*[#   9]+0.125*[#  16]+0.125*[#  19]+0.125*[#  26]
          +0.125*[#  29]+0.125*[#  36]+0.125*[#  39]
    |psi|^2 = 0.996
==== e(  32) =    17.50176 eV ==== 
     psi = 0.094*[#   6]+0.094*[#   9]+0.094*[#  16]+0.094*[#  19]+0.094*[#  26]
          +0.094*[#  29]+0.094*[#  36]+0.094*[#  39]+0.020*[#   7]+0.020*[#   8]
          +0.020*[#  10]+0.020*[#  17]+0.020*[#  18]+0.020*[#  20]+0.020*[#  27]
          +0.020*[#  28]+0.020*[#  30]+0.020*[#  37]+0.020*[#  38]+0.020*[#  40]
          +0.003*[#   2]+0.003*[#  12]+0.003*[#  22]+0.003*[#  32]
    |psi|^2 = 0.999
==== e(  33) =    17.58157 eV ==== 
     psi = 0.197*[#  36]+0.157*[#  19]+0.157*[#  29]+0.129*[#   6]+0.129*[#   9]
          +0.077*[#  16]+0.077*[#  26]+0.037*[#  39]+0.010*[#   2]+0.003*[#  12]
          +0.003*[#  22]+0.003*[#  32]+0.001*[#   7]+0.001*[#   8]+0.001*[#  10]
          +0.001*[#  18]+0.001*[#  27]+0.001*[#  40]
    |psi|^2 = 0.988
==== e(  34) =    17.58158 eV ==== 
     psi = 0.203*[#  39]+0.163*[#  16]+0.163*[#  26]+0.111*[#   6]+0.111*[#   9]
          +0.083*[#  19]+0.083*[#  29]+0.043*[#  36]+0.007*[#  12]+0.007*[#  22]
          +0.007*[#  32]+0.001*[#  17]+0.001*[#  20]+0.001*[#  28]+0.001*[#  30]
          +0.001*[#  37]+0.001*[#  38]
    |psi|^2 = 0.988
==== e(  35) =    17.93083 eV ==== 
     psi = 0.108*[#  18]+0.108*[#  27]+0.108*[#  40]+0.083*[#  17]+0.083*[#  20]
          +0.083*[#  28]+0.083*[#  30]+0.083*[#  37]+0.083*[#  38]+0.058*[#   7]
          +0.058*[#   8]+0.058*[#  10]
    |psi|^2 = 0.997
==== e(  36) =    17.93083 eV ==== 
     psi = 0.108*[#   7]+0.108*[#   8]+0.108*[#  10]+0.083*[#  17]+0.083*[#  20]
          +0.083*[#  28]+0.083*[#  30]+0.083*[#  37]+0.083*[#  38]+0.058*[#  18]
          +0.058*[#  27]+0.058*[#  40]
    |psi|^2 = 0.997
==== e(  37) =    18.06824 eV ==== 
     psi = 0.083*[#   7]+0.083*[#   8]+0.083*[#  10]+0.083*[#  17]+0.083*[#  18]
          +0.083*[#  20]+0.083*[#  27]+0.083*[#  28]+0.083*[#  30]+0.083*[#  37]
          +0.083*[#  38]+0.083*[#  40]
    |psi|^2 = 1.000
==== e(  38) =    19.80550 eV ==== 
     psi = 0.145*[#  12]+0.145*[#  22]+0.145*[#  32]+0.056*[#  17]+0.056*[#  20]
          +0.056*[#  28]+0.056*[#  30]+0.056*[#  37]+0.056*[#  38]+0.029*[#  39]
          +0.023*[#  16]+0.023*[#  26]+0.013*[#  19]+0.013*[#  29]+0.010*[#   6]
          +0.010*[#   9]+0.007*[#  36]+0.002*[#  11]+0.002*[#  21]+0.002*[#  31]
          
    |psi|^2 = 0.905
==== e(  39) =    19.80550 eV ==== 
     psi = 0.217*[#   2]+0.072*[#  12]+0.072*[#  22]+0.072*[#  32]+0.056*[#   7]
          +0.056*[#   8]+0.056*[#  10]+0.056*[#  18]+0.056*[#  27]+0.056*[#  40]
          +0.025*[#  36]+0.022*[#   6]+0.022*[#   9]+0.019*[#  19]+0.019*[#  29]
          +0.009*[#  16]+0.009*[#  26]+0.003*[#  39]+0.002*[#   1]
    |psi|^2 = 0.905
==== e(  40) =    23.79565 eV ==== 
     psi = 0.008*[#   7]+0.008*[#   8]+0.008*[#  10]+0.008*[#  17]+0.008*[#  18]
          +0.008*[#  20]+0.008*[#  27]+0.008*[#  28]+0.008*[#  30]+0.008*[#  37]
          +0.008*[#  38]+0.008*[#  40]
    |psi|^2 = 0.099
==== e(  41) =    25.33138 eV ==== 
     psi = 0.039*[#   2]+0.039*[#  12]+0.039*[#  22]+0.039*[#  32]+0.003*[#   7]
          +0.003*[#   8]+0.003*[#  10]+0.003*[#  17]+0.003*[#  18]+0.003*[#  20]
          +0.003*[#  27]+0.003*[#  28]+0.003*[#  30]+0.003*[#  37]+0.003*[#  38]
          +0.003*[#  40]+0.002*[#   6]+0.002*[#   9]+0.002*[#  16]+0.002*[#  19]
          +0.002*[#  26]+0.002*[#  29]+0.002*[#  36]+0.002*[#  39]
    |psi|^2 = 0.211
==== e(  42) =    27.98685 eV ==== 
     psi = 0.183*[#   2]+0.183*[#  12]+0.183*[#  22]+0.183*[#  32]+0.005*[#   6]
          +0.005*[#   9]+0.005*[#  16]+0.005*[#  19]+0.005*[#  26]+0.005*[#  29]
          +0.005*[#  36]+0.005*[#  39]+0.004*[#   1]+0.004*[#  11]+0.004*[#  21]
          +0.004*[#  31]
    |psi|^2 = 0.795
==== e(  43) =    30.71712 eV ==== 
     psi = 0.002*[#  18]+0.002*[#  27]+0.002*[#  40]+0.001*[#  17]+0.001*[#  20]
          +0.001*[#  28]+0.001*[#  30]+0.001*[#  37]+0.001*[#  38]
    |psi|^2 = 0.017

 k =   0.0000000000  0.2500000000  0.3750000000
==== e(   1) =   -84.91143 eV ==== 
     psi = 0.246*[#  11]+0.246*[#  21]+0.246*[#  31]+0.245*[#   1]+0.004*[#   2]
          +0.004*[#  12]+0.004*[#  22]+0.004*[#  32]
    |psi|^2 = 1.000
==== e(   2) =   -84.89653 eV ==== 
     psi = 0.250*[#  11]+0.250*[#  21]+0.250*[#  31]+0.250*[#   1]
    |psi|^2 = 1.000
==== e(   3) =   -84.88919 eV ==== 
     psi = 0.248*[#  11]+0.248*[#  21]+0.248*[#  31]+0.247*[#   1]+0.002*[#   2]
          +0.002*[#  12]+0.002*[#  22]+0.002*[#  32]
    |psi|^2 = 1.000
==== e(   4) =   -84.88663 eV ==== 
     psi = 0.247*[#   1]+0.246*[#  11]+0.246*[#  21]+0.246*[#  31]+0.004*[#   2]
          +0.004*[#  12]+0.004*[#  22]+0.004*[#  32]
    |psi|^2 = 1.000
==== e(   5) =   -45.36517 eV ==== 
     psi = 0.083*[#   3]+0.083*[#   4]+0.083*[#   5]+0.083*[#  13]+0.083*[#  14]
          +0.083*[#  25]+0.083*[#  15]+0.083*[#  23]+0.083*[#  33]+0.083*[#  24]
          +0.083*[#  34]+0.083*[#  35]
    |psi|^2 = 1.000
==== e(   6) =   -45.35181 eV ==== 
     psi = 0.083*[#   3]+0.083*[#   4]+0.083*[#   5]+0.083*[#  13]+0.083*[#  14]
          +0.083*[#  15]+0.083*[#  23]+0.083*[#  24]+0.083*[#  25]+0.083*[#  33]
          +0.083*[#  34]+0.083*[#  35]+0.001*[#   2]+0.001*[#  12]+0.001*[#  22]
          +0.001*[#  32]
    |psi|^2 = 1.000
==== e(   7) =   -45.34993 eV ==== 
     psi = 0.083*[#   3]+0.083*[#   4]+0.083*[#   5]+0.083*[#  13]+0.083*[#  14]
          +0.083*[#  15]+0.083*[#  23]+0.083*[#  24]+0.083*[#  25]+0.083*[#  33]
          +0.083*[#  34]+0.083*[#  35]
    |psi|^2 = 1.000
==== e(   8) =   -45.34167 eV ==== 
     psi = 0.083*[#   3]+0.083*[#   4]+0.083*[#   5]+0.083*[#  13]+0.083*[#  14]
          +0.083*[#  15]+0.083*[#  23]+0.083*[#  24]+0.083*[#  25]+0.083*[#  33]
          +0.083*[#  34]+0.083*[#  35]
    |psi|^2 = 1.000
==== e(   9) =   -45.30362 eV ==== 
     psi = 0.083*[#   3]+0.083*[#   4]+0.083*[#   5]+0.083*[#  13]+0.083*[#  14]
          +0.083*[#  15]+0.083*[#  23]+0.083*[#  24]+0.083*[#  25]+0.083*[#  33]
          +0.083*[#  34]+0.083*[#  35]
    |psi|^2 = 1.000
==== e(  10) =   -45.29598 eV ==== 
     psi = 0.083*[#   3]+0.083*[#   4]+0.083*[#   5]+0.083*[#  13]+0.083*[#  14]
          +0.083*[#  15]+0.083*[#  23]+0.083*[#  24]+0.083*[#  25]+0.083*[#  33]
          +0.083*[#  34]+0.083*[#  35]+0.002*[#   2]+0.002*[#  12]+0.002*[#  22]
          +0.002*[#  32]
    |psi|^2 = 1.000
==== e(  11) =   -45.26894 eV ==== 
     psi = 0.083*[#   3]+0.083*[#   4]+0.083*[#   5]+0.083*[#  13]+0.083*[#  14]
          +0.083*[#  15]+0.083*[#  23]+0.083*[#  24]+0.083*[#  25]+0.083*[#  33]
          +0.083*[#  34]+0.083*[#  35]
    |psi|^2 = 1.000
==== e(  12) =   -45.25716 eV ==== 
     psi = 0.083*[#  14]+0.083*[#  25]+0.083*[#  33]+0.083*[#   3]+0.083*[#   4]
          +0.083*[#   5]+0.083*[#  13]+0.083*[#  15]+0.083*[#  23]+0.083*[#  24]
          +0.083*[#  34]+0.083*[#  35]
    |psi|^2 = 1.000
==== e(  13) =   -45.25539 eV ==== 
     psi = 0.083*[#  13]+0.083*[#  15]+0.083*[#  23]+0.083*[#  24]+0.083*[#  34]
          +0.083*[#  35]+0.083*[#   3]+0.083*[#   4]+0.083*[#   5]+0.083*[#  14]
          +0.083*[#  25]+0.083*[#  33]
    |psi|^2 = 1.000
==== e(  14) =   -45.24294 eV ==== 
     psi = 0.083*[#   3]+0.083*[#   4]+0.083*[#   5]+0.083*[#  13]+0.083*[#  14]
          +0.083*[#  15]+0.083*[#  23]+0.083*[#  24]+0.083*[#  25]+0.083*[#  33]
          +0.083*[#  34]+0.083*[#  35]
    |psi|^2 = 1.000
==== e(  15) =   -45.23494 eV ==== 
     psi = 0.083*[#   3]+0.083*[#   4]+0.083*[#   5]+0.083*[#  13]+0.083*[#  14]
          +0.083*[#  15]+0.083*[#  23]+0.083*[#  24]+0.083*[#  25]+0.083*[#  33]
          +0.083*[#  34]+0.083*[#  35]
    |psi|^2 = 1.000
==== e(  16) =   -45.21054 eV ==== 
     psi = 0.083*[#   3]+0.083*[#   4]+0.083*[#   5]+0.083*[#  13]+0.083*[#  14]
          +0.083*[#  15]+0.083*[#  23]+0.083*[#  24]+0.083*[#  25]+0.083*[#  33]
          +0.083*[#  34]+0.083*[#  35]
    |psi|^2 = 1.000
==== e(  17) =    11.25221 eV ==== 
     psi = 0.232*[#   2]+0.232*[#  12]+0.232*[#  22]+0.232*[#  32]+0.004*[#   1]
          +0.004*[#  11]+0.004*[#  21]+0.004*[#  31]+0.002*[#   7]+0.002*[#   8]
          +0.002*[#  10]+0.002*[#  17]+0.002*[#  18]+0.002*[#  20]+0.002*[#  27]
          +0.002*[#  28]+0.002*[#  30]+0.002*[#  37]+0.002*[#  38]+0.002*[#  40]
          +0.002*[#   6]+0.002*[#   9]+0.002*[#  16]+0.002*[#  19]+0.002*[#  26]
          +0.002*[#  29]+0.002*[#  36]+0.002*[#  39]
    |psi|^2 = 0.997
==== e(  18) =    13.38869 eV ==== 
     psi = 0.152*[#   2]+0.152*[#  12]+0.152*[#  22]+0.152*[#  32]+0.038*[#   6]
          +0.038*[#   9]+0.038*[#  16]+0.038*[#  19]+0.038*[#  26]+0.038*[#  29]
          +0.038*[#  36]+0.038*[#  39]+0.006*[#   7]+0.006*[#   8]+0.006*[#  10]
          +0.006*[#  17]+0.006*[#  18]+0.006*[#  20]+0.006*[#  27]+0.006*[#  28]
          +0.006*[#  30]+0.006*[#  37]+0.006*[#  38]+0.006*[#  40]
    |psi|^2 = 0.983
==== e(  19) =    14.39353 eV ==== 
     psi = 0.085*[#   6]+0.085*[#   9]+0.085*[#  16]+0.085*[#  19]+0.085*[#  26]
          +0.085*[#  29]+0.085*[#  36]+0.085*[#  39]+0.048*[#   2]+0.048*[#  12]
          +0.048*[#  22]+0.048*[#  32]+0.007*[#   7]+0.007*[#   8]+0.007*[#  10]
          +0.007*[#  17]+0.007*[#  18]+0.007*[#  20]+0.007*[#  27]+0.007*[#  28]
          +0.007*[#  30]+0.007*[#  37]+0.007*[#  38]+0.007*[#  40]
    |psi|^2 = 0.955
==== e(  20) =    14.70031 eV ==== 
     psi = 0.113*[#   6]+0.113*[#   9]+0.113*[#  16]+0.113*[#  19]+0.113*[#  26]
          +0.113*[#  29]+0.113*[#  36]+0.113*[#  39]+0.004*[#   7]+0.004*[#   8]
          +0.004*[#  10]+0.004*[#  17]+0.004*[#  18]+0.004*[#  20]+0.004*[#  27]
          +0.004*[#  28]+0.004*[#  30]+0.004*[#  37]+0.004*[#  38]+0.004*[#  40]
          +0.001*[#   2]+0.001*[#  12]+0.001*[#  22]+0.001*[#  32]
    |psi|^2 = 0.961
==== e(  21) =    14.86192 eV ==== 
     psi = 0.071*[#   7]+0.071*[#   8]+0.071*[#  10]+0.071*[#  17]+0.071*[#  18]
          +0.071*[#  20]+0.071*[#  27]+0.071*[#  28]+0.071*[#  30]+0.071*[#  37]
          +0.071*[#  38]+0.071*[#  40]+0.015*[#   2]+0.015*[#  12]+0.015*[#  22]
          +0.015*[#  32]+0.005*[#   6]+0.005*[#   9]+0.005*[#  16]+0.005*[#  19]
          +0.005*[#  26]+0.005*[#  29]+0.005*[#  36]+0.005*[#  39]
    |psi|^2 = 0.951
==== e(  22) =    15.05338 eV ==== 
     psi = 0.082*[#   7]+0.082*[#   8]+0.082*[#  10]+0.082*[#  17]+0.082*[#  18]
          +0.082*[#  20]+0.082*[#  27]+0.082*[#  28]+0.082*[#  30]+0.082*[#  37]
          +0.082*[#  38]+0.082*[#  40]
    |psi|^2 = 0.985
==== e(  23) =    15.09696 eV ==== 
     psi = 0.081*[#   7]+0.081*[#   8]+0.081*[#  10]+0.081*[#  17]+0.081*[#  18]
          +0.081*[#  20]+0.081*[#  27]+0.081*[#  28]+0.081*[#  30]+0.081*[#  37]
          +0.081*[#  38]+0.081*[#  40]
    |psi|^2 = 0.972
==== e(  24) =    15.61283 eV ==== 
     psi = 0.082*[#   7]+0.082*[#   8]+0.082*[#  10]+0.082*[#  17]+0.082*[#  18]
          +0.082*[#  20]+0.082*[#  27]+0.082*[#  28]+0.082*[#  30]+0.082*[#  37]
          +0.082*[#  38]+0.082*[#  40]
    |psi|^2 = 0.989
==== e(  25) =    15.65899 eV ==== 
     psi = 0.055*[#   7]+0.055*[#   8]+0.055*[#  10]+0.055*[#  17]+0.055*[#  18]
          +0.055*[#  20]+0.055*[#  27]+0.055*[#  28]+0.055*[#  30]+0.055*[#  37]
          +0.055*[#  38]+0.055*[#  40]+0.029*[#   6]+0.029*[#   9]+0.029*[#  16]
          +0.029*[#  19]+0.029*[#  26]+0.029*[#  29]+0.029*[#  36]+0.029*[#  39]
          +0.022*[#   2]+0.022*[#  12]+0.022*[#  22]+0.022*[#  32]
    |psi|^2 = 0.979
==== e(  26) =    15.94831 eV ==== 
     psi = 0.077*[#   7]+0.077*[#   8]+0.077*[#  10]+0.077*[#  17]+0.077*[#  18]
          +0.077*[#  20]+0.077*[#  27]+0.077*[#  28]+0.077*[#  30]+0.077*[#  37]
          +0.077*[#  38]+0.077*[#  40]
    |psi|^2 = 0.928
==== e(  27) =    16.01688 eV ==== 
     psi = 0.063*[#   6]+0.063*[#   9]+0.063*[#  16]+0.063*[#  19]+0.063*[#  26]
          +0.063*[#  29]+0.063*[#  36]+0.063*[#  39]+0.034*[#   7]+0.034*[#   8]
          +0.034*[#  10]+0.034*[#  17]+0.034*[#  18]+0.034*[#  20]+0.034*[#  27]
          +0.034*[#  28]+0.034*[#  30]+0.034*[#  37]+0.034*[#  38]+0.034*[#  40]
          +0.018*[#   2]+0.018*[#  12]+0.018*[#  22]+0.018*[#  32]
    |psi|^2 = 0.988
==== e(  28) =    16.35016 eV ==== 
     psi = 0.061*[#   6]+0.061*[#   9]+0.061*[#  16]+0.061*[#  19]+0.061*[#  26]
          +0.061*[#  29]+0.061*[#  36]+0.061*[#  39]+0.042*[#   7]+0.042*[#   8]
          +0.042*[#  10]+0.042*[#  17]+0.042*[#  18]+0.042*[#  20]+0.042*[#  27]
          +0.042*[#  28]+0.042*[#  30]+0.042*[#  37]+0.042*[#  38]+0.042*[#  40]
          
    |psi|^2 = 0.994
==== e(  29) =    16.80939 eV ==== 
     psi = 0.083*[#   7]+0.083*[#   8]+0.083*[#  10]+0.083*[#  17]+0.083*[#  18]
          +0.083*[#  20]+0.083*[#  27]+0.083*[#  28]+0.083*[#  30]+0.083*[#  37]
          +0.083*[#  38]+0.083*[#  40]
    |psi|^2 = 0.998
==== e(  30) =    16.90977 eV ==== 
     psi = 0.113*[#   6]+0.113*[#   9]+0.113*[#  16]+0.113*[#  19]+0.113*[#  26]
          +0.113*[#  29]+0.113*[#  36]+0.113*[#  39]+0.007*[#   7]+0.007*[#   8]
          +0.007*[#  10]+0.007*[#  17]+0.007*[#  18]+0.007*[#  20]+0.007*[#  27]
          +0.007*[#  28]+0.007*[#  30]+0.007*[#  37]+0.007*[#  38]+0.007*[#  40]
          +0.003*[#   2]+0.003*[#  12]+0.003*[#  22]+0.003*[#  32]
    |psi|^2 = 0.998
==== e(  31) =    17.18527 eV ==== 
     psi = 0.124*[#   6]+0.124*[#   9]+0.124*[#  16]+0.124*[#  19]+0.124*[#  26]
          +0.124*[#  29]+0.124*[#  36]+0.124*[#  39]
    |psi|^2 = 0.996
==== e(  32) =    17.29123 eV ==== 
     psi = 0.121*[#   6]+0.121*[#   9]+0.121*[#  16]+0.121*[#  19]+0.121*[#  26]
          +0.121*[#  29]+0.121*[#  36]+0.121*[#  39]+0.001*[#   2]+0.001*[#  12]
          +0.001*[#  22]+0.001*[#  32]+0.001*[#   7]+0.001*[#   8]+0.001*[#  10]
          +0.001*[#  17]+0.001*[#  18]+0.001*[#  20]+0.001*[#  27]+0.001*[#  28]
          +0.001*[#  30]+0.001*[#  37]+0.001*[#  38]+0.001*[#  40]
    |psi|^2 = 0.986
==== e(  33) =    17.35371 eV ==== 
     psi = 0.116*[#   6]+0.116*[#   9]+0.116*[#  16]+0.116*[#  19]+0.116*[#  26]
          +0.116*[#  29]+0.116*[#  36]+0.116*[#  39]+0.011*[#   2]+0.011*[#  12]
          +0.011*[#  22]+0.011*[#  32]+0.002*[#   7]+0.002*[#   8]+0.002*[#  10]
          +0.002*[#  17]+0.002*[#  18]+0.002*[#  20]+0.002*[#  27]+0.002*[#  28]
          +0.002*[#  30]+0.002*[#  37]+0.002*[#  38]+0.002*[#  40]
    |psi|^2 = 0.992
==== e(  34) =    17.54112 eV ==== 
     psi = 0.083*[#   7]+0.083*[#   8]+0.083*[#  10]+0.083*[#  17]+0.083*[#  18]
          +0.083*[#  20]+0.083*[#  27]+0.083*[#  28]+0.083*[#  30]+0.083*[#  37]
          +0.083*[#  38]+0.083*[#  40]
    |psi|^2 = 0.996
==== e(  35) =    17.78342 eV ==== 
     psi = 0.074*[#   6]+0.074*[#   9]+0.074*[#  16]+0.074*[#  19]+0.074*[#  26]
          +0.074*[#  29]+0.074*[#  36]+0.074*[#  39]+0.031*[#   7]+0.031*[#   8]
          +0.031*[#  10]+0.031*[#  17]+0.031*[#  18]+0.031*[#  20]+0.031*[#  27]
          +0.031*[#  28]+0.031*[#  30]+0.031*[#  37]+0.031*[#  38]+0.031*[#  40]
          +0.008*[#   2]+0.008*[#  12]+0.008*[#  22]+0.008*[#  32]
    |psi|^2 = 0.998
==== e(  36) =    17.93092 eV ==== 
     psi = 0.083*[#   7]+0.083*[#   8]+0.083*[#  10]+0.083*[#  17]+0.083*[#  18]
          +0.083*[#  20]+0.083*[#  27]+0.083*[#  28]+0.083*[#  30]+0.083*[#  37]
          +0.083*[#  38]+0.083*[#  40]
    |psi|^2 = 0.997
==== e(  37) =    17.97651 eV ==== 
     psi = 0.083*[#   7]+0.083*[#   8]+0.083*[#  10]+0.083*[#  17]+0.083*[#  18]
          +0.083*[#  20]+0.083*[#  27]+0.083*[#  28]+0.083*[#  30]+0.083*[#  37]
          +0.083*[#  38]+0.083*[#  40]
    |psi|^2 = 0.999
==== e(  38) =    18.75112 eV ==== 
     psi = 0.058*[#   2]+0.058*[#  12]+0.058*[#  22]+0.058*[#  32]+0.041*[#   7]
          +0.041*[#   8]+0.041*[#  10]+0.041*[#  17]+0.041*[#  18]+0.041*[#  20]
          +0.041*[#  27]+0.041*[#  28]+0.041*[#  30]+0.041*[#  37]+0.041*[#  38]
          +0.041*[#  40]+0.032*[#   6]+0.032*[#   9]+0.032*[#  16]+0.032*[#  19]
          +0.032*[#  26]+0.032*[#  29]+0.032*[#  36]+0.032*[#  39]
    |psi|^2 = 0.981
==== e(  39) =    20.88313 eV ==== 
     psi = 0.125*[#   2]+0.125*[#  12]+0.125*[#  22]+0.125*[#  32]+0.020*[#   7]
          +0.020*[#   8]+0.020*[#  10]+0.020*[#  17]+0.020*[#  18]+0.020*[#  20]
          +0.020*[#  27]+0.020*[#  28]+0.020*[#  30]+0.020*[#  37]+0.020*[#  38]
          +0.020*[#  40]+0.012*[#   6]+0.012*[#   9]+0.012*[#  16]+0.012*[#  19]
          +0.012*[#  26]+0.012*[#  29]+0.012*[#  36]+0.012*[#  39]+0.002*[#   1]
          +0.002*[#  11]+0.002*[#  21]+0.002*[#  31]
    |psi|^2 = 0.843
==== e(  40) =    23.54743 eV ==== 
     psi = 0.091*[#   2]+0.091*[#  12]+0.091*[#  22]+0.091*[#  32]+0.007*[#   7]
          +0.007*[#   8]+0.007*[#  10]+0.007*[#  17]+0.007*[#  18]+0.007*[#  20]
          +0.007*[#  27]+0.007*[#  28]+0.007*[#  30]+0.007*[#  37]+0.007*[#  38]
          +0.007*[#  40]+0.003*[#   6]+0.003*[#   9]+0.003*[#  16]+0.003*[#  19]
          +0.003*[#  26]+0.003*[#  29]+0.003*[#  36]+0.003*[#  39]+0.002*[#   1]
          +0.002*[#  11]+0.002*[#  21]+0.002*[#  31]
    |psi|^2 = 0.481
==== e(  41) =    25.20799 eV ==== 
     psi = 0.006*[#   7]+0.006*[#   8]+0.006*[#  10]+0.006*[#  17]+0.006*[#  18]
          +0.006*[#  20]+0.006*[#  27]+0.006*[#  28]+0.006*[#  30]+0.006*[#  37]
          +0.006*[#  38]+0.006*[#  40]
    |psi|^2 = 0.073
==== e(  42) =    28.40304 eV ==== 
     psi = 0.126*[#   2]+0.126*[#  12]+0.126*[#  22]+0.126*[#  32]+0.004*[#   6]
          +0.004*[#   9]+0.004*[#  16]+0.004*[#  19]+0.004*[#  26]+0.004*[#  29]
          +0.004*[#  36]+0.004*[#  39]+0.002*[#   1]+0.002*[#  11]+0.002*[#  21]
          +0.002*[#  31]
    |psi|^2 = 0.547
==== e(  43) =    28.72544 eV ==== 
     psi = 0.002*[#   7]+0.002*[#   8]+0.002*[#  10]+0.002*[#  17]+0.002*[#  18]
          +0.002*[#  20]+0.002*[#  27]+0.002*[#  28]+0.002*[#  30]+0.002*[#  37]
          +0.002*[#  38]+0.002*[#  40]
    |psi|^2 = 0.029

 k =   0.0000000000  0.2500000000 -0.5000000000
==== e(   1) =   -84.90397 eV ==== 
     psi = 0.332*[#  11]+0.332*[#  21]+0.332*[#  31]+0.002*[#  12]+0.002*[#  22]
          +0.002*[#  32]
    |psi|^2 = 1.000
==== e(   2) =   -84.90397 eV ==== 
     psi = 0.497*[#   1]+0.166*[#  11]+0.166*[#  21]+0.166*[#  31]+0.002*[#   2]
          
    |psi|^2 = 1.000
==== e(   3) =   -84.88792 eV ==== 
     psi = 0.329*[#  11]+0.329*[#  21]+0.329*[#  31]+0.004*[#  12]+0.004*[#  22]
          +0.004*[#  32]
    |psi|^2 = 1.000
==== e(   4) =   -84.88792 eV ==== 
     psi = 0.494*[#   1]+0.164*[#  11]+0.164*[#  21]+0.164*[#  31]+0.006*[#   2]
          +0.002*[#  12]+0.002*[#  22]+0.002*[#  32]
    |psi|^2 = 1.000
==== e(   5) =   -45.35536 eV ==== 
     psi = 0.166*[#  14]+0.166*[#  25]+0.166*[#  33]+0.060*[#  13]+0.060*[#  15]
          +0.060*[#  23]+0.060*[#  24]+0.060*[#  34]+0.060*[#  35]+0.046*[#   3]
          +0.046*[#   4]+0.046*[#   5]
    |psi|^2 = 1.000
==== e(   6) =   -45.35536 eV ==== 
     psi = 0.120*[#   3]+0.120*[#   4]+0.120*[#   5]+0.106*[#  13]+0.106*[#  15]
          +0.106*[#  23]+0.106*[#  24]+0.106*[#  34]+0.106*[#  35]
    |psi|^2 = 1.000
==== e(   7) =   -45.32696 eV ==== 
     psi = 0.167*[#  14]+0.167*[#  25]+0.167*[#  33]+0.083*[#  13]+0.083*[#  15]
          +0.083*[#  23]+0.083*[#  24]+0.083*[#  34]+0.083*[#  35]
    |psi|^2 = 1.000
==== e(   8) =   -45.32695 eV ==== 
     psi = 0.167*[#   3]+0.167*[#   4]+0.167*[#   5]+0.083*[#  13]+0.083*[#  15]
          +0.083*[#  23]+0.083*[#  24]+0.083*[#  34]+0.083*[#  35]
    |psi|^2 = 1.000
==== e(   9) =   -45.32584 eV ==== 
     psi = 0.165*[#  14]+0.165*[#  25]+0.165*[#  33]+0.120*[#   3]+0.120*[#   4]
          +0.120*[#   5]+0.023*[#  13]+0.023*[#  15]+0.023*[#  23]+0.023*[#  24]
          +0.023*[#  34]+0.023*[#  35]+0.002*[#  12]+0.002*[#  22]+0.002*[#  32]
          
    |psi|^2 = 1.000
==== e(  10) =   -45.32584 eV ==== 
     psi = 0.143*[#  13]+0.143*[#  15]+0.143*[#  23]+0.143*[#  24]+0.143*[#  34]
          +0.143*[#  35]+0.045*[#   3]+0.045*[#   4]+0.045*[#   5]+0.004*[#   2]
          +0.001*[#  12]+0.001*[#  22]+0.001*[#  32]
    |psi|^2 = 1.000
==== e(  11) =   -45.25480 eV ==== 
     psi = 0.167*[#  14]+0.167*[#  25]+0.167*[#  33]+0.120*[#   3]+0.120*[#   4]
          +0.120*[#   5]+0.023*[#  13]+0.023*[#  15]+0.023*[#  23]+0.023*[#  24]
          +0.023*[#  34]+0.023*[#  35]
    |psi|^2 = 1.000
==== e(  12) =   -45.25480 eV ==== 
     psi = 0.144*[#  13]+0.144*[#  15]+0.144*[#  23]+0.144*[#  24]+0.144*[#  34]
          +0.144*[#  35]+0.046*[#   3]+0.046*[#   4]+0.046*[#   5]
    |psi|^2 = 1.000
==== e(  13) =   -45.25196 eV ==== 
     psi = 0.167*[#  14]+0.167*[#  25]+0.167*[#  33]+0.083*[#  13]+0.083*[#  15]
          +0.083*[#  23]+0.083*[#  24]+0.083*[#  34]+0.083*[#  35]
    |psi|^2 = 1.000
==== e(  14) =   -45.25195 eV ==== 
     psi = 0.167*[#   3]+0.167*[#   4]+0.167*[#   5]+0.083*[#  13]+0.083*[#  15]
          +0.083*[#  23]+0.083*[#  24]+0.083*[#  34]+0.083*[#  35]
    |psi|^2 = 1.000
==== e(  15) =   -45.22478 eV ==== 
     psi = 0.167*[#  14]+0.167*[#  25]+0.167*[#  33]+0.061*[#  13]+0.061*[#  15]
          +0.061*[#  23]+0.061*[#  24]+0.061*[#  34]+0.061*[#  35]+0.046*[#   3]
          +0.046*[#   4]+0.046*[#   5]
    |psi|^2 = 1.000
==== e(  16) =   -45.22477 eV ==== 
     psi = 0.121*[#   3]+0.121*[#   4]+0.121*[#   5]+0.106*[#  13]+0.106*[#  15]
          +0.106*[#  23]+0.106*[#  24]+0.106*[#  34]+0.106*[#  35]
    |psi|^2 = 1.000
==== e(  17) =    12.35614 eV ==== 
     psi = 0.282*[#  12]+0.282*[#  22]+0.282*[#  32]+0.019*[#  39]+0.016*[#  16]
          +0.016*[#  26]+0.010*[#  19]+0.010*[#  29]+0.009*[#   7]+0.009*[#   8]
          +0.009*[#  10]+0.007*[#  36]+0.005*[#  17]+0.005*[#  20]+0.005*[#  28]
          +0.005*[#  30]+0.005*[#  37]+0.005*[#  38]+0.002*[#  11]+0.002*[#  21]
          +0.002*[#  31]+0.001*[#  14]+0.001*[#  25]+0.001*[#  33]
    |psi|^2 = 0.992
==== e(  18) =    12.35614 eV ==== 
     psi = 0.423*[#   2]+0.141*[#  12]+0.141*[#  22]+0.141*[#  32]+0.020*[#   6]
          +0.020*[#   9]+0.013*[#  36]+0.010*[#  19]+0.010*[#  29]+0.009*[#  18]
          +0.009*[#  27]+0.009*[#  40]+0.005*[#  17]+0.005*[#  20]+0.005*[#  28]
          +0.005*[#  30]+0.005*[#  37]+0.005*[#  38]+0.004*[#  16]+0.004*[#  26]
          +0.003*[#   1]
    |psi|^2 = 0.992
==== e(  19) =    14.75217 eV ==== 
     psi = 0.172*[#  36]+0.144*[#  19]+0.144*[#  29]+0.086*[#  16]+0.086*[#  26]
          +0.057*[#  39]+0.029*[#  12]+0.029*[#  22]+0.029*[#  32]+0.025*[#   7]
          +0.025*[#   8]+0.025*[#  10]+0.012*[#  17]+0.012*[#  20]+0.012*[#  28]
          +0.012*[#  30]+0.012*[#  37]+0.012*[#  38]
    |psi|^2 = 0.927
==== e(  20) =    14.75219 eV ==== 
     psi = 0.172*[#   6]+0.172*[#   9]+0.115*[#  39]+0.086*[#  16]+0.086*[#  26]
          +0.044*[#   2]+0.029*[#  19]+0.029*[#  29]+0.025*[#  18]+0.025*[#  27]
          +0.025*[#  40]+0.015*[#  12]+0.015*[#  22]+0.015*[#  32]+0.012*[#  17]
          +0.012*[#  20]+0.012*[#  28]+0.012*[#  30]+0.012*[#  37]+0.012*[#  38]
          
    |psi|^2 = 0.927
==== e(  21) =    15.16349 eV ==== 
     psi = 0.112*[#   7]+0.112*[#   8]+0.112*[#  10]+0.059*[#  36]+0.056*[#  17]
          +0.056*[#  20]+0.056*[#  28]+0.056*[#  30]+0.056*[#  37]+0.056*[#  38]
          +0.050*[#  19]+0.050*[#  29]+0.033*[#  16]+0.033*[#  26]+0.024*[#  39]
          +0.021*[#  12]+0.021*[#  22]+0.021*[#  32]
    |psi|^2 = 0.987
==== e(  22) =    15.16349 eV ==== 
     psi = 0.112*[#  18]+0.112*[#  27]+0.112*[#  40]+0.063*[#   6]+0.063*[#   9]
          +0.056*[#  17]+0.056*[#  20]+0.056*[#  28]+0.056*[#  30]+0.056*[#  37]
          +0.056*[#  38]+0.038*[#  39]+0.031*[#   2]+0.030*[#  16]+0.030*[#  26]
          +0.012*[#  19]+0.012*[#  29]+0.010*[#  12]+0.010*[#  22]+0.010*[#  32]
          +0.003*[#  36]
    |psi|^2 = 0.987
==== e(  23) =    15.33513 eV ==== 
     psi = 0.155*[#  17]+0.155*[#  20]+0.155*[#  28]+0.155*[#  30]+0.155*[#  37]
          +0.155*[#  38]+0.019*[#   7]+0.019*[#   8]+0.019*[#  10]
    |psi|^2 = 0.987
==== e(  24) =    15.33514 eV ==== 
     psi = 0.164*[#  18]+0.164*[#  27]+0.164*[#  40]+0.146*[#   7]+0.146*[#   8]
          +0.146*[#  10]+0.009*[#  17]+0.009*[#  20]+0.009*[#  28]+0.009*[#  30]
          +0.009*[#  37]+0.009*[#  38]
    |psi|^2 = 0.987
==== e(  25) =    15.48319 eV ==== 
     psi = 0.140*[#   7]+0.140*[#   8]+0.140*[#  10]+0.089*[#  17]+0.089*[#  20]
          +0.089*[#  28]+0.089*[#  30]+0.089*[#  37]+0.089*[#  38]
    |psi|^2 = 0.953
==== e(  26) =    15.48319 eV ==== 
     psi = 0.159*[#  18]+0.159*[#  27]+0.159*[#  40]+0.070*[#  17]+0.070*[#  20]
          +0.070*[#  28]+0.070*[#  30]+0.070*[#  37]+0.070*[#  38]+0.019*[#   7]
          +0.019*[#   8]+0.019*[#  10]
    |psi|^2 = 0.953
==== e(  27) =    16.13035 eV ==== 
     psi = 0.147*[#  39]+0.127*[#  16]+0.127*[#  26]+0.085*[#  19]+0.085*[#  29]
          +0.064*[#  36]+0.058*[#   7]+0.058*[#   8]+0.058*[#  10]+0.029*[#  17]
          +0.029*[#  20]+0.029*[#  28]+0.029*[#  30]+0.029*[#  37]+0.029*[#  38]
          +0.003*[#  12]+0.003*[#  22]+0.003*[#  32]
    |psi|^2 = 0.993
==== e(  28) =    16.13035 eV ==== 
     psi = 0.159*[#   6]+0.159*[#   9]+0.094*[#  36]+0.074*[#  19]+0.074*[#  29]
          +0.058*[#  18]+0.058*[#  27]+0.058*[#  40]+0.032*[#  16]+0.032*[#  26]
          +0.029*[#  17]+0.029*[#  20]+0.029*[#  28]+0.029*[#  30]+0.029*[#  37]
          +0.029*[#  38]+0.011*[#  39]+0.004*[#   2]+0.001*[#  12]+0.001*[#  22]
          +0.001*[#  32]
    |psi|^2 = 0.993
==== e(  29) =    17.06961 eV ==== 
     psi = 0.169*[#  36]+0.155*[#  19]+0.155*[#  29]+0.127*[#  16]+0.127*[#  26]
          +0.113*[#  39]+0.019*[#   7]+0.019*[#   8]+0.019*[#  10]+0.012*[#  12]
          +0.012*[#  22]+0.012*[#  32]+0.009*[#  17]+0.009*[#  20]+0.009*[#  28]
          +0.009*[#  30]+0.009*[#  37]+0.009*[#  38]
    |psi|^2 = 0.995
==== e(  30) =    17.06962 eV ==== 
     psi = 0.212*[#   6]+0.212*[#   9]+0.098*[#  39]+0.085*[#  16]+0.085*[#  26]
          +0.057*[#  19]+0.057*[#  29]+0.043*[#  36]+0.019*[#  18]+0.019*[#  27]
          +0.019*[#  40]+0.018*[#   2]+0.009*[#  17]+0.009*[#  20]+0.009*[#  28]
          +0.009*[#  30]+0.009*[#  37]+0.009*[#  38]+0.006*[#  12]+0.006*[#  22]
          +0.006*[#  32]
    |psi|^2 = 0.995
==== e(  31) =    17.10370 eV ==== 
     psi = 0.243*[#  39]+0.203*[#  16]+0.203*[#  26]+0.123*[#  19]+0.123*[#  29]
          +0.083*[#  36]+0.002*[#   7]+0.002*[#   8]+0.002*[#  10]+0.001*[#  17]
          +0.001*[#  20]+0.001*[#  28]+0.001*[#  30]+0.001*[#  37]+0.001*[#  38]
          
    |psi|^2 = 0.991
==== e(  32) =    17.10371 eV ==== 
     psi = 0.244*[#   6]+0.244*[#   9]+0.162*[#  36]+0.122*[#  19]+0.122*[#  29]
          +0.041*[#  16]+0.041*[#  26]+0.002*[#  18]+0.002*[#  27]+0.002*[#  40]
          +0.001*[#  39]+0.001*[#  17]+0.001*[#  20]+0.001*[#  28]+0.001*[#  30]
          +0.001*[#  37]+0.001*[#  38]
    |psi|^2 = 0.991
==== e(  33) =    17.14460 eV ==== 
     psi = 0.166*[#  18]+0.166*[#  27]+0.166*[#  40]+0.073*[#  17]+0.073*[#  20]
          +0.073*[#  28]+0.073*[#  30]+0.073*[#  37]+0.073*[#  38]+0.019*[#   7]
          +0.019*[#   8]+0.019*[#  10]
    |psi|^2 = 0.997
==== e(  34) =    17.14460 eV ==== 
     psi = 0.147*[#   7]+0.147*[#   8]+0.147*[#  10]+0.093*[#  17]+0.093*[#  20]
          +0.093*[#  28]+0.093*[#  30]+0.093*[#  37]+0.093*[#  38]
    |psi|^2 = 0.997
==== e(  35) =    17.94040 eV ==== 
     psi = 0.156*[#  17]+0.156*[#  20]+0.156*[#  28]+0.156*[#  30]+0.156*[#  37]
          +0.156*[#  38]+0.021*[#   7]+0.021*[#   8]+0.021*[#  10]
    |psi|^2 = 0.998
==== e(  36) =    17.94041 eV ==== 
     psi = 0.166*[#  18]+0.166*[#  27]+0.166*[#  40]+0.145*[#   7]+0.145*[#   8]
          +0.145*[#  10]+0.010*[#  17]+0.010*[#  20]+0.010*[#  28]+0.010*[#  30]
          +0.010*[#  37]+0.010*[#  38]
    |psi|^2 = 0.998
==== e(  37) =    18.16515 eV ==== 
     psi = 0.092*[#  36]+0.082*[#  19]+0.082*[#  29]+0.079*[#   7]+0.079*[#   8]
          +0.079*[#  10]+0.062*[#  16]+0.062*[#  26]+0.052*[#  39]+0.040*[#  17]
          +0.040*[#  20]+0.040*[#  28]+0.040*[#  30]+0.040*[#  37]+0.040*[#  38]
          +0.029*[#  12]+0.029*[#  22]+0.029*[#  32]
    |psi|^2 = 0.995
==== e(  38) =    18.16516 eV ==== 
     psi = 0.108*[#   6]+0.108*[#   9]+0.079*[#  18]+0.079*[#  27]+0.079*[#  40]
          +0.056*[#  39]+0.046*[#  16]+0.046*[#  26]+0.043*[#   2]+0.040*[#  17]
          +0.040*[#  20]+0.040*[#  28]+0.040*[#  30]+0.040*[#  37]+0.040*[#  38]
          +0.026*[#  19]+0.026*[#  29]+0.016*[#  36]+0.014*[#  12]+0.014*[#  22]
          +0.014*[#  32]
    |psi|^2 = 0.995
==== e(  39) =    22.09406 eV ==== 
     psi = 0.163*[#  12]+0.163*[#  22]+0.163*[#  32]+0.026*[#   7]+0.026*[#   8]
          +0.026*[#  10]+0.014*[#  36]+0.013*[#  17]+0.013*[#  20]+0.013*[#  28]
          +0.013*[#  30]+0.013*[#  37]+0.013*[#  38]+0.012*[#  19]+0.012*[#  29]
          +0.007*[#  16]+0.007*[#  26]+0.005*[#  39]+0.003*[#  11]+0.003*[#  21]
          +0.003*[#  31]
    |psi|^2 = 0.708
==== e(  40) =    22.09406 eV ==== 
     psi = 0.244*[#   2]+0.081*[#  12]+0.081*[#  22]+0.081*[#  32]+0.026*[#  18]
          +0.026*[#  27]+0.026*[#  40]+0.015*[#   6]+0.015*[#   9]+0.013*[#  17]
          +0.013*[#  20]+0.013*[#  28]+0.013*[#  30]+0.013*[#  37]+0.013*[#  38]
          +0.010*[#  39]+0.007*[#  16]+0.007*[#  26]+0.004*[#   1]+0.002*[#  19]
          +0.002*[#  29]+0.001*[#  11]+0.001*[#  21]+0.001*[#  31]
    |psi|^2 = 0.708
==== e(  41) =    26.87218 eV ==== 
     psi = 0.006*[#   7]+0.006*[#   8]+0.006*[#  10]+0.005*[#  17]+0.005*[#  20]
          +0.005*[#  28]+0.005*[#  30]+0.005*[#  37]+0.005*[#  38]
    |psi|^2 = 0.048
==== e(  42) =    26.87218 eV ==== 
     psi = 0.008*[#  18]+0.008*[#  27]+0.008*[#  40]+0.003*[#  17]+0.003*[#  20]
          +0.003*[#  28]+0.003*[#  30]+0.003*[#  37]+0.003*[#  38]+0.002*[#   7]
          +0.002*[#   8]+0.002*[#  10]
    |psi|^2 = 0.048
==== e(  43) =    29.10527 eV ==== 
     psi = 0.084*[#  12]+0.084*[#  22]+0.084*[#  32]+0.023*[#   2]+0.003*[#  36]
          +0.003*[#  19]+0.003*[#  29]+0.002*[#  16]+0.002*[#  26]+0.002*[#  39]
          +0.001*[#   7]+0.001*[#   8]+0.001*[#  10]+0.001*[#  11]+0.001*[#  21]
          +0.001*[#  31]
    |psi|^2 = 0.305

 k =   0.0000000000  0.3750000000  0.3750000000
==== e(   1) =   -84.90630 eV ==== 
     psi = 0.248*[#  11]+0.248*[#  21]+0.248*[#  31]+0.248*[#   1]+0.002*[#   2]
          +0.002*[#  12]+0.002*[#  22]+0.002*[#  32]
    |psi|^2 = 1.000
==== e(   2) =   -84.89428 eV ==== 
     psi = 0.332*[#  11]+0.332*[#  21]+0.332*[#  31]
    |psi|^2 = 1.000
==== e(   3) =   -84.89427 eV ==== 
     psi = 0.498*[#   1]+0.166*[#  11]+0.166*[#  21]+0.166*[#  31]
    |psi|^2 = 1.000
==== e(   4) =   -84.88887 eV ==== 
     psi = 0.248*[#   1]+0.247*[#  11]+0.247*[#  21]+0.247*[#  31]+0.003*[#   2]
          +0.003*[#  12]+0.003*[#  22]+0.003*[#  32]
    |psi|^2 = 1.000
==== e(   5) =   -45.35770 eV ==== 
     psi = 0.159*[#  14]+0.159*[#  25]+0.159*[#  33]+0.083*[#  13]+0.083*[#  15]
          +0.083*[#  23]+0.083*[#  24]+0.083*[#  34]+0.083*[#  35]+0.007*[#   3]
          +0.007*[#   4]+0.007*[#   5]+0.002*[#   2]
    |psi|^2 = 1.000
==== e(   6) =   -45.35769 eV ==== 
     psi = 0.159*[#   3]+0.159*[#   4]+0.159*[#   5]+0.083*[#  13]+0.083*[#  15]
          +0.083*[#  23]+0.083*[#  24]+0.083*[#  34]+0.083*[#  35]+0.007*[#  14]
          +0.007*[#  25]+0.007*[#  33]+0.002*[#  12]+0.002*[#  22]+0.002*[#  32]
          
    |psi|^2 = 1.000
==== e(   7) =   -45.35254 eV ==== 
     psi = 0.083*[#   3]+0.083*[#   4]+0.083*[#   5]+0.083*[#  13]+0.083*[#  15]
          +0.083*[#  23]+0.083*[#  24]+0.083*[#  34]+0.083*[#  35]+0.083*[#  14]
          +0.083*[#  25]+0.083*[#  33]
    |psi|^2 = 1.000
==== e(   8) =   -45.33155 eV ==== 
     psi = 0.083*[#   3]+0.083*[#   4]+0.083*[#   5]+0.083*[#  13]+0.083*[#  14]
          +0.083*[#  15]+0.083*[#  23]+0.083*[#  24]+0.083*[#  25]+0.083*[#  33]
          +0.083*[#  34]+0.083*[#  35]
    |psi|^2 = 1.000
==== e(   9) =   -45.32096 eV ==== 
     psi = 0.083*[#   3]+0.083*[#   4]+0.083*[#   5]+0.083*[#  13]+0.083*[#  14]
          +0.083*[#  15]+0.083*[#  23]+0.083*[#  24]+0.083*[#  25]+0.083*[#  33]
          +0.083*[#  34]+0.083*[#  35]+0.002*[#   2]+0.002*[#  12]+0.002*[#  22]
          +0.002*[#  32]
    |psi|^2 = 1.000
==== e(  10) =   -45.28770 eV ==== 
     psi = 0.167*[#   3]+0.167*[#   4]+0.167*[#   5]+0.167*[#  14]+0.167*[#  25]
          +0.167*[#  33]
    |psi|^2 = 1.000
==== e(  11) =   -45.28770 eV ==== 
     psi = 0.167*[#  13]+0.167*[#  15]+0.167*[#  23]+0.167*[#  24]+0.167*[#  34]
          +0.167*[#  35]
    |psi|^2 = 1.000
==== e(  12) =   -45.25039 eV ==== 
     psi = 0.083*[#   3]+0.083*[#   4]+0.083*[#   5]+0.083*[#  13]+0.083*[#  14]
          +0.083*[#  15]+0.083*[#  23]+0.083*[#  24]+0.083*[#  25]+0.083*[#  33]
          +0.083*[#  34]+0.083*[#  35]
    |psi|^2 = 1.000
==== e(  13) =   -45.24370 eV ==== 
     psi = 0.083*[#  14]+0.083*[#  25]+0.083*[#  33]+0.083*[#   3]+0.083*[#   4]
          +0.083*[#   5]+0.083*[#  13]+0.083*[#  15]+0.083*[#  23]+0.083*[#  24]
          +0.083*[#  34]+0.083*[#  35]
    |psi|^2 = 1.000
==== e(  14) =   -45.23859 eV ==== 
     psi = 0.159*[#  14]+0.159*[#  25]+0.159*[#  33]+0.083*[#  13]+0.083*[#  15]
          +0.083*[#  23]+0.083*[#  24]+0.083*[#  34]+0.083*[#  35]+0.007*[#   3]
          +0.007*[#   4]+0.007*[#   5]
    |psi|^2 = 1.000
==== e(  15) =   -45.23858 eV ==== 
     psi = 0.159*[#   3]+0.159*[#   4]+0.159*[#   5]+0.083*[#  13]+0.083*[#  15]
          +0.083*[#  23]+0.083*[#  24]+0.083*[#  34]+0.083*[#  35]+0.007*[#  14]
          +0.007*[#  25]+0.007*[#  33]
    |psi|^2 = 1.000
==== e(  16) =   -45.21256 eV ==== 
     psi = 0.083*[#   3]+0.083*[#   4]+0.083*[#   5]+0.083*[#  13]+0.083*[#  14]
          +0.083*[#  15]+0.083*[#  23]+0.083*[#  24]+0.083*[#  25]+0.083*[#  33]
          +0.083*[#  34]+0.083*[#  35]
    |psi|^2 = 1.000
==== e(  17) =    12.07241 eV ==== 
     psi = 0.221*[#   2]+0.221*[#  12]+0.221*[#  22]+0.221*[#  32]+0.006*[#   7]
          +0.006*[#   8]+0.006*[#  10]+0.006*[#  17]+0.006*[#  18]+0.006*[#  20]
          +0.006*[#  27]+0.006*[#  28]+0.006*[#  30]+0.006*[#  37]+0.006*[#  38]
          +0.006*[#  40]+0.003*[#   6]+0.003*[#   9]+0.003*[#  16]+0.003*[#  19]
          +0.003*[#  26]+0.003*[#  29]+0.003*[#  36]+0.003*[#  39]+0.002*[#   1]
          +0.002*[#  11]+0.002*[#  21]+0.002*[#  31]
    |psi|^2 = 0.993
==== e(  18) =    13.95017 eV ==== 
     psi = 0.258*[#   2]+0.086*[#  12]+0.086*[#  22]+0.086*[#  32]+0.052*[#  36]
          +0.041*[#  19]+0.041*[#  29]+0.033*[#   7]+0.033*[#   8]+0.033*[#  10]
          +0.033*[#  18]+0.033*[#  27]+0.033*[#  40]+0.032*[#   6]+0.032*[#   9]
          +0.021*[#  16]+0.021*[#  26]+0.010*[#  39]
    |psi|^2 = 0.966
==== e(  19) =    13.95018 eV ==== 
     psi = 0.172*[#  12]+0.172*[#  22]+0.172*[#  32]+0.053*[#  39]+0.042*[#  16]
          +0.042*[#  26]+0.033*[#  17]+0.033*[#  20]+0.033*[#  28]+0.033*[#  30]
          +0.033*[#  37]+0.033*[#  38]+0.030*[#   6]+0.030*[#   9]+0.021*[#  19]
          +0.021*[#  29]+0.011*[#  36]
    |psi|^2 = 0.966
==== e(  20) =    14.73746 eV ==== 
     psi = 0.060*[#   7]+0.060*[#   8]+0.060*[#  10]+0.060*[#  17]+0.060*[#  18]
          +0.060*[#  20]+0.060*[#  27]+0.060*[#  28]+0.060*[#  30]+0.060*[#  37]
          +0.060*[#  38]+0.060*[#  40]+0.042*[#   2]+0.042*[#  12]+0.042*[#  22]
          +0.042*[#  32]+0.006*[#   6]+0.006*[#   9]+0.006*[#  16]+0.006*[#  19]
          +0.006*[#  26]+0.006*[#  29]+0.006*[#  36]+0.006*[#  39]
    |psi|^2 = 0.945
==== e(  21) =    15.03965 eV ==== 
     psi = 0.108*[#   6]+0.108*[#   9]+0.108*[#  16]+0.108*[#  19]+0.108*[#  26]
          +0.108*[#  29]+0.108*[#  36]+0.108*[#  39]+0.008*[#   7]+0.008*[#   8]
          +0.008*[#  10]+0.008*[#  17]+0.008*[#  18]+0.008*[#  20]+0.008*[#  27]
          +0.008*[#  28]+0.008*[#  30]+0.008*[#  37]+0.008*[#  38]+0.008*[#  40]
          
    |psi|^2 = 0.960
==== e(  22) =    15.25071 eV ==== 
     psi = 0.137*[#  18]+0.137*[#  27]+0.137*[#  40]+0.081*[#  17]+0.081*[#  20]
          +0.081*[#  28]+0.081*[#  30]+0.081*[#  37]+0.081*[#  38]+0.026*[#   7]
          +0.026*[#   8]+0.026*[#  10]
    |psi|^2 = 0.975
==== e(  23) =    15.25071 eV ==== 
     psi = 0.137*[#   7]+0.137*[#   8]+0.137*[#  10]+0.081*[#  17]+0.081*[#  20]
          +0.081*[#  28]+0.081*[#  30]+0.081*[#  37]+0.081*[#  38]+0.026*[#  18]
          +0.026*[#  27]+0.026*[#  40]
    |psi|^2 = 0.975
==== e(  24) =    15.54835 eV ==== 
     psi = 0.082*[#   7]+0.082*[#   8]+0.082*[#  10]+0.082*[#  17]+0.082*[#  18]
          +0.082*[#  20]+0.082*[#  27]+0.082*[#  28]+0.082*[#  30]+0.082*[#  37]
          +0.082*[#  38]+0.082*[#  40]
    |psi|^2 = 0.984
==== e(  25) =    15.64983 eV ==== 
     psi = 0.131*[#  39]+0.108*[#  16]+0.108*[#  26]+0.066*[#  17]+0.066*[#  20]
          +0.066*[#  28]+0.066*[#  30]+0.066*[#  37]+0.066*[#  38]+0.060*[#  19]
          +0.060*[#  29]+0.036*[#  36]+0.035*[#   6]+0.035*[#   9]+0.006*[#  12]
          +0.006*[#  22]+0.006*[#  32]
    |psi|^2 = 0.989
==== e(  26) =    15.64984 eV ==== 
     psi = 0.108*[#   6]+0.108*[#   9]+0.107*[#  36]+0.083*[#  19]+0.083*[#  29]
          +0.066*[#   7]+0.066*[#   8]+0.066*[#  10]+0.066*[#  18]+0.066*[#  27]
          +0.066*[#  40]+0.036*[#  16]+0.036*[#  26]+0.012*[#  39]+0.009*[#   2]
          +0.003*[#  12]+0.003*[#  22]+0.003*[#  32]
    |psi|^2 = 0.989
==== e(  27) =    15.74887 eV ==== 
     psi = 0.078*[#   7]+0.078*[#   8]+0.078*[#  10]+0.078*[#  17]+0.078*[#  18]
          +0.078*[#  20]+0.078*[#  27]+0.078*[#  28]+0.078*[#  30]+0.078*[#  37]
          +0.078*[#  38]+0.078*[#  40]
    |psi|^2 = 0.943
==== e(  28) =    16.19729 eV ==== 
     psi = 0.066*[#   6]+0.066*[#   9]+0.066*[#  16]+0.066*[#  19]+0.066*[#  26]
          +0.066*[#  29]+0.066*[#  36]+0.066*[#  39]+0.038*[#   7]+0.038*[#   8]
          +0.038*[#  10]+0.038*[#  17]+0.038*[#  18]+0.038*[#  20]+0.038*[#  27]
          +0.038*[#  28]+0.038*[#  30]+0.038*[#  37]+0.038*[#  38]+0.038*[#  40]
          +0.002*[#   2]+0.002*[#  12]+0.002*[#  22]+0.002*[#  32]
    |psi|^2 = 0.991
==== e(  29) =    16.79342 eV ==== 
     psi = 0.125*[#   6]+0.125*[#   9]+0.125*[#  16]+0.125*[#  19]+0.125*[#  26]
          +0.125*[#  29]+0.125*[#  36]+0.125*[#  39]
    |psi|^2 = 0.998
==== e(  30) =    16.94701 eV ==== 
     psi = 0.083*[#   7]+0.083*[#   8]+0.083*[#  10]+0.083*[#  17]+0.083*[#  18]
          +0.083*[#  20]+0.083*[#  27]+0.083*[#  28]+0.083*[#  30]+0.083*[#  37]
          +0.083*[#  38]+0.083*[#  40]
    |psi|^2 = 0.998
==== e(  31) =    17.01169 eV ==== 
     psi = 0.125*[#   6]+0.125*[#   9]+0.125*[#  16]+0.125*[#  19]+0.125*[#  26]
          +0.125*[#  29]+0.124*[#  36]+0.125*[#  39]
    |psi|^2 = 0.996
==== e(  32) =    17.09825 eV ==== 
     psi = 0.221*[#  36]+0.181*[#  19]+0.181*[#  29]+0.100*[#  16]+0.100*[#  26]
          +0.062*[#   6]+0.062*[#   9]+0.060*[#  39]+0.011*[#   2]+0.004*[#  12]
          +0.004*[#  22]+0.004*[#  32]
    |psi|^2 = 0.990
==== e(  33) =    17.09826 eV ==== 
     psi = 0.182*[#  39]+0.180*[#   6]+0.180*[#   9]+0.142*[#  16]+0.142*[#  26]
          +0.061*[#  19]+0.061*[#  29]+0.021*[#  36]+0.007*[#  12]+0.007*[#  22]
          +0.007*[#  32]
    |psi|^2 = 0.990
==== e(  34) =    17.55891 eV ==== 
     psi = 0.141*[#  18]+0.141*[#  27]+0.141*[#  40]+0.083*[#  17]+0.083*[#  20]
          +0.083*[#  28]+0.083*[#  30]+0.083*[#  37]+0.083*[#  38]+0.026*[#   7]
          +0.026*[#   8]+0.026*[#  10]
    |psi|^2 = 0.997
==== e(  35) =    17.55892 eV ==== 
     psi = 0.141*[#   7]+0.141*[#   8]+0.141*[#  10]+0.083*[#  17]+0.083*[#  20]
          +0.083*[#  28]+0.083*[#  30]+0.083*[#  37]+0.083*[#  38]+0.026*[#  18]
          +0.026*[#  27]+0.026*[#  40]
    |psi|^2 = 0.997
==== e(  36) =    17.75243 eV ==== 
     psi = 0.083*[#   7]+0.083*[#   8]+0.083*[#  10]+0.083*[#  17]+0.083*[#  18]
          +0.083*[#  20]+0.083*[#  27]+0.083*[#  28]+0.083*[#  30]+0.083*[#  37]
          +0.083*[#  38]+0.083*[#  40]
    |psi|^2 = 0.999
==== e(  37) =    18.19114 eV ==== 
     psi = 0.056*[#   6]+0.056*[#   9]+0.056*[#  16]+0.056*[#  19]+0.056*[#  26]
          +0.056*[#  29]+0.056*[#  36]+0.056*[#  39]+0.039*[#   7]+0.039*[#   8]
          +0.039*[#  10]+0.039*[#  17]+0.039*[#  18]+0.039*[#  20]+0.039*[#  27]
          +0.039*[#  28]+0.039*[#  30]+0.039*[#  37]+0.039*[#  38]+0.039*[#  40]
          +0.021*[#   2]+0.021*[#  12]+0.021*[#  22]+0.021*[#  32]
    |psi|^2 = 0.996
==== e(  38) =    19.54605 eV ==== 
     psi = 0.121*[#  12]+0.121*[#  22]+0.121*[#  32]+0.066*[#  17]+0.066*[#  20]
          +0.066*[#  28]+0.066*[#  30]+0.066*[#  37]+0.066*[#  38]+0.048*[#  39]
          +0.040*[#  16]+0.040*[#  26]+0.023*[#  19]+0.023*[#  29]+0.015*[#  36]
          +0.003*[#   6]+0.003*[#   9]
    |psi|^2 = 0.957
==== e(  39) =    19.54606 eV ==== 
     psi = 0.181*[#   2]+0.066*[#   7]+0.066*[#   8]+0.066*[#  10]+0.066*[#  18]
          +0.066*[#  27]+0.066*[#  40]+0.060*[#  12]+0.060*[#  22]+0.060*[#  32]
          +0.046*[#   6]+0.046*[#   9]+0.034*[#  36]+0.026*[#  19]+0.026*[#  29]
          +0.009*[#  16]+0.009*[#  26]+0.001*[#   1]+0.001*[#  39]
    |psi|^2 = 0.957
==== e(  40) =    21.80693 eV ==== 
     psi = 0.123*[#   2]+0.123*[#  12]+0.123*[#  22]+0.123*[#  32]+0.014*[#   7]
          +0.014*[#   8]+0.014*[#  10]+0.014*[#  17]+0.014*[#  18]+0.014*[#  20]
          +0.014*[#  27]+0.014*[#  28]+0.014*[#  30]+0.014*[#  37]+0.014*[#  38]
          +0.014*[#  40]+0.008*[#   6]+0.008*[#   9]+0.008*[#  16]+0.008*[#  19]
          +0.008*[#  26]+0.008*[#  29]+0.008*[#  36]+0.008*[#  39]+0.002*[#   1]
          +0.002*[#  11]+0.002*[#  21]+0.002*[#  31]
    |psi|^2 = 0.735
==== e(  41) =    26.49779 eV ==== 
     psi = 0.005*[#   7]+0.005*[#   8]+0.005*[#  10]+0.005*[#  17]+0.005*[#  18]
          +0.005*[#  20]+0.005*[#  27]+0.005*[#  28]+0.005*[#  30]+0.005*[#  37]
          +0.005*[#  38]+0.005*[#  40]
    |psi|^2 = 0.057
==== e(  42) =    28.96549 eV ==== 
     psi = 0.075*[#   2]+0.075*[#  12]+0.075*[#  22]+0.075*[#  32]+0.002*[#   6]
          +0.002*[#   9]+0.002*[#  16]+0.002*[#  19]+0.002*[#  26]+0.002*[#  29]
          +0.002*[#  36]+0.002*[#  39]
    |psi|^2 = 0.331
==== e(  43) =    29.86782 eV ==== 
     psi = 0.003*[#   7]+0.003*[#   8]+0.003*[#  10]+0.002*[#  17]+0.002*[#  20]
          +0.002*[#  28]+0.002*[#  30]+0.002*[#  37]+0.002*[#  38]+0.001*[#  18]
          +0.001*[#  27]+0.001*[#  40]
    |psi|^2 = 0.026

 k =   0.0000000000  0.3750000000 -0.5000000000
==== e(   1) =   -84.90030 eV ==== 
     psi = 0.333*[#  11]+0.333*[#  21]+0.333*[#  31]
    |psi|^2 = 1.000
==== e(   2) =   -84.90029 eV ==== 
     psi = 0.499*[#   1]+0.167*[#  11]+0.167*[#  21]+0.167*[#  31]
    |psi|^2 = 1.000
==== e(   3) =   -84.89157 eV ==== 
     psi = 0.331*[#  11]+0.331*[#  21]+0.331*[#  31]+0.002*[#  12]+0.002*[#  22]
          +0.002*[#  32]
    |psi|^2 = 1.000
==== e(   4) =   -84.89157 eV ==== 
     psi = 0.497*[#   1]+0.165*[#  11]+0.165*[#  21]+0.165*[#  31]+0.002*[#   2]
          
    |psi|^2 = 1.000
==== e(   5) =   -45.35867 eV ==== 
     psi = 0.166*[#  14]+0.166*[#  25]+0.166*[#  33]+0.066*[#   3]+0.066*[#   4]
          +0.066*[#   5]+0.050*[#  13]+0.050*[#  15]+0.050*[#  23]+0.050*[#  24]
          +0.050*[#  34]+0.050*[#  35]
    |psi|^2 = 1.000
==== e(   6) =   -45.35866 eV ==== 
     psi = 0.116*[#  13]+0.116*[#  15]+0.116*[#  23]+0.116*[#  24]+0.116*[#  34]
          +0.116*[#  35]+0.099*[#   3]+0.099*[#   4]+0.099*[#   5]+0.001*[#   2]
          
    |psi|^2 = 1.000
==== e(   7) =   -45.34282 eV ==== 
     psi = 0.165*[#  14]+0.165*[#  25]+0.165*[#  33]+0.099*[#   3]+0.099*[#   4]
          +0.099*[#   5]+0.033*[#  13]+0.033*[#  15]+0.033*[#  23]+0.033*[#  24]
          +0.033*[#  34]+0.033*[#  35]+0.002*[#  12]+0.002*[#  22]+0.002*[#  32]
          
    |psi|^2 = 1.000
==== e(   8) =   -45.34281 eV ==== 
     psi = 0.132*[#  13]+0.132*[#  15]+0.132*[#  23]+0.132*[#  24]+0.132*[#  34]
          +0.132*[#  35]+0.066*[#   3]+0.066*[#   4]+0.066*[#   5]+0.003*[#   2]
          +0.001*[#  12]+0.001*[#  22]+0.001*[#  32]
    |psi|^2 = 1.000
==== e(   9) =   -45.30958 eV ==== 
     psi = 0.167*[#  14]+0.167*[#  25]+0.167*[#  33]+0.083*[#  13]+0.083*[#  15]
          +0.083*[#  23]+0.083*[#  24]+0.083*[#  34]+0.083*[#  35]
    |psi|^2 = 1.000
==== e(  10) =   -45.30957 eV ==== 
     psi = 0.166*[#   3]+0.166*[#   4]+0.166*[#   5]+0.083*[#  13]+0.083*[#  15]
          +0.083*[#  23]+0.083*[#  24]+0.083*[#  34]+0.083*[#  35]
    |psi|^2 = 1.000
==== e(  11) =   -45.26918 eV ==== 
     psi = 0.167*[#  14]+0.167*[#  25]+0.167*[#  33]+0.083*[#  13]+0.083*[#  15]
          +0.083*[#  23]+0.083*[#  24]+0.083*[#  34]+0.083*[#  35]
    |psi|^2 = 1.000
==== e(  12) =   -45.26917 eV ==== 
     psi = 0.167*[#   3]+0.167*[#   4]+0.167*[#   5]+0.083*[#  13]+0.083*[#  15]
          +0.083*[#  23]+0.083*[#  24]+0.083*[#  34]+0.083*[#  35]
    |psi|^2 = 1.000
==== e(  13) =   -45.23801 eV ==== 
     psi = 0.167*[#  14]+0.167*[#  25]+0.167*[#  33]+0.100*[#   3]+0.100*[#   4]
          +0.100*[#   5]+0.033*[#  13]+0.033*[#  15]+0.033*[#  23]+0.033*[#  24]
          +0.033*[#  34]+0.033*[#  35]
    |psi|^2 = 1.000
==== e(  14) =   -45.23801 eV ==== 
     psi = 0.133*[#  13]+0.133*[#  15]+0.133*[#  23]+0.133*[#  24]+0.133*[#  34]
          +0.133*[#  35]+0.067*[#   3]+0.067*[#   4]+0.067*[#   5]
    |psi|^2 = 1.000
==== e(  15) =   -45.22247 eV ==== 
     psi = 0.166*[#  14]+0.166*[#  25]+0.166*[#  33]+0.067*[#   3]+0.067*[#   4]
          +0.067*[#   5]+0.050*[#  13]+0.050*[#  15]+0.050*[#  23]+0.050*[#  24]
          +0.050*[#  34]+0.050*[#  35]
    |psi|^2 = 1.000
==== e(  16) =   -45.22246 eV ==== 
     psi = 0.117*[#  13]+0.117*[#  15]+0.117*[#  23]+0.117*[#  24]+0.117*[#  34]
          +0.117*[#  35]+0.100*[#   3]+0.100*[#   4]+0.100*[#   5]
    |psi|^2 = 1.000
==== e(  17) =    13.05395 eV ==== 
     psi = 0.254*[#  12]+0.254*[#  22]+0.254*[#  32]+0.025*[#   7]+0.025*[#   8]
          +0.025*[#  10]+0.014*[#  39]+0.012*[#  16]+0.012*[#  17]+0.012*[#  20]
          +0.012*[#  26]+0.012*[#  28]+0.012*[#  30]+0.012*[#  37]+0.012*[#  38]
          +0.009*[#  19]+0.009*[#  29]+0.008*[#  36]
    |psi|^2 = 0.984
==== e(  18) =    13.05396 eV ==== 
     psi = 0.382*[#   2]+0.127*[#  12]+0.127*[#  22]+0.127*[#  32]+0.025*[#  18]
          +0.025*[#  27]+0.025*[#  40]+0.016*[#   6]+0.016*[#   9]+0.012*[#  17]
          +0.012*[#  20]+0.012*[#  28]+0.012*[#  30]+0.012*[#  37]+0.012*[#  38]
          +0.008*[#  36]+0.007*[#  19]+0.007*[#  29]+0.004*[#  16]+0.004*[#  26]
          +0.002*[#  39]
    |psi|^2 = 0.984
==== e(  19) =    14.45612 eV ==== 
     psi = 0.117*[#  12]+0.117*[#  22]+0.117*[#  32]+0.074*[#   7]+0.074*[#   8]
          +0.074*[#  10]+0.037*[#  36]+0.037*[#  17]+0.037*[#  20]+0.037*[#  28]
          +0.037*[#  30]+0.037*[#  37]+0.037*[#  38]+0.031*[#  19]+0.031*[#  29]
          +0.019*[#  16]+0.019*[#  26]+0.013*[#  39]
    |psi|^2 = 0.947
==== e(  20) =    14.45612 eV ==== 
     psi = 0.176*[#   2]+0.074*[#  18]+0.074*[#  27]+0.074*[#  40]+0.059*[#  12]
          +0.059*[#  22]+0.059*[#  32]+0.037*[#   6]+0.037*[#   9]+0.037*[#  17]
          +0.037*[#  20]+0.037*[#  28]+0.037*[#  30]+0.037*[#  37]+0.037*[#  38]
          +0.025*[#  39]+0.019*[#  16]+0.019*[#  26]+0.006*[#  19]+0.006*[#  29]
          
    |psi|^2 = 0.947
==== e(  21) =    15.35453 eV ==== 
     psi = 0.172*[#  36]+0.146*[#  19]+0.146*[#  29]+0.094*[#  16]+0.094*[#  26]
          +0.068*[#  39]+0.043*[#   7]+0.043*[#   8]+0.043*[#  10]+0.022*[#  17]
          +0.022*[#  20]+0.022*[#  28]+0.022*[#  30]+0.022*[#  37]+0.022*[#  38]
          
    |psi|^2 = 0.979
==== e(  22) =    15.35454 eV ==== 
     psi = 0.180*[#   6]+0.180*[#   9]+0.112*[#  39]+0.086*[#  16]+0.086*[#  26]
          +0.043*[#  18]+0.043*[#  27]+0.043*[#  40]+0.034*[#  19]+0.034*[#  29]
          +0.022*[#  17]+0.022*[#  20]+0.022*[#  28]+0.022*[#  30]+0.022*[#  37]
          +0.022*[#  38]+0.008*[#  36]
    |psi|^2 = 0.979
==== e(  23) =    15.41622 eV ==== 
     psi = 0.141*[#  17]+0.141*[#  20]+0.141*[#  28]+0.141*[#  30]+0.141*[#  37]
          +0.141*[#  38]+0.045*[#   7]+0.045*[#   8]+0.045*[#  10]
    |psi|^2 = 0.979
==== e(  24) =    15.41623 eV ==== 
     psi = 0.163*[#  18]+0.163*[#  27]+0.163*[#  40]+0.118*[#   7]+0.118*[#   8]
          +0.118*[#  10]+0.023*[#  17]+0.023*[#  20]+0.023*[#  28]+0.023*[#  30]
          +0.023*[#  37]+0.023*[#  38]
    |psi|^2 = 0.979
==== e(  25) =    15.49767 eV ==== 
     psi = 0.115*[#   7]+0.115*[#   8]+0.115*[#  10]+0.102*[#  17]+0.102*[#  20]
          +0.102*[#  28]+0.102*[#  30]+0.102*[#  37]+0.102*[#  38]
    |psi|^2 = 0.960
==== e(  26) =    15.49767 eV ==== 
     psi = 0.160*[#  18]+0.160*[#  27]+0.160*[#  40]+0.058*[#  17]+0.058*[#  20]
          +0.058*[#  28]+0.058*[#  30]+0.058*[#  37]+0.058*[#  38]+0.045*[#   7]
          +0.045*[#   8]+0.045*[#  10]
    |psi|^2 = 0.960
==== e(  27) =    15.92928 eV ==== 
     psi = 0.121*[#  39]+0.113*[#  16]+0.113*[#  26]+0.098*[#  19]+0.098*[#  29]
          +0.091*[#  36]+0.059*[#   7]+0.059*[#   8]+0.059*[#  10]+0.029*[#  17]
          +0.029*[#  20]+0.029*[#  28]+0.029*[#  30]+0.029*[#  37]+0.029*[#  38]
          
    |psi|^2 = 0.989
==== e(  28) =    15.92928 eV ==== 
     psi = 0.159*[#   6]+0.159*[#   9]+0.068*[#  36]+0.060*[#  19]+0.060*[#  29]
          +0.059*[#  18]+0.059*[#  27]+0.059*[#  40]+0.046*[#  16]+0.046*[#  26]
          +0.038*[#  39]+0.029*[#  17]+0.029*[#  20]+0.029*[#  28]+0.029*[#  30]
          +0.029*[#  37]+0.029*[#  38]
    |psi|^2 = 0.989
==== e(  29) =    16.86337 eV ==== 
     psi = 0.168*[#  36]+0.165*[#  19]+0.165*[#  29]+0.158*[#  16]+0.158*[#  26]
          +0.154*[#  39]+0.004*[#  12]+0.004*[#  22]+0.004*[#  32]+0.002*[#   7]
          +0.002*[#   8]+0.002*[#  10]+0.001*[#  17]+0.001*[#  20]+0.001*[#  28]
          +0.001*[#  30]+0.001*[#  37]+0.001*[#  38]
    |psi|^2 = 0.996
==== e(  30) =    16.86338 eV ==== 
     psi = 0.242*[#   6]+0.242*[#   9]+0.088*[#  39]+0.084*[#  16]+0.084*[#  26]
          +0.077*[#  19]+0.077*[#  29]+0.074*[#  36]+0.007*[#   2]+0.002*[#  18]
          +0.002*[#  27]+0.002*[#  40]+0.002*[#  12]+0.002*[#  22]+0.002*[#  32]
          +0.001*[#  17]+0.001*[#  20]+0.001*[#  28]+0.001*[#  30]+0.001*[#  37]
          +0.001*[#  38]
    |psi|^2 = 0.996
==== e(  31) =    16.93696 eV ==== 
     psi = 0.238*[#  39]+0.201*[#  16]+0.201*[#  26]+0.129*[#  19]+0.129*[#  29]
          +0.092*[#  36]
    |psi|^2 = 0.994
==== e(  32) =    16.93696 eV ==== 
     psi = 0.247*[#   6]+0.247*[#   9]+0.155*[#  36]+0.119*[#  19]+0.119*[#  29]
          +0.046*[#  16]+0.046*[#  26]+0.010*[#  39]+0.001*[#   2]
    |psi|^2 = 0.994
==== e(  33) =    17.20720 eV ==== 
     psi = 0.120*[#   7]+0.120*[#   8]+0.120*[#  10]+0.106*[#  17]+0.106*[#  20]
          +0.106*[#  28]+0.106*[#  30]+0.106*[#  37]+0.106*[#  38]
    |psi|^2 = 0.998
==== e(  34) =    17.20720 eV ==== 
     psi = 0.166*[#  18]+0.166*[#  27]+0.166*[#  40]+0.060*[#  17]+0.060*[#  20]
          +0.060*[#  28]+0.060*[#  30]+0.060*[#  37]+0.060*[#  38]+0.047*[#   7]
          +0.047*[#   8]+0.047*[#  10]
    |psi|^2 = 0.998
==== e(  35) =    17.61808 eV ==== 
     psi = 0.143*[#  17]+0.143*[#  20]+0.143*[#  28]+0.143*[#  30]+0.143*[#  37]
          +0.143*[#  38]+0.047*[#   7]+0.047*[#   8]+0.047*[#  10]
    |psi|^2 = 0.998
==== e(  36) =    17.61809 eV ==== 
     psi = 0.166*[#  18]+0.166*[#  27]+0.166*[#  40]+0.119*[#   7]+0.119*[#   8]
          +0.119*[#  10]+0.024*[#  17]+0.024*[#  20]+0.024*[#  28]+0.024*[#  30]
          +0.024*[#  37]+0.024*[#  38]
    |psi|^2 = 0.998
==== e(  37) =    18.72802 eV ==== 
     psi = 0.079*[#   7]+0.079*[#   8]+0.079*[#  10]+0.065*[#  36]+0.063*[#  12]
          +0.063*[#  22]+0.063*[#  32]+0.060*[#  19]+0.060*[#  29]+0.049*[#  16]
          +0.049*[#  26]+0.043*[#  39]+0.039*[#  17]+0.039*[#  20]+0.039*[#  28]
          +0.039*[#  30]+0.039*[#  37]+0.039*[#  38]
    |psi|^2 = 0.988
==== e(  38) =    18.72802 eV ==== 
     psi = 0.094*[#   2]+0.081*[#   6]+0.081*[#   9]+0.079*[#  18]+0.079*[#  27]
          +0.079*[#  40]+0.039*[#  17]+0.039*[#  20]+0.039*[#  28]+0.039*[#  30]
          +0.039*[#  37]+0.039*[#  38]+0.038*[#  39]+0.032*[#  16]+0.032*[#  26]
          +0.031*[#  12]+0.031*[#  22]+0.031*[#  32]+0.022*[#  19]+0.022*[#  29]
          +0.016*[#  36]
    |psi|^2 = 0.988
==== e(  39) =    20.51407 eV ==== 
     psi = 0.158*[#  12]+0.158*[#  22]+0.158*[#  32]+0.047*[#   7]+0.047*[#   8]
          +0.047*[#  10]+0.029*[#  36]+0.025*[#  19]+0.025*[#  29]+0.024*[#  17]
          +0.024*[#  20]+0.024*[#  28]+0.024*[#  30]+0.024*[#  37]+0.024*[#  38]
          +0.017*[#  16]+0.017*[#  26]+0.013*[#  39]+0.002*[#  11]+0.002*[#  21]
          +0.002*[#  31]
    |psi|^2 = 0.889
==== e(  40) =    20.51407 eV ==== 
     psi = 0.237*[#   2]+0.079*[#  12]+0.079*[#  22]+0.079*[#  32]+0.047*[#  18]
          +0.047*[#  27]+0.047*[#  40]+0.032*[#   6]+0.032*[#   9]+0.024*[#  17]
          +0.024*[#  20]+0.024*[#  28]+0.024*[#  30]+0.024*[#  37]+0.024*[#  38]
          +0.019*[#  39]+0.015*[#  16]+0.015*[#  26]+0.006*[#  19]+0.006*[#  29]
          +0.002*[#   1]+0.002*[#  36]
    |psi|^2 = 0.889
==== e(  41) =    28.07169 eV ==== 
     psi = 0.005*[#  17]+0.005*[#  20]+0.005*[#  28]+0.005*[#  30]+0.005*[#  37]
          +0.005*[#  38]+0.004*[#   7]+0.004*[#   8]+0.004*[#  10]
    |psi|^2 = 0.040
==== e(  42) =    28.07169 eV ==== 
     psi = 0.007*[#  18]+0.007*[#  27]+0.007*[#  40]+0.003*[#   7]+0.003*[#   8]
          +0.003*[#  10]+0.002*[#  17]+0.002*[#  20]+0.002*[#  28]+0.002*[#  30]
          +0.002*[#  37]+0.002*[#  38]
    |psi|^2 = 0.040
==== e(  43) =    29.82705 eV ==== 
     psi = 0.040*[#  12]+0.040*[#  22]+0.040*[#  32]+0.024*[#   2]+0.001*[#  19]
          +0.001*[#  29]+0.001*[#  36]+0.001*[#  16]+0.001*[#  26]+0.001*[#  39]
          +0.001*[#   7]+0.001*[#   8]+0.001*[#  10]
    |psi|^2 = 0.165

 k =   0.0000000000 -0.5000000000 -0.5000000000
==== e(   1) =   -84.89594 eV ==== 
     psi = 0.333*[#  11]+0.333*[#  21]+0.333*[#  31]
    |psi|^2 = 1.000
==== e(   2) =   -84.89594 eV ==== 
     psi = 0.333*[#  11]+0.333*[#  21]+0.333*[#  31]
    |psi|^2 = 1.000
==== e(   3) =   -84.89594 eV ==== 
     psi = 0.333*[#  11]+0.333*[#  21]+0.333*[#  31]
    |psi|^2 = 1.000
==== e(   4) =   -84.89593 eV ==== 
     psi = 0.998*[#   1]
    |psi|^2 = 1.000
==== e(   5) =   -45.35436 eV ==== 
     psi = 0.332*[#  14]+0.332*[#  25]+0.332*[#  33]+0.002*[#  12]+0.002*[#  22]
          +0.002*[#  32]
    |psi|^2 = 1.000
==== e(   6) =   -45.35435 eV ==== 
     psi = 0.166*[#  13]+0.166*[#  15]+0.166*[#  23]+0.166*[#  24]+0.166*[#  34]
          +0.166*[#  35]+0.005*[#   2]
    |psi|^2 = 1.000
==== e(   7) =   -45.35435 eV ==== 
     psi = 0.166*[#   3]+0.166*[#   4]+0.166*[#   5]+0.083*[#  13]+0.083*[#  15]
          +0.083*[#  23]+0.083*[#  24]+0.083*[#  34]+0.083*[#  35]+0.002*[#  12]
          +0.002*[#  22]+0.002*[#  32]
    |psi|^2 = 1.000
==== e(   8) =   -45.35435 eV ==== 
     psi = 0.166*[#   3]+0.166*[#   4]+0.166*[#   5]+0.083*[#  13]+0.083*[#  15]
          +0.083*[#  23]+0.083*[#  24]+0.083*[#  34]+0.083*[#  35]+0.002*[#  12]
          +0.002*[#  22]+0.002*[#  32]
    |psi|^2 = 1.000
==== e(   9) =   -45.28954 eV ==== 
     psi = 0.333*[#  14]+0.333*[#  25]+0.333*[#  33]
    |psi|^2 = 1.000
==== e(  10) =   -45.28953 eV ==== 
     psi = 0.167*[#  13]+0.167*[#  15]+0.167*[#  23]+0.167*[#  24]+0.167*[#  34]
          +0.167*[#  35]
    |psi|^2 = 1.000
==== e(  11) =   -45.28953 eV ==== 
     psi = 0.167*[#  13]+0.167*[#  15]+0.167*[#  23]+0.167*[#  24]+0.167*[#  34]
          +0.167*[#  35]
    |psi|^2 = 1.000
==== e(  12) =   -45.28952 eV ==== 
     psi = 0.333*[#   3]+0.333*[#   4]+0.333*[#   5]
    |psi|^2 = 1.000
==== e(  13) =   -45.22674 eV ==== 
     psi = 0.333*[#  14]+0.333*[#  25]+0.333*[#  33]
    |psi|^2 = 1.000
==== e(  14) =   -45.22673 eV ==== 
     psi = 0.167*[#  13]+0.167*[#  15]+0.167*[#  23]+0.167*[#  24]+0.167*[#  34]
          +0.167*[#  35]
    |psi|^2 = 1.000
==== e(  15) =   -45.22673 eV ==== 
     psi = 0.167*[#   3]+0.167*[#   4]+0.167*[#   5]+0.083*[#  13]+0.083*[#  15]
          +0.083*[#  23]+0.083*[#  24]+0.083*[#  34]+0.083*[#  35]
    |psi|^2 = 1.000
==== e(  16) =   -45.22673 eV ==== 
     psi = 0.167*[#   3]+0.167*[#   4]+0.167*[#   5]+0.083*[#  13]+0.083*[#  15]
          +0.083*[#  23]+0.083*[#  24]+0.083*[#  34]+0.083*[#  35]
    |psi|^2 = 1.000
==== e(  17) =    13.81998 eV ==== 
     psi = 0.197*[#  12]+0.197*[#  22]+0.197*[#  32]+0.102*[#   7]+0.102*[#   8]
          +0.102*[#  10]+0.023*[#  36]+0.017*[#  19]+0.017*[#  29]+0.006*[#  16]
          +0.006*[#  26]+0.001*[#  14]+0.001*[#  25]+0.001*[#  33]
    |psi|^2 = 0.968
==== e(  18) =    13.81999 eV ==== 
     psi = 0.197*[#  12]+0.197*[#  22]+0.197*[#  32]+0.051*[#  17]+0.051*[#  20]
          +0.051*[#  28]+0.051*[#  30]+0.051*[#  37]+0.051*[#  38]+0.017*[#  39]
          +0.014*[#  16]+0.014*[#  26]+0.008*[#  19]+0.008*[#  29]+0.006*[#  36]
          
    |psi|^2 = 0.968
==== e(  19) =    13.81999 eV ==== 
     psi = 0.197*[#  12]+0.197*[#  22]+0.197*[#  32]+0.051*[#  17]+0.051*[#  20]
          +0.051*[#  28]+0.051*[#  30]+0.051*[#  37]+0.051*[#  38]+0.017*[#  39]
          +0.014*[#  16]+0.014*[#  26]+0.008*[#  19]+0.008*[#  29]+0.006*[#  36]
          
    |psi|^2 = 0.968
==== e(  20) =    13.81999 eV ==== 
     psi = 0.591*[#   2]+0.102*[#  18]+0.102*[#  27]+0.102*[#  40]+0.034*[#   6]
          +0.034*[#   9]
    |psi|^2 = 0.968
==== e(  21) =    15.47810 eV ==== 
     psi = 0.161*[#  17]+0.161*[#  20]+0.161*[#  28]+0.161*[#  30]+0.161*[#  37]
          +0.161*[#  38]
    |psi|^2 = 0.969
==== e(  22) =    15.47811 eV ==== 
     psi = 0.161*[#   7]+0.161*[#   8]+0.161*[#  10]+0.081*[#  17]+0.081*[#  20]
          +0.081*[#  28]+0.081*[#  30]+0.081*[#  37]+0.081*[#  38]
    |psi|^2 = 0.969
==== e(  23) =    15.47811 eV ==== 
     psi = 0.161*[#   7]+0.161*[#   8]+0.161*[#  10]+0.081*[#  17]+0.081*[#  20]
          +0.081*[#  28]+0.081*[#  30]+0.081*[#  37]+0.081*[#  38]
    |psi|^2 = 0.969
==== e(  24) =    15.47811 eV ==== 
     psi = 0.323*[#  18]+0.323*[#  27]+0.323*[#  40]
    |psi|^2 = 0.969
==== e(  25) =    15.69062 eV ==== 
     psi = 0.233*[#  36]+0.175*[#  19]+0.175*[#  29]+0.092*[#   7]+0.092*[#   8]
          +0.092*[#  10]+0.058*[#  16]+0.058*[#  26]+0.002*[#  12]+0.002*[#  22]
          +0.002*[#  32]
    |psi|^2 = 0.981
==== e(  26) =    15.69063 eV ==== 
     psi = 0.175*[#  39]+0.146*[#  16]+0.146*[#  26]+0.087*[#  19]+0.087*[#  29]
          +0.058*[#  36]+0.046*[#  17]+0.046*[#  20]+0.046*[#  28]+0.046*[#  30]
          +0.046*[#  37]+0.046*[#  38]+0.002*[#  12]+0.002*[#  22]+0.002*[#  32]
          
    |psi|^2 = 0.981
==== e(  27) =    15.69063 eV ==== 
     psi = 0.175*[#  39]+0.146*[#  16]+0.146*[#  26]+0.087*[#  19]+0.087*[#  29]
          +0.058*[#  36]+0.046*[#  17]+0.046*[#  20]+0.046*[#  28]+0.046*[#  30]
          +0.046*[#  37]+0.046*[#  38]+0.002*[#  12]+0.002*[#  22]+0.002*[#  32]
          
    |psi|^2 = 0.981
==== e(  28) =    15.69064 eV ==== 
     psi = 0.349*[#   6]+0.349*[#   9]+0.092*[#  18]+0.092*[#  27]+0.092*[#  40]
          +0.005*[#   2]
    |psi|^2 = 0.981
==== e(  29) =    16.78903 eV ==== 
     psi = 0.249*[#  36]+0.208*[#  19]+0.208*[#  29]+0.125*[#  16]+0.125*[#  26]
          +0.083*[#  39]
    |psi|^2 = 0.997
==== e(  30) =    16.78903 eV ==== 
     psi = 0.249*[#  36]+0.208*[#  19]+0.208*[#  29]+0.125*[#  16]+0.125*[#  26]
          +0.083*[#  39]
    |psi|^2 = 0.997
==== e(  31) =    16.78903 eV ==== 
     psi = 0.332*[#  39]+0.249*[#  16]+0.249*[#  26]+0.083*[#  19]+0.083*[#  29]
          
    |psi|^2 = 0.997
==== e(  32) =    16.78905 eV ==== 
     psi = 0.498*[#   6]+0.498*[#   9]
    |psi|^2 = 0.997
==== e(  33) =    17.35933 eV ==== 
     psi = 0.166*[#  17]+0.166*[#  20]+0.166*[#  28]+0.166*[#  30]+0.166*[#  37]
          +0.166*[#  38]
    |psi|^2 = 0.999
==== e(  34) =    17.35934 eV ==== 
     psi = 0.166*[#   7]+0.166*[#   8]+0.166*[#  10]+0.083*[#  17]+0.083*[#  20]
          +0.083*[#  28]+0.083*[#  30]+0.083*[#  37]+0.083*[#  38]
    |psi|^2 = 0.999
==== e(  35) =    17.35934 eV ==== 
     psi = 0.166*[#   7]+0.166*[#   8]+0.166*[#  10]+0.083*[#  17]+0.083*[#  20]
          +0.083*[#  28]+0.083*[#  30]+0.083*[#  37]+0.083*[#  38]
    |psi|^2 = 0.999
==== e(  36) =    17.35934 eV ==== 
     psi = 0.333*[#  18]+0.333*[#  27]+0.333*[#  40]
    |psi|^2 = 0.999
==== e(  37) =    19.45242 eV ==== 
     psi = 0.110*[#  12]+0.110*[#  22]+0.110*[#  32]+0.068*[#  17]+0.068*[#  20]
          +0.068*[#  28]+0.068*[#  30]+0.068*[#  37]+0.068*[#  38]+0.057*[#  39]
          +0.047*[#  16]+0.047*[#  26]+0.028*[#  19]+0.028*[#  29]+0.019*[#  36]
          
    |psi|^2 = 0.965
==== e(  38) =    19.45242 eV ==== 
     psi = 0.110*[#  12]+0.110*[#  22]+0.110*[#  32]+0.068*[#  17]+0.068*[#  20]
          +0.068*[#  28]+0.068*[#  30]+0.068*[#  37]+0.068*[#  38]+0.057*[#  39]
          +0.047*[#  16]+0.047*[#  26]+0.028*[#  19]+0.028*[#  29]+0.019*[#  36]
          
    |psi|^2 = 0.965
==== e(  39) =    19.45243 eV ==== 
     psi = 0.135*[#   7]+0.135*[#   8]+0.135*[#  10]+0.110*[#  12]+0.110*[#  22]
          +0.110*[#  32]+0.076*[#  36]+0.057*[#  19]+0.057*[#  29]+0.019*[#  16]
          +0.019*[#  26]
    |psi|^2 = 0.965
==== e(  40) =    19.45243 eV ==== 
     psi = 0.329*[#   2]+0.135*[#  18]+0.135*[#  27]+0.135*[#  40]+0.114*[#   6]
          +0.114*[#   9]+0.002*[#   1]
    |psi|^2 = 0.965
==== e(  41) =    29.56697 eV ==== 
     psi = 0.005*[#  17]+0.005*[#  20]+0.005*[#  28]+0.005*[#  30]+0.005*[#  37]
          +0.005*[#  38]
    |psi|^2 = 0.030
==== e(  42) =    29.56698 eV ==== 
     psi = 0.004*[#   7]+0.004*[#   8]+0.004*[#  10]+0.003*[#  18]+0.003*[#  27]
          +0.003*[#  40]+0.002*[#  17]+0.002*[#  20]+0.002*[#  28]+0.002*[#  30]
          +0.002*[#  37]+0.002*[#  38]
    |psi|^2 = 0.030
==== e(  43) =    29.56698 eV ==== 
     psi = 0.005*[#   7]+0.005*[#   8]+0.005*[#  10]+0.003*[#  17]+0.003*[#  20]
          +0.003*[#  28]+0.003*[#  30]+0.003*[#  37]+0.003*[#  38]
    |psi|^2 = 0.030

 k =   0.1250000000  0.1250000000  0.1250000000
==== e(   1) =   -84.92516 eV ==== 
     psi = 0.237*[#  11]+0.237*[#  21]+0.237*[#  31]+0.237*[#   1]+0.013*[#   2]
          +0.013*[#  12]+0.013*[#  22]+0.013*[#  32]
    |psi|^2 = 1.000
==== e(   2) =   -84.88630 eV ==== 
     psi = 0.328*[#  11]+0.328*[#  21]+0.328*[#  31]+0.005*[#  12]+0.005*[#  22]
          +0.005*[#  32]
    |psi|^2 = 1.000
==== e(   3) =   -84.88630 eV ==== 
     psi = 0.328*[#  11]+0.328*[#  21]+0.328*[#  31]+0.005*[#  12]+0.005*[#  22]
          +0.005*[#  32]
    |psi|^2 = 1.000
==== e(   4) =   -84.88629 eV ==== 
     psi = 0.739*[#   1]+0.082*[#  11]+0.082*[#  21]+0.082*[#  31]+0.010*[#   2]
          +0.001*[#  12]+0.001*[#  22]+0.001*[#  32]
    |psi|^2 = 1.000
==== e(   5) =   -45.39126 eV ==== 
     psi = 0.115*[#  14]+0.115*[#  25]+0.115*[#  33]+0.082*[#  13]+0.082*[#  15]
          +0.082*[#  23]+0.082*[#  24]+0.082*[#  34]+0.082*[#  35]+0.054*[#   3]
          +0.054*[#   4]+0.054*[#   5]
    |psi|^2 = 1.000
==== e(   6) =   -45.39126 eV ==== 
     psi = 0.098*[#   3]+0.098*[#   4]+0.098*[#   5]+0.084*[#  13]+0.084*[#  15]
          +0.084*[#  23]+0.084*[#  24]+0.084*[#  34]+0.084*[#  35]+0.067*[#  14]
          +0.067*[#  25]+0.067*[#  33]
    |psi|^2 = 1.000
==== e(   7) =   -45.39126 eV ==== 
     psi = 0.098*[#   3]+0.098*[#   4]+0.098*[#   5]+0.084*[#  13]+0.084*[#  15]
          +0.084*[#  23]+0.084*[#  24]+0.084*[#  34]+0.084*[#  35]+0.067*[#  14]
          +0.067*[#  25]+0.067*[#  33]
    |psi|^2 = 1.000
==== e(   8) =   -45.28773 eV ==== 
     psi = 0.124*[#  13]+0.124*[#  15]+0.124*[#  23]+0.124*[#  24]+0.124*[#  34]
          +0.124*[#  35]+0.058*[#  14]+0.058*[#  25]+0.058*[#  33]+0.027*[#   3]
          +0.027*[#   4]+0.027*[#   5]
    |psi|^2 = 1.000
==== e(   9) =   -45.28773 eV ==== 
     psi = 0.124*[#  13]+0.124*[#  15]+0.124*[#  23]+0.124*[#  24]+0.124*[#  34]
          +0.124*[#  35]+0.058*[#  14]+0.058*[#  25]+0.058*[#  33]+0.027*[#   3]
          +0.027*[#   4]+0.027*[#   5]
    |psi|^2 = 1.000
==== e(  10) =   -45.28773 eV ==== 
     psi = 0.196*[#   3]+0.196*[#   4]+0.196*[#   5]+0.135*[#  14]+0.135*[#  25]
          +0.135*[#  33]+0.001*[#  13]+0.001*[#  15]+0.001*[#  23]+0.001*[#  24]
          +0.001*[#  34]+0.001*[#  35]
    |psi|^2 = 1.000
==== e(  11) =   -45.27083 eV ==== 
     psi = 0.125*[#   3]+0.125*[#   4]+0.125*[#   5]+0.125*[#  14]+0.125*[#  25]
          +0.125*[#  33]+0.042*[#  13]+0.042*[#  15]+0.042*[#  23]+0.042*[#  24]
          +0.042*[#  34]+0.042*[#  35]
    |psi|^2 = 1.000
==== e(  12) =   -45.27083 eV ==== 
     psi = 0.125*[#   3]+0.125*[#   4]+0.125*[#   5]+0.125*[#  14]+0.125*[#  25]
          +0.125*[#  33]+0.042*[#  13]+0.042*[#  15]+0.042*[#  23]+0.042*[#  24]
          +0.042*[#  34]+0.042*[#  35]
    |psi|^2 = 1.000
==== e(  13) =   -45.27083 eV ==== 
     psi = 0.167*[#  13]+0.167*[#  15]+0.167*[#  23]+0.167*[#  24]+0.167*[#  34]
          +0.167*[#  35]
    |psi|^2 = 1.000
==== e(  14) =   -45.22808 eV ==== 
     psi = 0.083*[#   3]+0.083*[#   4]+0.083*[#   5]+0.083*[#  13]+0.083*[#  14]
          +0.083*[#  15]+0.083*[#  23]+0.083*[#  24]+0.083*[#  25]+0.083*[#  33]
          +0.083*[#  34]+0.083*[#  35]
    |psi|^2 = 1.000
==== e(  15) =   -45.19985 eV ==== 
     psi = 0.083*[#   3]+0.083*[#   4]+0.083*[#   5]+0.083*[#  13]+0.083*[#  14]
          +0.083*[#  15]+0.083*[#  23]+0.083*[#  24]+0.083*[#  25]+0.083*[#  33]
          +0.083*[#  34]+0.083*[#  35]
    |psi|^2 = 1.000
==== e(  16) =   -45.19985 eV ==== 
     psi = 0.083*[#   3]+0.083*[#   4]+0.083*[#   5]+0.083*[#  13]+0.083*[#  14]
          +0.083*[#  15]+0.083*[#  23]+0.083*[#  24]+0.083*[#  25]+0.083*[#  33]
          +0.083*[#  34]+0.083*[#  35]
    |psi|^2 = 1.000
==== e(  17) =     9.39237 eV ==== 
     psi = 0.236*[#   2]+0.236*[#  12]+0.236*[#  22]+0.236*[#  32]+0.013*[#   1]
          +0.013*[#  11]+0.013*[#  21]+0.013*[#  31]
    |psi|^2 = 0.999
==== e(  18) =    13.80610 eV ==== 
     psi = 0.290*[#  36]+0.217*[#  19]+0.217*[#  29]+0.082*[#   2]+0.072*[#  16]
          +0.072*[#  26]+0.009*[#  12]+0.009*[#  22]+0.009*[#  32]+0.002*[#  18]
          +0.002*[#  27]+0.002*[#  40]
    |psi|^2 = 0.986
==== e(  19) =    13.80612 eV ==== 
     psi = 0.163*[#   6]+0.163*[#   9]+0.163*[#  39]+0.127*[#  16]+0.127*[#  26]
          +0.054*[#  19]+0.054*[#  29]+0.036*[#  12]+0.036*[#  22]+0.036*[#  32]
          +0.018*[#  36]+0.001*[#   7]+0.001*[#   8]+0.001*[#  10]
    |psi|^2 = 0.986
==== e(  20) =    13.80612 eV ==== 
     psi = 0.163*[#   6]+0.163*[#   9]+0.163*[#  39]+0.127*[#  16]+0.127*[#  26]
          +0.054*[#  19]+0.054*[#  29]+0.036*[#  12]+0.036*[#  22]+0.036*[#  32]
          +0.018*[#  36]+0.001*[#   7]+0.001*[#   8]+0.001*[#  10]
    |psi|^2 = 0.986
==== e(  21) =    14.52072 eV ==== 
     psi = 0.094*[#  18]+0.094*[#  27]+0.094*[#  40]+0.081*[#  17]+0.081*[#  20]
          +0.081*[#  28]+0.081*[#  30]+0.081*[#  37]+0.081*[#  38]+0.069*[#   7]
          +0.069*[#   8]+0.069*[#  10]+0.002*[#  36]+0.002*[#  19]+0.002*[#  29]
          
    |psi|^2 = 0.986
==== e(  22) =    14.52072 eV ==== 
     psi = 0.088*[#   7]+0.088*[#   8]+0.088*[#  10]+0.082*[#  17]+0.082*[#  20]
          +0.082*[#  28]+0.082*[#  30]+0.082*[#  37]+0.082*[#  38]+0.075*[#  18]
          +0.075*[#  27]+0.075*[#  40]+0.001*[#   6]+0.001*[#   9]+0.001*[#  39]
          
    |psi|^2 = 0.986
==== e(  23) =    14.52072 eV ==== 
     psi = 0.088*[#   7]+0.088*[#   8]+0.088*[#  10]+0.082*[#  17]+0.082*[#  20]
          +0.082*[#  28]+0.082*[#  30]+0.082*[#  37]+0.082*[#  38]+0.075*[#  18]
          +0.075*[#  27]+0.075*[#  40]+0.001*[#   6]+0.001*[#   9]+0.001*[#  39]
          
    |psi|^2 = 0.986
==== e(  24) =    16.08166 eV ==== 
     psi = 0.083*[#   7]+0.083*[#   8]+0.083*[#  10]+0.083*[#  17]+0.083*[#  18]
          +0.083*[#  20]+0.083*[#  27]+0.083*[#  28]+0.083*[#  30]+0.083*[#  37]
          +0.083*[#  38]+0.083*[#  40]
    |psi|^2 = 0.995
==== e(  25) =    16.36944 eV ==== 
     psi = 0.081*[#   7]+0.081*[#   8]+0.081*[#  10]+0.081*[#  17]+0.081*[#  18]
          +0.081*[#  20]+0.081*[#  27]+0.081*[#  28]+0.081*[#  30]+0.081*[#  37]
          +0.081*[#  38]+0.081*[#  40]+0.003*[#   6]+0.003*[#   9]+0.003*[#  16]
          +0.003*[#  19]+0.003*[#  26]+0.003*[#  29]+0.003*[#  36]+0.003*[#  39]
          
    |psi|^2 = 0.998
==== e(  26) =    16.36944 eV ==== 
     psi = 0.081*[#   7]+0.081*[#   8]+0.081*[#  10]+0.081*[#  17]+0.081*[#  18]
          +0.081*[#  20]+0.081*[#  27]+0.081*[#  28]+0.081*[#  30]+0.081*[#  37]
          +0.081*[#  38]+0.081*[#  40]+0.003*[#   6]+0.003*[#   9]+0.003*[#  16]
          +0.003*[#  19]+0.003*[#  26]+0.003*[#  29]+0.003*[#  36]+0.003*[#  39]
          
    |psi|^2 = 0.998
==== e(  27) =    17.21751 eV ==== 
     psi = 0.122*[#   6]+0.122*[#   9]+0.122*[#  16]+0.122*[#  19]+0.122*[#  26]
          +0.122*[#  29]+0.122*[#  36]+0.122*[#  39]+0.002*[#   7]+0.002*[#   8]
          +0.002*[#  10]+0.002*[#  17]+0.002*[#  18]+0.002*[#  20]+0.002*[#  27]
          +0.002*[#  28]+0.002*[#  30]+0.002*[#  37]+0.002*[#  38]+0.002*[#  40]
          
    |psi|^2 = 0.999
==== e(  28) =    17.21751 eV ==== 
     psi = 0.122*[#   6]+0.122*[#   9]+0.122*[#  16]+0.122*[#  19]+0.122*[#  26]
          +0.122*[#  29]+0.122*[#  36]+0.122*[#  39]+0.002*[#   7]+0.002*[#   8]
          +0.002*[#  10]+0.002*[#  17]+0.002*[#  18]+0.002*[#  20]+0.002*[#  27]
          +0.002*[#  28]+0.002*[#  30]+0.002*[#  37]+0.002*[#  38]+0.002*[#  40]
          
    |psi|^2 = 0.999
==== e(  29) =    17.27253 eV ==== 
     psi = 0.100*[#  17]+0.100*[#  20]+0.100*[#  28]+0.100*[#  30]+0.100*[#  37]
          +0.100*[#  38]+0.040*[#  18]+0.040*[#  27]+0.040*[#  40]+0.027*[#   7]
          +0.027*[#   8]+0.027*[#  10]+0.025*[#  12]+0.025*[#  22]+0.025*[#  32]
          +0.005*[#   6]+0.005*[#   9]+0.005*[#  39]+0.004*[#  16]+0.004*[#  26]
          +0.002*[#  19]+0.002*[#  29]
    |psi|^2 = 0.907
==== e(  30) =    17.27253 eV ==== 
     psi = 0.100*[#  17]+0.100*[#  20]+0.100*[#  28]+0.100*[#  30]+0.100*[#  37]
          +0.100*[#  38]+0.040*[#  18]+0.040*[#  27]+0.040*[#  40]+0.027*[#   7]
          +0.027*[#   8]+0.027*[#  10]+0.025*[#  12]+0.025*[#  22]+0.025*[#  32]
          +0.005*[#   6]+0.005*[#   9]+0.005*[#  39]+0.004*[#  16]+0.004*[#  26]
          +0.002*[#  19]+0.002*[#  29]
    |psi|^2 = 0.907
==== e(  31) =    17.27254 eV ==== 
     psi = 0.147*[#   7]+0.147*[#   8]+0.147*[#  10]+0.120*[#  18]+0.120*[#  27]
          +0.120*[#  40]+0.057*[#   2]+0.008*[#  36]+0.006*[#  12]+0.006*[#  19]
          +0.006*[#  22]+0.006*[#  29]+0.006*[#  32]+0.002*[#  16]+0.002*[#  26]
          
    |psi|^2 = 0.907
==== e(  32) =    17.73381 eV ==== 
     psi = 0.290*[#  39]+0.217*[#  16]+0.217*[#  26]+0.072*[#  19]+0.072*[#  29]
          +0.021*[#  17]+0.021*[#  20]+0.021*[#  28]+0.021*[#  30]+0.021*[#  37]
          +0.021*[#  38]
    |psi|^2 = 0.998
==== e(  33) =    17.73381 eV ==== 
     psi = 0.163*[#   6]+0.163*[#   9]+0.163*[#  36]+0.127*[#  19]+0.127*[#  29]
          +0.054*[#  16]+0.054*[#  26]+0.018*[#  39]+0.016*[#   7]+0.016*[#   8]
          +0.016*[#  10]+0.016*[#  18]+0.016*[#  27]+0.016*[#  40]+0.005*[#  17]
          +0.005*[#  20]+0.005*[#  28]+0.005*[#  30]+0.005*[#  37]+0.005*[#  38]
          
    |psi|^2 = 0.998
==== e(  34) =    17.73381 eV ==== 
     psi = 0.163*[#   6]+0.163*[#   9]+0.163*[#  36]+0.127*[#  19]+0.127*[#  29]
          +0.054*[#  16]+0.054*[#  26]+0.018*[#  39]+0.016*[#   7]+0.016*[#   8]
          +0.016*[#  10]+0.016*[#  18]+0.016*[#  27]+0.016*[#  40]+0.005*[#  17]
          +0.005*[#  20]+0.005*[#  28]+0.005*[#  30]+0.005*[#  37]+0.005*[#  38]
          
    |psi|^2 = 0.998
==== e(  35) =    18.23568 eV ==== 
     psi = 0.145*[#  17]+0.145*[#  20]+0.145*[#  28]+0.145*[#  30]+0.145*[#  37]
          +0.145*[#  38]+0.043*[#  39]+0.032*[#  16]+0.032*[#  26]+0.011*[#  19]
          +0.011*[#  29]
    |psi|^2 = 1.000
==== e(  36) =    18.23569 eV ==== 
     psi = 0.109*[#   7]+0.109*[#   8]+0.109*[#  10]+0.109*[#  18]+0.109*[#  27]
          +0.109*[#  40]+0.036*[#  17]+0.036*[#  20]+0.036*[#  28]+0.036*[#  30]
          +0.036*[#  37]+0.036*[#  38]+0.024*[#   6]+0.024*[#   9]+0.024*[#  36]
          +0.019*[#  19]+0.019*[#  29]+0.008*[#  16]+0.008*[#  26]+0.003*[#  39]
          
    |psi|^2 = 1.000
==== e(  37) =    18.23569 eV ==== 
     psi = 0.109*[#   7]+0.109*[#   8]+0.109*[#  10]+0.109*[#  18]+0.109*[#  27]
          +0.109*[#  40]+0.036*[#  17]+0.036*[#  20]+0.036*[#  28]+0.036*[#  30]
          +0.036*[#  37]+0.036*[#  38]+0.024*[#   6]+0.024*[#   9]+0.024*[#  36]
          +0.019*[#  19]+0.019*[#  29]+0.008*[#  16]+0.008*[#  26]+0.003*[#  39]
          
    |psi|^2 = 1.000
==== e(  38) =    20.61013 eV ==== 
     psi = 0.118*[#  12]+0.118*[#  22]+0.118*[#  32]+0.024*[#  17]+0.024*[#  20]
          +0.024*[#  28]+0.024*[#  30]+0.024*[#  37]+0.024*[#  38]+0.010*[#   6]
          +0.010*[#   9]+0.010*[#  39]+0.009*[#  18]+0.009*[#  27]+0.009*[#  40]
          +0.008*[#  16]+0.008*[#  26]+0.007*[#   7]+0.007*[#   8]+0.007*[#  10]
          +0.003*[#  19]+0.003*[#  29]+0.002*[#  11]+0.002*[#  21]+0.002*[#  31]
          +0.001*[#  36]
    |psi|^2 = 0.604
==== e(  39) =    20.61013 eV ==== 
     psi = 0.118*[#  12]+0.118*[#  22]+0.118*[#  32]+0.024*[#  17]+0.024*[#  20]
          +0.024*[#  28]+0.024*[#  30]+0.024*[#  37]+0.024*[#  38]+0.010*[#   6]
          +0.010*[#   9]+0.010*[#  39]+0.009*[#  18]+0.009*[#  27]+0.009*[#  40]
          +0.008*[#  16]+0.008*[#  26]+0.007*[#   7]+0.007*[#   8]+0.007*[#  10]
          +0.003*[#  19]+0.003*[#  29]+0.002*[#  11]+0.002*[#  21]+0.002*[#  31]
          +0.001*[#  36]
    |psi|^2 = 0.604
==== e(  40) =    20.61013 eV ==== 
     psi = 0.265*[#   2]+0.033*[#   7]+0.033*[#   8]+0.033*[#  10]+0.031*[#  18]
          +0.031*[#  27]+0.031*[#  40]+0.029*[#  12]+0.029*[#  22]+0.029*[#  32]
          +0.017*[#  36]+0.013*[#  19]+0.013*[#  29]+0.005*[#   1]+0.004*[#  16]
          +0.004*[#  26]
    |psi|^2 = 0.604
==== e(  41) =    28.74895 eV ==== 
     psi = 0.201*[#   2]+0.022*[#  12]+0.022*[#  22]+0.022*[#  32]+0.015*[#  36]
          +0.011*[#  19]+0.011*[#  29]+0.004*[#  16]+0.004*[#  26]+0.004*[#   1]
          
    |psi|^2 = 0.319
==== e(  42) =    28.74897 eV ==== 
     psi = 0.089*[#  12]+0.089*[#  22]+0.089*[#  32]+0.008*[#   6]+0.008*[#   9]
          +0.008*[#  39]+0.007*[#  16]+0.007*[#  26]+0.003*[#  19]+0.003*[#  29]
          +0.002*[#  11]+0.002*[#  21]+0.002*[#  31]
    |psi|^2 = 0.319
==== e(  43) =    28.74897 eV ==== 
     psi = 0.089*[#  12]+0.089*[#  22]+0.089*[#  32]+0.008*[#   6]+0.008*[#   9]
          +0.008*[#  39]+0.007*[#  16]+0.007*[#  26]+0.003*[#  19]+0.003*[#  29]
          +0.002*[#  11]+0.002*[#  21]+0.002*[#  31]
    |psi|^2 = 0.319

 k =   0.1250000000  0.1250000000  0.2500000000
==== e(   1) =   -84.92058 eV ==== 
     psi = 0.240*[#  11]+0.240*[#  21]+0.240*[#  31]+0.240*[#   1]+0.010*[#   2]
          +0.010*[#  12]+0.010*[#  22]+0.010*[#  32]
    |psi|^2 = 1.000
==== e(   2) =   -84.89083 eV ==== 
     psi = 0.249*[#  11]+0.249*[#  21]+0.249*[#  31]+0.248*[#   1]+0.001*[#   2]
          +0.001*[#  12]+0.001*[#  22]+0.001*[#  32]
    |psi|^2 = 1.000
==== e(   3) =   -84.88625 eV ==== 
     psi = 0.328*[#  11]+0.328*[#  21]+0.328*[#  31]+0.005*[#  12]+0.005*[#  22]
          +0.005*[#  32]
    |psi|^2 = 1.000
==== e(   4) =   -84.88624 eV ==== 
     psi = 0.493*[#   1]+0.164*[#  11]+0.164*[#  21]+0.164*[#  31]+0.007*[#   2]
          +0.002*[#  12]+0.002*[#  22]+0.002*[#  32]
    |psi|^2 = 1.000
==== e(   5) =   -45.38099 eV ==== 
     psi = 0.109*[#  14]+0.109*[#  25]+0.109*[#  33]+0.080*[#  13]+0.080*[#  15]
          +0.080*[#  23]+0.080*[#  24]+0.080*[#  34]+0.080*[#  35]+0.064*[#   3]
          +0.064*[#   4]+0.064*[#   5]
    |psi|^2 = 1.000
==== e(   6) =   -45.38099 eV ==== 
     psi = 0.103*[#   3]+0.103*[#   4]+0.103*[#   5]+0.086*[#  13]+0.086*[#  15]
          +0.086*[#  23]+0.086*[#  24]+0.086*[#  34]+0.086*[#  35]+0.058*[#  14]
          +0.058*[#  25]+0.058*[#  33]
    |psi|^2 = 1.000
==== e(   7) =   -45.37493 eV ==== 
     psi = 0.083*[#   3]+0.083*[#   4]+0.083*[#   5]+0.083*[#  13]+0.083*[#  14]
          +0.083*[#  15]+0.083*[#  23]+0.083*[#  24]+0.083*[#  25]+0.083*[#  33]
          +0.083*[#  34]+0.083*[#  35]
    |psi|^2 = 1.000
==== e(   8) =   -45.30104 eV ==== 
     psi = 0.105*[#  13]+0.105*[#  15]+0.105*[#  23]+0.105*[#  24]+0.105*[#  34]
          +0.105*[#  35]+0.092*[#  14]+0.092*[#  25]+0.092*[#  33]+0.031*[#   3]
          +0.031*[#   4]+0.031*[#   5]
    |psi|^2 = 1.000
==== e(   9) =   -45.30103 eV ==== 
     psi = 0.135*[#   3]+0.135*[#   4]+0.135*[#   5]+0.075*[#  14]+0.075*[#  25]
          +0.075*[#  33]+0.061*[#  13]+0.061*[#  15]+0.061*[#  23]+0.061*[#  24]
          +0.061*[#  34]+0.061*[#  35]
    |psi|^2 = 1.000
==== e(  10) =   -45.27461 eV ==== 
     psi = 0.083*[#   3]+0.083*[#   4]+0.083*[#   5]+0.083*[#  13]+0.083*[#  14]
          +0.083*[#  15]+0.083*[#  23]+0.083*[#  24]+0.083*[#  25]+0.083*[#  33]
          +0.083*[#  34]+0.083*[#  35]
    |psi|^2 = 1.000
==== e(  11) =   -45.26713 eV ==== 
     psi = 0.150*[#  14]+0.150*[#  25]+0.150*[#  33]+0.134*[#   3]+0.134*[#   4]
          +0.134*[#   5]+0.025*[#  13]+0.025*[#  15]+0.025*[#  23]+0.025*[#  24]
          +0.025*[#  34]+0.025*[#  35]
    |psi|^2 = 1.000
==== e(  12) =   -45.26713 eV ==== 
     psi = 0.142*[#  13]+0.142*[#  15]+0.142*[#  23]+0.142*[#  24]+0.142*[#  34]
          +0.142*[#  35]+0.033*[#   3]+0.033*[#   4]+0.033*[#   5]+0.017*[#  14]
          +0.017*[#  25]+0.017*[#  33]
    |psi|^2 = 1.000
==== e(  13) =   -45.26250 eV ==== 
     psi = 0.083*[#   3]+0.083*[#   4]+0.083*[#   5]+0.083*[#  13]+0.083*[#  14]
          +0.083*[#  15]+0.083*[#  23]+0.083*[#  24]+0.083*[#  25]+0.083*[#  33]
          +0.083*[#  34]+0.083*[#  35]
    |psi|^2 = 1.000
==== e(  14) =   -45.25371 eV ==== 
     psi = 0.083*[#   3]+0.083*[#   4]+0.083*[#   5]+0.083*[#  13]+0.083*[#  14]
          +0.083*[#  15]+0.083*[#  23]+0.083*[#  24]+0.083*[#  25]+0.083*[#  33]
          +0.083*[#  34]+0.083*[#  35]+0.001*[#   2]+0.001*[#  12]+0.001*[#  22]
          +0.001*[#  32]
    |psi|^2 = 1.000
==== e(  15) =   -45.20780 eV ==== 
     psi = 0.083*[#   3]+0.083*[#   4]+0.083*[#   5]+0.083*[#  13]+0.083*[#  14]
          +0.083*[#  15]+0.083*[#  23]+0.083*[#  24]+0.083*[#  25]+0.083*[#  33]
          +0.083*[#  34]+0.083*[#  35]
    |psi|^2 = 1.000
==== e(  16) =   -45.20446 eV ==== 
     psi = 0.083*[#   3]+0.083*[#   4]+0.083*[#   5]+0.083*[#  13]+0.083*[#  14]
          +0.083*[#  15]+0.083*[#  23]+0.083*[#  24]+0.083*[#  25]+0.083*[#  33]
          +0.083*[#  34]+0.083*[#  35]
    |psi|^2 = 1.000
==== e(  17) =     9.97640 eV ==== 
     psi = 0.237*[#   2]+0.237*[#  12]+0.237*[#  22]+0.237*[#  32]+0.010*[#   1]
          +0.010*[#  11]+0.010*[#  21]+0.010*[#  31]
    |psi|^2 = 0.999
==== e(  18) =    13.68646 eV ==== 
     psi = 0.084*[#   6]+0.084*[#   9]+0.084*[#  16]+0.084*[#  19]+0.084*[#  26]
          +0.084*[#  29]+0.084*[#  36]+0.084*[#  39]+0.072*[#   2]+0.072*[#  12]
          +0.072*[#  22]+0.072*[#  32]+0.002*[#   7]+0.002*[#   8]+0.002*[#  10]
          +0.002*[#  17]+0.002*[#  18]+0.002*[#  20]+0.002*[#  27]+0.002*[#  28]
          +0.002*[#  30]+0.002*[#  37]+0.002*[#  38]+0.002*[#  40]
    |psi|^2 = 0.985
==== e(  19) =    14.10259 eV ==== 
     psi = 0.203*[#  36]+0.167*[#  19]+0.167*[#  29]+0.095*[#  16]+0.095*[#  26]
          +0.059*[#  39]+0.040*[#   2]+0.040*[#   6]+0.040*[#   9]+0.013*[#  12]
          +0.013*[#  22]+0.013*[#  32]+0.005*[#  18]+0.005*[#  27]+0.005*[#  40]
          +0.002*[#  17]+0.002*[#  20]+0.002*[#  28]+0.002*[#  30]+0.002*[#  37]
          +0.002*[#  38]
    |psi|^2 = 0.977
==== e(  20) =    14.10261 eV ==== 
     psi = 0.176*[#   6]+0.176*[#   9]+0.157*[#  39]+0.121*[#  16]+0.121*[#  26]
          +0.049*[#  19]+0.049*[#  29]+0.027*[#  12]+0.027*[#  22]+0.027*[#  32]
          +0.013*[#  36]+0.004*[#   7]+0.004*[#   8]+0.004*[#  10]+0.003*[#  17]
          +0.003*[#  20]+0.003*[#  28]+0.003*[#  30]+0.003*[#  37]+0.003*[#  38]
          
    |psi|^2 = 0.977
==== e(  21) =    14.68872 eV ==== 
     psi = 0.089*[#  18]+0.089*[#  27]+0.089*[#  40]+0.078*[#  17]+0.078*[#  20]
          +0.078*[#  28]+0.078*[#  30]+0.078*[#  37]+0.078*[#  38]+0.070*[#   7]
          +0.070*[#   8]+0.070*[#  10]+0.006*[#  36]+0.005*[#  19]+0.005*[#  29]
          +0.003*[#  16]+0.003*[#  26]+0.002*[#  39]
    |psi|^2 = 0.976
==== e(  22) =    14.68872 eV ==== 
     psi = 0.088*[#   7]+0.088*[#   8]+0.088*[#  10]+0.079*[#  17]+0.079*[#  20]
          +0.079*[#  28]+0.079*[#  30]+0.079*[#  37]+0.079*[#  38]+0.069*[#  18]
          +0.069*[#  27]+0.069*[#  40]+0.006*[#   6]+0.006*[#   9]+0.005*[#  39]
          +0.004*[#  16]+0.004*[#  26]+0.001*[#  19]+0.001*[#  29]
    |psi|^2 = 0.976
==== e(  23) =    14.69755 eV ==== 
     psi = 0.081*[#   7]+0.081*[#   8]+0.081*[#  10]+0.081*[#  17]+0.081*[#  18]
          +0.081*[#  20]+0.081*[#  27]+0.081*[#  28]+0.081*[#  30]+0.081*[#  37]
          +0.081*[#  38]+0.081*[#  40]+0.002*[#   6]+0.002*[#   9]+0.002*[#  16]
          +0.002*[#  19]+0.002*[#  26]+0.002*[#  29]+0.002*[#  36]+0.002*[#  39]
          
    |psi|^2 = 0.986
==== e(  24) =    15.91134 eV ==== 
     psi = 0.082*[#   7]+0.082*[#   8]+0.082*[#  10]+0.082*[#  17]+0.082*[#  18]
          +0.082*[#  20]+0.082*[#  27]+0.082*[#  28]+0.082*[#  30]+0.082*[#  37]
          +0.082*[#  38]+0.082*[#  40]
    |psi|^2 = 0.993
==== e(  25) =    16.46056 eV ==== 
     psi = 0.073*[#   7]+0.073*[#   8]+0.073*[#  10]+0.073*[#  17]+0.073*[#  18]
          +0.073*[#  20]+0.073*[#  27]+0.073*[#  28]+0.073*[#  30]+0.073*[#  37]
          +0.073*[#  38]+0.073*[#  40]+0.015*[#   6]+0.015*[#   9]+0.015*[#  16]
          +0.015*[#  19]+0.015*[#  26]+0.015*[#  29]+0.015*[#  36]+0.015*[#  39]
          
    |psi|^2 = 0.997
==== e(  26) =    16.47446 eV ==== 
     psi = 0.075*[#   7]+0.075*[#   8]+0.075*[#  10]+0.075*[#  17]+0.075*[#  18]
          +0.075*[#  20]+0.075*[#  27]+0.075*[#  28]+0.075*[#  30]+0.075*[#  37]
          +0.075*[#  38]+0.075*[#  40]+0.012*[#   6]+0.012*[#   9]+0.012*[#  16]
          +0.012*[#  19]+0.012*[#  26]+0.012*[#  29]+0.012*[#  36]+0.012*[#  39]
          
    |psi|^2 = 0.997
==== e(  27) =    16.60548 eV ==== 
     psi = 0.078*[#  17]+0.078*[#  20]+0.078*[#  28]+0.078*[#  30]+0.078*[#  37]
          +0.078*[#  38]+0.073*[#  18]+0.073*[#  27]+0.073*[#  40]+0.043*[#   7]
          +0.043*[#   8]+0.043*[#  10]+0.020*[#  12]+0.020*[#  22]+0.020*[#  32]
          +0.010*[#   6]+0.010*[#   9]+0.007*[#  39]+0.005*[#  16]+0.005*[#  26]
          +0.002*[#  19]+0.002*[#  29]
    |psi|^2 = 0.920
==== e(  28) =    16.60548 eV ==== 
     psi = 0.093*[#   7]+0.093*[#   8]+0.093*[#  10]+0.063*[#  18]+0.063*[#  27]
          +0.063*[#  40]+0.058*[#  17]+0.058*[#  20]+0.058*[#  28]+0.058*[#  30]
          +0.058*[#  37]+0.058*[#  38]+0.030*[#   2]+0.010*[#  12]+0.010*[#  22]
          +0.010*[#  32]+0.010*[#  36]+0.008*[#  19]+0.008*[#  29]+0.005*[#  16]
          +0.005*[#  26]+0.003*[#  39]
    |psi|^2 = 0.920
==== e(  29) =    16.76118 eV ==== 
     psi = 0.050*[#   2]+0.050*[#  12]+0.050*[#  22]+0.050*[#  32]+0.049*[#   7]
          +0.049*[#   8]+0.049*[#  10]+0.049*[#  17]+0.049*[#  18]+0.049*[#  20]
          +0.049*[#  27]+0.049*[#  28]+0.049*[#  30]+0.049*[#  37]+0.049*[#  38]
          +0.049*[#  40]+0.021*[#   6]+0.021*[#   9]+0.021*[#  16]+0.021*[#  19]
          +0.021*[#  26]+0.021*[#  29]+0.021*[#  36]+0.021*[#  39]
    |psi|^2 = 0.955
==== e(  30) =    17.08633 eV ==== 
     psi = 0.110*[#   6]+0.110*[#   9]+0.110*[#  16]+0.110*[#  19]+0.110*[#  26]
          +0.110*[#  29]+0.110*[#  36]+0.110*[#  39]+0.010*[#   7]+0.010*[#   8]
          +0.010*[#  10]+0.010*[#  17]+0.010*[#  18]+0.010*[#  20]+0.010*[#  27]
          +0.010*[#  28]+0.010*[#  30]+0.010*[#  37]+0.010*[#  38]+0.010*[#  40]
          
    |psi|^2 = 0.999
==== e(  31) =    17.35145 eV ==== 
     psi = 0.113*[#   6]+0.113*[#   9]+0.113*[#  16]+0.113*[#  19]+0.113*[#  26]
          +0.113*[#  29]+0.113*[#  36]+0.113*[#  39]+0.008*[#   7]+0.008*[#   8]
          +0.008*[#  10]+0.008*[#  17]+0.008*[#  18]+0.008*[#  20]+0.008*[#  27]
          +0.008*[#  28]+0.008*[#  30]+0.008*[#  37]+0.008*[#  38]+0.008*[#  40]
          
    |psi|^2 = 0.999
==== e(  32) =    17.50602 eV ==== 
     psi = 0.080*[#   6]+0.080*[#   9]+0.080*[#  16]+0.080*[#  19]+0.080*[#  26]
          +0.080*[#  29]+0.080*[#  36]+0.080*[#  39]+0.030*[#   7]+0.030*[#   8]
          +0.030*[#  10]+0.030*[#  17]+0.030*[#  18]+0.030*[#  20]+0.030*[#  27]
          +0.030*[#  28]+0.030*[#  30]+0.030*[#  37]+0.030*[#  38]+0.030*[#  40]
          
    |psi|^2 = 0.997
==== e(  33) =    17.52329 eV ==== 
     psi = 0.211*[#  39]+0.174*[#  16]+0.174*[#  26]+0.099*[#  19]+0.099*[#  29]
          +0.062*[#  36]+0.037*[#   6]+0.037*[#   9]+0.016*[#  17]+0.016*[#  20]
          +0.016*[#  28]+0.016*[#  30]+0.016*[#  37]+0.016*[#  38]
    |psi|^2 = 0.993
==== e(  34) =    17.52330 eV ==== 
     psi = 0.186*[#   6]+0.186*[#   9]+0.161*[#  36]+0.124*[#  19]+0.124*[#  29]
          +0.050*[#  16]+0.050*[#  26]+0.016*[#  18]+0.016*[#  27]+0.016*[#  40]
          +0.016*[#   7]+0.016*[#   8]+0.016*[#  10]+0.013*[#  39]
    |psi|^2 = 0.993
==== e(  35) =    18.13168 eV ==== 
     psi = 0.053*[#   7]+0.053*[#   8]+0.053*[#  10]+0.053*[#  17]+0.053*[#  18]
          +0.053*[#  20]+0.053*[#  27]+0.053*[#  28]+0.053*[#  30]+0.053*[#  37]
          +0.053*[#  38]+0.053*[#  40]+0.045*[#   6]+0.045*[#   9]+0.045*[#  16]
          +0.045*[#  19]+0.045*[#  26]+0.045*[#  29]+0.045*[#  36]+0.045*[#  39]
          
    |psi|^2 = 1.000
==== e(  36) =    18.19862 eV ==== 
     psi = 0.137*[#  17]+0.137*[#  20]+0.137*[#  28]+0.137*[#  30]+0.137*[#  37]
          +0.137*[#  38]+0.021*[#  39]+0.018*[#   7]+0.018*[#   8]+0.018*[#  10]
          +0.017*[#  16]+0.017*[#  26]+0.011*[#  18]+0.011*[#  27]+0.011*[#  40]
          +0.010*[#  19]+0.010*[#  29]+0.006*[#  36]+0.004*[#   6]+0.004*[#   9]
          
    |psi|^2 = 0.999
==== e(  37) =    18.19863 eV ==== 
     psi = 0.141*[#  18]+0.141*[#  27]+0.141*[#  40]+0.134*[#   7]+0.134*[#   8]
          +0.134*[#  10]+0.018*[#   6]+0.018*[#   9]+0.016*[#  36]+0.015*[#  17]
          +0.015*[#  20]+0.015*[#  28]+0.015*[#  30]+0.015*[#  37]+0.015*[#  38]
          +0.012*[#  19]+0.012*[#  29]+0.005*[#  16]+0.005*[#  26]+0.001*[#  39]
          
    |psi|^2 = 0.999
==== e(  38) =    19.17012 eV ==== 
     psi = 0.096*[#   2]+0.096*[#  12]+0.096*[#  22]+0.096*[#  32]+0.033*[#   7]
          +0.033*[#   8]+0.033*[#  10]+0.033*[#  17]+0.033*[#  18]+0.033*[#  20]
          +0.033*[#  27]+0.033*[#  28]+0.033*[#  30]+0.033*[#  37]+0.033*[#  38]
          +0.033*[#  40]+0.016*[#   6]+0.016*[#   9]+0.016*[#  16]+0.016*[#  19]
          +0.016*[#  26]+0.016*[#  29]+0.016*[#  36]+0.016*[#  39]
    |psi|^2 = 0.916
==== e(  39) =    21.66500 eV ==== 
     psi = 0.171*[#   2]+0.057*[#  12]+0.057*[#  22]+0.057*[#  32]+0.017*[#   7]
          +0.017*[#   8]+0.017*[#  10]+0.016*[#  18]+0.016*[#  27]+0.016*[#  40]
          +0.011*[#  17]+0.011*[#  20]+0.011*[#  28]+0.011*[#  30]+0.011*[#  36]
          +0.011*[#  37]+0.011*[#  38]+0.009*[#  19]+0.009*[#  29]+0.005*[#  16]
          +0.005*[#  26]+0.003*[#   1]+0.003*[#  39]+0.002*[#   6]+0.002*[#   9]
          +0.001*[#  11]+0.001*[#  21]+0.001*[#  31]
    |psi|^2 = 0.558
==== e(  40) =    21.66500 eV ==== 
     psi = 0.114*[#  12]+0.114*[#  22]+0.114*[#  32]+0.017*[#  17]+0.017*[#  20]
          +0.017*[#  28]+0.017*[#  30]+0.017*[#  37]+0.017*[#  38]+0.011*[#  18]
          +0.011*[#  27]+0.011*[#  40]+0.010*[#   7]+0.010*[#   8]+0.010*[#  10]
          +0.010*[#   6]+0.010*[#   9]+0.008*[#  39]+0.006*[#  16]+0.006*[#  26]
          +0.002*[#  19]+0.002*[#  29]+0.002*[#  11]+0.002*[#  21]+0.002*[#  31]
          
    |psi|^2 = 0.558
==== e(  41) =    27.82304 eV ==== 
     psi = 0.029*[#   2]+0.010*[#  12]+0.010*[#  22]+0.010*[#  32]+0.003*[#  18]
          +0.003*[#  27]+0.003*[#  40]+0.002*[#  17]+0.002*[#  20]+0.002*[#  28]
          +0.002*[#  30]+0.002*[#  37]+0.002*[#  38]+0.001*[#  36]+0.001*[#  19]
          +0.001*[#  29]
    |psi|^2 = 0.085
==== e(  42) =    27.82305 eV ==== 
     psi = 0.019*[#  12]+0.019*[#  22]+0.019*[#  32]+0.003*[#   7]+0.003*[#   8]
          +0.003*[#  10]+0.002*[#  17]+0.002*[#  20]+0.002*[#  28]+0.002*[#  30]
          +0.002*[#  37]+0.002*[#  38]+0.001*[#   6]+0.001*[#   9]
    |psi|^2 = 0.085
==== e(  43) =    29.20132 eV ==== 
     psi = 0.106*[#   2]+0.089*[#  12]+0.089*[#  22]+0.089*[#  32]+0.004*[#  36]
          +0.004*[#  19]+0.004*[#  29]+0.004*[#  16]+0.004*[#  26]+0.004*[#   6]
          +0.004*[#   9]+0.004*[#  39]+0.002*[#   1]+0.002*[#  11]+0.002*[#  21]
          +0.002*[#  31]
    |psi|^2 = 0.415

 k =   0.1250000000  0.1250000000  0.3750000000
==== e(   1) =   -84.91370 eV ==== 
     psi = 0.244*[#  11]+0.244*[#  21]+0.244*[#  31]+0.244*[#   1]+0.006*[#   2]
          +0.006*[#  12]+0.006*[#  22]+0.006*[#  32]
    |psi|^2 = 1.000
==== e(   2) =   -84.89759 eV ==== 
     psi = 0.250*[#  11]+0.250*[#  21]+0.250*[#  31]+0.250*[#   1]
    |psi|^2 = 1.000
==== e(   3) =   -84.88626 eV ==== 
     psi = 0.328*[#  11]+0.328*[#  21]+0.328*[#  31]+0.005*[#  12]+0.005*[#  22]
          +0.005*[#  32]
    |psi|^2 = 1.000
==== e(   4) =   -84.88625 eV ==== 
     psi = 0.492*[#   1]+0.164*[#  11]+0.164*[#  21]+0.164*[#  31]+0.008*[#   2]
          +0.003*[#  12]+0.003*[#  22]+0.003*[#  32]
    |psi|^2 = 1.000
==== e(   5) =   -45.36772 eV ==== 
     psi = 0.133*[#  14]+0.133*[#  25]+0.133*[#  33]+0.075*[#  13]+0.075*[#  15]
          +0.075*[#  23]+0.075*[#  24]+0.075*[#  34]+0.075*[#  35]+0.049*[#   3]
          +0.049*[#   4]+0.049*[#   5]
    |psi|^2 = 1.000
==== e(   6) =   -45.36772 eV ==== 
     psi = 0.117*[#   3]+0.117*[#   4]+0.117*[#   5]+0.091*[#  13]+0.091*[#  15]
          +0.091*[#  23]+0.091*[#  24]+0.091*[#  34]+0.091*[#  35]+0.034*[#  14]
          +0.034*[#  25]+0.034*[#  33]
    |psi|^2 = 1.000
==== e(   7) =   -45.34959 eV ==== 
     psi = 0.083*[#   3]+0.083*[#   4]+0.083*[#   5]+0.083*[#  13]+0.083*[#  14]
          +0.083*[#  15]+0.083*[#  23]+0.083*[#  24]+0.083*[#  25]+0.083*[#  33]
          +0.083*[#  34]+0.083*[#  35]+0.002*[#   2]+0.002*[#  12]+0.002*[#  22]
          +0.002*[#  32]
    |psi|^2 = 1.000
==== e(   8) =   -45.31635 eV ==== 
     psi = 0.129*[#  14]+0.129*[#  25]+0.129*[#  33]+0.092*[#  13]+0.092*[#  15]
          +0.092*[#  23]+0.092*[#  24]+0.092*[#  34]+0.092*[#  35]+0.021*[#   3]
          +0.021*[#   4]+0.021*[#   5]
    |psi|^2 = 1.000
==== e(   9) =   -45.31634 eV ==== 
     psi = 0.146*[#   3]+0.146*[#   4]+0.146*[#   5]+0.075*[#  13]+0.075*[#  15]
          +0.075*[#  23]+0.075*[#  24]+0.075*[#  34]+0.075*[#  35]+0.038*[#  14]
          +0.038*[#  25]+0.038*[#  33]
    |psi|^2 = 1.000
==== e(  10) =   -45.28465 eV ==== 
     psi = 0.083*[#   3]+0.083*[#   4]+0.083*[#   5]+0.083*[#  13]+0.083*[#  14]
          +0.083*[#  15]+0.083*[#  23]+0.083*[#  24]+0.083*[#  25]+0.083*[#  33]
          +0.083*[#  34]+0.083*[#  35]+0.002*[#   2]+0.002*[#  12]+0.002*[#  22]
          +0.002*[#  32]
    |psi|^2 = 1.000
==== e(  11) =   -45.26615 eV ==== 
     psi = 0.162*[#  14]+0.162*[#  25]+0.162*[#  33]+0.138*[#   3]+0.138*[#   4]
          +0.138*[#   5]+0.016*[#  13]+0.016*[#  15]+0.016*[#  23]+0.016*[#  24]
          +0.016*[#  34]+0.016*[#  35]
    |psi|^2 = 1.000
==== e(  12) =   -45.26615 eV ==== 
     psi = 0.150*[#  13]+0.150*[#  15]+0.150*[#  23]+0.150*[#  24]+0.150*[#  34]
          +0.150*[#  35]+0.029*[#   3]+0.029*[#   4]+0.029*[#   5]+0.004*[#  14]
          +0.004*[#  25]+0.004*[#  33]
    |psi|^2 = 1.000
==== e(  13) =   -45.25547 eV ==== 
     psi = 0.083*[#   3]+0.083*[#   4]+0.083*[#   5]+0.083*[#  13]+0.083*[#  14]
          +0.083*[#  15]+0.083*[#  23]+0.083*[#  24]+0.083*[#  25]+0.083*[#  33]
          +0.083*[#  34]+0.083*[#  35]
    |psi|^2 = 1.000
==== e(  14) =   -45.24947 eV ==== 
     psi = 0.083*[#   3]+0.083*[#   4]+0.083*[#   5]+0.083*[#  13]+0.083*[#  14]
          +0.083*[#  15]+0.083*[#  23]+0.083*[#  24]+0.083*[#  25]+0.083*[#  33]
          +0.083*[#  34]+0.083*[#  35]
    |psi|^2 = 1.000
==== e(  15) =   -45.22015 eV ==== 
     psi = 0.083*[#   3]+0.083*[#   4]+0.083*[#   5]+0.083*[#  13]+0.083*[#  14]
          +0.083*[#  15]+0.083*[#  23]+0.083*[#  24]+0.083*[#  25]+0.083*[#  33]
          +0.083*[#  34]+0.083*[#  35]
    |psi|^2 = 1.000
==== e(  16) =   -45.21679 eV ==== 
     psi = 0.083*[#   3]+0.083*[#   4]+0.083*[#   5]+0.083*[#  13]+0.083*[#  14]
          +0.083*[#  15]+0.083*[#  23]+0.083*[#  24]+0.083*[#  25]+0.083*[#  33]
          +0.083*[#  34]+0.083*[#  35]
    |psi|^2 = 1.000
==== e(  17) =    10.89780 eV ==== 
     psi = 0.234*[#   2]+0.234*[#  12]+0.234*[#  22]+0.234*[#  32]+0.006*[#   1]
          +0.006*[#  11]+0.006*[#  21]+0.006*[#  31]+0.002*[#   6]+0.002*[#   9]
          +0.002*[#  16]+0.002*[#  19]+0.002*[#  26]+0.002*[#  29]+0.002*[#  36]
          +0.002*[#  39]+0.001*[#   7]+0.001*[#   8]+0.001*[#  10]+0.001*[#  17]
          +0.001*[#  18]+0.001*[#  20]+0.001*[#  27]+0.001*[#  28]+0.001*[#  30]
          +0.001*[#  37]+0.001*[#  38]+0.001*[#  40]
    |psi|^2 = 0.998
==== e(  18) =    13.11170 eV ==== 
     psi = 0.158*[#   2]+0.158*[#  12]+0.158*[#  22]+0.158*[#  32]+0.039*[#   6]
          +0.039*[#   9]+0.039*[#  16]+0.039*[#  19]+0.039*[#  26]+0.039*[#  29]
          +0.039*[#  36]+0.039*[#  39]+0.003*[#   7]+0.003*[#   8]+0.003*[#  10]
          +0.003*[#  17]+0.003*[#  18]+0.003*[#  20]+0.003*[#  27]+0.003*[#  28]
          +0.003*[#  30]+0.003*[#  37]+0.003*[#  38]+0.003*[#  40]
    |psi|^2 = 0.988
==== e(  19) =    14.48068 eV ==== 
     psi = 0.214*[#  36]+0.177*[#  19]+0.177*[#  29]+0.104*[#  16]+0.104*[#  26]
          +0.067*[#  39]+0.019*[#   2]+0.018*[#   6]+0.018*[#   9]+0.007*[#  18]
          +0.007*[#  27]+0.007*[#  40]+0.006*[#  12]+0.006*[#  22]+0.006*[#  32]
          +0.003*[#  17]+0.003*[#  20]+0.003*[#  28]+0.003*[#  30]+0.003*[#  37]
          +0.003*[#  38]
    |psi|^2 = 0.960
==== e(  20) =    14.48070 eV ==== 
     psi = 0.202*[#   6]+0.202*[#   9]+0.152*[#  39]+0.116*[#  16]+0.116*[#  26]
          +0.042*[#  19]+0.042*[#  29]+0.013*[#  12]+0.013*[#  22]+0.013*[#  32]
          +0.007*[#   7]+0.007*[#   8]+0.007*[#  10]+0.006*[#  36]+0.004*[#  17]
          +0.004*[#  20]+0.004*[#  28]+0.004*[#  30]+0.004*[#  37]+0.004*[#  38]
          
    |psi|^2 = 0.960
==== e(  21) =    14.94068 eV ==== 
     psi = 0.101*[#  18]+0.101*[#  27]+0.101*[#  40]+0.074*[#  17]+0.074*[#  20]
          +0.074*[#  28]+0.074*[#  30]+0.074*[#  37]+0.074*[#  38]+0.054*[#   7]
          +0.054*[#   8]+0.054*[#  10]+0.010*[#  36]+0.008*[#  19]+0.008*[#  29]
          +0.006*[#   2]+0.005*[#  16]+0.005*[#  26]+0.003*[#  39]+0.002*[#  12]
          +0.002*[#  22]+0.002*[#  32]
    |psi|^2 = 0.963
==== e(  22) =    14.94068 eV ==== 
     psi = 0.098*[#   7]+0.098*[#   8]+0.098*[#  10]+0.077*[#  17]+0.077*[#  20]
          +0.077*[#  28]+0.077*[#  30]+0.077*[#  37]+0.077*[#  38]+0.051*[#  18]
          +0.051*[#  27]+0.051*[#  40]+0.010*[#   6]+0.010*[#   9]+0.007*[#  39]
          +0.005*[#  16]+0.005*[#  26]+0.004*[#  12]+0.004*[#  22]+0.004*[#  32]
          +0.002*[#  19]+0.002*[#  29]
    |psi|^2 = 0.963
==== e(  23) =    14.97012 eV ==== 
     psi = 0.081*[#   7]+0.081*[#   8]+0.081*[#  10]+0.081*[#  17]+0.081*[#  18]
          +0.081*[#  20]+0.081*[#  27]+0.081*[#  28]+0.081*[#  30]+0.081*[#  37]
          +0.081*[#  38]+0.081*[#  40]+0.002*[#   6]+0.002*[#   9]+0.002*[#  16]
          +0.002*[#  19]+0.002*[#  26]+0.002*[#  29]+0.002*[#  36]+0.002*[#  39]
          
    |psi|^2 = 0.987
==== e(  24) =    15.63031 eV ==== 
     psi = 0.082*[#   7]+0.082*[#   8]+0.082*[#  10]+0.082*[#  17]+0.082*[#  18]
          +0.082*[#  20]+0.082*[#  27]+0.082*[#  28]+0.082*[#  30]+0.082*[#  37]
          +0.082*[#  38]+0.082*[#  40]+0.001*[#   2]+0.001*[#  12]+0.001*[#  22]
          +0.001*[#  32]
    |psi|^2 = 0.991
==== e(  25) =    15.96200 eV ==== 
     psi = 0.102*[#  18]+0.102*[#  27]+0.102*[#  40]+0.076*[#  17]+0.076*[#  20]
          +0.076*[#  28]+0.076*[#  30]+0.076*[#  37]+0.076*[#  38]+0.036*[#   7]
          +0.036*[#   8]+0.036*[#  10]+0.012*[#  12]+0.012*[#  22]+0.012*[#  32]
          +0.007*[#   6]+0.007*[#   9]+0.006*[#  39]+0.004*[#  16]+0.004*[#  26]
          +0.002*[#  19]+0.002*[#  29]
    |psi|^2 = 0.938
==== e(  26) =    15.96200 eV ==== 
     psi = 0.108*[#   7]+0.108*[#   8]+0.108*[#  10]+0.069*[#  17]+0.069*[#  20]
          +0.069*[#  28]+0.069*[#  30]+0.069*[#  37]+0.069*[#  38]+0.043*[#  18]
          +0.043*[#  27]+0.043*[#  40]+0.018*[#   2]+0.008*[#  36]+0.006*[#  19]
          +0.006*[#  29]+0.006*[#  12]+0.006*[#  22]+0.006*[#  32]+0.004*[#  16]
          +0.004*[#  26]+0.002*[#  39]+0.001*[#   6]+0.001*[#   9]
    |psi|^2 = 0.938
==== e(  27) =    16.31665 eV ==== 
     psi = 0.062*[#   6]+0.062*[#   9]+0.062*[#  16]+0.062*[#  19]+0.062*[#  26]
          +0.062*[#  29]+0.062*[#  36]+0.062*[#  39]+0.035*[#   2]+0.035*[#  12]
          +0.035*[#  22]+0.035*[#  32]+0.029*[#   7]+0.029*[#   8]+0.029*[#  10]
          +0.029*[#  17]+0.029*[#  18]+0.029*[#  20]+0.029*[#  27]+0.029*[#  28]
          +0.029*[#  30]+0.029*[#  37]+0.029*[#  38]+0.029*[#  40]
    |psi|^2 = 0.985
==== e(  28) =    16.46143 eV ==== 
     psi = 0.065*[#   6]+0.065*[#   9]+0.065*[#  16]+0.065*[#  19]+0.065*[#  26]
          +0.065*[#  29]+0.065*[#  36]+0.065*[#  39]+0.039*[#   7]+0.039*[#   8]
          +0.039*[#  10]+0.039*[#  17]+0.039*[#  18]+0.039*[#  20]+0.039*[#  27]
          +0.039*[#  28]+0.039*[#  30]+0.039*[#  37]+0.039*[#  38]+0.039*[#  40]
          
    |psi|^2 = 0.996
==== e(  29) =    16.65620 eV ==== 
     psi = 0.068*[#   7]+0.068*[#   8]+0.068*[#  10]+0.068*[#  17]+0.068*[#  18]
          +0.068*[#  20]+0.068*[#  27]+0.068*[#  28]+0.068*[#  30]+0.068*[#  37]
          +0.068*[#  38]+0.068*[#  40]+0.023*[#   6]+0.023*[#   9]+0.023*[#  16]
          +0.023*[#  19]+0.023*[#  26]+0.023*[#  29]+0.023*[#  36]+0.023*[#  39]
          
    |psi|^2 = 0.997
==== e(  30) =    17.11669 eV ==== 
     psi = 0.057*[#   6]+0.057*[#   9]+0.057*[#  16]+0.057*[#  19]+0.057*[#  26]
          +0.057*[#  29]+0.057*[#  36]+0.057*[#  39]+0.043*[#   7]+0.043*[#   8]
          +0.043*[#  10]+0.043*[#  17]+0.043*[#  18]+0.043*[#  20]+0.043*[#  27]
          +0.043*[#  28]+0.043*[#  30]+0.043*[#  37]+0.043*[#  38]+0.043*[#  40]
          +0.007*[#   2]+0.007*[#  12]+0.007*[#  22]+0.007*[#  32]
    |psi|^2 = 0.997
==== e(  31) =    17.20862 eV ==== 
     psi = 0.055*[#   6]+0.055*[#   9]+0.055*[#  16]+0.055*[#  19]+0.055*[#  26]
          +0.055*[#  29]+0.055*[#  36]+0.055*[#  39]+0.046*[#   7]+0.046*[#   8]
          +0.046*[#  10]+0.046*[#  17]+0.046*[#  18]+0.046*[#  20]+0.046*[#  27]
          +0.046*[#  28]+0.046*[#  30]+0.046*[#  37]+0.046*[#  38]+0.046*[#  40]
          
    |psi|^2 = 0.996
==== e(  32) =    17.26297 eV ==== 
     psi = 0.229*[#  39]+0.190*[#  16]+0.190*[#  26]+0.112*[#  19]+0.112*[#  29]
          +0.073*[#  36]+0.016*[#   6]+0.016*[#   9]+0.009*[#  17]+0.009*[#  20]
          +0.009*[#  28]+0.009*[#  30]+0.009*[#  37]+0.009*[#  38]
    |psi|^2 = 0.992
==== e(  33) =    17.26297 eV ==== 
     psi = 0.218*[#   6]+0.218*[#   9]+0.161*[#  36]+0.122*[#  19]+0.122*[#  29]
          +0.044*[#  16]+0.044*[#  26]+0.009*[#   7]+0.009*[#   8]+0.009*[#  10]
          +0.009*[#  18]+0.009*[#  27]+0.009*[#  40]+0.005*[#  39]
    |psi|^2 = 0.992
==== e(  34) =    17.54337 eV ==== 
     psi = 0.102*[#   6]+0.102*[#   9]+0.102*[#  16]+0.102*[#  19]+0.102*[#  26]
          +0.102*[#  29]+0.102*[#  36]+0.102*[#  39]+0.015*[#   7]+0.015*[#   8]
          +0.015*[#  10]+0.015*[#  17]+0.015*[#  18]+0.015*[#  20]+0.015*[#  27]
          +0.015*[#  28]+0.015*[#  30]+0.015*[#  37]+0.015*[#  38]+0.015*[#  40]
          
    |psi|^2 = 0.999
==== e(  35) =    17.96578 eV ==== 
     psi = 0.070*[#   6]+0.070*[#   9]+0.070*[#  16]+0.070*[#  19]+0.070*[#  26]
          +0.070*[#  29]+0.070*[#  36]+0.070*[#  39]+0.037*[#   7]+0.037*[#   8]
          +0.037*[#  10]+0.037*[#  17]+0.037*[#  18]+0.037*[#  20]+0.037*[#  27]
          +0.037*[#  28]+0.037*[#  30]+0.037*[#  37]+0.037*[#  38]+0.037*[#  40]
          
    |psi|^2 = 0.999
==== e(  36) =    18.14421 eV ==== 
     psi = 0.052*[#   7]+0.052*[#   8]+0.052*[#  10]+0.052*[#  17]+0.052*[#  18]
          +0.052*[#  20]+0.052*[#  27]+0.052*[#  28]+0.052*[#  30]+0.052*[#  37]
          +0.052*[#  38]+0.052*[#  40]+0.047*[#   2]+0.047*[#  12]+0.047*[#  22]
          +0.047*[#  32]+0.020*[#   6]+0.020*[#   9]+0.020*[#  16]+0.020*[#  19]
          +0.020*[#  26]+0.020*[#  29]+0.020*[#  36]+0.020*[#  39]
    |psi|^2 = 0.981
==== e(  37) =    18.16651 eV ==== 
     psi = 0.152*[#  17]+0.152*[#  20]+0.152*[#  28]+0.152*[#  30]+0.152*[#  37]
          +0.152*[#  38]+0.012*[#   7]+0.012*[#   8]+0.012*[#  10]+0.010*[#  39]
          +0.008*[#  16]+0.008*[#  26]+0.005*[#  19]+0.005*[#  29]+0.003*[#  36]
          +0.002*[#  18]+0.002*[#  27]+0.002*[#  40]
    |psi|^2 = 0.999
==== e(  38) =    18.16652 eV ==== 
     psi = 0.157*[#  18]+0.157*[#  27]+0.157*[#  40]+0.147*[#   7]+0.147*[#   8]
          +0.147*[#  10]+0.009*[#   6]+0.009*[#   9]+0.007*[#  17]+0.007*[#  20]
          +0.007*[#  28]+0.007*[#  30]+0.007*[#  37]+0.007*[#  38]+0.007*[#  36]
          +0.005*[#  19]+0.005*[#  29]+0.002*[#  16]+0.002*[#  26]
    |psi|^2 = 0.999
==== e(  39) =    22.89761 eV ==== 
     psi = 0.134*[#   2]+0.045*[#  12]+0.045*[#  22]+0.045*[#  32]+0.012*[#   7]
          +0.012*[#   8]+0.012*[#  10]+0.009*[#  18]+0.009*[#  27]+0.009*[#  36]
          +0.009*[#  40]+0.008*[#  17]+0.008*[#  20]+0.008*[#  28]+0.008*[#  30]
          +0.008*[#  37]+0.008*[#  38]+0.007*[#  19]+0.007*[#  29]+0.004*[#  16]
          +0.004*[#  26]+0.003*[#  39]+0.003*[#   1]
    |psi|^2 = 0.422
==== e(  40) =    22.89761 eV ==== 
     psi = 0.090*[#  12]+0.090*[#  22]+0.090*[#  32]+0.010*[#  17]+0.010*[#  20]
          +0.010*[#  28]+0.010*[#  30]+0.010*[#  37]+0.010*[#  38]+0.010*[#  18]
          +0.010*[#  27]+0.010*[#  40]+0.009*[#   6]+0.009*[#   9]+0.007*[#   7]
          +0.007*[#   8]+0.007*[#  10]+0.006*[#  39]+0.005*[#  16]+0.005*[#  26]
          +0.002*[#  11]+0.002*[#  19]+0.002*[#  21]+0.002*[#  29]+0.002*[#  31]
          
    |psi|^2 = 0.422
==== e(  41) =    26.10017 eV ==== 
     psi = 0.130*[#   2]+0.043*[#  12]+0.043*[#  22]+0.043*[#  32]+0.007*[#  18]
          +0.007*[#  27]+0.007*[#  40]+0.003*[#  17]+0.003*[#  20]+0.003*[#  28]
          +0.003*[#  30]+0.003*[#  37]+0.003*[#  38]+0.002*[#   1]+0.002*[#   7]
          +0.002*[#   8]+0.002*[#  10]+0.001*[#  36]+0.001*[#  19]+0.001*[#  29]
          
    |psi|^2 = 0.318
==== e(  42) =    26.10017 eV ==== 
     psi = 0.087*[#  12]+0.087*[#  22]+0.087*[#  32]+0.006*[#   7]+0.006*[#   8]
          +0.006*[#  10]+0.004*[#  17]+0.004*[#  20]+0.004*[#  28]+0.004*[#  30]
          +0.004*[#  37]+0.004*[#  38]+0.002*[#  11]+0.002*[#  21]+0.002*[#  31]
          +0.001*[#   6]+0.001*[#   9]+0.001*[#  18]+0.001*[#  27]+0.001*[#  40]
          
    |psi|^2 = 0.318
==== e(  43) =    29.72162 eV ==== 
     psi = 0.089*[#   2]+0.046*[#  12]+0.046*[#  22]+0.046*[#  32]+0.004*[#  36]
          +0.004*[#  19]+0.004*[#  29]+0.003*[#  16]+0.003*[#  26]+0.002*[#   6]
          +0.002*[#   9]+0.002*[#  39]+0.002*[#   1]
    |psi|^2 = 0.257

 k =   0.1250000000  0.1250000000 -0.5000000000
==== e(   1) =   -84.90564 eV ==== 
     psi = 0.331*[#  11]+0.331*[#  21]+0.331*[#  31]+0.002*[#  12]+0.002*[#  22]
          +0.002*[#  32]
    |psi|^2 = 1.000
==== e(   2) =   -84.90563 eV ==== 
     psi = 0.496*[#   1]+0.165*[#  11]+0.165*[#  21]+0.165*[#  31]+0.004*[#   2]
          +0.001*[#  12]+0.001*[#  22]+0.001*[#  32]
    |psi|^2 = 1.000
==== e(   3) =   -84.88627 eV ==== 
     psi = 0.328*[#  11]+0.328*[#  21]+0.328*[#  31]+0.005*[#  12]+0.005*[#  22]
          +0.005*[#  32]
    |psi|^2 = 1.000
==== e(   4) =   -84.88626 eV ==== 
     psi = 0.492*[#   1]+0.164*[#  11]+0.164*[#  21]+0.164*[#  31]+0.008*[#   2]
          +0.003*[#  12]+0.003*[#  22]+0.003*[#  32]
    |psi|^2 = 1.000
==== e(   5) =   -45.35934 eV ==== 
     psi = 0.167*[#  14]+0.167*[#  25]+0.167*[#  33]+0.070*[#  13]+0.070*[#  15]
          +0.070*[#  23]+0.070*[#  24]+0.070*[#  34]+0.070*[#  35]+0.027*[#   3]
          +0.027*[#   4]+0.027*[#   5]
    |psi|^2 = 1.000
==== e(   6) =   -45.35933 eV ==== 
     psi = 0.139*[#   3]+0.139*[#   4]+0.139*[#   5]+0.097*[#  13]+0.097*[#  15]
          +0.097*[#  23]+0.097*[#  24]+0.097*[#  34]+0.097*[#  35]
    |psi|^2 = 1.000
==== e(   7) =   -45.32567 eV ==== 
     psi = 0.166*[#  14]+0.166*[#  25]+0.166*[#  33]+0.083*[#  13]+0.083*[#  15]
          +0.083*[#  23]+0.083*[#  24]+0.083*[#  34]+0.083*[#  35]
    |psi|^2 = 1.000
==== e(   8) =   -45.32566 eV ==== 
     psi = 0.166*[#   3]+0.166*[#   4]+0.166*[#   5]+0.083*[#  13]+0.083*[#  15]
          +0.083*[#  23]+0.083*[#  24]+0.083*[#  34]+0.083*[#  35]
    |psi|^2 = 1.000
==== e(   9) =   -45.31810 eV ==== 
     psi = 0.165*[#  14]+0.165*[#  25]+0.165*[#  33]+0.128*[#   3]+0.128*[#   4]
          +0.128*[#   5]+0.019*[#  13]+0.019*[#  15]+0.019*[#  23]+0.019*[#  24]
          +0.019*[#  34]+0.019*[#  35]+0.002*[#  12]+0.002*[#  22]+0.002*[#  32]
          
    |psi|^2 = 1.000
==== e(  10) =   -45.31810 eV ==== 
     psi = 0.147*[#  13]+0.147*[#  15]+0.147*[#  23]+0.147*[#  24]+0.147*[#  34]
          +0.147*[#  35]+0.037*[#   3]+0.037*[#   4]+0.037*[#   5]+0.004*[#   2]
          +0.001*[#  12]+0.001*[#  22]+0.001*[#  32]
    |psi|^2 = 1.000
==== e(  11) =   -45.26583 eV ==== 
     psi = 0.167*[#  14]+0.167*[#  25]+0.167*[#  33]+0.139*[#   3]+0.139*[#   4]
          +0.139*[#   5]+0.014*[#  13]+0.014*[#  15]+0.014*[#  23]+0.014*[#  24]
          +0.014*[#  34]+0.014*[#  35]
    |psi|^2 = 1.000
==== e(  12) =   -45.26582 eV ==== 
     psi = 0.153*[#  13]+0.153*[#  15]+0.153*[#  23]+0.153*[#  24]+0.153*[#  34]
          +0.153*[#  35]+0.027*[#   3]+0.027*[#   4]+0.027*[#   5]
    |psi|^2 = 1.000
==== e(  13) =   -45.23528 eV ==== 
     psi = 0.167*[#  14]+0.167*[#  25]+0.167*[#  33]+0.065*[#  13]+0.065*[#  15]
          +0.065*[#  23]+0.065*[#  24]+0.065*[#  34]+0.065*[#  35]+0.037*[#   3]
          +0.037*[#   4]+0.037*[#   5]
    |psi|^2 = 1.000
==== e(  14) =   -45.23527 eV ==== 
     psi = 0.129*[#   3]+0.129*[#   4]+0.129*[#   5]+0.102*[#  13]+0.102*[#  15]
          +0.102*[#  23]+0.102*[#  24]+0.102*[#  34]+0.102*[#  35]
    |psi|^2 = 1.000
==== e(  15) =   -45.23470 eV ==== 
     psi = 0.167*[#  14]+0.167*[#  25]+0.167*[#  33]+0.083*[#  13]+0.083*[#  15]
          +0.083*[#  23]+0.083*[#  24]+0.083*[#  34]+0.083*[#  35]
    |psi|^2 = 1.000
==== e(  16) =   -45.23469 eV ==== 
     psi = 0.167*[#   3]+0.167*[#   4]+0.167*[#   5]+0.083*[#  13]+0.083*[#  15]
          +0.083*[#  23]+0.083*[#  24]+0.083*[#  34]+0.083*[#  35]
    |psi|^2 = 1.000
==== e(  17) =    12.03877 eV ==== 
     psi = 0.288*[#  12]+0.288*[#  22]+0.288*[#  32]+0.021*[#  39]+0.018*[#  16]
          +0.018*[#  26]+0.011*[#  19]+0.011*[#  29]+0.007*[#  36]+0.005*[#   7]
          +0.005*[#   8]+0.005*[#  10]+0.003*[#  17]+0.003*[#  20]+0.003*[#  28]
          +0.003*[#  30]+0.003*[#  37]+0.003*[#  38]+0.003*[#  11]+0.003*[#  21]
          +0.003*[#  31]+0.001*[#  14]+0.001*[#  25]+0.001*[#  33]+0.001*[#   3]
          +0.001*[#   4]+0.001*[#   5]
    |psi|^2 = 0.995
==== e(  18) =    12.03878 eV ==== 
     psi = 0.432*[#   2]+0.144*[#  12]+0.144*[#  22]+0.144*[#  32]+0.021*[#   6]
          +0.021*[#   9]+0.014*[#  36]+0.011*[#  19]+0.011*[#  29]+0.005*[#  18]
          +0.005*[#  27]+0.005*[#  40]+0.004*[#   1]+0.004*[#  16]+0.004*[#  26]
          +0.002*[#  17]+0.002*[#  20]+0.002*[#  28]+0.002*[#  30]+0.002*[#  37]
          +0.002*[#  38]+0.001*[#  11]+0.001*[#  21]+0.001*[#  31]+0.001*[#  13]
          +0.001*[#  15]+0.001*[#  23]+0.001*[#  24]+0.001*[#  34]+0.001*[#  35]
          
    |psi|^2 = 0.995
==== e(  19) =    14.69574 eV ==== 
     psi = 0.235*[#  36]+0.196*[#  19]+0.196*[#  29]+0.118*[#  16]+0.118*[#  26]
          +0.078*[#  39]
    |psi|^2 = 0.943
==== e(  20) =    14.69575 eV ==== 
     psi = 0.235*[#   6]+0.235*[#   9]+0.157*[#  39]+0.118*[#  16]+0.118*[#  26]
          +0.039*[#  19]+0.039*[#  29]
    |psi|^2 = 0.943
==== e(  21) =    15.13583 eV ==== 
     psi = 0.150*[#  18]+0.150*[#  27]+0.150*[#  40]+0.071*[#  17]+0.071*[#  20]
          +0.071*[#  28]+0.071*[#  30]+0.071*[#  37]+0.071*[#  38]+0.029*[#   2]
          +0.010*[#  12]+0.010*[#  22]+0.010*[#  32]+0.008*[#   7]+0.008*[#   8]
          +0.008*[#  10]+0.003*[#   6]+0.003*[#   9]+0.002*[#  36]+0.001*[#  19]
          +0.001*[#  29]
    |psi|^2 = 0.968
==== e(  22) =    15.13583 eV ==== 
     psi = 0.142*[#   7]+0.142*[#   8]+0.142*[#  10]+0.079*[#  17]+0.079*[#  20]
          +0.079*[#  28]+0.079*[#  30]+0.079*[#  37]+0.079*[#  38]+0.019*[#  12]
          +0.019*[#  22]+0.019*[#  32]+0.003*[#  39]+0.002*[#  16]+0.002*[#  26]
          +0.001*[#  19]+0.001*[#  29]
    |psi|^2 = 0.968
==== e(  23) =    15.29776 eV ==== 
     psi = 0.159*[#  17]+0.159*[#  20]+0.159*[#  28]+0.159*[#  30]+0.159*[#  37]
          +0.159*[#  38]+0.009*[#   7]+0.009*[#   8]+0.009*[#  10]+0.002*[#  39]
          +0.002*[#  16]+0.002*[#  26]+0.001*[#  12]+0.001*[#  22]+0.001*[#  32]
          
    |psi|^2 = 0.989
==== e(  24) =    15.29777 eV ==== 
     psi = 0.163*[#  18]+0.163*[#  27]+0.163*[#  40]+0.154*[#   7]+0.154*[#   8]
          +0.154*[#  10]+0.004*[#  17]+0.004*[#  20]+0.004*[#  28]+0.004*[#  30]
          +0.004*[#  37]+0.004*[#  38]+0.002*[#   2]+0.002*[#   6]+0.002*[#   9]
          +0.001*[#  36]
    |psi|^2 = 0.989
==== e(  25) =    15.59866 eV ==== 
     psi = 0.156*[#  18]+0.156*[#  27]+0.156*[#  40]+0.078*[#  17]+0.078*[#  20]
          +0.078*[#  28]+0.078*[#  30]+0.078*[#  37]+0.078*[#  38]+0.001*[#   6]
          +0.001*[#   9]
    |psi|^2 = 0.940
==== e(  26) =    15.59866 eV ==== 
     psi = 0.156*[#   7]+0.156*[#   8]+0.156*[#  10]+0.078*[#  17]+0.078*[#  20]
          +0.078*[#  28]+0.078*[#  30]+0.078*[#  37]+0.078*[#  38]+0.001*[#  36]
          +0.001*[#  19]+0.001*[#  29]
    |psi|^2 = 0.940
==== e(  27) =    16.29726 eV ==== 
     psi = 0.171*[#  39]+0.142*[#  16]+0.142*[#  26]+0.085*[#  19]+0.085*[#  29]
          +0.057*[#  36]+0.041*[#   7]+0.041*[#   8]+0.041*[#  10]+0.026*[#  17]
          +0.026*[#  20]+0.026*[#  28]+0.026*[#  30]+0.026*[#  37]+0.026*[#  38]
          +0.011*[#  12]+0.011*[#  22]+0.011*[#  32]
    |psi|^2 = 0.994
==== e(  28) =    16.29726 eV ==== 
     psi = 0.171*[#   6]+0.171*[#   9]+0.114*[#  36]+0.085*[#  19]+0.085*[#  29]
          +0.046*[#  18]+0.046*[#  27]+0.046*[#  40]+0.028*[#  16]+0.028*[#  26]
          +0.020*[#  17]+0.020*[#  20]+0.020*[#  28]+0.020*[#  30]+0.020*[#  37]
          +0.020*[#  38]+0.016*[#   2]+0.005*[#   7]+0.005*[#   8]+0.005*[#  10]
          +0.005*[#  12]+0.005*[#  22]+0.005*[#  32]
    |psi|^2 = 0.994
==== e(  29) =    16.90926 eV ==== 
     psi = 0.116*[#   7]+0.116*[#   8]+0.116*[#  10]+0.075*[#  36]+0.062*[#  19]
          +0.062*[#  29]+0.058*[#  17]+0.058*[#  20]+0.058*[#  28]+0.058*[#  30]
          +0.058*[#  37]+0.058*[#  38]+0.037*[#  16]+0.037*[#  26]+0.025*[#  39]
          
    |psi|^2 = 0.996
==== e(  30) =    16.90926 eV ==== 
     psi = 0.116*[#  18]+0.116*[#  27]+0.116*[#  40]+0.075*[#   6]+0.075*[#   9]
          +0.058*[#  17]+0.058*[#  20]+0.058*[#  28]+0.058*[#  30]+0.058*[#  37]
          +0.058*[#  38]+0.050*[#  39]+0.037*[#  16]+0.037*[#  26]+0.012*[#  19]
          +0.012*[#  29]
    |psi|^2 = 0.996
==== e(  31) =    17.12234 eV ==== 
     psi = 0.237*[#  39]+0.198*[#  16]+0.198*[#  26]+0.119*[#  19]+0.119*[#  29]
          +0.079*[#  36]+0.006*[#  17]+0.006*[#  20]+0.006*[#  28]+0.006*[#  30]
          +0.006*[#  37]+0.006*[#  38]+0.001*[#  12]+0.001*[#  22]+0.001*[#  32]
          
    |psi|^2 = 0.994
==== e(  32) =    17.12235 eV ==== 
     psi = 0.237*[#   6]+0.237*[#   9]+0.158*[#  36]+0.119*[#  19]+0.119*[#  29]
          +0.040*[#  16]+0.040*[#  26]+0.007*[#  18]+0.007*[#  27]+0.007*[#  40]
          +0.006*[#   7]+0.006*[#   8]+0.006*[#  10]+0.002*[#   2]
    |psi|^2 = 0.994
==== e(  33) =    17.49495 eV ==== 
     psi = 0.116*[#  18]+0.116*[#  27]+0.116*[#  40]+0.056*[#  17]+0.056*[#  20]
          +0.056*[#  28]+0.056*[#  30]+0.056*[#  37]+0.056*[#  38]+0.055*[#   6]
          +0.055*[#   9]+0.038*[#   2]+0.036*[#  36]+0.027*[#  19]+0.027*[#  29]
          +0.013*[#  12]+0.013*[#  22]+0.013*[#  32]+0.009*[#  16]+0.009*[#  26]
          +0.005*[#   7]+0.005*[#   8]+0.005*[#  10]
    |psi|^2 = 0.993
==== e(  34) =    17.49495 eV ==== 
     psi = 0.111*[#   7]+0.111*[#   8]+0.111*[#  10]+0.061*[#  17]+0.061*[#  20]
          +0.061*[#  28]+0.061*[#  30]+0.061*[#  37]+0.061*[#  38]+0.055*[#  39]
          +0.045*[#  16]+0.045*[#  26]+0.027*[#  19]+0.027*[#  29]+0.025*[#  12]
          +0.025*[#  22]+0.025*[#  32]+0.018*[#  36]
    |psi|^2 = 0.993
==== e(  35) =    17.75953 eV ==== 
     psi = 0.175*[#  36]+0.146*[#  19]+0.146*[#  29]+0.088*[#  16]+0.088*[#  26]
          +0.058*[#  39]+0.050*[#   7]+0.050*[#   8]+0.050*[#  10]+0.025*[#  17]
          +0.025*[#  20]+0.025*[#  28]+0.025*[#  30]+0.025*[#  37]+0.025*[#  38]
          
    |psi|^2 = 0.999
==== e(  36) =    17.75954 eV ==== 
     psi = 0.175*[#   6]+0.175*[#   9]+0.117*[#  39]+0.088*[#  16]+0.088*[#  26]
          +0.050*[#  18]+0.050*[#  27]+0.050*[#  40]+0.029*[#  19]+0.029*[#  29]
          +0.025*[#  17]+0.025*[#  20]+0.025*[#  28]+0.025*[#  30]+0.025*[#  37]
          +0.025*[#  38]
    |psi|^2 = 0.999
==== e(  37) =    18.15621 eV ==== 
     psi = 0.156*[#  17]+0.156*[#  20]+0.156*[#  28]+0.156*[#  30]+0.156*[#  37]
          +0.156*[#  38]+0.011*[#   7]+0.011*[#   8]+0.011*[#  10]+0.007*[#  39]
          +0.006*[#  16]+0.006*[#  26]+0.003*[#  19]+0.003*[#  29]+0.002*[#  36]
          
    |psi|^2 = 0.999
==== e(  38) =    18.15623 eV ==== 
     psi = 0.162*[#  18]+0.162*[#  27]+0.162*[#  40]+0.151*[#   7]+0.151*[#   8]
          +0.151*[#  10]+0.007*[#   6]+0.007*[#   9]+0.006*[#  17]+0.006*[#  20]
          +0.006*[#  28]+0.006*[#  30]+0.006*[#  37]+0.006*[#  38]+0.005*[#  36]
          +0.003*[#  19]+0.003*[#  29]+0.001*[#  16]+0.001*[#  26]
    |psi|^2 = 0.999
==== e(  39) =    23.85205 eV ==== 
     psi = 0.010*[#   7]+0.010*[#   8]+0.010*[#  10]+0.009*[#  36]+0.008*[#  19]
          +0.008*[#  29]+0.005*[#  17]+0.005*[#  20]+0.005*[#  28]+0.005*[#  30]
          +0.005*[#  37]+0.005*[#  38]+0.005*[#  16]+0.005*[#  26]+0.003*[#  39]
          
    |psi|^2 = 0.095
==== e(  40) =    23.85206 eV ==== 
     psi = 0.010*[#  18]+0.010*[#  27]+0.010*[#  40]+0.009*[#   6]+0.009*[#   9]
          +0.006*[#  39]+0.005*[#  17]+0.005*[#  20]+0.005*[#  28]+0.005*[#  30]
          +0.005*[#  37]+0.005*[#  38]+0.005*[#  16]+0.005*[#  26]+0.002*[#  19]
          +0.002*[#  29]
    |psi|^2 = 0.095
==== e(  41) =    24.98570 eV ==== 
     psi = 0.291*[#   2]+0.097*[#  12]+0.097*[#  22]+0.097*[#  32]+0.015*[#  18]
          +0.015*[#  27]+0.015*[#  40]+0.006*[#  17]+0.006*[#  20]+0.006*[#  28]
          +0.006*[#  30]+0.006*[#  37]+0.006*[#  38]+0.006*[#   1]+0.002*[#   7]
          +0.002*[#   8]+0.002*[#  10]+0.002*[#  11]+0.002*[#  21]+0.002*[#  31]
          
    |psi|^2 = 0.685
==== e(  42) =    24.98570 eV ==== 
     psi = 0.194*[#  12]+0.194*[#  22]+0.194*[#  32]+0.013*[#   7]+0.013*[#   8]
          +0.013*[#  10]+0.008*[#  17]+0.008*[#  20]+0.008*[#  28]+0.008*[#  30]
          +0.008*[#  37]+0.008*[#  38]+0.004*[#  11]+0.004*[#  21]+0.004*[#  31]
          
    |psi|^2 = 0.685
==== e(  43) =    30.33513 eV ==== 
     psi = 0.004*[#   6]+0.004*[#   9]+0.003*[#  39]+0.002*[#  16]+0.002*[#  26]
          
    |psi|^2 = 0.022

 k =   0.1250000000  0.2500000000  0.2500000000
==== e(   1) =   -84.91655 eV ==== 
     psi = 0.243*[#  11]+0.243*[#  21]+0.243*[#  31]+0.243*[#   1]+0.007*[#   2]
          +0.007*[#  12]+0.007*[#  22]+0.007*[#  32]
    |psi|^2 = 1.000
==== e(   2) =   -84.89027 eV ==== 
     psi = 0.331*[#  11]+0.331*[#  21]+0.331*[#  31]+0.002*[#  12]+0.002*[#  22]
          +0.002*[#  32]
    |psi|^2 = 1.000
==== e(   3) =   -84.89027 eV ==== 
     psi = 0.496*[#   1]+0.166*[#  11]+0.166*[#  21]+0.166*[#  31]+0.003*[#   2]
          
    |psi|^2 = 1.000
==== e(   4) =   -84.88678 eV ==== 
     psi = 0.247*[#   1]+0.246*[#  11]+0.246*[#  21]+0.246*[#  31]+0.004*[#   2]
          +0.004*[#  12]+0.004*[#  22]+0.004*[#  32]
    |psi|^2 = 1.000
==== e(   5) =   -45.37567 eV ==== 
     psi = 0.084*[#  14]+0.084*[#  25]+0.084*[#  33]+0.083*[#  13]+0.083*[#  15]
          +0.083*[#  23]+0.083*[#  24]+0.083*[#  34]+0.083*[#  35]+0.083*[#   3]
          +0.083*[#   4]+0.083*[#   5]
    |psi|^2 = 1.000
==== e(   6) =   -45.37438 eV ==== 
     psi = 0.138*[#  14]+0.138*[#  25]+0.138*[#  33]+0.078*[#  13]+0.078*[#  15]
          +0.078*[#  23]+0.078*[#  24]+0.078*[#  34]+0.078*[#  35]+0.038*[#   3]
          +0.038*[#   4]+0.038*[#   5]+0.002*[#   2]
    |psi|^2 = 1.000
==== e(   7) =   -45.37437 eV ==== 
     psi = 0.129*[#   3]+0.129*[#   4]+0.129*[#   5]+0.088*[#  13]+0.088*[#  15]
          +0.088*[#  23]+0.088*[#  24]+0.088*[#  34]+0.088*[#  35]+0.028*[#  14]
          +0.028*[#  25]+0.028*[#  33]+0.001*[#  12]+0.001*[#  22]+0.001*[#  32]
          
    |psi|^2 = 1.000
==== e(   8) =   -45.31140 eV ==== 
     psi = 0.083*[#   3]+0.083*[#   4]+0.083*[#   5]+0.083*[#  13]+0.083*[#  14]
          +0.083*[#  15]+0.083*[#  23]+0.083*[#  24]+0.083*[#  25]+0.083*[#  33]
          +0.083*[#  34]+0.083*[#  35]
    |psi|^2 = 1.000
==== e(   9) =   -45.28401 eV ==== 
     psi = 0.145*[#  13]+0.145*[#  15]+0.145*[#  23]+0.145*[#  24]+0.145*[#  34]
          +0.145*[#  35]+0.043*[#  14]+0.043*[#  25]+0.043*[#  33]
    |psi|^2 = 1.000
==== e(  10) =   -45.28401 eV ==== 
     psi = 0.166*[#   3]+0.166*[#   4]+0.166*[#   5]+0.123*[#  14]+0.123*[#  25]
          +0.123*[#  33]+0.022*[#  13]+0.022*[#  15]+0.022*[#  23]+0.022*[#  24]
          +0.022*[#  34]+0.022*[#  35]
    |psi|^2 = 1.000
==== e(  11) =   -45.27981 eV ==== 
     psi = 0.083*[#   3]+0.083*[#   4]+0.083*[#   5]+0.083*[#  13]+0.083*[#  14]
          +0.083*[#  15]+0.083*[#  23]+0.083*[#  24]+0.083*[#  25]+0.083*[#  33]
          +0.083*[#  34]+0.083*[#  35]+0.001*[#   2]+0.001*[#  12]+0.001*[#  22]
          +0.001*[#  32]
    |psi|^2 = 1.000
==== e(  12) =   -45.25850 eV ==== 
     psi = 0.084*[#  14]+0.084*[#  25]+0.084*[#  33]+0.084*[#   3]+0.084*[#   4]
          +0.084*[#   5]+0.083*[#  13]+0.083*[#  15]+0.083*[#  23]+0.083*[#  24]
          +0.083*[#  34]+0.083*[#  35]
    |psi|^2 = 1.000
==== e(  13) =   -45.25810 eV ==== 
     psi = 0.101*[#  13]+0.101*[#  15]+0.101*[#  23]+0.101*[#  24]+0.101*[#  34]
          +0.101*[#  35]+0.095*[#  14]+0.095*[#  25]+0.095*[#  33]+0.037*[#   3]
          +0.037*[#   4]+0.037*[#   5]
    |psi|^2 = 1.000
==== e(  14) =   -45.25810 eV ==== 
     psi = 0.129*[#   3]+0.129*[#   4]+0.129*[#   5]+0.071*[#  14]+0.071*[#  25]
          +0.071*[#  33]+0.066*[#  13]+0.066*[#  15]+0.066*[#  23]+0.066*[#  24]
          +0.066*[#  34]+0.066*[#  35]
    |psi|^2 = 1.000
==== e(  15) =   -45.21496 eV ==== 
     psi = 0.083*[#   3]+0.083*[#   4]+0.083*[#   5]+0.083*[#  13]+0.083*[#  14]
          +0.083*[#  15]+0.083*[#  23]+0.083*[#  24]+0.083*[#  25]+0.083*[#  33]
          +0.083*[#  34]+0.083*[#  35]
    |psi|^2 = 1.000
==== e(  16) =   -45.20508 eV ==== 
     psi = 0.083*[#   3]+0.083*[#   4]+0.083*[#   5]+0.083*[#  13]+0.083*[#  14]
          +0.083*[#  15]+0.083*[#  23]+0.083*[#  24]+0.083*[#  25]+0.083*[#  33]
          +0.083*[#  34]+0.083*[#  35]
    |psi|^2 = 1.000
==== e(  17) =    10.53425 eV ==== 
     psi = 0.236*[#   2]+0.236*[#  12]+0.236*[#  22]+0.236*[#  32]+0.007*[#   1]
          +0.007*[#  11]+0.007*[#  21]+0.007*[#  31]+0.002*[#   7]+0.002*[#   8]
          +0.002*[#  10]+0.002*[#  17]+0.002*[#  18]+0.002*[#  20]+0.002*[#  27]
          +0.002*[#  28]+0.002*[#  30]+0.002*[#  37]+0.002*[#  38]+0.002*[#  40]
          
    |psi|^2 = 0.998
==== e(  18) =    14.00751 eV ==== 
     psi = 0.141*[#  36]+0.124*[#   2]+0.115*[#  19]+0.115*[#  29]+0.062*[#  16]
          +0.062*[#  26]+0.050*[#   6]+0.050*[#   9]+0.041*[#  12]+0.041*[#  22]
          +0.041*[#  32]+0.036*[#  39]+0.015*[#  18]+0.015*[#  27]+0.015*[#  40]
          +0.007*[#   7]+0.007*[#   8]+0.007*[#  10]+0.005*[#  17]+0.005*[#  20]
          +0.005*[#  28]+0.005*[#  30]+0.005*[#  37]+0.005*[#  38]
    |psi|^2 = 0.975
==== e(  19) =    14.00752 eV ==== 
     psi = 0.122*[#  39]+0.108*[#   6]+0.108*[#   9]+0.095*[#  16]+0.095*[#  26]
          +0.082*[#  12]+0.082*[#  22]+0.082*[#  32]+0.043*[#  19]+0.043*[#  29]
          +0.017*[#  36]+0.011*[#  17]+0.011*[#  20]+0.011*[#  28]+0.011*[#  30]
          +0.011*[#  37]+0.011*[#  38]+0.009*[#   7]+0.009*[#   8]+0.009*[#  10]
          
    |psi|^2 = 0.975
==== e(  20) =    14.35607 eV ==== 
     psi = 0.095*[#   6]+0.095*[#   9]+0.095*[#  16]+0.095*[#  19]+0.095*[#  26]
          +0.095*[#  29]+0.095*[#  36]+0.095*[#  39]+0.016*[#   2]+0.016*[#  12]
          +0.016*[#  22]+0.016*[#  32]+0.012*[#   7]+0.012*[#   8]+0.012*[#  10]
          +0.012*[#  17]+0.012*[#  18]+0.012*[#  20]+0.012*[#  27]+0.012*[#  28]
          +0.012*[#  30]+0.012*[#  37]+0.012*[#  38]+0.012*[#  40]
    |psi|^2 = 0.974
==== e(  21) =    14.77437 eV ==== 
     psi = 0.067*[#   7]+0.067*[#   8]+0.067*[#  10]+0.067*[#  17]+0.067*[#  18]
          +0.067*[#  20]+0.067*[#  27]+0.067*[#  28]+0.067*[#  30]+0.067*[#  37]
          +0.067*[#  38]+0.067*[#  40]+0.018*[#   6]+0.018*[#   9]+0.018*[#  16]
          +0.018*[#  19]+0.018*[#  26]+0.018*[#  29]+0.018*[#  36]+0.018*[#  39]
          +0.002*[#   2]+0.002*[#  12]+0.002*[#  22]+0.002*[#  32]
    |psi|^2 = 0.953
==== e(  22) =    14.84462 eV ==== 
     psi = 0.100*[#  18]+0.100*[#  27]+0.100*[#  40]+0.074*[#  17]+0.074*[#  20]
          +0.074*[#  28]+0.074*[#  30]+0.074*[#  37]+0.074*[#  38]+0.052*[#   7]
          +0.052*[#   8]+0.052*[#  10]+0.016*[#  36]+0.013*[#  19]+0.013*[#  29]
          +0.007*[#  16]+0.007*[#  26]+0.007*[#   6]+0.007*[#   9]+0.004*[#  39]
          
    |psi|^2 = 0.974
==== e(  23) =    14.84462 eV ==== 
     psi = 0.098*[#   7]+0.098*[#   8]+0.098*[#  10]+0.076*[#  17]+0.076*[#  20]
          +0.076*[#  28]+0.076*[#  30]+0.076*[#  37]+0.076*[#  38]+0.050*[#  18]
          +0.050*[#  27]+0.050*[#  40]+0.014*[#  39]+0.011*[#   6]+0.011*[#   9]
          +0.011*[#  16]+0.011*[#  26]+0.005*[#  19]+0.005*[#  29]+0.002*[#  36]
          
    |psi|^2 = 0.974
==== e(  24) =    15.82794 eV ==== 
     psi = 0.081*[#   7]+0.081*[#   8]+0.081*[#  10]+0.081*[#  17]+0.081*[#  18]
          +0.081*[#  20]+0.081*[#  27]+0.081*[#  28]+0.081*[#  30]+0.081*[#  37]
          +0.081*[#  38]+0.081*[#  40]+0.003*[#   2]+0.003*[#  12]+0.003*[#  22]
          +0.003*[#  32]
    |psi|^2 = 0.989
==== e(  25) =    16.23584 eV ==== 
     psi = 0.098*[#  17]+0.098*[#  20]+0.098*[#  28]+0.098*[#  30]+0.098*[#  37]
          +0.098*[#  38]+0.044*[#  12]+0.044*[#  22]+0.044*[#  32]+0.039*[#  39]
          +0.032*[#  16]+0.032*[#  26]+0.021*[#  18]+0.021*[#  27]+0.021*[#  40]
          +0.017*[#  19]+0.017*[#  29]+0.016*[#   6]+0.016*[#   9]+0.009*[#  36]
          
    |psi|^2 = 0.966
==== e(  26) =    16.23585 eV ==== 
     psi = 0.109*[#   7]+0.109*[#   8]+0.109*[#  10]+0.088*[#  18]+0.088*[#  27]
          +0.088*[#  40]+0.066*[#   2]+0.035*[#  36]+0.028*[#   6]+0.028*[#   9]
          +0.028*[#  19]+0.028*[#  29]+0.022*[#  12]+0.022*[#  22]+0.022*[#  32]
          +0.013*[#  16]+0.013*[#  26]+0.011*[#  17]+0.011*[#  20]+0.011*[#  28]
          +0.011*[#  30]+0.011*[#  37]+0.011*[#  38]+0.005*[#  39]
    |psi|^2 = 0.966
==== e(  27) =    16.32234 eV ==== 
     psi = 0.072*[#   7]+0.072*[#   8]+0.072*[#  10]+0.072*[#  17]+0.072*[#  18]
          +0.072*[#  20]+0.072*[#  27]+0.072*[#  28]+0.072*[#  30]+0.072*[#  37]
          +0.072*[#  38]+0.072*[#  40]+0.010*[#   2]+0.010*[#  12]+0.010*[#  22]
          +0.010*[#  32]+0.003*[#   6]+0.003*[#   9]+0.003*[#  16]+0.003*[#  19]
          +0.003*[#  26]+0.003*[#  29]+0.003*[#  36]+0.003*[#  39]
    |psi|^2 = 0.921
==== e(  28) =    16.43662 eV ==== 
     psi = 0.061*[#   7]+0.061*[#   8]+0.061*[#  10]+0.061*[#  17]+0.061*[#  18]
          +0.061*[#  20]+0.061*[#  27]+0.061*[#  28]+0.061*[#  30]+0.061*[#  37]
          +0.061*[#  38]+0.061*[#  40]+0.033*[#   6]+0.033*[#   9]+0.033*[#  16]
          +0.033*[#  19]+0.033*[#  26]+0.033*[#  29]+0.033*[#  36]+0.033*[#  39]
          
    |psi|^2 = 0.997
==== e(  29) =    16.50111 eV ==== 
     psi = 0.066*[#   7]+0.066*[#   8]+0.066*[#  10]+0.066*[#  17]+0.066*[#  18]
          +0.066*[#  20]+0.066*[#  27]+0.066*[#  28]+0.066*[#  30]+0.066*[#  37]
          +0.066*[#  38]+0.066*[#  40]+0.026*[#   6]+0.026*[#   9]+0.026*[#  16]
          +0.026*[#  19]+0.026*[#  26]+0.026*[#  29]+0.026*[#  36]+0.026*[#  39]
          
    |psi|^2 = 0.998
==== e(  30) =    17.11601 eV ==== 
     psi = 0.099*[#   6]+0.099*[#   9]+0.099*[#  16]+0.099*[#  19]+0.099*[#  26]
          +0.099*[#  29]+0.099*[#  36]+0.099*[#  39]+0.017*[#   7]+0.017*[#   8]
          +0.017*[#  10]+0.017*[#  17]+0.017*[#  18]+0.017*[#  20]+0.017*[#  27]
          +0.017*[#  28]+0.017*[#  30]+0.017*[#  37]+0.017*[#  38]+0.017*[#  40]
          
    |psi|^2 = 0.999
==== e(  31) =    17.28383 eV ==== 
     psi = 0.107*[#   6]+0.107*[#   9]+0.107*[#  16]+0.107*[#  19]+0.107*[#  26]
          +0.107*[#  29]+0.107*[#  36]+0.107*[#  39]+0.012*[#   7]+0.012*[#   8]
          +0.012*[#  10]+0.012*[#  17]+0.012*[#  18]+0.012*[#  20]+0.012*[#  27]
          +0.012*[#  28]+0.012*[#  30]+0.012*[#  37]+0.012*[#  38]+0.012*[#  40]
          
    |psi|^2 = 0.996
==== e(  32) =    17.31747 eV ==== 
     psi = 0.143*[#  36]+0.113*[#  19]+0.113*[#  29]+0.106*[#   6]+0.106*[#   9]
          +0.054*[#  16]+0.054*[#  26]+0.030*[#   7]+0.030*[#   8]+0.030*[#  10]
          +0.024*[#  39]+0.021*[#  17]+0.021*[#  20]+0.021*[#  28]+0.021*[#  30]
          +0.021*[#  37]+0.021*[#  38]+0.019*[#  18]+0.019*[#  27]+0.019*[#  40]
          +0.004*[#   2]+0.001*[#  12]+0.001*[#  22]+0.001*[#  32]
    |psi|^2 = 0.993
==== e(  33) =    17.31747 eV ==== 
     psi = 0.154*[#  39]+0.124*[#  16]+0.124*[#  26]+0.072*[#   6]+0.072*[#   9]
          +0.065*[#  19]+0.065*[#  29]+0.035*[#  36]+0.026*[#  18]+0.026*[#  27]
          +0.026*[#  40]+0.025*[#  17]+0.025*[#  20]+0.025*[#  28]+0.025*[#  30]
          +0.025*[#  37]+0.025*[#  38]+0.015*[#   7]+0.015*[#   8]+0.015*[#  10]
          +0.002*[#  12]+0.002*[#  22]+0.002*[#  32]
    |psi|^2 = 0.993
==== e(  34) =    17.46165 eV ==== 
     psi = 0.092*[#   6]+0.092*[#   9]+0.092*[#  16]+0.092*[#  19]+0.092*[#  26]
          +0.092*[#  29]+0.092*[#  36]+0.092*[#  39]+0.021*[#   7]+0.021*[#   8]
          +0.021*[#  10]+0.021*[#  17]+0.021*[#  18]+0.021*[#  20]+0.021*[#  27]
          +0.021*[#  28]+0.021*[#  30]+0.021*[#  37]+0.021*[#  38]+0.021*[#  40]
          +0.002*[#   2]+0.002*[#  12]+0.002*[#  22]+0.002*[#  32]
    |psi|^2 = 0.999
==== e(  35) =    18.09756 eV ==== 
     psi = 0.072*[#  17]+0.072*[#  20]+0.072*[#  28]+0.072*[#  30]+0.072*[#  37]
          +0.072*[#  38]+0.060*[#  18]+0.060*[#  27]+0.060*[#  40]+0.059*[#  39]
          +0.047*[#  16]+0.047*[#  26]+0.038*[#   7]+0.038*[#   8]+0.038*[#  10]
          +0.025*[#   6]+0.025*[#   9]+0.025*[#  19]+0.025*[#  29]+0.014*[#  36]
          
    |psi|^2 = 0.998
==== e(  36) =    18.09756 eV ==== 
     psi = 0.084*[#   7]+0.084*[#   8]+0.084*[#  10]+0.061*[#  18]+0.061*[#  27]
          +0.061*[#  40]+0.053*[#  36]+0.049*[#  17]+0.049*[#  20]+0.049*[#  28]
          +0.049*[#  30]+0.049*[#  37]+0.049*[#  38]+0.042*[#  19]+0.042*[#  29]
          +0.042*[#   6]+0.042*[#   9]+0.020*[#  16]+0.020*[#  26]+0.008*[#  39]
          
    |psi|^2 = 0.998
==== e(  37) =    18.11721 eV ==== 
     psi = 0.071*[#   7]+0.071*[#   8]+0.071*[#  10]+0.071*[#  17]+0.072*[#  18]
          +0.071*[#  20]+0.072*[#  27]+0.071*[#  28]+0.071*[#  30]+0.071*[#  37]
          +0.071*[#  38]+0.072*[#  40]+0.018*[#   6]+0.018*[#   9]+0.018*[#  16]
          +0.018*[#  19]+0.018*[#  26]+0.018*[#  29]+0.018*[#  36]+0.018*[#  39]
          
    |psi|^2 = 1.000
==== e(  38) =    19.99561 eV ==== 
     psi = 0.145*[#  12]+0.145*[#  22]+0.145*[#  32]+0.047*[#  17]+0.047*[#  20]
          +0.047*[#  28]+0.047*[#  30]+0.047*[#  37]+0.047*[#  38]+0.025*[#  39]
          +0.020*[#  16]+0.020*[#  26]+0.014*[#   6]+0.014*[#   9]+0.010*[#  19]
          +0.010*[#  29]+0.007*[#  18]+0.007*[#  27]+0.007*[#  40]+0.005*[#  36]
          +0.003*[#   7]+0.003*[#   8]+0.003*[#  10]+0.002*[#  11]+0.002*[#  21]
          +0.002*[#  31]
    |psi|^2 = 0.872
==== e(  39) =    19.99562 eV ==== 
     psi = 0.217*[#   2]+0.072*[#  12]+0.072*[#  22]+0.072*[#  32]+0.049*[#   7]
          +0.049*[#   8]+0.049*[#  10]+0.046*[#  18]+0.046*[#  27]+0.046*[#  40]
          +0.024*[#  36]+0.019*[#  19]+0.019*[#  29]+0.016*[#   6]+0.016*[#   9]
          +0.009*[#  16]+0.009*[#  26]+0.005*[#  17]+0.005*[#  20]+0.005*[#  28]
          +0.005*[#  30]+0.005*[#  37]+0.005*[#  38]+0.005*[#  39]+0.003*[#   1]
          
    |psi|^2 = 0.872
==== e(  40) =    22.42263 eV ==== 
     psi = 0.059*[#   2]+0.059*[#  12]+0.059*[#  22]+0.059*[#  32]+0.011*[#   7]
          +0.011*[#   8]+0.011*[#  10]+0.011*[#  17]+0.011*[#  18]+0.011*[#  20]
          +0.011*[#  27]+0.011*[#  28]+0.011*[#  30]+0.011*[#  37]+0.011*[#  38]
          +0.011*[#  40]+0.005*[#   6]+0.005*[#   9]+0.005*[#  16]+0.005*[#  19]
          +0.005*[#  26]+0.005*[#  29]+0.005*[#  36]+0.005*[#  39]+0.001*[#   1]
          +0.001*[#  11]+0.001*[#  21]+0.001*[#  31]
    |psi|^2 = 0.412
==== e(  41) =    25.77395 eV ==== 
     psi = 0.076*[#   2]+0.076*[#  12]+0.076*[#  22]+0.076*[#  32]+0.004*[#   7]
          +0.004*[#   8]+0.004*[#  10]+0.004*[#  17]+0.004*[#  18]+0.004*[#  20]
          +0.004*[#  27]+0.004*[#  28]+0.004*[#  30]+0.004*[#  37]+0.004*[#  38]
          +0.004*[#  40]+0.001*[#   1]+0.001*[#  11]+0.001*[#  21]+0.001*[#  31]
          
    |psi|^2 = 0.364
==== e(  42) =    28.60394 eV ==== 
     psi = 0.034*[#   2]+0.011*[#  12]+0.011*[#  22]+0.011*[#  32]+0.004*[#  18]
          +0.004*[#  27]+0.004*[#  40]+0.002*[#  17]+0.002*[#  20]+0.002*[#  28]
          +0.002*[#  30]+0.002*[#  37]+0.002*[#  38]+0.001*[#   7]+0.001*[#   8]
          +0.001*[#  10]
    |psi|^2 = 0.094
==== e(  43) =    28.60395 eV ==== 
     psi = 0.022*[#  12]+0.022*[#  22]+0.022*[#  32]+0.003*[#   7]+0.003*[#   8]
          +0.003*[#  10]+0.003*[#  17]+0.003*[#  20]+0.003*[#  28]+0.003*[#  30]
          +0.003*[#  37]+0.003*[#  38]
    |psi|^2 = 0.094

 k =   0.1250000000  0.2500000000  0.3750000000
==== e(   1) =   -84.91045 eV ==== 
     psi = 0.246*[#  11]+0.246*[#  21]+0.246*[#  31]+0.246*[#   1]+0.004*[#   2]
          +0.004*[#  12]+0.004*[#  22]+0.004*[#  32]
    |psi|^2 = 1.000
==== e(   2) =   -84.89629 eV ==== 
     psi = 0.250*[#  11]+0.250*[#  21]+0.250*[#  31]+0.249*[#   1]
    |psi|^2 = 1.000
==== e(   3) =   -84.88944 eV ==== 
     psi = 0.248*[#  11]+0.248*[#  21]+0.248*[#  31]+0.247*[#   1]+0.002*[#   2]
          +0.002*[#  12]+0.002*[#  22]+0.002*[#  32]
    |psi|^2 = 1.000
==== e(   4) =   -84.88760 eV ==== 
     psi = 0.247*[#   1]+0.246*[#  11]+0.246*[#  21]+0.246*[#  31]+0.003*[#   2]
          +0.003*[#  12]+0.003*[#  22]+0.003*[#  32]
    |psi|^2 = 1.000
==== e(   5) =   -45.37255 eV ==== 
     psi = 0.084*[#  14]+0.084*[#  25]+0.084*[#  33]+0.083*[#  13]+0.083*[#  15]
          +0.083*[#  23]+0.083*[#  24]+0.083*[#  34]+0.083*[#  35]+0.083*[#   3]
          +0.083*[#   4]+0.083*[#   5]
    |psi|^2 = 1.000
==== e(   6) =   -45.37104 eV ==== 
     psi = 0.083*[#   3]+0.083*[#   4]+0.083*[#   5]+0.083*[#  13]+0.083*[#  15]
          +0.083*[#  23]+0.083*[#  24]+0.083*[#  34]+0.083*[#  35]+0.083*[#  14]
          +0.083*[#  25]+0.083*[#  33]
    |psi|^2 = 1.000
==== e(   7) =   -45.35991 eV ==== 
     psi = 0.083*[#   3]+0.083*[#   4]+0.083*[#   5]+0.083*[#  13]+0.083*[#  14]
          +0.083*[#  15]+0.083*[#  23]+0.083*[#  24]+0.083*[#  25]+0.083*[#  33]
          +0.083*[#  34]+0.083*[#  35]+0.001*[#   2]+0.001*[#  12]+0.001*[#  22]
          +0.001*[#  32]
    |psi|^2 = 1.000
==== e(   8) =   -45.31544 eV ==== 
     psi = 0.083*[#  13]+0.083*[#  14]+0.083*[#  15]+0.083*[#  23]+0.083*[#  24]
          +0.083*[#  25]+0.083*[#  33]+0.083*[#  34]+0.083*[#  35]+0.083*[#   3]
          +0.083*[#   4]+0.083*[#   5]
    |psi|^2 = 1.000
==== e(   9) =   -45.30873 eV ==== 
     psi = 0.083*[#   3]+0.083*[#   4]+0.083*[#   5]+0.083*[#  13]+0.083*[#  14]
          +0.083*[#  15]+0.083*[#  23]+0.083*[#  24]+0.083*[#  25]+0.083*[#  33]
          +0.083*[#  34]+0.083*[#  35]+0.002*[#   2]+0.002*[#  12]+0.002*[#  22]
          +0.002*[#  32]
    |psi|^2 = 1.000
==== e(  10) =   -45.29647 eV ==== 
     psi = 0.083*[#   3]+0.083*[#   4]+0.083*[#   5]+0.083*[#  13]+0.083*[#  14]
          +0.083*[#  15]+0.083*[#  23]+0.083*[#  24]+0.083*[#  25]+0.083*[#  33]
          +0.083*[#  34]+0.083*[#  35]
    |psi|^2 = 1.000
==== e(  11) =   -45.26369 eV ==== 
     psi = 0.083*[#   3]+0.083*[#   4]+0.083*[#   5]+0.083*[#  13]+0.083*[#  14]
          +0.083*[#  15]+0.083*[#  23]+0.083*[#  24]+0.083*[#  25]+0.083*[#  33]
          +0.083*[#  34]+0.083*[#  35]
    |psi|^2 = 1.000
==== e(  12) =   -45.25435 eV ==== 
     psi = 0.084*[#  14]+0.084*[#  25]+0.084*[#  33]+0.083*[#   3]+0.083*[#   4]
          +0.083*[#   5]+0.083*[#  13]+0.083*[#  15]+0.083*[#  23]+0.083*[#  24]
          +0.083*[#  34]+0.083*[#  35]
    |psi|^2 = 1.000
==== e(  13) =   -45.25379 eV ==== 
     psi = 0.084*[#  13]+0.084*[#  15]+0.084*[#  23]+0.084*[#  24]+0.084*[#  34]
          +0.084*[#  35]+0.083*[#   3]+0.083*[#   4]+0.083*[#   5]+0.083*[#  14]
          +0.083*[#  25]+0.083*[#  33]
    |psi|^2 = 1.000
==== e(  14) =   -45.24381 eV ==== 
     psi = 0.083*[#   3]+0.083*[#   4]+0.083*[#   5]+0.083*[#  13]+0.083*[#  14]
          +0.083*[#  15]+0.083*[#  23]+0.083*[#  24]+0.083*[#  25]+0.083*[#  33]
          +0.083*[#  34]+0.083*[#  35]
    |psi|^2 = 1.000
==== e(  15) =   -45.22755 eV ==== 
     psi = 0.083*[#   3]+0.083*[#   4]+0.083*[#   5]+0.083*[#  13]+0.083*[#  14]
          +0.083*[#  15]+0.083*[#  23]+0.083*[#  24]+0.083*[#  25]+0.083*[#  33]
          +0.083*[#  34]+0.083*[#  35]
    |psi|^2 = 1.000
==== e(  16) =   -45.21235 eV ==== 
     psi = 0.083*[#   3]+0.083*[#   4]+0.083*[#   5]+0.083*[#  13]+0.083*[#  14]
          +0.083*[#  15]+0.083*[#  23]+0.083*[#  24]+0.083*[#  25]+0.083*[#  33]
          +0.083*[#  34]+0.083*[#  35]
    |psi|^2 = 1.000
==== e(  17) =    11.40751 eV ==== 
     psi = 0.229*[#   2]+0.229*[#  12]+0.229*[#  22]+0.229*[#  32]+0.004*[#   1]
          +0.004*[#   7]+0.004*[#   8]+0.004*[#  10]+0.004*[#  11]+0.004*[#  17]
          +0.004*[#  18]+0.004*[#  20]+0.004*[#  21]+0.004*[#  27]+0.004*[#  28]
          +0.004*[#  30]+0.004*[#  31]+0.004*[#  37]+0.004*[#  38]+0.004*[#  40]
          +0.002*[#   6]+0.002*[#   9]+0.002*[#  16]+0.002*[#  19]+0.002*[#  26]
          +0.002*[#  29]+0.002*[#  36]+0.002*[#  39]
    |psi|^2 = 0.996
==== e(  18) =    13.47068 eV ==== 
     psi = 0.143*[#   2]+0.143*[#  12]+0.143*[#  22]+0.143*[#  32]+0.034*[#   6]
          +0.034*[#   9]+0.034*[#  16]+0.034*[#  19]+0.034*[#  26]+0.034*[#  29]
          +0.034*[#  36]+0.034*[#  39]+0.011*[#   7]+0.011*[#   8]+0.011*[#  10]
          +0.011*[#  17]+0.011*[#  18]+0.011*[#  20]+0.011*[#  27]+0.011*[#  28]
          +0.011*[#  30]+0.011*[#  37]+0.011*[#  38]+0.011*[#  40]
    |psi|^2 = 0.981
==== e(  19) =    14.41889 eV ==== 
     psi = 0.064*[#   6]+0.064*[#   9]+0.064*[#  16]+0.064*[#  19]+0.064*[#  26]
          +0.064*[#  29]+0.064*[#  36]+0.064*[#  39]+0.046*[#   2]+0.046*[#  12]
          +0.046*[#  22]+0.046*[#  32]+0.022*[#   7]+0.022*[#   8]+0.022*[#  10]
          +0.022*[#  17]+0.022*[#  18]+0.022*[#  20]+0.022*[#  27]+0.022*[#  28]
          +0.022*[#  30]+0.022*[#  37]+0.022*[#  38]+0.022*[#  40]
    |psi|^2 = 0.962
==== e(  20) =    14.67155 eV ==== 
     psi = 0.053*[#   6]+0.053*[#   9]+0.053*[#  16]+0.053*[#  19]+0.053*[#  26]
          +0.053*[#  29]+0.053*[#  36]+0.053*[#  39]+0.042*[#   7]+0.042*[#   8]
          +0.042*[#  10]+0.042*[#  17]+0.042*[#  18]+0.042*[#  20]+0.042*[#  27]
          +0.042*[#  28]+0.042*[#  30]+0.042*[#  37]+0.042*[#  38]+0.042*[#  40]
          +0.015*[#   2]+0.015*[#  12]+0.015*[#  22]+0.015*[#  32]
    |psi|^2 = 0.984
==== e(  21) =    14.87204 eV ==== 
     psi = 0.063*[#   6]+0.063*[#   9]+0.063*[#  16]+0.063*[#  19]+0.063*[#  26]
          +0.063*[#  29]+0.063*[#  36]+0.063*[#  39]+0.033*[#   7]+0.033*[#   8]
          +0.033*[#  10]+0.033*[#  17]+0.033*[#  18]+0.033*[#  20]+0.033*[#  27]
          +0.033*[#  28]+0.033*[#  30]+0.033*[#  37]+0.033*[#  38]+0.033*[#  40]
          +0.005*[#   2]+0.005*[#  12]+0.005*[#  22]+0.005*[#  32]
    |psi|^2 = 0.920
==== e(  22) =    15.03867 eV ==== 
     psi = 0.057*[#   7]+0.057*[#   8]+0.057*[#  10]+0.057*[#  17]+0.057*[#  18]
          +0.057*[#  20]+0.057*[#  27]+0.057*[#  28]+0.057*[#  30]+0.057*[#  37]
          +0.057*[#  38]+0.057*[#  40]+0.033*[#   6]+0.033*[#   9]+0.033*[#  16]
          +0.033*[#  19]+0.033*[#  26]+0.033*[#  29]+0.033*[#  36]+0.033*[#  39]
          
    |psi|^2 = 0.953
==== e(  23) =    15.09576 eV ==== 
     psi = 0.074*[#   7]+0.074*[#   8]+0.074*[#  10]+0.074*[#  17]+0.074*[#  18]
          +0.074*[#  20]+0.074*[#  27]+0.074*[#  28]+0.074*[#  30]+0.074*[#  37]
          +0.074*[#  38]+0.074*[#  40]+0.010*[#   6]+0.010*[#   9]+0.010*[#  16]
          +0.010*[#  19]+0.010*[#  26]+0.010*[#  29]+0.010*[#  36]+0.010*[#  39]
          +0.002*[#   2]+0.002*[#  12]+0.002*[#  22]+0.002*[#  32]
    |psi|^2 = 0.975
==== e(  24) =    15.64175 eV ==== 
     psi = 0.080*[#   7]+0.080*[#   8]+0.080*[#  10]+0.080*[#  17]+0.080*[#  18]
          +0.080*[#  20]+0.080*[#  27]+0.080*[#  28]+0.080*[#  30]+0.080*[#  37]
          +0.080*[#  38]+0.080*[#  40]+0.005*[#   2]+0.005*[#  12]+0.005*[#  22]
          +0.005*[#  32]
    |psi|^2 = 0.984
==== e(  25) =    15.78790 eV ==== 
     psi = 0.063*[#   7]+0.063*[#   8]+0.063*[#  10]+0.063*[#  17]+0.063*[#  18]
          +0.063*[#  20]+0.063*[#  27]+0.063*[#  28]+0.063*[#  30]+0.063*[#  37]
          +0.063*[#  38]+0.063*[#  40]+0.018*[#   2]+0.018*[#  12]+0.018*[#  22]
          +0.018*[#  32]+0.017*[#   6]+0.017*[#   9]+0.017*[#  16]+0.017*[#  19]
          +0.017*[#  26]+0.017*[#  29]+0.017*[#  36]+0.017*[#  39]
    |psi|^2 = 0.968
==== e(  26) =    15.96353 eV ==== 
     psi = 0.075*[#   7]+0.075*[#   8]+0.075*[#  10]+0.075*[#  17]+0.075*[#  18]
          +0.075*[#  20]+0.075*[#  27]+0.075*[#  28]+0.075*[#  30]+0.075*[#  37]
          +0.075*[#  38]+0.075*[#  40]+0.003*[#   2]+0.003*[#  12]+0.003*[#  22]
          +0.003*[#  32]+0.001*[#   6]+0.001*[#   9]+0.001*[#  16]+0.001*[#  19]
          +0.001*[#  26]+0.001*[#  29]+0.001*[#  36]+0.001*[#  39]
    |psi|^2 = 0.926
==== e(  27) =    16.02022 eV ==== 
     psi = 0.057*[#   6]+0.057*[#   9]+0.057*[#  16]+0.057*[#  19]+0.057*[#  26]
          +0.057*[#  29]+0.057*[#  36]+0.057*[#  39]+0.038*[#   7]+0.038*[#   8]
          +0.038*[#  10]+0.038*[#  17]+0.038*[#  18]+0.038*[#  20]+0.038*[#  27]
          +0.038*[#  28]+0.038*[#  30]+0.038*[#  37]+0.038*[#  38]+0.038*[#  40]
          +0.019*[#   2]+0.019*[#  12]+0.019*[#  22]+0.019*[#  32]
    |psi|^2 = 0.989
==== e(  28) =    16.34557 eV ==== 
     psi = 0.063*[#   6]+0.063*[#   9]+0.063*[#  16]+0.063*[#  19]+0.063*[#  26]
          +0.063*[#  29]+0.063*[#  36]+0.063*[#  39]+0.041*[#   7]+0.041*[#   8]
          +0.041*[#  10]+0.041*[#  17]+0.041*[#  18]+0.041*[#  20]+0.041*[#  27]
          +0.041*[#  28]+0.041*[#  30]+0.041*[#  37]+0.041*[#  38]+0.041*[#  40]
          
    |psi|^2 = 0.995
==== e(  29) =    16.58936 eV ==== 
     psi = 0.052*[#   7]+0.052*[#   8]+0.052*[#  10]+0.052*[#  17]+0.052*[#  18]
          +0.052*[#  20]+0.052*[#  27]+0.052*[#  28]+0.052*[#  30]+0.052*[#  37]
          +0.052*[#  38]+0.052*[#  40]+0.047*[#   6]+0.047*[#   9]+0.047*[#  16]
          +0.047*[#  19]+0.047*[#  26]+0.047*[#  29]+0.047*[#  36]+0.047*[#  39]
          
    |psi|^2 = 0.997
==== e(  30) =    17.03234 eV ==== 
     psi = 0.072*[#   6]+0.072*[#   9]+0.072*[#  16]+0.072*[#  19]+0.072*[#  26]
          +0.072*[#  29]+0.072*[#  36]+0.072*[#  39]+0.034*[#   7]+0.034*[#   8]
          +0.034*[#  10]+0.034*[#  17]+0.034*[#  18]+0.034*[#  20]+0.034*[#  27]
          +0.034*[#  28]+0.034*[#  30]+0.034*[#  37]+0.034*[#  38]+0.034*[#  40]
          +0.002*[#   2]+0.002*[#  12]+0.002*[#  22]+0.002*[#  32]
    |psi|^2 = 0.995
==== e(  31) =    17.07159 eV ==== 
     psi = 0.109*[#   6]+0.109*[#   9]+0.109*[#  16]+0.109*[#  19]+0.109*[#  26]
          +0.109*[#  29]+0.109*[#  36]+0.109*[#  39]+0.010*[#   7]+0.010*[#   8]
          +0.010*[#  10]+0.010*[#  17]+0.010*[#  18]+0.010*[#  20]+0.010*[#  27]
          +0.010*[#  28]+0.010*[#  30]+0.010*[#  37]+0.010*[#  38]+0.010*[#  40]
          
    |psi|^2 = 0.995
==== e(  32) =    17.12158 eV ==== 
     psi = 0.103*[#   6]+0.103*[#   9]+0.103*[#  16]+0.103*[#  19]+0.103*[#  26]
          +0.103*[#  29]+0.103*[#  36]+0.103*[#  39]+0.014*[#   7]+0.014*[#   8]
          +0.014*[#  10]+0.014*[#  17]+0.014*[#  18]+0.014*[#  20]+0.014*[#  27]
          +0.014*[#  28]+0.014*[#  30]+0.014*[#  37]+0.014*[#  38]+0.014*[#  40]
          
    |psi|^2 = 0.989
==== e(  33) =    17.19488 eV ==== 
     psi = 0.064*[#   6]+0.064*[#   9]+0.064*[#  16]+0.064*[#  19]+0.064*[#  26]
          +0.064*[#  29]+0.064*[#  36]+0.064*[#  39]+0.039*[#   7]+0.039*[#   8]
          +0.039*[#  10]+0.039*[#  17]+0.039*[#  18]+0.039*[#  20]+0.039*[#  27]
          +0.039*[#  28]+0.039*[#  30]+0.039*[#  37]+0.039*[#  38]+0.039*[#  40]
          +0.003*[#   2]+0.003*[#  12]+0.003*[#  22]+0.003*[#  32]
    |psi|^2 = 0.997
==== e(  34) =    17.74009 eV ==== 
     psi = 0.074*[#   6]+0.074*[#   9]+0.074*[#  16]+0.074*[#  19]+0.074*[#  26]
          +0.074*[#  29]+0.074*[#  36]+0.074*[#  39]+0.032*[#   7]+0.032*[#   8]
          +0.032*[#  10]+0.032*[#  17]+0.032*[#  18]+0.032*[#  20]+0.032*[#  27]
          +0.032*[#  28]+0.032*[#  30]+0.032*[#  37]+0.032*[#  38]+0.032*[#  40]
          +0.006*[#   2]+0.006*[#  12]+0.006*[#  22]+0.006*[#  32]
    |psi|^2 = 0.998
==== e(  35) =    17.88715 eV ==== 
     psi = 0.050*[#   7]+0.050*[#   8]+0.050*[#  10]+0.050*[#  17]+0.050*[#  18]
          +0.050*[#  20]+0.050*[#  27]+0.050*[#  28]+0.050*[#  30]+0.050*[#  37]
          +0.050*[#  38]+0.050*[#  40]+0.048*[#   6]+0.048*[#   9]+0.048*[#  16]
          +0.048*[#  19]+0.048*[#  26]+0.048*[#  29]+0.048*[#  36]+0.048*[#  39]
          +0.004*[#   2]+0.004*[#  12]+0.004*[#  22]+0.004*[#  32]
    |psi|^2 = 0.995
==== e(  36) =    18.01755 eV ==== 
     psi = 0.070*[#  17]+0.070*[#  20]+0.070*[#  28]+0.070*[#  30]+0.070*[#  37]
          +0.070*[#  38]+0.070*[#   7]+0.070*[#   8]+0.070*[#  10]+0.070*[#  18]
          +0.070*[#  27]+0.070*[#  40]+0.019*[#   6]+0.019*[#   9]+0.019*[#  16]
          +0.019*[#  19]+0.019*[#  26]+0.019*[#  29]+0.019*[#  36]+0.019*[#  39]
          
    |psi|^2 = 0.997
==== e(  37) =    18.02758 eV ==== 
     psi = 0.074*[#   7]+0.074*[#   8]+0.074*[#  10]+0.074*[#  18]+0.074*[#  27]
          +0.074*[#  40]+0.074*[#  17]+0.074*[#  20]+0.074*[#  28]+0.074*[#  30]
          +0.074*[#  37]+0.074*[#  38]+0.014*[#   6]+0.014*[#   9]+0.014*[#  16]
          +0.014*[#  19]+0.014*[#  26]+0.014*[#  29]+0.014*[#  36]+0.014*[#  39]
          
    |psi|^2 = 0.999
==== e(  38) =    18.77217 eV ==== 
     psi = 0.064*[#   2]+0.064*[#  12]+0.064*[#  22]+0.064*[#  32]+0.040*[#   7]
          +0.040*[#   8]+0.040*[#  10]+0.040*[#  17]+0.040*[#  18]+0.040*[#  20]
          +0.040*[#  27]+0.040*[#  28]+0.040*[#  30]+0.040*[#  37]+0.040*[#  38]
          +0.040*[#  40]+0.028*[#   6]+0.028*[#   9]+0.028*[#  16]+0.028*[#  19]
          +0.028*[#  26]+0.028*[#  29]+0.028*[#  36]+0.028*[#  39]
    |psi|^2 = 0.968
==== e(  39) =    20.98052 eV ==== 
     psi = 0.110*[#   2]+0.110*[#  12]+0.110*[#  22]+0.110*[#  32]+0.018*[#   7]
          +0.018*[#   8]+0.018*[#  10]+0.018*[#  17]+0.018*[#  18]+0.018*[#  20]
          +0.018*[#  27]+0.018*[#  28]+0.018*[#  30]+0.018*[#  37]+0.018*[#  38]
          +0.018*[#  40]+0.012*[#   6]+0.012*[#   9]+0.012*[#  16]+0.012*[#  19]
          +0.012*[#  26]+0.012*[#  29]+0.012*[#  36]+0.012*[#  39]+0.002*[#   1]
          +0.002*[#  11]+0.002*[#  21]+0.002*[#  31]
    |psi|^2 = 0.762
==== e(  40) =    22.94964 eV ==== 
     psi = 0.006*[#   6]+0.006*[#   7]+0.006*[#   8]+0.006*[#   9]+0.006*[#  10]
          +0.006*[#  16]+0.006*[#  17]+0.006*[#  18]+0.006*[#  19]+0.006*[#  20]
          +0.006*[#  26]+0.006*[#  27]+0.006*[#  28]+0.006*[#  29]+0.006*[#  30]
          +0.006*[#  36]+0.006*[#  37]+0.006*[#  38]+0.006*[#  39]+0.006*[#  40]
          
    |psi|^2 = 0.124
==== e(  41) =    24.58761 eV ==== 
     psi = 0.164*[#   2]+0.164*[#  12]+0.164*[#  22]+0.164*[#  32]+0.010*[#   7]
          +0.010*[#   8]+0.010*[#  10]+0.010*[#  17]+0.010*[#  18]+0.010*[#  20]
          +0.010*[#  27]+0.010*[#  28]+0.010*[#  30]+0.010*[#  37]+0.010*[#  38]
          +0.010*[#  40]+0.003*[#   1]+0.003*[#  11]+0.003*[#  21]+0.003*[#  31]
          
    |psi|^2 = 0.783
==== e(  42) =    26.82380 eV ==== 
     psi = 0.045*[#   2]+0.045*[#  12]+0.045*[#  22]+0.045*[#  32]+0.004*[#   7]
          +0.004*[#   8]+0.004*[#  10]+0.004*[#  17]+0.004*[#  18]+0.004*[#  20]
          +0.004*[#  27]+0.004*[#  28]+0.004*[#  30]+0.004*[#  37]+0.004*[#  38]
          +0.004*[#  40]
    |psi|^2 = 0.233
==== e(  43) =    29.69577 eV ==== 
     psi = 0.008*[#   2]+0.008*[#  12]+0.008*[#  22]+0.008*[#  32]+0.002*[#   7]
          +0.002*[#   8]+0.002*[#  10]+0.002*[#  17]+0.002*[#  18]+0.002*[#  20]
          +0.002*[#  27]+0.002*[#  28]+0.002*[#  30]+0.002*[#  37]+0.002*[#  38]
          +0.002*[#  40]
    |psi|^2 = 0.056

 k =   0.1250000000  0.2500000000 -0.5000000000
==== e(   1) =   -84.90337 eV ==== 
     psi = 0.332*[#  11]+0.332*[#  21]+0.332*[#  31]+0.001*[#  12]+0.001*[#  22]
          +0.001*[#  32]
    |psi|^2 = 1.000
==== e(   2) =   -84.90336 eV ==== 
     psi = 0.497*[#   1]+0.166*[#  11]+0.166*[#  21]+0.166*[#  31]+0.002*[#   2]
          
    |psi|^2 = 1.000
==== e(   3) =   -84.88850 eV ==== 
     psi = 0.329*[#  11]+0.329*[#  21]+0.329*[#  31]+0.004*[#  12]+0.004*[#  22]
          +0.004*[#  32]
    |psi|^2 = 1.000
==== e(   4) =   -84.88850 eV ==== 
     psi = 0.494*[#   1]+0.164*[#  11]+0.164*[#  21]+0.164*[#  31]+0.006*[#   2]
          +0.002*[#  12]+0.002*[#  22]+0.002*[#  32]
    |psi|^2 = 1.000
==== e(   5) =   -45.37063 eV ==== 
     psi = 0.167*[#  14]+0.167*[#  25]+0.167*[#  33]+0.062*[#  13]+0.062*[#  15]
          +0.062*[#  23]+0.062*[#  24]+0.062*[#  34]+0.062*[#  35]+0.042*[#   3]
          +0.042*[#   4]+0.042*[#   5]
    |psi|^2 = 1.000
==== e(   6) =   -45.37062 eV ==== 
     psi = 0.124*[#   3]+0.124*[#   4]+0.124*[#   5]+0.104*[#  13]+0.104*[#  15]
          +0.104*[#  23]+0.104*[#  24]+0.104*[#  34]+0.104*[#  35]
    |psi|^2 = 1.000
==== e(   7) =   -45.33724 eV ==== 
     psi = 0.165*[#  14]+0.165*[#  25]+0.165*[#  33]+0.103*[#   3]+0.103*[#   4]
          +0.103*[#   5]+0.031*[#  13]+0.031*[#  15]+0.031*[#  23]+0.031*[#  24]
          +0.031*[#  34]+0.031*[#  35]+0.002*[#  12]+0.002*[#  22]+0.002*[#  32]
          
    |psi|^2 = 1.000
==== e(   8) =   -45.33724 eV ==== 
     psi = 0.134*[#  13]+0.134*[#  15]+0.134*[#  23]+0.134*[#  24]+0.134*[#  34]
          +0.134*[#  35]+0.062*[#   3]+0.062*[#   4]+0.062*[#   5]+0.003*[#   2]
          +0.001*[#  12]+0.001*[#  22]+0.001*[#  32]
    |psi|^2 = 1.000
==== e(   9) =   -45.30889 eV ==== 
     psi = 0.166*[#  14]+0.166*[#  25]+0.166*[#  33]+0.082*[#  13]+0.082*[#  15]
          +0.082*[#  23]+0.082*[#  24]+0.082*[#  34]+0.082*[#  35]+0.003*[#   3]
          +0.003*[#   4]+0.003*[#   5]
    |psi|^2 = 1.000
==== e(  10) =   -45.30888 eV ==== 
     psi = 0.163*[#   3]+0.163*[#   4]+0.163*[#   5]+0.085*[#  13]+0.085*[#  15]
          +0.085*[#  23]+0.085*[#  24]+0.085*[#  34]+0.085*[#  35]
    |psi|^2 = 1.000
==== e(  11) =   -45.25215 eV ==== 
     psi = 0.167*[#  14]+0.167*[#  25]+0.167*[#  33]+0.121*[#   3]+0.121*[#   4]
          +0.121*[#   5]+0.023*[#  13]+0.023*[#  15]+0.023*[#  23]+0.023*[#  24]
          +0.023*[#  34]+0.023*[#  35]
    |psi|^2 = 1.000
==== e(  12) =   -45.25215 eV ==== 
     psi = 0.144*[#  13]+0.144*[#  15]+0.144*[#  23]+0.144*[#  24]+0.144*[#  34]
          +0.144*[#  35]+0.045*[#   3]+0.045*[#   4]+0.045*[#   5]
    |psi|^2 = 1.000
==== e(  13) =   -45.24413 eV ==== 
     psi = 0.167*[#  14]+0.167*[#  25]+0.167*[#  33]+0.074*[#  13]+0.074*[#  15]
          +0.074*[#  23]+0.074*[#  24]+0.074*[#  34]+0.074*[#  35]+0.018*[#   3]
          +0.018*[#   4]+0.018*[#   5]
    |psi|^2 = 1.000
==== e(  14) =   -45.24412 eV ==== 
     psi = 0.149*[#   3]+0.149*[#   4]+0.149*[#   5]+0.092*[#  13]+0.092*[#  15]
          +0.092*[#  23]+0.092*[#  24]+0.092*[#  34]+0.092*[#  35]
    |psi|^2 = 1.000
==== e(  15) =   -45.22669 eV ==== 
     psi = 0.167*[#  14]+0.167*[#  25]+0.167*[#  33]+0.061*[#  13]+0.061*[#  15]
          +0.061*[#  23]+0.061*[#  24]+0.061*[#  34]+0.061*[#  35]+0.045*[#   3]
          +0.045*[#   4]+0.045*[#   5]
    |psi|^2 = 1.000
==== e(  16) =   -45.22668 eV ==== 
     psi = 0.122*[#   3]+0.122*[#   4]+0.122*[#   5]+0.106*[#  13]+0.106*[#  15]
          +0.106*[#  23]+0.106*[#  24]+0.106*[#  34]+0.106*[#  35]
    |psi|^2 = 1.000
==== e(  17) =    12.47516 eV ==== 
     psi = 0.273*[#  12]+0.273*[#  22]+0.273*[#  32]+0.017*[#  39]+0.015*[#  16]
          +0.015*[#  26]+0.013*[#   7]+0.013*[#   8]+0.013*[#  10]+0.009*[#  19]
          +0.009*[#  29]+0.009*[#  17]+0.009*[#  20]+0.009*[#  28]+0.009*[#  30]
          +0.009*[#  37]+0.009*[#  38]+0.006*[#  36]+0.001*[#  11]+0.001*[#  21]
          +0.001*[#  31]
    |psi|^2 = 0.991
==== e(  18) =    12.47517 eV ==== 
     psi = 0.409*[#   2]+0.136*[#  12]+0.136*[#  22]+0.136*[#  32]+0.018*[#   6]
          +0.018*[#   9]+0.015*[#  18]+0.015*[#  27]+0.015*[#  40]+0.012*[#  36]
          +0.009*[#  19]+0.009*[#  29]+0.007*[#  17]+0.007*[#  20]+0.007*[#  28]
          +0.007*[#  30]+0.007*[#  37]+0.007*[#  38]+0.003*[#  16]+0.003*[#  26]
          +0.002*[#   1]+0.002*[#   7]+0.002*[#   8]+0.002*[#  10]
    |psi|^2 = 0.991
==== e(  19) =    14.74560 eV ==== 
     psi = 0.090*[#   7]+0.090*[#   8]+0.090*[#  10]+0.057*[#  36]+0.054*[#  17]
          +0.054*[#  20]+0.054*[#  28]+0.054*[#  30]+0.054*[#  37]+0.054*[#  38]
          +0.048*[#  19]+0.048*[#  29]+0.042*[#  12]+0.042*[#  22]+0.042*[#  32]
          +0.029*[#  16]+0.029*[#  26]+0.020*[#  39]
    |psi|^2 = 0.954
==== e(  20) =    14.74561 eV ==== 
     psi = 0.099*[#  18]+0.099*[#  27]+0.099*[#  40]+0.064*[#   2]+0.057*[#   6]
          +0.057*[#   9]+0.045*[#  17]+0.045*[#  20]+0.045*[#  28]+0.045*[#  30]
          +0.045*[#  37]+0.045*[#  38]+0.038*[#  39]+0.028*[#  16]+0.028*[#  26]
          +0.021*[#  12]+0.021*[#  22]+0.021*[#  32]+0.010*[#  19]+0.010*[#  29]
          +0.009*[#   7]+0.009*[#   8]+0.009*[#  10]
    |psi|^2 = 0.954
==== e(  21) =    15.00244 eV ==== 
     psi = 0.171*[#  36]+0.143*[#  19]+0.143*[#  29]+0.087*[#  16]+0.087*[#  26]
          +0.059*[#  39]+0.038*[#   7]+0.038*[#   8]+0.038*[#  10]+0.023*[#  17]
          +0.023*[#  20]+0.023*[#  28]+0.023*[#  30]+0.023*[#  37]+0.023*[#  38]
          +0.002*[#  12]+0.002*[#  22]+0.002*[#  32]
    |psi|^2 = 0.952
==== e(  22) =    15.00245 eV ==== 
     psi = 0.173*[#   6]+0.173*[#   9]+0.113*[#  39]+0.085*[#  16]+0.085*[#  26]
          +0.042*[#  18]+0.042*[#  27]+0.042*[#  40]+0.030*[#  19]+0.030*[#  29]
          +0.019*[#  17]+0.019*[#  20]+0.019*[#  28]+0.019*[#  30]+0.019*[#  37]
          +0.019*[#  38]+0.004*[#   7]+0.004*[#   8]+0.004*[#  10]+0.003*[#   2]
          +0.002*[#  36]+0.001*[#  12]+0.001*[#  22]+0.001*[#  32]
    |psi|^2 = 0.952
==== e(  23) =    15.38172 eV ==== 
     psi = 0.144*[#  17]+0.144*[#  20]+0.144*[#  28]+0.144*[#  30]+0.144*[#  37]
          +0.144*[#  38]+0.021*[#   7]+0.021*[#   8]+0.021*[#  10]+0.007*[#  39]
          +0.007*[#  12]+0.007*[#  22]+0.007*[#  32]+0.006*[#  16]+0.006*[#  26]
          +0.004*[#  19]+0.004*[#  29]+0.003*[#  36]
    |psi|^2 = 0.979
==== e(  24) =    15.38173 eV ==== 
     psi = 0.155*[#  18]+0.155*[#  27]+0.155*[#  40]+0.134*[#   7]+0.134*[#   8]
          +0.134*[#  10]+0.011*[#  17]+0.011*[#  20]+0.011*[#  28]+0.011*[#  30]
          +0.011*[#  37]+0.011*[#  38]+0.010*[#   2]+0.008*[#   6]+0.008*[#   9]
          +0.005*[#  36]+0.004*[#  19]+0.004*[#  29]+0.003*[#  12]+0.003*[#  22]
          +0.003*[#  32]+0.001*[#  16]+0.001*[#  26]
    |psi|^2 = 0.979
==== e(  25) =    15.71239 eV ==== 
     psi = 0.153*[#  18]+0.153*[#  27]+0.153*[#  40]+0.073*[#  17]+0.073*[#  20]
          +0.073*[#  28]+0.073*[#  30]+0.073*[#  37]+0.073*[#  38]+0.006*[#   7]
          +0.006*[#   8]+0.006*[#  10]+0.004*[#   2]+0.003*[#   6]+0.003*[#   9]
          +0.002*[#  39]+0.001*[#  16]+0.001*[#  26]+0.001*[#  12]+0.001*[#  22]
          +0.001*[#  32]
    |psi|^2 = 0.936
==== e(  26) =    15.71239 eV ==== 
     psi = 0.147*[#   7]+0.147*[#   8]+0.147*[#  10]+0.079*[#  17]+0.079*[#  20]
          +0.079*[#  28]+0.079*[#  30]+0.079*[#  37]+0.079*[#  38]+0.003*[#  36]
          +0.003*[#  19]+0.003*[#  29]+0.002*[#  12]+0.002*[#  22]+0.002*[#  32]
          +0.002*[#  16]+0.002*[#  26]+0.001*[#  39]
    |psi|^2 = 0.936
==== e(  27) =    16.13233 eV ==== 
     psi = 0.147*[#  39]+0.125*[#  16]+0.125*[#  26]+0.080*[#  19]+0.080*[#  29]
          +0.058*[#  36]+0.049*[#   7]+0.049*[#   8]+0.049*[#  10]+0.037*[#  17]
          +0.037*[#  20]+0.037*[#  28]+0.037*[#  30]+0.037*[#  37]+0.037*[#  38]
          +0.003*[#  12]+0.003*[#  22]+0.003*[#  32]
    |psi|^2 = 0.994
==== e(  28) =    16.13233 eV ==== 
     psi = 0.154*[#   6]+0.154*[#   9]+0.096*[#  36]+0.074*[#  19]+0.074*[#  29]
          +0.062*[#  18]+0.062*[#  27]+0.062*[#  40]+0.029*[#  16]+0.029*[#  26]
          +0.025*[#  17]+0.025*[#  20]+0.025*[#  28]+0.025*[#  30]+0.025*[#  37]
          +0.025*[#  38]+0.013*[#   7]+0.013*[#   8]+0.013*[#  10]+0.007*[#  39]
          +0.005*[#   2]+0.002*[#  12]+0.002*[#  22]+0.002*[#  32]
    |psi|^2 = 0.994
==== e(  29) =    16.76930 eV ==== 
     psi = 0.109*[#  36]+0.094*[#  19]+0.094*[#  29]+0.081*[#   7]+0.081*[#   8]
          +0.081*[#  10]+0.065*[#  16]+0.065*[#  26]+0.050*[#  39]+0.045*[#  17]
          +0.045*[#  20]+0.045*[#  28]+0.045*[#  30]+0.045*[#  37]+0.045*[#  38]
          +0.002*[#  12]+0.002*[#  22]+0.002*[#  32]
    |psi|^2 = 0.996
==== e(  30) =    16.76931 eV ==== 
     psi = 0.119*[#   6]+0.119*[#   9]+0.086*[#  18]+0.086*[#  27]+0.086*[#  40]
          +0.069*[#  39]+0.054*[#  16]+0.054*[#  26]+0.041*[#  17]+0.041*[#  20]
          +0.041*[#  28]+0.041*[#  30]+0.041*[#  37]+0.041*[#  38]+0.025*[#  19]
          +0.025*[#  29]+0.011*[#  36]+0.005*[#   7]+0.005*[#   8]+0.005*[#  10]
          +0.003*[#   2]
    |psi|^2 = 0.996
==== e(  31) =    16.98727 eV ==== 
     psi = 0.219*[#  39]+0.183*[#  16]+0.183*[#  26]+0.110*[#  19]+0.110*[#  29]
          +0.074*[#  36]+0.018*[#  17]+0.018*[#  20]+0.018*[#  28]+0.018*[#  30]
          +0.018*[#  37]+0.018*[#  38]+0.001*[#   7]+0.001*[#   8]+0.001*[#  10]
          
    |psi|^2 = 0.993
==== e(  32) =    16.98728 eV ==== 
     psi = 0.220*[#   6]+0.220*[#   9]+0.146*[#  36]+0.110*[#  19]+0.110*[#  29]
          +0.037*[#  16]+0.037*[#  26]+0.019*[#  18]+0.019*[#  27]+0.019*[#  40]
          +0.017*[#   7]+0.017*[#   8]+0.017*[#  10]
    |psi|^2 = 0.993
==== e(  33) =    17.52134 eV ==== 
     psi = 0.086*[#   7]+0.086*[#   8]+0.086*[#  10]+0.069*[#  36]+0.066*[#  19]
          +0.066*[#  29]+0.060*[#  16]+0.060*[#  26]+0.057*[#  39]+0.054*[#  17]
          +0.054*[#  20]+0.054*[#  28]+0.054*[#  30]+0.054*[#  37]+0.054*[#  38]
          +0.012*[#  12]+0.012*[#  22]+0.012*[#  32]
    |psi|^2 = 0.994
==== e(  34) =    17.52135 eV ==== 
     psi = 0.096*[#  18]+0.096*[#  27]+0.096*[#  40]+0.095*[#   6]+0.095*[#   9]
          +0.043*[#  17]+0.043*[#  20]+0.043*[#  28]+0.043*[#  30]+0.043*[#  37]
          +0.043*[#  38]+0.038*[#  39]+0.035*[#  16]+0.035*[#  26]+0.029*[#  19]
          +0.029*[#  29]+0.025*[#  36]+0.018*[#   2]+0.011*[#   7]+0.011*[#   8]
          +0.011*[#  10]+0.006*[#  12]+0.006*[#  22]+0.006*[#  32]
    |psi|^2 = 0.994
==== e(  35) =    17.98809 eV ==== 
     psi = 0.137*[#  17]+0.137*[#  20]+0.137*[#  28]+0.137*[#  30]+0.137*[#  37]
          +0.137*[#  38]+0.025*[#  39]+0.024*[#   7]+0.024*[#   8]+0.024*[#  10]
          +0.021*[#  16]+0.021*[#  26]+0.013*[#  19]+0.013*[#  29]+0.009*[#  36]
          
    |psi|^2 = 0.998
==== e(  36) =    17.98810 eV ==== 
     psi = 0.149*[#  18]+0.149*[#  27]+0.149*[#  40]+0.125*[#   7]+0.125*[#   8]
          +0.125*[#  10]+0.025*[#   6]+0.025*[#   9]+0.017*[#  36]+0.013*[#  19]
          +0.013*[#  29]+0.012*[#  17]+0.012*[#  20]+0.012*[#  28]+0.012*[#  30]
          +0.012*[#  37]+0.012*[#  38]+0.004*[#  16]+0.004*[#  26]
    |psi|^2 = 0.998
==== e(  37) =    18.11068 eV ==== 
     psi = 0.088*[#  36]+0.080*[#   7]+0.080*[#   8]+0.080*[#  10]+0.079*[#  19]
          +0.079*[#  29]+0.062*[#  16]+0.062*[#  26]+0.053*[#  39]+0.041*[#  17]
          +0.041*[#  20]+0.041*[#  28]+0.041*[#  30]+0.041*[#  37]+0.041*[#  38]
          +0.027*[#  12]+0.027*[#  22]+0.027*[#  32]
    |psi|^2 = 0.994
==== e(  38) =    18.11068 eV ==== 
     psi = 0.106*[#   6]+0.106*[#   9]+0.082*[#  18]+0.082*[#  27]+0.082*[#  40]
          +0.053*[#  39]+0.044*[#  16]+0.044*[#  26]+0.041*[#   2]+0.040*[#  17]
          +0.040*[#  20]+0.040*[#  28]+0.040*[#  30]+0.040*[#  37]+0.040*[#  38]
          +0.026*[#  19]+0.026*[#  29]+0.018*[#  36]+0.014*[#  12]+0.014*[#  22]
          +0.014*[#  32]+0.001*[#   7]+0.001*[#   8]+0.001*[#  10]
    |psi|^2 = 0.994
==== e(  39) =    22.07279 eV ==== 
     psi = 0.102*[#  12]+0.102*[#  22]+0.102*[#  32]+0.022*[#   7]+0.022*[#   8]
          +0.022*[#  10]+0.016*[#  36]+0.013*[#  19]+0.013*[#  29]+0.011*[#  17]
          +0.011*[#  20]+0.011*[#  28]+0.011*[#  30]+0.011*[#  37]+0.011*[#  38]
          +0.008*[#  16]+0.008*[#  26]+0.005*[#  39]+0.002*[#  11]+0.002*[#  21]
          +0.002*[#  31]
    |psi|^2 = 0.508
==== e(  40) =    22.07280 eV ==== 
     psi = 0.153*[#   2]+0.051*[#  12]+0.051*[#  22]+0.051*[#  32]+0.022*[#  18]
          +0.022*[#  27]+0.022*[#  40]+0.016*[#   6]+0.016*[#   9]+0.011*[#  17]
          +0.011*[#  20]+0.011*[#  28]+0.011*[#  30]+0.011*[#  37]+0.011*[#  38]
          +0.011*[#  39]+0.008*[#  16]+0.008*[#  26]+0.003*[#  19]+0.003*[#  29]
          +0.002*[#   1]
    |psi|^2 = 0.508
==== e(  41) =    25.36005 eV ==== 
     psi = 0.129*[#  12]+0.129*[#  22]+0.129*[#  32]+0.010*[#   7]+0.010*[#   8]
          +0.010*[#  10]+0.009*[#  17]+0.009*[#  20]+0.009*[#  28]+0.009*[#  30]
          +0.009*[#  37]+0.009*[#  38]+0.002*[#  11]+0.002*[#  21]+0.002*[#  31]
          
    |psi|^2 = 0.481
==== e(  42) =    25.36005 eV ==== 
     psi = 0.193*[#   2]+0.064*[#  12]+0.064*[#  22]+0.064*[#  32]+0.014*[#  18]
          +0.014*[#  27]+0.014*[#  40]+0.005*[#  17]+0.005*[#  20]+0.005*[#  28]
          +0.005*[#  30]+0.005*[#  37]+0.005*[#  38]+0.004*[#   7]+0.004*[#   8]
          +0.004*[#  10]+0.003*[#   1]+0.001*[#   6]+0.001*[#   9]
    |psi|^2 = 0.481
==== e(  43) =    31.07005 eV ==== 
     psi = 0.003*[#   2]+0.003*[#  12]+0.003*[#  22]+0.003*[#  32]+0.002*[#   7]
          +0.002*[#   8]+0.002*[#  10]+0.002*[#  18]+0.002*[#  27]+0.002*[#  40]
          +0.002*[#  17]+0.002*[#  20]+0.002*[#  28]+0.002*[#  30]+0.002*[#  37]
          +0.002*[#  38]
    |psi|^2 = 0.033

 k =   0.1250000000  0.3750000000  0.3750000000
==== e(   1) =   -84.90565 eV ==== 
     psi = 0.248*[#  11]+0.248*[#  21]+0.248*[#  31]+0.248*[#   1]+0.002*[#   2]
          +0.002*[#  12]+0.002*[#  22]+0.002*[#  32]
    |psi|^2 = 1.000
==== e(   2) =   -84.89427 eV ==== 
     psi = 0.332*[#  11]+0.332*[#  21]+0.332*[#  31]
    |psi|^2 = 1.000
==== e(   3) =   -84.89427 eV ==== 
     psi = 0.498*[#   1]+0.166*[#  11]+0.166*[#  21]+0.166*[#  31]
    |psi|^2 = 1.000
==== e(   4) =   -84.88952 eV ==== 
     psi = 0.248*[#   1]+0.247*[#  11]+0.247*[#  21]+0.247*[#  31]+0.002*[#   2]
          +0.002*[#  12]+0.002*[#  22]+0.002*[#  32]
    |psi|^2 = 1.000
==== e(   5) =   -45.37403 eV ==== 
     psi = 0.083*[#  14]+0.083*[#  25]+0.083*[#  33]+0.083*[#   3]+0.083*[#   4]
          +0.083*[#   5]+0.083*[#  13]+0.083*[#  15]+0.083*[#  23]+0.083*[#  24]
          +0.083*[#  34]+0.083*[#  35]
    |psi|^2 = 1.000
==== e(   6) =   -45.36929 eV ==== 
     psi = 0.161*[#  14]+0.161*[#  25]+0.161*[#  33]+0.072*[#  13]+0.072*[#  15]
          +0.072*[#  23]+0.072*[#  24]+0.072*[#  34]+0.072*[#  35]+0.026*[#   3]
          +0.026*[#   4]+0.026*[#   5]+0.002*[#   2]
    |psi|^2 = 1.000
==== e(   7) =   -45.36928 eV ==== 
     psi = 0.140*[#   3]+0.140*[#   4]+0.140*[#   5]+0.094*[#  13]+0.094*[#  15]
          +0.094*[#  23]+0.094*[#  24]+0.094*[#  34]+0.094*[#  35]+0.004*[#  14]
          +0.004*[#  25]+0.004*[#  33]+0.001*[#  12]+0.001*[#  22]+0.001*[#  32]
          
    |psi|^2 = 1.000
==== e(   8) =   -45.33496 eV ==== 
     psi = 0.083*[#   3]+0.083*[#   4]+0.083*[#   5]+0.083*[#  13]+0.083*[#  14]
          +0.083*[#  15]+0.083*[#  23]+0.083*[#  24]+0.083*[#  25]+0.083*[#  33]
          +0.083*[#  34]+0.083*[#  35]+0.002*[#   2]+0.002*[#  12]+0.002*[#  22]
          +0.002*[#  32]
    |psi|^2 = 1.000
==== e(   9) =   -45.30603 eV ==== 
     psi = 0.083*[#   3]+0.083*[#   4]+0.083*[#   5]+0.083*[#  13]+0.083*[#  14]
          +0.083*[#  15]+0.083*[#  23]+0.083*[#  24]+0.083*[#  25]+0.083*[#  33]
          +0.083*[#  34]+0.083*[#  35]
    |psi|^2 = 1.000
==== e(  10) =   -45.27667 eV ==== 
     psi = 0.158*[#  14]+0.158*[#  25]+0.158*[#  33]+0.149*[#   3]+0.149*[#   4]
          +0.149*[#   5]+0.013*[#  13]+0.013*[#  15]+0.013*[#  23]+0.013*[#  24]
          +0.013*[#  34]+0.013*[#  35]
    |psi|^2 = 1.000
==== e(  11) =   -45.27667 eV ==== 
     psi = 0.154*[#  13]+0.154*[#  15]+0.154*[#  23]+0.154*[#  24]+0.154*[#  34]
          +0.154*[#  35]+0.017*[#   3]+0.017*[#   4]+0.017*[#   5]+0.008*[#  14]
          +0.008*[#  25]+0.008*[#  33]
    |psi|^2 = 1.000
==== e(  12) =   -45.24244 eV ==== 
     psi = 0.083*[#  14]+0.083*[#  25]+0.083*[#  33]+0.083*[#   3]+0.083*[#   4]
          +0.083*[#   5]+0.083*[#  13]+0.083*[#  15]+0.083*[#  23]+0.083*[#  24]
          +0.083*[#  34]+0.083*[#  35]
    |psi|^2 = 1.000
==== e(  13) =   -45.24113 eV ==== 
     psi = 0.083*[#  13]+0.083*[#  14]+0.083*[#  15]+0.083*[#  23]+0.083*[#  24]
          +0.083*[#   4]+0.083*[#   5]+0.083*[#  25]+0.083*[#  33]+0.083*[#  34]
          +0.083*[#  35]+0.083*[#   3]
    |psi|^2 = 1.000
==== e(  14) =   -45.23825 eV ==== 
     psi = 0.154*[#  14]+0.154*[#  25]+0.154*[#  33]+0.085*[#  13]+0.085*[#  15]
          +0.085*[#  23]+0.085*[#  24]+0.085*[#  34]+0.085*[#  35]+0.009*[#   3]
          +0.009*[#   4]+0.009*[#   5]
    |psi|^2 = 1.000
==== e(  15) =   -45.23824 eV ==== 
     psi = 0.158*[#   3]+0.158*[#   4]+0.158*[#   5]+0.081*[#  13]+0.081*[#  15]
          +0.081*[#  23]+0.081*[#  24]+0.081*[#  34]+0.081*[#  35]+0.013*[#  14]
          +0.013*[#  25]+0.013*[#  33]
    |psi|^2 = 1.000
==== e(  16) =   -45.21385 eV ==== 
     psi = 0.083*[#   3]+0.083*[#   4]+0.083*[#   5]+0.083*[#  13]+0.083*[#  14]
          +0.083*[#  15]+0.083*[#  23]+0.083*[#  24]+0.083*[#  25]+0.083*[#  33]
          +0.083*[#  34]+0.083*[#  35]
    |psi|^2 = 1.000
==== e(  17) =    12.18685 eV ==== 
     psi = 0.213*[#   2]+0.213*[#  12]+0.213*[#  22]+0.213*[#  32]+0.009*[#   7]
          +0.009*[#   8]+0.009*[#  10]+0.009*[#  17]+0.009*[#  18]+0.009*[#  20]
          +0.009*[#  27]+0.009*[#  28]+0.009*[#  30]+0.009*[#  37]+0.009*[#  38]
          +0.009*[#  40]+0.002*[#   6]+0.002*[#   9]+0.002*[#  16]+0.002*[#  19]
          +0.002*[#  26]+0.002*[#  29]+0.002*[#  36]+0.002*[#  39]+0.002*[#   1]
          +0.002*[#  11]+0.002*[#  21]+0.002*[#  31]
    |psi|^2 = 0.992
==== e(  18) =    13.93247 eV ==== 
     psi = 0.227*[#   2]+0.076*[#  12]+0.076*[#  22]+0.076*[#  32]+0.056*[#  18]
          +0.056*[#  27]+0.056*[#  40]+0.037*[#  36]+0.035*[#   7]+0.035*[#   8]
          +0.035*[#  10]+0.030*[#  19]+0.030*[#  29]+0.021*[#   6]+0.021*[#   9]
          +0.015*[#  16]+0.015*[#  26]+0.011*[#  17]+0.011*[#  20]+0.011*[#  28]
          +0.011*[#  30]+0.011*[#  37]+0.011*[#  38]+0.008*[#  39]
    |psi|^2 = 0.972
==== e(  19) =    13.93248 eV ==== 
     psi = 0.151*[#  12]+0.151*[#  22]+0.151*[#  32]+0.045*[#  17]+0.045*[#  20]
          +0.045*[#  28]+0.045*[#  30]+0.045*[#  37]+0.045*[#  38]+0.037*[#  39]
          +0.029*[#  16]+0.029*[#  26]+0.023*[#   6]+0.023*[#   9]+0.021*[#   7]
          +0.021*[#   8]+0.021*[#  10]+0.015*[#  19]+0.015*[#  29]+0.007*[#  36]
          
    |psi|^2 = 0.972
==== e(  20) =    14.57928 eV ==== 
     psi = 0.069*[#   7]+0.069*[#   8]+0.069*[#  10]+0.069*[#  17]+0.069*[#  18]
          +0.069*[#  20]+0.069*[#  27]+0.069*[#  28]+0.069*[#  30]+0.069*[#  37]
          +0.069*[#  38]+0.069*[#  40]+0.038*[#   2]+0.038*[#  12]+0.038*[#  22]
          +0.038*[#  32]
    |psi|^2 = 0.976
==== e(  21) =    15.10820 eV ==== 
     psi = 0.113*[#   6]+0.113*[#   9]+0.113*[#  16]+0.113*[#  19]+0.113*[#  26]
          +0.113*[#  29]+0.113*[#  36]+0.113*[#  39]+0.001*[#   2]+0.001*[#  12]
          +0.001*[#  22]+0.001*[#  32]
    |psi|^2 = 0.920
==== e(  22) =    15.28915 eV ==== 
     psi = 0.093*[#  18]+0.093*[#  27]+0.093*[#  40]+0.056*[#  36]+0.051*[#  17]
          +0.051*[#  20]+0.051*[#  28]+0.051*[#  30]+0.051*[#  37]+0.051*[#  38]
          +0.045*[#  19]+0.045*[#  29]+0.044*[#   6]+0.044*[#   9]+0.021*[#  16]
          +0.021*[#  26]+0.018*[#   7]+0.018*[#   8]+0.018*[#  10]+0.010*[#   2]
          +0.009*[#  39]+0.003*[#  12]+0.003*[#  22]+0.003*[#  32]
    |psi|^2 = 0.948
==== e(  23) =    15.28915 eV ==== 
     psi = 0.088*[#   7]+0.088*[#   8]+0.088*[#  10]+0.062*[#  39]+0.056*[#  17]
          +0.056*[#  20]+0.056*[#  28]+0.056*[#  30]+0.056*[#  37]+0.056*[#  38]
          +0.050*[#  16]+0.050*[#  26]+0.027*[#   6]+0.027*[#   9]+0.027*[#  19]
          +0.027*[#  29]+0.015*[#  36]+0.014*[#  18]+0.014*[#  27]+0.014*[#  40]
          +0.007*[#  12]+0.007*[#  22]+0.007*[#  32]
    |psi|^2 = 0.948
==== e(  24) =    15.61565 eV ==== 
     psi = 0.077*[#   7]+0.077*[#   8]+0.077*[#  10]+0.077*[#  17]+0.077*[#  18]
          +0.077*[#  20]+0.077*[#  27]+0.077*[#  28]+0.077*[#  30]+0.077*[#  37]
          +0.077*[#  38]+0.077*[#  40]+0.010*[#   2]+0.010*[#  12]+0.010*[#  22]
          +0.010*[#  32]+0.002*[#   6]+0.002*[#   9]+0.002*[#  16]+0.002*[#  19]
          +0.002*[#  26]+0.002*[#  29]+0.002*[#  36]+0.002*[#  39]
    |psi|^2 = 0.973
==== e(  25) =    15.77844 eV ==== 
     psi = 0.083*[#  39]+0.078*[#  17]+0.078*[#  20]+0.078*[#  28]+0.078*[#  30]
          +0.078*[#  37]+0.078*[#  38]+0.068*[#  16]+0.068*[#  26]+0.038*[#  19]
          +0.038*[#  29]+0.025*[#   7]+0.025*[#   8]+0.025*[#  10]+0.023*[#  36]
          +0.022*[#   6]+0.022*[#   9]+0.016*[#  18]+0.016*[#  27]+0.016*[#  40]
          +0.011*[#  12]+0.011*[#  22]+0.011*[#  32]
    |psi|^2 = 0.988
==== e(  26) =    15.77845 eV ==== 
     psi = 0.083*[#  18]+0.083*[#  27]+0.083*[#  40]+0.074*[#   7]+0.074*[#   8]
          +0.074*[#  10]+0.068*[#   6]+0.068*[#   9]+0.068*[#  36]+0.053*[#  19]
          +0.053*[#  29]+0.023*[#  16]+0.023*[#  26]+0.020*[#  17]+0.020*[#  20]
          +0.020*[#  28]+0.020*[#  30]+0.020*[#  37]+0.020*[#  38]+0.017*[#   2]
          +0.007*[#  39]+0.006*[#  12]+0.006*[#  22]+0.006*[#  32]
    |psi|^2 = 0.988
==== e(  27) =    15.89914 eV ==== 
     psi = 0.076*[#   7]+0.076*[#   8]+0.076*[#  10]+0.076*[#  17]+0.076*[#  18]
          +0.076*[#  20]+0.076*[#  27]+0.076*[#  28]+0.076*[#  30]+0.076*[#  37]
          +0.076*[#  38]+0.076*[#  40]
    |psi|^2 = 0.921
==== e(  28) =    16.21849 eV ==== 
     psi = 0.065*[#   6]+0.065*[#   9]+0.065*[#  16]+0.065*[#  19]+0.065*[#  26]
          +0.065*[#  29]+0.065*[#  36]+0.065*[#  39]+0.039*[#   7]+0.039*[#   8]
          +0.039*[#  10]+0.039*[#  17]+0.039*[#  18]+0.039*[#  20]+0.039*[#  27]
          +0.039*[#  28]+0.039*[#  30]+0.039*[#  37]+0.039*[#  38]+0.039*[#  40]
          
    |psi|^2 = 0.993
==== e(  29) =    16.55394 eV ==== 
     psi = 0.077*[#   6]+0.077*[#   9]+0.077*[#  16]+0.077*[#  19]+0.077*[#  26]
          +0.077*[#  29]+0.077*[#  36]+0.077*[#  39]+0.032*[#   7]+0.032*[#   8]
          +0.032*[#  10]+0.032*[#  17]+0.032*[#  18]+0.032*[#  20]+0.032*[#  27]
          +0.032*[#  28]+0.032*[#  30]+0.032*[#  37]+0.032*[#  38]+0.032*[#  40]
          
    |psi|^2 = 0.998
==== e(  30) =    16.86605 eV ==== 
     psi = 0.106*[#  16]+0.106*[#   6]+0.106*[#   9]+0.106*[#  19]+0.106*[#  26]
          +0.106*[#  29]+0.106*[#  36]+0.106*[#  39]+0.012*[#   7]+0.012*[#   8]
          +0.012*[#  10]+0.012*[#  17]+0.012*[#  18]+0.012*[#  20]+0.012*[#  27]
          +0.012*[#  28]+0.012*[#  30]+0.012*[#  37]+0.012*[#  38]+0.012*[#  40]
          
    |psi|^2 = 0.996
==== e(  31) =    16.87805 eV ==== 
     psi = 0.164*[#  36]+0.134*[#  19]+0.134*[#  29]+0.073*[#  16]+0.073*[#  26]
          +0.055*[#   6]+0.055*[#   9]+0.042*[#  39]+0.036*[#   7]+0.036*[#   8]
          +0.036*[#  10]+0.020*[#  17]+0.020*[#  20]+0.020*[#  28]+0.020*[#  30]
          +0.020*[#  37]+0.020*[#  38]+0.008*[#  18]+0.008*[#  27]+0.008*[#  40]
          +0.006*[#   2]+0.002*[#  12]+0.002*[#  22]+0.002*[#  32]
    |psi|^2 = 0.993
==== e(  32) =    16.87806 eV ==== 
     psi = 0.140*[#  39]+0.127*[#   6]+0.127*[#   9]+0.109*[#  16]+0.109*[#  26]
          +0.049*[#  19]+0.049*[#  29]+0.034*[#  18]+0.034*[#  27]+0.034*[#  40]
          +0.022*[#  17]+0.022*[#  20]+0.022*[#  28]+0.022*[#  30]+0.022*[#  37]
          +0.022*[#  38]+0.018*[#  36]+0.006*[#   7]+0.006*[#   8]+0.006*[#  10]
          +0.004*[#  12]+0.004*[#  22]+0.004*[#  32]
    |psi|^2 = 0.993
==== e(  33) =    17.23069 eV ==== 
     psi = 0.052*[#   7]+0.052*[#   8]+0.052*[#  10]+0.052*[#  17]+0.052*[#  18]
          +0.052*[#  20]+0.052*[#  27]+0.052*[#  28]+0.052*[#  30]+0.052*[#  37]
          +0.052*[#  38]+0.052*[#  40]+0.047*[#   6]+0.047*[#   9]+0.047*[#  16]
          +0.047*[#  19]+0.047*[#  26]+0.047*[#  29]+0.047*[#  36]+0.047*[#  39]
          
    |psi|^2 = 0.999
==== e(  34) =    17.77605 eV ==== 
     psi = 0.104*[#   7]+0.104*[#   8]+0.104*[#  10]+0.060*[#  17]+0.060*[#  20]
          +0.060*[#  28]+0.060*[#  30]+0.060*[#  37]+0.060*[#  38]+0.055*[#  36]
          +0.045*[#  19]+0.045*[#  29]+0.025*[#  18]+0.025*[#  27]+0.025*[#  40]
          +0.025*[#  16]+0.025*[#  26]+0.018*[#   6]+0.018*[#   9]+0.014*[#  39]
          +0.002*[#   2]
    |psi|^2 = 0.994
==== e(  35) =    17.77605 eV ==== 
     psi = 0.099*[#  18]+0.099*[#  27]+0.099*[#  40]+0.065*[#  17]+0.065*[#  20]
          +0.065*[#  28]+0.065*[#  30]+0.065*[#  37]+0.065*[#  38]+0.047*[#  39]
          +0.043*[#   6]+0.043*[#   9]+0.036*[#  16]+0.036*[#  26]+0.020*[#   7]
          +0.020*[#   8]+0.020*[#  10]+0.016*[#  19]+0.016*[#  29]+0.006*[#  36]
          +0.001*[#  12]+0.001*[#  22]+0.001*[#  32]
    |psi|^2 = 0.994
==== e(  36) =    17.86619 eV ==== 
     psi = 0.071*[#   7]+0.071*[#   8]+0.071*[#  10]+0.071*[#  17]+0.071*[#  18]
          +0.071*[#  20]+0.071*[#  27]+0.071*[#  28]+0.071*[#  30]+0.071*[#  37]
          +0.071*[#  38]+0.071*[#  40]+0.018*[#   6]+0.018*[#   9]+0.018*[#  16]
          +0.018*[#  19]+0.018*[#  26]+0.018*[#  29]+0.018*[#  36]+0.018*[#  39]
          
    |psi|^2 = 0.999
==== e(  37) =    18.13205 eV ==== 
     psi = 0.056*[#   6]+0.056*[#   9]+0.056*[#  16]+0.056*[#  19]+0.056*[#  26]
          +0.056*[#  29]+0.056*[#  36]+0.056*[#  39]+0.039*[#   7]+0.039*[#   8]
          +0.039*[#  10]+0.039*[#  17]+0.039*[#  18]+0.039*[#  20]+0.039*[#  27]
          +0.039*[#  28]+0.039*[#  30]+0.039*[#  37]+0.039*[#  38]+0.039*[#  40]
          +0.019*[#   2]+0.019*[#  12]+0.019*[#  22]+0.019*[#  32]
    |psi|^2 = 0.995
==== e(  38) =    19.53589 eV ==== 
     psi = 0.117*[#  12]+0.117*[#  22]+0.117*[#  32]+0.062*[#  17]+0.062*[#  20]
          +0.062*[#  28]+0.062*[#  30]+0.062*[#  37]+0.062*[#  38]+0.046*[#  39]
          +0.038*[#  16]+0.038*[#  26]+0.022*[#  19]+0.022*[#  29]+0.014*[#  36]
          +0.005*[#   6]+0.005*[#   9]+0.002*[#  18]+0.002*[#  27]+0.002*[#  40]
          
    |psi|^2 = 0.925
==== e(  39) =    19.53590 eV ==== 
     psi = 0.176*[#   2]+0.063*[#   7]+0.063*[#   8]+0.063*[#  10]+0.061*[#  18]
          +0.061*[#  27]+0.061*[#  40]+0.059*[#  12]+0.059*[#  22]+0.059*[#  32]
          +0.043*[#   6]+0.043*[#   9]+0.034*[#  36]+0.026*[#  19]+0.026*[#  29]
          +0.010*[#  16]+0.010*[#  26]+0.002*[#  39]+0.001*[#   1]+0.001*[#  17]
          +0.001*[#  20]+0.001*[#  28]+0.001*[#  30]+0.001*[#  37]+0.001*[#  38]
          
    |psi|^2 = 0.925
==== e(  40) =    21.69551 eV ==== 
     psi = 0.074*[#   2]+0.074*[#  12]+0.074*[#  22]+0.074*[#  32]+0.012*[#   7]
          +0.012*[#   8]+0.012*[#  10]+0.012*[#  17]+0.012*[#  18]+0.012*[#  20]
          +0.012*[#  27]+0.012*[#  28]+0.012*[#  30]+0.012*[#  37]+0.012*[#  38]
          +0.012*[#  40]+0.009*[#   6]+0.009*[#   9]+0.009*[#  16]+0.009*[#  19]
          +0.009*[#  26]+0.009*[#  29]+0.009*[#  36]+0.009*[#  39]+0.001*[#   1]
          +0.001*[#  11]+0.001*[#  21]+0.001*[#  31]
    |psi|^2 = 0.520
==== e(  41) =    25.12539 eV ==== 
     psi = 0.101*[#   2]+0.101*[#  12]+0.101*[#  22]+0.101*[#  32]+0.008*[#   7]
          +0.008*[#   8]+0.008*[#  10]+0.008*[#  17]+0.008*[#  18]+0.008*[#  20]
          +0.008*[#  27]+0.008*[#  28]+0.008*[#  30]+0.008*[#  37]+0.008*[#  38]
          +0.008*[#  40]+0.001*[#   1]+0.001*[#  11]+0.001*[#  21]+0.001*[#  31]
          
    |psi|^2 = 0.512
==== e(  42) =    27.87262 eV ==== 
     psi = 0.043*[#   2]+0.014*[#  12]+0.014*[#  22]+0.014*[#  32]+0.007*[#  18]
          +0.007*[#  27]+0.007*[#  40]+0.003*[#  17]+0.003*[#  20]+0.003*[#  28]
          +0.003*[#  30]+0.003*[#  37]+0.003*[#  38]+0.002*[#   7]+0.002*[#   8]
          +0.002*[#  10]
    |psi|^2 = 0.130
==== e(  43) =    27.87263 eV ==== 
     psi = 0.029*[#  12]+0.029*[#  22]+0.029*[#  32]+0.005*[#   7]+0.005*[#   8]
          +0.005*[#  10]+0.004*[#  17]+0.004*[#  20]+0.004*[#  28]+0.004*[#  30]
          +0.004*[#  37]+0.004*[#  38]
    |psi|^2 = 0.130

 k =   0.1250000000  0.3750000000 -0.5000000000
==== e(   1) =   -84.89995 eV ==== 
     psi = 0.333*[#  11]+0.333*[#  21]+0.333*[#  31]
    |psi|^2 = 1.000
==== e(   2) =   -84.89994 eV ==== 
     psi = 0.498*[#   1]+0.167*[#  11]+0.167*[#  21]+0.167*[#  31]
    |psi|^2 = 1.000
==== e(   3) =   -84.89193 eV ==== 
     psi = 0.331*[#  11]+0.331*[#  21]+0.331*[#  31]+0.002*[#  12]+0.002*[#  22]
          +0.002*[#  32]
    |psi|^2 = 1.000
==== e(   4) =   -84.89192 eV ==== 
     psi = 0.497*[#   1]+0.165*[#  11]+0.165*[#  21]+0.165*[#  31]+0.003*[#   2]
          
    |psi|^2 = 1.000
==== e(   5) =   -45.37457 eV ==== 
     psi = 0.166*[#  14]+0.166*[#  25]+0.166*[#  33]+0.056*[#   3]+0.056*[#   4]
          +0.056*[#   5]+0.055*[#  13]+0.055*[#  15]+0.055*[#  23]+0.055*[#  24]
          +0.055*[#  34]+0.055*[#  35]
    |psi|^2 = 1.000
==== e(   6) =   -45.37457 eV ==== 
     psi = 0.111*[#  13]+0.111*[#  15]+0.111*[#  23]+0.111*[#  24]+0.111*[#  34]
          +0.111*[#  35]+0.110*[#   3]+0.110*[#   4]+0.110*[#   5]
    |psi|^2 = 1.000
==== e(   7) =   -45.35605 eV ==== 
     psi = 0.166*[#  14]+0.166*[#  25]+0.166*[#  33]+0.085*[#   3]+0.085*[#   4]
          +0.085*[#   5]+0.041*[#  13]+0.041*[#  15]+0.041*[#  23]+0.041*[#  24]
          +0.041*[#  34]+0.041*[#  35]+0.002*[#  12]+0.002*[#  22]+0.002*[#  32]
          
    |psi|^2 = 1.000
==== e(   8) =   -45.35605 eV ==== 
     psi = 0.125*[#  13]+0.125*[#  15]+0.125*[#  23]+0.125*[#  24]+0.125*[#  34]
          +0.125*[#  35]+0.081*[#   3]+0.081*[#   4]+0.081*[#   5]+0.003*[#   2]
          
    |psi|^2 = 1.000
==== e(   9) =   -45.29235 eV ==== 
     psi = 0.167*[#  14]+0.167*[#  25]+0.167*[#  33]+0.079*[#  13]+0.079*[#  15]
          +0.079*[#  23]+0.079*[#  24]+0.079*[#  34]+0.079*[#  35]+0.009*[#   3]
          +0.009*[#   4]+0.009*[#   5]
    |psi|^2 = 1.000
==== e(  10) =   -45.29234 eV ==== 
     psi = 0.158*[#   3]+0.158*[#   4]+0.158*[#   5]+0.088*[#  13]+0.088*[#  15]
          +0.088*[#  23]+0.088*[#  24]+0.088*[#  34]+0.088*[#  35]
    |psi|^2 = 1.000
==== e(  11) =   -45.25775 eV ==== 
     psi = 0.166*[#  14]+0.166*[#  25]+0.166*[#  33]+0.075*[#  13]+0.075*[#  15]
          +0.075*[#  23]+0.075*[#  24]+0.075*[#  34]+0.075*[#  35]+0.016*[#   3]
          +0.016*[#   4]+0.016*[#   5]
    |psi|^2 = 1.000
==== e(  12) =   -45.25774 eV ==== 
     psi = 0.150*[#   3]+0.150*[#   4]+0.150*[#   5]+0.091*[#  13]+0.091*[#  15]
          +0.091*[#  23]+0.091*[#  24]+0.091*[#  34]+0.091*[#  35]
    |psi|^2 = 1.000
==== e(  13) =   -45.23753 eV ==== 
     psi = 0.167*[#  14]+0.167*[#  25]+0.167*[#  33]+0.101*[#   3]+0.101*[#   4]
          +0.101*[#   5]+0.033*[#  13]+0.033*[#  15]+0.033*[#  23]+0.033*[#  24]
          +0.033*[#  34]+0.033*[#  35]
    |psi|^2 = 1.000
==== e(  14) =   -45.23752 eV ==== 
     psi = 0.134*[#  13]+0.134*[#  15]+0.134*[#  23]+0.134*[#  24]+0.134*[#  34]
          +0.134*[#  35]+0.065*[#   3]+0.065*[#   4]+0.065*[#   5]
    |psi|^2 = 1.000
==== e(  15) =   -45.22305 eV ==== 
     psi = 0.166*[#  14]+0.166*[#  25]+0.166*[#  33]+0.065*[#   3]+0.065*[#   4]
          +0.065*[#   5]+0.051*[#  13]+0.051*[#  15]+0.051*[#  23]+0.051*[#  24]
          +0.051*[#  34]+0.051*[#  35]
    |psi|^2 = 1.000
==== e(  16) =   -45.22304 eV ==== 
     psi = 0.116*[#  13]+0.116*[#  15]+0.116*[#  23]+0.116*[#  24]+0.116*[#  34]
          +0.116*[#  35]+0.101*[#   3]+0.101*[#   4]+0.101*[#   5]
    |psi|^2 = 1.000
==== e(  17) =    13.10240 eV ==== 
     psi = 0.235*[#  12]+0.235*[#  22]+0.235*[#  32]+0.031*[#   7]+0.031*[#   8]
          +0.031*[#  10]+0.021*[#  17]+0.021*[#  20]+0.021*[#  28]+0.021*[#  30]
          +0.021*[#  37]+0.021*[#  38]+0.011*[#  39]+0.010*[#  16]+0.010*[#  26]
          +0.007*[#  19]+0.007*[#  29]+0.006*[#  36]
    |psi|^2 = 0.984
==== e(  18) =    13.10240 eV ==== 
     psi = 0.352*[#   2]+0.117*[#  12]+0.117*[#  22]+0.117*[#  32]+0.037*[#  18]
          +0.037*[#  27]+0.037*[#  40]+0.016*[#  17]+0.016*[#  20]+0.016*[#  28]
          +0.016*[#  30]+0.016*[#  37]+0.016*[#  38]+0.013*[#   6]+0.013*[#   9]
          +0.007*[#  36]+0.006*[#   7]+0.006*[#   8]+0.006*[#  10]+0.006*[#  19]
          +0.006*[#  29]+0.003*[#  16]+0.003*[#  26]+0.002*[#  39]
    |psi|^2 = 0.984
==== e(  19) =    14.32563 eV ==== 
     psi = 0.096*[#  12]+0.096*[#  22]+0.096*[#  32]+0.089*[#   7]+0.089*[#   8]
          +0.089*[#  10]+0.058*[#  17]+0.058*[#  20]+0.058*[#  28]+0.058*[#  30]
          +0.058*[#  37]+0.058*[#  38]+0.015*[#  36]+0.013*[#  19]+0.013*[#  29]
          +0.008*[#  16]+0.008*[#  26]+0.005*[#  39]
    |psi|^2 = 0.968
==== e(  20) =    14.32563 eV ==== 
     psi = 0.144*[#   2]+0.103*[#  18]+0.103*[#  27]+0.103*[#  40]+0.048*[#  12]
          +0.048*[#  22]+0.048*[#  32]+0.045*[#  17]+0.045*[#  20]+0.045*[#  28]
          +0.045*[#  30]+0.045*[#  37]+0.045*[#  38]+0.015*[#   6]+0.015*[#   9]
          +0.013*[#   7]+0.013*[#   8]+0.013*[#  10]+0.010*[#  39]+0.008*[#  16]
          +0.008*[#  26]+0.003*[#  19]+0.003*[#  29]
    |psi|^2 = 0.968
==== e(  21) =    15.33962 eV ==== 
     psi = 0.185*[#  36]+0.156*[#  19]+0.156*[#  29]+0.098*[#  16]+0.098*[#  26]
          +0.070*[#  39]+0.021*[#   7]+0.021*[#   8]+0.021*[#  10]+0.016*[#  17]
          +0.016*[#  20]+0.016*[#  28]+0.016*[#  30]+0.016*[#  37]+0.016*[#  38]
          +0.004*[#  12]+0.004*[#  22]+0.004*[#  32]
    |psi|^2 = 0.934
==== e(  22) =    15.33964 eV ==== 
     psi = 0.191*[#   6]+0.191*[#   9]+0.121*[#  39]+0.092*[#  16]+0.092*[#  26]
          +0.035*[#  19]+0.035*[#  29]+0.026*[#  18]+0.026*[#  27]+0.026*[#  40]
          +0.011*[#  17]+0.011*[#  20]+0.011*[#  28]+0.011*[#  30]+0.011*[#  37]
          +0.011*[#  38]+0.006*[#  36]+0.006*[#   2]+0.005*[#   7]+0.005*[#   8]
          +0.005*[#  10]+0.002*[#  12]+0.002*[#  22]+0.002*[#  32]
    |psi|^2 = 0.934
==== e(  23) =    15.50996 eV ==== 
     psi = 0.119*[#  17]+0.119*[#  20]+0.119*[#  28]+0.119*[#  30]+0.119*[#  37]
          +0.119*[#  38]+0.040*[#   7]+0.040*[#   8]+0.040*[#  10]+0.017*[#  12]
          +0.017*[#  22]+0.017*[#  32]+0.016*[#  39]+0.014*[#  16]+0.014*[#  26]
          +0.011*[#  19]+0.011*[#  29]+0.010*[#  36]
    |psi|^2 = 0.958
==== e(  24) =    15.50997 eV ==== 
     psi = 0.138*[#  18]+0.138*[#  27]+0.138*[#  40]+0.099*[#   7]+0.099*[#   8]
          +0.099*[#  10]+0.025*[#   2]+0.020*[#  17]+0.020*[#  20]+0.020*[#  28]
          +0.020*[#  30]+0.020*[#  37]+0.020*[#  38]+0.019*[#   6]+0.019*[#   9]
          +0.010*[#  36]+0.008*[#  12]+0.008*[#  22]+0.008*[#  32]+0.008*[#  19]
          +0.008*[#  29]+0.005*[#  16]+0.005*[#  26]+0.003*[#  39]
    |psi|^2 = 0.958
==== e(  25) =    15.76602 eV ==== 
     psi = 0.122*[#   7]+0.122*[#   8]+0.122*[#  10]+0.086*[#  17]+0.086*[#  20]
          +0.086*[#  28]+0.086*[#  30]+0.086*[#  37]+0.086*[#  38]+0.010*[#  36]
          +0.008*[#  19]+0.008*[#  29]+0.008*[#  12]+0.008*[#  22]+0.008*[#  32]
          +0.006*[#  16]+0.006*[#  26]+0.005*[#  39]
    |psi|^2 = 0.949
==== e(  26) =    15.76602 eV ==== 
     psi = 0.147*[#  18]+0.147*[#  27]+0.147*[#  40]+0.061*[#  17]+0.061*[#  20]
          +0.061*[#  28]+0.061*[#  30]+0.061*[#  37]+0.061*[#  38]+0.025*[#   7]
          +0.025*[#   8]+0.025*[#  10]+0.011*[#   2]+0.011*[#   6]+0.011*[#   9]
          +0.006*[#  39]+0.005*[#  16]+0.005*[#  26]+0.004*[#  12]+0.004*[#  22]
          +0.004*[#  32]+0.002*[#  19]+0.002*[#  29]+0.001*[#  36]
    |psi|^2 = 0.949
==== e(  27) =    15.98122 eV ==== 
     psi = 0.112*[#  39]+0.103*[#  16]+0.103*[#  26]+0.087*[#  19]+0.087*[#  29]
          +0.079*[#  36]+0.055*[#   7]+0.055*[#   8]+0.055*[#  10]+0.043*[#  17]
          +0.043*[#  20]+0.043*[#  28]+0.043*[#  30]+0.043*[#  37]+0.043*[#  38]
          
    |psi|^2 = 0.993
==== e(  28) =    15.98122 eV ==== 
     psi = 0.143*[#   6]+0.143*[#   9]+0.070*[#  18]+0.070*[#  27]+0.070*[#  40]
          +0.064*[#  36]+0.056*[#  19]+0.056*[#  29]+0.040*[#  16]+0.040*[#  26]
          +0.031*[#  39]+0.027*[#  17]+0.027*[#  20]+0.027*[#  28]+0.027*[#  30]
          +0.027*[#  37]+0.027*[#  38]+0.015*[#   7]+0.015*[#   8]+0.015*[#  10]
          
    |psi|^2 = 0.993
==== e(  29) =    16.64925 eV ==== 
     psi = 0.127*[#  36]+0.121*[#  19]+0.121*[#  29]+0.109*[#  16]+0.109*[#  26]
          +0.102*[#  39]+0.038*[#   7]+0.038*[#   8]+0.038*[#  10]+0.031*[#  17]
          +0.031*[#  20]+0.031*[#  28]+0.031*[#  30]+0.031*[#  37]+0.031*[#  38]
          +0.002*[#  12]+0.002*[#  22]+0.002*[#  32]
    |psi|^2 = 0.996
==== e(  30) =    16.64925 eV ==== 
     psi = 0.172*[#   6]+0.172*[#   9]+0.070*[#  39]+0.064*[#  16]+0.064*[#  26]
          +0.051*[#  19]+0.051*[#  29]+0.050*[#  18]+0.050*[#  27]+0.050*[#  40]
          +0.045*[#  36]+0.019*[#  17]+0.019*[#  20]+0.019*[#  28]+0.019*[#  30]
          +0.019*[#  37]+0.019*[#  38]+0.012*[#   7]+0.012*[#   8]+0.012*[#  10]
          +0.003*[#   2]+0.001*[#  12]+0.001*[#  22]+0.001*[#  32]
    |psi|^2 = 0.996
==== e(  31) =    16.77786 eV ==== 
     psi = 0.200*[#  39]+0.169*[#  16]+0.169*[#  26]+0.107*[#  19]+0.107*[#  29]
          +0.076*[#  36]+0.024*[#  17]+0.024*[#  20]+0.024*[#  28]+0.024*[#  30]
          +0.024*[#  37]+0.024*[#  38]+0.008*[#   7]+0.008*[#   8]+0.008*[#  10]
          
    |psi|^2 = 0.995
==== e(  32) =    16.77786 eV ==== 
     psi = 0.207*[#   6]+0.207*[#   9]+0.131*[#  36]+0.100*[#  19]+0.100*[#  29]
          +0.038*[#  16]+0.038*[#  26]+0.028*[#  18]+0.028*[#  27]+0.028*[#  40]
          +0.020*[#   7]+0.020*[#   8]+0.020*[#  10]+0.007*[#  39]+0.004*[#  17]
          +0.004*[#  20]+0.004*[#  28]+0.004*[#  30]+0.004*[#  37]+0.004*[#  38]
          
    |psi|^2 = 0.995
==== e(  33) =    17.45715 eV ==== 
     psi = 0.087*[#   7]+0.087*[#   8]+0.087*[#  10]+0.075*[#  17]+0.075*[#  20]
          +0.075*[#  28]+0.075*[#  30]+0.075*[#  37]+0.075*[#  38]+0.047*[#  36]
          +0.047*[#  19]+0.047*[#  29]+0.046*[#  16]+0.046*[#  26]+0.046*[#  39]
          +0.002*[#  12]+0.002*[#  22]+0.002*[#  32]
    |psi|^2 = 0.997
==== e(  34) =    17.45716 eV ==== 
     psi = 0.118*[#  18]+0.118*[#  27]+0.118*[#  40]+0.070*[#   6]+0.070*[#   9]
          +0.044*[#  17]+0.044*[#  20]+0.044*[#  28]+0.044*[#  30]+0.044*[#  37]
          +0.044*[#  38]+0.031*[#   7]+0.031*[#   8]+0.031*[#  10]+0.024*[#  39]
          +0.024*[#  16]+0.024*[#  26]+0.023*[#  19]+0.023*[#  29]+0.023*[#  36]
          +0.004*[#   2]+0.001*[#  12]+0.001*[#  22]+0.001*[#  32]
    |psi|^2 = 0.997
==== e(  35) =    17.75966 eV ==== 
     psi = 0.119*[#  17]+0.119*[#  20]+0.119*[#  28]+0.119*[#  30]+0.119*[#  37]
          +0.119*[#  38]+0.040*[#   7]+0.040*[#   8]+0.040*[#  10]+0.039*[#  39]
          +0.033*[#  16]+0.033*[#  26]+0.021*[#  19]+0.021*[#  29]+0.015*[#  36]
          
    |psi|^2 = 0.998
==== e(  36) =    17.75967 eV ==== 
     psi = 0.139*[#  18]+0.139*[#  27]+0.139*[#  40]+0.099*[#   7]+0.099*[#   8]
          +0.099*[#  10]+0.041*[#   6]+0.041*[#   9]+0.026*[#  36]+0.020*[#  17]
          +0.020*[#  20]+0.020*[#  28]+0.020*[#  30]+0.020*[#  37]+0.020*[#  38]
          +0.020*[#  19]+0.020*[#  29]+0.008*[#  16]+0.008*[#  26]+0.001*[#  39]
          
    |psi|^2 = 0.998
==== e(  37) =    18.66460 eV ==== 
     psi = 0.078*[#   7]+0.078*[#   8]+0.078*[#  10]+0.064*[#  36]+0.060*[#  12]
          +0.060*[#  22]+0.060*[#  32]+0.059*[#  19]+0.059*[#  29]+0.050*[#  16]
          +0.050*[#  26]+0.045*[#  39]+0.040*[#  17]+0.040*[#  20]+0.040*[#  28]
          +0.040*[#  30]+0.040*[#  37]+0.040*[#  38]
    |psi|^2 = 0.981
==== e(  38) =    18.66460 eV ==== 
     psi = 0.090*[#   2]+0.081*[#   6]+0.081*[#   9]+0.079*[#  18]+0.079*[#  27]
          +0.079*[#  40]+0.039*[#  17]+0.039*[#  20]+0.039*[#  28]+0.039*[#  30]
          +0.039*[#  37]+0.039*[#  38]+0.036*[#  39]+0.032*[#  16]+0.032*[#  26]
          +0.030*[#  12]+0.030*[#  22]+0.030*[#  32]+0.022*[#  19]+0.022*[#  29]
          +0.018*[#  36]
    |psi|^2 = 0.981
==== e(  39) =    20.47065 eV ==== 
     psi = 0.135*[#  12]+0.135*[#  22]+0.135*[#  32]+0.044*[#   7]+0.044*[#   8]
          +0.044*[#  10]+0.030*[#  36]+0.026*[#  19]+0.026*[#  29]+0.022*[#  17]
          +0.022*[#  20]+0.022*[#  28]+0.022*[#  30]+0.022*[#  37]+0.022*[#  38]
          +0.017*[#  16]+0.017*[#  26]+0.013*[#  39]+0.001*[#  11]+0.001*[#  21]
          +0.001*[#  31]
    |psi|^2 = 0.802
==== e(  40) =    20.47065 eV ==== 
     psi = 0.202*[#   2]+0.067*[#  12]+0.067*[#  22]+0.067*[#  32]+0.044*[#  18]
          +0.044*[#  27]+0.044*[#  40]+0.032*[#   6]+0.032*[#   9]+0.022*[#  17]
          +0.022*[#  20]+0.022*[#  28]+0.022*[#  30]+0.022*[#  37]+0.022*[#  38]
          +0.020*[#  39]+0.015*[#  16]+0.015*[#  26]+0.006*[#  19]+0.006*[#  29]
          +0.002*[#   1]+0.002*[#  36]
    |psi|^2 = 0.802
==== e(  41) =    26.34448 eV ==== 
     psi = 0.067*[#  12]+0.067*[#  22]+0.067*[#  32]+0.007*[#  17]+0.007*[#  20]
          +0.007*[#  28]+0.007*[#  30]+0.007*[#  37]+0.007*[#  38]+0.007*[#   7]
          +0.007*[#   8]+0.007*[#  10]
    |psi|^2 = 0.273
==== e(  42) =    26.34449 eV ==== 
     psi = 0.101*[#   2]+0.034*[#  12]+0.034*[#  22]+0.034*[#  32]+0.011*[#  18]
          +0.011*[#  27]+0.011*[#  40]+0.004*[#   7]+0.004*[#   8]+0.004*[#  10]
          +0.004*[#  17]+0.004*[#  20]+0.004*[#  28]+0.004*[#  30]+0.004*[#  37]
          +0.004*[#  38]
    |psi|^2 = 0.273
==== e(  43) =    29.20884 eV ==== 
     psi = 0.017*[#   2]+0.006*[#  12]+0.006*[#  22]+0.006*[#  32]+0.005*[#  18]
          +0.005*[#  27]+0.005*[#  40]+0.002*[#   7]+0.002*[#   8]+0.002*[#  10]
          +0.002*[#  17]+0.002*[#  20]+0.002*[#  28]+0.002*[#  30]+0.002*[#  37]
          +0.002*[#  38]
    |psi|^2 = 0.069

 k =   0.1250000000 -0.5000000000 -0.5000000000
==== e(   1) =   -84.89593 eV ==== 
     psi = 0.333*[#  11]+0.333*[#  21]+0.333*[#  31]
    |psi|^2 = 1.000
==== e(   2) =   -84.89593 eV ==== 
     psi = 0.333*[#  11]+0.333*[#  21]+0.333*[#  31]
    |psi|^2 = 1.000
==== e(   3) =   -84.89593 eV ==== 
     psi = 0.333*[#  11]+0.333*[#  21]+0.333*[#  31]
    |psi|^2 = 1.000
==== e(   4) =   -84.89592 eV ==== 
     psi = 0.998*[#   1]
    |psi|^2 = 1.000
==== e(   5) =   -45.36929 eV ==== 
     psi = 0.332*[#  14]+0.332*[#  25]+0.332*[#  33]+0.001*[#  12]+0.001*[#  22]
          +0.001*[#  32]
    |psi|^2 = 1.000
==== e(   6) =   -45.36928 eV ==== 
     psi = 0.140*[#  13]+0.140*[#  15]+0.140*[#  23]+0.140*[#  24]+0.140*[#  34]
          +0.140*[#  35]+0.052*[#   3]+0.052*[#   4]+0.052*[#   5]+0.004*[#   2]
          
    |psi|^2 = 1.000
==== e(   7) =   -45.36927 eV ==== 
     psi = 0.140*[#   3]+0.140*[#   4]+0.140*[#   5]+0.096*[#  13]+0.096*[#  15]
          +0.096*[#  23]+0.096*[#  24]+0.096*[#  34]+0.096*[#  35]+0.001*[#  12]
          +0.001*[#  22]+0.001*[#  32]
    |psi|^2 = 1.000
==== e(   8) =   -45.36927 eV ==== 
     psi = 0.140*[#   3]+0.140*[#   4]+0.140*[#   5]+0.096*[#  13]+0.096*[#  15]
          +0.096*[#  23]+0.096*[#  24]+0.096*[#  34]+0.096*[#  35]+0.001*[#  12]
          +0.001*[#  22]+0.001*[#  32]
    |psi|^2 = 1.000
==== e(   9) =   -45.27447 eV ==== 
     psi = 0.333*[#  14]+0.333*[#  25]+0.333*[#  33]
    |psi|^2 = 1.000
==== e(  10) =   -45.27446 eV ==== 
     psi = 0.153*[#  13]+0.153*[#  15]+0.153*[#  23]+0.153*[#  24]+0.153*[#  34]
          +0.153*[#  35]+0.026*[#   3]+0.026*[#   4]+0.026*[#   5]
    |psi|^2 = 1.000
==== e(  11) =   -45.27446 eV ==== 
     psi = 0.153*[#  13]+0.153*[#  15]+0.153*[#  23]+0.153*[#  24]+0.153*[#  34]
          +0.153*[#  35]+0.026*[#   3]+0.026*[#   4]+0.026*[#   5]
    |psi|^2 = 1.000
==== e(  12) =   -45.27445 eV ==== 
     psi = 0.281*[#   3]+0.281*[#   4]+0.281*[#   5]+0.026*[#  13]+0.026*[#  15]
          +0.026*[#  23]+0.026*[#  24]+0.026*[#  34]+0.026*[#  35]
    |psi|^2 = 1.000
==== e(  13) =   -45.22698 eV ==== 
     psi = 0.333*[#  14]+0.333*[#  25]+0.333*[#  33]
    |psi|^2 = 1.000
==== e(  14) =   -45.22697 eV ==== 
     psi = 0.167*[#  13]+0.167*[#  15]+0.167*[#  23]+0.167*[#  24]+0.167*[#  34]
          +0.167*[#  35]
    |psi|^2 = 1.000
==== e(  15) =   -45.22696 eV ==== 
     psi = 0.167*[#   3]+0.167*[#   4]+0.167*[#   5]+0.083*[#  13]+0.083*[#  15]
          +0.083*[#  23]+0.083*[#  24]+0.083*[#  34]+0.083*[#  35]
    |psi|^2 = 1.000
==== e(  16) =   -45.22696 eV ==== 
     psi = 0.167*[#   3]+0.167*[#   4]+0.167*[#   5]+0.083*[#  13]+0.083*[#  15]
          +0.083*[#  23]+0.083*[#  24]+0.083*[#  34]+0.083*[#  35]
    |psi|^2 = 1.000
==== e(  17) =    13.76555 eV ==== 
     psi = 0.168*[#  12]+0.168*[#  22]+0.168*[#  32]+0.099*[#   7]+0.099*[#   8]
          +0.099*[#  10]+0.021*[#  17]+0.021*[#  20]+0.021*[#  28]+0.021*[#  30]
          +0.021*[#  37]+0.021*[#  38]+0.014*[#  36]+0.010*[#  19]+0.010*[#  29]
          +0.003*[#  16]+0.003*[#  26]+0.001*[#  14]+0.001*[#  25]+0.001*[#  33]
          
    |psi|^2 = 0.975
==== e(  18) =    13.76555 eV ==== 
     psi = 0.168*[#  12]+0.168*[#  22]+0.168*[#  32]+0.060*[#  17]+0.060*[#  20]
          +0.060*[#  28]+0.060*[#  30]+0.060*[#  37]+0.060*[#  38]+0.021*[#   7]
          +0.021*[#   8]+0.021*[#  10]+0.010*[#  39]+0.009*[#  16]+0.009*[#  26]
          +0.005*[#  19]+0.005*[#  29]+0.003*[#  36]
    |psi|^2 = 0.975
==== e(  19) =    13.76555 eV ==== 
     psi = 0.168*[#  12]+0.168*[#  22]+0.168*[#  32]+0.060*[#  17]+0.060*[#  20]
          +0.060*[#  28]+0.060*[#  30]+0.060*[#  37]+0.060*[#  38]+0.021*[#   7]
          +0.021*[#   8]+0.021*[#  10]+0.010*[#  39]+0.009*[#  16]+0.009*[#  26]
          +0.005*[#  19]+0.005*[#  29]+0.003*[#  36]
    |psi|^2 = 0.975
==== e(  20) =    13.76556 eV ==== 
     psi = 0.505*[#   2]+0.142*[#  18]+0.142*[#  27]+0.142*[#  40]+0.021*[#   6]
          +0.021*[#   9]
    |psi|^2 = 0.975
==== e(  21) =    15.58673 eV ==== 
     psi = 0.114*[#  36]+0.085*[#  19]+0.085*[#  29]+0.083*[#  17]+0.083*[#  20]
          +0.083*[#  28]+0.083*[#  30]+0.083*[#  37]+0.083*[#  38]+0.028*[#  16]
          +0.028*[#  26]+0.021*[#  12]+0.021*[#  22]+0.021*[#  32]+0.007*[#   7]
          +0.007*[#   8]+0.007*[#  10]
    |psi|^2 = 0.924
==== e(  22) =    15.58675 eV ==== 
     psi = 0.085*[#  39]+0.083*[#   7]+0.083*[#   8]+0.083*[#  10]+0.071*[#  16]
          +0.071*[#  26]+0.045*[#  17]+0.045*[#  20]+0.045*[#  28]+0.045*[#  30]
          +0.045*[#  37]+0.045*[#  38]+0.043*[#  19]+0.043*[#  29]+0.028*[#  36]
          +0.021*[#  12]+0.021*[#  22]+0.021*[#  32]
    |psi|^2 = 0.924
==== e(  23) =    15.58675 eV ==== 
     psi = 0.085*[#  39]+0.083*[#   7]+0.083*[#   8]+0.083*[#  10]+0.071*[#  16]
          +0.071*[#  26]+0.045*[#  17]+0.045*[#  20]+0.045*[#  28]+0.045*[#  30]
          +0.045*[#  37]+0.045*[#  38]+0.043*[#  19]+0.043*[#  29]+0.028*[#  36]
          +0.021*[#  12]+0.021*[#  22]+0.021*[#  32]
    |psi|^2 = 0.924
==== e(  24) =    15.58675 eV ==== 
     psi = 0.173*[#  18]+0.173*[#  27]+0.173*[#  40]+0.171*[#   6]+0.171*[#   9]
          +0.062*[#   2]
    |psi|^2 = 0.924
==== e(  25) =    15.81843 eV ==== 
     psi = 0.127*[#  36]+0.095*[#  19]+0.095*[#  29]+0.090*[#   7]+0.090*[#   8]
          +0.090*[#  10]+0.055*[#  17]+0.055*[#  20]+0.055*[#  28]+0.055*[#  30]
          +0.055*[#  37]+0.055*[#  38]+0.032*[#  16]+0.032*[#  26]+0.002*[#  12]
          +0.002*[#  22]+0.002*[#  32]
    |psi|^2 = 0.988
==== e(  26) =    15.81843 eV ==== 
     psi = 0.095*[#  39]+0.079*[#  16]+0.079*[#  26]+0.073*[#  17]+0.073*[#  20]
          +0.073*[#  28]+0.073*[#  30]+0.073*[#  37]+0.073*[#  38]+0.055*[#   7]
          +0.055*[#   8]+0.055*[#  10]+0.048*[#  19]+0.048*[#  29]+0.032*[#  36]
          +0.002*[#  12]+0.002*[#  22]+0.002*[#  32]
    |psi|^2 = 0.988
==== e(  27) =    15.81843 eV ==== 
     psi = 0.095*[#  39]+0.079*[#  16]+0.079*[#  26]+0.073*[#  17]+0.073*[#  20]
          +0.073*[#  28]+0.073*[#  30]+0.073*[#  37]+0.073*[#  38]+0.055*[#   7]
          +0.055*[#   8]+0.055*[#  10]+0.048*[#  19]+0.048*[#  29]+0.032*[#  36]
          +0.002*[#  12]+0.002*[#  22]+0.002*[#  32]
    |psi|^2 = 0.988
==== e(  28) =    15.81844 eV ==== 
     psi = 0.201*[#  18]+0.201*[#  27]+0.201*[#  40]+0.191*[#   6]+0.191*[#   9]
          +0.005*[#   2]
    |psi|^2 = 0.988
==== e(  29) =    16.61971 eV ==== 
     psi = 0.200*[#  36]+0.167*[#  19]+0.167*[#  29]+0.100*[#  16]+0.100*[#  26]
          +0.067*[#  39]+0.033*[#   7]+0.033*[#   8]+0.033*[#  10]+0.016*[#  17]
          +0.016*[#  20]+0.016*[#  28]+0.016*[#  30]+0.016*[#  37]+0.016*[#  38]
          
    |psi|^2 = 0.997
==== e(  30) =    16.61971 eV ==== 
     psi = 0.200*[#  36]+0.167*[#  19]+0.167*[#  29]+0.100*[#  16]+0.100*[#  26]
          +0.067*[#  39]+0.033*[#   7]+0.033*[#   8]+0.033*[#  10]+0.016*[#  17]
          +0.016*[#  20]+0.016*[#  28]+0.016*[#  30]+0.016*[#  37]+0.016*[#  38]
          
    |psi|^2 = 0.997
==== e(  31) =    16.61971 eV ==== 
     psi = 0.267*[#  39]+0.200*[#  16]+0.200*[#  26]+0.067*[#  19]+0.067*[#  29]
          +0.033*[#  17]+0.033*[#  20]+0.033*[#  28]+0.033*[#  30]+0.033*[#  37]
          +0.033*[#  38]
    |psi|^2 = 0.997
==== e(  32) =    16.61973 eV ==== 
     psi = 0.401*[#   6]+0.401*[#   9]+0.065*[#  18]+0.065*[#  27]+0.065*[#  40]
          
    |psi|^2 = 0.997
==== e(  33) =    17.53907 eV ==== 
     psi = 0.134*[#  17]+0.134*[#  20]+0.134*[#  28]+0.134*[#  30]+0.134*[#  37]
          +0.134*[#  38]+0.065*[#  39]+0.049*[#  16]+0.049*[#  26]+0.016*[#  19]
          +0.016*[#  29]
    |psi|^2 = 0.999
==== e(  34) =    17.53907 eV ==== 
     psi = 0.134*[#   7]+0.134*[#   8]+0.134*[#  10]+0.067*[#  17]+0.067*[#  20]
          +0.067*[#  28]+0.067*[#  30]+0.067*[#  37]+0.067*[#  38]+0.049*[#  36]
          +0.041*[#  19]+0.041*[#  29]+0.024*[#  16]+0.024*[#  26]+0.016*[#  39]
          
    |psi|^2 = 0.999
==== e(  35) =    17.53907 eV ==== 
     psi = 0.134*[#   7]+0.134*[#   8]+0.134*[#  10]+0.067*[#  17]+0.067*[#  20]
          +0.067*[#  28]+0.067*[#  30]+0.067*[#  37]+0.067*[#  38]+0.049*[#  36]
          +0.041*[#  19]+0.041*[#  29]+0.024*[#  16]+0.024*[#  26]+0.016*[#  39]
          
    |psi|^2 = 0.999
==== e(  36) =    17.53908 eV ==== 
     psi = 0.268*[#  18]+0.268*[#  27]+0.268*[#  40]+0.098*[#   6]+0.098*[#   9]
          
    |psi|^2 = 0.999
==== e(  37) =    19.38435 eV ==== 
     psi = 0.103*[#  12]+0.103*[#  22]+0.103*[#  32]+0.066*[#  17]+0.066*[#  20]
          +0.066*[#  28]+0.066*[#  30]+0.066*[#  37]+0.066*[#  38]+0.058*[#  39]
          +0.048*[#  16]+0.048*[#  26]+0.029*[#  19]+0.029*[#  29]+0.019*[#  36]
          
    |psi|^2 = 0.937
==== e(  38) =    19.38435 eV ==== 
     psi = 0.103*[#  12]+0.103*[#  22]+0.103*[#  32]+0.066*[#  17]+0.066*[#  20]
          +0.066*[#  28]+0.066*[#  30]+0.066*[#  37]+0.066*[#  38]+0.058*[#  39]
          +0.048*[#  16]+0.048*[#  26]+0.029*[#  19]+0.029*[#  29]+0.019*[#  36]
          
    |psi|^2 = 0.937
==== e(  39) =    19.38436 eV ==== 
     psi = 0.132*[#   7]+0.132*[#   8]+0.132*[#  10]+0.103*[#  12]+0.103*[#  22]
          +0.103*[#  32]+0.077*[#  36]+0.058*[#  19]+0.058*[#  29]+0.019*[#  16]
          +0.019*[#  26]
    |psi|^2 = 0.937
==== e(  40) =    19.38437 eV ==== 
     psi = 0.308*[#   2]+0.132*[#  18]+0.132*[#  27]+0.132*[#  40]+0.115*[#   6]
          +0.115*[#   9]+0.002*[#   1]
    |psi|^2 = 0.937
==== e(  41) =    27.63662 eV ==== 
     psi = 0.025*[#  12]+0.025*[#  22]+0.025*[#  32]+0.015*[#   2]+0.005*[#  17]
          +0.005*[#  20]+0.005*[#  28]+0.005*[#  30]+0.005*[#  37]+0.005*[#  38]
          +0.003*[#   7]+0.003*[#   8]+0.003*[#  10]+0.003*[#  18]+0.003*[#  27]
          +0.003*[#  40]
    |psi|^2 = 0.141
==== e(  42) =    27.63663 eV ==== 
     psi = 0.044*[#   2]+0.016*[#  12]+0.016*[#  22]+0.016*[#  32]+0.008*[#  18]
          +0.008*[#  27]+0.008*[#  40]+0.003*[#   7]+0.003*[#   8]+0.003*[#  10]
          +0.003*[#  17]+0.003*[#  20]+0.003*[#  28]+0.003*[#  30]+0.003*[#  37]
          +0.003*[#  38]
    |psi|^2 = 0.141
==== e(  43) =    27.63663 eV ==== 
     psi = 0.030*[#  12]+0.030*[#  22]+0.030*[#  32]+0.006*[#   7]+0.006*[#   8]
          +0.006*[#  10]+0.005*[#  17]+0.005*[#  20]+0.005*[#  28]+0.005*[#  30]
          +0.005*[#  37]+0.005*[#  38]
    |psi|^2 = 0.141

 k =   0.2500000000  0.2500000000  0.2500000000
==== e(   1) =   -84.91303 eV ==== 
     psi = 0.245*[#  11]+0.245*[#  21]+0.245*[#  31]+0.245*[#   1]+0.005*[#   2]
          +0.005*[#  12]+0.005*[#  22]+0.005*[#  32]
    |psi|^2 = 1.000
==== e(   2) =   -84.89026 eV ==== 
     psi = 0.331*[#  11]+0.331*[#  21]+0.331*[#  31]+0.002*[#  12]+0.002*[#  22]
          +0.002*[#  32]
    |psi|^2 = 1.000
==== e(   3) =   -84.89026 eV ==== 
     psi = 0.331*[#  11]+0.331*[#  21]+0.331*[#  31]+0.002*[#  12]+0.002*[#  22]
          +0.002*[#  32]
    |psi|^2 = 1.000
==== e(   4) =   -84.89025 eV ==== 
     psi = 0.744*[#   1]+0.083*[#  11]+0.083*[#  21]+0.083*[#  31]+0.005*[#   2]
          
    |psi|^2 = 1.000
==== e(   5) =   -45.38027 eV ==== 
     psi = 0.222*[#  14]+0.222*[#  25]+0.222*[#  33]+0.055*[#  13]+0.055*[#  15]
          +0.055*[#  23]+0.055*[#  24]+0.055*[#  34]+0.055*[#  35]+0.001*[#   2]
          
    |psi|^2 = 1.000
==== e(   6) =   -45.38026 eV ==== 
     psi = 0.125*[#   3]+0.125*[#   4]+0.125*[#   5]+0.097*[#  13]+0.097*[#  15]
          +0.097*[#  23]+0.097*[#  24]+0.097*[#  34]+0.097*[#  35]+0.014*[#  14]
          +0.014*[#  25]+0.014*[#  33]
    |psi|^2 = 1.000
==== e(   7) =   -45.38026 eV ==== 
     psi = 0.125*[#   3]+0.125*[#   4]+0.125*[#   5]+0.097*[#  13]+0.097*[#  15]
          +0.097*[#  23]+0.097*[#  24]+0.097*[#  34]+0.097*[#  35]+0.014*[#  14]
          +0.014*[#  25]+0.014*[#  33]
    |psi|^2 = 1.000
==== e(   8) =   -45.30647 eV ==== 
     psi = 0.083*[#  13]+0.083*[#  14]+0.083*[#  15]+0.083*[#  23]+0.083*[#  24]
          +0.083*[#   3]+0.083*[#   4]+0.083*[#   5]+0.083*[#  25]+0.083*[#  33]
          +0.083*[#  34]+0.083*[#  35]+0.002*[#   2]+0.002*[#  12]+0.002*[#  22]
          +0.002*[#  32]
    |psi|^2 = 1.000
==== e(   9) =   -45.28443 eV ==== 
     psi = 0.111*[#  13]+0.111*[#  14]+0.111*[#  15]+0.111*[#  23]+0.111*[#  24]
          +0.111*[#  25]+0.111*[#  33]+0.111*[#  34]+0.111*[#  35]
    |psi|^2 = 1.000
==== e(  10) =   -45.28443 eV ==== 
     psi = 0.111*[#  13]+0.111*[#  14]+0.111*[#  15]+0.111*[#  23]+0.111*[#  24]
          +0.111*[#  25]+0.111*[#  33]+0.111*[#  34]+0.111*[#  35]
    |psi|^2 = 1.000
==== e(  11) =   -45.28442 eV ==== 
     psi = 0.250*[#   3]+0.250*[#   4]+0.250*[#   5]+0.028*[#  13]+0.028*[#  14]
          +0.028*[#  15]+0.028*[#  23]+0.028*[#  24]+0.028*[#  25]+0.028*[#  33]
          +0.028*[#  34]+0.028*[#  35]
    |psi|^2 = 1.000
==== e(  12) =   -45.25232 eV ==== 
     psi = 0.125*[#   3]+0.125*[#   4]+0.125*[#   5]+0.125*[#  14]+0.125*[#  25]
          +0.125*[#  33]+0.042*[#  13]+0.042*[#  15]+0.042*[#  23]+0.042*[#  24]
          +0.042*[#  34]+0.042*[#  35]
    |psi|^2 = 1.000
==== e(  13) =   -45.25232 eV ==== 
     psi = 0.125*[#   3]+0.125*[#   4]+0.125*[#   5]+0.125*[#  14]+0.125*[#  25]
          +0.125*[#  33]+0.042*[#  13]+0.042*[#  15]+0.042*[#  23]+0.042*[#  24]
          +0.042*[#  34]+0.042*[#  35]
    |psi|^2 = 1.000
==== e(  14) =   -45.25232 eV ==== 
     psi = 0.167*[#  13]+0.167*[#  15]+0.167*[#  23]+0.167*[#  24]+0.167*[#  34]
          +0.167*[#  35]
    |psi|^2 = 1.000
==== e(  15) =   -45.21113 eV ==== 
     psi = 0.083*[#   3]+0.083*[#   4]+0.083*[#   5]+0.083*[#  13]+0.083*[#  14]
          +0.083*[#  15]+0.083*[#  23]+0.083*[#  24]+0.083*[#  25]+0.083*[#  33]
          +0.083*[#  34]+0.083*[#  35]
    |psi|^2 = 1.000
==== e(  16) =   -45.21113 eV ==== 
     psi = 0.083*[#   3]+0.083*[#   4]+0.083*[#   5]+0.083*[#  13]+0.083*[#  14]
          +0.083*[#  15]+0.083*[#  23]+0.083*[#  24]+0.083*[#  25]+0.083*[#  33]
          +0.083*[#  34]+0.083*[#  35]
    |psi|^2 = 1.000
==== e(  17) =    11.05209 eV ==== 
     psi = 0.231*[#   2]+0.231*[#  12]+0.231*[#  22]+0.231*[#  32]+0.005*[#   1]
          +0.005*[#  11]+0.005*[#  21]+0.005*[#  31]+0.004*[#   7]+0.004*[#   8]
          +0.004*[#  10]+0.004*[#  17]+0.004*[#  18]+0.004*[#  20]+0.004*[#  27]
          +0.004*[#  28]+0.004*[#  30]+0.004*[#  37]+0.004*[#  38]+0.004*[#  40]
          
    |psi|^2 = 0.997
==== e(  18) =    14.20103 eV ==== 
     psi = 0.155*[#   2]+0.143*[#  36]+0.108*[#  19]+0.108*[#  29]+0.077*[#  18]
          +0.077*[#  27]+0.077*[#  40]+0.036*[#  16]+0.036*[#  26]+0.018*[#  17]
          +0.018*[#  20]+0.018*[#  28]+0.018*[#  30]+0.018*[#  37]+0.018*[#  38]
          +0.017*[#  12]+0.017*[#  22]+0.017*[#  32]
    |psi|^2 = 0.976
==== e(  19) =    14.20104 eV ==== 
     psi = 0.081*[#   6]+0.081*[#   9]+0.081*[#  39]+0.069*[#  12]+0.069*[#  22]
          +0.069*[#  32]+0.063*[#  16]+0.063*[#  26]+0.042*[#   7]+0.042*[#   8]
          +0.042*[#  10]+0.033*[#  17]+0.033*[#  20]+0.033*[#  28]+0.033*[#  30]
          +0.033*[#  37]+0.033*[#  38]+0.027*[#  19]+0.027*[#  29]+0.009*[#  36]
          +0.004*[#  18]+0.004*[#  27]+0.004*[#  40]
    |psi|^2 = 0.976
==== e(  20) =    14.20104 eV ==== 
     psi = 0.081*[#   6]+0.081*[#   9]+0.081*[#  39]+0.069*[#  12]+0.069*[#  22]
          +0.069*[#  32]+0.063*[#  16]+0.063*[#  26]+0.042*[#   7]+0.042*[#   8]
          +0.042*[#  10]+0.033*[#  17]+0.033*[#  20]+0.033*[#  28]+0.033*[#  30]
          +0.033*[#  37]+0.033*[#  38]+0.027*[#  19]+0.027*[#  29]+0.009*[#  36]
          +0.004*[#  18]+0.004*[#  27]+0.004*[#  40]
    |psi|^2 = 0.976
==== e(  21) =    14.94854 eV ==== 
     psi = 0.111*[#  36]+0.096*[#  18]+0.096*[#  27]+0.096*[#  40]+0.083*[#  19]
          +0.083*[#  29]+0.046*[#  17]+0.046*[#  20]+0.046*[#  28]+0.046*[#  30]
          +0.046*[#  37]+0.046*[#  38]+0.028*[#  16]+0.028*[#  26]+0.014*[#   7]
          +0.014*[#   8]+0.014*[#  10]+0.002*[#   2]
    |psi|^2 = 0.942
==== e(  22) =    14.94855 eV ==== 
     psi = 0.069*[#   7]+0.069*[#   8]+0.069*[#  10]+0.063*[#   6]+0.063*[#   9]
          +0.063*[#  39]+0.053*[#  17]+0.053*[#  20]+0.053*[#  28]+0.053*[#  30]
          +0.053*[#  37]+0.053*[#  38]+0.049*[#  16]+0.049*[#  26]+0.028*[#  18]
          +0.028*[#  27]+0.028*[#  40]+0.021*[#  19]+0.021*[#  29]+0.007*[#  36]
          
    |psi|^2 = 0.942
==== e(  23) =    14.94855 eV ==== 
     psi = 0.069*[#   7]+0.069*[#   8]+0.069*[#  10]+0.063*[#   6]+0.063*[#   9]
          +0.063*[#  39]+0.053*[#  17]+0.053*[#  20]+0.053*[#  28]+0.053*[#  30]
          +0.053*[#  37]+0.053*[#  38]+0.049*[#  16]+0.049*[#  26]+0.028*[#  18]
          +0.028*[#  27]+0.028*[#  40]+0.021*[#  19]+0.021*[#  29]+0.007*[#  36]
          
    |psi|^2 = 0.942
==== e(  24) =    15.81211 eV ==== 
     psi = 0.078*[#   7]+0.078*[#   8]+0.078*[#  10]+0.078*[#  17]+0.078*[#  18]
          +0.078*[#  20]+0.078*[#  27]+0.078*[#  28]+0.078*[#  30]+0.078*[#  37]
          +0.078*[#  38]+0.078*[#  40]+0.011*[#   2]+0.011*[#  12]+0.011*[#  22]
          +0.011*[#  32]
    |psi|^2 = 0.980
==== e(  25) =    16.11882 eV ==== 
     psi = 0.085*[#  17]+0.085*[#  20]+0.085*[#  28]+0.085*[#  30]+0.085*[#  37]
          +0.085*[#  38]+0.078*[#  18]+0.078*[#  27]+0.078*[#  40]+0.032*[#  12]
          +0.032*[#  22]+0.032*[#  32]+0.022*[#   6]+0.022*[#   9]+0.022*[#  39]
          +0.017*[#  16]+0.017*[#  26]+0.007*[#  19]+0.007*[#  29]+0.002*[#  36]
          
    |psi|^2 = 0.958
==== e(  26) =    16.11882 eV ==== 
     psi = 0.085*[#  17]+0.085*[#  20]+0.085*[#  28]+0.085*[#  30]+0.085*[#  37]
          +0.085*[#  38]+0.078*[#  18]+0.078*[#  27]+0.078*[#  40]+0.032*[#  12]
          +0.032*[#  22]+0.032*[#  32]+0.022*[#   6]+0.022*[#   9]+0.022*[#  39]
          +0.017*[#  16]+0.017*[#  26]+0.007*[#  19]+0.007*[#  29]+0.002*[#  36]
          
    |psi|^2 = 0.958
==== e(  27) =    16.11882 eV ==== 
     psi = 0.185*[#   7]+0.185*[#   8]+0.185*[#  10]+0.073*[#   2]+0.039*[#  36]
          +0.030*[#  18]+0.030*[#  27]+0.030*[#  40]+0.029*[#  19]+0.029*[#  29]
          +0.016*[#  17]+0.016*[#  20]+0.016*[#  28]+0.016*[#  30]+0.016*[#  37]
          +0.016*[#  38]+0.010*[#  16]+0.010*[#  26]+0.008*[#  12]+0.008*[#  22]
          +0.008*[#  32]
    |psi|^2 = 0.958
==== e(  28) =    16.41641 eV ==== 
     psi = 0.054*[#   7]+0.054*[#   8]+0.054*[#  10]+0.054*[#  17]+0.054*[#  18]
          +0.054*[#  20]+0.054*[#  27]+0.054*[#  28]+0.054*[#  30]+0.054*[#  37]
          +0.054*[#  38]+0.054*[#  40]+0.044*[#   6]+0.044*[#   9]+0.044*[#  16]
          +0.044*[#  19]+0.044*[#  26]+0.044*[#  29]+0.044*[#  36]+0.044*[#  39]
          
    |psi|^2 = 0.998
==== e(  29) =    16.41641 eV ==== 
     psi = 0.054*[#   7]+0.054*[#   8]+0.054*[#  10]+0.054*[#  17]+0.054*[#  18]
          +0.054*[#  20]+0.054*[#  27]+0.054*[#  28]+0.054*[#  30]+0.054*[#  37]
          +0.054*[#  38]+0.054*[#  40]+0.044*[#   6]+0.044*[#   9]+0.044*[#  16]
          +0.044*[#  19]+0.044*[#  26]+0.044*[#  29]+0.044*[#  36]+0.044*[#  39]
          
    |psi|^2 = 0.998
==== e(  30) =    17.01877 eV ==== 
     psi = 0.230*[#  39]+0.172*[#  16]+0.172*[#  26]+0.057*[#  19]+0.057*[#  29]
          +0.051*[#  17]+0.051*[#  20]+0.051*[#  28]+0.051*[#  30]+0.051*[#  37]
          +0.051*[#  38]
    |psi|^2 = 0.996
==== e(  31) =    17.01878 eV ==== 
     psi = 0.129*[#   6]+0.129*[#   9]+0.129*[#  36]+0.100*[#  19]+0.100*[#  29]
          +0.043*[#  16]+0.043*[#  26]+0.038*[#   7]+0.038*[#   8]+0.038*[#  10]
          +0.038*[#  18]+0.038*[#  27]+0.038*[#  40]+0.014*[#  39]+0.013*[#  17]
          +0.013*[#  20]+0.013*[#  28]+0.013*[#  30]+0.013*[#  37]+0.013*[#  38]
          
    |psi|^2 = 0.996
==== e(  32) =    17.01878 eV ==== 
     psi = 0.129*[#   6]+0.129*[#   9]+0.129*[#  36]+0.100*[#  19]+0.100*[#  29]
          +0.043*[#  16]+0.043*[#  26]+0.038*[#   7]+0.038*[#   8]+0.038*[#  10]
          +0.038*[#  18]+0.038*[#  27]+0.038*[#  40]+0.014*[#  39]+0.013*[#  17]
          +0.013*[#  20]+0.013*[#  28]+0.013*[#  30]+0.013*[#  37]+0.013*[#  38]
          
    |psi|^2 = 0.996
==== e(  33) =    17.39697 eV ==== 
     psi = 0.081*[#   6]+0.081*[#   9]+0.081*[#  16]+0.081*[#  19]+0.081*[#  26]
          +0.081*[#  29]+0.081*[#  36]+0.081*[#  39]+0.030*[#   7]+0.030*[#   8]
          +0.030*[#  10]+0.030*[#  17]+0.030*[#  18]+0.030*[#  20]+0.030*[#  27]
          +0.030*[#  28]+0.030*[#  30]+0.030*[#  37]+0.030*[#  38]+0.030*[#  40]
          
    |psi|^2 = 0.999
==== e(  34) =    17.39697 eV ==== 
     psi = 0.081*[#   6]+0.081*[#   9]+0.081*[#  16]+0.081*[#  19]+0.081*[#  26]
          +0.081*[#  29]+0.081*[#  36]+0.081*[#  39]+0.030*[#   7]+0.030*[#   8]
          +0.030*[#  10]+0.030*[#  17]+0.030*[#  18]+0.030*[#  20]+0.030*[#  27]
          +0.030*[#  28]+0.030*[#  30]+0.030*[#  37]+0.030*[#  38]+0.030*[#  40]
          
    |psi|^2 = 0.999
==== e(  35) =    18.15883 eV ==== 
     psi = 0.115*[#  17]+0.115*[#  20]+0.115*[#  28]+0.115*[#  30]+0.115*[#  37]
          +0.115*[#  38]+0.103*[#  39]+0.077*[#  16]+0.077*[#  26]+0.026*[#  19]
          +0.026*[#  29]
    |psi|^2 = 1.000
==== e(  36) =    18.15884 eV ==== 
     psi = 0.086*[#   7]+0.086*[#   8]+0.086*[#  10]+0.086*[#  18]+0.086*[#  27]
          +0.086*[#  40]+0.058*[#   6]+0.058*[#   9]+0.058*[#  36]+0.045*[#  19]
          +0.045*[#  29]+0.029*[#  17]+0.029*[#  20]+0.029*[#  28]+0.029*[#  30]
          +0.029*[#  37]+0.029*[#  38]+0.019*[#  16]+0.019*[#  26]+0.006*[#  39]
          
    |psi|^2 = 1.000
==== e(  37) =    18.15884 eV ==== 
     psi = 0.086*[#   7]+0.086*[#   8]+0.086*[#  10]+0.086*[#  18]+0.086*[#  27]
          +0.086*[#  40]+0.058*[#   6]+0.058*[#   9]+0.058*[#  36]+0.045*[#  19]
          +0.045*[#  29]+0.029*[#  17]+0.029*[#  20]+0.029*[#  28]+0.029*[#  30]
          +0.029*[#  37]+0.029*[#  38]+0.019*[#  16]+0.019*[#  26]+0.006*[#  39]
          
    |psi|^2 = 1.000
==== e(  38) =    20.50615 eV ==== 
     psi = 0.292*[#   2]+0.050*[#   7]+0.050*[#   8]+0.050*[#  10]+0.035*[#  36]
          +0.033*[#  18]+0.033*[#  27]+0.033*[#  40]+0.032*[#  12]+0.032*[#  22]
          +0.032*[#  32]+0.026*[#  19]+0.026*[#  29]+0.009*[#  16]+0.009*[#  26]
          +0.004*[#   1]
    |psi|^2 = 0.752
==== e(  39) =    20.50615 eV ==== 
     psi = 0.130*[#  12]+0.130*[#  22]+0.130*[#  32]+0.031*[#  17]+0.031*[#  20]
          +0.031*[#  28]+0.031*[#  30]+0.031*[#  37]+0.031*[#  38]+0.020*[#   6]
          +0.020*[#   9]+0.020*[#  39]+0.015*[#  16]+0.015*[#  26]+0.015*[#  18]
          +0.015*[#  27]+0.015*[#  40]+0.007*[#  19]+0.007*[#  29]+0.006*[#   7]
          +0.006*[#   8]+0.006*[#  10]+0.002*[#  36]+0.002*[#  11]+0.002*[#  21]
          +0.002*[#  31]
    |psi|^2 = 0.752
==== e(  40) =    20.50615 eV ==== 
     psi = 0.130*[#  12]+0.130*[#  22]+0.130*[#  32]+0.031*[#  17]+0.031*[#  20]
          +0.031*[#  28]+0.031*[#  30]+0.031*[#  37]+0.031*[#  38]+0.020*[#   6]
          +0.020*[#   9]+0.020*[#  39]+0.015*[#  16]+0.015*[#  26]+0.015*[#  18]
          +0.015*[#  27]+0.015*[#  40]+0.007*[#  19]+0.007*[#  29]+0.006*[#   7]
          +0.006*[#   8]+0.006*[#  10]+0.002*[#  36]+0.002*[#  11]+0.002*[#  21]
          +0.002*[#  31]
    |psi|^2 = 0.752
==== e(  41) =    26.52026 eV ==== 
     psi = 0.159*[#   2]+0.018*[#  12]+0.018*[#  22]+0.018*[#  32]+0.013*[#  18]
          +0.013*[#  27]+0.013*[#  40]+0.002*[#  17]+0.002*[#  20]+0.002*[#  28]
          +0.002*[#  30]+0.002*[#  37]+0.002*[#  38]+0.002*[#   1]
    |psi|^2 = 0.269
==== e(  42) =    26.52027 eV ==== 
     psi = 0.070*[#  12]+0.070*[#  22]+0.070*[#  32]+0.007*[#   7]+0.007*[#   8]
          +0.007*[#  10]+0.006*[#  17]+0.006*[#  20]+0.006*[#  28]+0.006*[#  30]
          +0.006*[#  37]+0.006*[#  38]
    |psi|^2 = 0.269
==== e(  43) =    26.52027 eV ==== 
     psi = 0.070*[#  12]+0.070*[#  22]+0.070*[#  32]+0.007*[#   7]+0.007*[#   8]
          +0.007*[#  10]+0.006*[#  17]+0.006*[#  20]+0.006*[#  28]+0.006*[#  30]
          +0.006*[#  37]+0.006*[#  38]
    |psi|^2 = 0.269

 k =   0.2500000000  0.2500000000  0.3750000000
==== e(   1) =   -84.90779 eV ==== 
     psi = 0.247*[#  11]+0.247*[#  21]+0.247*[#  31]+0.247*[#   1]+0.002*[#   2]
          +0.002*[#  12]+0.002*[#  22]+0.002*[#  32]
    |psi|^2 = 1.000
==== e(   2) =   -84.89547 eV ==== 
     psi = 0.250*[#  11]+0.250*[#  21]+0.250*[#  31]+0.249*[#   1]
    |psi|^2 = 1.000
==== e(   3) =   -84.89024 eV ==== 
     psi = 0.330*[#  11]+0.330*[#  21]+0.330*[#  31]+0.003*[#  12]+0.003*[#  22]
          +0.003*[#  32]
    |psi|^2 = 1.000
==== e(   4) =   -84.89023 eV ==== 
     psi = 0.496*[#   1]+0.165*[#  11]+0.165*[#  21]+0.165*[#  31]+0.004*[#   2]
          +0.001*[#  12]+0.001*[#  22]+0.001*[#  32]
    |psi|^2 = 1.000
==== e(   5) =   -45.38576 eV ==== 
     psi = 0.163*[#  14]+0.163*[#  25]+0.163*[#  33]+0.062*[#  13]+0.062*[#  15]
          +0.062*[#  23]+0.062*[#  24]+0.062*[#  34]+0.062*[#  35]+0.045*[#   3]
          +0.045*[#   4]+0.045*[#   5]
    |psi|^2 = 1.000
==== e(   6) =   -45.38575 eV ==== 
     psi = 0.121*[#   3]+0.121*[#   4]+0.121*[#   5]+0.104*[#  13]+0.104*[#  15]
          +0.104*[#  23]+0.104*[#  24]+0.104*[#  34]+0.104*[#  35]+0.003*[#  14]
          +0.003*[#  25]+0.003*[#  33]
    |psi|^2 = 1.000
==== e(   7) =   -45.37534 eV ==== 
     psi = 0.083*[#   3]+0.083*[#   4]+0.083*[#   5]+0.083*[#  13]+0.083*[#  15]
          +0.083*[#  23]+0.083*[#  24]+0.083*[#  34]+0.083*[#  35]+0.083*[#  14]
          +0.083*[#  25]+0.083*[#  33]
    |psi|^2 = 1.000
==== e(   8) =   -45.33535 eV ==== 
     psi = 0.083*[#   3]+0.083*[#   4]+0.083*[#   5]+0.083*[#  13]+0.083*[#  14]
          +0.083*[#  15]+0.083*[#  23]+0.083*[#  24]+0.083*[#  25]+0.083*[#  33]
          +0.083*[#  34]+0.083*[#  35]+0.002*[#   2]+0.002*[#  12]+0.002*[#  22]
          +0.002*[#  32]
    |psi|^2 = 1.000
==== e(   9) =   -45.28432 eV ==== 
     psi = 0.153*[#  14]+0.153*[#  25]+0.153*[#  33]+0.090*[#  13]+0.090*[#  15]
          +0.090*[#  23]+0.090*[#  24]+0.090*[#  34]+0.090*[#  35]
    |psi|^2 = 1.000
==== e(  10) =   -45.28431 eV ==== 
     psi = 0.166*[#   3]+0.166*[#   4]+0.166*[#   5]+0.077*[#  13]+0.077*[#  15]
          +0.077*[#  23]+0.077*[#  24]+0.077*[#  34]+0.077*[#  35]+0.013*[#  14]
          +0.013*[#  25]+0.013*[#  33]
    |psi|^2 = 1.000
==== e(  11) =   -45.25588 eV ==== 
     psi = 0.083*[#  14]+0.083*[#  25]+0.083*[#  33]+0.083*[#   3]+0.083*[#   4]
          +0.083*[#   5]+0.083*[#  13]+0.083*[#  15]+0.083*[#  23]+0.083*[#  24]
          +0.083*[#  34]+0.083*[#  35]
    |psi|^2 = 1.000
==== e(  12) =   -45.24724 eV ==== 
     psi = 0.157*[#  14]+0.157*[#  25]+0.157*[#  33]+0.121*[#   3]+0.121*[#   4]
          +0.121*[#   5]+0.028*[#  13]+0.028*[#  15]+0.028*[#  23]+0.028*[#  24]
          +0.028*[#  34]+0.028*[#  35]
    |psi|^2 = 1.000
==== e(  13) =   -45.24724 eV ==== 
     psi = 0.139*[#  13]+0.139*[#  15]+0.139*[#  23]+0.139*[#  24]+0.139*[#  34]
          +0.139*[#  35]+0.045*[#   3]+0.045*[#   4]+0.045*[#   5]+0.010*[#  14]
          +0.010*[#  25]+0.010*[#  33]
    |psi|^2 = 1.000
==== e(  14) =   -45.24284 eV ==== 
     psi = 0.083*[#   3]+0.083*[#   4]+0.083*[#   5]+0.083*[#  13]+0.083*[#  14]
          +0.083*[#  15]+0.083*[#  23]+0.083*[#  24]+0.083*[#  25]+0.083*[#  33]
          +0.083*[#  34]+0.083*[#  35]
    |psi|^2 = 1.000
==== e(  15) =   -45.22051 eV ==== 
     psi = 0.083*[#   3]+0.083*[#   4]+0.083*[#   5]+0.083*[#  13]+0.083*[#  14]
          +0.083*[#  15]+0.083*[#  23]+0.083*[#  24]+0.083*[#  25]+0.083*[#  33]
          +0.083*[#  34]+0.083*[#  35]
    |psi|^2 = 1.000
==== e(  16) =   -45.21662 eV ==== 
     psi = 0.083*[#   3]+0.083*[#   4]+0.083*[#   5]+0.083*[#  13]+0.083*[#  14]
          +0.083*[#  15]+0.083*[#  23]+0.083*[#  24]+0.083*[#  25]+0.083*[#  33]
          +0.083*[#  34]+0.083*[#  35]
    |psi|^2 = 1.000
==== e(  17) =    11.84871 eV ==== 
     psi = 0.216*[#   2]+0.216*[#  12]+0.216*[#  22]+0.216*[#  32]+0.009*[#   7]
          +0.009*[#   8]+0.009*[#  10]+0.009*[#  17]+0.009*[#  18]+0.009*[#  20]
          +0.009*[#  27]+0.009*[#  28]+0.009*[#  30]+0.009*[#  37]+0.009*[#  38]
          +0.009*[#  40]+0.003*[#   1]+0.003*[#  11]+0.003*[#  21]+0.003*[#  31]
          
    |psi|^2 = 0.994
==== e(  18) =    13.66503 eV ==== 
     psi = 0.117*[#   2]+0.117*[#  12]+0.117*[#  22]+0.117*[#  32]+0.028*[#   7]
          +0.028*[#   8]+0.028*[#  10]+0.028*[#  17]+0.028*[#  18]+0.028*[#  20]
          +0.028*[#  27]+0.028*[#  28]+0.028*[#  30]+0.028*[#  37]+0.028*[#  38]
          +0.028*[#  40]+0.022*[#   6]+0.022*[#   9]+0.022*[#  16]+0.022*[#  19]
          +0.022*[#  26]+0.022*[#  29]+0.022*[#  36]+0.022*[#  39]
    |psi|^2 = 0.980
==== e(  19) =    14.36902 eV ==== 
     psi = 0.111*[#  18]+0.111*[#  27]+0.111*[#  40]+0.081*[#   2]+0.048*[#  17]
          +0.048*[#  20]+0.048*[#  28]+0.048*[#  30]+0.048*[#  37]+0.048*[#  38]
          +0.032*[#  36]+0.027*[#  12]+0.027*[#  22]+0.027*[#  32]+0.026*[#  19]
          +0.026*[#  29]+0.022*[#   7]+0.022*[#   8]+0.022*[#  10]+0.015*[#  16]
          +0.015*[#  26]+0.009*[#  39]+0.006*[#   6]+0.006*[#   9]
    |psi|^2 = 0.985
==== e(  20) =    14.36902 eV ==== 
     psi = 0.092*[#   7]+0.092*[#   8]+0.092*[#  10]+0.067*[#  17]+0.067*[#  20]
          +0.067*[#  28]+0.067*[#  30]+0.067*[#  37]+0.067*[#  38]+0.054*[#  12]
          +0.054*[#  22]+0.054*[#  32]+0.028*[#   6]+0.028*[#   9]+0.025*[#  39]
          +0.019*[#  16]+0.019*[#  26]+0.008*[#  19]+0.008*[#  29]+0.003*[#  18]
          +0.003*[#  27]+0.003*[#  40]+0.002*[#  36]
    |psi|^2 = 0.985
==== e(  21) =    15.11661 eV ==== 
     psi = 0.176*[#  36]+0.146*[#  19]+0.146*[#  29]+0.085*[#  16]+0.085*[#  26]
          +0.055*[#  39]+0.026*[#  18]+0.026*[#  27]+0.026*[#  40]+0.016*[#   6]
          +0.016*[#   9]+0.013*[#  17]+0.013*[#  20]+0.013*[#  28]+0.013*[#  30]
          +0.013*[#  37]+0.013*[#  38]+0.007*[#   7]+0.007*[#   8]+0.007*[#  10]
          
    |psi|^2 = 0.905
==== e(  22) =    15.11662 eV ==== 
     psi = 0.165*[#   6]+0.165*[#   9]+0.126*[#  39]+0.096*[#  16]+0.096*[#  26]
          +0.036*[#  19]+0.036*[#  29]+0.023*[#   7]+0.023*[#   8]+0.023*[#  10]
          +0.017*[#  17]+0.017*[#  20]+0.017*[#  28]+0.017*[#  30]+0.017*[#  37]
          +0.017*[#  38]+0.005*[#  36]+0.003*[#  18]+0.003*[#  27]+0.003*[#  40]
          
    |psi|^2 = 0.905
==== e(  23) =    15.25017 eV ==== 
     psi = 0.050*[#   7]+0.050*[#   8]+0.050*[#  10]+0.050*[#  17]+0.050*[#  18]
          +0.050*[#  20]+0.050*[#  27]+0.050*[#  28]+0.050*[#  30]+0.050*[#  37]
          +0.050*[#  38]+0.050*[#  40]+0.039*[#   6]+0.039*[#   9]+0.039*[#  16]
          +0.039*[#  19]+0.039*[#  26]+0.039*[#  29]+0.039*[#  36]+0.039*[#  39]
          +0.009*[#   2]+0.009*[#  12]+0.009*[#  22]+0.009*[#  32]
    |psi|^2 = 0.942
==== e(  24) =    15.73053 eV ==== 
     psi = 0.073*[#   7]+0.073*[#   8]+0.073*[#  10]+0.073*[#  17]+0.073*[#  18]
          +0.073*[#  20]+0.073*[#  27]+0.073*[#  28]+0.073*[#  30]+0.073*[#  37]
          +0.073*[#  38]+0.073*[#  40]+0.019*[#   2]+0.019*[#  12]+0.019*[#  22]
          +0.019*[#  32]+0.002*[#   6]+0.002*[#   9]+0.002*[#  16]+0.002*[#  19]
          +0.002*[#  26]+0.002*[#  29]+0.002*[#  36]+0.002*[#  39]
    |psi|^2 = 0.967
==== e(  25) =    16.00528 eV ==== 
     psi = 0.132*[#  18]+0.132*[#  27]+0.132*[#  40]+0.076*[#  17]+0.076*[#  20]
          +0.076*[#  28]+0.076*[#  30]+0.076*[#  37]+0.076*[#  38]+0.012*[#  12]
          +0.012*[#  22]+0.012*[#  32]+0.010*[#   6]+0.010*[#   9]+0.007*[#  39]
          +0.005*[#  16]+0.005*[#  26]+0.002*[#  19]+0.002*[#  29]
    |psi|^2 = 0.930
==== e(  26) =    16.00528 eV ==== 
     psi = 0.142*[#   7]+0.142*[#   8]+0.142*[#  10]+0.066*[#  17]+0.066*[#  20]
          +0.066*[#  28]+0.066*[#  30]+0.066*[#  37]+0.066*[#  38]+0.019*[#   2]
          +0.010*[#  36]+0.010*[#  18]+0.010*[#  27]+0.010*[#  40]+0.009*[#  19]
          +0.009*[#  29]+0.006*[#  12]+0.006*[#  22]+0.006*[#  32]+0.005*[#  16]
          +0.005*[#  26]+0.003*[#  39]
    |psi|^2 = 0.930
==== e(  27) =    16.02263 eV ==== 
     psi = 0.049*[#   7]+0.049*[#   8]+0.049*[#  10]+0.049*[#  17]+0.049*[#  18]
          +0.049*[#  20]+0.049*[#  27]+0.049*[#  28]+0.049*[#  30]+0.049*[#  37]
          +0.049*[#  38]+0.049*[#  40]+0.040*[#   6]+0.040*[#   9]+0.040*[#  16]
          +0.040*[#  19]+0.040*[#  26]+0.040*[#  29]+0.040*[#  36]+0.040*[#  39]
          +0.018*[#   2]+0.018*[#  12]+0.018*[#  22]+0.018*[#  32]
    |psi|^2 = 0.985
==== e(  28) =    16.31558 eV ==== 
     psi = 0.067*[#   6]+0.067*[#   9]+0.067*[#  16]+0.067*[#  19]+0.067*[#  26]
          +0.067*[#  29]+0.067*[#  36]+0.067*[#  39]+0.039*[#   7]+0.039*[#   8]
          +0.039*[#  10]+0.039*[#  17]+0.039*[#  18]+0.039*[#  20]+0.039*[#  27]
          +0.039*[#  28]+0.039*[#  30]+0.039*[#  37]+0.039*[#  38]+0.039*[#  40]
          
    |psi|^2 = 0.997
==== e(  29) =    16.42381 eV ==== 
     psi = 0.054*[#   6]+0.054*[#   9]+0.054*[#  16]+0.054*[#  19]+0.054*[#  26]
          +0.054*[#  29]+0.054*[#  36]+0.054*[#  39]+0.047*[#   7]+0.047*[#   8]
          +0.047*[#  10]+0.047*[#  17]+0.047*[#  18]+0.047*[#  20]+0.047*[#  27]
          +0.047*[#  28]+0.047*[#  30]+0.047*[#  37]+0.047*[#  38]+0.047*[#  40]
          
    |psi|^2 = 0.997
==== e(  30) =    16.74830 eV ==== 
     psi = 0.073*[#   6]+0.073*[#   9]+0.073*[#  16]+0.073*[#  19]+0.073*[#  26]
          +0.073*[#  29]+0.073*[#  36]+0.073*[#  39]+0.035*[#   7]+0.035*[#   8]
          +0.035*[#  10]+0.035*[#  17]+0.035*[#  18]+0.035*[#  20]+0.035*[#  27]
          +0.035*[#  28]+0.035*[#  30]+0.035*[#  37]+0.035*[#  38]+0.035*[#  40]
          
    |psi|^2 = 0.996
==== e(  31) =    16.82932 eV ==== 
     psi = 0.176*[#  39]+0.146*[#  16]+0.146*[#  26]+0.085*[#  19]+0.085*[#  29]
          +0.055*[#  36]+0.041*[#  17]+0.041*[#  20]+0.041*[#  28]+0.041*[#  30]
          +0.041*[#  37]+0.041*[#  38]+0.016*[#   6]+0.016*[#   9]+0.006*[#   7]
          +0.006*[#   8]+0.006*[#  10]
    |psi|^2 = 0.994
==== e(  32) =    16.82933 eV ==== 
     psi = 0.165*[#   6]+0.165*[#   9]+0.126*[#  36]+0.096*[#  19]+0.096*[#  29]
          +0.044*[#  18]+0.044*[#  27]+0.044*[#  40]+0.038*[#   7]+0.038*[#   8]
          +0.038*[#  10]+0.036*[#  16]+0.036*[#  26]+0.005*[#  39]+0.004*[#  17]
          +0.004*[#  20]+0.004*[#  28]+0.004*[#  30]+0.004*[#  37]+0.004*[#  38]
          
    |psi|^2 = 0.994
==== e(  33) =    17.50440 eV ==== 
     psi = 0.056*[#   6]+0.056*[#   9]+0.056*[#  16]+0.056*[#  19]+0.056*[#  26]
          +0.056*[#  29]+0.056*[#  36]+0.056*[#  39]+0.044*[#   7]+0.044*[#   8]
          +0.044*[#  10]+0.044*[#  17]+0.044*[#  18]+0.044*[#  20]+0.044*[#  27]
          +0.044*[#  28]+0.044*[#  30]+0.044*[#  37]+0.044*[#  38]+0.044*[#  40]
          +0.006*[#   2]+0.006*[#  12]+0.006*[#  22]+0.006*[#  32]
    |psi|^2 = 0.996
==== e(  34) =    17.68921 eV ==== 
     psi = 0.070*[#   6]+0.070*[#   9]+0.070*[#  16]+0.070*[#  19]+0.070*[#  26]
          +0.070*[#  29]+0.070*[#  36]+0.070*[#  39]+0.036*[#   7]+0.036*[#   8]
          +0.036*[#  10]+0.036*[#  17]+0.036*[#  18]+0.036*[#  20]+0.036*[#  27]
          +0.036*[#  28]+0.036*[#  30]+0.036*[#  37]+0.036*[#  38]+0.036*[#  40]
          
    |psi|^2 = 0.999
==== e(  35) =    18.08660 eV ==== 
     psi = 0.104*[#  17]+0.104*[#  20]+0.104*[#  28]+0.104*[#  30]+0.104*[#  37]
          +0.104*[#  38]+0.064*[#  39]+0.053*[#  16]+0.053*[#  26]+0.031*[#  19]
          +0.031*[#  29]+0.028*[#   7]+0.028*[#   8]+0.028*[#  10]+0.020*[#  36]
          +0.009*[#  18]+0.009*[#  27]+0.009*[#  40]+0.006*[#   6]+0.006*[#   9]
          
    |psi|^2 = 0.999
==== e(  36) =    18.08661 eV ==== 
     psi = 0.114*[#  18]+0.114*[#  27]+0.114*[#  40]+0.095*[#   7]+0.095*[#   8]
          +0.095*[#  10]+0.059*[#   6]+0.059*[#   9]+0.046*[#  36]+0.035*[#  19]
          +0.035*[#  29]+0.018*[#  17]+0.018*[#  20]+0.018*[#  28]+0.018*[#  30]
          +0.018*[#  37]+0.018*[#  38]+0.013*[#  16]+0.013*[#  26]+0.002*[#  39]
          
    |psi|^2 = 0.999
==== e(  37) =    18.10250 eV ==== 
     psi = 0.052*[#   6]+0.052*[#   9]+0.052*[#  16]+0.052*[#  19]+0.052*[#  26]
          +0.052*[#  29]+0.052*[#  36]+0.052*[#  39]+0.049*[#   7]+0.049*[#   8]
          +0.049*[#  10]+0.049*[#  17]+0.049*[#  18]+0.049*[#  20]+0.049*[#  27]
          +0.049*[#  28]+0.049*[#  30]+0.049*[#  37]+0.049*[#  38]+0.049*[#  40]
          
    |psi|^2 = 1.000
==== e(  38) =    18.98833 eV ==== 
     psi = 0.075*[#   2]+0.075*[#  12]+0.075*[#  22]+0.075*[#  32]+0.036*[#   7]
          +0.036*[#   8]+0.036*[#  10]+0.036*[#  17]+0.036*[#  18]+0.036*[#  20]
          +0.036*[#  27]+0.036*[#  28]+0.036*[#  30]+0.036*[#  37]+0.036*[#  38]
          +0.036*[#  40]+0.023*[#   6]+0.023*[#   9]+0.023*[#  16]+0.023*[#  19]
          +0.023*[#  26]+0.023*[#  29]+0.023*[#  36]+0.023*[#  39]
    |psi|^2 = 0.916
==== e(  39) =    21.14181 eV ==== 
     psi = 0.105*[#   2]+0.035*[#  12]+0.035*[#  22]+0.035*[#  32]+0.023*[#   7]
          +0.023*[#   8]+0.023*[#  10]+0.023*[#  36]+0.019*[#  19]+0.019*[#  29]
          +0.011*[#  16]+0.011*[#  26]+0.011*[#  17]+0.011*[#  20]+0.011*[#  28]
          +0.011*[#  30]+0.011*[#  37]+0.011*[#  38]+0.010*[#  18]+0.010*[#  27]
          +0.010*[#  40]+0.007*[#  39]+0.002*[#   6]+0.002*[#   9]+0.002*[#   1]
          
    |psi|^2 = 0.474
==== e(  40) =    21.14181 eV ==== 
     psi = 0.070*[#  12]+0.070*[#  22]+0.070*[#  32]+0.022*[#   6]+0.022*[#   9]
          +0.017*[#  18]+0.017*[#  27]+0.017*[#  40]+0.017*[#  17]+0.017*[#  20]
          +0.017*[#  28]+0.017*[#  30]+0.017*[#  37]+0.017*[#  38]+0.016*[#  39]
          +0.012*[#  16]+0.012*[#  26]+0.005*[#  19]+0.005*[#  29]+0.004*[#   7]
          +0.004*[#   8]+0.004*[#  10]+0.001*[#  11]+0.001*[#  21]+0.001*[#  31]
          
    |psi|^2 = 0.474
==== e(  41) =    24.95645 eV ==== 
     psi = 0.253*[#   2]+0.084*[#  12]+0.084*[#  22]+0.084*[#  32]+0.018*[#  18]
          +0.018*[#  27]+0.018*[#  40]+0.007*[#  17]+0.007*[#  20]+0.007*[#  28]
          +0.007*[#  30]+0.007*[#  37]+0.007*[#  38]+0.005*[#   7]+0.005*[#   8]
          +0.005*[#  10]+0.003*[#   1]
    |psi|^2 = 0.622
==== e(  42) =    24.95645 eV ==== 
     psi = 0.169*[#  12]+0.169*[#  22]+0.169*[#  32]+0.013*[#   7]+0.013*[#   8]
          +0.013*[#  10]+0.011*[#  17]+0.011*[#  20]+0.011*[#  28]+0.011*[#  30]
          +0.011*[#  37]+0.011*[#  38]+0.002*[#  11]+0.002*[#  21]+0.002*[#  31]
          
    |psi|^2 = 0.622
==== e(  43) =    27.57427 eV ==== 
     psi = 0.025*[#   2]+0.025*[#  12]+0.025*[#  22]+0.025*[#  32]+0.004*[#   7]
          +0.004*[#   8]+0.004*[#  10]+0.004*[#  17]+0.004*[#  18]+0.004*[#  20]
          +0.004*[#  27]+0.004*[#  28]+0.004*[#  30]+0.004*[#  37]+0.004*[#  38]
          +0.004*[#  40]
    |psi|^2 = 0.147

 k =   0.2500000000  0.2500000000 -0.5000000000
==== e(   1) =   -84.90163 eV ==== 
     psi = 0.332*[#  11]+0.332*[#  21]+0.332*[#  31]
    |psi|^2 = 1.000
==== e(   2) =   -84.90162 eV ==== 
     psi = 0.498*[#   1]+0.166*[#  11]+0.166*[#  21]+0.166*[#  31]
    |psi|^2 = 1.000
==== e(   3) =   -84.89021 eV ==== 
     psi = 0.330*[#  11]+0.330*[#  21]+0.330*[#  31]+0.003*[#  12]+0.003*[#  22]
          +0.003*[#  32]
    |psi|^2 = 1.000
==== e(   4) =   -84.89020 eV ==== 
     psi = 0.495*[#   1]+0.165*[#  11]+0.165*[#  21]+0.165*[#  31]+0.004*[#   2]
          +0.001*[#  12]+0.001*[#  22]+0.001*[#  32]
    |psi|^2 = 1.000
==== e(   5) =   -45.38752 eV ==== 
     psi = 0.167*[#  14]+0.167*[#  25]+0.167*[#  33]+0.060*[#  13]+0.060*[#  15]
          +0.060*[#  23]+0.060*[#  24]+0.060*[#  34]+0.060*[#  35]+0.046*[#   3]
          +0.046*[#   4]+0.046*[#   5]
    |psi|^2 = 1.000
==== e(   6) =   -45.38751 eV ==== 
     psi = 0.120*[#   3]+0.120*[#   4]+0.120*[#   5]+0.106*[#  13]+0.106*[#  15]
          +0.106*[#  23]+0.106*[#  24]+0.106*[#  34]+0.106*[#  35]
    |psi|^2 = 1.000
==== e(   7) =   -45.35963 eV ==== 
     psi = 0.166*[#  14]+0.166*[#  25]+0.166*[#  33]+0.083*[#   3]+0.083*[#   4]
          +0.083*[#   5]+0.041*[#  13]+0.041*[#  15]+0.041*[#  23]+0.041*[#  24]
          +0.041*[#  34]+0.041*[#  35]+0.002*[#  12]+0.002*[#  22]+0.002*[#  32]
          
    |psi|^2 = 1.000
==== e(   8) =   -45.35962 eV ==== 
     psi = 0.124*[#  13]+0.124*[#  15]+0.124*[#  23]+0.124*[#  24]+0.124*[#  34]
          +0.124*[#  35]+0.083*[#   3]+0.083*[#   4]+0.083*[#   5]+0.003*[#   2]
          
    |psi|^2 = 1.000
==== e(   9) =   -45.28414 eV ==== 
     psi = 0.166*[#  14]+0.166*[#  25]+0.166*[#  33]+0.083*[#  13]+0.083*[#  15]
          +0.083*[#  23]+0.083*[#  24]+0.083*[#  34]+0.083*[#  35]
    |psi|^2 = 1.000
==== e(  10) =   -45.28413 eV ==== 
     psi = 0.166*[#   3]+0.166*[#   4]+0.166*[#   5]+0.083*[#  13]+0.083*[#  15]
          +0.083*[#  23]+0.083*[#  24]+0.083*[#  34]+0.083*[#  35]
    |psi|^2 = 1.000
==== e(  11) =   -45.24523 eV ==== 
     psi = 0.167*[#  14]+0.167*[#  25]+0.167*[#  33]+0.120*[#   3]+0.120*[#   4]
          +0.120*[#   5]+0.023*[#  13]+0.023*[#  15]+0.023*[#  23]+0.023*[#  24]
          +0.023*[#  34]+0.023*[#  35]
    |psi|^2 = 1.000
==== e(  12) =   -45.24522 eV ==== 
     psi = 0.144*[#  13]+0.144*[#  15]+0.144*[#  23]+0.144*[#  24]+0.144*[#  34]
          +0.144*[#  35]+0.046*[#   3]+0.046*[#   4]+0.046*[#   5]
    |psi|^2 = 1.000
==== e(  13) =   -45.23223 eV ==== 
     psi = 0.166*[#  14]+0.166*[#  25]+0.166*[#  33]+0.083*[#   3]+0.083*[#   4]
          +0.083*[#   5]+0.042*[#  13]+0.042*[#  15]+0.042*[#  23]+0.042*[#  24]
          +0.042*[#  34]+0.042*[#  35]
    |psi|^2 = 1.000
==== e(  14) =   -45.23223 eV ==== 
     psi = 0.125*[#  13]+0.125*[#  15]+0.125*[#  23]+0.125*[#  24]+0.125*[#  34]
          +0.125*[#  35]+0.084*[#   3]+0.084*[#   4]+0.084*[#   5]
    |psi|^2 = 1.000
==== e(  15) =   -45.23166 eV ==== 
     psi = 0.167*[#  14]+0.167*[#  25]+0.167*[#  33]+0.083*[#  13]+0.083*[#  15]
          +0.083*[#  23]+0.083*[#  24]+0.083*[#  34]+0.083*[#  35]
    |psi|^2 = 1.000
==== e(  16) =   -45.23165 eV ==== 
     psi = 0.167*[#   3]+0.167*[#   4]+0.167*[#   5]+0.083*[#  13]+0.083*[#  15]
          +0.083*[#  23]+0.083*[#  24]+0.083*[#  34]+0.083*[#  35]
    |psi|^2 = 1.000
==== e(  17) =    12.79509 eV ==== 
     psi = 0.240*[#  12]+0.240*[#  22]+0.240*[#  32]+0.026*[#   7]+0.026*[#   8]
          +0.026*[#  10]+0.022*[#  17]+0.022*[#  20]+0.022*[#  28]+0.022*[#  30]
          +0.022*[#  37]+0.022*[#  38]+0.012*[#  39]+0.010*[#  16]+0.010*[#  26]
          +0.006*[#  19]+0.006*[#  29]+0.004*[#  36]
    |psi|^2 = 0.988
==== e(  18) =    12.79509 eV ==== 
     psi = 0.360*[#   2]+0.120*[#  12]+0.120*[#  22]+0.120*[#  32]+0.035*[#  18]
          +0.035*[#  27]+0.035*[#  40]+0.013*[#  17]+0.013*[#  20]+0.013*[#  28]
          +0.013*[#  30]+0.013*[#  37]+0.013*[#  38]+0.012*[#   6]+0.012*[#   9]
          +0.009*[#   7]+0.009*[#   8]+0.009*[#  10]+0.008*[#  36]+0.006*[#  19]
          +0.006*[#  29]+0.002*[#  16]+0.002*[#  26]+0.001*[#   1]
    |psi|^2 = 0.988
==== e(  19) =    14.42941 eV ==== 
     psi = 0.115*[#   7]+0.115*[#   8]+0.115*[#  10]+0.082*[#  17]+0.082*[#  20]
          +0.082*[#  28]+0.082*[#  30]+0.082*[#  37]+0.082*[#  38]+0.049*[#  12]
          +0.049*[#  22]+0.049*[#  32]+0.002*[#  39]+0.001*[#  16]+0.001*[#  26]
          
    |psi|^2 = 0.989
==== e(  20) =    14.42941 eV ==== 
     psi = 0.139*[#  18]+0.139*[#  27]+0.139*[#  40]+0.073*[#   2]+0.057*[#  17]
          +0.057*[#  20]+0.057*[#  28]+0.057*[#  30]+0.057*[#  37]+0.057*[#  38]
          +0.024*[#   7]+0.024*[#   8]+0.024*[#  10]+0.024*[#  12]+0.024*[#  22]
          +0.024*[#  32]+0.002*[#   6]+0.002*[#   9]+0.001*[#  36]
    |psi|^2 = 0.989
==== e(  21) =    15.19794 eV ==== 
     psi = 0.225*[#  36]+0.187*[#  19]+0.187*[#  29]+0.112*[#  16]+0.112*[#  26]
          +0.075*[#  39]
    |psi|^2 = 0.901
==== e(  22) =    15.19795 eV ==== 
     psi = 0.225*[#   6]+0.225*[#   9]+0.150*[#  39]+0.112*[#  16]+0.112*[#  26]
          +0.037*[#  19]+0.037*[#  29]
    |psi|^2 = 0.901
==== e(  23) =    15.54460 eV ==== 
     psi = 0.112*[#  17]+0.112*[#  20]+0.112*[#  28]+0.112*[#  30]+0.112*[#  37]
          +0.112*[#  38]+0.030*[#  39]+0.026*[#  12]+0.026*[#  22]+0.026*[#  32]
          +0.026*[#   7]+0.026*[#   8]+0.026*[#  10]+0.025*[#  16]+0.025*[#  26]
          +0.015*[#  19]+0.015*[#  29]+0.010*[#  36]
    |psi|^2 = 0.951
==== e(  24) =    15.54461 eV ==== 
     psi = 0.125*[#  18]+0.125*[#  27]+0.125*[#  40]+0.099*[#   7]+0.099*[#   8]
          +0.099*[#  10]+0.039*[#   2]+0.030*[#   6]+0.030*[#   9]+0.020*[#  36]
          +0.015*[#  19]+0.015*[#  29]+0.013*[#  12]+0.013*[#  22]+0.013*[#  32]
          +0.013*[#  17]+0.013*[#  20]+0.013*[#  28]+0.013*[#  30]+0.013*[#  37]
          +0.013*[#  38]+0.005*[#  16]+0.005*[#  26]
    |psi|^2 = 0.951
==== e(  25) =    15.99034 eV ==== 
     psi = 0.148*[#  18]+0.148*[#  27]+0.148*[#  40]+0.074*[#  17]+0.074*[#  20]
          +0.074*[#  28]+0.074*[#  30]+0.074*[#  37]+0.074*[#  38]
    |psi|^2 = 0.894
==== e(  26) =    15.99034 eV ==== 
     psi = 0.148*[#   7]+0.148*[#   8]+0.148*[#  10]+0.074*[#  17]+0.074*[#  20]
          +0.074*[#  28]+0.074*[#  30]+0.074*[#  37]+0.074*[#  38]
    |psi|^2 = 0.894
==== e(  27) =    16.12570 eV ==== 
     psi = 0.136*[#  39]+0.113*[#  16]+0.113*[#  26]+0.068*[#  19]+0.068*[#  29]
          +0.057*[#  17]+0.057*[#  20]+0.057*[#  28]+0.057*[#  30]+0.057*[#  37]
          +0.057*[#  38]+0.045*[#  36]+0.031*[#   7]+0.031*[#   8]+0.031*[#  10]
          +0.005*[#  12]+0.005*[#  22]+0.005*[#  32]
    |psi|^2 = 0.996
==== e(  28) =    16.12570 eV ==== 
     psi = 0.136*[#   6]+0.136*[#   9]+0.090*[#  36]+0.073*[#  18]+0.073*[#  27]
          +0.073*[#  40]+0.068*[#  19]+0.068*[#  29]+0.042*[#   7]+0.042*[#   8]
          +0.042*[#  10]+0.023*[#  16]+0.023*[#  26]+0.016*[#  17]+0.016*[#  20]
          +0.016*[#  28]+0.016*[#  30]+0.016*[#  37]+0.016*[#  38]+0.008*[#   2]
          +0.003*[#  12]+0.003*[#  22]+0.003*[#  32]
    |psi|^2 = 0.996
==== e(  29) =    16.53827 eV ==== 
     psi = 0.126*[#  36]+0.105*[#  19]+0.105*[#  29]+0.082*[#   7]+0.082*[#   8]
          +0.082*[#  10]+0.063*[#  16]+0.063*[#  26]+0.042*[#  39]+0.041*[#  17]
          +0.041*[#  20]+0.041*[#  28]+0.041*[#  30]+0.041*[#  37]+0.041*[#  38]
          
    |psi|^2 = 0.997
==== e(  30) =    16.53828 eV ==== 
     psi = 0.126*[#   6]+0.126*[#   9]+0.084*[#  39]+0.082*[#  18]+0.082*[#  27]
          +0.082*[#  40]+0.063*[#  16]+0.063*[#  26]+0.041*[#  17]+0.041*[#  20]
          +0.041*[#  28]+0.041*[#  30]+0.041*[#  37]+0.041*[#  38]+0.021*[#  19]
          +0.021*[#  29]
    |psi|^2 = 0.997
==== e(  31) =    16.74457 eV ==== 
     psi = 0.190*[#  39]+0.158*[#  16]+0.158*[#  26]+0.095*[#  19]+0.095*[#  29]
          +0.063*[#  36]+0.038*[#  17]+0.038*[#  20]+0.038*[#  28]+0.038*[#  30]
          +0.038*[#  37]+0.038*[#  38]+0.003*[#   7]+0.003*[#   8]+0.003*[#  10]
          
    |psi|^2 = 0.995
==== e(  32) =    16.74457 eV ==== 
     psi = 0.190*[#   6]+0.190*[#   9]+0.127*[#  36]+0.095*[#  19]+0.095*[#  29]
          +0.039*[#  18]+0.039*[#  27]+0.039*[#  40]+0.036*[#   7]+0.036*[#   8]
          +0.036*[#  10]+0.032*[#  16]+0.032*[#  26]+0.002*[#  17]+0.002*[#  20]
          +0.002*[#  28]+0.002*[#  30]+0.002*[#  37]+0.002*[#  38]
    |psi|^2 = 0.995
==== e(  33) =    17.93790 eV ==== 
     psi = 0.124*[#  36]+0.103*[#  19]+0.103*[#  29]+0.084*[#   7]+0.084*[#   8]
          +0.084*[#  10]+0.062*[#  16]+0.062*[#  26]+0.042*[#  17]+0.042*[#  20]
          +0.042*[#  28]+0.042*[#  30]+0.042*[#  37]+0.042*[#  38]+0.041*[#  39]
          
    |psi|^2 = 1.000
==== e(  34) =    17.93791 eV ==== 
     psi = 0.124*[#   6]+0.124*[#   9]+0.084*[#  18]+0.084*[#  27]+0.084*[#  40]
          +0.082*[#  39]+0.062*[#  16]+0.062*[#  26]+0.042*[#  17]+0.042*[#  20]
          +0.042*[#  28]+0.042*[#  30]+0.042*[#  37]+0.042*[#  38]+0.021*[#  19]
          +0.021*[#  29]
    |psi|^2 = 1.000
==== e(  35) =    18.00261 eV ==== 
     psi = 0.079*[#   7]+0.079*[#   8]+0.079*[#  10]+0.072*[#  39]+0.060*[#  16]
          +0.060*[#  26]+0.053*[#  17]+0.053*[#  20]+0.053*[#  28]+0.053*[#  30]
          +0.053*[#  37]+0.053*[#  38]+0.044*[#  12]+0.044*[#  22]+0.044*[#  32]
          +0.036*[#  19]+0.036*[#  29]+0.024*[#  36]
    |psi|^2 = 0.978
==== e(  36) =    18.00261 eV ==== 
     psi = 0.093*[#  18]+0.093*[#  27]+0.093*[#  40]+0.072*[#   6]+0.072*[#   9]
          +0.066*[#   2]+0.048*[#  36]+0.040*[#  17]+0.040*[#  20]+0.040*[#  28]
          +0.040*[#  30]+0.040*[#  37]+0.040*[#  38]+0.036*[#  19]+0.036*[#  29]
          +0.022*[#  12]+0.022*[#  22]+0.022*[#  32]+0.014*[#   7]+0.014*[#   8]
          +0.014*[#  10]+0.012*[#  16]+0.012*[#  26]
    |psi|^2 = 0.978
==== e(  37) =    18.03460 eV ==== 
     psi = 0.114*[#  17]+0.114*[#  20]+0.114*[#  28]+0.114*[#  30]+0.114*[#  37]
          +0.114*[#  38]+0.057*[#  39]+0.048*[#  16]+0.048*[#  26]+0.029*[#   7]
          +0.029*[#   8]+0.029*[#  10]+0.029*[#  19]+0.029*[#  29]+0.019*[#  36]
          
    |psi|^2 = 1.000
==== e(  38) =    18.03461 eV ==== 
     psi = 0.128*[#  18]+0.128*[#  27]+0.128*[#  40]+0.099*[#   7]+0.099*[#   8]
          +0.099*[#  10]+0.057*[#   6]+0.057*[#   9]+0.038*[#  36]+0.029*[#  19]
          +0.029*[#  29]+0.015*[#  17]+0.015*[#  20]+0.015*[#  28]+0.015*[#  30]
          +0.015*[#  37]+0.015*[#  38]+0.010*[#  16]+0.010*[#  26]
    |psi|^2 = 1.000
==== e(  39) =    21.50077 eV ==== 
     psi = 0.023*[#  36]+0.019*[#  19]+0.019*[#  29]+0.017*[#   7]+0.017*[#   8]
          +0.017*[#  10]+0.011*[#  16]+0.011*[#  26]+0.009*[#  17]+0.009*[#  20]
          +0.009*[#  28]+0.009*[#  30]+0.009*[#  37]+0.009*[#  38]+0.008*[#  39]
          
    |psi|^2 = 0.195
==== e(  40) =    21.50078 eV ==== 
     psi = 0.023*[#   6]+0.023*[#   9]+0.017*[#  18]+0.017*[#  27]+0.017*[#  40]
          +0.015*[#  39]+0.011*[#  16]+0.011*[#  26]+0.009*[#  17]+0.009*[#  20]
          +0.009*[#  28]+0.009*[#  30]+0.009*[#  37]+0.009*[#  38]+0.004*[#  19]
          +0.004*[#  29]
    |psi|^2 = 0.195
==== e(  41) =    24.28967 eV ==== 
     psi = 0.387*[#   2]+0.129*[#  12]+0.129*[#  22]+0.129*[#  32]+0.026*[#  18]
          +0.026*[#  27]+0.026*[#  40]+0.009*[#  17]+0.009*[#  20]+0.009*[#  28]
          +0.009*[#  30]+0.009*[#  37]+0.009*[#  38]+0.007*[#   7]+0.007*[#   8]
          +0.007*[#  10]+0.005*[#   1]+0.002*[#  11]+0.002*[#  21]+0.002*[#  31]
          
    |psi|^2 = 0.943
==== e(  42) =    24.28967 eV ==== 
     psi = 0.258*[#  12]+0.258*[#  22]+0.258*[#  32]+0.019*[#   7]+0.019*[#   8]
          +0.019*[#  10]+0.017*[#  17]+0.017*[#  20]+0.017*[#  28]+0.017*[#  30]
          +0.017*[#  37]+0.017*[#  38]+0.003*[#  11]+0.003*[#  21]+0.003*[#  31]
          
    |psi|^2 = 0.943
==== e(  43) =    28.91247 eV ==== 
     psi = 0.011*[#   2]+0.010*[#  12]+0.010*[#  22]+0.010*[#  32]+0.003*[#  18]
          +0.003*[#  27]+0.003*[#  40]+0.003*[#   7]+0.003*[#   8]+0.003*[#  10]
          +0.003*[#  17]+0.003*[#  20]+0.003*[#  28]+0.003*[#  30]+0.003*[#  37]
          +0.003*[#  38]
    |psi|^2 = 0.076

 k =   0.2500000000  0.3750000000  0.3750000000
==== e(   1) =   -84.90372 eV ==== 
     psi = 0.249*[#  11]+0.249*[#  21]+0.249*[#  31]+0.248*[#   1]
    |psi|^2 = 1.000
==== e(   2) =   -84.89426 eV ==== 
     psi = 0.332*[#  11]+0.332*[#  21]+0.332*[#  31]
    |psi|^2 = 1.000
==== e(   3) =   -84.89425 eV ==== 
     psi = 0.497*[#   1]+0.166*[#  11]+0.166*[#  21]+0.166*[#  31]+0.001*[#   2]
          
    |psi|^2 = 1.000
==== e(   4) =   -84.89139 eV ==== 
     psi = 0.249*[#   1]+0.247*[#  11]+0.247*[#  21]+0.247*[#  31]+0.002*[#   2]
          +0.002*[#  12]+0.002*[#  22]+0.002*[#  32]
    |psi|^2 = 1.000
==== e(   5) =   -45.39444 eV ==== 
     psi = 0.084*[#  14]+0.084*[#  25]+0.084*[#  33]+0.083*[#   3]+0.083*[#   4]
          +0.083*[#   5]+0.083*[#  13]+0.083*[#  15]+0.083*[#  23]+0.083*[#  24]
          +0.083*[#  34]+0.083*[#  35]
    |psi|^2 = 1.000
==== e(   6) =   -45.38928 eV ==== 
     psi = 0.164*[#  14]+0.164*[#  25]+0.164*[#  33]+0.062*[#  13]+0.062*[#  15]
          +0.062*[#  23]+0.062*[#  24]+0.062*[#  34]+0.062*[#  35]+0.044*[#   3]
          +0.044*[#   4]+0.044*[#   5]+0.001*[#   2]
    |psi|^2 = 1.000
==== e(   7) =   -45.38928 eV ==== 
     psi = 0.122*[#   3]+0.122*[#   4]+0.122*[#   5]+0.104*[#  13]+0.104*[#  15]
          +0.104*[#  23]+0.104*[#  24]+0.104*[#  34]+0.104*[#  35]+0.002*[#  14]
          +0.002*[#  25]+0.002*[#  33]
    |psi|^2 = 1.000
==== e(   8) =   -45.36110 eV ==== 
     psi = 0.083*[#   3]+0.083*[#   4]+0.083*[#   5]+0.083*[#  13]+0.083*[#  14]
          +0.083*[#  15]+0.083*[#  23]+0.083*[#  24]+0.083*[#  25]+0.083*[#  33]
          +0.083*[#  34]+0.083*[#  35]+0.002*[#   2]+0.002*[#  12]+0.002*[#  22]
          +0.002*[#  32]
    |psi|^2 = 1.000
==== e(   9) =   -45.27335 eV ==== 
     psi = 0.083*[#  14]+0.083*[#  25]+0.083*[#  33]+0.083*[#   3]+0.083*[#   4]
          +0.083*[#   5]+0.083*[#  13]+0.083*[#  15]+0.083*[#  23]+0.083*[#  24]
          +0.083*[#  34]+0.083*[#  35]
    |psi|^2 = 1.000
==== e(  10) =   -45.25808 eV ==== 
     psi = 0.134*[#  13]+0.134*[#  15]+0.134*[#  23]+0.134*[#  24]+0.134*[#  34]
          +0.134*[#  35]+0.039*[#  14]+0.039*[#  25]+0.039*[#  33]+0.027*[#   3]
          +0.027*[#   4]+0.027*[#   5]
    |psi|^2 = 1.000
==== e(  11) =   -45.25808 eV ==== 
     psi = 0.140*[#   3]+0.140*[#   4]+0.140*[#   5]+0.128*[#  14]+0.128*[#  25]
          +0.128*[#  33]+0.033*[#  13]+0.033*[#  15]+0.033*[#  23]+0.033*[#  24]
          +0.033*[#  34]+0.033*[#  35]
    |psi|^2 = 1.000
==== e(  12) =   -45.23918 eV ==== 
     psi = 0.084*[#  14]+0.084*[#  25]+0.084*[#  33]+0.083*[#   3]+0.083*[#   4]
          +0.083*[#   5]+0.083*[#  13]+0.083*[#  15]+0.083*[#  23]+0.083*[#  24]
          +0.083*[#  34]+0.083*[#  35]
    |psi|^2 = 1.000
==== e(  13) =   -45.23726 eV ==== 
     psi = 0.126*[#  14]+0.126*[#  25]+0.126*[#  33]+0.095*[#  13]+0.095*[#  15]
          +0.095*[#  23]+0.095*[#  24]+0.095*[#  34]+0.095*[#  35]+0.017*[#   3]
          +0.017*[#   4]+0.017*[#   5]
    |psi|^2 = 1.000
==== e(  14) =   -45.23725 eV ==== 
     psi = 0.149*[#   3]+0.149*[#   4]+0.149*[#   5]+0.072*[#  13]+0.072*[#  15]
          +0.072*[#  23]+0.072*[#  24]+0.072*[#  34]+0.072*[#  35]+0.040*[#  14]
          +0.040*[#  25]+0.040*[#  33]
    |psi|^2 = 1.000
==== e(  15) =   -45.22743 eV ==== 
     psi = 0.083*[#   3]+0.083*[#   4]+0.083*[#   5]+0.083*[#  13]+0.083*[#  14]
          +0.083*[#  15]+0.083*[#  23]+0.083*[#  24]+0.083*[#  25]+0.083*[#  33]
          +0.083*[#  34]+0.083*[#  35]
    |psi|^2 = 1.000
==== e(  16) =   -45.21679 eV ==== 
     psi = 0.083*[#   3]+0.083*[#   4]+0.083*[#   5]+0.083*[#  13]+0.083*[#  14]
          +0.083*[#  15]+0.083*[#  23]+0.083*[#  24]+0.083*[#  25]+0.083*[#  33]
          +0.083*[#  34]+0.083*[#  35]
    |psi|^2 = 1.000
==== e(  17) =    12.49660 eV ==== 
     psi = 0.187*[#   2]+0.187*[#  12]+0.187*[#  22]+0.187*[#  32]+0.019*[#   7]
          +0.019*[#   8]+0.019*[#  10]+0.019*[#  17]+0.019*[#  18]+0.019*[#  20]
          +0.019*[#  27]+0.019*[#  28]+0.019*[#  30]+0.019*[#  37]+0.019*[#  38]
          +0.019*[#  40]+0.001*[#   1]+0.001*[#  11]+0.001*[#  21]+0.001*[#  31]
          
    |psi|^2 = 0.990
==== e(  18) =    13.86736 eV ==== 
     psi = 0.163*[#   2]+0.098*[#  18]+0.098*[#  27]+0.098*[#  40]+0.054*[#  12]
          +0.054*[#  22]+0.054*[#  32]+0.038*[#   7]+0.038*[#   8]+0.038*[#  10]
          +0.031*[#  17]+0.031*[#  20]+0.031*[#  28]+0.031*[#  30]+0.031*[#  37]
          +0.031*[#  38]+0.014*[#  36]+0.012*[#  19]+0.012*[#  29]+0.006*[#  16]
          +0.006*[#  26]+0.006*[#   6]+0.006*[#   9]+0.003*[#  39]
    |psi|^2 = 0.984
==== e(  19) =    13.86736 eV ==== 
     psi = 0.108*[#  12]+0.108*[#  22]+0.108*[#  32]+0.068*[#  17]+0.068*[#  20]
          +0.068*[#  28]+0.068*[#  30]+0.068*[#  37]+0.068*[#  38]+0.061*[#   7]
          +0.061*[#   8]+0.061*[#  10]+0.013*[#  39]+0.010*[#   6]+0.010*[#   9]
          +0.010*[#  16]+0.010*[#  26]+0.005*[#  19]+0.005*[#  29]+0.002*[#  36]
          
    |psi|^2 = 0.984
==== e(  20) =    14.20980 eV ==== 
     psi = 0.068*[#   7]+0.068*[#   8]+0.068*[#  10]+0.068*[#  17]+0.068*[#  18]
          +0.068*[#  20]+0.068*[#  27]+0.068*[#  28]+0.068*[#  30]+0.068*[#  37]
          +0.068*[#  38]+0.068*[#  40]+0.041*[#   2]+0.041*[#  12]+0.041*[#  22]
          +0.041*[#  32]+0.001*[#   6]+0.001*[#   9]+0.001*[#  16]+0.001*[#  19]
          +0.001*[#  26]+0.001*[#  29]+0.001*[#  36]+0.001*[#  39]
    |psi|^2 = 0.992
==== e(  21) =    15.37385 eV ==== 
     psi = 0.109*[#   6]+0.109*[#   9]+0.109*[#  16]+0.109*[#  19]+0.109*[#  26]
          +0.109*[#  29]+0.109*[#  36]+0.109*[#  39]+0.001*[#   7]+0.001*[#   8]
          +0.001*[#  10]+0.001*[#  17]+0.001*[#  18]+0.001*[#  20]+0.001*[#  27]
          +0.001*[#  28]+0.001*[#  30]+0.001*[#  37]+0.001*[#  38]+0.001*[#  40]
          
    |psi|^2 = 0.889
==== e(  22) =    15.48538 eV ==== 
     psi = 0.137*[#  36]+0.110*[#  19]+0.110*[#  29]+0.082*[#   6]+0.082*[#   9]
          +0.055*[#  16]+0.055*[#  26]+0.033*[#  18]+0.033*[#  27]+0.033*[#  40]
          +0.027*[#  39]+0.017*[#   2]+0.014*[#  17]+0.014*[#  20]+0.014*[#  28]
          +0.014*[#  30]+0.014*[#  37]+0.014*[#  38]+0.009*[#   7]+0.009*[#   8]
          +0.009*[#  10]+0.006*[#  12]+0.006*[#  22]+0.006*[#  32]
    |psi|^2 = 0.902
==== e(  23) =    15.48539 eV ==== 
     psi = 0.137*[#  39]+0.110*[#  16]+0.110*[#  26]+0.082*[#   6]+0.082*[#   9]
          +0.055*[#  19]+0.055*[#  29]+0.027*[#  36]+0.026*[#   7]+0.026*[#   8]
          +0.026*[#  10]+0.021*[#  17]+0.021*[#  20]+0.021*[#  28]+0.021*[#  30]
          +0.021*[#  37]+0.021*[#  38]+0.011*[#  12]+0.011*[#  22]+0.011*[#  32]
          +0.001*[#  18]+0.001*[#  27]+0.001*[#  40]
    |psi|^2 = 0.902
==== e(  24) =    15.85095 eV ==== 
     psi = 0.062*[#   7]+0.062*[#   8]+0.062*[#  10]+0.062*[#  17]+0.062*[#  18]
          +0.062*[#  20]+0.062*[#  27]+0.062*[#  28]+0.062*[#  30]+0.062*[#  37]
          +0.062*[#  38]+0.062*[#  40]+0.040*[#   2]+0.040*[#  12]+0.040*[#  22]
          +0.040*[#  32]+0.003*[#   6]+0.003*[#   9]+0.003*[#  16]+0.003*[#  19]
          +0.003*[#  26]+0.003*[#  29]+0.003*[#  36]+0.003*[#  39]
    |psi|^2 = 0.930
==== e(  25) =    16.05599 eV ==== 
     psi = 0.086*[#  17]+0.086*[#  20]+0.086*[#  28]+0.086*[#  30]+0.086*[#  37]
          +0.086*[#  38]+0.048*[#  18]+0.048*[#  27]+0.048*[#  40]+0.040*[#   7]
          +0.040*[#   8]+0.040*[#  10]+0.023*[#  39]+0.021*[#  12]+0.021*[#  22]
          +0.021*[#  32]+0.019*[#  16]+0.019*[#  26]+0.011*[#  19]+0.011*[#  29]
          +0.006*[#  36]+0.006*[#   6]+0.006*[#   9]
    |psi|^2 = 0.946
==== e(  26) =    16.05599 eV ==== 
     psi = 0.090*[#   7]+0.090*[#   8]+0.090*[#  10]+0.082*[#  18]+0.082*[#  27]
          +0.082*[#  40]+0.044*[#  17]+0.044*[#  20]+0.044*[#  28]+0.044*[#  30]
          +0.044*[#  37]+0.044*[#  38]+0.032*[#   2]+0.019*[#   6]+0.019*[#   9]
          +0.019*[#  36]+0.015*[#  19]+0.015*[#  29]+0.011*[#  12]+0.011*[#  22]
          +0.011*[#  32]+0.006*[#  16]+0.006*[#  26]+0.002*[#  39]
    |psi|^2 = 0.946
==== e(  27) =    16.16428 eV ==== 
     psi = 0.072*[#   7]+0.072*[#   8]+0.072*[#  10]+0.072*[#  17]+0.072*[#  18]
          +0.072*[#  20]+0.072*[#  27]+0.072*[#  28]+0.072*[#  30]+0.072*[#  37]
          +0.072*[#  38]+0.072*[#  40]
    |psi|^2 = 0.865
==== e(  28) =    16.25104 eV ==== 
     psi = 0.065*[#   6]+0.065*[#   9]+0.065*[#  16]+0.065*[#  19]+0.065*[#  26]
          +0.065*[#  29]+0.065*[#  36]+0.065*[#  39]+0.040*[#   7]+0.040*[#   8]
          +0.040*[#  10]+0.040*[#  17]+0.040*[#  18]+0.040*[#  20]+0.040*[#  27]
          +0.040*[#  28]+0.040*[#  30]+0.040*[#  37]+0.040*[#  38]+0.040*[#  40]
          
    |psi|^2 = 0.997
==== e(  29) =    16.33512 eV ==== 
     psi = 0.072*[#   6]+0.072*[#   9]+0.072*[#  16]+0.072*[#  19]+0.072*[#  26]
          +0.072*[#  29]+0.072*[#  36]+0.072*[#  39]+0.035*[#   7]+0.035*[#   8]
          +0.035*[#  10]+0.035*[#  17]+0.035*[#  18]+0.035*[#  20]+0.035*[#  27]
          +0.035*[#  28]+0.035*[#  30]+0.035*[#  37]+0.035*[#  38]+0.035*[#  40]
          
    |psi|^2 = 0.998
==== e(  30) =    16.58125 eV ==== 
     psi = 0.135*[#  36]+0.109*[#  19]+0.109*[#  29]+0.072*[#   6]+0.072*[#   9]
          +0.056*[#  16]+0.056*[#  26]+0.050*[#   7]+0.050*[#   8]+0.050*[#  10]
          +0.029*[#  39]+0.025*[#  17]+0.025*[#  20]+0.025*[#  28]+0.025*[#  30]
          +0.025*[#  37]+0.025*[#  38]+0.019*[#  18]+0.019*[#  27]+0.019*[#  40]
          +0.002*[#   2]
    |psi|^2 = 0.994
==== e(  31) =    16.58126 eV ==== 
     psi = 0.130*[#  39]+0.104*[#  16]+0.104*[#  26]+0.087*[#   6]+0.087*[#   9]
          +0.051*[#  19]+0.051*[#  29]+0.040*[#  18]+0.040*[#  27]+0.040*[#  40]
          +0.034*[#  17]+0.034*[#  20]+0.034*[#  28]+0.034*[#  30]+0.034*[#  37]
          +0.034*[#  38]+0.024*[#  36]+0.009*[#   7]+0.009*[#   8]+0.009*[#  10]
          +0.001*[#  12]+0.001*[#  22]+0.001*[#  32]
    |psi|^2 = 0.994
==== e(  32) =    16.60150 eV ==== 
     psi = 0.089*[#   6]+0.089*[#   9]+0.089*[#  16]+0.089*[#  19]+0.089*[#  26]
          +0.089*[#  29]+0.089*[#  36]+0.089*[#  39]+0.024*[#   7]+0.024*[#   8]
          +0.024*[#  10]+0.024*[#  17]+0.024*[#  18]+0.024*[#  20]+0.024*[#  27]
          +0.024*[#  28]+0.024*[#  30]+0.024*[#  37]+0.024*[#  38]+0.024*[#  40]
          
    |psi|^2 = 0.997
==== e(  33) =    17.57473 eV ==== 
     psi = 0.053*[#   6]+0.053*[#   9]+0.053*[#  16]+0.053*[#  19]+0.053*[#  26]
          +0.053*[#  29]+0.053*[#  36]+0.053*[#  39]+0.048*[#   7]+0.048*[#   8]
          +0.048*[#  10]+0.048*[#  17]+0.048*[#  18]+0.048*[#  20]+0.048*[#  27]
          +0.048*[#  28]+0.048*[#  30]+0.048*[#  37]+0.048*[#  38]+0.048*[#  40]
          
    |psi|^2 = 0.999
==== e(  34) =    17.97836 eV ==== 
     psi = 0.056*[#   6]+0.056*[#   9]+0.056*[#  16]+0.056*[#  19]+0.056*[#  26]
          +0.056*[#  29]+0.056*[#  36]+0.056*[#  39]+0.042*[#   7]+0.042*[#   8]
          +0.042*[#  10]+0.042*[#  17]+0.042*[#  18]+0.042*[#  20]+0.042*[#  27]
          +0.042*[#  28]+0.042*[#  30]+0.042*[#  37]+0.042*[#  38]+0.042*[#  40]
          +0.010*[#   2]+0.010*[#  12]+0.010*[#  22]+0.010*[#  32]
    |psi|^2 = 0.993
==== e(  35) =    18.03501 eV ==== 
     psi = 0.071*[#  39]+0.065*[#  17]+0.065*[#  20]+0.065*[#  28]+0.065*[#  30]
          +0.065*[#  37]+0.065*[#  38]+0.065*[#  18]+0.065*[#  27]+0.065*[#  40]
          +0.057*[#  16]+0.057*[#  26]+0.048*[#   6]+0.048*[#   9]+0.027*[#  19]
          +0.027*[#  29]+0.020*[#   7]+0.020*[#   8]+0.020*[#  10]+0.012*[#  36]
          
    |psi|^2 = 0.996
==== e(  36) =    18.03501 eV ==== 
     psi = 0.087*[#   7]+0.087*[#   8]+0.087*[#  10]+0.074*[#  36]+0.060*[#  19]
          +0.060*[#  29]+0.043*[#  17]+0.043*[#  20]+0.043*[#  28]+0.043*[#  30]
          +0.043*[#  37]+0.043*[#  38]+0.042*[#  18]+0.042*[#  27]+0.042*[#  40]
          +0.038*[#   6]+0.038*[#   9]+0.031*[#  16]+0.031*[#  26]+0.016*[#  39]
          
    |psi|^2 = 0.996
==== e(  37) =    18.03583 eV ==== 
     psi = 0.060*[#  18]+0.060*[#  27]+0.060*[#  40]+0.060*[#   7]+0.060*[#   8]
          +0.060*[#  10]+0.059*[#  17]+0.059*[#  20]+0.059*[#  28]+0.059*[#  30]
          +0.059*[#  37]+0.059*[#  38]+0.037*[#   6]+0.037*[#   9]+0.036*[#  36]
          +0.036*[#  19]+0.036*[#  29]+0.036*[#  16]+0.036*[#  26]+0.035*[#  39]
          
    |psi|^2 = 1.000
==== e(  38) =    19.50901 eV ==== 
     psi = 0.095*[#  12]+0.095*[#  22]+0.095*[#  32]+0.049*[#  17]+0.049*[#  20]
          +0.049*[#  28]+0.049*[#  30]+0.049*[#  37]+0.049*[#  38]+0.040*[#  39]
          +0.033*[#  16]+0.033*[#  26]+0.018*[#  19]+0.018*[#  29]+0.014*[#   6]
          +0.014*[#   9]+0.010*[#  18]+0.010*[#  27]+0.010*[#  36]+0.010*[#  40]
          
    |psi|^2 = 0.797
==== e(  39) =    19.50901 eV ==== 
     psi = 0.143*[#   2]+0.054*[#   7]+0.054*[#   8]+0.054*[#  10]+0.048*[#  12]
          +0.048*[#  22]+0.048*[#  32]+0.044*[#  18]+0.044*[#  27]+0.044*[#  40]
          +0.035*[#  36]+0.031*[#   6]+0.031*[#   9]+0.027*[#  19]+0.027*[#  29]
          +0.012*[#  16]+0.012*[#  26]+0.005*[#  17]+0.005*[#  20]+0.005*[#  28]
          +0.005*[#  30]+0.005*[#  37]+0.005*[#  38]+0.005*[#  39]+0.001*[#   1]
          
    |psi|^2 = 0.797
==== e(  40) =    20.91595 eV ==== 
     psi = 0.014*[#   6]+0.014*[#   9]+0.014*[#  16]+0.014*[#  19]+0.014*[#  26]
          +0.014*[#  29]+0.014*[#  36]+0.014*[#  39]+0.011*[#   7]+0.011*[#   8]
          +0.011*[#  10]+0.011*[#  17]+0.011*[#  18]+0.011*[#  20]+0.011*[#  27]
          +0.011*[#  28]+0.011*[#  30]+0.011*[#  37]+0.011*[#  38]+0.011*[#  40]
          
    |psi|^2 = 0.236
==== e(  41) =    24.18010 eV ==== 
     psi = 0.195*[#   2]+0.195*[#  12]+0.195*[#  22]+0.195*[#  32]+0.014*[#   7]
          +0.014*[#   8]+0.014*[#  10]+0.014*[#  17]+0.014*[#  18]+0.014*[#  20]
          +0.014*[#  27]+0.014*[#  28]+0.014*[#  30]+0.014*[#  37]+0.014*[#  38]
          +0.014*[#  40]+0.002*[#   1]+0.002*[#  11]+0.002*[#  21]+0.002*[#  31]
          
    |psi|^2 = 0.961
==== e(  42) =    25.86775 eV ==== 
     psi = 0.129*[#   2]+0.043*[#  12]+0.043*[#  22]+0.043*[#  32]+0.014*[#  18]
          +0.014*[#  27]+0.014*[#  40]+0.005*[#  17]+0.005*[#  20]+0.005*[#  28]
          +0.005*[#  30]+0.005*[#  37]+0.005*[#  38]+0.004*[#   7]+0.004*[#   8]
          +0.004*[#  10]
    |psi|^2 = 0.348
==== e(  43) =    25.86776 eV ==== 
     psi = 0.086*[#  12]+0.086*[#  22]+0.086*[#  32]+0.010*[#   7]+0.010*[#   8]
          +0.010*[#  10]+0.009*[#  17]+0.009*[#  20]+0.009*[#  28]+0.009*[#  30]
          +0.009*[#  37]+0.009*[#  38]
    |psi|^2 = 0.348

 k =   0.2500000000  0.3750000000 -0.5000000000
==== e(   1) =   -84.89898 eV ==== 
     psi = 0.333*[#  11]+0.333*[#  21]+0.333*[#  31]
    |psi|^2 = 1.000
==== e(   2) =   -84.89897 eV ==== 
     psi = 0.498*[#   1]+0.167*[#  11]+0.167*[#  21]+0.167*[#  31]
    |psi|^2 = 1.000
==== e(   3) =   -84.89282 eV ==== 
     psi = 0.331*[#  11]+0.331*[#  21]+0.331*[#  31]+0.002*[#  12]+0.002*[#  22]
          +0.002*[#  32]
    |psi|^2 = 1.000
==== e(   4) =   -84.89282 eV ==== 
     psi = 0.497*[#   1]+0.165*[#  11]+0.165*[#  21]+0.165*[#  31]+0.002*[#   2]
          
    |psi|^2 = 1.000
==== e(   5) =   -45.39608 eV ==== 
     psi = 0.167*[#  14]+0.167*[#  25]+0.167*[#  33]+0.057*[#  13]+0.057*[#  15]
          +0.057*[#  23]+0.057*[#  24]+0.057*[#  34]+0.057*[#  35]+0.053*[#   3]
          +0.053*[#   4]+0.053*[#   5]
    |psi|^2 = 1.000
==== e(   6) =   -45.39608 eV ==== 
     psi = 0.114*[#   3]+0.114*[#   4]+0.114*[#   5]+0.110*[#  13]+0.110*[#  15]
          +0.110*[#  23]+0.110*[#  24]+0.110*[#  34]+0.110*[#  35]
    |psi|^2 = 1.000
==== e(   7) =   -45.38016 eV ==== 
     psi = 0.166*[#  14]+0.166*[#  25]+0.166*[#  33]+0.070*[#   3]+0.070*[#   4]
          +0.070*[#   5]+0.048*[#  13]+0.048*[#  15]+0.048*[#  23]+0.048*[#  24]
          +0.048*[#  34]+0.048*[#  35]+0.001*[#  12]+0.001*[#  22]+0.001*[#  32]
          
    |psi|^2 = 1.000
==== e(   8) =   -45.38015 eV ==== 
     psi = 0.118*[#  13]+0.118*[#  15]+0.118*[#  23]+0.118*[#  24]+0.118*[#  34]
          +0.118*[#  35]+0.096*[#   3]+0.096*[#   4]+0.096*[#   5]+0.002*[#   2]
          
    |psi|^2 = 1.000
==== e(   9) =   -45.26487 eV ==== 
     psi = 0.167*[#  14]+0.167*[#  25]+0.167*[#  33]+0.080*[#  13]+0.080*[#  15]
          +0.080*[#  23]+0.080*[#  24]+0.080*[#  34]+0.080*[#  35]+0.007*[#   3]
          +0.007*[#   4]+0.007*[#   5]
    |psi|^2 = 1.000
==== e(  10) =   -45.26486 eV ==== 
     psi = 0.159*[#   3]+0.159*[#   4]+0.159*[#   5]+0.087*[#  13]+0.087*[#  15]
          +0.087*[#  23]+0.087*[#  24]+0.087*[#  34]+0.087*[#  35]
    |psi|^2 = 1.000
==== e(  11) =   -45.23975 eV ==== 
     psi = 0.167*[#  14]+0.167*[#  25]+0.167*[#  33]+0.065*[#  13]+0.065*[#  15]
          +0.065*[#  23]+0.065*[#  24]+0.065*[#  34]+0.065*[#  35]+0.036*[#   3]
          +0.036*[#   4]+0.036*[#   5]
    |psi|^2 = 1.000
==== e(  12) =   -45.23974 eV ==== 
     psi = 0.130*[#   3]+0.130*[#   4]+0.130*[#   5]+0.101*[#  13]+0.101*[#  15]
          +0.101*[#  23]+0.101*[#  24]+0.101*[#  34]+0.101*[#  35]
    |psi|^2 = 1.000
==== e(  13) =   -45.23518 eV ==== 
     psi = 0.167*[#  14]+0.167*[#  25]+0.167*[#  33]+0.106*[#   3]+0.106*[#   4]
          +0.106*[#   5]+0.030*[#  13]+0.030*[#  15]+0.030*[#  23]+0.030*[#  24]
          +0.030*[#  34]+0.030*[#  35]
    |psi|^2 = 1.000
==== e(  14) =   -45.23517 eV ==== 
     psi = 0.137*[#  13]+0.137*[#  15]+0.137*[#  23]+0.137*[#  24]+0.137*[#  34]
          +0.137*[#  35]+0.060*[#   3]+0.060*[#   4]+0.060*[#   5]
    |psi|^2 = 1.000
==== e(  15) =   -45.22493 eV ==== 
     psi = 0.166*[#  14]+0.166*[#  25]+0.166*[#  33]+0.061*[#   3]+0.061*[#   4]
          +0.061*[#   5]+0.053*[#  13]+0.053*[#  15]+0.053*[#  23]+0.053*[#  24]
          +0.053*[#  34]+0.053*[#  35]
    |psi|^2 = 1.000
==== e(  16) =   -45.22492 eV ==== 
     psi = 0.114*[#  13]+0.114*[#  15]+0.114*[#  23]+0.114*[#  24]+0.114*[#  34]
          +0.114*[#  35]+0.106*[#   3]+0.106*[#   4]+0.106*[#   5]
    |psi|^2 = 1.000
==== e(  17) =    13.21667 eV ==== 
     psi = 0.183*[#  12]+0.183*[#  22]+0.183*[#  32]+0.049*[#   7]+0.049*[#   8]
          +0.049*[#  10]+0.044*[#  17]+0.044*[#  20]+0.044*[#  28]+0.044*[#  30]
          +0.044*[#  37]+0.044*[#  38]+0.005*[#  39]+0.005*[#  16]+0.005*[#  26]
          +0.003*[#  19]+0.003*[#  29]+0.002*[#  36]
    |psi|^2 = 0.985
==== e(  18) =    13.21667 eV ==== 
     psi = 0.274*[#   2]+0.091*[#  12]+0.091*[#  22]+0.091*[#  32]+0.068*[#  18]
          +0.068*[#  27]+0.068*[#  40]+0.024*[#  17]+0.024*[#  20]+0.024*[#  28]
          +0.024*[#  30]+0.024*[#  37]+0.024*[#  38]+0.020*[#   7]+0.020*[#   8]
          +0.020*[#  10]+0.006*[#   6]+0.006*[#   9]+0.003*[#  36]+0.003*[#  19]
          +0.003*[#  29]+0.001*[#  16]+0.001*[#  26]
    |psi|^2 = 0.985
==== e(  19) =    14.04005 eV ==== 
     psi = 0.098*[#   7]+0.098*[#   8]+0.098*[#  10]+0.079*[#  17]+0.079*[#  20]
          +0.079*[#  28]+0.079*[#  30]+0.079*[#  37]+0.079*[#  38]+0.072*[#  12]
          +0.072*[#  22]+0.072*[#  32]+0.002*[#  36]+0.001*[#  19]+0.001*[#  29]
          +0.001*[#  16]+0.001*[#  26]
    |psi|^2 = 0.989
==== e(  20) =    14.04005 eV ==== 
     psi = 0.128*[#  18]+0.128*[#  27]+0.128*[#  40]+0.108*[#   2]+0.049*[#  17]
          +0.049*[#  20]+0.049*[#  28]+0.049*[#  30]+0.049*[#  37]+0.049*[#  38]
          +0.036*[#  12]+0.036*[#  22]+0.036*[#  32]+0.030*[#   7]+0.030*[#   8]
          +0.030*[#  10]+0.002*[#   6]+0.002*[#   9]+0.001*[#  39]
    |psi|^2 = 0.989
==== e(  21) =    15.55299 eV ==== 
     psi = 0.208*[#  36]+0.175*[#  19]+0.175*[#  29]+0.107*[#  16]+0.107*[#  26]
          +0.074*[#  39]+0.007*[#   7]+0.007*[#   8]+0.007*[#  10]+0.004*[#  17]
          +0.004*[#  20]+0.004*[#  28]+0.004*[#  30]+0.004*[#  37]+0.004*[#  38]
          +0.003*[#  12]+0.003*[#  22]+0.003*[#  32]
    |psi|^2 = 0.903
==== e(  22) =    15.55300 eV ==== 
     psi = 0.212*[#   6]+0.212*[#   9]+0.138*[#  39]+0.104*[#  16]+0.104*[#  26]
          +0.037*[#  19]+0.037*[#  29]+0.008*[#  18]+0.008*[#  27]+0.008*[#  40]
          +0.005*[#   2]+0.004*[#  17]+0.004*[#  20]+0.004*[#  28]+0.004*[#  30]
          +0.004*[#  37]+0.004*[#  38]+0.003*[#  36]+0.002*[#  12]+0.002*[#  22]
          +0.002*[#  32]
    |psi|^2 = 0.903
==== e(  23) =    15.81723 eV ==== 
     psi = 0.078*[#  39]+0.068*[#  16]+0.068*[#  26]+0.055*[#  17]+0.055*[#  20]
          +0.055*[#  28]+0.055*[#  30]+0.055*[#  37]+0.055*[#  38]+0.047*[#  19]
          +0.047*[#  29]+0.043*[#  12]+0.043*[#  22]+0.043*[#  32]+0.037*[#  36]
          +0.031*[#   7]+0.031*[#   8]+0.031*[#  10]
    |psi|^2 = 0.897
==== e(  24) =    15.81724 eV ==== 
     psi = 0.086*[#   6]+0.086*[#   9]+0.070*[#  18]+0.070*[#  27]+0.070*[#  40]
          +0.065*[#   2]+0.049*[#  36]+0.039*[#  19]+0.039*[#  29]+0.039*[#   7]
          +0.039*[#   8]+0.039*[#  10]+0.022*[#  12]+0.022*[#  22]+0.022*[#  32]
          +0.018*[#  16]+0.018*[#  26]+0.016*[#  17]+0.016*[#  20]+0.016*[#  28]
          +0.016*[#  30]+0.016*[#  37]+0.016*[#  38]+0.008*[#  39]
    |psi|^2 = 0.897
==== e(  25) =    16.11190 eV ==== 
     psi = 0.084*[#  17]+0.084*[#  20]+0.084*[#  28]+0.084*[#  30]+0.084*[#  37]
          +0.084*[#  38]+0.071*[#  39]+0.063*[#  16]+0.063*[#  26]+0.048*[#  19]
          +0.048*[#  29]+0.041*[#  36]+0.036*[#   7]+0.036*[#   8]+0.036*[#  10]
          +0.012*[#  12]+0.012*[#  22]+0.012*[#  32]
    |psi|^2 = 0.983
==== e(  26) =    16.11190 eV ==== 
     psi = 0.102*[#  18]+0.102*[#  27]+0.102*[#  40]+0.083*[#   6]+0.083*[#   9]
          +0.066*[#   7]+0.066*[#   8]+0.066*[#  10]+0.043*[#  36]+0.035*[#  19]
          +0.035*[#  29]+0.020*[#  16]+0.020*[#  26]+0.018*[#   2]+0.018*[#  17]
          +0.018*[#  20]+0.018*[#  28]+0.018*[#  30]+0.018*[#  37]+0.018*[#  38]
          +0.013*[#  39]+0.006*[#  12]+0.006*[#  22]+0.006*[#  32]
    |psi|^2 = 0.983
==== e(  27) =    16.17580 eV ==== 
     psi = 0.126*[#   7]+0.126*[#   8]+0.126*[#  10]+0.075*[#  17]+0.075*[#  20]
          +0.075*[#  28]+0.075*[#  30]+0.075*[#  37]+0.075*[#  38]+0.008*[#  12]
          +0.008*[#  22]+0.008*[#  32]+0.001*[#  39]
    |psi|^2 = 0.854
==== e(  28) =    16.17580 eV ==== 
     psi = 0.138*[#  18]+0.138*[#  27]+0.138*[#  40]+0.063*[#  17]+0.063*[#  20]
          +0.063*[#  28]+0.063*[#  30]+0.063*[#  37]+0.063*[#  38]+0.011*[#   2]
          +0.011*[#   7]+0.011*[#   8]+0.011*[#  10]+0.004*[#  12]+0.004*[#  22]
          +0.004*[#  32]+0.001*[#   6]+0.001*[#   9]
    |psi|^2 = 0.854
==== e(  29) =    16.39832 eV ==== 
     psi = 0.128*[#  36]+0.114*[#  19]+0.114*[#  29]+0.086*[#  16]+0.086*[#  26]
          +0.072*[#  39]+0.054*[#   7]+0.054*[#   8]+0.054*[#  10]+0.038*[#  17]
          +0.038*[#  20]+0.038*[#  28]+0.038*[#  30]+0.038*[#  37]+0.038*[#  38]
          +0.001*[#  12]+0.001*[#  22]+0.001*[#  32]
    |psi|^2 = 0.996
==== e(  30) =    16.39832 eV ==== 
     psi = 0.150*[#   6]+0.150*[#   9]+0.078*[#  39]+0.065*[#  18]+0.065*[#  27]
          +0.065*[#  40]+0.064*[#  16]+0.064*[#  26]+0.036*[#  19]+0.036*[#  29]
          +0.027*[#  17]+0.027*[#  20]+0.027*[#  28]+0.027*[#  30]+0.027*[#  37]
          +0.027*[#  38]+0.022*[#  36]+0.012*[#   7]+0.012*[#   8]+0.012*[#  10]
          +0.002*[#   2]
    |psi|^2 = 0.996
==== e(  31) =    16.51118 eV ==== 
     psi = 0.172*[#  39]+0.144*[#  16]+0.144*[#  26]+0.089*[#  19]+0.089*[#  29]
          +0.061*[#  36]+0.042*[#  17]+0.042*[#  20]+0.042*[#  28]+0.042*[#  30]
          +0.042*[#  37]+0.042*[#  38]+0.014*[#   7]+0.014*[#   8]+0.014*[#  10]
          
    |psi|^2 = 0.995
==== e(  32) =    16.51118 eV ==== 
     psi = 0.174*[#   6]+0.174*[#   9]+0.113*[#  36]+0.086*[#  19]+0.086*[#  29]
          +0.049*[#  18]+0.049*[#  27]+0.049*[#  40]+0.035*[#   7]+0.035*[#   8]
          +0.035*[#  10]+0.030*[#  16]+0.030*[#  26]+0.007*[#  17]+0.007*[#  20]
          +0.007*[#  28]+0.007*[#  30]+0.007*[#  37]+0.007*[#  38]+0.003*[#  39]
          
    |psi|^2 = 0.995
==== e(  33) =    17.80813 eV ==== 
     psi = 0.082*[#   7]+0.082*[#   8]+0.082*[#  10]+0.068*[#  36]+0.065*[#  19]
          +0.065*[#  29]+0.062*[#  17]+0.062*[#  20]+0.062*[#  28]+0.062*[#  30]
          +0.062*[#  37]+0.062*[#  38]+0.058*[#  16]+0.058*[#  26]+0.055*[#  39]
          +0.004*[#  12]+0.004*[#  22]+0.004*[#  32]
    |psi|^2 = 0.994
==== e(  34) =    17.80813 eV ==== 
     psi = 0.102*[#  18]+0.102*[#  27]+0.102*[#  40]+0.092*[#   6]+0.092*[#   9]
          +0.041*[#  17]+0.041*[#  20]+0.041*[#  28]+0.041*[#  30]+0.041*[#  37]
          +0.041*[#  38]+0.038*[#  39]+0.034*[#  16]+0.034*[#  26]+0.027*[#  19]
          +0.027*[#  29]+0.024*[#  36]+0.021*[#   7]+0.021*[#   8]+0.021*[#  10]
          +0.006*[#   2]+0.002*[#  12]+0.002*[#  22]+0.002*[#  32]
    |psi|^2 = 0.994
==== e(  35) =    17.96999 eV ==== 
     psi = 0.100*[#  17]+0.100*[#  20]+0.100*[#  28]+0.100*[#  30]+0.100*[#  37]
          +0.100*[#  38]+0.072*[#  39]+0.060*[#  16]+0.060*[#  26]+0.037*[#  19]
          +0.037*[#  29]+0.036*[#   7]+0.036*[#   8]+0.036*[#  10]+0.026*[#  36]
          
    |psi|^2 = 0.998
==== e(  36) =    17.97000 eV ==== 
     psi = 0.118*[#  18]+0.118*[#  27]+0.118*[#  40]+0.082*[#   7]+0.082*[#   8]
          +0.082*[#  10]+0.073*[#   6]+0.073*[#   9]+0.047*[#  36]+0.036*[#  19]
          +0.036*[#  29]+0.018*[#  17]+0.018*[#  20]+0.018*[#  28]+0.018*[#  30]
          +0.018*[#  37]+0.018*[#  38]+0.013*[#  16]+0.013*[#  26]+0.001*[#  39]
          
    |psi|^2 = 0.998
==== e(  37) =    18.47795 eV ==== 
     psi = 0.075*[#   7]+0.075*[#   8]+0.075*[#  10]+0.056*[#  36]+0.055*[#  19]
          +0.055*[#  29]+0.053*[#  16]+0.053*[#  26]+0.052*[#  39]+0.050*[#  12]
          +0.050*[#  22]+0.050*[#  32]+0.043*[#  17]+0.043*[#  20]+0.043*[#  28]
          +0.043*[#  30]+0.043*[#  37]+0.043*[#  38]
    |psi|^2 = 0.955
==== e(  38) =    18.47795 eV ==== 
     psi = 0.081*[#   6]+0.081*[#   9]+0.080*[#  18]+0.080*[#  27]+0.080*[#  40]
          +0.075*[#   2]+0.038*[#  17]+0.038*[#  20]+0.038*[#  28]+0.038*[#  30]
          +0.038*[#  37]+0.038*[#  38]+0.029*[#  39]+0.028*[#  16]+0.028*[#  26]
          +0.026*[#  19]+0.026*[#  29]+0.025*[#  12]+0.025*[#  22]+0.025*[#  32]
          +0.025*[#  36]+0.005*[#   7]+0.005*[#   8]+0.005*[#  10]
    |psi|^2 = 0.955
==== e(  39) =    20.20675 eV ==== 
     psi = 0.056*[#  12]+0.056*[#  22]+0.056*[#  32]+0.035*[#   7]+0.035*[#   8]
          +0.035*[#  10]+0.035*[#  36]+0.029*[#  19]+0.029*[#  29]+0.018*[#  16]
          +0.018*[#  26]+0.018*[#  17]+0.018*[#  20]+0.018*[#  28]+0.018*[#  30]
          +0.018*[#  37]+0.018*[#  38]+0.013*[#  39]
    |psi|^2 = 0.525
==== e(  40) =    20.20675 eV ==== 
     psi = 0.084*[#   2]+0.036*[#   6]+0.036*[#   9]+0.035*[#  18]+0.035*[#  27]
          +0.035*[#  40]+0.028*[#  12]+0.028*[#  22]+0.028*[#  32]+0.023*[#  39]
          +0.018*[#  17]+0.018*[#  20]+0.018*[#  28]+0.018*[#  30]+0.018*[#  37]
          +0.018*[#  38]+0.017*[#  16]+0.017*[#  26]+0.007*[#  19]+0.007*[#  29]
          +0.001*[#  36]
    |psi|^2 = 0.525
==== e(  41) =    24.65868 eV ==== 
     psi = 0.273*[#   2]+0.091*[#  12]+0.091*[#  22]+0.091*[#  32]+0.024*[#  18]
          +0.024*[#  27]+0.024*[#  40]+0.008*[#  17]+0.008*[#  20]+0.008*[#  28]
          +0.008*[#  30]+0.008*[#  37]+0.008*[#  38]+0.008*[#   7]+0.008*[#   8]
          +0.008*[#  10]+0.002*[#   1]
    |psi|^2 = 0.695
==== e(  42) =    24.65868 eV ==== 
     psi = 0.182*[#  12]+0.182*[#  22]+0.182*[#  32]+0.016*[#   7]+0.016*[#   8]
          +0.016*[#  10]+0.016*[#  17]+0.016*[#  20]+0.016*[#  28]+0.016*[#  30]
          +0.016*[#  37]+0.016*[#  38]+0.002*[#  11]+0.002*[#  21]+0.002*[#  31]
          
    |psi|^2 = 0.695
==== e(  43) =    27.11071 eV ==== 
     psi = 0.036*[#   2]+0.025*[#  12]+0.025*[#  22]+0.025*[#  32]+0.007*[#  18]
          +0.007*[#  27]+0.007*[#  40]+0.005*[#   7]+0.005*[#   8]+0.005*[#  10]
          +0.005*[#  17]+0.005*[#  20]+0.005*[#  28]+0.005*[#  30]+0.005*[#  37]
          +0.005*[#  38]
    |psi|^2 = 0.174

 k =   0.2500000000 -0.5000000000 -0.5000000000
==== e(   1) =   -84.89590 eV ==== 
     psi = 0.332*[#  11]+0.332*[#  21]+0.332*[#  31]
    |psi|^2 = 1.000
==== e(   2) =   -84.89590 eV ==== 
     psi = 0.332*[#  11]+0.332*[#  21]+0.332*[#  31]
    |psi|^2 = 1.000
==== e(   3) =   -84.89590 eV ==== 
     psi = 0.332*[#  11]+0.332*[#  21]+0.332*[#  31]
    |psi|^2 = 1.000
==== e(   4) =   -84.89590 eV ==== 
     psi = 0.996*[#   1]+0.001*[#   2]
    |psi|^2 = 1.000
==== e(   5) =   -45.39365 eV ==== 
     psi = 0.332*[#  14]+0.332*[#  25]+0.332*[#  33]
    |psi|^2 = 1.000
==== e(   6) =   -45.39364 eV ==== 
     psi = 0.121*[#  13]+0.121*[#  15]+0.121*[#  23]+0.121*[#  24]+0.121*[#  34]
          +0.121*[#  35]+0.091*[#   3]+0.091*[#   4]+0.091*[#   5]+0.002*[#   2]
          
    |psi|^2 = 1.000
==== e(   7) =   -45.39364 eV ==== 
     psi = 0.120*[#   3]+0.120*[#   4]+0.120*[#   5]+0.106*[#  13]+0.106*[#  15]
          +0.106*[#  23]+0.106*[#  24]+0.106*[#  34]+0.106*[#  35]
    |psi|^2 = 1.000
==== e(   8) =   -45.39364 eV ==== 
     psi = 0.120*[#   3]+0.120*[#   4]+0.120*[#   5]+0.106*[#  13]+0.106*[#  15]
          +0.106*[#  23]+0.106*[#  24]+0.106*[#  34]+0.106*[#  35]
    |psi|^2 = 1.000
==== e(   9) =   -45.25066 eV ==== 
     psi = 0.333*[#  14]+0.333*[#  25]+0.333*[#  33]
    |psi|^2 = 1.000
==== e(  10) =   -45.25065 eV ==== 
     psi = 0.144*[#  13]+0.144*[#  15]+0.144*[#  23]+0.144*[#  24]+0.144*[#  34]
          +0.144*[#  35]+0.046*[#   3]+0.046*[#   4]+0.046*[#   5]
    |psi|^2 = 1.000
==== e(  11) =   -45.25065 eV ==== 
     psi = 0.144*[#  13]+0.144*[#  15]+0.144*[#  23]+0.144*[#  24]+0.144*[#  34]
          +0.144*[#  35]+0.046*[#   3]+0.046*[#   4]+0.046*[#   5]
    |psi|^2 = 1.000
==== e(  12) =   -45.25065 eV ==== 
     psi = 0.242*[#   3]+0.242*[#   4]+0.242*[#   5]+0.046*[#  13]+0.046*[#  15]
          +0.046*[#  23]+0.046*[#  24]+0.046*[#  34]+0.046*[#  35]
    |psi|^2 = 1.000
==== e(  13) =   -45.22663 eV ==== 
     psi = 0.333*[#  14]+0.333*[#  25]+0.333*[#  33]
    |psi|^2 = 1.000
==== e(  14) =   -45.22662 eV ==== 
     psi = 0.167*[#  13]+0.167*[#  15]+0.167*[#  23]+0.167*[#  24]+0.167*[#  34]
          +0.167*[#  35]
    |psi|^2 = 1.000
==== e(  15) =   -45.22662 eV ==== 
     psi = 0.167*[#   3]+0.167*[#   4]+0.167*[#   5]+0.083*[#  13]+0.083*[#  15]
          +0.083*[#  23]+0.083*[#  24]+0.083*[#  34]+0.083*[#  35]
    |psi|^2 = 1.000
==== e(  16) =   -45.22662 eV ==== 
     psi = 0.167*[#   3]+0.167*[#   4]+0.167*[#   5]+0.083*[#  13]+0.083*[#  15]
          +0.083*[#  23]+0.083*[#  24]+0.083*[#  34]+0.083*[#  35]
    |psi|^2 = 1.000
==== e(  17) =    13.64047 eV ==== 
     psi = 0.118*[#  12]+0.118*[#  22]+0.118*[#  32]+0.093*[#   7]+0.093*[#   8]
          +0.093*[#  10]+0.057*[#  17]+0.057*[#  20]+0.057*[#  28]+0.057*[#  30]
          +0.057*[#  37]+0.057*[#  38]+0.003*[#  36]+0.002*[#  19]+0.002*[#  29]
          
    |psi|^2 = 0.986
==== e(  18) =    13.64047 eV ==== 
     psi = 0.118*[#  12]+0.118*[#  22]+0.118*[#  32]+0.075*[#  17]+0.075*[#  20]
          +0.075*[#  28]+0.075*[#  30]+0.075*[#  37]+0.075*[#  38]+0.057*[#   7]
          +0.057*[#   8]+0.057*[#  10]+0.002*[#  39]+0.002*[#  16]+0.002*[#  26]
          +0.001*[#  19]+0.001*[#  29]
    |psi|^2 = 0.986
==== e(  19) =    13.64047 eV ==== 
     psi = 0.118*[#  12]+0.118*[#  22]+0.118*[#  32]+0.075*[#  17]+0.075*[#  20]
          +0.075*[#  28]+0.075*[#  30]+0.075*[#  37]+0.075*[#  38]+0.057*[#   7]
          +0.057*[#   8]+0.057*[#  10]+0.002*[#  39]+0.002*[#  16]+0.002*[#  26]
          +0.001*[#  19]+0.001*[#  29]
    |psi|^2 = 0.986
==== e(  20) =    13.64048 eV ==== 
     psi = 0.355*[#   2]+0.207*[#  18]+0.207*[#  27]+0.207*[#  40]+0.005*[#   6]
          +0.005*[#   9]
    |psi|^2 = 0.986
==== e(  21) =    15.85242 eV ==== 
     psi = 0.247*[#  36]+0.185*[#  19]+0.185*[#  29]+0.062*[#  16]+0.062*[#  26]
          +0.044*[#   7]+0.044*[#   8]+0.044*[#  10]+0.014*[#  12]+0.014*[#  22]
          +0.014*[#  32]
    |psi|^2 = 0.920
==== e(  22) =    15.85243 eV ==== 
     psi = 0.185*[#  39]+0.154*[#  16]+0.154*[#  26]+0.093*[#  19]+0.093*[#  29]
          +0.062*[#  36]+0.022*[#  17]+0.022*[#  20]+0.022*[#  28]+0.022*[#  30]
          +0.022*[#  37]+0.022*[#  38]+0.014*[#  12]+0.014*[#  22]+0.014*[#  32]
          
    |psi|^2 = 0.920
==== e(  23) =    15.85243 eV ==== 
     psi = 0.185*[#  39]+0.154*[#  16]+0.154*[#  26]+0.093*[#  19]+0.093*[#  29]
          +0.062*[#  36]+0.022*[#  17]+0.022*[#  20]+0.022*[#  28]+0.022*[#  30]
          +0.022*[#  37]+0.022*[#  38]+0.014*[#  12]+0.014*[#  22]+0.014*[#  32]
          
    |psi|^2 = 0.920
==== e(  24) =    15.85245 eV ==== 
     psi = 0.371*[#   6]+0.371*[#   9]+0.045*[#  18]+0.045*[#  27]+0.045*[#  40]
          +0.041*[#   2]
    |psi|^2 = 0.920
==== e(  25) =    16.19661 eV ==== 
     psi = 0.096*[#  17]+0.096*[#  20]+0.096*[#  28]+0.096*[#  30]+0.096*[#  37]
          +0.096*[#  38]+0.063*[#   7]+0.063*[#   8]+0.063*[#  10]+0.032*[#  12]
          +0.032*[#  22]+0.032*[#  32]+0.002*[#  36]+0.001*[#  19]+0.001*[#  29]
          
    |psi|^2 = 0.866
==== e(  26) =    16.19662 eV ==== 
     psi = 0.096*[#   7]+0.096*[#   8]+0.096*[#  10]+0.080*[#  17]+0.080*[#  20]
          +0.080*[#  28]+0.080*[#  30]+0.080*[#  37]+0.080*[#  38]+0.032*[#  12]
          +0.032*[#  22]+0.032*[#  32]+0.001*[#  39]+0.001*[#  16]+0.001*[#  26]
          
    |psi|^2 = 0.866
==== e(  27) =    16.19662 eV ==== 
     psi = 0.096*[#   7]+0.096*[#   8]+0.096*[#  10]+0.080*[#  17]+0.080*[#  20]
          +0.080*[#  28]+0.080*[#  30]+0.080*[#  37]+0.080*[#  38]+0.032*[#  12]
          +0.032*[#  22]+0.032*[#  32]+0.001*[#  39]+0.001*[#  16]+0.001*[#  26]
          
    |psi|^2 = 0.866
==== e(  28) =    16.19662 eV ==== 
     psi = 0.255*[#  18]+0.255*[#  27]+0.255*[#  40]+0.095*[#   2]+0.002*[#   6]
          +0.002*[#   9]
    |psi|^2 = 0.866
==== e(  29) =    16.36734 eV ==== 
     psi = 0.170*[#  36]+0.142*[#  19]+0.142*[#  29]+0.085*[#  16]+0.085*[#  26]
          +0.057*[#  39]+0.053*[#   7]+0.053*[#   8]+0.053*[#  10]+0.026*[#  17]
          +0.026*[#  20]+0.026*[#  28]+0.026*[#  30]+0.026*[#  37]+0.026*[#  38]
          
    |psi|^2 = 0.997
==== e(  30) =    16.36734 eV ==== 
     psi = 0.170*[#  36]+0.142*[#  19]+0.142*[#  29]+0.085*[#  16]+0.085*[#  26]
          +0.057*[#  39]+0.053*[#   7]+0.053*[#   8]+0.053*[#  10]+0.026*[#  17]
          +0.026*[#  20]+0.026*[#  28]+0.026*[#  30]+0.026*[#  37]+0.026*[#  38]
          
    |psi|^2 = 0.997
==== e(  31) =    16.36735 eV ==== 
     psi = 0.227*[#  39]+0.170*[#  16]+0.170*[#  26]+0.057*[#  19]+0.057*[#  29]
          +0.053*[#  17]+0.053*[#  20]+0.053*[#  28]+0.053*[#  30]+0.053*[#  37]
          +0.053*[#  38]
    |psi|^2 = 0.997
==== e(  32) =    16.36736 eV ==== 
     psi = 0.341*[#   6]+0.341*[#   9]+0.105*[#  18]+0.105*[#  27]+0.105*[#  40]
          
    |psi|^2 = 0.997
==== e(  33) =    17.81769 eV ==== 
     psi = 0.114*[#  17]+0.114*[#  20]+0.114*[#  28]+0.114*[#  30]+0.114*[#  37]
          +0.114*[#  38]+0.105*[#  39]+0.079*[#  16]+0.079*[#  26]+0.026*[#  19]
          +0.026*[#  29]
    |psi|^2 = 0.999
==== e(  34) =    17.81769 eV ==== 
     psi = 0.114*[#   7]+0.114*[#   8]+0.114*[#  10]+0.079*[#  36]+0.066*[#  19]
          +0.066*[#  29]+0.057*[#  17]+0.057*[#  20]+0.057*[#  28]+0.057*[#  30]
          +0.057*[#  37]+0.057*[#  38]+0.039*[#  16]+0.039*[#  26]+0.026*[#  39]
          
    |psi|^2 = 0.999
==== e(  35) =    17.81769 eV ==== 
     psi = 0.114*[#   7]+0.114*[#   8]+0.114*[#  10]+0.079*[#  36]+0.066*[#  19]
          +0.066*[#  29]+0.057*[#  17]+0.057*[#  20]+0.057*[#  28]+0.057*[#  30]
          +0.057*[#  37]+0.057*[#  38]+0.039*[#  16]+0.039*[#  26]+0.026*[#  39]
          
    |psi|^2 = 0.999
==== e(  36) =    17.81770 eV ==== 
     psi = 0.228*[#  18]+0.228*[#  27]+0.228*[#  40]+0.158*[#   6]+0.158*[#   9]
          
    |psi|^2 = 0.999
==== e(  37) =    19.14080 eV ==== 
     psi = 0.074*[#  12]+0.074*[#  22]+0.074*[#  32]+0.062*[#  17]+0.062*[#  20]
          +0.062*[#  28]+0.062*[#  30]+0.062*[#  37]+0.062*[#  38]+0.060*[#  39]
          +0.050*[#  16]+0.050*[#  26]+0.030*[#  19]+0.030*[#  29]+0.020*[#  36]
          +0.001*[#   7]+0.001*[#   8]+0.001*[#  10]
    |psi|^2 = 0.839
==== e(  38) =    19.14080 eV ==== 
     psi = 0.074*[#  12]+0.074*[#  22]+0.074*[#  32]+0.062*[#  17]+0.062*[#  20]
          +0.062*[#  28]+0.062*[#  30]+0.062*[#  37]+0.062*[#  38]+0.060*[#  39]
          +0.050*[#  16]+0.050*[#  26]+0.030*[#  19]+0.030*[#  29]+0.020*[#  36]
          +0.001*[#   7]+0.001*[#   8]+0.001*[#  10]
    |psi|^2 = 0.839
==== e(  39) =    19.14080 eV ==== 
     psi = 0.123*[#   7]+0.123*[#   8]+0.123*[#  10]+0.080*[#  36]+0.074*[#  12]
          +0.074*[#  22]+0.074*[#  32]+0.060*[#  19]+0.060*[#  29]+0.020*[#  16]
          +0.020*[#  26]+0.001*[#  17]+0.001*[#  20]+0.001*[#  28]+0.001*[#  30]
          +0.001*[#  37]+0.001*[#  38]
    |psi|^2 = 0.839
==== e(  40) =    19.14081 eV ==== 
     psi = 0.223*[#   2]+0.125*[#  18]+0.125*[#  27]+0.125*[#  40]+0.120*[#   6]
          +0.120*[#   9]+0.001*[#   1]
    |psi|^2 = 0.839
==== e(  41) =    25.68247 eV ==== 
     psi = 0.119*[#   2]+0.050*[#  12]+0.050*[#  22]+0.050*[#  32]+0.015*[#  18]
          +0.015*[#  27]+0.015*[#  40]+0.007*[#  17]+0.007*[#  20]+0.007*[#  28]
          +0.007*[#  30]+0.007*[#  37]+0.007*[#  38]+0.005*[#   7]+0.005*[#   8]
          +0.005*[#  10]
    |psi|^2 = 0.371
==== e(  42) =    25.68247 eV ==== 
     psi = 0.136*[#   2]+0.044*[#  12]+0.044*[#  22]+0.044*[#  32]+0.017*[#  18]
          +0.017*[#  27]+0.017*[#  40]+0.006*[#  17]+0.006*[#  20]+0.006*[#  28]
          +0.006*[#  30]+0.006*[#  37]+0.006*[#  38]+0.005*[#   7]+0.005*[#   8]
          +0.005*[#  10]
    |psi|^2 = 0.371
==== e(  43) =    25.68247 eV ==== 
     psi = 0.090*[#  12]+0.090*[#  22]+0.090*[#  32]+0.012*[#   7]+0.012*[#   8]
          +0.012*[#  10]+0.011*[#  17]+0.011*[#  20]+0.011*[#  28]+0.011*[#  30]
          +0.011*[#  37]+0.011*[#  38]
    |psi|^2 = 0.371

 k =   0.3750000000  0.3750000000  0.3750000000
==== e(   1) =   -84.90087 eV ==== 
     psi = 0.249*[#  11]+0.249*[#  21]+0.249*[#  31]+0.249*[#   1]
    |psi|^2 = 1.000
==== e(   2) =   -84.89422 eV ==== 
     psi = 0.331*[#  11]+0.331*[#  21]+0.331*[#  31]+0.001*[#  12]+0.001*[#  22]
          +0.001*[#  32]
    |psi|^2 = 1.000
==== e(   3) =   -84.89422 eV ==== 
     psi = 0.331*[#  11]+0.331*[#  21]+0.331*[#  31]+0.001*[#  12]+0.001*[#  22]
          +0.001*[#  32]
    |psi|^2 = 1.000
==== e(   4) =   -84.89422 eV ==== 
     psi = 0.746*[#   1]+0.083*[#  11]+0.083*[#  21]+0.083*[#  31]+0.003*[#   2]
          
    |psi|^2 = 1.000
==== e(   5) =   -45.40402 eV ==== 
     psi = 0.249*[#  14]+0.249*[#  25]+0.249*[#  33]+0.032*[#  13]+0.032*[#  15]
          +0.032*[#  23]+0.032*[#  24]+0.032*[#  34]+0.032*[#  35]+0.020*[#   3]
          +0.020*[#   4]+0.020*[#   5]
    |psi|^2 = 1.000
==== e(   6) =   -45.40401 eV ==== 
     psi = 0.115*[#   3]+0.115*[#   4]+0.115*[#   5]+0.109*[#  13]+0.109*[#  15]
          +0.109*[#  23]+0.109*[#  24]+0.109*[#  34]+0.109*[#  35]
    |psi|^2 = 1.000
==== e(   7) =   -45.40401 eV ==== 
     psi = 0.115*[#   3]+0.115*[#   4]+0.115*[#   5]+0.109*[#  13]+0.109*[#  15]
          +0.109*[#  23]+0.109*[#  24]+0.109*[#  34]+0.109*[#  35]
    |psi|^2 = 1.000
==== e(   8) =   -45.38514 eV ==== 
     psi = 0.083*[#   3]+0.083*[#   4]+0.083*[#   5]+0.083*[#  13]+0.083*[#  15]
          +0.083*[#  23]+0.083*[#  24]+0.083*[#  34]+0.083*[#  35]+0.083*[#  14]
          +0.083*[#  25]+0.083*[#  33]+0.001*[#   2]+0.001*[#  12]+0.001*[#  22]
          +0.001*[#  32]
    |psi|^2 = 1.000
==== e(   9) =   -45.24624 eV ==== 
     psi = 0.125*[#  14]+0.125*[#  25]+0.125*[#  33]+0.099*[#  13]+0.099*[#  15]
          +0.099*[#  23]+0.099*[#  24]+0.099*[#  34]+0.099*[#  35]+0.010*[#   3]
          +0.010*[#   4]+0.010*[#   5]
    |psi|^2 = 1.000
==== e(  10) =   -45.24624 eV ==== 
     psi = 0.125*[#  14]+0.125*[#  25]+0.125*[#  33]+0.099*[#  13]+0.099*[#  15]
          +0.099*[#  23]+0.099*[#  24]+0.099*[#  34]+0.099*[#  35]+0.010*[#   3]
          +0.010*[#   4]+0.010*[#   5]
    |psi|^2 = 1.000
==== e(  11) =   -45.24623 eV ==== 
     psi = 0.230*[#   3]+0.230*[#   4]+0.230*[#   5]+0.051*[#  13]+0.051*[#  15]
          +0.051*[#  23]+0.051*[#  24]+0.051*[#  34]+0.051*[#  35]
    |psi|^2 = 1.000
==== e(  12) =   -45.23416 eV ==== 
     psi = 0.125*[#   3]+0.125*[#   4]+0.125*[#   5]+0.125*[#  14]+0.125*[#  25]
          +0.125*[#  33]+0.042*[#  13]+0.042*[#  15]+0.042*[#  23]+0.042*[#  24]
          +0.042*[#  34]+0.042*[#  35]
    |psi|^2 = 1.000
==== e(  13) =   -45.23416 eV ==== 
     psi = 0.125*[#   3]+0.125*[#   4]+0.125*[#   5]+0.125*[#  14]+0.125*[#  25]
          +0.125*[#  33]+0.042*[#  13]+0.042*[#  15]+0.042*[#  23]+0.042*[#  24]
          +0.042*[#  34]+0.042*[#  35]
    |psi|^2 = 1.000
==== e(  14) =   -45.23416 eV ==== 
     psi = 0.167*[#  13]+0.167*[#  15]+0.167*[#  23]+0.167*[#  24]+0.167*[#  34]
          +0.167*[#  35]
    |psi|^2 = 1.000
==== e(  15) =   -45.22180 eV ==== 
     psi = 0.083*[#   3]+0.083*[#   4]+0.083*[#   5]+0.083*[#  13]+0.083*[#  15]
          +0.083*[#  23]+0.083*[#  24]+0.083*[#  34]+0.083*[#  35]+0.083*[#  14]
          +0.083*[#  25]+0.083*[#  33]
    |psi|^2 = 1.000
==== e(  16) =   -45.22180 eV ==== 
     psi = 0.083*[#   3]+0.083*[#   4]+0.083*[#   5]+0.083*[#  13]+0.083*[#  15]
          +0.083*[#  23]+0.083*[#  24]+0.083*[#  34]+0.083*[#  35]+0.083*[#  14]
          +0.083*[#  25]+0.083*[#  33]
    |psi|^2 = 1.000
==== e(  17) =    12.91461 eV ==== 
     psi = 0.142*[#   2]+0.142*[#  12]+0.142*[#  22]+0.142*[#  32]+0.035*[#   7]
          +0.035*[#   8]+0.035*[#  10]+0.035*[#  17]+0.035*[#  18]+0.035*[#  20]
          +0.035*[#  27]+0.035*[#  28]+0.035*[#  30]+0.035*[#  37]+0.035*[#  38]
          +0.035*[#  40]
    |psi|^2 = 0.988
==== e(  18) =    13.78790 eV ==== 
     psi = 0.086*[#   7]+0.086*[#   8]+0.086*[#  10]+0.081*[#  17]+0.081*[#  20]
          +0.081*[#  28]+0.081*[#  30]+0.081*[#  37]+0.081*[#  38]+0.077*[#  12]
          +0.077*[#  22]+0.077*[#  32]+0.002*[#   6]+0.002*[#   9]+0.002*[#  39]
          +0.002*[#  16]+0.002*[#  26]
    |psi|^2 = 0.993
==== e(  19) =    13.78790 eV ==== 
     psi = 0.086*[#   7]+0.086*[#   8]+0.086*[#  10]+0.081*[#  17]+0.081*[#  20]
          +0.081*[#  28]+0.081*[#  30]+0.081*[#  37]+0.081*[#  38]+0.077*[#  12]
          +0.077*[#  22]+0.077*[#  32]+0.002*[#   6]+0.002*[#   9]+0.002*[#  39]
          +0.002*[#  16]+0.002*[#  26]
    |psi|^2 = 0.993
==== e(  20) =    13.78790 eV ==== 
     psi = 0.186*[#  18]+0.186*[#  27]+0.186*[#  40]+0.174*[#   2]+0.024*[#  17]
          +0.024*[#  20]+0.024*[#  28]+0.024*[#  30]+0.024*[#  37]+0.024*[#  38]
          +0.019*[#  12]+0.019*[#  22]+0.019*[#  32]+0.015*[#   7]+0.015*[#   8]
          +0.015*[#  10]+0.004*[#  36]+0.003*[#  19]+0.003*[#  29]+0.001*[#  16]
          +0.001*[#  26]
    |psi|^2 = 0.993
==== e(  21) =    15.74337 eV ==== 
     psi = 0.269*[#  36]+0.202*[#  19]+0.202*[#  29]+0.067*[#  16]+0.067*[#  26]
          +0.020*[#   7]+0.020*[#   8]+0.020*[#  10]+0.010*[#  18]+0.010*[#  27]
          +0.010*[#  40]+0.006*[#   2]
    |psi|^2 = 0.909
==== e(  22) =    15.74339 eV ==== 
     psi = 0.151*[#   6]+0.151*[#   9]+0.151*[#  39]+0.118*[#  16]+0.118*[#  26]
          +0.050*[#  19]+0.050*[#  29]+0.017*[#  36]+0.011*[#  17]+0.011*[#  20]
          +0.011*[#  28]+0.011*[#  30]+0.011*[#  37]+0.011*[#  38]+0.007*[#  18]
          +0.007*[#  27]+0.007*[#  40]+0.003*[#  12]+0.003*[#  22]+0.003*[#  32]
          +0.001*[#   7]+0.001*[#   8]+0.001*[#  10]
    |psi|^2 = 0.909
==== e(  23) =    15.74339 eV ==== 
     psi = 0.151*[#   6]+0.151*[#   9]+0.151*[#  39]+0.118*[#  16]+0.118*[#  26]
          +0.050*[#  19]+0.050*[#  29]+0.017*[#  36]+0.011*[#  17]+0.011*[#  20]
          +0.011*[#  28]+0.011*[#  30]+0.011*[#  37]+0.011*[#  38]+0.007*[#  18]
          +0.007*[#  27]+0.007*[#  40]+0.003*[#  12]+0.003*[#  22]+0.003*[#  32]
          +0.001*[#   7]+0.001*[#   8]+0.001*[#  10]
    |psi|^2 = 0.909
==== e(  24) =    16.22490 eV ==== 
     psi = 0.072*[#   6]+0.072*[#   9]+0.072*[#  16]+0.072*[#  19]+0.072*[#  26]
          +0.072*[#  29]+0.072*[#  36]+0.072*[#  39]+0.035*[#   7]+0.035*[#   8]
          +0.035*[#  10]+0.035*[#  17]+0.035*[#  18]+0.035*[#  20]+0.035*[#  27]
          +0.035*[#  28]+0.035*[#  30]+0.035*[#  37]+0.035*[#  38]+0.035*[#  40]
          
    |psi|^2 = 0.998
==== e(  25) =    16.22490 eV ==== 
     psi = 0.072*[#   6]+0.072*[#   9]+0.072*[#  16]+0.072*[#  19]+0.072*[#  26]
          +0.072*[#  29]+0.072*[#  36]+0.072*[#  39]+0.035*[#   7]+0.035*[#   8]
          +0.035*[#  10]+0.035*[#  17]+0.035*[#  18]+0.035*[#  20]+0.035*[#  27]
          +0.035*[#  28]+0.035*[#  30]+0.035*[#  37]+0.035*[#  38]+0.035*[#  40]
          
    |psi|^2 = 0.998
==== e(  26) =    16.26089 eV ==== 
     psi = 0.076*[#   2]+0.076*[#  12]+0.076*[#  22]+0.076*[#  32]+0.043*[#   7]
          +0.043*[#   8]+0.043*[#  10]+0.043*[#  17]+0.043*[#  18]+0.043*[#  20]
          +0.043*[#  27]+0.043*[#  28]+0.043*[#  30]+0.043*[#  37]+0.043*[#  38]
          +0.043*[#  40]
    |psi|^2 = 0.820
==== e(  27) =    16.37235 eV ==== 
     psi = 0.212*[#  39]+0.159*[#  16]+0.159*[#  26]+0.060*[#  17]+0.060*[#  20]
          +0.060*[#  28]+0.060*[#  30]+0.060*[#  37]+0.060*[#  38]+0.053*[#  19]
          +0.053*[#  29]
    |psi|^2 = 0.997
==== e(  28) =    16.37235 eV ==== 
     psi = 0.119*[#   6]+0.119*[#   9]+0.119*[#  36]+0.093*[#  19]+0.093*[#  29]
          +0.045*[#   7]+0.045*[#   8]+0.045*[#  10]+0.045*[#  18]+0.045*[#  27]
          +0.045*[#  40]+0.040*[#  16]+0.040*[#  26]+0.015*[#  17]+0.015*[#  20]
          +0.015*[#  28]+0.015*[#  30]+0.015*[#  37]+0.015*[#  38]+0.013*[#  39]
          
    |psi|^2 = 0.997
==== e(  29) =    16.37235 eV ==== 
     psi = 0.119*[#   6]+0.119*[#   9]+0.119*[#  36]+0.093*[#  19]+0.093*[#  29]
          +0.045*[#   7]+0.045*[#   8]+0.045*[#  10]+0.045*[#  18]+0.045*[#  27]
          +0.045*[#  40]+0.040*[#  16]+0.040*[#  26]+0.015*[#  17]+0.015*[#  20]
          +0.015*[#  28]+0.015*[#  30]+0.015*[#  37]+0.015*[#  38]+0.013*[#  39]
          
    |psi|^2 = 0.997
==== e(  30) =    16.39849 eV ==== 
     psi = 0.148*[#   7]+0.148*[#   8]+0.148*[#  10]+0.048*[#  17]+0.048*[#  20]
          +0.048*[#  28]+0.048*[#  30]+0.048*[#  37]+0.048*[#  38]+0.036*[#   2]
          +0.004*[#  12]+0.004*[#  22]+0.004*[#  32]+0.003*[#  18]+0.003*[#  27]
          +0.003*[#  40]
    |psi|^2 = 0.791
==== e(  31) =    16.39850 eV ==== 
     psi = 0.091*[#  18]+0.091*[#  27]+0.091*[#  40]+0.069*[#  17]+0.069*[#  20]
          +0.069*[#  28]+0.069*[#  30]+0.069*[#  37]+0.069*[#  38]+0.019*[#   7]
          +0.019*[#   8]+0.019*[#  10]+0.016*[#  12]+0.016*[#  22]+0.016*[#  32]
          
    |psi|^2 = 0.791
==== e(  32) =    16.39850 eV ==== 
     psi = 0.091*[#  18]+0.091*[#  27]+0.091*[#  40]+0.069*[#  17]+0.069*[#  20]
          +0.069*[#  28]+0.069*[#  30]+0.069*[#  37]+0.069*[#  38]+0.019*[#   7]
          +0.019*[#   8]+0.019*[#  10]+0.016*[#  12]+0.016*[#  22]+0.016*[#  32]
          
    |psi|^2 = 0.791
==== e(  33) =    17.86613 eV ==== 
     psi = 0.053*[#   6]+0.053*[#   9]+0.053*[#  16]+0.053*[#  19]+0.053*[#  26]
          +0.053*[#  29]+0.053*[#  36]+0.053*[#  39]+0.048*[#   7]+0.048*[#   8]
          +0.048*[#  10]+0.048*[#  17]+0.048*[#  18]+0.048*[#  20]+0.048*[#  27]
          +0.048*[#  28]+0.048*[#  30]+0.048*[#  37]+0.048*[#  38]+0.048*[#  40]
          
    |psi|^2 = 0.999
==== e(  34) =    17.86613 eV ==== 
     psi = 0.053*[#   6]+0.053*[#   9]+0.053*[#  16]+0.053*[#  19]+0.053*[#  26]
          +0.053*[#  29]+0.053*[#  36]+0.053*[#  39]+0.048*[#   7]+0.048*[#   8]
          +0.048*[#  10]+0.048*[#  17]+0.048*[#  18]+0.048*[#  20]+0.048*[#  27]
          +0.048*[#  28]+0.048*[#  30]+0.048*[#  37]+0.048*[#  38]+0.048*[#  40]
          
    |psi|^2 = 0.999
==== e(  35) =    18.11366 eV ==== 
     psi = 0.121*[#  39]+0.106*[#  17]+0.106*[#  20]+0.106*[#  28]+0.106*[#  30]
          +0.106*[#  37]+0.106*[#  38]+0.090*[#  16]+0.090*[#  26]+0.030*[#  19]
          +0.030*[#  29]
    |psi|^2 = 1.000
==== e(  36) =    18.11366 eV ==== 
     psi = 0.080*[#   7]+0.080*[#   8]+0.080*[#  10]+0.080*[#  18]+0.080*[#  27]
          +0.080*[#  40]+0.068*[#   6]+0.068*[#   9]+0.068*[#  36]+0.053*[#  19]
          +0.053*[#  29]+0.027*[#  17]+0.027*[#  20]+0.027*[#  28]+0.027*[#  30]
          +0.027*[#  37]+0.027*[#  38]+0.023*[#  16]+0.023*[#  26]+0.008*[#  39]
          
    |psi|^2 = 1.000
==== e(  37) =    18.11366 eV ==== 
     psi = 0.080*[#   7]+0.080*[#   8]+0.080*[#  10]+0.080*[#  18]+0.080*[#  27]
          +0.080*[#  40]+0.068*[#   6]+0.068*[#   9]+0.068*[#  36]+0.053*[#  19]
          +0.053*[#  29]+0.027*[#  17]+0.027*[#  20]+0.027*[#  28]+0.027*[#  30]
          +0.027*[#  37]+0.027*[#  38]+0.023*[#  16]+0.023*[#  26]+0.008*[#  39]
          
    |psi|^2 = 1.000
==== e(  38) =    19.48508 eV ==== 
     psi = 0.090*[#   2]+0.063*[#   7]+0.063*[#   8]+0.063*[#  10]+0.058*[#  36]
          +0.044*[#  19]+0.044*[#  29]+0.015*[#  16]+0.015*[#  26]+0.011*[#  18]
          +0.011*[#  27]+0.011*[#  40]+0.010*[#  12]+0.010*[#  22]+0.010*[#  32]
          +0.005*[#  17]+0.005*[#  20]+0.005*[#  28]+0.005*[#  30]+0.005*[#  37]
          +0.005*[#  38]
    |psi|^2 = 0.551
==== e(  39) =    19.48509 eV ==== 
     psi = 0.040*[#  12]+0.040*[#  22]+0.040*[#  32]+0.033*[#   6]+0.033*[#   9]
          +0.033*[#  39]+0.029*[#  17]+0.029*[#  20]+0.029*[#  28]+0.029*[#  30]
          +0.029*[#  37]+0.029*[#  38]+0.026*[#  18]+0.026*[#  27]+0.026*[#  40]
          +0.026*[#  16]+0.026*[#  26]+0.011*[#  19]+0.011*[#  29]+0.004*[#  36]
          
    |psi|^2 = 0.551
==== e(  40) =    19.48509 eV ==== 
     psi = 0.040*[#  12]+0.040*[#  22]+0.040*[#  32]+0.033*[#   6]+0.033*[#   9]
          +0.033*[#  39]+0.029*[#  17]+0.029*[#  20]+0.029*[#  28]+0.029*[#  30]
          +0.029*[#  37]+0.029*[#  38]+0.026*[#  18]+0.026*[#  27]+0.026*[#  40]
          +0.026*[#  16]+0.026*[#  26]+0.011*[#  19]+0.011*[#  29]+0.004*[#  36]
          
    |psi|^2 = 0.551
==== e(  41) =    24.51097 eV ==== 
     psi = 0.428*[#   2]+0.048*[#  12]+0.048*[#  22]+0.048*[#  32]+0.040*[#  18]
          +0.040*[#  27]+0.040*[#  40]+0.005*[#  17]+0.005*[#  20]+0.005*[#  28]
          +0.005*[#  30]+0.005*[#  37]+0.005*[#  38]+0.003*[#   7]+0.003*[#   8]
          +0.003*[#  10]+0.003*[#   1]
    |psi|^2 = 0.734
==== e(  42) =    24.51097 eV ==== 
     psi = 0.190*[#  12]+0.190*[#  22]+0.190*[#  32]+0.018*[#   7]+0.018*[#   8]
          +0.018*[#  10]+0.017*[#  17]+0.017*[#  20]+0.017*[#  28]+0.017*[#  30]
          +0.017*[#  37]+0.017*[#  38]+0.001*[#  11]+0.001*[#  21]+0.001*[#  31]
          
    |psi|^2 = 0.734
==== e(  43) =    24.51097 eV ==== 
     psi = 0.190*[#  12]+0.190*[#  22]+0.190*[#  32]+0.018*[#   7]+0.018*[#   8]
          +0.018*[#  10]+0.017*[#  17]+0.017*[#  20]+0.017*[#  28]+0.017*[#  30]
          +0.017*[#  37]+0.017*[#  38]+0.001*[#  11]+0.001*[#  21]+0.001*[#  31]
          
    |psi|^2 = 0.734

 k =   0.3750000000  0.3750000000 -0.5000000000
==== e(   1) =   -84.89756 eV ==== 
     psi = 0.332*[#  11]+0.332*[#  21]+0.332*[#  31]
    |psi|^2 = 1.000
==== e(   2) =   -84.89756 eV ==== 
     psi = 0.497*[#   1]+0.167*[#  11]+0.167*[#  21]+0.167*[#  31]
    |psi|^2 = 1.000
==== e(   3) =   -84.89419 eV ==== 
     psi = 0.331*[#  11]+0.331*[#  21]+0.331*[#  31]+0.001*[#  12]+0.001*[#  22]
          +0.001*[#  32]
    |psi|^2 = 1.000
==== e(   4) =   -84.89419 eV ==== 
     psi = 0.498*[#   1]+0.165*[#  11]+0.165*[#  21]+0.165*[#  31]+0.002*[#   2]
          
    |psi|^2 = 1.000
==== e(   5) =   -45.40939 eV ==== 
     psi = 0.167*[#  14]+0.167*[#  25]+0.167*[#  33]+0.056*[#  13]+0.056*[#  15]
          +0.056*[#  23]+0.056*[#  24]+0.056*[#  34]+0.056*[#  35]+0.053*[#   3]
          +0.053*[#   4]+0.053*[#   5]
    |psi|^2 = 1.000
==== e(   6) =   -45.40938 eV ==== 
     psi = 0.113*[#   3]+0.113*[#   4]+0.113*[#   5]+0.110*[#  13]+0.110*[#  15]
          +0.110*[#  23]+0.110*[#  24]+0.110*[#  34]+0.110*[#  35]
    |psi|^2 = 1.000
==== e(   7) =   -45.40079 eV ==== 
     psi = 0.166*[#  14]+0.166*[#  25]+0.166*[#  33]+0.061*[#   3]+0.061*[#   4]
          +0.061*[#   5]+0.052*[#  13]+0.052*[#  15]+0.052*[#  23]+0.052*[#  24]
          +0.052*[#  34]+0.052*[#  35]
    |psi|^2 = 1.000
==== e(   8) =   -45.40079 eV ==== 
     psi = 0.114*[#  13]+0.114*[#  15]+0.114*[#  23]+0.114*[#  24]+0.114*[#  34]
          +0.114*[#  35]+0.105*[#   3]+0.105*[#   4]+0.105*[#   5]+0.001*[#   2]
          
    |psi|^2 = 1.000
==== e(   9) =   -45.24335 eV ==== 
     psi = 0.167*[#  14]+0.167*[#  25]+0.167*[#  33]+0.083*[#  13]+0.083*[#  15]
          +0.083*[#  23]+0.083*[#  24]+0.083*[#  34]+0.083*[#  35]
    |psi|^2 = 1.000
==== e(  10) =   -45.24334 eV ==== 
     psi = 0.167*[#   3]+0.167*[#   4]+0.167*[#   5]+0.083*[#  13]+0.083*[#  15]
          +0.083*[#  23]+0.083*[#  24]+0.083*[#  34]+0.083*[#  35]
    |psi|^2 = 1.000
==== e(  11) =   -45.23130 eV ==== 
     psi = 0.168*[#  14]+0.168*[#  25]+0.168*[#  33]+0.113*[#   3]+0.113*[#   4]
          +0.113*[#   5]+0.027*[#  13]+0.027*[#  15]+0.027*[#  23]+0.027*[#  24]
          +0.027*[#  34]+0.027*[#  35]
    |psi|^2 = 1.000
==== e(  12) =   -45.23130 eV ==== 
     psi = 0.140*[#  13]+0.140*[#  15]+0.140*[#  23]+0.140*[#  24]+0.140*[#  34]
          +0.140*[#  35]+0.053*[#   3]+0.053*[#   4]+0.053*[#   5]
    |psi|^2 = 1.000
==== e(  13) =   -45.22828 eV ==== 
     psi = 0.167*[#  14]+0.167*[#  25]+0.167*[#  33]+0.083*[#  13]+0.083*[#  15]
          +0.083*[#  23]+0.083*[#  24]+0.083*[#  34]+0.083*[#  35]
    |psi|^2 = 1.000
==== e(  14) =   -45.22827 eV ==== 
     psi = 0.167*[#   3]+0.167*[#   4]+0.167*[#   5]+0.083*[#  13]+0.083*[#  15]
          +0.083*[#  23]+0.083*[#  24]+0.083*[#  34]+0.083*[#  35]
    |psi|^2 = 1.000
==== e(  15) =   -45.22814 eV ==== 
     psi = 0.166*[#  14]+0.166*[#  25]+0.166*[#  33]+0.106*[#   3]+0.106*[#   4]
          +0.106*[#   5]+0.031*[#  13]+0.031*[#  15]+0.031*[#  23]+0.031*[#  24]
          +0.031*[#  34]+0.031*[#  35]
    |psi|^2 = 1.000
==== e(  16) =   -45.22813 eV ==== 
     psi = 0.136*[#  13]+0.136*[#  15]+0.136*[#  23]+0.136*[#  24]+0.136*[#  34]
          +0.136*[#  35]+0.062*[#   3]+0.062*[#   4]+0.062*[#   5]
    |psi|^2 = 1.000
==== e(  17) =    13.35535 eV ==== 
     psi = 0.125*[#  12]+0.125*[#  22]+0.125*[#  32]+0.068*[#   7]+0.068*[#   8]
          +0.068*[#  10]+0.067*[#  17]+0.067*[#  20]+0.067*[#  28]+0.067*[#  30]
          +0.067*[#  37]+0.067*[#  38]+0.001*[#  39]+0.001*[#  16]+0.001*[#  26]
          
    |psi|^2 = 0.990
==== e(  18) =    13.35535 eV ==== 
     psi = 0.187*[#   2]+0.101*[#  18]+0.101*[#  27]+0.101*[#  40]+0.062*[#  12]
          +0.062*[#  22]+0.062*[#  32]+0.034*[#  17]+0.034*[#  20]+0.034*[#  28]
          +0.034*[#  30]+0.034*[#  37]+0.034*[#  38]+0.033*[#   7]+0.033*[#   8]
          +0.033*[#  10]+0.001*[#   6]+0.001*[#   9]
    |psi|^2 = 0.990
==== e(  19) =    13.75383 eV ==== 
     psi = 0.094*[#   7]+0.094*[#   8]+0.094*[#  10]+0.085*[#  17]+0.085*[#  20]
          +0.085*[#  28]+0.085*[#  30]+0.085*[#  37]+0.085*[#  38]+0.067*[#  12]
          +0.067*[#  22]+0.067*[#  32]
    |psi|^2 = 0.996
==== e(  20) =    13.75383 eV ==== 
     psi = 0.132*[#  18]+0.132*[#  27]+0.132*[#  40]+0.101*[#   2]+0.047*[#  17]
          +0.047*[#  20]+0.047*[#  28]+0.047*[#  30]+0.047*[#  37]+0.047*[#  38]
          +0.038*[#   7]+0.038*[#   8]+0.038*[#  10]+0.034*[#  12]+0.034*[#  22]
          +0.034*[#  32]
    |psi|^2 = 0.996
==== e(  21) =    15.85127 eV ==== 
     psi = 0.196*[#  36]+0.163*[#  19]+0.163*[#  29]+0.098*[#  16]+0.098*[#  26]
          +0.065*[#  39]+0.025*[#   7]+0.025*[#   8]+0.025*[#  10]+0.013*[#  17]
          +0.013*[#  20]+0.013*[#  28]+0.013*[#  30]+0.013*[#  37]+0.013*[#  38]
          
    |psi|^2 = 0.934
==== e(  22) =    15.85128 eV ==== 
     psi = 0.196*[#   6]+0.196*[#   9]+0.131*[#  39]+0.098*[#  16]+0.098*[#  26]
          +0.033*[#  19]+0.033*[#  29]+0.025*[#  18]+0.025*[#  27]+0.025*[#  40]
          +0.013*[#  17]+0.013*[#  20]+0.013*[#  28]+0.013*[#  30]+0.013*[#  37]
          +0.013*[#  38]
    |psi|^2 = 0.934
==== e(  23) =    16.06460 eV ==== 
     psi = 0.172*[#  39]+0.144*[#  16]+0.144*[#  26]+0.086*[#  19]+0.086*[#  29]
          +0.057*[#  36]+0.031*[#   7]+0.031*[#   8]+0.031*[#  10]+0.028*[#  17]
          +0.028*[#  20]+0.028*[#  28]+0.028*[#  30]+0.028*[#  37]+0.028*[#  38]
          +0.005*[#  12]+0.005*[#  22]+0.005*[#  32]
    |psi|^2 = 0.967
==== e(  24) =    16.06460 eV ==== 
     psi = 0.172*[#   6]+0.172*[#   9]+0.115*[#  36]+0.086*[#  19]+0.086*[#  29]
          +0.044*[#  18]+0.044*[#  27]+0.044*[#  40]+0.029*[#  16]+0.029*[#  26]
          +0.015*[#  17]+0.015*[#  20]+0.015*[#  28]+0.015*[#  30]+0.015*[#  37]
          +0.015*[#  38]+0.013*[#   7]+0.013*[#   8]+0.013*[#  10]+0.008*[#   2]
          +0.003*[#  12]+0.003*[#  22]+0.003*[#  32]
    |psi|^2 = 0.967
==== e(  25) =    16.23849 eV ==== 
     psi = 0.149*[#  36]+0.124*[#  19]+0.124*[#  29]+0.075*[#  16]+0.075*[#  26]
          +0.067*[#   7]+0.067*[#   8]+0.067*[#  10]+0.050*[#  39]+0.033*[#  17]
          +0.033*[#  20]+0.033*[#  28]+0.033*[#  30]+0.033*[#  37]+0.033*[#  38]
          
    |psi|^2 = 0.997
==== e(  26) =    16.23850 eV ==== 
     psi = 0.149*[#   6]+0.149*[#   9]+0.099*[#  39]+0.075*[#  16]+0.075*[#  26]
          +0.067*[#  18]+0.067*[#  27]+0.067*[#  40]+0.033*[#  17]+0.033*[#  20]
          +0.033*[#  28]+0.033*[#  30]+0.033*[#  37]+0.033*[#  38]+0.025*[#  19]
          +0.025*[#  29]
    |psi|^2 = 0.997
==== e(  27) =    16.29557 eV ==== 
     psi = 0.163*[#  39]+0.135*[#  16]+0.135*[#  26]+0.081*[#  19]+0.081*[#  29]
          +0.054*[#  36]+0.050*[#  17]+0.050*[#  20]+0.050*[#  28]+0.050*[#  30]
          +0.050*[#  37]+0.050*[#  38]+0.015*[#   7]+0.015*[#   8]+0.015*[#  10]
          
    |psi|^2 = 0.997
==== e(  28) =    16.29558 eV ==== 
     psi = 0.163*[#   6]+0.163*[#   9]+0.108*[#  36]+0.081*[#  19]+0.081*[#  29]
          +0.058*[#  18]+0.058*[#  27]+0.058*[#  40]+0.042*[#   7]+0.042*[#   8]
          +0.042*[#  10]+0.027*[#  16]+0.027*[#  26]+0.008*[#  17]+0.008*[#  20]
          +0.008*[#  28]+0.008*[#  30]+0.008*[#  37]+0.008*[#  38]
    |psi|^2 = 0.997
==== e(  29) =    16.51205 eV ==== 
     psi = 0.087*[#  17]+0.087*[#  20]+0.087*[#  28]+0.087*[#  30]+0.087*[#  37]
          +0.087*[#  38]+0.070*[#  12]+0.070*[#  22]+0.070*[#  32]
    |psi|^2 = 0.736
==== e(  30) =    16.51206 eV ==== 
     psi = 0.105*[#   2]+0.087*[#   7]+0.087*[#   8]+0.087*[#  10]+0.087*[#  18]
          +0.087*[#  27]+0.087*[#  40]+0.035*[#  12]+0.035*[#  22]+0.035*[#  32]
          
    |psi|^2 = 0.736
==== e(  31) =    16.60563 eV ==== 
     psi = 0.105*[#   7]+0.105*[#   8]+0.105*[#  10]+0.053*[#  17]+0.053*[#  20]
          +0.053*[#  28]+0.053*[#  30]+0.053*[#  37]+0.053*[#  38]+0.009*[#  36]
          +0.007*[#  19]+0.007*[#  29]+0.004*[#  16]+0.004*[#  26]+0.003*[#  39]
          
    |psi|^2 = 0.666
==== e(  32) =    16.60563 eV ==== 
     psi = 0.105*[#  18]+0.105*[#  27]+0.105*[#  40]+0.053*[#  17]+0.053*[#  20]
          +0.053*[#  28]+0.053*[#  30]+0.053*[#  37]+0.053*[#  38]+0.009*[#   6]
          +0.009*[#   9]+0.006*[#  39]+0.004*[#  16]+0.004*[#  26]+0.001*[#  19]
          +0.001*[#  29]
    |psi|^2 = 0.666
==== e(  33) =    18.05580 eV ==== 
     psi = 0.100*[#  36]+0.100*[#   7]+0.100*[#   8]+0.100*[#  10]+0.084*[#  19]
          +0.084*[#  29]+0.050*[#  16]+0.050*[#  26]+0.050*[#  17]+0.050*[#  20]
          +0.050*[#  28]+0.050*[#  30]+0.050*[#  37]+0.050*[#  38]+0.033*[#  39]
          
    |psi|^2 = 1.000
==== e(  34) =    18.05581 eV ==== 
     psi = 0.100*[#   6]+0.100*[#   9]+0.100*[#  18]+0.100*[#  27]+0.100*[#  40]
          +0.067*[#  39]+0.050*[#  16]+0.050*[#  26]+0.050*[#  17]+0.050*[#  20]
          +0.050*[#  28]+0.050*[#  30]+0.050*[#  37]+0.050*[#  38]+0.017*[#  19]
          +0.017*[#  29]
    |psi|^2 = 1.000
==== e(  35) =    18.07329 eV ==== 
     psi = 0.092*[#  17]+0.092*[#  20]+0.092*[#  28]+0.092*[#  30]+0.092*[#  37]
          +0.092*[#  38]+0.087*[#  39]+0.072*[#  16]+0.072*[#  26]+0.043*[#  19]
          +0.043*[#  29]+0.034*[#   7]+0.034*[#   8]+0.034*[#  10]+0.029*[#  36]
          
    |psi|^2 = 1.000
==== e(  36) =    18.07330 eV ==== 
     psi = 0.109*[#  18]+0.109*[#  27]+0.109*[#  40]+0.087*[#   6]+0.087*[#   9]
          +0.075*[#   7]+0.075*[#   8]+0.075*[#  10]+0.058*[#  36]+0.043*[#  19]
          +0.043*[#  29]+0.017*[#  17]+0.017*[#  20]+0.017*[#  28]+0.017*[#  30]
          +0.017*[#  37]+0.017*[#  38]+0.014*[#  16]+0.014*[#  26]
    |psi|^2 = 1.000
==== e(  37) =    18.28513 eV ==== 
     psi = 0.075*[#  39]+0.062*[#  16]+0.062*[#  26]+0.055*[#   7]+0.055*[#   8]
          +0.055*[#  10]+0.054*[#  17]+0.054*[#  20]+0.054*[#  28]+0.054*[#  30]
          +0.054*[#  37]+0.054*[#  38]+0.037*[#  19]+0.037*[#  29]+0.035*[#  12]
          +0.035*[#  22]+0.035*[#  32]+0.025*[#  36]
    |psi|^2 = 0.898
==== e(  38) =    18.28514 eV ==== 
     psi = 0.082*[#  18]+0.082*[#  27]+0.082*[#  40]+0.075*[#   6]+0.075*[#   9]
          +0.053*[#   2]+0.050*[#  36]+0.037*[#  19]+0.037*[#  29]+0.028*[#  17]
          +0.028*[#  20]+0.028*[#  28]+0.028*[#  30]+0.028*[#  37]+0.028*[#  38]
          +0.027*[#   7]+0.027*[#   8]+0.027*[#  10]+0.018*[#  12]+0.018*[#  22]
          +0.018*[#  32]+0.012*[#  16]+0.012*[#  26]
    |psi|^2 = 0.898
==== e(  39) =    19.47988 eV ==== 
     psi = 0.045*[#  36]+0.037*[#  19]+0.037*[#  29]+0.036*[#   7]+0.036*[#   8]
          +0.036*[#  10]+0.022*[#  16]+0.022*[#  26]+0.018*[#  17]+0.018*[#  20]
          +0.018*[#  28]+0.018*[#  30]+0.018*[#  37]+0.018*[#  38]+0.015*[#  39]
          
    |psi|^2 = 0.395
==== e(  40) =    19.47989 eV ==== 
     psi = 0.045*[#   6]+0.045*[#   9]+0.036*[#  18]+0.036*[#  27]+0.036*[#  40]
          +0.030*[#  39]+0.022*[#  16]+0.022*[#  26]+0.018*[#  17]+0.018*[#  20]
          +0.018*[#  28]+0.018*[#  30]+0.018*[#  37]+0.018*[#  38]+0.007*[#  19]
          +0.007*[#  29]
    |psi|^2 = 0.395
==== e(  41) =    24.02600 eV ==== 
     psi = 0.389*[#   2]+0.130*[#  12]+0.130*[#  22]+0.130*[#  32]+0.034*[#  18]
          +0.034*[#  27]+0.034*[#  40]+0.011*[#  17]+0.011*[#  20]+0.011*[#  28]
          +0.011*[#  30]+0.011*[#  37]+0.011*[#  38]+0.011*[#   7]+0.011*[#   8]
          +0.011*[#  10]+0.003*[#   1]+0.001*[#  11]+0.001*[#  21]+0.001*[#  31]
          
    |psi|^2 = 0.987
==== e(  42) =    24.02601 eV ==== 
     psi = 0.259*[#  12]+0.259*[#  22]+0.259*[#  32]+0.023*[#   7]+0.023*[#   8]
          +0.023*[#  10]+0.022*[#  17]+0.022*[#  20]+0.022*[#  28]+0.022*[#  30]
          +0.022*[#  37]+0.022*[#  38]+0.002*[#  11]+0.002*[#  21]+0.002*[#  31]
          
    |psi|^2 = 0.987
==== e(  43) =    25.47943 eV ==== 
     psi = 0.084*[#  12]+0.084*[#  22]+0.084*[#  32]+0.034*[#   2]+0.011*[#  17]
          +0.011*[#  20]+0.011*[#  28]+0.011*[#  30]+0.011*[#  37]+0.011*[#  38]
          +0.011*[#   7]+0.011*[#   8]+0.011*[#  10]+0.004*[#  18]+0.004*[#  27]
          +0.004*[#  40]
    |psi|^2 = 0.399

 k =   0.3750000000 -0.5000000000 -0.5000000000
==== e(   1) =   -84.89587 eV ==== 
     psi = 0.332*[#  11]+0.332*[#  21]+0.332*[#  31]
    |psi|^2 = 1.000
==== e(   2) =   -84.89587 eV ==== 
     psi = 0.332*[#  11]+0.332*[#  21]+0.332*[#  31]
    |psi|^2 = 1.000
==== e(   3) =   -84.89587 eV ==== 
     psi = 0.332*[#  11]+0.332*[#  21]+0.332*[#  31]
    |psi|^2 = 1.000
==== e(   4) =   -84.89586 eV ==== 
     psi = 0.995*[#   1]+0.002*[#   2]+0.001*[#  18]+0.001*[#  27]+0.001*[#  40]
          
    |psi|^2 = 1.000
==== e(   5) =   -45.41133 eV ==== 
     psi = 0.333*[#  14]+0.333*[#  25]+0.333*[#  33]
    |psi|^2 = 1.000
==== e(   6) =   -45.41132 eV ==== 
     psi = 0.113*[#  13]+0.113*[#  15]+0.113*[#  23]+0.113*[#  24]+0.113*[#  34]
          +0.113*[#  35]+0.107*[#   3]+0.107*[#   4]+0.107*[#   5]
    |psi|^2 = 1.000
==== e(   7) =   -45.41132 eV ==== 
     psi = 0.113*[#   3]+0.113*[#   4]+0.113*[#   5]+0.110*[#  13]+0.110*[#  15]
          +0.110*[#  23]+0.110*[#  24]+0.110*[#  34]+0.110*[#  35]
    |psi|^2 = 1.000
==== e(   8) =   -45.41132 eV ==== 
     psi = 0.113*[#   3]+0.113*[#   4]+0.113*[#   5]+0.110*[#  13]+0.110*[#  15]
          +0.110*[#  23]+0.110*[#  24]+0.110*[#  34]+0.110*[#  35]
    |psi|^2 = 1.000
==== e(   9) =   -45.23280 eV ==== 
     psi = 0.333*[#  14]+0.333*[#  25]+0.333*[#  33]
    |psi|^2 = 1.000
==== e(  10) =   -45.23279 eV ==== 
     psi = 0.140*[#  13]+0.140*[#  15]+0.140*[#  23]+0.140*[#  24]+0.140*[#  34]
          +0.140*[#  35]+0.053*[#   3]+0.053*[#   4]+0.053*[#   5]
    |psi|^2 = 1.000
==== e(  11) =   -45.23279 eV ==== 
     psi = 0.140*[#  13]+0.140*[#  15]+0.140*[#  23]+0.140*[#  24]+0.140*[#  34]
          +0.140*[#  35]+0.053*[#   3]+0.053*[#   4]+0.053*[#   5]
    |psi|^2 = 1.000
==== e(  12) =   -45.23279 eV ==== 
     psi = 0.226*[#   3]+0.226*[#   4]+0.226*[#   5]+0.054*[#  13]+0.054*[#  15]
          +0.054*[#  23]+0.054*[#  24]+0.054*[#  34]+0.054*[#  35]
    |psi|^2 = 1.000
==== e(  13) =   -45.22644 eV ==== 
     psi = 0.333*[#  14]+0.333*[#  25]+0.333*[#  33]
    |psi|^2 = 1.000
==== e(  14) =   -45.22643 eV ==== 
     psi = 0.167*[#  13]+0.167*[#  15]+0.167*[#  23]+0.167*[#  24]+0.167*[#  34]
          +0.167*[#  35]
    |psi|^2 = 1.000
==== e(  15) =   -45.22643 eV ==== 
     psi = 0.167*[#   3]+0.167*[#   4]+0.167*[#   5]+0.083*[#  13]+0.083*[#  15]
          +0.083*[#  23]+0.083*[#  24]+0.083*[#  34]+0.083*[#  35]
    |psi|^2 = 1.000
==== e(  16) =   -45.22643 eV ==== 
     psi = 0.167*[#   3]+0.167*[#   4]+0.167*[#   5]+0.083*[#  13]+0.083*[#  15]
          +0.083*[#  23]+0.083*[#  24]+0.083*[#  34]+0.083*[#  35]
    |psi|^2 = 1.000
==== e(  17) =    13.52555 eV ==== 
     psi = 0.088*[#   7]+0.088*[#   8]+0.088*[#  10]+0.084*[#  12]+0.084*[#  22]
          +0.084*[#  32]+0.079*[#  17]+0.079*[#  20]+0.079*[#  28]+0.079*[#  30]
          +0.079*[#  37]+0.079*[#  38]
    |psi|^2 = 0.995
==== e(  18) =    13.52555 eV ==== 
     psi = 0.084*[#  12]+0.084*[#  22]+0.084*[#  32]+0.084*[#  17]+0.084*[#  20]
          +0.084*[#  28]+0.084*[#  30]+0.084*[#  37]+0.084*[#  38]+0.079*[#   7]
          +0.079*[#   8]+0.079*[#  10]
    |psi|^2 = 0.995
==== e(  19) =    13.52555 eV ==== 
     psi = 0.084*[#  12]+0.084*[#  22]+0.084*[#  32]+0.084*[#  17]+0.084*[#  20]
          +0.084*[#  28]+0.084*[#  30]+0.084*[#  37]+0.084*[#  38]+0.079*[#   7]
          +0.079*[#   8]+0.079*[#  10]
    |psi|^2 = 0.995
==== e(  20) =    13.52555 eV ==== 
     psi = 0.252*[#   2]+0.247*[#  18]+0.247*[#  27]+0.247*[#  40]
    |psi|^2 = 0.995
==== e(  21) =    16.05463 eV ==== 
     psi = 0.224*[#  36]+0.168*[#  19]+0.168*[#  29]+0.075*[#   7]+0.075*[#   8]
          +0.075*[#  10]+0.056*[#  16]+0.056*[#  26]+0.013*[#  17]+0.013*[#  20]
          +0.013*[#  28]+0.013*[#  30]+0.013*[#  37]+0.013*[#  38]
    |psi|^2 = 0.978
==== e(  22) =    16.05464 eV ==== 
     psi = 0.168*[#  39]+0.140*[#  16]+0.140*[#  26]+0.084*[#  19]+0.084*[#  29]
          +0.056*[#  36]+0.044*[#  17]+0.044*[#  20]+0.044*[#  28]+0.044*[#  30]
          +0.044*[#  37]+0.044*[#  38]+0.013*[#   7]+0.013*[#   8]+0.013*[#  10]
          
    |psi|^2 = 0.978
==== e(  23) =    16.05464 eV ==== 
     psi = 0.168*[#  39]+0.140*[#  16]+0.140*[#  26]+0.084*[#  19]+0.084*[#  29]
          +0.056*[#  36]+0.044*[#  17]+0.044*[#  20]+0.044*[#  28]+0.044*[#  30]
          +0.044*[#  37]+0.044*[#  38]+0.013*[#   7]+0.013*[#   8]+0.013*[#  10]
          
    |psi|^2 = 0.978
==== e(  24) =    16.05465 eV ==== 
     psi = 0.337*[#   6]+0.337*[#   9]+0.101*[#  18]+0.101*[#  27]+0.101*[#  40]
          +0.003*[#   2]
    |psi|^2 = 0.978
==== e(  25) =    16.18853 eV ==== 
     psi = 0.159*[#  36]+0.133*[#  19]+0.133*[#  29]+0.080*[#  16]+0.080*[#  26]
          +0.060*[#   7]+0.060*[#   8]+0.060*[#  10]+0.053*[#  39]+0.030*[#  17]
          +0.030*[#  20]+0.030*[#  28]+0.030*[#  30]+0.030*[#  37]+0.030*[#  38]
          
    |psi|^2 = 0.997
==== e(  26) =    16.18853 eV ==== 
     psi = 0.159*[#  36]+0.133*[#  19]+0.133*[#  29]+0.080*[#  16]+0.080*[#  26]
          +0.060*[#   7]+0.060*[#   8]+0.060*[#  10]+0.053*[#  39]+0.030*[#  17]
          +0.030*[#  20]+0.030*[#  28]+0.030*[#  30]+0.030*[#  37]+0.030*[#  38]
          
    |psi|^2 = 0.997
==== e(  27) =    16.18853 eV ==== 
     psi = 0.212*[#  39]+0.159*[#  16]+0.159*[#  26]+0.060*[#  17]+0.060*[#  20]
          +0.060*[#  28]+0.060*[#  30]+0.060*[#  37]+0.060*[#  38]+0.053*[#  19]
          +0.053*[#  29]
    |psi|^2 = 0.997
==== e(  28) =    16.18855 eV ==== 
     psi = 0.318*[#   6]+0.318*[#   9]+0.120*[#  18]+0.120*[#  27]+0.120*[#  40]
          
    |psi|^2 = 0.997
==== e(  29) =    16.87385 eV ==== 
     psi = 0.046*[#  17]+0.046*[#  20]+0.046*[#  28]+0.046*[#  30]+0.046*[#  37]
          +0.046*[#  38]+0.038*[#   7]+0.038*[#   8]+0.038*[#  10]+0.029*[#  12]
          +0.029*[#  22]+0.029*[#  32]+0.020*[#  36]+0.015*[#  19]+0.015*[#  29]
          +0.005*[#  16]+0.005*[#  26]
    |psi|^2 = 0.538
==== e(  30) =    16.87386 eV ==== 
     psi = 0.046*[#   7]+0.046*[#   8]+0.046*[#  10]+0.042*[#  17]+0.042*[#  20]
          +0.042*[#  28]+0.042*[#  30]+0.042*[#  37]+0.042*[#  38]+0.029*[#  12]
          +0.029*[#  22]+0.029*[#  32]+0.015*[#  39]+0.012*[#  16]+0.012*[#  26]
          +0.007*[#  19]+0.007*[#  29]+0.005*[#  36]
    |psi|^2 = 0.538
==== e(  31) =    16.87386 eV ==== 
     psi = 0.046*[#   7]+0.046*[#   8]+0.046*[#  10]+0.042*[#  17]+0.042*[#  20]
          +0.042*[#  28]+0.042*[#  30]+0.042*[#  37]+0.042*[#  38]+0.029*[#  12]
          +0.029*[#  22]+0.029*[#  32]+0.015*[#  39]+0.012*[#  16]+0.012*[#  26]
          +0.007*[#  19]+0.007*[#  29]+0.005*[#  36]
    |psi|^2 = 0.538
==== e(  32) =    16.87387 eV ==== 
     psi = 0.131*[#  18]+0.131*[#  27]+0.131*[#  40]+0.086*[#   2]+0.029*[#   6]
          +0.029*[#   9]
    |psi|^2 = 0.538
==== e(  33) =    18.02277 eV ==== 
     psi = 0.121*[#  39]+0.106*[#  17]+0.106*[#  20]+0.106*[#  28]+0.106*[#  30]
          +0.106*[#  37]+0.106*[#  38]+0.090*[#  16]+0.090*[#  26]+0.030*[#  19]
          +0.030*[#  29]
    |psi|^2 = 1.000
==== e(  34) =    18.02277 eV ==== 
     psi = 0.106*[#   7]+0.106*[#   8]+0.106*[#  10]+0.090*[#  36]+0.075*[#  19]
          +0.075*[#  29]+0.053*[#  17]+0.053*[#  20]+0.053*[#  28]+0.053*[#  30]
          +0.053*[#  37]+0.053*[#  38]+0.045*[#  16]+0.045*[#  26]+0.030*[#  39]
          
    |psi|^2 = 1.000
==== e(  35) =    18.02277 eV ==== 
     psi = 0.106*[#   7]+0.106*[#   8]+0.106*[#  10]+0.090*[#  36]+0.075*[#  19]
          +0.075*[#  29]+0.053*[#  17]+0.053*[#  20]+0.053*[#  28]+0.053*[#  30]
          +0.053*[#  37]+0.053*[#  38]+0.045*[#  16]+0.045*[#  26]+0.030*[#  39]
          
    |psi|^2 = 1.000
==== e(  36) =    18.02278 eV ==== 
     psi = 0.213*[#  18]+0.213*[#  27]+0.213*[#  40]+0.181*[#   6]+0.181*[#   9]
          
    |psi|^2 = 1.000
==== e(  37) =    18.64186 eV ==== 
     psi = 0.112*[#   7]+0.112*[#   8]+0.112*[#  10]+0.088*[#  36]+0.066*[#  19]
          +0.066*[#  29]+0.023*[#  12]+0.023*[#  22]+0.023*[#  32]+0.022*[#  16]
          +0.022*[#  26]+0.008*[#  17]+0.008*[#  20]+0.008*[#  28]+0.008*[#  30]
          +0.008*[#  37]+0.008*[#  38]
    |psi|^2 = 0.719
==== e(  38) =    18.64187 eV ==== 
     psi = 0.066*[#  39]+0.060*[#  17]+0.060*[#  20]+0.060*[#  28]+0.060*[#  30]
          +0.060*[#  37]+0.060*[#  38]+0.055*[#  16]+0.055*[#  26]+0.033*[#  19]
          +0.033*[#  29]+0.023*[#  12]+0.023*[#  22]+0.023*[#  32]+0.022*[#  36]
          +0.008*[#   7]+0.008*[#   8]+0.008*[#  10]
    |psi|^2 = 0.719
==== e(  39) =    18.64187 eV ==== 
     psi = 0.066*[#  39]+0.060*[#  17]+0.060*[#  20]+0.060*[#  28]+0.060*[#  30]
          +0.060*[#  37]+0.060*[#  38]+0.055*[#  16]+0.055*[#  26]+0.033*[#  19]
          +0.033*[#  29]+0.023*[#  12]+0.023*[#  22]+0.023*[#  32]+0.022*[#  36]
          +0.008*[#   7]+0.008*[#   8]+0.008*[#  10]
    |psi|^2 = 0.719
==== e(  40) =    18.64188 eV ==== 
     psi = 0.133*[#   6]+0.133*[#   9]+0.128*[#  18]+0.128*[#  27]+0.128*[#  40]
          +0.068*[#   2]
    |psi|^2 = 0.719
==== e(  41) =    24.40368 eV ==== 
     psi = 0.534*[#   2]+0.054*[#  18]+0.054*[#  27]+0.054*[#  40]+0.015*[#  12]
          +0.015*[#  22]+0.015*[#  32]+0.003*[#   1]+0.001*[#   7]+0.001*[#   8]
          +0.001*[#  10]+0.002*[#  17]+0.002*[#  20]+0.002*[#  28]+0.002*[#  30]
          +0.002*[#  37]+0.002*[#  38]
    |psi|^2 = 0.757
==== e(  42) =    24.40368 eV ==== 
     psi = 0.191*[#  12]+0.191*[#  22]+0.191*[#  32]+0.019*[#  17]+0.019*[#  20]
          +0.019*[#  28]+0.019*[#  30]+0.019*[#  37]+0.019*[#  38]+0.019*[#   7]
          +0.019*[#   8]+0.019*[#  10]+0.005*[#   2]+0.001*[#  11]+0.001*[#  21]
          +0.001*[#  31]
    |psi|^2 = 0.757
==== e(  43) =    24.40369 eV ==== 
     psi = 0.193*[#  12]+0.193*[#  22]+0.193*[#  32]+0.020*[#   7]+0.020*[#   8]
          +0.020*[#  10]+0.019*[#  17]+0.019*[#  20]+0.019*[#  28]+0.019*[#  30]
          +0.019*[#  37]+0.019*[#  38]+0.001*[#  11]+0.001*[#  21]+0.001*[#  31]
          
    |psi|^2 = 0.757

 k =  -0.5000000000 -0.5000000000 -0.5000000000
==== e(   1) =   -84.89587 eV ==== 
     psi = 0.331*[#  11]+0.331*[#  21]+0.331*[#  31]
    |psi|^2 = 1.000
==== e(   2) =   -84.89587 eV ==== 
     psi = 0.331*[#  11]+0.331*[#  21]+0.331*[#  31]
    |psi|^2 = 1.000
==== e(   3) =   -84.89587 eV ==== 
     psi = 0.331*[#  11]+0.331*[#  21]+0.331*[#  31]
    |psi|^2 = 1.000
==== e(   4) =   -84.89586 eV ==== 
     psi = 0.994*[#   1]+0.002*[#   2]+0.001*[#  18]+0.001*[#  27]+0.001*[#  40]
          
    |psi|^2 = 1.000
==== e(   5) =   -45.41784 eV ==== 
     psi = 0.333*[#  14]+0.333*[#  25]+0.333*[#  33]
    |psi|^2 = 1.000
==== e(   6) =   -45.41782 eV ==== 
     psi = 0.111*[#   3]+0.111*[#   4]+0.111*[#   5]+0.111*[#  13]+0.111*[#  15]
          +0.111*[#  23]+0.111*[#  24]+0.111*[#  34]+0.111*[#  35]
    |psi|^2 = 1.000
==== e(   7) =   -45.41782 eV ==== 
     psi = 0.111*[#   3]+0.111*[#   4]+0.111*[#   5]+0.111*[#  13]+0.111*[#  15]
          +0.111*[#  23]+0.111*[#  24]+0.111*[#  34]+0.111*[#  35]
    |psi|^2 = 1.000
==== e(   8) =   -45.41782 eV ==== 
     psi = 0.111*[#   3]+0.111*[#   4]+0.111*[#   5]+0.111*[#  13]+0.111*[#  15]
          +0.111*[#  23]+0.111*[#  24]+0.111*[#  34]+0.111*[#  35]
    |psi|^2 = 1.000
==== e(   9) =   -45.22654 eV ==== 
     psi = 0.333*[#  14]+0.333*[#  25]+0.333*[#  33]
    |psi|^2 = 1.000
==== e(  10) =   -45.22654 eV ==== 
     psi = 0.333*[#  14]+0.333*[#  25]+0.333*[#  33]
    |psi|^2 = 1.000
==== e(  11) =   -45.22653 eV ==== 
     psi = 0.167*[#  13]+0.167*[#  15]+0.167*[#  23]+0.167*[#  24]+0.167*[#  34]
          +0.167*[#  35]
    |psi|^2 = 1.000
==== e(  12) =   -45.22653 eV ==== 
     psi = 0.167*[#  13]+0.167*[#  15]+0.167*[#  23]+0.167*[#  24]+0.167*[#  34]
          +0.167*[#  35]
    |psi|^2 = 1.000
==== e(  13) =   -45.22653 eV ==== 
     psi = 0.167*[#  13]+0.167*[#  15]+0.167*[#  23]+0.167*[#  24]+0.167*[#  34]
          +0.167*[#  35]
    |psi|^2 = 1.000
==== e(  14) =   -45.22653 eV ==== 
     psi = 0.222*[#   3]+0.222*[#   4]+0.222*[#   5]+0.056*[#  13]+0.056*[#  15]
          +0.056*[#  23]+0.056*[#  24]+0.056*[#  34]+0.056*[#  35]
    |psi|^2 = 1.000
==== e(  15) =   -45.22653 eV ==== 
     psi = 0.222*[#   3]+0.222*[#   4]+0.222*[#   5]+0.056*[#  13]+0.056*[#  15]
          +0.056*[#  23]+0.056*[#  24]+0.056*[#  34]+0.056*[#  35]
    |psi|^2 = 1.000
==== e(  16) =   -45.22653 eV ==== 
     psi = 0.222*[#   3]+0.222*[#   4]+0.222*[#   5]+0.056*[#  13]+0.056*[#  15]
          +0.056*[#  23]+0.056*[#  24]+0.056*[#  34]+0.056*[#  35]
    |psi|^2 = 1.000
==== e(  17) =    13.48066 eV ==== 
     psi = 0.087*[#   7]+0.087*[#   8]+0.087*[#  10]+0.087*[#  17]+0.087*[#  20]
          +0.087*[#  28]+0.087*[#  30]+0.087*[#  37]+0.087*[#  38]+0.073*[#  12]
          +0.073*[#  22]+0.073*[#  32]
    |psi|^2 = 0.998
==== e(  18) =    13.48066 eV ==== 
     psi = 0.087*[#   7]+0.087*[#   8]+0.087*[#  10]+0.087*[#  17]+0.087*[#  20]
          +0.087*[#  28]+0.087*[#  30]+0.087*[#  37]+0.087*[#  38]+0.073*[#  12]
          +0.073*[#  22]+0.073*[#  32]
    |psi|^2 = 0.998
==== e(  19) =    13.48066 eV ==== 
     psi = 0.087*[#   7]+0.087*[#   8]+0.087*[#  10]+0.087*[#  17]+0.087*[#  20]
          +0.087*[#  28]+0.087*[#  30]+0.087*[#  37]+0.087*[#  38]+0.073*[#  12]
          +0.073*[#  22]+0.073*[#  32]
    |psi|^2 = 0.998
==== e(  20) =    13.48067 eV ==== 
     psi = 0.260*[#  18]+0.260*[#  27]+0.260*[#  40]+0.218*[#   2]
    |psi|^2 = 0.998
==== e(  21) =    16.12504 eV ==== 
     psi = 0.208*[#  36]+0.156*[#  19]+0.156*[#  29]+0.083*[#   7]+0.083*[#   8]
          +0.083*[#  10]+0.052*[#  16]+0.052*[#  26]+0.021*[#  17]+0.021*[#  20]
          +0.021*[#  28]+0.021*[#  30]+0.021*[#  37]+0.021*[#  38]
    |psi|^2 = 0.997
==== e(  22) =    16.12504 eV ==== 
     psi = 0.208*[#  36]+0.156*[#  19]+0.156*[#  29]+0.083*[#   7]+0.083*[#   8]
          +0.083*[#  10]+0.052*[#  16]+0.052*[#  26]+0.021*[#  17]+0.021*[#  20]
          +0.021*[#  28]+0.021*[#  30]+0.021*[#  37]+0.021*[#  38]
    |psi|^2 = 0.997
==== e(  23) =    16.12504 eV ==== 
     psi = 0.208*[#  36]+0.156*[#  19]+0.156*[#  29]+0.083*[#   7]+0.083*[#   8]
          +0.083*[#  10]+0.052*[#  16]+0.052*[#  26]+0.021*[#  17]+0.021*[#  20]
          +0.021*[#  28]+0.021*[#  30]+0.021*[#  37]+0.021*[#  38]
    |psi|^2 = 0.997
==== e(  24) =    16.12505 eV ==== 
     psi = 0.208*[#  39]+0.156*[#  16]+0.156*[#  26]+0.062*[#  17]+0.062*[#  20]
          +0.062*[#  28]+0.062*[#  30]+0.062*[#  37]+0.062*[#  38]+0.052*[#  19]
          +0.052*[#  29]
    |psi|^2 = 0.997
==== e(  25) =    16.12505 eV ==== 
     psi = 0.208*[#  39]+0.156*[#  16]+0.156*[#  26]+0.062*[#  17]+0.062*[#  20]
          +0.062*[#  28]+0.062*[#  30]+0.062*[#  37]+0.062*[#  38]+0.052*[#  19]
          +0.052*[#  29]
    |psi|^2 = 0.997
==== e(  26) =    16.12505 eV ==== 
     psi = 0.208*[#  39]+0.156*[#  16]+0.156*[#  26]+0.062*[#  17]+0.062*[#  20]
          +0.062*[#  28]+0.062*[#  30]+0.062*[#  37]+0.062*[#  38]+0.052*[#  19]
          +0.052*[#  29]
    |psi|^2 = 0.997
==== e(  27) =    16.12506 eV ==== 
     psi = 0.312*[#   6]+0.312*[#   9]+0.124*[#  18]+0.124*[#  27]+0.124*[#  40]
          
    |psi|^2 = 0.997
==== e(  28) =    16.12506 eV ==== 
     psi = 0.312*[#   6]+0.312*[#   9]+0.124*[#  18]+0.124*[#  27]+0.124*[#  40]
          
    |psi|^2 = 0.997
==== e(  29) =    17.49466 eV ==== 

    |psi|^2 = 0.000
==== e(  30) =    17.49468 eV ==== 

    |psi|^2 = 0.000
==== e(  31) =    17.49468 eV ==== 

    |psi|^2 = 0.000
==== e(  32) =    17.49468 eV ==== 

    |psi|^2 = 0.000
==== e(  33) =    18.09680 eV ==== 
     psi = 0.125*[#  39]+0.104*[#  17]+0.104*[#  20]+0.104*[#  28]+0.104*[#  30]
          +0.104*[#  37]+0.104*[#  38]+0.094*[#  16]+0.094*[#  26]+0.031*[#  19]
          +0.031*[#  29]
    |psi|^2 = 1.000
==== e(  34) =    18.09680 eV ==== 
     psi = 0.125*[#  39]+0.104*[#  17]+0.104*[#  20]+0.104*[#  28]+0.104*[#  30]
          +0.104*[#  37]+0.104*[#  38]+0.094*[#  16]+0.094*[#  26]+0.031*[#  19]
          +0.031*[#  29]
    |psi|^2 = 1.000
==== e(  35) =    18.09680 eV ==== 
     psi = 0.125*[#  39]+0.104*[#  17]+0.104*[#  20]+0.104*[#  28]+0.104*[#  30]
          +0.104*[#  37]+0.104*[#  38]+0.094*[#  16]+0.094*[#  26]+0.031*[#  19]
          +0.031*[#  29]
    |psi|^2 = 1.000
==== e(  36) =    18.09680 eV ==== 
     psi = 0.139*[#   7]+0.139*[#   8]+0.139*[#  10]+0.125*[#  36]+0.094*[#  19]
          +0.094*[#  29]+0.035*[#  17]+0.035*[#  20]+0.035*[#  28]+0.035*[#  30]
          +0.035*[#  37]+0.035*[#  38]+0.031*[#  16]+0.031*[#  26]
    |psi|^2 = 1.000
==== e(  37) =    18.09680 eV ==== 
     psi = 0.139*[#   7]+0.139*[#   8]+0.139*[#  10]+0.125*[#  36]+0.094*[#  19]
          +0.094*[#  29]+0.035*[#  17]+0.035*[#  20]+0.035*[#  28]+0.035*[#  30]
          +0.035*[#  37]+0.035*[#  38]+0.031*[#  16]+0.031*[#  26]
    |psi|^2 = 1.000
==== e(  38) =    18.09680 eV ==== 
     psi = 0.139*[#   7]+0.139*[#   8]+0.139*[#  10]+0.125*[#  36]+0.094*[#  19]
          +0.094*[#  29]+0.035*[#  17]+0.035*[#  20]+0.035*[#  28]+0.035*[#  30]
          +0.035*[#  37]+0.035*[#  38]+0.031*[#  16]+0.031*[#  26]
    |psi|^2 = 1.000
==== e(  39) =    18.09681 eV ==== 
     psi = 0.209*[#  18]+0.209*[#  27]+0.209*[#  40]+0.187*[#   6]+0.187*[#   9]
          
    |psi|^2 = 1.000
==== e(  40) =    18.09681 eV ==== 
     psi = 0.209*[#  18]+0.209*[#  27]+0.209*[#  40]+0.187*[#   6]+0.187*[#   9]
          
    |psi|^2 = 1.000
==== e(  41) =    23.96552 eV ==== 
     psi = 0.771*[#   2]+0.072*[#  18]+0.072*[#  27]+0.072*[#  40]+0.005*[#   1]
          
    |psi|^2 = 0.993
==== e(  42) =    23.96553 eV ==== 
     psi = 0.257*[#  12]+0.257*[#  22]+0.257*[#  32]+0.024*[#   7]+0.024*[#   8]
          +0.024*[#  10]+0.024*[#  17]+0.024*[#  20]+0.024*[#  28]+0.024*[#  30]
          +0.024*[#  37]+0.024*[#  38]+0.002*[#  11]+0.002*[#  21]+0.002*[#  31]
          
    |psi|^2 = 0.993
==== e(  43) =    23.96553 eV ==== 
     psi = 0.257*[#  12]+0.257*[#  22]+0.257*[#  32]+0.024*[#   7]+0.024*[#   8]
          +0.024*[#  10]+0.024*[#  17]+0.024*[#  20]+0.024*[#  28]+0.024*[#  30]
          +0.024*[#  37]+0.024*[#  38]+0.002*[#  11]+0.002*[#  21]+0.002*[#  31]
          
    |psi|^2 = 0.993

Lowdin Charges: 

     Atom #   1: total charge =  17.7811, s =  2.9634, p =  5.9989, d =  8.8188, 
                 spin up      =   9.2140, s =  1.4741, 
                 spin up      =   9.2140, p =  2.9994, pz=  0.9998, px=  0.9998, py=  0.9998, 
                 spin up      =   9.2140, d =  4.7404, dz2=  0.9558, dxz=  0.9429, dyz=  0.9429, dx2-y2=  0.9558, dxy=  0.9429, 
                 spin down    =   8.5671, s =  1.4894, 
                 spin down    =   8.5671, p =  2.9994, pz=  0.9998, px=  0.9998, py=  0.9998, 
                 spin down    =   8.5671, d =  4.0784, dz2=  0.8833, dxz=  0.7706, dyz=  0.7706, dx2-y2=  0.8833, dxy=  0.7706, 
                 polarization =   0.6468, s = -0.0153, p =  0.0000, d =  0.6621, 
     Atom #   2: total charge =  17.7811, s =  2.9634, p =  5.9989, d =  8.8188, 
                 spin up      =   9.2140, s =  1.4741, 
                 spin up      =   9.2140, p =  2.9994, pz=  0.9998, px=  0.9998, py=  0.9998, 
                 spin up      =   9.2140, d =  4.7404, dz2=  0.9558, dxz=  0.9429, dyz=  0.9429, dx2-y2=  0.9558, dxy=  0.9429, 
                 spin down    =   8.5672, s =  1.4894, 
                 spin down    =   8.5672, p =  2.9994, pz=  0.9998, px=  0.9998, py=  0.9998, 
                 spin down    =   8.5672, d =  4.0784, dz2=  0.8833, dxz=  0.7706, dyz=  0.7706, dx2-y2=  0.8833, dxy=  0.7706, 
                 polarization =   0.6468, s = -0.0153, p =  0.0000, d =  0.6621, 
     Atom #   3: total charge =  17.7811, s =  2.9634, p =  5.9989, d =  8.8188, 
                 spin up      =   9.2140, s =  1.4741, 
                 spin up      =   9.2140, p =  2.9994, pz=  0.9998, px=  0.9998, py=  0.9998, 
                 spin up      =   9.2140, d =  4.7404, dz2=  0.9558, dxz=  0.9429, dyz=  0.9429, dx2-y2=  0.9558, dxy=  0.9429, 
                 spin down    =   8.5672, s =  1.4894, 
                 spin down    =   8.5672, p =  2.9994, pz=  0.9998, px=  0.9998, py=  0.9998, 
                 spin down    =   8.5672, d =  4.0784, dz2=  0.8833, dxz=  0.7706, dyz=  0.7706, dx2-y2=  0.8833, dxy=  0.7706, 
                 polarization =   0.6468, s = -0.0153, p =  0.0000, d =  0.6621, 
     Atom #   4: total charge =  17.7811, s =  2.9634, p =  5.9989, d =  8.8188, 
                 spin up      =   9.2140, s =  1.4741, 
                 spin up      =   9.2140, p =  2.9994, pz=  0.9998, px=  0.9998, py=  0.9998, 
                 spin up      =   9.2140, d =  4.7404, dz2=  0.9558, dxz=  0.9429, dyz=  0.9429, dx2-y2=  0.9558, dxy=  0.9429, 
                 spin down    =   8.5672, s =  1.4894, 
                 spin down    =   8.5672, p =  2.9994, pz=  0.9998, px=  0.9998, py=  0.9998, 
                 spin down    =   8.5672, d =  4.0784, dz2=  0.8833, dxz=  0.7706, dyz=  0.7706, dx2-y2=  0.8833, dxy=  0.7706, 
                 polarization =   0.6468, s = -0.0153, p =  0.0000, d =  0.6621, 
     Spilling Parameter:   0.0122

     PROJWFC      :      7.54s CPU      8.04s WALL


   This run was terminated on:   2:35:23  25Jul2026            

=------------------------------------------------------------------------------=
   JOB DONE.
=------------------------------------------------------------------------------=
