
     Program PROJWFC v.6.7MaX starts on 25Jul2026 at  2:35:25 

     This program is part of the open-source Quantum ESPRESSO suite
     for quantum simulation of materials; please cite
         "P. Giannozzi et al., J. Phys.:Condens. Matter 21 395502 (2009);
         "P. Giannozzi et al., J. Phys.:Condens. Matter 29 465901 (2017);
          URL http://www.quantum-espresso.org", 
     in publications or presentations arising from this work. More details at
     http://www.quantum-espresso.org/quote

     Parallel version (MPI), running on     1 processors

     MPI processes distributed on     1 nodes

     Reading xml data from directory:

     ./tmp_Ni3Al/Ni3Al.save/
     file Al.pbe-n-kjpaw_psl.1.0.0.UPF: wavefunction(s)  3S 3P renormalized
     file Ni.pbe-spn-kjpaw_psl.1.0.0.UPF: wavefunction(s)  3P 3D renormalized

     IMPORTANT: XC functional enforced from input :
     Exchange-correlation= PBE
                           (   1   4   3   4   0   0   0)
     Any further DFT definition will be discarded
     Please, verify this is what you really want


     G-vector sticks info
     --------------------
     sticks:   dense  smooth     PW     G-vecs:    dense   smooth      PW
     Sum        1793    1153    349                57777    29423    4801


     Gaussian broadening (read from input): ngauss,degauss=   1    0.015000


     Calling projwave .... 

  Problem Sizes 
  natomwfc =           34
  nbnd     =           35
  nkstot   =           70
  npwx     =         3755
  nkb      =           72


     Atomic states used for projection
     (read from pseudopotential files):

     state #   1: atom   1 (Al ), wfc  1 (l=0 m= 1)
     state #   2: atom   1 (Al ), wfc  2 (l=1 m= 1)
     state #   3: atom   1 (Al ), wfc  2 (l=1 m= 2)
     state #   4: atom   1 (Al ), wfc  2 (l=1 m= 3)
     state #   5: atom   2 (Ni ), wfc  1 (l=0 m= 1)
     state #   6: atom   2 (Ni ), wfc  2 (l=0 m= 1)
     state #   7: atom   2 (Ni ), wfc  3 (l=1 m= 1)
     state #   8: atom   2 (Ni ), wfc  3 (l=1 m= 2)
     state #   9: atom   2 (Ni ), wfc  3 (l=1 m= 3)
     state #  10: atom   2 (Ni ), wfc  4 (l=2 m= 1)
     state #  11: atom   2 (Ni ), wfc  4 (l=2 m= 2)
     state #  12: atom   2 (Ni ), wfc  4 (l=2 m= 3)
     state #  13: atom   2 (Ni ), wfc  4 (l=2 m= 4)
     state #  14: atom   2 (Ni ), wfc  4 (l=2 m= 5)
     state #  15: atom   3 (Ni ), wfc  1 (l=0 m= 1)
     state #  16: atom   3 (Ni ), wfc  2 (l=0 m= 1)
     state #  17: atom   3 (Ni ), wfc  3 (l=1 m= 1)
     state #  18: atom   3 (Ni ), wfc  3 (l=1 m= 2)
     state #  19: atom   3 (Ni ), wfc  3 (l=1 m= 3)
     state #  20: atom   3 (Ni ), wfc  4 (l=2 m= 1)
     state #  21: atom   3 (Ni ), wfc  4 (l=2 m= 2)
     state #  22: atom   3 (Ni ), wfc  4 (l=2 m= 3)
     state #  23: atom   3 (Ni ), wfc  4 (l=2 m= 4)
     state #  24: atom   3 (Ni ), wfc  4 (l=2 m= 5)
     state #  25: atom   4 (Ni ), wfc  1 (l=0 m= 1)
     state #  26: atom   4 (Ni ), wfc  2 (l=0 m= 1)
     state #  27: atom   4 (Ni ), wfc  3 (l=1 m= 1)
     state #  28: atom   4 (Ni ), wfc  3 (l=1 m= 2)
     state #  29: atom   4 (Ni ), wfc  3 (l=1 m= 3)
     state #  30: atom   4 (Ni ), wfc  4 (l=2 m= 1)
     state #  31: atom   4 (Ni ), wfc  4 (l=2 m= 2)
     state #  32: atom   4 (Ni ), wfc  4 (l=2 m= 3)
     state #  33: atom   4 (Ni ), wfc  4 (l=2 m= 4)
     state #  34: atom   4 (Ni ), wfc  4 (l=2 m= 5)

 k =   0.0000000000  0.0000000000  0.0000000000
==== e(   1) =   -87.44257 eV ==== 
     psi = 0.320*[#   5]+0.320*[#  15]+0.320*[#  25]+0.013*[#   1]+0.009*[#   6]
          +0.009*[#  16]+0.009*[#  26]
    |psi|^2 = 1.000
==== e(   2) =   -87.41463 eV ==== 
     psi = 0.328*[#   5]+0.328*[#  15]+0.328*[#  25]+0.005*[#   6]+0.005*[#  16]
          +0.005*[#  26]
    |psi|^2 = 1.000
==== e(   3) =   -87.41463 eV ==== 
     psi = 0.328*[#   5]+0.328*[#  15]+0.328*[#  25]+0.005*[#   6]+0.005*[#  16]
          +0.005*[#  26]
    |psi|^2 = 1.000
==== e(   4) =   -47.87907 eV ==== 
     psi = 0.113*[#   7]+0.113*[#   8]+0.113*[#  18]+0.113*[#  19]+0.113*[#  27]
          +0.113*[#  29]+0.105*[#   9]+0.105*[#  17]+0.105*[#  28]+0.002*[#   2]
          +0.002*[#   3]+0.002*[#   4]
    |psi|^2 = 1.000
==== e(   5) =   -47.87907 eV ==== 
     psi = 0.113*[#   7]+0.113*[#   8]+0.113*[#  18]+0.113*[#  19]+0.113*[#  27]
          +0.113*[#  29]+0.105*[#   9]+0.105*[#  17]+0.105*[#  28]+0.002*[#   2]
          +0.002*[#   3]+0.002*[#   4]
    |psi|^2 = 1.000
==== e(   6) =   -47.87907 eV ==== 
     psi = 0.113*[#   7]+0.113*[#   8]+0.113*[#  18]+0.113*[#  19]+0.113*[#  27]
          +0.113*[#  29]+0.105*[#   9]+0.105*[#  17]+0.105*[#  28]+0.002*[#   2]
          +0.002*[#   3]+0.002*[#   4]
    |psi|^2 = 1.000
==== e(   7) =   -47.81636 eV ==== 
     psi = 0.167*[#   7]+0.167*[#   8]+0.167*[#  18]+0.167*[#  19]+0.167*[#  27]
          +0.167*[#  29]
    |psi|^2 = 1.000
==== e(   8) =   -47.81636 eV ==== 
     psi = 0.167*[#   7]+0.167*[#   8]+0.167*[#  18]+0.167*[#  19]+0.167*[#  27]
          +0.167*[#  29]
    |psi|^2 = 1.000
==== e(   9) =   -47.81636 eV ==== 
     psi = 0.167*[#   7]+0.167*[#   8]+0.167*[#  18]+0.167*[#  19]+0.167*[#  27]
          +0.167*[#  29]
    |psi|^2 = 1.000
==== e(  10) =   -47.74206 eV ==== 
     psi = 0.228*[#   9]+0.228*[#  17]+0.228*[#  28]+0.053*[#   7]+0.053*[#   8]
          +0.053*[#  18]+0.053*[#  19]+0.053*[#  27]+0.053*[#  29]
    |psi|^2 = 1.000
==== e(  11) =   -47.74206 eV ==== 
     psi = 0.228*[#   9]+0.228*[#  17]+0.228*[#  28]+0.053*[#   7]+0.053*[#   8]
          +0.053*[#  18]+0.053*[#  19]+0.053*[#  27]+0.053*[#  29]
    |psi|^2 = 1.000
==== e(  12) =   -47.74206 eV ==== 
     psi = 0.228*[#   9]+0.228*[#  17]+0.228*[#  28]+0.053*[#   7]+0.053*[#   8]
          +0.053*[#  18]+0.053*[#  19]+0.053*[#  27]+0.053*[#  29]
    |psi|^2 = 1.000
==== e(  13) =     5.55204 eV ==== 
     psi = 0.249*[#   1]+0.234*[#   6]+0.234*[#  16]+0.234*[#  26]+0.013*[#   5]
          +0.013*[#  15]+0.013*[#  25]+0.002*[#  20]+0.002*[#  13]+0.002*[#  33]
          
    |psi|^2 = 0.999
==== e(  14) =    11.28404 eV ==== 
     psi = 0.293*[#  20]+0.220*[#  13]+0.220*[#  33]+0.073*[#  10]+0.073*[#  30]
          +0.059*[#   1]+0.018*[#   6]+0.018*[#  16]+0.018*[#  26]
    |psi|^2 = 0.994
==== e(  15) =    11.99763 eV ==== 
     psi = 0.267*[#  23]+0.206*[#  10]+0.206*[#  30]+0.083*[#  13]+0.083*[#  33]
          +0.038*[#   6]+0.038*[#  16]+0.038*[#  26]+0.022*[#  20]
    |psi|^2 = 0.981
==== e(  16) =    11.99763 eV ==== 
     psi = 0.267*[#  23]+0.206*[#  10]+0.206*[#  30]+0.083*[#  13]+0.083*[#  33]
          +0.038*[#   6]+0.038*[#  16]+0.038*[#  26]+0.022*[#  20]
    |psi|^2 = 0.981
==== e(  17) =    12.41192 eV ==== 
     psi = 0.131*[#  12]+0.131*[#  14]+0.131*[#  21]+0.131*[#  22]+0.131*[#  31]
          +0.131*[#  34]+0.066*[#  11]+0.066*[#  24]+0.066*[#  32]
    |psi|^2 = 0.986
==== e(  18) =    12.41192 eV ==== 
     psi = 0.131*[#  12]+0.131*[#  14]+0.131*[#  21]+0.131*[#  22]+0.131*[#  31]
          +0.131*[#  34]+0.066*[#  11]+0.066*[#  24]+0.066*[#  32]
    |psi|^2 = 0.986
==== e(  19) =    12.41192 eV ==== 
     psi = 0.131*[#  12]+0.131*[#  14]+0.131*[#  21]+0.131*[#  22]+0.131*[#  31]
          +0.131*[#  34]+0.066*[#  11]+0.066*[#  24]+0.066*[#  32]
    |psi|^2 = 0.986
==== e(  20) =    14.29112 eV ==== 
     psi = 0.263*[#  11]+0.263*[#  24]+0.263*[#  32]+0.034*[#  12]+0.034*[#  14]
          +0.034*[#  21]+0.034*[#  22]+0.034*[#  31]+0.034*[#  34]
    |psi|^2 = 0.994
==== e(  21) =    14.29112 eV ==== 
     psi = 0.263*[#  11]+0.263*[#  24]+0.263*[#  32]+0.034*[#  12]+0.034*[#  14]
          +0.034*[#  21]+0.034*[#  22]+0.034*[#  31]+0.034*[#  34]
    |psi|^2 = 0.994
==== e(  22) =    14.29112 eV ==== 
     psi = 0.263*[#  11]+0.263*[#  24]+0.263*[#  32]+0.034*[#  12]+0.034*[#  14]
          +0.034*[#  21]+0.034*[#  22]+0.034*[#  31]+0.034*[#  34]
    |psi|^2 = 0.994
==== e(  23) =    15.07100 eV ==== 
     psi = 0.304*[#  20]+0.235*[#  13]+0.235*[#  33]+0.097*[#  10]+0.097*[#  30]
          +0.029*[#  23]
    |psi|^2 = 0.999
==== e(  24) =    15.07100 eV ==== 
     psi = 0.304*[#  20]+0.235*[#  13]+0.235*[#  33]+0.097*[#  10]+0.097*[#  30]
          +0.029*[#  23]
    |psi|^2 = 0.999
==== e(  25) =    15.43154 eV ==== 
     psi = 0.333*[#  23]+0.250*[#  10]+0.250*[#  30]+0.083*[#  13]+0.083*[#  33]
          
    |psi|^2 = 1.000
==== e(  26) =    15.67600 eV ==== 
     psi = 0.167*[#  12]+0.167*[#  14]+0.167*[#  21]+0.167*[#  22]+0.167*[#  31]
          +0.167*[#  34]
    |psi|^2 = 1.000
==== e(  27) =    15.67600 eV ==== 
     psi = 0.167*[#  12]+0.167*[#  14]+0.167*[#  21]+0.167*[#  22]+0.167*[#  31]
          +0.167*[#  34]
    |psi|^2 = 1.000
==== e(  28) =    15.67600 eV ==== 
     psi = 0.167*[#  12]+0.167*[#  14]+0.167*[#  21]+0.167*[#  22]+0.167*[#  31]
          +0.167*[#  34]
    |psi|^2 = 1.000
==== e(  29) =    16.33446 eV ==== 
     psi = 0.297*[#   2]+0.297*[#   3]+0.297*[#   4]
    |psi|^2 = 0.897
==== e(  30) =    16.33446 eV ==== 
     psi = 0.297*[#   2]+0.297*[#   3]+0.297*[#   4]
    |psi|^2 = 0.897
==== e(  31) =    16.33446 eV ==== 
     psi = 0.297*[#   2]+0.297*[#   3]+0.297*[#   4]
    |psi|^2 = 0.897
==== e(  32) =    22.06216 eV ==== 
     psi = 0.234*[#   6]+0.234*[#  16]+0.234*[#  26]+0.037*[#  23]+0.029*[#  10]
          +0.029*[#  30]+0.015*[#  13]+0.015*[#  33]+0.008*[#  20]+0.005*[#   5]
          +0.005*[#  15]+0.005*[#  25]
    |psi|^2 = 0.849
==== e(  33) =    22.06216 eV ==== 
     psi = 0.234*[#   6]+0.234*[#  16]+0.234*[#  26]+0.037*[#  23]+0.029*[#  10]
          +0.029*[#  30]+0.015*[#  13]+0.015*[#  33]+0.008*[#  20]+0.005*[#   5]
          +0.005*[#  15]+0.005*[#  25]
    |psi|^2 = 0.849
==== e(  34) =    22.72194 eV ==== 
     psi = 0.652*[#   1]+0.069*[#   6]+0.069*[#  16]+0.069*[#  26]+0.037*[#  20]
          +0.028*[#  13]+0.028*[#  33]+0.009*[#  10]+0.009*[#  30]
    |psi|^2 = 0.972
==== e(  35) =    27.61748 eV ==== 
     psi = 0.032*[#   2]+0.032*[#   3]+0.032*[#   4]
    |psi|^2 = 0.095

 k =   0.0000000000  0.0000000000  0.1250000000
==== e(   1) =   -87.44161 eV ==== 
     psi = 0.318*[#   5]+0.318*[#  15]+0.318*[#  25]+0.012*[#   1]+0.007*[#   6]
          +0.007*[#  16]+0.007*[#  26]+0.004*[#   2]+0.004*[#   3]+0.004*[#   4]
          
    |psi|^2 = 1.000
==== e(   2) =   -87.41558 eV ==== 
     psi = 0.327*[#   5]+0.327*[#  15]+0.327*[#  25]+0.005*[#   6]+0.005*[#  16]
          +0.005*[#  26]
    |psi|^2 = 1.000
==== e(   3) =   -87.41464 eV ==== 
     psi = 0.328*[#   5]+0.328*[#  15]+0.328*[#  25]+0.005*[#   6]+0.005*[#  16]
          +0.005*[#  26]
    |psi|^2 = 1.000
==== e(   4) =   -47.87649 eV ==== 
     psi = 0.114*[#   7]+0.114*[#   8]+0.114*[#  18]+0.114*[#  19]+0.114*[#  27]
          +0.114*[#  29]+0.104*[#   9]+0.104*[#  17]+0.104*[#  28]+0.001*[#   2]
          +0.001*[#   3]+0.001*[#   4]
    |psi|^2 = 1.000
==== e(   5) =   -47.87649 eV ==== 
     psi = 0.114*[#   7]+0.114*[#   8]+0.114*[#  18]+0.114*[#  19]+0.114*[#  27]
          +0.114*[#  29]+0.104*[#   9]+0.104*[#  17]+0.104*[#  28]+0.001*[#   2]
          +0.001*[#   3]+0.001*[#   4]
    |psi|^2 = 1.000
==== e(   6) =   -47.87497 eV ==== 
     psi = 0.115*[#   7]+0.115*[#   8]+0.115*[#  18]+0.115*[#  19]+0.115*[#  27]
          +0.115*[#  29]+0.101*[#   9]+0.101*[#  17]+0.101*[#  28]+0.001*[#   2]
          +0.001*[#   3]+0.001*[#   4]
    |psi|^2 = 1.000
==== e(   7) =   -47.81728 eV ==== 
     psi = 0.167*[#   7]+0.167*[#   8]+0.167*[#  18]+0.167*[#  19]+0.167*[#  27]
          +0.167*[#  29]
    |psi|^2 = 1.000
==== e(   8) =   -47.81728 eV ==== 
     psi = 0.167*[#   7]+0.167*[#   8]+0.167*[#  18]+0.167*[#  19]+0.167*[#  27]
          +0.167*[#  29]
    |psi|^2 = 1.000
==== e(   9) =   -47.81704 eV ==== 
     psi = 0.167*[#   7]+0.167*[#   8]+0.167*[#  18]+0.167*[#  19]+0.167*[#  27]
          +0.167*[#  29]
    |psi|^2 = 1.000
==== e(  10) =   -47.74638 eV ==== 
     psi = 0.231*[#   9]+0.231*[#  17]+0.231*[#  28]+0.051*[#   7]+0.051*[#   8]
          +0.051*[#  18]+0.051*[#  19]+0.051*[#  27]+0.051*[#  29]
    |psi|^2 = 1.000
==== e(  11) =   -47.74406 eV ==== 
     psi = 0.229*[#   9]+0.229*[#  17]+0.229*[#  28]+0.052*[#   7]+0.052*[#   8]
          +0.052*[#  18]+0.052*[#  19]+0.052*[#  27]+0.052*[#  29]
    |psi|^2 = 1.000
==== e(  12) =   -47.74406 eV ==== 
     psi = 0.229*[#   9]+0.229*[#  17]+0.229*[#  28]+0.052*[#   7]+0.052*[#   8]
          +0.052*[#  18]+0.052*[#  19]+0.052*[#  27]+0.052*[#  29]
    |psi|^2 = 1.000
==== e(  13) =     5.74177 eV ==== 
     psi = 0.251*[#   1]+0.224*[#   6]+0.224*[#  16]+0.224*[#  26]+0.013*[#   5]
          +0.013*[#  15]+0.013*[#  25]+0.010*[#   2]+0.010*[#   3]+0.010*[#   4]
          +0.002*[#  20]+0.002*[#  13]+0.002*[#  33]
    |psi|^2 = 0.999
==== e(  14) =    11.32961 eV ==== 
     psi = 0.279*[#  20]+0.210*[#  13]+0.210*[#  33]+0.073*[#  10]+0.073*[#  30]
          +0.071*[#   1]+0.021*[#   6]+0.021*[#  16]+0.021*[#  26]+0.004*[#  23]
          +0.003*[#   2]+0.003*[#   3]+0.003*[#   4]
    |psi|^2 = 0.992
==== e(  15) =    11.87160 eV ==== 
     psi = 0.235*[#  23]+0.184*[#  10]+0.184*[#  30]+0.082*[#  13]+0.082*[#  33]
          +0.042*[#   6]+0.042*[#  16]+0.042*[#  26]+0.032*[#  20]+0.019*[#   2]
          +0.019*[#   3]+0.019*[#   4]
    |psi|^2 = 0.984
==== e(  16) =    12.11760 eV ==== 
     psi = 0.271*[#  23]+0.208*[#  10]+0.208*[#  30]+0.083*[#  13]+0.083*[#  33]
          +0.034*[#   6]+0.034*[#  16]+0.034*[#  26]+0.021*[#  20]
    |psi|^2 = 0.976
==== e(  17) =    12.43835 eV ==== 
     psi = 0.126*[#  12]+0.126*[#  14]+0.126*[#  21]+0.126*[#  22]+0.126*[#  31]
          +0.126*[#  34]+0.073*[#  11]+0.073*[#  24]+0.073*[#  32]+0.003*[#   2]
          +0.003*[#   3]+0.003*[#   4]
    |psi|^2 = 0.985
==== e(  18) =    12.43835 eV ==== 
     psi = 0.126*[#  12]+0.126*[#  14]+0.126*[#  21]+0.126*[#  22]+0.126*[#  31]
          +0.126*[#  34]+0.073*[#  11]+0.073*[#  24]+0.073*[#  32]+0.003*[#   2]
          +0.003*[#   3]+0.003*[#   4]
    |psi|^2 = 0.985
==== e(  19) =    12.45741 eV ==== 
     psi = 0.134*[#  12]+0.134*[#  14]+0.134*[#  21]+0.134*[#  22]+0.134*[#  31]
          +0.134*[#  34]+0.061*[#  11]+0.061*[#  24]+0.061*[#  32]
    |psi|^2 = 0.987
==== e(  20) =    14.18199 eV ==== 
     psi = 0.233*[#  11]+0.233*[#  24]+0.233*[#  32]+0.041*[#  12]+0.041*[#  14]
          +0.041*[#  21]+0.041*[#  22]+0.041*[#  31]+0.041*[#  34]+0.016*[#   2]
          +0.016*[#   3]+0.016*[#   4]
    |psi|^2 = 0.994
==== e(  21) =    14.18199 eV ==== 
     psi = 0.233*[#  11]+0.233*[#  24]+0.233*[#  32]+0.041*[#  12]+0.041*[#  14]
          +0.041*[#  21]+0.041*[#  22]+0.041*[#  31]+0.041*[#  34]+0.016*[#   2]
          +0.016*[#   3]+0.016*[#   4]
    |psi|^2 = 0.994
==== e(  22) =    14.24150 eV ==== 
     psi = 0.268*[#  11]+0.268*[#  24]+0.268*[#  32]+0.032*[#  12]+0.032*[#  14]
          +0.032*[#  21]+0.032*[#  22]+0.032*[#  31]+0.032*[#  34]
    |psi|^2 = 0.993
==== e(  23) =    14.95365 eV ==== 
     psi = 0.267*[#  20]+0.212*[#  13]+0.212*[#  33]+0.103*[#  10]+0.103*[#  30]
          +0.048*[#  23]+0.014*[#   2]+0.014*[#   3]+0.014*[#   4]+0.004*[#   1]
          +0.002*[#   6]+0.002*[#  16]+0.002*[#  26]
    |psi|^2 = 0.998
==== e(  24) =    15.07236 eV ==== 
     psi = 0.305*[#  20]+0.236*[#  13]+0.236*[#  33]+0.097*[#  10]+0.097*[#  30]
          +0.027*[#  23]
    |psi|^2 = 0.999
==== e(  25) =    15.26781 eV ==== 
     psi = 0.137*[#  12]+0.137*[#  14]+0.137*[#  21]+0.137*[#  22]+0.137*[#  31]
          +0.137*[#  34]+0.039*[#   2]+0.039*[#   3]+0.039*[#   4]+0.012*[#  11]
          +0.012*[#  24]+0.012*[#  32]
    |psi|^2 = 0.976
==== e(  26) =    15.26781 eV ==== 
     psi = 0.137*[#  12]+0.137*[#  14]+0.137*[#  21]+0.137*[#  22]+0.137*[#  31]
          +0.137*[#  34]+0.039*[#   2]+0.039*[#   3]+0.039*[#   4]+0.012*[#  11]
          +0.012*[#  24]+0.012*[#  32]
    |psi|^2 = 0.976
==== e(  27) =    15.36198 eV ==== 
     psi = 0.333*[#  23]+0.250*[#  10]+0.250*[#  30]+0.084*[#  13]+0.084*[#  33]
          
    |psi|^2 = 0.999
==== e(  28) =    15.66999 eV ==== 
     psi = 0.191*[#   2]+0.191*[#   3]+0.191*[#   4]+0.081*[#   1]+0.048*[#  20]
          +0.041*[#  13]+0.041*[#  33]+0.027*[#  10]+0.027*[#  30]+0.021*[#  23]
          +0.020*[#   6]+0.020*[#  16]+0.020*[#  26]
    |psi|^2 = 0.925
==== e(  29) =    15.67616 eV ==== 
     psi = 0.167*[#  12]+0.167*[#  14]+0.167*[#  21]+0.167*[#  22]+0.167*[#  31]
          +0.167*[#  34]
    |psi|^2 = 1.000
==== e(  30) =    16.99407 eV ==== 
     psi = 0.233*[#   2]+0.233*[#   3]+0.233*[#   4]+0.028*[#  12]+0.028*[#  14]
          +0.028*[#  21]+0.028*[#  22]+0.028*[#  31]+0.028*[#  34]+0.010*[#  11]
          +0.010*[#  24]+0.010*[#  32]
    |psi|^2 = 0.898
==== e(  31) =    16.99407 eV ==== 
     psi = 0.233*[#   2]+0.233*[#   3]+0.233*[#   4]+0.028*[#  12]+0.028*[#  14]
          +0.028*[#  21]+0.028*[#  22]+0.028*[#  31]+0.028*[#  34]+0.010*[#  11]
          +0.010*[#  24]+0.010*[#  32]
    |psi|^2 = 0.898
==== e(  32) =    22.05053 eV ==== 
     psi = 0.214*[#   6]+0.214*[#  16]+0.214*[#  26]+0.035*[#  23]+0.028*[#  10]
          +0.028*[#  30]+0.014*[#  13]+0.014*[#  33]+0.007*[#  20]+0.004*[#   5]
          +0.004*[#  15]+0.004*[#  25]
    |psi|^2 = 0.782
==== e(  33) =    22.42935 eV ==== 
     psi = 0.259*[#   1]+0.161*[#   6]+0.161*[#  16]+0.161*[#  26]+0.019*[#  23]
          +0.019*[#  10]+0.019*[#  30]+0.017*[#  13]+0.017*[#  33]+0.017*[#  20]
          +0.003*[#   5]+0.003*[#  15]+0.003*[#  25]
    |psi|^2 = 0.859
==== e(  34) =    23.53275 eV ==== 
     psi = 0.288*[#   1]+0.114*[#   6]+0.114*[#  16]+0.114*[#  26]+0.048*[#   2]
          +0.048*[#   3]+0.048*[#   4]+0.021*[#  20]+0.018*[#  13]+0.018*[#  33]
          +0.010*[#  10]+0.010*[#  30]+0.006*[#  23]+0.002*[#   5]+0.002*[#  15]
          +0.002*[#  25]
    |psi|^2 = 0.865
==== e(  35) =    26.70121 eV ==== 
     psi = 0.031*[#   2]+0.031*[#   3]+0.031*[#   4]+0.003*[#  11]+0.003*[#  24]
          +0.003*[#  32]
    |psi|^2 = 0.106

 k =   0.0000000000  0.0000000000  0.2500000000
==== e(   1) =   -87.43896 eV ==== 
     psi = 0.316*[#   5]+0.316*[#  15]+0.316*[#  25]+0.011*[#   2]+0.011*[#   3]
          +0.011*[#   4]+0.009*[#   1]+0.003*[#   6]+0.003*[#  16]+0.003*[#  26]
          
    |psi|^2 = 1.000
==== e(   2) =   -87.41815 eV ==== 
     psi = 0.327*[#   5]+0.327*[#  15]+0.327*[#  25]+0.003*[#   6]+0.003*[#  16]
          +0.003*[#  26]+0.002*[#   2]+0.002*[#   3]+0.002*[#   4]+0.002*[#   1]
          
    |psi|^2 = 1.000
==== e(   3) =   -87.41459 eV ==== 
     psi = 0.327*[#   5]+0.327*[#  15]+0.327*[#  25]+0.006*[#   6]+0.006*[#  16]
          +0.006*[#  26]
    |psi|^2 = 1.000
==== e(   4) =   -47.86893 eV ==== 
     psi = 0.116*[#   7]+0.116*[#   8]+0.116*[#  18]+0.116*[#  19]+0.116*[#  27]
          +0.116*[#  29]+0.101*[#   9]+0.101*[#  17]+0.101*[#  28]
    |psi|^2 = 1.000
==== e(   5) =   -47.86893 eV ==== 
     psi = 0.116*[#   7]+0.116*[#   8]+0.116*[#  18]+0.116*[#  19]+0.116*[#  27]
          +0.116*[#  29]+0.101*[#   9]+0.101*[#  17]+0.101*[#  28]
    |psi|^2 = 1.000
==== e(   6) =   -47.86203 eV ==== 
     psi = 0.123*[#   7]+0.123*[#   8]+0.123*[#  18]+0.123*[#  19]+0.123*[#  27]
          +0.123*[#  29]+0.085*[#   9]+0.085*[#  17]+0.085*[#  28]+0.001*[#   1]
          
    |psi|^2 = 1.000
==== e(   7) =   -47.81955 eV ==== 
     psi = 0.166*[#   7]+0.166*[#   8]+0.166*[#  18]+0.166*[#  19]+0.166*[#  27]
          +0.166*[#  29]
    |psi|^2 = 1.000
==== e(   8) =   -47.81955 eV ==== 
     psi = 0.166*[#   7]+0.166*[#   8]+0.166*[#  18]+0.166*[#  19]+0.166*[#  27]
          +0.166*[#  29]
    |psi|^2 = 1.000
==== e(   9) =   -47.81669 eV ==== 
     psi = 0.167*[#   7]+0.167*[#   8]+0.167*[#  18]+0.167*[#  19]+0.167*[#  27]
          +0.167*[#  29]
    |psi|^2 = 1.000
==== e(  10) =   -47.75914 eV ==== 
     psi = 0.248*[#   9]+0.248*[#  17]+0.248*[#  28]+0.043*[#   7]+0.043*[#   8]
          +0.043*[#  18]+0.043*[#  19]+0.043*[#  27]+0.043*[#  29]
    |psi|^2 = 1.000
==== e(  11) =   -47.74874 eV ==== 
     psi = 0.232*[#   9]+0.232*[#  17]+0.232*[#  28]+0.051*[#   7]+0.051*[#   8]
          +0.051*[#  18]+0.051*[#  19]+0.051*[#  27]+0.051*[#  29]
    |psi|^2 = 1.000
==== e(  12) =   -47.74874 eV ==== 
     psi = 0.232*[#   9]+0.232*[#  17]+0.232*[#  28]+0.051*[#   7]+0.051*[#   8]
          +0.051*[#  18]+0.051*[#  19]+0.051*[#  27]+0.051*[#  29]
    |psi|^2 = 1.000
==== e(  13) =     6.30112 eV ==== 
     psi = 0.265*[#   1]+0.199*[#   6]+0.199*[#  16]+0.199*[#  26]+0.030*[#   2]
          +0.030*[#   3]+0.030*[#   4]+0.011*[#   5]+0.011*[#  15]+0.011*[#  25]
          +0.003*[#  20]+0.002*[#  13]+0.002*[#  33]
    |psi|^2 = 0.999
==== e(  14) =    11.00251 eV ==== 
     psi = 0.127*[#   1]+0.086*[#  20]+0.082*[#  13]+0.082*[#  33]+0.074*[#  10]
          +0.074*[#  30]+0.070*[#  23]+0.068*[#   6]+0.068*[#  16]+0.068*[#  26]
          +0.061*[#   2]+0.061*[#   3]+0.061*[#   4]+0.001*[#   5]+0.001*[#  15]
          +0.001*[#  25]
    |psi|^2 = 0.990
==== e(  15) =    11.77565 eV ==== 
     psi = 0.204*[#  20]+0.175*[#  13]+0.175*[#  33]+0.115*[#  10]+0.115*[#  30]
          +0.085*[#  23]+0.024*[#   6]+0.024*[#  16]+0.024*[#  26]+0.014*[#   2]
          +0.014*[#   3]+0.014*[#   4]+0.006*[#   1]
    |psi|^2 = 0.988
==== e(  16) =    12.44608 eV ==== 
     psi = 0.280*[#  23]+0.214*[#  10]+0.214*[#  30]+0.082*[#  13]+0.082*[#  33]
          +0.024*[#   6]+0.024*[#  16]+0.024*[#  26]+0.016*[#  20]
    |psi|^2 = 0.962
==== e(  17) =    12.50829 eV ==== 
     psi = 0.108*[#  12]+0.108*[#  14]+0.108*[#  21]+0.108*[#  22]+0.108*[#  31]
          +0.108*[#  34]+0.097*[#  11]+0.097*[#  24]+0.097*[#  32]+0.015*[#   2]
          +0.015*[#   3]+0.015*[#   4]
    |psi|^2 = 0.986
==== e(  18) =    12.50829 eV ==== 
     psi = 0.108*[#  12]+0.108*[#  14]+0.108*[#  21]+0.108*[#  22]+0.108*[#  31]
          +0.108*[#  34]+0.097*[#  11]+0.097*[#  24]+0.097*[#  32]+0.015*[#   2]
          +0.015*[#   3]+0.015*[#   4]
    |psi|^2 = 0.986
==== e(  19) =    12.57957 eV ==== 
     psi = 0.142*[#  12]+0.142*[#  14]+0.142*[#  21]+0.142*[#  22]+0.142*[#  31]
          +0.142*[#  34]+0.046*[#  11]+0.046*[#  24]+0.046*[#  32]
    |psi|^2 = 0.989
==== e(  20) =    13.93626 eV ==== 
     psi = 0.150*[#  11]+0.150*[#  24]+0.150*[#  32]+0.073*[#  12]+0.073*[#  14]
          +0.073*[#  21]+0.073*[#  22]+0.073*[#  31]+0.073*[#  34]+0.032*[#   2]
          +0.032*[#   3]+0.032*[#   4]
    |psi|^2 = 0.986
==== e(  21) =    13.93626 eV ==== 
     psi = 0.150*[#  11]+0.150*[#  24]+0.150*[#  32]+0.073*[#  12]+0.073*[#  14]
          +0.073*[#  21]+0.073*[#  22]+0.073*[#  31]+0.073*[#  34]+0.032*[#   2]
          +0.032*[#   3]+0.032*[#   4]
    |psi|^2 = 0.986
==== e(  22) =    14.10934 eV ==== 
     psi = 0.282*[#  11]+0.282*[#  24]+0.282*[#  32]+0.024*[#  12]+0.024*[#  14]
          +0.024*[#  21]+0.024*[#  22]+0.024*[#  31]+0.024*[#  34]
    |psi|^2 = 0.991
==== e(  23) =    14.45325 eV ==== 
     psi = 0.163*[#  23]+0.138*[#  10]+0.138*[#  30]+0.089*[#  13]+0.089*[#  33]
          +0.065*[#   1]+0.064*[#  20]+0.057*[#   2]+0.057*[#   3]+0.057*[#   4]
          +0.019*[#   6]+0.019*[#  16]+0.019*[#  26]
    |psi|^2 = 0.977
==== e(  24) =    14.85305 eV ==== 
     psi = 0.127*[#  12]+0.127*[#  14]+0.127*[#  21]+0.127*[#  22]+0.127*[#  31]
          +0.127*[#  34]+0.060*[#  11]+0.060*[#  24]+0.060*[#  32]+0.012*[#   2]
          +0.012*[#   3]+0.012*[#   4]
    |psi|^2 = 0.975
==== e(  25) =    14.85305 eV ==== 
     psi = 0.127*[#  12]+0.127*[#  14]+0.127*[#  21]+0.127*[#  22]+0.127*[#  31]
          +0.127*[#  34]+0.060*[#  11]+0.060*[#  24]+0.060*[#  32]+0.012*[#   2]
          +0.012*[#   3]+0.012*[#   4]
    |psi|^2 = 0.975
==== e(  26) =    14.94104 eV ==== 
     psi = 0.277*[#  20]+0.208*[#  13]+0.208*[#  33]+0.070*[#  10]+0.070*[#  30]
          +0.038*[#   1]+0.021*[#   2]+0.021*[#   3]+0.021*[#   4]+0.013*[#   6]
          +0.013*[#  16]+0.013*[#  26]+0.001*[#  23]
    |psi|^2 = 0.978
==== e(  27) =    15.04461 eV ==== 
     psi = 0.252*[#  20]+0.209*[#  13]+0.209*[#  33]+0.123*[#  10]+0.123*[#  30]
          +0.080*[#  23]+0.001*[#   6]+0.001*[#  16]+0.001*[#  26]
    |psi|^2 = 0.999
==== e(  28) =    15.18953 eV ==== 
     psi = 0.273*[#  23]+0.220*[#  10]+0.220*[#  30]+0.113*[#  13]+0.113*[#  33]
          +0.060*[#  20]
    |psi|^2 = 0.998
==== e(  29) =    15.67648 eV ==== 
     psi = 0.167*[#  12]+0.167*[#  14]+0.167*[#  21]+0.167*[#  22]+0.167*[#  31]
          +0.167*[#  34]
    |psi|^2 = 1.000
==== e(  30) =    18.11771 eV ==== 
     psi = 0.213*[#   2]+0.213*[#   3]+0.213*[#   4]+0.023*[#  12]+0.023*[#  14]
          +0.023*[#  21]+0.023*[#  22]+0.023*[#  31]+0.023*[#  34]+0.018*[#  11]
          +0.018*[#  24]+0.018*[#  32]
    |psi|^2 = 0.831
==== e(  31) =    18.11771 eV ==== 
     psi = 0.213*[#   2]+0.213*[#   3]+0.213*[#   4]+0.023*[#  12]+0.023*[#  14]
          +0.023*[#  21]+0.023*[#  22]+0.023*[#  31]+0.023*[#  34]+0.018*[#  11]
          +0.018*[#  24]+0.018*[#  32]
    |psi|^2 = 0.831
==== e(  32) =    22.01783 eV ==== 
     psi = 0.150*[#   6]+0.150*[#  16]+0.150*[#  26]+0.032*[#  23]+0.025*[#  10]
          +0.025*[#  30]+0.011*[#  13]+0.011*[#  33]+0.004*[#  20]+0.003*[#   5]
          +0.003*[#  15]+0.003*[#  25]
    |psi|^2 = 0.569
==== e(  33) =    22.64336 eV ==== 
     psi = 0.389*[#   1]+0.132*[#   6]+0.132*[#  16]+0.132*[#  26]+0.018*[#  20]
          +0.016*[#  13]+0.016*[#  33]+0.012*[#  10]+0.012*[#  30]+0.010*[#  23]
          +0.005*[#   2]+0.005*[#   3]+0.005*[#   4]+0.002*[#   5]+0.002*[#  15]
          +0.002*[#  25]
    |psi|^2 = 0.888
==== e(  34) =    24.72182 eV ==== 
     psi = 0.047*[#   2]+0.047*[#   3]+0.047*[#   4]+0.007*[#  11]+0.007*[#  24]
          +0.007*[#  32]+0.002*[#  12]+0.002*[#  14]+0.002*[#  21]+0.002*[#  22]
          +0.002*[#  31]+0.002*[#  34]
    |psi|^2 = 0.174
==== e(  35) =    24.72182 eV ==== 
     psi = 0.047*[#   2]+0.047*[#   3]+0.047*[#   4]+0.007*[#  11]+0.007*[#  24]
          +0.007*[#  32]+0.002*[#  12]+0.002*[#  14]+0.002*[#  21]+0.002*[#  22]
          +0.002*[#  31]+0.002*[#  34]
    |psi|^2 = 0.174

 k =   0.0000000000  0.0000000000  0.3750000000
==== e(   1) =   -87.43537 eV ==== 
     psi = 0.312*[#   5]+0.312*[#  15]+0.312*[#  25]+0.019*[#   2]+0.019*[#   3]
          +0.019*[#   4]+0.004*[#   1]
    |psi|^2 = 1.000
==== e(   2) =   -87.42169 eV ==== 
     psi = 0.328*[#   5]+0.328*[#  15]+0.328*[#  25]+0.006*[#   1]+0.002*[#   2]
          +0.002*[#   3]+0.002*[#   4]+0.001*[#   6]+0.001*[#  16]+0.001*[#  26]
          
    |psi|^2 = 1.000
==== e(   3) =   -87.41459 eV ==== 
     psi = 0.327*[#   5]+0.327*[#  15]+0.327*[#  25]+0.006*[#   6]+0.006*[#  16]
          +0.006*[#  26]
    |psi|^2 = 1.000
==== e(   4) =   -47.85996 eV ==== 
     psi = 0.117*[#   7]+0.117*[#   8]+0.117*[#  18]+0.117*[#  19]+0.117*[#  27]
          +0.117*[#  29]+0.098*[#   9]+0.098*[#  17]+0.098*[#  28]
    |psi|^2 = 1.000
==== e(   5) =   -47.85996 eV ==== 
     psi = 0.117*[#   7]+0.117*[#   8]+0.117*[#  18]+0.117*[#  19]+0.117*[#  27]
          +0.117*[#  29]+0.098*[#   9]+0.098*[#  17]+0.098*[#  28]
    |psi|^2 = 1.000
==== e(   6) =   -47.84635 eV ==== 
     psi = 0.142*[#   7]+0.142*[#   8]+0.142*[#  18]+0.142*[#  19]+0.142*[#  27]
          +0.142*[#  29]+0.047*[#   9]+0.047*[#  17]+0.047*[#  28]+0.002*[#   1]
          
    |psi|^2 = 1.000
==== e(   7) =   -47.82344 eV ==== 
     psi = 0.166*[#   7]+0.166*[#   8]+0.166*[#  18]+0.166*[#  19]+0.166*[#  27]
          +0.166*[#  29]
    |psi|^2 = 1.000
==== e(   8) =   -47.82344 eV ==== 
     psi = 0.166*[#   7]+0.166*[#   8]+0.166*[#  18]+0.166*[#  19]+0.166*[#  27]
          +0.166*[#  29]
    |psi|^2 = 1.000
==== e(   9) =   -47.81691 eV ==== 
     psi = 0.167*[#   7]+0.167*[#   8]+0.167*[#  18]+0.167*[#  19]+0.167*[#  27]
          +0.167*[#  29]
    |psi|^2 = 1.000
==== e(  10) =   -47.77587 eV ==== 
     psi = 0.285*[#   9]+0.285*[#  17]+0.285*[#  28]+0.024*[#   7]+0.024*[#   8]
          +0.024*[#  18]+0.024*[#  19]+0.024*[#  27]+0.024*[#  29]
    |psi|^2 = 1.000
==== e(  11) =   -47.75370 eV ==== 
     psi = 0.234*[#   9]+0.234*[#  17]+0.234*[#  28]+0.050*[#   7]+0.050*[#   8]
          +0.050*[#  18]+0.050*[#  19]+0.050*[#  27]+0.050*[#  29]
    |psi|^2 = 1.000
==== e(  12) =   -47.75370 eV ==== 
     psi = 0.234*[#   9]+0.234*[#  17]+0.234*[#  28]+0.050*[#   7]+0.050*[#   8]
          +0.050*[#  18]+0.050*[#  19]+0.050*[#  27]+0.050*[#  29]
    |psi|^2 = 1.000
==== e(  13) =     7.19025 eV ==== 
     psi = 0.312*[#   1]+0.171*[#   6]+0.171*[#  16]+0.171*[#  26]+0.042*[#   2]
          +0.042*[#   3]+0.042*[#   4]+0.008*[#   5]+0.008*[#  15]+0.008*[#  25]
          +0.005*[#  20]+0.004*[#  13]+0.004*[#  33]+0.002*[#  10]+0.002*[#  30]
          +0.001*[#  23]
    |psi|^2 = 0.998
==== e(  14) =     9.86359 eV ==== 
     psi = 0.167*[#   1]+0.114*[#   6]+0.114*[#  16]+0.114*[#  26]+0.102*[#   2]
          +0.102*[#   3]+0.102*[#   4]+0.035*[#  23]+0.031*[#  10]+0.031*[#  30]
          +0.023*[#  13]+0.023*[#  33]+0.019*[#  20]+0.005*[#   5]+0.005*[#  15]
          +0.005*[#  25]
    |psi|^2 = 0.995
==== e(  15) =    12.00665 eV ==== 
     psi = 0.248*[#  20]+0.199*[#  13]+0.199*[#  33]+0.102*[#  10]+0.102*[#  30]
          +0.054*[#  23]+0.019*[#   6]+0.019*[#  16]+0.019*[#  26]+0.006*[#   1]
          +0.006*[#   2]+0.006*[#   3]+0.006*[#   4]
    |psi|^2 = 0.986
==== e(  16) =    12.58786 eV ==== 
     psi = 0.137*[#  11]+0.137*[#  24]+0.137*[#  32]+0.078*[#  12]+0.078*[#  14]
          +0.078*[#  21]+0.078*[#  22]+0.078*[#  31]+0.078*[#  34]+0.036*[#   2]
          +0.036*[#   3]+0.036*[#   4]
    |psi|^2 = 0.990
==== e(  17) =    12.58786 eV ==== 
     psi = 0.137*[#  11]+0.137*[#  24]+0.137*[#  32]+0.078*[#  12]+0.078*[#  14]
          +0.078*[#  21]+0.078*[#  22]+0.078*[#  31]+0.078*[#  34]+0.036*[#   2]
          +0.036*[#   3]+0.036*[#   4]
    |psi|^2 = 0.990
==== e(  18) =    12.72823 eV ==== 
     psi = 0.156*[#  12]+0.156*[#  14]+0.156*[#  21]+0.156*[#  22]+0.156*[#  31]
          +0.156*[#  34]+0.019*[#  11]+0.019*[#  24]+0.019*[#  32]
    |psi|^2 = 0.992
==== e(  19) =    12.86679 eV ==== 
     psi = 0.296*[#  23]+0.224*[#  10]+0.224*[#  30]+0.080*[#  13]+0.080*[#  33]
          +0.009*[#   6]+0.009*[#  16]+0.009*[#  26]+0.008*[#  20]
    |psi|^2 = 0.940
==== e(  20) =    13.71979 eV ==== 
     psi = 0.127*[#  12]+0.127*[#  14]+0.127*[#  21]+0.127*[#  22]+0.127*[#  31]
          +0.127*[#  34]+0.051*[#  11]+0.051*[#  24]+0.051*[#  32]+0.017*[#   2]
          +0.017*[#   3]+0.017*[#   4]
    |psi|^2 = 0.964
==== e(  21) =    13.71979 eV ==== 
     psi = 0.127*[#  12]+0.127*[#  14]+0.127*[#  21]+0.127*[#  22]+0.127*[#  31]
          +0.127*[#  34]+0.051*[#  11]+0.051*[#  24]+0.051*[#  32]+0.017*[#   2]
          +0.017*[#   3]+0.017*[#   4]
    |psi|^2 = 0.964
==== e(  22) =    13.95090 eV ==== 
     psi = 0.309*[#  11]+0.309*[#  24]+0.309*[#  32]+0.010*[#  12]+0.010*[#  14]
          +0.010*[#  21]+0.010*[#  22]+0.010*[#  31]+0.010*[#  34]
    |psi|^2 = 0.987
==== e(  23) =    14.04462 eV ==== 
     psi = 0.233*[#  23]+0.188*[#  10]+0.188*[#  30]+0.098*[#  13]+0.098*[#  33]
          +0.053*[#  20]+0.024*[#   1]+0.020*[#   2]+0.020*[#   3]+0.020*[#   4]
          +0.014*[#   6]+0.014*[#  16]+0.014*[#  26]
    |psi|^2 = 0.987
==== e(  24) =    14.58546 eV ==== 
     psi = 0.112*[#  11]+0.112*[#  24]+0.112*[#  32]+0.108*[#  12]+0.108*[#  14]
          +0.108*[#  21]+0.108*[#  22]+0.108*[#  31]+0.108*[#  34]
    |psi|^2 = 0.987
==== e(  25) =    14.58546 eV ==== 
     psi = 0.112*[#  11]+0.112*[#  24]+0.112*[#  32]+0.108*[#  12]+0.108*[#  14]
          +0.108*[#  21]+0.108*[#  22]+0.108*[#  31]+0.108*[#  34]
    |psi|^2 = 0.987
==== e(  26) =    14.60644 eV ==== 
     psi = 0.315*[#  20]+0.236*[#  13]+0.236*[#  33]+0.079*[#  10]+0.079*[#  30]
          +0.011*[#   1]+0.010*[#   6]+0.010*[#  16]+0.010*[#  26]+0.001*[#   2]
          +0.001*[#   3]+0.001*[#   4]
    |psi|^2 = 0.992
==== e(  27) =    14.80767 eV ==== 
     psi = 0.247*[#  23]+0.206*[#  10]+0.206*[#  30]+0.123*[#  13]+0.123*[#  33]
          +0.082*[#  20]+0.003*[#   6]+0.003*[#  16]+0.003*[#  26]
    |psi|^2 = 0.996
==== e(  28) =    15.13569 eV ==== 
     psi = 0.241*[#  20]+0.204*[#  13]+0.204*[#  33]+0.129*[#  10]+0.129*[#  30]
          +0.092*[#  23]
    |psi|^2 = 0.999
==== e(  29) =    15.67653 eV ==== 
     psi = 0.167*[#  12]+0.167*[#  14]+0.167*[#  21]+0.167*[#  22]+0.167*[#  31]
          +0.167*[#  34]
    |psi|^2 = 1.000
==== e(  30) =    19.47258 eV ==== 
     psi = 0.184*[#   2]+0.184*[#   3]+0.184*[#   4]+0.020*[#  11]+0.020*[#  24]
          +0.020*[#  32]+0.015*[#  12]+0.015*[#  14]+0.015*[#  21]+0.015*[#  22]
          +0.015*[#  31]+0.015*[#  34]
    |psi|^2 = 0.702
==== e(  31) =    19.47258 eV ==== 
     psi = 0.184*[#   2]+0.184*[#   3]+0.184*[#   4]+0.020*[#  11]+0.020*[#  24]
          +0.020*[#  32]+0.015*[#  12]+0.015*[#  14]+0.015*[#  21]+0.015*[#  22]
          +0.015*[#  31]+0.015*[#  34]
    |psi|^2 = 0.702
==== e(  32) =    21.97588 eV ==== 
     psi = 0.054*[#   6]+0.054*[#  16]+0.054*[#  26]+0.027*[#  23]+0.021*[#  10]
          +0.021*[#  30]+0.008*[#  13]+0.008*[#  33]+0.001*[#  20]+0.001*[#   5]
          +0.001*[#  15]+0.001*[#  25]
    |psi|^2 = 0.250
==== e(  33) =    22.78946 eV ==== 
     psi = 0.082*[#   2]+0.082*[#   3]+0.082*[#   4]+0.012*[#  11]+0.012*[#  24]
          +0.012*[#  32]+0.004*[#  12]+0.004*[#  14]+0.004*[#  21]+0.004*[#  22]
          +0.004*[#  31]+0.004*[#  34]
    |psi|^2 = 0.309
==== e(  34) =    22.78946 eV ==== 
     psi = 0.082*[#   2]+0.082*[#   3]+0.082*[#   4]+0.012*[#  11]+0.012*[#  24]
          +0.012*[#  32]+0.004*[#  12]+0.004*[#  14]+0.004*[#  21]+0.004*[#  22]
          +0.004*[#  31]+0.004*[#  34]
    |psi|^2 = 0.309
==== e(  35) =    22.91810 eV ==== 
     psi = 0.408*[#   1]+0.142*[#   6]+0.142*[#  16]+0.142*[#  26]+0.011*[#  20]
          +0.009*[#  13]+0.009*[#  33]+0.008*[#   2]+0.008*[#   3]+0.008*[#   4]
          +0.006*[#  10]+0.006*[#  30]+0.005*[#  23]+0.002*[#   5]+0.002*[#  15]
          +0.002*[#  25]
    |psi|^2 = 0.912

 k =   0.0000000000  0.0000000000 -0.5000000000
==== e(   1) =   -87.43306 eV ==== 
     psi = 0.309*[#   5]+0.309*[#  15]+0.309*[#  25]+0.024*[#   2]+0.024*[#   3]
          +0.024*[#   4]
    |psi|^2 = 1.000
==== e(   2) =   -87.42384 eV ==== 
     psi = 0.330*[#   5]+0.330*[#  15]+0.330*[#  25]+0.010*[#   1]
    |psi|^2 = 1.000
==== e(   3) =   -87.41459 eV ==== 
     psi = 0.327*[#   5]+0.327*[#  15]+0.327*[#  25]+0.006*[#   6]+0.006*[#  16]
          +0.006*[#  26]
    |psi|^2 = 1.000
==== e(   4) =   -47.85513 eV ==== 
     psi = 0.117*[#   7]+0.117*[#   8]+0.117*[#  18]+0.117*[#  19]+0.117*[#  27]
          +0.117*[#  29]+0.099*[#   9]+0.099*[#  17]+0.099*[#  28]
    |psi|^2 = 1.000
==== e(   5) =   -47.85513 eV ==== 
     psi = 0.117*[#   7]+0.117*[#   8]+0.117*[#  18]+0.117*[#  19]+0.117*[#  27]
          +0.117*[#  29]+0.099*[#   9]+0.099*[#  17]+0.099*[#  28]
    |psi|^2 = 1.000
==== e(   6) =   -47.83543 eV ==== 
     psi = 0.166*[#   7]+0.166*[#   8]+0.166*[#  18]+0.166*[#  19]+0.166*[#  27]
          +0.166*[#  29]+0.003*[#   1]+0.001*[#   6]+0.001*[#  16]+0.001*[#  26]
          
    |psi|^2 = 1.000
==== e(   7) =   -47.82554 eV ==== 
     psi = 0.166*[#   7]+0.166*[#   8]+0.166*[#  18]+0.166*[#  19]+0.166*[#  27]
          +0.166*[#  29]
    |psi|^2 = 1.000
==== e(   8) =   -47.82554 eV ==== 
     psi = 0.166*[#   7]+0.166*[#   8]+0.166*[#  18]+0.166*[#  19]+0.166*[#  27]
          +0.166*[#  29]
    |psi|^2 = 1.000
==== e(   9) =   -47.81720 eV ==== 
     psi = 0.167*[#   7]+0.167*[#   8]+0.167*[#  18]+0.167*[#  19]+0.167*[#  27]
          +0.167*[#  29]
    |psi|^2 = 1.000
==== e(  10) =   -47.78556 eV ==== 
     psi = 0.332*[#   9]+0.332*[#  17]+0.332*[#  28]
    |psi|^2 = 1.000
==== e(  11) =   -47.75516 eV ==== 
     psi = 0.234*[#   9]+0.234*[#  17]+0.234*[#  28]+0.049*[#   7]+0.049*[#   8]
          +0.049*[#  18]+0.049*[#  19]+0.049*[#  27]+0.049*[#  29]
    |psi|^2 = 1.000
==== e(  12) =   -47.75516 eV ==== 
     psi = 0.234*[#   9]+0.234*[#  17]+0.234*[#  28]+0.049*[#   7]+0.049*[#   8]
          +0.049*[#  18]+0.049*[#  19]+0.049*[#  27]+0.049*[#  29]
    |psi|^2 = 1.000
==== e(  13) =     8.06506 eV ==== 
     psi = 0.510*[#   1]+0.146*[#   6]+0.146*[#  16]+0.146*[#  26]+0.013*[#  20]
          +0.010*[#  13]+0.010*[#  33]+0.003*[#  10]+0.003*[#  30]+0.001*[#   5]
          +0.001*[#  15]+0.001*[#  25]+0.001*[#   7]+0.001*[#   8]+0.001*[#  18]
          +0.001*[#  19]+0.001*[#  27]+0.001*[#  29]
    |psi|^2 = 0.996
==== e(  14) =     8.83651 eV ==== 
     psi = 0.155*[#   2]+0.155*[#   3]+0.155*[#   4]+0.143*[#   6]+0.143*[#  16]
          +0.143*[#  26]+0.021*[#  23]+0.016*[#  10]+0.016*[#  30]+0.012*[#   5]
          +0.012*[#  15]+0.012*[#  25]+0.005*[#  13]+0.005*[#  33]+0.001*[#   9]
          +0.001*[#  17]+0.001*[#  28]
    |psi|^2 = 0.999
==== e(  15) =    12.13530 eV ==== 
     psi = 0.248*[#  20]+0.200*[#  13]+0.200*[#  33]+0.103*[#  10]+0.103*[#  30]
          +0.055*[#  23]+0.020*[#   6]+0.020*[#  16]+0.020*[#  26]+0.005*[#   2]
          +0.005*[#   3]+0.005*[#   4]
    |psi|^2 = 0.985
==== e(  16) =    12.62468 eV ==== 
     psi = 0.161*[#  11]+0.161*[#  24]+0.161*[#  32]+0.060*[#  12]+0.060*[#  14]
          +0.060*[#  21]+0.060*[#  22]+0.060*[#  31]+0.060*[#  34]+0.050*[#   2]
          +0.050*[#   3]+0.050*[#   4]
    |psi|^2 = 0.995
==== e(  17) =    12.62468 eV ==== 
     psi = 0.161*[#  11]+0.161*[#  24]+0.161*[#  32]+0.060*[#  12]+0.060*[#  14]
          +0.060*[#  21]+0.060*[#  22]+0.060*[#  31]+0.060*[#  34]+0.050*[#   2]
          +0.050*[#   3]+0.050*[#   4]
    |psi|^2 = 0.995
==== e(  18) =    12.80299 eV ==== 
     psi = 0.166*[#  12]+0.166*[#  14]+0.166*[#  21]+0.166*[#  22]+0.166*[#  31]
          +0.166*[#  34]
    |psi|^2 = 0.994
==== e(  19) =    13.09779 eV ==== 
     psi = 0.308*[#  23]+0.231*[#  10]+0.231*[#  30]+0.077*[#  13]+0.077*[#  33]
          
    |psi|^2 = 0.925
==== e(  20) =    13.63834 eV ==== 
     psi = 0.158*[#  12]+0.158*[#  14]+0.158*[#  21]+0.158*[#  22]+0.158*[#  31]
          +0.158*[#  34]
    |psi|^2 = 0.949
==== e(  21) =    13.63834 eV ==== 
     psi = 0.158*[#  12]+0.158*[#  14]+0.158*[#  21]+0.158*[#  22]+0.158*[#  31]
          +0.158*[#  34]
    |psi|^2 = 0.949
==== e(  22) =    13.87262 eV ==== 
     psi = 0.328*[#  11]+0.328*[#  24]+0.328*[#  32]
    |psi|^2 = 0.985
==== e(  23) =    13.95980 eV ==== 
     psi = 0.250*[#  23]+0.203*[#  10]+0.203*[#  30]+0.109*[#  13]+0.109*[#  33]
          +0.063*[#  20]+0.010*[#   2]+0.010*[#   3]+0.010*[#   4]+0.008*[#   6]
          +0.008*[#  16]+0.008*[#  26]
    |psi|^2 = 0.993
==== e(  24) =    14.45436 eV ==== 
     psi = 0.317*[#  20]+0.238*[#  13]+0.238*[#  33]+0.079*[#  10]+0.079*[#  30]
          +0.012*[#   6]+0.012*[#  16]+0.012*[#  26]+0.007*[#   1]
    |psi|^2 = 0.995
==== e(  25) =    14.48797 eV ==== 
     psi = 0.136*[#  11]+0.136*[#  24]+0.136*[#  32]+0.097*[#  12]+0.097*[#  14]
          +0.097*[#  21]+0.097*[#  22]+0.097*[#  31]+0.097*[#  34]
    |psi|^2 = 0.995
==== e(  26) =    14.48797 eV ==== 
     psi = 0.136*[#  11]+0.136*[#  24]+0.136*[#  32]+0.097*[#  12]+0.097*[#  14]
          +0.097*[#  21]+0.097*[#  22]+0.097*[#  31]+0.097*[#  34]
    |psi|^2 = 0.995
==== e(  27) =    14.63113 eV ==== 
     psi = 0.255*[#  23]+0.209*[#  10]+0.209*[#  30]+0.117*[#  13]+0.117*[#  33]
          +0.071*[#  20]+0.007*[#   6]+0.007*[#  16]+0.007*[#  26]
    |psi|^2 = 0.999
==== e(  28) =    15.13605 eV ==== 
     psi = 0.260*[#  20]+0.213*[#  13]+0.213*[#  33]+0.120*[#  10]+0.120*[#  30]
          +0.073*[#  23]
    |psi|^2 = 1.000
==== e(  29) =    15.67664 eV ==== 
     psi = 0.167*[#  12]+0.167*[#  14]+0.167*[#  21]+0.167*[#  22]+0.167*[#  31]
          +0.167*[#  34]
    |psi|^2 = 1.000
==== e(  30) =    20.99481 eV ==== 
     psi = 0.270*[#   2]+0.270*[#   3]+0.270*[#   4]+0.034*[#  11]+0.034*[#  24]
          +0.034*[#  32]+0.009*[#  12]+0.009*[#  14]+0.009*[#  21]+0.009*[#  22]
          +0.009*[#  31]+0.009*[#  34]
    |psi|^2 = 0.966
==== e(  31) =    20.99481 eV ==== 
     psi = 0.270*[#   2]+0.270*[#   3]+0.270*[#   4]+0.034*[#  11]+0.034*[#  24]
          +0.034*[#  32]+0.009*[#  12]+0.009*[#  14]+0.009*[#  21]+0.009*[#  22]
          +0.009*[#  31]+0.009*[#  34]
    |psi|^2 = 0.966
==== e(  32) =    21.07218 eV ==== 
     psi = 0.008*[#  12]+0.008*[#  14]+0.008*[#  21]+0.008*[#  22]+0.008*[#  31]
          +0.008*[#  34]
    |psi|^2 = 0.048
==== e(  33) =    21.07218 eV ==== 
     psi = 0.008*[#  12]+0.008*[#  14]+0.008*[#  21]+0.008*[#  22]+0.008*[#  31]
          +0.008*[#  34]
    |psi|^2 = 0.048
==== e(  34) =    21.95490 eV ==== 
     psi = 0.025*[#  23]+0.019*[#  10]+0.019*[#  30]+0.006*[#  13]+0.006*[#  33]
          
    |psi|^2 = 0.075
==== e(  35) =    23.14070 eV ==== 
     psi = 0.443*[#   1]+0.162*[#   6]+0.162*[#  16]+0.162*[#  26]+0.002*[#   5]
          +0.002*[#  15]+0.002*[#  25]+0.002*[#  20]+0.001*[#  13]+0.001*[#  33]
          
    |psi|^2 = 0.938

 k =   0.0000000000  0.1250000000  0.1250000000
==== e(   1) =   -87.44067 eV ==== 
     psi = 0.318*[#   5]+0.318*[#  15]+0.318*[#  25]+0.011*[#   1]+0.006*[#   2]
          +0.006*[#   3]+0.006*[#   4]+0.006*[#   6]+0.006*[#  16]+0.006*[#  26]
          
    |psi|^2 = 1.000
==== e(   2) =   -87.41596 eV ==== 
     psi = 0.327*[#   5]+0.327*[#  15]+0.327*[#  25]+0.005*[#   6]+0.005*[#  16]
          +0.005*[#  26]+0.001*[#   2]+0.001*[#   3]+0.001*[#   4]
    |psi|^2 = 1.000
==== e(   3) =   -87.41512 eV ==== 
     psi = 0.328*[#   5]+0.328*[#  15]+0.328*[#  25]+0.005*[#   6]+0.005*[#  16]
          +0.005*[#  26]
    |psi|^2 = 1.000
==== e(   4) =   -47.87727 eV ==== 
     psi = 0.114*[#   7]+0.114*[#   8]+0.114*[#  18]+0.114*[#  19]+0.114*[#  27]
          +0.114*[#  29]+0.104*[#   9]+0.104*[#  17]+0.104*[#  28]
    |psi|^2 = 1.000
==== e(   5) =   -47.87390 eV ==== 
     psi = 0.115*[#   7]+0.115*[#   8]+0.115*[#  18]+0.115*[#  19]+0.115*[#  27]
          +0.115*[#  29]+0.102*[#   9]+0.102*[#  17]+0.102*[#  28]+0.001*[#   2]
          +0.001*[#   3]+0.001*[#   4]
    |psi|^2 = 1.000
==== e(   6) =   -47.86719 eV ==== 
     psi = 0.118*[#   7]+0.118*[#   8]+0.118*[#  18]+0.118*[#  19]+0.118*[#  27]
          +0.118*[#  29]+0.095*[#   9]+0.095*[#  17]+0.095*[#  28]+0.002*[#   2]
          +0.002*[#   3]+0.002*[#   4]
    |psi|^2 = 1.000
==== e(   7) =   -47.82156 eV ==== 
     psi = 0.166*[#   7]+0.166*[#   8]+0.166*[#  18]+0.166*[#  19]+0.166*[#  27]
          +0.166*[#  29]+0.002*[#   9]+0.002*[#  17]+0.002*[#  28]
    |psi|^2 = 1.000
==== e(   8) =   -47.81778 eV ==== 
     psi = 0.167*[#   7]+0.167*[#   8]+0.167*[#  18]+0.167*[#  19]+0.167*[#  27]
          +0.167*[#  29]
    |psi|^2 = 1.000
==== e(   9) =   -47.81297 eV ==== 
     psi = 0.166*[#   7]+0.166*[#   8]+0.166*[#  18]+0.166*[#  19]+0.166*[#  27]
          +0.166*[#  29]
    |psi|^2 = 1.000
==== e(  10) =   -47.75450 eV ==== 
     psi = 0.227*[#   9]+0.227*[#  17]+0.227*[#  28]+0.053*[#   7]+0.053*[#   8]
          +0.053*[#  18]+0.053*[#  19]+0.053*[#  27]+0.053*[#  29]
    |psi|^2 = 1.000
==== e(  11) =   -47.74606 eV ==== 
     psi = 0.231*[#   9]+0.231*[#  17]+0.231*[#  28]+0.051*[#   7]+0.051*[#   8]
          +0.051*[#  18]+0.051*[#  19]+0.051*[#  27]+0.051*[#  29]
    |psi|^2 = 1.000
==== e(  12) =   -47.74128 eV ==== 
     psi = 0.237*[#   9]+0.237*[#  17]+0.237*[#  28]+0.048*[#   7]+0.048*[#   8]
          +0.048*[#  18]+0.048*[#  19]+0.048*[#  27]+0.048*[#  29]
    |psi|^2 = 1.000
==== e(  13) =     5.92982 eV ==== 
     psi = 0.254*[#   1]+0.214*[#   6]+0.214*[#  16]+0.214*[#  26]+0.019*[#   2]
          +0.019*[#   3]+0.019*[#   4]+0.012*[#   5]+0.012*[#  15]+0.012*[#  25]
          +0.002*[#  20]+0.002*[#  13]+0.002*[#  33]
    |psi|^2 = 0.999
==== e(  14) =    11.39068 eV ==== 
     psi = 0.274*[#  20]+0.206*[#  13]+0.206*[#  33]+0.081*[#   1]+0.070*[#  10]
          +0.070*[#  30]+0.021*[#   6]+0.021*[#  16]+0.021*[#  26]+0.004*[#   2]
          +0.004*[#   3]+0.004*[#   4]+0.002*[#  23]+0.001*[#  11]+0.001*[#  24]
          +0.001*[#  32]
    |psi|^2 = 0.989
==== e(  15) =    11.86592 eV ==== 
     psi = 0.227*[#  23]+0.176*[#  10]+0.176*[#  30]+0.073*[#  13]+0.073*[#  33]
          +0.044*[#   6]+0.044*[#  16]+0.044*[#  26]+0.033*[#   2]+0.033*[#   3]
          +0.033*[#   4]+0.022*[#  20]
    |psi|^2 = 0.984
==== e(  16) =    12.10658 eV ==== 
     psi = 0.249*[#  23]+0.193*[#  10]+0.193*[#  30]+0.082*[#  13]+0.082*[#  33]
          +0.034*[#   6]+0.034*[#  16]+0.034*[#  26]+0.027*[#  20]+0.012*[#   2]
          +0.012*[#   3]+0.012*[#   4]+0.003*[#  11]+0.003*[#  24]+0.003*[#  32]
          +0.002*[#   1]
    |psi|^2 = 0.976
==== e(  17) =    12.42005 eV ==== 
     psi = 0.123*[#  12]+0.123*[#  14]+0.123*[#  21]+0.123*[#  22]+0.123*[#  31]
          +0.123*[#  34]+0.077*[#  11]+0.077*[#  24]+0.077*[#  32]+0.006*[#   2]
          +0.006*[#   3]+0.006*[#   4]
    |psi|^2 = 0.988
==== e(  18) =    12.45772 eV ==== 
     psi = 0.119*[#  12]+0.119*[#  14]+0.119*[#  21]+0.119*[#  22]+0.119*[#  31]
          +0.119*[#  34]+0.077*[#  11]+0.077*[#  24]+0.077*[#  32]+0.005*[#  23]
          +0.005*[#   2]+0.005*[#   3]+0.005*[#   4]+0.004*[#  10]+0.004*[#  30]
          +0.003*[#  13]+0.003*[#  33]+0.002*[#  20]+0.001*[#   6]+0.001*[#  16]
          +0.001*[#  26]+0.001*[#   1]
    |psi|^2 = 0.986
==== e(  19) =    12.55123 eV ==== 
     psi = 0.134*[#  12]+0.134*[#  14]+0.134*[#  21]+0.134*[#  22]+0.134*[#  31]
          +0.134*[#  34]+0.061*[#  11]+0.061*[#  24]+0.061*[#  32]
    |psi|^2 = 0.984
==== e(  20) =    13.95459 eV ==== 
     psi = 0.217*[#  11]+0.217*[#  24]+0.217*[#  32]+0.045*[#  12]+0.045*[#  14]
          +0.045*[#  21]+0.045*[#  22]+0.045*[#  31]+0.045*[#  34]+0.023*[#   2]
          +0.023*[#   3]+0.023*[#   4]
    |psi|^2 = 0.993
==== e(  21) =    14.09608 eV ==== 
     psi = 0.207*[#  11]+0.207*[#  24]+0.207*[#  32]+0.044*[#  12]+0.044*[#  14]
          +0.044*[#  21]+0.044*[#  22]+0.044*[#  31]+0.044*[#  34]+0.022*[#   2]
          +0.022*[#   3]+0.022*[#   4]+0.012*[#   1]+0.005*[#  23]+0.005*[#  10]
          +0.005*[#  30]+0.004*[#  13]+0.004*[#  33]+0.003*[#  20]
    |psi|^2 = 0.992
==== e(  22) =    14.34491 eV ==== 
     psi = 0.268*[#  11]+0.268*[#  24]+0.268*[#  32]+0.032*[#  12]+0.032*[#  14]
          +0.032*[#  21]+0.032*[#  22]+0.032*[#  31]+0.032*[#  34]
    |psi|^2 = 0.994
==== e(  23) =    14.72308 eV ==== 
     psi = 0.085*[#  12]+0.085*[#  14]+0.085*[#  21]+0.085*[#  22]+0.085*[#  31]
          +0.085*[#  34]+0.072*[#   2]+0.072*[#   3]+0.072*[#   4]+0.052*[#  23]
          +0.044*[#  10]+0.044*[#  30]+0.029*[#  13]+0.029*[#  33]+0.021*[#  20]
          +0.010*[#   6]+0.010*[#  16]+0.010*[#  26]
    |psi|^2 = 0.974
==== e(  24) =    14.97445 eV ==== 
     psi = 0.271*[#  20]+0.207*[#  13]+0.207*[#  33]+0.081*[#  10]+0.081*[#  30]
          +0.021*[#  12]+0.021*[#  14]+0.021*[#  21]+0.021*[#  22]+0.021*[#  31]
          +0.021*[#  34]+0.017*[#  23]+0.002*[#   2]+0.002*[#   3]+0.002*[#   4]
          
    |psi|^2 = 0.994
==== e(  25) =    15.02259 eV ==== 
     psi = 0.297*[#  20]+0.230*[#  13]+0.230*[#  33]+0.098*[#  10]+0.098*[#  30]
          +0.031*[#  23]+0.002*[#   2]+0.002*[#   3]+0.002*[#   4]+0.002*[#   1]
          +0.001*[#   6]+0.001*[#  16]+0.001*[#  26]
    |psi|^2 = 0.998
==== e(  26) =    15.11112 eV ==== 
     psi = 0.134*[#  12]+0.134*[#  14]+0.134*[#  21]+0.134*[#  22]+0.134*[#  31]
          +0.134*[#  34]+0.034*[#   2]+0.034*[#   3]+0.034*[#   4]+0.020*[#  11]
          +0.020*[#  24]+0.020*[#  32]
    |psi|^2 = 0.969
==== e(  27) =    15.30123 eV ==== 
     psi = 0.328*[#  23]+0.246*[#  10]+0.246*[#  30]+0.082*[#  13]+0.082*[#  33]
          +0.003*[#   2]+0.003*[#   3]+0.003*[#   4]
    |psi|^2 = 0.998
==== e(  28) =    15.59191 eV ==== 
     psi = 0.167*[#  12]+0.167*[#  14]+0.167*[#  21]+0.167*[#  22]+0.167*[#  31]
          +0.167*[#  34]
    |psi|^2 = 0.999
==== e(  29) =    16.00939 eV ==== 
     psi = 0.163*[#   1]+0.150*[#   2]+0.150*[#   3]+0.150*[#   4]+0.037*[#  11]
          +0.037*[#  24]+0.037*[#  32]+0.027*[#  20]+0.023*[#  13]+0.023*[#  33]
          +0.015*[#  10]+0.015*[#  30]+0.015*[#   6]+0.015*[#  16]+0.015*[#  26]
          +0.011*[#  23]
    |psi|^2 = 0.888
==== e(  30) =    16.59539 eV ==== 
     psi = 0.142*[#   2]+0.142*[#   3]+0.142*[#   4]+0.060*[#  12]+0.060*[#  14]
          +0.060*[#  21]+0.060*[#  22]+0.060*[#  31]+0.060*[#  34]+0.023*[#   6]
          +0.023*[#  16]+0.023*[#  26]+0.022*[#  23]+0.020*[#  10]+0.020*[#  30]
          +0.017*[#  13]+0.017*[#  33]+0.015*[#  20]
    |psi|^2 = 0.965
==== e(  31) =    17.44638 eV ==== 
     psi = 0.223*[#   2]+0.223*[#   3]+0.223*[#   4]+0.029*[#  12]+0.029*[#  14]
          +0.029*[#  21]+0.029*[#  22]+0.029*[#  31]+0.029*[#  34]+0.013*[#  11]
          +0.013*[#  24]+0.013*[#  32]
    |psi|^2 = 0.883
==== e(  32) =    22.21419 eV ==== 
     psi = 0.165*[#   6]+0.165*[#  16]+0.165*[#  26]+0.105*[#   1]+0.027*[#  23]
          +0.023*[#  10]+0.023*[#  30]+0.014*[#  13]+0.014*[#  33]+0.010*[#  20]
          +0.003*[#   5]+0.003*[#  15]+0.003*[#  25]
    |psi|^2 = 0.723
==== e(  33) =    23.22544 eV ==== 
     psi = 0.166*[#   6]+0.166*[#  16]+0.166*[#  26]+0.031*[#   2]+0.031*[#   3]
          +0.031*[#   4]+0.020*[#  23]+0.016*[#  10]+0.016*[#  30]+0.007*[#  13]
          +0.007*[#  33]+0.004*[#   5]+0.004*[#  15]+0.004*[#  25]+0.003*[#  20]
          
    |psi|^2 = 0.674
==== e(  34) =    23.81820 eV ==== 
     psi = 0.330*[#   1]+0.091*[#   6]+0.091*[#  16]+0.091*[#  26]+0.059*[#   2]
          +0.059*[#   3]+0.059*[#   4]+0.025*[#  20]+0.019*[#  13]+0.019*[#  33]
          +0.008*[#  10]+0.008*[#  30]+0.002*[#   5]+0.002*[#  15]+0.002*[#  23]
          +0.002*[#  25]
    |psi|^2 = 0.865
==== e(  35) =    25.00759 eV ==== 
     psi = 0.045*[#   6]+0.045*[#  16]+0.045*[#  26]+0.043*[#   2]+0.043*[#   3]
          +0.043*[#   4]+0.013*[#   1]+0.005*[#  11]+0.005*[#  24]+0.005*[#  32]
          +0.001*[#   5]+0.001*[#  15]+0.001*[#  25]+0.001*[#  12]+0.001*[#  14]
          +0.001*[#  21]+0.001*[#  22]+0.001*[#  31]+0.001*[#  34]
    |psi|^2 = 0.305

 k =   0.0000000000  0.1250000000  0.2500000000
==== e(   1) =   -87.43811 eV ==== 
     psi = 0.316*[#   5]+0.316*[#  15]+0.316*[#  25]+0.012*[#   2]+0.012*[#   3]
          +0.012*[#   4]+0.008*[#   1]+0.003*[#   6]+0.003*[#  16]+0.003*[#  26]
          
    |psi|^2 = 1.000
==== e(   2) =   -87.41828 eV ==== 
     psi = 0.327*[#   5]+0.327*[#  15]+0.327*[#  25]+0.003*[#   6]+0.003*[#  16]
          +0.003*[#  26]+0.003*[#   2]+0.003*[#   3]+0.003*[#   4]
    |psi|^2 = 1.000
==== e(   3) =   -87.41527 eV ==== 
     psi = 0.328*[#   5]+0.328*[#  15]+0.328*[#  25]+0.005*[#   6]+0.005*[#  16]
          +0.005*[#  26]
    |psi|^2 = 1.000
==== e(   4) =   -47.87247 eV ==== 
     psi = 0.117*[#   7]+0.117*[#   8]+0.117*[#  18]+0.117*[#  19]+0.117*[#  27]
          +0.117*[#  29]+0.098*[#   9]+0.098*[#  17]+0.098*[#  28]+0.001*[#   1]
          
    |psi|^2 = 1.000
==== e(   5) =   -47.86613 eV ==== 
     psi = 0.117*[#   7]+0.117*[#   8]+0.117*[#  18]+0.117*[#  19]+0.117*[#  27]
          +0.117*[#  29]+0.099*[#   9]+0.099*[#  17]+0.099*[#  28]
    |psi|^2 = 1.000
==== e(   6) =   -47.85480 eV ==== 
     psi = 0.128*[#   7]+0.128*[#   8]+0.128*[#  18]+0.128*[#  19]+0.128*[#  27]
          +0.128*[#  29]+0.076*[#   9]+0.076*[#  17]+0.076*[#  28]+0.001*[#   2]
          +0.001*[#   3]+0.001*[#   4]
    |psi|^2 = 1.000
==== e(   7) =   -47.82654 eV ==== 
     psi = 0.162*[#   7]+0.162*[#   8]+0.162*[#  18]+0.162*[#  19]+0.162*[#  27]
          +0.162*[#  29]+0.009*[#   9]+0.009*[#  17]+0.009*[#  28]
    |psi|^2 = 1.000
==== e(   8) =   -47.81994 eV ==== 
     psi = 0.166*[#   7]+0.166*[#   8]+0.166*[#  18]+0.166*[#  19]+0.166*[#  27]
          +0.166*[#  29]
    |psi|^2 = 1.000
==== e(   9) =   -47.80921 eV ==== 
     psi = 0.165*[#   7]+0.165*[#   8]+0.165*[#  18]+0.165*[#  19]+0.165*[#  27]
          +0.165*[#  29]+0.003*[#   9]+0.003*[#  17]+0.003*[#  28]
    |psi|^2 = 1.000
==== e(  10) =   -47.76864 eV ==== 
     psi = 0.229*[#   9]+0.229*[#  17]+0.229*[#  28]+0.052*[#   7]+0.052*[#   8]
          +0.052*[#  18]+0.052*[#  19]+0.052*[#  27]+0.052*[#  29]
    |psi|^2 = 1.000
==== e(  11) =   -47.75098 eV ==== 
     psi = 0.234*[#   9]+0.234*[#  17]+0.234*[#  28]+0.050*[#   7]+0.050*[#   8]
          +0.050*[#  18]+0.050*[#  19]+0.050*[#  27]+0.050*[#  29]
    |psi|^2 = 1.000
==== e(  12) =   -47.74340 eV ==== 
     psi = 0.250*[#   9]+0.250*[#  17]+0.250*[#  28]+0.042*[#   7]+0.042*[#   8]
          +0.042*[#  18]+0.042*[#  19]+0.042*[#  27]+0.042*[#  29]
    |psi|^2 = 1.000
==== e(  13) =     6.48384 eV ==== 
     psi = 0.267*[#   1]+0.190*[#   6]+0.190*[#  16]+0.190*[#  26]+0.038*[#   2]
          +0.038*[#   3]+0.038*[#   4]+0.011*[#   5]+0.011*[#  15]+0.011*[#  25]
          +0.003*[#  20]+0.002*[#  13]+0.002*[#  33]
    |psi|^2 = 0.998
==== e(  14) =    11.11837 eV ==== 
     psi = 0.125*[#   1]+0.085*[#  20]+0.081*[#  13]+0.081*[#  33]+0.072*[#  10]
          +0.072*[#  30]+0.067*[#  23]+0.064*[#   6]+0.064*[#  16]+0.064*[#  26]
          +0.063*[#   2]+0.063*[#   3]+0.063*[#   4]+0.004*[#  11]+0.004*[#  24]
          +0.004*[#  32]+0.001*[#   5]+0.001*[#  12]+0.001*[#  14]+0.001*[#  15]
          +0.001*[#  21]+0.001*[#  22]+0.001*[#  25]+0.001*[#  31]+0.001*[#  34]
          
    |psi|^2 = 0.988
==== e(  15) =    11.79094 eV ==== 
     psi = 0.182*[#  20]+0.158*[#  13]+0.158*[#  33]+0.109*[#  10]+0.109*[#  30]
          +0.085*[#  23]+0.027*[#   6]+0.027*[#  16]+0.027*[#  26]+0.024*[#   2]
          +0.024*[#   3]+0.024*[#   4]+0.014*[#   1]+0.002*[#  12]+0.002*[#  14]
          +0.002*[#  21]+0.002*[#  22]+0.002*[#  31]+0.002*[#  34]+0.002*[#  11]
          +0.002*[#  24]+0.002*[#  32]
    |psi|^2 = 0.986
==== e(  16) =    12.33683 eV ==== 
     psi = 0.180*[#  23]+0.142*[#  10]+0.142*[#  30]+0.066*[#  13]+0.066*[#  33]
          +0.037*[#  11]+0.037*[#  24]+0.037*[#  32]+0.029*[#  20]+0.028*[#   2]
          +0.028*[#   3]+0.028*[#   4]+0.018*[#   6]+0.018*[#  16]+0.018*[#  26]
          +0.015*[#  12]+0.015*[#  14]+0.015*[#  21]+0.015*[#  22]+0.015*[#  31]
          +0.015*[#  34]+0.005*[#   1]
    |psi|^2 = 0.970
==== e(  17) =    12.46207 eV ==== 
     psi = 0.109*[#  12]+0.109*[#  14]+0.109*[#  21]+0.109*[#  22]+0.109*[#  31]
          +0.109*[#  34]+0.096*[#  11]+0.096*[#  24]+0.096*[#  32]+0.015*[#   2]
          +0.015*[#   3]+0.015*[#   4]
    |psi|^2 = 0.990
==== e(  18) =    12.54445 eV ==== 
     psi = 0.087*[#  12]+0.087*[#  14]+0.087*[#  21]+0.087*[#  22]+0.087*[#  31]
          +0.087*[#  34]+0.074*[#  23]+0.062*[#  11]+0.062*[#  24]+0.062*[#  32]
          +0.057*[#  10]+0.057*[#  30]+0.023*[#  13]+0.023*[#  33]+0.010*[#   6]
          +0.010*[#  16]+0.010*[#  26]+0.005*[#  20]+0.003*[#   2]+0.003*[#   3]
          +0.003*[#   4]
    |psi|^2 = 0.984
==== e(  19) =    12.70753 eV ==== 
     psi = 0.136*[#  12]+0.136*[#  14]+0.136*[#  21]+0.136*[#  22]+0.136*[#  31]
          +0.136*[#  34]+0.053*[#  11]+0.053*[#  24]+0.053*[#  32]+0.002*[#   2]
          +0.002*[#   3]+0.002*[#   4]
    |psi|^2 = 0.984
==== e(  20) =    13.67969 eV ==== 
     psi = 0.171*[#  11]+0.171*[#  24]+0.171*[#  32]+0.065*[#  12]+0.065*[#  14]
          +0.065*[#  21]+0.065*[#  22]+0.065*[#  31]+0.065*[#  34]+0.027*[#   2]
          +0.027*[#   3]+0.027*[#   4]
    |psi|^2 = 0.988
==== e(  21) =    13.91067 eV ==== 
     psi = 0.123*[#  11]+0.123*[#  24]+0.123*[#  32]+0.075*[#  12]+0.075*[#  14]
          +0.075*[#  21]+0.075*[#  22]+0.075*[#  31]+0.075*[#  34]+0.027*[#   2]
          +0.027*[#   3]+0.027*[#   4]+0.017*[#  23]+0.014*[#  10]+0.014*[#  30]
          +0.010*[#   1]+0.008*[#  13]+0.008*[#  33]+0.005*[#  20]+0.002*[#   6]
          +0.002*[#  16]+0.002*[#  26]
    |psi|^2 = 0.980
==== e(  22) =    14.17995 eV ==== 
     psi = 0.111*[#  23]+0.087*[#  10]+0.087*[#  30]+0.058*[#  12]+0.058*[#  14]
          +0.058*[#  21]+0.058*[#  22]+0.058*[#  31]+0.058*[#  34]+0.042*[#   2]
          +0.042*[#   3]+0.042*[#   4]+0.038*[#  13]+0.038*[#  33]+0.024*[#   1]
          +0.018*[#  11]+0.018*[#  24]+0.018*[#  32]+0.015*[#   6]+0.015*[#  16]
          +0.015*[#  26]+0.014*[#  20]
    |psi|^2 = 0.976
==== e(  23) =    14.31022 eV ==== 
     psi = 0.254*[#  11]+0.254*[#  24]+0.254*[#  32]+0.036*[#  12]+0.036*[#  14]
          +0.036*[#  21]+0.036*[#  22]+0.036*[#  31]+0.036*[#  34]+0.004*[#   2]
          +0.004*[#   3]+0.004*[#   4]
    |psi|^2 = 0.990
==== e(  24) =    14.72799 eV ==== 
     psi = 0.241*[#  20]+0.192*[#  13]+0.192*[#  33]+0.092*[#  10]+0.092*[#  30]
          +0.043*[#  23]+0.017*[#  12]+0.017*[#  14]+0.017*[#  21]+0.017*[#  22]
          +0.017*[#  31]+0.017*[#  34]+0.009*[#  11]+0.009*[#  24]+0.009*[#  32]
          +0.003*[#   1]+0.002*[#   2]+0.002*[#   3]+0.002*[#   4]+0.001*[#   6]
          +0.001*[#  16]+0.001*[#  26]
    |psi|^2 = 0.995
==== e(  25) =    14.78367 eV ==== 
     psi = 0.126*[#  12]+0.126*[#  14]+0.126*[#  21]+0.126*[#  22]+0.126*[#  31]
          +0.126*[#  34]+0.059*[#  11]+0.059*[#  24]+0.059*[#  32]+0.011*[#   2]
          +0.011*[#   3]+0.011*[#   4]
    |psi|^2 = 0.970
==== e(  26) =    14.98970 eV ==== 
     psi = 0.256*[#  20]+0.209*[#  13]+0.209*[#  33]+0.115*[#  10]+0.115*[#  30]
          +0.068*[#  23]+0.004*[#   1]+0.003*[#   6]+0.003*[#  16]+0.003*[#  26]
          +0.002*[#   2]+0.002*[#   3]+0.002*[#   4]+0.002*[#  11]+0.002*[#  24]
          +0.002*[#  32]
    |psi|^2 = 0.997
==== e(  27) =    15.11770 eV ==== 
     psi = 0.254*[#  23]+0.207*[#  10]+0.207*[#  30]+0.114*[#  13]+0.114*[#  33]
          +0.068*[#  20]+0.004*[#   1]+0.004*[#   2]+0.004*[#   3]+0.004*[#   4]
          +0.002*[#  11]+0.002*[#  24]+0.002*[#  32]+0.001*[#   6]+0.001*[#  16]
          +0.001*[#  26]+0.001*[#  12]+0.001*[#  14]+0.001*[#  21]+0.001*[#  22]
          +0.001*[#  31]+0.001*[#  34]
    |psi|^2 = 0.996
==== e(  28) =    15.36227 eV ==== 
     psi = 0.096*[#   1]+0.068*[#  20]+0.062*[#  13]+0.062*[#  33]+0.050*[#  10]
          +0.050*[#  30]+0.048*[#  11]+0.048*[#  24]+0.048*[#  32]+0.044*[#  23]
          +0.037*[#  12]+0.037*[#  14]+0.037*[#  21]+0.037*[#  22]+0.037*[#  31]
          +0.037*[#  34]+0.032*[#   2]+0.032*[#   3]+0.032*[#   4]+0.019*[#   6]
          +0.019*[#  16]+0.019*[#  26]
    |psi|^2 = 0.953
==== e(  29) =    15.54830 eV ==== 
     psi = 0.166*[#  12]+0.166*[#  14]+0.166*[#  21]+0.166*[#  22]+0.166*[#  31]
          +0.166*[#  34]
    |psi|^2 = 0.998
==== e(  30) =    17.32382 eV ==== 
     psi = 0.138*[#   2]+0.138*[#   3]+0.138*[#   4]+0.056*[#   1]+0.036*[#  12]
          +0.036*[#  14]+0.036*[#  21]+0.036*[#  22]+0.036*[#  31]+0.036*[#  34]
          +0.029*[#   6]+0.029*[#  16]+0.029*[#  26]+0.019*[#  23]+0.017*[#  10]
          +0.017*[#  30]+0.016*[#  11]+0.016*[#  24]+0.016*[#  32]+0.013*[#  13]
          +0.013*[#  33]+0.011*[#  20]
    |psi|^2 = 0.915
==== e(  31) =    18.44407 eV ==== 
     psi = 0.209*[#   2]+0.209*[#   3]+0.209*[#   4]+0.022*[#  12]+0.022*[#  14]
          +0.022*[#  21]+0.022*[#  22]+0.022*[#  31]+0.022*[#  34]+0.019*[#  11]
          +0.019*[#  24]+0.019*[#  32]
    |psi|^2 = 0.820
==== e(  32) =    22.12108 eV ==== 
     psi = 0.063*[#   6]+0.063*[#  16]+0.063*[#  26]+0.060*[#   1]+0.021*[#  23]
          +0.018*[#   2]+0.018*[#   3]+0.018*[#   4]+0.018*[#  10]+0.018*[#  30]
          +0.011*[#  13]+0.011*[#  33]+0.008*[#  20]+0.001*[#   5]+0.001*[#  15]
          +0.001*[#  25]
    |psi|^2 = 0.399
==== e(  33) =    23.17136 eV ==== 
     psi = 0.146*[#   1]+0.137*[#   6]+0.137*[#  16]+0.137*[#  26]+0.026*[#   2]
          +0.026*[#   3]+0.026*[#   4]+0.006*[#  11]+0.006*[#  24]+0.006*[#  32]
          +0.003*[#   5]+0.003*[#  15]+0.003*[#  25]+0.002*[#  12]+0.002*[#  14]
          +0.002*[#  21]+0.002*[#  22]+0.002*[#  31]+0.002*[#  34]+0.002*[#  23]
          +0.001*[#  10]+0.001*[#  30]+0.001*[#  13]+0.001*[#  33]
    |psi|^2 = 0.685
==== e(  34) =    23.74443 eV ==== 
     psi = 0.112*[#   6]+0.112*[#  16]+0.112*[#  26]+0.088*[#   1]+0.067*[#   2]
          +0.067*[#   3]+0.067*[#   4]+0.010*[#  20]+0.010*[#  13]+0.010*[#  33]
          +0.009*[#  10]+0.009*[#  30]+0.009*[#  23]+0.003*[#   5]+0.003*[#  15]
          +0.003*[#  25]+0.002*[#  11]+0.002*[#  24]+0.002*[#  32]
    |psi|^2 = 0.700
==== e(  35) =    24.92160 eV ==== 
     psi = 0.044*[#   2]+0.044*[#   3]+0.044*[#   4]+0.007*[#  11]+0.007*[#  24]
          +0.007*[#  32]+0.002*[#  12]+0.002*[#  14]+0.002*[#  21]+0.002*[#  22]
          +0.002*[#  31]+0.002*[#  34]
    |psi|^2 = 0.165

 k =   0.0000000000  0.1250000000  0.3750000000
==== e(   1) =   -87.43464 eV ==== 
     psi = 0.313*[#   5]+0.313*[#  15]+0.313*[#  25]+0.018*[#   2]+0.018*[#   3]
          +0.018*[#   4]+0.004*[#   1]
    |psi|^2 = 1.000
==== e(   2) =   -87.42170 eV ==== 
     psi = 0.327*[#   5]+0.327*[#  15]+0.327*[#  25]+0.004*[#   1]+0.004*[#   2]
          +0.004*[#   3]+0.004*[#   4]+0.001*[#   6]+0.001*[#  16]+0.001*[#  26]
          
    |psi|^2 = 1.000
==== e(   3) =   -87.41527 eV ==== 
     psi = 0.328*[#   5]+0.328*[#  15]+0.328*[#  25]+0.005*[#   6]+0.005*[#  16]
          +0.005*[#  26]
    |psi|^2 = 1.000
==== e(   4) =   -47.86300 eV ==== 
     psi = 0.122*[#   7]+0.122*[#   8]+0.122*[#  18]+0.122*[#  19]+0.122*[#  27]
          +0.122*[#  29]+0.088*[#   9]+0.088*[#  17]+0.088*[#  28]+0.001*[#   1]
          
    |psi|^2 = 1.000
==== e(   5) =   -47.85681 eV ==== 
     psi = 0.119*[#   7]+0.119*[#   8]+0.119*[#  18]+0.119*[#  19]+0.119*[#  27]
          +0.119*[#  29]+0.094*[#   9]+0.094*[#  17]+0.094*[#  28]
    |psi|^2 = 1.000
==== e(   6) =   -47.84567 eV ==== 
     psi = 0.146*[#   7]+0.146*[#   8]+0.146*[#  18]+0.146*[#  19]+0.146*[#  27]
          +0.146*[#  29]+0.039*[#   9]+0.039*[#  17]+0.039*[#  28]+0.001*[#   1]
          
    |psi|^2 = 1.000
==== e(   7) =   -47.82985 eV ==== 
     psi = 0.156*[#   7]+0.156*[#   8]+0.156*[#  18]+0.156*[#  19]+0.156*[#  27]
          +0.156*[#  29]+0.021*[#   9]+0.021*[#  17]+0.021*[#  28]
    |psi|^2 = 1.000
==== e(   8) =   -47.82324 eV ==== 
     psi = 0.166*[#   7]+0.166*[#   8]+0.166*[#  18]+0.166*[#  19]+0.166*[#  27]
          +0.166*[#  29]
    |psi|^2 = 1.000
==== e(   9) =   -47.80567 eV ==== 
     psi = 0.163*[#   7]+0.163*[#   8]+0.163*[#  18]+0.163*[#  19]+0.163*[#  27]
          +0.163*[#  29]+0.007*[#   9]+0.007*[#  17]+0.007*[#  28]
    |psi|^2 = 1.000
==== e(  10) =   -47.78424 eV ==== 
     psi = 0.246*[#   9]+0.246*[#  17]+0.246*[#  28]+0.043*[#   7]+0.043*[#   8]
          +0.043*[#  18]+0.043*[#  19]+0.043*[#  27]+0.043*[#  29]
    |psi|^2 = 1.000
==== e(  11) =   -47.75662 eV ==== 
     psi = 0.238*[#   9]+0.238*[#  17]+0.238*[#  28]+0.048*[#   7]+0.048*[#   8]
          +0.048*[#  18]+0.048*[#  19]+0.048*[#  27]+0.048*[#  29]
    |psi|^2 = 1.000
==== e(  12) =   -47.74794 eV ==== 
     psi = 0.264*[#   9]+0.264*[#  17]+0.264*[#  28]+0.035*[#   7]+0.035*[#   8]
          +0.035*[#  18]+0.035*[#  19]+0.035*[#  27]+0.035*[#  29]
    |psi|^2 = 1.000
==== e(  13) =     7.36263 eV ==== 
     psi = 0.313*[#   1]+0.162*[#   6]+0.162*[#  16]+0.162*[#  26]+0.050*[#   2]
          +0.050*[#   3]+0.050*[#   4]+0.008*[#   5]+0.008*[#  15]+0.008*[#  25]
          +0.004*[#  20]+0.004*[#  13]+0.004*[#  33]+0.002*[#  10]+0.002*[#  30]
          
    |psi|^2 = 0.998
==== e(  14) =    10.00707 eV ==== 
     psi = 0.161*[#   1]+0.109*[#   6]+0.109*[#  16]+0.109*[#  26]+0.106*[#   2]
          +0.106*[#   3]+0.106*[#   4]+0.035*[#  23]+0.030*[#  10]+0.030*[#  30]
          +0.022*[#  13]+0.022*[#  33]+0.018*[#  20]+0.004*[#   5]+0.004*[#  15]
          +0.004*[#  25]+0.002*[#  11]+0.002*[#  24]+0.002*[#  32]+0.001*[#  12]
          +0.001*[#  14]+0.001*[#  21]+0.001*[#  22]+0.001*[#  31]+0.001*[#  34]
          
    |psi|^2 = 0.994
==== e(  15) =    12.04888 eV ==== 
     psi = 0.224*[#  20]+0.181*[#  13]+0.181*[#  33]+0.095*[#  10]+0.095*[#  30]
          +0.052*[#  23]+0.021*[#   6]+0.021*[#  16]+0.021*[#  26]+0.014*[#   1]
          +0.013*[#   2]+0.013*[#   3]+0.013*[#   4]+0.006*[#  11]+0.006*[#  24]
          +0.006*[#  32]+0.003*[#  12]+0.003*[#  14]+0.003*[#  21]+0.003*[#  22]
          +0.003*[#  31]+0.003*[#  34]
    |psi|^2 = 0.983
==== e(  16) =    12.45566 eV ==== 
     psi = 0.115*[#  11]+0.115*[#  24]+0.115*[#  32]+0.051*[#  12]+0.051*[#  14]
          +0.051*[#  21]+0.051*[#  22]+0.051*[#  31]+0.051*[#  34]+0.047*[#   2]
          +0.047*[#   3]+0.047*[#   4]+0.032*[#  23]+0.030*[#  10]+0.030*[#  30]
          +0.025*[#  13]+0.025*[#  33]+0.023*[#  20]+0.011*[#   1]+0.004*[#   6]
          +0.004*[#  16]+0.004*[#  26]
    |psi|^2 = 0.983
==== e(  17) =    12.54896 eV ==== 
     psi = 0.135*[#  11]+0.135*[#  24]+0.135*[#  32]+0.082*[#  12]+0.082*[#  14]
          +0.082*[#  21]+0.082*[#  22]+0.082*[#  31]+0.082*[#  34]+0.031*[#   2]
          +0.031*[#   3]+0.031*[#   4]
    |psi|^2 = 0.992
==== e(  18) =    12.82665 eV ==== 
     psi = 0.144*[#  12]+0.144*[#  14]+0.144*[#  21]+0.144*[#  22]+0.144*[#  31]
          +0.144*[#  34]+0.035*[#  11]+0.035*[#  24]+0.035*[#  32]+0.006*[#   2]
          +0.006*[#   3]+0.006*[#   4]
    |psi|^2 = 0.989
==== e(  19) =    12.87873 eV ==== 
     psi = 0.233*[#  23]+0.176*[#  10]+0.176*[#  30]+0.062*[#  13]+0.062*[#  33]
          +0.030*[#  12]+0.030*[#  14]+0.030*[#  21]+0.030*[#  22]+0.030*[#  31]
          +0.030*[#  34]+0.012*[#   6]+0.012*[#  16]+0.012*[#  26]+0.008*[#  11]
          +0.008*[#  24]+0.008*[#  32]+0.005*[#  20]+0.001*[#   2]+0.001*[#   3]
          +0.001*[#   4]
    |psi|^2 = 0.959
==== e(  20) =    13.55418 eV ==== 
     psi = 0.109*[#  11]+0.109*[#  24]+0.109*[#  32]+0.102*[#  12]+0.102*[#  14]
          +0.102*[#  21]+0.102*[#  22]+0.102*[#  31]+0.102*[#  34]+0.011*[#   2]
          +0.011*[#   3]+0.011*[#   4]
    |psi|^2 = 0.972
==== e(  21) =    13.62649 eV ==== 
     psi = 0.106*[#  12]+0.106*[#  14]+0.106*[#  21]+0.106*[#  22]+0.106*[#  31]
          +0.106*[#  34]+0.068*[#  23]+0.052*[#  10]+0.052*[#  30]+0.022*[#  11]
          +0.022*[#  24]+0.022*[#  32]+0.020*[#  13]+0.020*[#  33]+0.012*[#   2]
          +0.012*[#   3]+0.012*[#   4]+0.005*[#   6]+0.005*[#  16]+0.005*[#  26]
          +0.004*[#  20]
    |psi|^2 = 0.968
==== e(  22) =    14.03161 eV ==== 
     psi = 0.144*[#  23]+0.120*[#  10]+0.120*[#  30]+0.070*[#  13]+0.070*[#  33]
          +0.046*[#  20]+0.042*[#  11]+0.042*[#  24]+0.042*[#  32]+0.032*[#  12]
          +0.032*[#  14]+0.032*[#  21]+0.032*[#  22]+0.032*[#  31]+0.032*[#  34]
          +0.017*[#   1]+0.012*[#   6]+0.012*[#  16]+0.012*[#  26]+0.011*[#   2]
          +0.011*[#   3]+0.011*[#   4]
    |psi|^2 = 0.981
==== e(  23) =    14.07565 eV ==== 
     psi = 0.197*[#  11]+0.197*[#  24]+0.197*[#  32]+0.063*[#  12]+0.063*[#  14]
          +0.063*[#  21]+0.063*[#  22]+0.063*[#  31]+0.063*[#  34]+0.003*[#   2]
          +0.003*[#   3]+0.003*[#   4]
    |psi|^2 = 0.975
==== e(  24) =    14.40845 eV ==== 
     psi = 0.180*[#  20]+0.148*[#  13]+0.148*[#  33]+0.085*[#  10]+0.085*[#  30]
          +0.054*[#  23]+0.034*[#  11]+0.034*[#  24]+0.034*[#  32]+0.029*[#  12]
          +0.029*[#  14]+0.029*[#  21]+0.029*[#  22]+0.029*[#  31]+0.029*[#  34]
          +0.003*[#   6]+0.003*[#  16]+0.003*[#  26]+0.002*[#   2]+0.002*[#   3]
          +0.002*[#   4]+0.001*[#   1]
    |psi|^2 = 0.993
==== e(  25) =    14.58136 eV ==== 
     psi = 0.152*[#  11]+0.152*[#  24]+0.152*[#  32]+0.089*[#  12]+0.089*[#  14]
          +0.089*[#  21]+0.089*[#  22]+0.089*[#  31]+0.089*[#  34]
    |psi|^2 = 0.989
==== e(  26) =    14.75652 eV ==== 
     psi = 0.182*[#  23]+0.166*[#  10]+0.166*[#  30]+0.134*[#  13]+0.134*[#  33]
          +0.117*[#  20]+0.011*[#  11]+0.011*[#  24]+0.011*[#  32]+0.006*[#  12]
          +0.006*[#  14]+0.006*[#  21]+0.006*[#  22]+0.006*[#  31]+0.006*[#  34]
          +0.006*[#   6]+0.006*[#  16]+0.006*[#  26]+0.005*[#   1]+0.001*[#   2]
          +0.001*[#   3]+0.001*[#   4]
    |psi|^2 = 0.996
==== e(  27) =    14.93855 eV ==== 
     psi = 0.138*[#  20]+0.112*[#  13]+0.112*[#  33]+0.062*[#  10]+0.062*[#  30]
          +0.052*[#  11]+0.052*[#  24]+0.052*[#  32]+0.041*[#  12]+0.041*[#  14]
          +0.041*[#  21]+0.041*[#  22]+0.041*[#  31]+0.041*[#  34]+0.036*[#  23]
          +0.025*[#   1]+0.009*[#   6]+0.009*[#  16]+0.009*[#  26]+0.003*[#   2]
          +0.003*[#   3]+0.003*[#   4]
    |psi|^2 = 0.985
==== e(  28) =    15.08112 eV ==== 
     psi = 0.206*[#  20]+0.183*[#  13]+0.183*[#  33]+0.138*[#  10]+0.138*[#  30]
          +0.115*[#  23]+0.003*[#  12]+0.003*[#  14]+0.003*[#  21]+0.003*[#  22]
          +0.003*[#  31]+0.003*[#  34]+0.003*[#  11]+0.003*[#  24]+0.003*[#  32]
          +0.002*[#   1]+0.001*[#   6]+0.001*[#  16]+0.001*[#  26]
    |psi|^2 = 0.996
==== e(  29) =    15.53975 eV ==== 
     psi = 0.166*[#  12]+0.166*[#  14]+0.166*[#  21]+0.166*[#  22]+0.166*[#  31]
          +0.166*[#  34]
    |psi|^2 = 0.997
==== e(  30) =    18.37694 eV ==== 
     psi = 0.130*[#   2]+0.130*[#   3]+0.130*[#   4]+0.076*[#   1]+0.041*[#   6]
          +0.041*[#  16]+0.041*[#  26]+0.021*[#  12]+0.021*[#  14]+0.021*[#  21]
          +0.021*[#  22]+0.021*[#  31]+0.021*[#  34]+0.021*[#  11]+0.021*[#  24]
          +0.021*[#  32]+0.017*[#  23]+0.014*[#  10]+0.014*[#  30]+0.010*[#  13]
          +0.010*[#  33]+0.007*[#  20]
    |psi|^2 = 0.856
==== e(  31) =    19.73439 eV ==== 
     psi = 0.184*[#   2]+0.184*[#   3]+0.184*[#   4]+0.021*[#  11]+0.021*[#  24]
          +0.021*[#  32]+0.014*[#  12]+0.014*[#  14]+0.014*[#  21]+0.014*[#  22]
          +0.014*[#  31]+0.014*[#  34]
    |psi|^2 = 0.703
==== e(  32) =    21.02306 eV ==== 
     psi = 0.071*[#   2]+0.071*[#   3]+0.071*[#   4]+0.046*[#   6]+0.046*[#  16]
          +0.046*[#  26]+0.011*[#   1]+0.009*[#  23]+0.008*[#  10]+0.008*[#  11]
          +0.008*[#  24]+0.008*[#  30]+0.008*[#  32]+0.006*[#  12]+0.006*[#  14]
          +0.006*[#  21]+0.006*[#  22]+0.006*[#  31]+0.006*[#  34]+0.005*[#  13]
          +0.005*[#  33]+0.004*[#  20]+0.003*[#   5]+0.003*[#  15]+0.003*[#  25]
          
    |psi|^2 = 0.466
==== e(  33) =    22.65496 eV ==== 
     psi = 0.192*[#   1]+0.118*[#   6]+0.118*[#  16]+0.118*[#  26]+0.011*[#  23]
          +0.008*[#  10]+0.008*[#  30]+0.004*[#  11]+0.004*[#  13]+0.004*[#  24]
          +0.004*[#  32]+0.004*[#  33]+0.003*[#   2]+0.003*[#   3]+0.003*[#   4]
          +0.002*[#  20]+0.002*[#   5]+0.002*[#  15]+0.002*[#  25]
    |psi|^2 = 0.618
==== e(  34) =    22.99696 eV ==== 
     psi = 0.076*[#   2]+0.076*[#   3]+0.076*[#   4]+0.011*[#  11]+0.011*[#  24]
          +0.011*[#  32]+0.004*[#  12]+0.004*[#  14]+0.004*[#  21]+0.004*[#  22]
          +0.004*[#  31]+0.004*[#  34]
    |psi|^2 = 0.287
==== e(  35) =    24.12258 eV ==== 
     psi = 0.115*[#   1]+0.084*[#   6]+0.084*[#  16]+0.084*[#  26]+0.064*[#   2]
          +0.064*[#   3]+0.064*[#   4]+0.008*[#  20]+0.007*[#  13]+0.007*[#  33]
          +0.006*[#  10]+0.006*[#  30]+0.005*[#  23]+0.002*[#   5]+0.002*[#  15]
          +0.002*[#  25]+0.002*[#  11]+0.002*[#  24]+0.002*[#  32]
    |psi|^2 = 0.610

 k =   0.0000000000  0.1250000000 -0.5000000000
==== e(   1) =   -87.43244 eV ==== 
     psi = 0.311*[#   5]+0.311*[#  15]+0.311*[#  25]+0.022*[#   2]+0.022*[#   3]
          +0.022*[#   4]
    |psi|^2 = 1.000
==== e(   2) =   -87.42386 eV ==== 
     psi = 0.329*[#   5]+0.329*[#  15]+0.329*[#  25]+0.008*[#   1]+0.002*[#   2]
          +0.002*[#   3]+0.002*[#   4]
    |psi|^2 = 1.000
==== e(   3) =   -87.41526 eV ==== 
     psi = 0.328*[#   5]+0.328*[#  15]+0.328*[#  25]+0.005*[#   6]+0.005*[#  16]
          +0.005*[#  26]
    |psi|^2 = 1.000
==== e(   4) =   -47.85361 eV ==== 
     psi = 0.112*[#   7]+0.112*[#   8]+0.112*[#  18]+0.112*[#  19]+0.112*[#  27]
          +0.112*[#  29]+0.110*[#   9]+0.110*[#  17]+0.110*[#  28]
    |psi|^2 = 1.000
==== e(   5) =   -47.85151 eV ==== 
     psi = 0.120*[#   7]+0.120*[#   8]+0.120*[#  18]+0.120*[#  19]+0.120*[#  27]
          +0.120*[#  29]+0.093*[#   9]+0.093*[#  17]+0.093*[#  28]
    |psi|^2 = 1.000
==== e(   6) =   -47.84927 eV ==== 
     psi = 0.166*[#   7]+0.166*[#   8]+0.166*[#  18]+0.166*[#  19]+0.166*[#  27]
          +0.166*[#  29]+0.002*[#   1]
    |psi|^2 = 1.000
==== e(   7) =   -47.82670 eV ==== 
     psi = 0.166*[#   7]+0.166*[#   8]+0.166*[#  18]+0.166*[#  19]+0.166*[#  27]
          +0.166*[#  29]
    |psi|^2 = 1.000
==== e(   8) =   -47.82561 eV ==== 
     psi = 0.166*[#   7]+0.166*[#   8]+0.166*[#  18]+0.166*[#  19]+0.166*[#  27]
          +0.166*[#  29]
    |psi|^2 = 1.000
==== e(   9) =   -47.80353 eV ==== 
     psi = 0.167*[#   7]+0.167*[#   8]+0.167*[#  18]+0.167*[#  19]+0.167*[#  27]
          +0.167*[#  29]
    |psi|^2 = 1.000
==== e(  10) =   -47.79311 eV ==== 
     psi = 0.284*[#   9]+0.284*[#  17]+0.284*[#  28]+0.024*[#   7]+0.024*[#   8]
          +0.024*[#  18]+0.024*[#  19]+0.024*[#  27]+0.024*[#  29]
    |psi|^2 = 1.000
==== e(  11) =   -47.75896 eV ==== 
     psi = 0.240*[#   9]+0.240*[#  17]+0.240*[#  28]+0.047*[#   7]+0.047*[#   8]
          +0.047*[#  18]+0.047*[#  19]+0.047*[#  27]+0.047*[#  29]
    |psi|^2 = 1.000
==== e(  12) =   -47.75025 eV ==== 
     psi = 0.272*[#   9]+0.272*[#  17]+0.272*[#  28]+0.031*[#   7]+0.031*[#   8]
          +0.031*[#  18]+0.031*[#  19]+0.031*[#  27]+0.031*[#  29]
    |psi|^2 = 1.000
==== e(  13) =     8.21767 eV ==== 
     psi = 0.503*[#   1]+0.133*[#   6]+0.133*[#  16]+0.133*[#  26]+0.012*[#   2]
          +0.012*[#   3]+0.012*[#   4]+0.012*[#  20]+0.009*[#  13]+0.009*[#  33]
          +0.003*[#  10]+0.003*[#  30]+0.003*[#  11]+0.003*[#  24]+0.003*[#  32]
          +0.001*[#   5]+0.001*[#  15]+0.001*[#  25]+0.001*[#   7]+0.001*[#   8]
          +0.001*[#  18]+0.001*[#  19]+0.001*[#  27]+0.001*[#  29]
    |psi|^2 = 0.996
==== e(  14) =     9.00700 eV ==== 
     psi = 0.155*[#   2]+0.155*[#   3]+0.155*[#   4]+0.143*[#   6]+0.143*[#  16]
          +0.143*[#  26]+0.021*[#  23]+0.016*[#  10]+0.016*[#  30]+0.011*[#   5]
          +0.011*[#  15]+0.011*[#  25]+0.005*[#  13]+0.005*[#  33]+0.001*[#   9]
          +0.001*[#  12]+0.001*[#  14]+0.001*[#  17]+0.001*[#  21]+0.001*[#  22]
          +0.001*[#  28]+0.001*[#  31]+0.001*[#  34]
    |psi|^2 = 0.998
==== e(  15) =    12.21166 eV ==== 
     psi = 0.245*[#  20]+0.197*[#  13]+0.197*[#  33]+0.101*[#  10]+0.101*[#  30]
          +0.053*[#  23]+0.023*[#   6]+0.023*[#  16]+0.023*[#  26]+0.006*[#   2]
          +0.006*[#   3]+0.006*[#   4]
    |psi|^2 = 0.982
==== e(  16) =    12.44389 eV ==== 
     psi = 0.140*[#  11]+0.140*[#  24]+0.140*[#  32]+0.060*[#   2]+0.060*[#   3]
          +0.060*[#   4]+0.051*[#  12]+0.051*[#  14]+0.051*[#  21]+0.051*[#  22]
          +0.051*[#  31]+0.051*[#  34]+0.020*[#   1]+0.018*[#  23]+0.013*[#  10]
          +0.013*[#  30]+0.004*[#  13]+0.004*[#  33]+0.002*[#   6]+0.002*[#  16]
          +0.002*[#  26]
    |psi|^2 = 0.989
==== e(  17) =    12.61043 eV ==== 
     psi = 0.182*[#  11]+0.182*[#  24]+0.182*[#  32]+0.050*[#  12]+0.050*[#  14]
          +0.050*[#  21]+0.050*[#  22]+0.050*[#  31]+0.050*[#  34]+0.049*[#   2]
          +0.049*[#   3]+0.049*[#   4]
    |psi|^2 = 0.995
==== e(  18) =    12.83086 eV ==== 
     psi = 0.165*[#  12]+0.165*[#  14]+0.165*[#  21]+0.165*[#  22]+0.165*[#  31]
          +0.165*[#  34]
    |psi|^2 = 0.991
==== e(  19) =    13.14851 eV ==== 
     psi = 0.280*[#  23]+0.210*[#  10]+0.210*[#  30]+0.071*[#  13]+0.071*[#  33]
          +0.013*[#  12]+0.013*[#  14]+0.013*[#  21]+0.013*[#  22]+0.013*[#  31]
          +0.013*[#  34]+0.007*[#  11]+0.007*[#  24]+0.007*[#  32]
    |psi|^2 = 0.942
==== e(  20) =    13.47015 eV ==== 
     psi = 0.128*[#  12]+0.128*[#  14]+0.128*[#  21]+0.128*[#  22]+0.128*[#  31]
          +0.128*[#  34]+0.051*[#  23]+0.040*[#  10]+0.040*[#  30]+0.017*[#  13]
          +0.017*[#  33]+0.009*[#   6]+0.009*[#  16]+0.009*[#  26]+0.005*[#  20]
          +0.001*[#   2]+0.001*[#   3]+0.001*[#   4]
    |psi|^2 = 0.968
==== e(  21) =    13.64645 eV ==== 
     psi = 0.158*[#  12]+0.158*[#  14]+0.158*[#  21]+0.158*[#  22]+0.158*[#  31]
          +0.158*[#  34]
    |psi|^2 = 0.951
==== e(  22) =    13.83728 eV ==== 
     psi = 0.257*[#  11]+0.257*[#  24]+0.257*[#  32]+0.035*[#  12]+0.035*[#  14]
          +0.035*[#  21]+0.035*[#  22]+0.035*[#  31]+0.035*[#  34]
    |psi|^2 = 0.982
==== e(  23) =    14.07127 eV ==== 
     psi = 0.210*[#  23]+0.172*[#  10]+0.172*[#  30]+0.096*[#  13]+0.096*[#  33]
          +0.058*[#  20]+0.019*[#  12]+0.019*[#  14]+0.019*[#  21]+0.019*[#  22]
          +0.019*[#  31]+0.019*[#  34]+0.014*[#   6]+0.014*[#  16]+0.014*[#  26]
          +0.007*[#   2]+0.007*[#   3]+0.007*[#   4]
    |psi|^2 = 0.984
==== e(  24) =    14.22677 eV ==== 
     psi = 0.181*[#  20]+0.136*[#  13]+0.136*[#  33]+0.066*[#  11]+0.066*[#  24]
          +0.066*[#  32]+0.048*[#  10]+0.048*[#  30]+0.038*[#  12]+0.038*[#  14]
          +0.038*[#  21]+0.038*[#  22]+0.038*[#  31]+0.038*[#  34]+0.004*[#  23]
          +0.003*[#   6]+0.003*[#  16]+0.003*[#  26]
    |psi|^2 = 0.993
==== e(  25) =    14.53086 eV ==== 
     psi = 0.186*[#  11]+0.186*[#  24]+0.186*[#  32]+0.073*[#  12]+0.073*[#  14]
          +0.073*[#  21]+0.073*[#  22]+0.073*[#  31]+0.073*[#  34]
    |psi|^2 = 0.996
==== e(  26) =    14.63801 eV ==== 
     psi = 0.235*[#  23]+0.198*[#  10]+0.198*[#  30]+0.122*[#  13]+0.122*[#  33]
          +0.085*[#  20]+0.004*[#  12]+0.004*[#  14]+0.004*[#  21]+0.004*[#  22]
          +0.004*[#  31]+0.004*[#  34]+0.004*[#   6]+0.004*[#  16]+0.004*[#  26]
          
    |psi|^2 = 0.995
==== e(  27) =    14.75613 eV ==== 
     psi = 0.136*[#  20]+0.102*[#  13]+0.102*[#  33]+0.078*[#  11]+0.078*[#  24]
          +0.078*[#  32]+0.052*[#  12]+0.052*[#  14]+0.052*[#  21]+0.052*[#  22]
          +0.052*[#  31]+0.052*[#  34]+0.035*[#  10]+0.035*[#  30]+0.014*[#   1]
          +0.008*[#   6]+0.008*[#  16]+0.008*[#  26]
    |psi|^2 = 0.992
==== e(  28) =    15.07992 eV ==== 
     psi = 0.246*[#  20]+0.206*[#  13]+0.206*[#  33]+0.124*[#  10]+0.124*[#  30]
          +0.083*[#  23]+0.001*[#  12]+0.001*[#  14]+0.001*[#  21]+0.001*[#  22]
          +0.001*[#  31]+0.001*[#  34]
    |psi|^2 = 0.997
==== e(  29) =    15.53864 eV ==== 
     psi = 0.166*[#  12]+0.166*[#  14]+0.166*[#  21]+0.166*[#  22]+0.166*[#  31]
          +0.166*[#  34]
    |psi|^2 = 0.996
==== e(  30) =    19.43836 eV ==== 
     psi = 0.171*[#   2]+0.171*[#   3]+0.171*[#   4]+0.112*[#   1]+0.032*[#  11]
          +0.032*[#  24]+0.032*[#  32]+0.019*[#  23]+0.014*[#  10]+0.014*[#  30]
          +0.011*[#  12]+0.011*[#  14]+0.011*[#  21]+0.011*[#  22]+0.011*[#  31]
          +0.011*[#  34]+0.007*[#   6]+0.007*[#  16]+0.007*[#  26]+0.005*[#  13]
          +0.005*[#  33]
    |psi|^2 = 0.869
==== e(  31) =    19.78639 eV ==== 
     psi = 0.110*[#   6]+0.110*[#  16]+0.110*[#  26]+0.036*[#   2]+0.036*[#   3]
          +0.036*[#   4]+0.012*[#  12]+0.012*[#  14]+0.012*[#  21]+0.012*[#  22]
          +0.012*[#  31]+0.012*[#  34]+0.010*[#  20]+0.008*[#  13]+0.008*[#  33]
          +0.006*[#  10]+0.006*[#  30]+0.004*[#  23]+0.004*[#   5]+0.004*[#  15]
          +0.004*[#  25]
    |psi|^2 = 0.566
==== e(  32) =    21.16364 eV ==== 
     psi = 0.264*[#   2]+0.264*[#   3]+0.264*[#   4]+0.034*[#  11]+0.034*[#  24]
          +0.034*[#  32]+0.008*[#  12]+0.008*[#  14]+0.008*[#  21]+0.008*[#  22]
          +0.008*[#  31]+0.008*[#  34]
    |psi|^2 = 0.943
==== e(  33) =    21.35746 eV ==== 
     psi = 0.008*[#  12]+0.008*[#  14]+0.008*[#  21]+0.008*[#  22]+0.008*[#  31]
          +0.008*[#  34]
    |psi|^2 = 0.051
==== e(  34) =    22.66142 eV ==== 
     psi = 0.180*[#   1]+0.061*[#   6]+0.061*[#  16]+0.061*[#  26]+0.010*[#  23]
          +0.008*[#  10]+0.008*[#  30]+0.004*[#  11]+0.004*[#  24]+0.004*[#  32]
          +0.003*[#  13]+0.003*[#  33]+0.001*[#   2]+0.001*[#   3]+0.001*[#   4]
          
    |psi|^2 = 0.413
==== e(  35) =    24.48950 eV ==== 
     psi = 0.136*[#   1]+0.096*[#   6]+0.096*[#  16]+0.096*[#  26]+0.065*[#   2]
          +0.065*[#   3]+0.065*[#   4]+0.003*[#  11]+0.003*[#  24]+0.003*[#  32]
          +0.002*[#   5]+0.002*[#  15]+0.002*[#  25]+0.002*[#  23]+0.001*[#  10]
          +0.001*[#  30]+0.001*[#  13]+0.001*[#  33]+0.001*[#  20]
    |psi|^2 = 0.643

 k =   0.0000000000  0.2500000000  0.2500000000
==== e(   1) =   -87.43579 eV ==== 
     psi = 0.316*[#   5]+0.316*[#  15]+0.316*[#  25]+0.015*[#   2]+0.015*[#   3]
          +0.015*[#   4]+0.005*[#   1]+0.001*[#   6]+0.001*[#  16]+0.001*[#  26]
          
    |psi|^2 = 1.000
==== e(   2) =   -87.41923 eV ==== 
     psi = 0.325*[#   5]+0.325*[#  15]+0.325*[#  25]+0.005*[#   2]+0.005*[#   3]
          +0.005*[#   4]+0.003*[#   6]+0.003*[#  16]+0.003*[#  26]
    |psi|^2 = 1.000
==== e(   3) =   -87.41664 eV ==== 
     psi = 0.329*[#   5]+0.329*[#  15]+0.329*[#  25]+0.004*[#   6]+0.004*[#  16]
          +0.004*[#  26]
    |psi|^2 = 1.000
==== e(   4) =   -47.87349 eV ==== 
     psi = 0.123*[#   7]+0.123*[#   8]+0.123*[#  18]+0.123*[#  19]+0.123*[#  27]
          +0.123*[#  29]+0.086*[#   9]+0.086*[#  17]+0.086*[#  28]+0.002*[#   1]
          
    |psi|^2 = 1.000
==== e(   5) =   -47.85859 eV ==== 
     psi = 0.120*[#   7]+0.120*[#   8]+0.120*[#  18]+0.120*[#  19]+0.120*[#  27]
          +0.120*[#  29]+0.092*[#   9]+0.092*[#  17]+0.092*[#  28]
    |psi|^2 = 1.000
==== e(   6) =   -47.84419 eV ==== 
     psi = 0.138*[#   7]+0.138*[#   8]+0.138*[#  18]+0.138*[#  19]+0.138*[#  27]
          +0.138*[#  29]+0.054*[#   9]+0.054*[#  17]+0.054*[#  28]+0.001*[#   2]
          +0.001*[#   3]+0.001*[#   4]
    |psi|^2 = 1.000
==== e(   7) =   -47.83516 eV ==== 
     psi = 0.149*[#   7]+0.149*[#   8]+0.149*[#  18]+0.149*[#  19]+0.149*[#  27]
          +0.149*[#  29]+0.036*[#   9]+0.036*[#  17]+0.036*[#  28]
    |psi|^2 = 1.000
==== e(   8) =   -47.82124 eV ==== 
     psi = 0.167*[#   7]+0.167*[#   8]+0.167*[#  18]+0.167*[#  19]+0.167*[#  27]
          +0.167*[#  29]
    |psi|^2 = 1.000
==== e(   9) =   -47.80019 eV ==== 
     psi = 0.162*[#   7]+0.162*[#   8]+0.162*[#  18]+0.162*[#  19]+0.162*[#  27]
          +0.162*[#  29]+0.009*[#   9]+0.009*[#  17]+0.009*[#  28]
    |psi|^2 = 1.000
==== e(  10) =   -47.78419 eV ==== 
     psi = 0.211*[#   9]+0.211*[#  17]+0.211*[#  28]+0.061*[#   7]+0.061*[#   8]
          +0.061*[#  18]+0.061*[#  19]+0.061*[#  27]+0.061*[#  29]
    |psi|^2 = 1.000
==== e(  11) =   -47.75743 eV ==== 
     psi = 0.241*[#   9]+0.241*[#  17]+0.241*[#  28]+0.046*[#   7]+0.046*[#   8]
          +0.046*[#  18]+0.046*[#  19]+0.046*[#  27]+0.046*[#  29]
    |psi|^2 = 1.000
==== e(  12) =   -47.74002 eV ==== 
     psi = 0.270*[#   9]+0.270*[#  17]+0.270*[#  28]+0.032*[#   7]+0.032*[#   8]
          +0.032*[#  18]+0.032*[#  19]+0.032*[#  27]+0.032*[#  29]
    |psi|^2 = 1.000
==== e(  13) =     7.02079 eV ==== 
     psi = 0.279*[#   1]+0.168*[#   6]+0.168*[#  16]+0.168*[#  26]+0.055*[#   2]
          +0.055*[#   3]+0.055*[#   4]+0.009*[#   5]+0.009*[#  15]+0.009*[#  25]
          +0.003*[#  20]+0.002*[#  13]+0.002*[#  33]+0.002*[#  11]+0.002*[#  24]
          +0.002*[#  32]
    |psi|^2 = 0.998
==== e(  14) =    11.41644 eV ==== 
     psi = 0.198*[#   1]+0.120*[#  20]+0.095*[#  13]+0.095*[#  33]+0.044*[#  10]
          +0.044*[#  30]+0.042*[#   6]+0.042*[#  16]+0.042*[#  26]+0.034*[#  11]
          +0.034*[#  24]+0.034*[#  32]+0.032*[#   2]+0.032*[#   3]+0.032*[#   4]
          +0.019*[#  23]+0.005*[#  12]+0.005*[#  14]+0.005*[#  21]+0.005*[#  22]
          +0.005*[#  31]+0.005*[#  34]+0.001*[#   5]+0.001*[#  15]+0.001*[#  25]
          
    |psi|^2 = 0.977
==== e(  15) =    11.43441 eV ==== 
     psi = 0.117*[#  23]+0.113*[#   2]+0.113*[#   3]+0.113*[#   4]+0.092*[#  10]
          +0.092*[#  30]+0.063*[#   6]+0.063*[#  16]+0.063*[#  26]+0.043*[#  13]
          +0.043*[#  33]+0.018*[#  20]+0.009*[#  12]+0.009*[#  14]+0.009*[#  21]
          +0.009*[#  22]+0.009*[#  31]+0.009*[#  34]
    |psi|^2 = 0.992
==== e(  16) =    12.29347 eV ==== 
     psi = 0.142*[#  20]+0.128*[#  13]+0.128*[#  33]+0.099*[#  10]+0.099*[#  30]
          +0.084*[#  23]+0.039*[#  11]+0.039*[#  24]+0.039*[#  32]+0.027*[#   2]
          +0.027*[#   3]+0.027*[#   4]+0.012*[#   6]+0.012*[#  16]+0.012*[#  26]
          +0.009*[#  12]+0.009*[#  14]+0.009*[#  21]+0.009*[#  22]+0.009*[#  31]
          +0.009*[#  34]+0.007*[#   1]
    |psi|^2 = 0.976
==== e(  17) =    12.46368 eV ==== 
     psi = 0.122*[#  11]+0.122*[#  24]+0.122*[#  32]+0.094*[#  12]+0.094*[#  14]
          +0.094*[#  21]+0.094*[#  22]+0.094*[#  31]+0.094*[#  34]+0.022*[#   2]
          +0.022*[#   3]+0.022*[#   4]
    |psi|^2 = 0.992
==== e(  18) =    12.63378 eV ==== 
     psi = 0.106*[#  23]+0.080*[#  12]+0.080*[#  14]+0.080*[#  21]+0.080*[#  22]
          +0.080*[#  31]+0.080*[#  34]+0.080*[#  10]+0.080*[#  30]+0.039*[#  11]
          +0.039*[#  24]+0.039*[#  32]+0.029*[#  13]+0.029*[#  33]+0.020*[#   6]
          +0.020*[#  16]+0.020*[#  26]+0.003*[#  20]
    |psi|^2 = 0.986
==== e(  19) =    12.93109 eV ==== 
     psi = 0.140*[#  12]+0.140*[#  14]+0.140*[#  21]+0.140*[#  22]+0.140*[#  31]
          +0.140*[#  34]+0.045*[#  11]+0.045*[#  24]+0.045*[#  32]
    |psi|^2 = 0.979
==== e(  20) =    13.37330 eV ==== 
     psi = 0.142*[#  11]+0.142*[#  24]+0.142*[#  32]+0.081*[#  12]+0.081*[#  14]
          +0.081*[#  21]+0.081*[#  22]+0.081*[#  31]+0.081*[#  34]+0.025*[#   2]
          +0.025*[#   3]+0.025*[#   4]
    |psi|^2 = 0.987
==== e(  21) =    13.71935 eV ==== 
     psi = 0.125*[#  23]+0.095*[#  10]+0.095*[#  30]+0.081*[#  12]+0.081*[#  14]
          +0.081*[#  21]+0.081*[#  22]+0.081*[#  31]+0.081*[#  34]+0.036*[#  13]
          +0.036*[#  33]+0.021*[#   2]+0.021*[#   3]+0.021*[#   4]+0.012*[#   6]
          +0.012*[#  16]+0.012*[#  26]+0.007*[#  20]
    |psi|^2 = 0.978
==== e(  22) =    13.95036 eV ==== 
     psi = 0.106*[#  11]+0.106*[#  24]+0.106*[#  32]+0.060*[#  12]+0.060*[#  14]
          +0.060*[#  21]+0.060*[#  22]+0.060*[#  31]+0.060*[#  34]+0.049*[#  23]
          +0.044*[#  10]+0.044*[#  30]+0.034*[#  13]+0.034*[#  33]+0.029*[#  20]
          +0.020*[#   1]+0.009*[#   2]+0.009*[#   3]+0.009*[#   4]+0.005*[#   6]
          +0.005*[#  16]+0.005*[#  26]
    |psi|^2 = 0.972
==== e(  23) =    14.48203 eV ==== 
     psi = 0.283*[#  11]+0.283*[#  24]+0.283*[#  32]+0.024*[#  12]+0.024*[#  14]
          +0.024*[#  21]+0.024*[#  22]+0.024*[#  31]+0.024*[#  34]
    |psi|^2 = 0.996
==== e(  24) =    14.54813 eV ==== 
     psi = 0.137*[#  12]+0.137*[#  14]+0.137*[#  21]+0.137*[#  22]+0.137*[#  31]
          +0.137*[#  34]+0.037*[#  11]+0.037*[#  24]+0.037*[#  32]+0.008*[#   2]
          +0.008*[#   3]+0.008*[#   4]
    |psi|^2 = 0.958
==== e(  25) =    14.65959 eV ==== 
     psi = 0.270*[#  20]+0.215*[#  13]+0.215*[#  33]+0.106*[#  10]+0.106*[#  30]
          +0.052*[#  23]+0.004*[#  12]+0.004*[#  14]+0.004*[#  21]+0.004*[#  22]
          +0.004*[#  31]+0.004*[#  34]+0.002*[#   2]+0.002*[#   3]+0.002*[#   4]
          
    |psi|^2 = 0.998
==== e(  26) =    14.88797 eV ==== 
     psi = 0.280*[#  20]+0.219*[#  13]+0.219*[#  33]+0.096*[#  10]+0.096*[#  30]
          +0.035*[#  23]+0.008*[#   1]+0.007*[#   6]+0.007*[#  16]+0.007*[#  26]
          +0.003*[#  11]+0.003*[#  24]+0.003*[#  32]+0.002*[#   2]+0.002*[#   3]
          +0.002*[#   4]
    |psi|^2 = 0.994
==== e(  27) =    14.94325 eV ==== 
     psi = 0.318*[#  23]+0.240*[#  10]+0.240*[#  30]+0.086*[#  13]+0.086*[#  33]
          +0.009*[#  20]+0.005*[#   2]+0.005*[#   3]+0.005*[#   4]
    |psi|^2 = 0.996
==== e(  28) =    15.35072 eV ==== 
     psi = 0.165*[#  12]+0.165*[#  14]+0.165*[#  21]+0.165*[#  22]+0.165*[#  31]
          +0.165*[#  34]+0.002*[#  11]+0.002*[#  24]+0.002*[#  32]
    |psi|^2 = 0.998
==== e(  29) =    15.56091 eV ==== 
     psi = 0.188*[#   1]+0.094*[#  11]+0.094*[#  24]+0.094*[#  32]+0.065*[#  20]
          +0.053*[#  13]+0.053*[#  33]+0.041*[#   6]+0.041*[#  16]+0.041*[#  26]
          +0.030*[#  10]+0.030*[#  30]+0.022*[#   2]+0.022*[#   3]+0.022*[#   4]
          +0.019*[#  23]+0.004*[#  12]+0.004*[#  14]+0.004*[#  21]+0.004*[#  22]
          +0.004*[#  31]+0.004*[#  34]
    |psi|^2 = 0.930
==== e(  30) =    16.59866 eV ==== 
     psi = 0.080*[#   2]+0.080*[#   3]+0.080*[#   4]+0.071*[#  12]+0.071*[#  14]
          +0.071*[#  21]+0.071*[#  22]+0.071*[#  31]+0.071*[#  34]+0.048*[#  23]
          +0.043*[#  10]+0.043*[#  30]+0.033*[#  13]+0.033*[#  33]+0.031*[#   6]
          +0.031*[#  16]+0.031*[#  26]+0.028*[#  20]
    |psi|^2 = 0.992
==== e(  31) =    19.27577 eV ==== 
     psi = 0.200*[#   2]+0.200*[#   3]+0.200*[#   4]+0.020*[#  11]+0.020*[#  24]
          +0.020*[#  32]+0.019*[#  12]+0.019*[#  14]+0.019*[#  21]+0.019*[#  22]
          +0.019*[#  31]+0.019*[#  34]
    |psi|^2 = 0.772
==== e(  32) =    20.76749 eV ==== 
     psi = 0.086*[#   2]+0.086*[#   3]+0.086*[#   4]+0.062*[#   6]+0.062*[#  16]
          +0.062*[#  26]+0.009*[#   1]+0.009*[#  23]+0.009*[#  11]+0.009*[#  24]
          +0.009*[#  32]+0.008*[#  10]+0.008*[#  30]+0.007*[#  13]+0.007*[#  33]
          +0.006*[#  12]+0.006*[#  14]+0.006*[#  21]+0.006*[#  22]+0.006*[#  31]
          +0.006*[#  34]+0.006*[#  20]+0.004*[#   5]+0.004*[#  15]+0.004*[#  25]
          
    |psi|^2 = 0.572
==== e(  33) =    22.76226 eV ==== 
     psi = 0.205*[#   1]+0.165*[#   6]+0.165*[#  16]+0.165*[#  26]+0.011*[#  23]
          +0.009*[#  10]+0.009*[#  30]+0.006*[#  13]+0.006*[#  33]+0.005*[#  20]
          +0.004*[#  11]+0.004*[#  24]+0.004*[#  32]+0.003*[#   5]+0.003*[#  15]
          +0.003*[#  25]
    |psi|^2 = 0.771
==== e(  34) =    25.34240 eV ==== 
     psi = 0.003*[#  12]+0.003*[#  14]+0.003*[#  21]+0.003*[#  22]+0.003*[#  31]
          +0.003*[#  34]+0.002*[#  11]+0.002*[#  24]+0.002*[#  32]
    |psi|^2 = 0.022
==== e(  35) =    25.60578 eV ==== 
     psi = 0.075*[#   2]+0.075*[#   3]+0.075*[#   4]+0.012*[#  11]+0.012*[#  24]
          +0.012*[#  32]+0.001*[#  12]+0.001*[#  14]+0.001*[#  21]+0.001*[#  22]
          +0.001*[#  31]+0.001*[#  34]
    |psi|^2 = 0.268

 k =   0.0000000000  0.2500000000  0.3750000000
==== e(   1) =   -87.43258 eV ==== 
     psi = 0.316*[#   5]+0.316*[#  15]+0.316*[#  25]+0.016*[#   2]+0.016*[#   3]
          +0.016*[#   4]+0.002*[#   1]
    |psi|^2 = 1.000
==== e(   2) =   -87.42183 eV ==== 
     psi = 0.325*[#   5]+0.325*[#  15]+0.325*[#  25]+0.006*[#   2]+0.006*[#   3]
          +0.006*[#   4]+0.002*[#   1]+0.002*[#   6]+0.002*[#  16]+0.002*[#  26]
          
    |psi|^2 = 1.000
==== e(   3) =   -87.41718 eV ==== 
     psi = 0.329*[#   5]+0.329*[#  15]+0.329*[#  25]+0.004*[#   6]+0.004*[#  16]
          +0.004*[#  26]
    |psi|^2 = 1.000
==== e(   4) =   -47.86991 eV ==== 
     psi = 0.141*[#   7]+0.141*[#   8]+0.141*[#  18]+0.141*[#  19]+0.141*[#  27]
          +0.141*[#  29]+0.050*[#   9]+0.050*[#  17]+0.050*[#  28]+0.003*[#   1]
          
    |psi|^2 = 1.000
==== e(   5) =   -47.84861 eV ==== 
     psi = 0.126*[#   7]+0.126*[#   8]+0.126*[#  18]+0.126*[#  19]+0.126*[#  27]
          +0.126*[#  29]+0.082*[#   9]+0.082*[#  17]+0.082*[#  28]
    |psi|^2 = 1.000
==== e(   6) =   -47.84510 eV ==== 
     psi = 0.124*[#   7]+0.124*[#   8]+0.124*[#  18]+0.124*[#  19]+0.124*[#  27]
          +0.124*[#  29]+0.085*[#   9]+0.085*[#  17]+0.085*[#  28]
    |psi|^2 = 1.000
==== e(   7) =   -47.83253 eV ==== 
     psi = 0.150*[#   7]+0.150*[#   8]+0.150*[#  18]+0.150*[#  19]+0.150*[#  27]
          +0.150*[#  29]+0.031*[#   9]+0.031*[#  17]+0.031*[#  28]+0.001*[#   2]
          +0.001*[#   3]+0.001*[#   4]
    |psi|^2 = 1.000
==== e(   8) =   -47.82358 eV ==== 
     psi = 0.166*[#   7]+0.166*[#   8]+0.166*[#  18]+0.166*[#  19]+0.166*[#  27]
          +0.166*[#  29]
    |psi|^2 = 1.000
==== e(   9) =   -47.79918 eV ==== 
     psi = 0.196*[#   9]+0.196*[#  17]+0.196*[#  28]+0.068*[#   7]+0.068*[#   8]
          +0.068*[#  18]+0.068*[#  19]+0.068*[#  27]+0.068*[#  29]
    |psi|^2 = 1.000
==== e(  10) =   -47.79096 eV ==== 
     psi = 0.162*[#   7]+0.162*[#   8]+0.162*[#  18]+0.162*[#  19]+0.162*[#  27]
          +0.162*[#  29]+0.009*[#   9]+0.009*[#  17]+0.009*[#  28]
    |psi|^2 = 1.000
==== e(  11) =   -47.76444 eV ==== 
     psi = 0.251*[#   9]+0.251*[#  17]+0.251*[#  28]+0.041*[#   7]+0.041*[#   8]
          +0.041*[#  18]+0.041*[#  19]+0.041*[#  27]+0.041*[#  29]
    |psi|^2 = 1.000
==== e(  12) =   -47.74022 eV ==== 
     psi = 0.294*[#   9]+0.294*[#  17]+0.294*[#  28]+0.020*[#   7]+0.020*[#   8]
          +0.020*[#  18]+0.020*[#  19]+0.020*[#  27]+0.020*[#  29]
    |psi|^2 = 1.000
==== e(  13) =     7.86600 eV ==== 
     psi = 0.323*[#   1]+0.140*[#   6]+0.140*[#  16]+0.140*[#  26]+0.065*[#   2]
          +0.065*[#   3]+0.065*[#   4]+0.006*[#   5]+0.006*[#  15]+0.006*[#  25]
          +0.004*[#  11]+0.004*[#  24]+0.004*[#  32]+0.004*[#  20]+0.003*[#  13]
          +0.003*[#  33]+0.002*[#  10]+0.002*[#  30]+0.001*[#  12]+0.001*[#  14]
          +0.001*[#  21]+0.001*[#  22]+0.001*[#  31]+0.001*[#  34]
    |psi|^2 = 0.997
==== e(  14) =    10.40446 eV ==== 
     psi = 0.143*[#   1]+0.113*[#   2]+0.113*[#   3]+0.113*[#   4]+0.096*[#   6]
          +0.096*[#  16]+0.096*[#  26]+0.032*[#  23]+0.028*[#  10]+0.028*[#  30]
          +0.019*[#  13]+0.019*[#  33]+0.015*[#  20]+0.010*[#  11]+0.010*[#  24]
          +0.010*[#  32]+0.006*[#  12]+0.006*[#  14]+0.006*[#  21]+0.006*[#  22]
          +0.006*[#  31]+0.006*[#  34]+0.003*[#   5]+0.003*[#  15]+0.003*[#  25]
          
    |psi|^2 = 0.992
==== e(  15) =    11.78115 eV ==== 
     psi = 0.095*[#   1]+0.073*[#   2]+0.073*[#   3]+0.073*[#   4]+0.059*[#  11]
          +0.059*[#  24]+0.059*[#  32]+0.045*[#  20]+0.045*[#  13]+0.045*[#  33]
          +0.043*[#  10]+0.043*[#  30]+0.043*[#  23]+0.029*[#   6]+0.029*[#  16]
          +0.029*[#  26]+0.022*[#  12]+0.022*[#  14]+0.022*[#  21]+0.022*[#  22]
          +0.022*[#  31]+0.022*[#  34]
    |psi|^2 = 0.982
==== e(  16) =    12.38282 eV ==== 
     psi = 0.190*[#  20]+0.151*[#  13]+0.151*[#  33]+0.072*[#  10]+0.072*[#  30]
          +0.033*[#  11]+0.033*[#  24]+0.033*[#  32]+0.032*[#  23]+0.024*[#   6]
          +0.024*[#  16]+0.024*[#  26]+0.020*[#   2]+0.020*[#   3]+0.020*[#   4]
          +0.012*[#  12]+0.012*[#  14]+0.012*[#  21]+0.012*[#  22]+0.012*[#  31]
          +0.012*[#  34]+0.003*[#   1]
    |psi|^2 = 0.975
==== e(  17) =    12.52177 eV ==== 
     psi = 0.173*[#  11]+0.173*[#  24]+0.173*[#  32]+0.062*[#  12]+0.062*[#  14]
          +0.062*[#  21]+0.062*[#  22]+0.062*[#  31]+0.062*[#  34]+0.034*[#   2]
          +0.034*[#   3]+0.034*[#   4]
    |psi|^2 = 0.994
==== e(  18) =    12.88679 eV ==== 
     psi = 0.155*[#  23]+0.117*[#  10]+0.117*[#  30]+0.067*[#  12]+0.067*[#  14]
          +0.067*[#  21]+0.067*[#  22]+0.067*[#  31]+0.067*[#  34]+0.041*[#  13]
          +0.041*[#  33]+0.021*[#   6]+0.021*[#  16]+0.021*[#  26]+0.010*[#  11]
          +0.010*[#  24]+0.010*[#  32]+0.003*[#  20]+0.002*[#   2]+0.002*[#   3]
          +0.002*[#   4]
    |psi|^2 = 0.981
==== e(  19) =    13.00201 eV ==== 
     psi = 0.137*[#  12]+0.137*[#  14]+0.137*[#  21]+0.137*[#  22]+0.137*[#  31]
          +0.137*[#  34]+0.046*[#  11]+0.046*[#  24]+0.046*[#  32]+0.008*[#   2]
          +0.008*[#   3]+0.008*[#   4]
    |psi|^2 = 0.985
==== e(  20) =    13.35829 eV ==== 
     psi = 0.123*[#  12]+0.123*[#  14]+0.123*[#  21]+0.123*[#  22]+0.123*[#  31]
          +0.123*[#  34]+0.074*[#  11]+0.074*[#  24]+0.074*[#  32]+0.005*[#   2]
          +0.005*[#   3]+0.005*[#   4]
    |psi|^2 = 0.973
==== e(  21) =    13.42908 eV ==== 
     psi = 0.145*[#  23]+0.112*[#  10]+0.112*[#  30]+0.078*[#  12]+0.078*[#  14]
          +0.078*[#  21]+0.078*[#  22]+0.078*[#  31]+0.078*[#  34]+0.047*[#  13]
          +0.047*[#  33]+0.014*[#  20]+0.008*[#   6]+0.008*[#  16]+0.008*[#  26]
          +0.003*[#   2]+0.003*[#   3]+0.003*[#   4]+0.001*[#  11]+0.001*[#  24]
          +0.001*[#  32]
    |psi|^2 = 0.980
==== e(  22) =    14.04589 eV ==== 
     psi = 0.080*[#  23]+0.077*[#  10]+0.077*[#  30]+0.072*[#  11]+0.072*[#  24]
          +0.072*[#  32]+0.071*[#  13]+0.071*[#  33]+0.068*[#  20]+0.044*[#  12]
          +0.044*[#  14]+0.044*[#  21]+0.044*[#  22]+0.044*[#  31]+0.044*[#  34]
          +0.012*[#   6]+0.012*[#  16]+0.012*[#  26]+0.004*[#   1]+0.002*[#   2]
          +0.002*[#   3]+0.002*[#   4]
    |psi|^2 = 0.972
==== e(  23) =    14.15025 eV ==== 
     psi = 0.122*[#  12]+0.122*[#  14]+0.122*[#  21]+0.122*[#  22]+0.122*[#  31]
          +0.122*[#  34]+0.076*[#  11]+0.076*[#  24]+0.076*[#  32]+0.002*[#   2]
          +0.002*[#   3]+0.002*[#   4]
    |psi|^2 = 0.963
==== e(  24) =    14.40457 eV ==== 
     psi = 0.183*[#  20]+0.165*[#  13]+0.165*[#  33]+0.131*[#  10]+0.131*[#  30]
          +0.114*[#  23]+0.007*[#   6]+0.007*[#  12]+0.007*[#  14]+0.007*[#  16]
          +0.007*[#  21]+0.007*[#  22]+0.007*[#  26]+0.007*[#  31]+0.007*[#  34]
          +0.007*[#  11]+0.007*[#  24]+0.007*[#  32]+0.004*[#   2]+0.004*[#   3]
          +0.004*[#   4]+0.003*[#   1]
    |psi|^2 = 0.994
==== e(  25) =    14.58482 eV ==== 
     psi = 0.255*[#  11]+0.255*[#  24]+0.255*[#  32]+0.038*[#  12]+0.038*[#  14]
          +0.038*[#  21]+0.038*[#  22]+0.038*[#  31]+0.038*[#  34]
    |psi|^2 = 0.995
==== e(  26) =    14.68247 eV ==== 
     psi = 0.198*[#  23]+0.179*[#  10]+0.179*[#  30]+0.142*[#  13]+0.142*[#  33]
          +0.123*[#  20]+0.004*[#  11]+0.004*[#  24]+0.004*[#  32]+0.003*[#   6]
          +0.003*[#  16]+0.003*[#  26]+0.001*[#   1]+0.001*[#  12]+0.001*[#  14]
          +0.001*[#  21]+0.001*[#  22]+0.001*[#  31]+0.001*[#  34]+0.001*[#   2]
          +0.001*[#   3]+0.001*[#   4]
    |psi|^2 = 0.996
==== e(  27) =    14.89620 eV ==== 
     psi = 0.219*[#  20]+0.189*[#  13]+0.189*[#  33]+0.128*[#  10]+0.128*[#  30]
          +0.098*[#  23]+0.008*[#   6]+0.008*[#  16]+0.008*[#  26]+0.002*[#  12]
          +0.002*[#  14]+0.002*[#  21]+0.002*[#  22]+0.002*[#  31]+0.002*[#  34]
          +0.001*[#   2]+0.001*[#   3]+0.001*[#   4]
    |psi|^2 = 0.994
==== e(  28) =    15.19557 eV ==== 
     psi = 0.094*[#  11]+0.094*[#  24]+0.094*[#  32]+0.088*[#  20]+0.084*[#   1]
          +0.073*[#  13]+0.073*[#  33]+0.044*[#  10]+0.044*[#  30]+0.029*[#  23]
          +0.028*[#  12]+0.028*[#  14]+0.028*[#  21]+0.028*[#  22]+0.028*[#  31]
          +0.028*[#  34]+0.025*[#   6]+0.025*[#  16]+0.025*[#  26]+0.003*[#   2]
          +0.003*[#   3]+0.003*[#   4]
    |psi|^2 = 0.969
==== e(  29) =    15.24731 eV ==== 
     psi = 0.165*[#  12]+0.165*[#  14]+0.165*[#  21]+0.165*[#  22]+0.165*[#  31]
          +0.165*[#  34]+0.001*[#  11]+0.001*[#  24]+0.001*[#  32]
    |psi|^2 = 0.995
==== e(  30) =    17.03741 eV ==== 
     psi = 0.079*[#   2]+0.079*[#   3]+0.079*[#   4]+0.060*[#   1]+0.048*[#  12]
          +0.048*[#  14]+0.048*[#  21]+0.048*[#  22]+0.048*[#  31]+0.048*[#  34]
          +0.047*[#   6]+0.047*[#  16]+0.047*[#  26]+0.043*[#  23]+0.037*[#  10]
          +0.037*[#  30]+0.027*[#  13]+0.027*[#  33]+0.022*[#  20]+0.015*[#  11]
          +0.015*[#  24]+0.015*[#  32]
    |psi|^2 = 0.963
==== e(  31) =    19.15759 eV ==== 
     psi = 0.090*[#   6]+0.090*[#  16]+0.090*[#  26]+0.089*[#   2]+0.089*[#   3]
          +0.089*[#   4]+0.052*[#   1]+0.015*[#  11]+0.015*[#  23]+0.015*[#  24]
          +0.015*[#  32]+0.014*[#  12]+0.014*[#  14]+0.014*[#  21]+0.014*[#  22]
          +0.014*[#  31]+0.014*[#  34]+0.013*[#  10]+0.013*[#  30]+0.009*[#  13]
          +0.009*[#  33]+0.008*[#  20]+0.004*[#   5]+0.004*[#  15]+0.004*[#  25]
          
    |psi|^2 = 0.798
==== e(  32) =    20.43797 eV ==== 
     psi = 0.181*[#   2]+0.181*[#   3]+0.181*[#   4]+0.021*[#  11]+0.021*[#  24]
          +0.021*[#  32]+0.013*[#  12]+0.013*[#  14]+0.013*[#  21]+0.013*[#  22]
          +0.013*[#  31]+0.013*[#  34]
    |psi|^2 = 0.682
==== e(  33) =    22.96280 eV ==== 
     psi = 0.176*[#   1]+0.114*[#   6]+0.114*[#  16]+0.114*[#  26]+0.008*[#  23]
          +0.007*[#  10]+0.007*[#  30]+0.005*[#  11]+0.005*[#  24]+0.005*[#  32]
          +0.004*[#   2]+0.004*[#   3]+0.004*[#   4]+0.004*[#  13]+0.004*[#  33]
          +0.003*[#  20]+0.002*[#   5]+0.002*[#  15]+0.002*[#  25]
    |psi|^2 = 0.588
==== e(  34) =    23.56835 eV ==== 
     psi = 0.057*[#   2]+0.057*[#   3]+0.057*[#   4]+0.009*[#  11]+0.009*[#  24]
          +0.009*[#  32]+0.004*[#  12]+0.004*[#  14]+0.004*[#  21]+0.004*[#  22]
          +0.004*[#  31]+0.004*[#  34]
    |psi|^2 = 0.222
==== e(  35) =    25.67377 eV ==== 
     psi = 0.100*[#   6]+0.100*[#  16]+0.100*[#  26]+0.046*[#   2]+0.046*[#   3]
          +0.046*[#   4]+0.008*[#  20]+0.007*[#  13]+0.007*[#  33]+0.004*[#   5]
          +0.004*[#  15]+0.004*[#  25]+0.004*[#  10]+0.004*[#  30]+0.002*[#   1]
          +0.002*[#  23]
    |psi|^2 = 0.490

 k =   0.0000000000  0.2500000000 -0.5000000000
==== e(   1) =   -87.43043 eV ==== 
     psi = 0.316*[#   5]+0.316*[#  15]+0.316*[#  25]+0.017*[#   2]+0.017*[#   3]
          +0.017*[#   4]
    |psi|^2 = 1.000
==== e(   2) =   -87.42386 eV ==== 
     psi = 0.325*[#   5]+0.325*[#  15]+0.325*[#  25]+0.006*[#   2]+0.006*[#   3]
          +0.006*[#   4]+0.004*[#   1]
    |psi|^2 = 1.000
==== e(   3) =   -87.41728 eV ==== 
     psi = 0.329*[#   5]+0.329*[#  15]+0.329*[#  25]+0.004*[#   6]+0.004*[#  16]
          +0.004*[#  26]
    |psi|^2 = 1.000
==== e(   4) =   -47.86613 eV ==== 
     psi = 0.166*[#   7]+0.166*[#   8]+0.166*[#  18]+0.166*[#  19]+0.166*[#  27]
          +0.166*[#  29]+0.003*[#   1]
    |psi|^2 = 1.000
==== e(   5) =   -47.85067 eV ==== 
     psi = 0.145*[#   9]+0.145*[#  17]+0.145*[#  28]+0.094*[#   7]+0.094*[#   8]
          +0.094*[#  18]+0.094*[#  19]+0.094*[#  27]+0.094*[#  29]
    |psi|^2 = 1.000
==== e(   6) =   -47.84302 eV ==== 
     psi = 0.128*[#   7]+0.128*[#   8]+0.128*[#  18]+0.128*[#  19]+0.128*[#  27]
          +0.128*[#  29]+0.077*[#   9]+0.077*[#  17]+0.077*[#  28]
    |psi|^2 = 1.000
==== e(   7) =   -47.82698 eV ==== 
     psi = 0.166*[#   7]+0.166*[#   8]+0.166*[#  18]+0.166*[#  19]+0.166*[#  27]
          +0.166*[#  29]+0.001*[#   2]+0.001*[#   3]+0.001*[#   4]
    |psi|^2 = 1.000
==== e(   8) =   -47.82570 eV ==== 
     psi = 0.166*[#   7]+0.166*[#   8]+0.166*[#  18]+0.166*[#  19]+0.166*[#  27]
          +0.166*[#  29]
    |psi|^2 = 1.000
==== e(   9) =   -47.80650 eV ==== 
     psi = 0.212*[#   9]+0.212*[#  17]+0.212*[#  28]+0.060*[#   7]+0.060*[#   8]
          +0.060*[#  18]+0.060*[#  19]+0.060*[#  27]+0.060*[#  29]
    |psi|^2 = 1.000
==== e(  10) =   -47.78730 eV ==== 
     psi = 0.167*[#   7]+0.167*[#   8]+0.167*[#  18]+0.167*[#  19]+0.167*[#  27]
          +0.167*[#  29]
    |psi|^2 = 1.000
==== e(  11) =   -47.76770 eV ==== 
     psi = 0.256*[#   9]+0.256*[#  17]+0.256*[#  28]+0.038*[#   7]+0.038*[#   8]
          +0.038*[#  18]+0.038*[#  19]+0.038*[#  27]+0.038*[#  29]
    |psi|^2 = 1.000
==== e(  12) =   -47.74123 eV ==== 
     psi = 0.308*[#   9]+0.308*[#  17]+0.308*[#  28]+0.013*[#   7]+0.013*[#   8]
          +0.013*[#  18]+0.013*[#  19]+0.013*[#  27]+0.013*[#  29]
    |psi|^2 = 1.000
==== e(  13) =     8.66062 eV ==== 
     psi = 0.499*[#   1]+0.101*[#   6]+0.101*[#  16]+0.101*[#  26]+0.036*[#   2]
          +0.036*[#   3]+0.036*[#   4]+0.012*[#  11]+0.012*[#  24]+0.012*[#  32]
          +0.010*[#  20]+0.007*[#  13]+0.007*[#  33]+0.003*[#  10]+0.003*[#  30]
          +0.001*[#   5]+0.002*[#  12]+0.002*[#  14]+0.001*[#  15]+0.002*[#  21]
          +0.002*[#  22]+0.001*[#  25]+0.002*[#  31]+0.002*[#  34]
    |psi|^2 = 0.993
==== e(  14) =     9.49237 eV ==== 
     psi = 0.154*[#   2]+0.154*[#   3]+0.154*[#   4]+0.140*[#   6]+0.140*[#  16]
          +0.140*[#  26]+0.019*[#  23]+0.015*[#  10]+0.015*[#  30]+0.008*[#   5]
          +0.008*[#  15]+0.008*[#  25]+0.005*[#  13]+0.005*[#  33]+0.005*[#  12]
          +0.005*[#  14]+0.005*[#  21]+0.005*[#  22]+0.005*[#  31]+0.005*[#  34]
          
    |psi|^2 = 0.998
==== e(  15) =    11.95666 eV ==== 
     psi = 0.104*[#  11]+0.104*[#  24]+0.104*[#  32]+0.087*[#   1]+0.082*[#   2]
          +0.082*[#   3]+0.082*[#   4]+0.039*[#  12]+0.039*[#  14]+0.039*[#  21]
          +0.039*[#  22]+0.039*[#  31]+0.039*[#  34]+0.023*[#  23]+0.017*[#  10]
          +0.017*[#  30]+0.010*[#   6]+0.010*[#  16]+0.010*[#  26]+0.006*[#  13]
          +0.006*[#  33]
    |psi|^2 = 0.984
==== e(  16) =    12.38797 eV ==== 
     psi = 0.228*[#  20]+0.181*[#  13]+0.181*[#  33]+0.088*[#  10]+0.088*[#  30]
          +0.043*[#   6]+0.043*[#  16]+0.043*[#  26]+0.042*[#  23]+0.008*[#   2]
          +0.008*[#   3]+0.008*[#   4]
    |psi|^2 = 0.972
==== e(  17) =    12.57329 eV ==== 
     psi = 0.230*[#  11]+0.230*[#  24]+0.230*[#  32]+0.047*[#   2]+0.047*[#   3]
          +0.047*[#   4]+0.027*[#  12]+0.027*[#  14]+0.027*[#  21]+0.027*[#  22]
          +0.027*[#  31]+0.027*[#  34]
    |psi|^2 = 0.997
==== e(  18) =    12.90560 eV ==== 
     psi = 0.164*[#  12]+0.164*[#  14]+0.164*[#  21]+0.164*[#  22]+0.164*[#  31]
          +0.164*[#  34]
    |psi|^2 = 0.985
==== e(  19) =    13.20899 eV ==== 
     psi = 0.231*[#  23]+0.176*[#  10]+0.176*[#  30]+0.066*[#  13]+0.066*[#  33]
          +0.036*[#  12]+0.036*[#  14]+0.036*[#  21]+0.036*[#  22]+0.036*[#  31]
          +0.036*[#  34]+0.011*[#  20]+0.004*[#   2]+0.004*[#   3]+0.004*[#   4]
          +0.004*[#  11]+0.004*[#  24]+0.004*[#  32]+0.002*[#   6]+0.002*[#  16]
          +0.002*[#  26]
    |psi|^2 = 0.971
==== e(  20) =    13.21649 eV ==== 
     psi = 0.109*[#  12]+0.109*[#  14]+0.109*[#  21]+0.109*[#  22]+0.109*[#  31]
          +0.109*[#  34]+0.082*[#  23]+0.062*[#  10]+0.062*[#  30]+0.025*[#   6]
          +0.025*[#  16]+0.025*[#  26]+0.021*[#  13]+0.021*[#  33]+0.001*[#  20]
          
    |psi|^2 = 0.982
==== e(  21) =    13.67068 eV ==== 
     psi = 0.159*[#  12]+0.159*[#  14]+0.159*[#  21]+0.159*[#  22]+0.159*[#  31]
          +0.159*[#  34]
    |psi|^2 = 0.956
==== e(  22) =    13.77673 eV ==== 
     psi = 0.131*[#  11]+0.131*[#  24]+0.131*[#  32]+0.097*[#  12]+0.097*[#  14]
          +0.097*[#  21]+0.097*[#  22]+0.097*[#  31]+0.097*[#  34]
    |psi|^2 = 0.975
==== e(  23) =    14.12865 eV ==== 
     psi = 0.188*[#  20]+0.148*[#  13]+0.148*[#  33]+0.069*[#  10]+0.069*[#  30]
          +0.066*[#  11]+0.066*[#  24]+0.066*[#  32]+0.030*[#  23]+0.022*[#  12]
          +0.022*[#  14]+0.022*[#  21]+0.022*[#  22]+0.022*[#  31]+0.022*[#  34]
          
    |psi|^2 = 0.986
==== e(  24) =    14.19057 eV ==== 
     psi = 0.209*[#  23]+0.173*[#  10]+0.173*[#  30]+0.102*[#  13]+0.102*[#  33]
          +0.066*[#  20]+0.025*[#   6]+0.025*[#  16]+0.025*[#  26]+0.012*[#  12]
          +0.012*[#  14]+0.012*[#  21]+0.012*[#  22]+0.012*[#  31]+0.012*[#  34]
          +0.004*[#   2]+0.004*[#   3]+0.004*[#   4]
    |psi|^2 = 0.988
==== e(  25) =    14.60452 eV ==== 
     psi = 0.186*[#  23]+0.172*[#  10]+0.172*[#  30]+0.144*[#  13]+0.144*[#  33]
          +0.130*[#  20]+0.006*[#  12]+0.006*[#  14]+0.006*[#  21]+0.006*[#  22]
          +0.006*[#  31]+0.006*[#  34]+0.002*[#   6]+0.002*[#  16]+0.002*[#  26]
          
    |psi|^2 = 0.991
==== e(  26) =    14.61205 eV ==== 
     psi = 0.263*[#  11]+0.263*[#  24]+0.263*[#  32]+0.035*[#  12]+0.035*[#  14]
          +0.035*[#  21]+0.035*[#  22]+0.035*[#  31]+0.035*[#  34]
    |psi|^2 = 0.997
==== e(  27) =    14.91265 eV ==== 
     psi = 0.205*[#  20]+0.180*[#  13]+0.180*[#  33]+0.131*[#  10]+0.131*[#  30]
          +0.106*[#  23]+0.012*[#   6]+0.012*[#  16]+0.012*[#  26]+0.003*[#  12]
          +0.003*[#  14]+0.003*[#  21]+0.003*[#  22]+0.003*[#  31]+0.003*[#  34]
          
    |psi|^2 = 0.992
==== e(  28) =    14.98890 eV ==== 
     psi = 0.119*[#  20]+0.102*[#  11]+0.102*[#  24]+0.102*[#  32]+0.089*[#  13]
          +0.089*[#  33]+0.045*[#   1]+0.041*[#  12]+0.041*[#  14]+0.041*[#  21]
          +0.041*[#  22]+0.041*[#  31]+0.041*[#  34]+0.030*[#  10]+0.030*[#  30]
          +0.008*[#   6]+0.008*[#  16]+0.008*[#  26]
    |psi|^2 = 0.982
==== e(  29) =    15.21902 eV ==== 
     psi = 0.166*[#  12]+0.166*[#  14]+0.166*[#  21]+0.166*[#  22]+0.166*[#  31]
          +0.166*[#  34]
    |psi|^2 = 0.993
==== e(  30) =    17.84629 eV ==== 
     psi = 0.159*[#   1]+0.114*[#   2]+0.114*[#   3]+0.114*[#   4]+0.041*[#  23]
          +0.038*[#  11]+0.038*[#  24]+0.038*[#  32]+0.031*[#  10]+0.031*[#  30]
          +0.025*[#  12]+0.025*[#  14]+0.025*[#  21]+0.025*[#  22]+0.025*[#  31]
          +0.025*[#  34]+0.012*[#  13]+0.012*[#  33]+0.011*[#   6]+0.011*[#  16]
          +0.011*[#  26]+0.003*[#  20]
    |psi|^2 = 0.931
==== e(  31) =    17.98768 eV ==== 
     psi = 0.140*[#   6]+0.140*[#  16]+0.140*[#  26]+0.054*[#   2]+0.054*[#   3]
          +0.054*[#   4]+0.029*[#  12]+0.029*[#  14]+0.029*[#  21]+0.029*[#  22]
          +0.029*[#  31]+0.029*[#  34]+0.023*[#  20]+0.021*[#  13]+0.021*[#  33]
          +0.017*[#  10]+0.017*[#  30]+0.015*[#  23]+0.004*[#   5]+0.004*[#  15]
          +0.004*[#  25]
    |psi|^2 = 0.884
==== e(  32) =    21.66608 eV ==== 
     psi = 0.243*[#   2]+0.243*[#   3]+0.243*[#   4]+0.032*[#  11]+0.032*[#  24]
          +0.032*[#  32]+0.007*[#  12]+0.007*[#  14]+0.007*[#  21]+0.007*[#  22]
          +0.007*[#  31]+0.007*[#  34]
    |psi|^2 = 0.864
==== e(  33) =    22.10694 eV ==== 
     psi = 0.008*[#  12]+0.008*[#  14]+0.008*[#  21]+0.008*[#  22]+0.008*[#  31]
          +0.008*[#  34]
    |psi|^2 = 0.050
==== e(  34) =    23.10269 eV ==== 
     psi = 0.161*[#   1]+0.081*[#   6]+0.081*[#  16]+0.081*[#  26]+0.006*[#   2]
          +0.006*[#   3]+0.006*[#   4]+0.006*[#  23]+0.005*[#  11]+0.005*[#  24]
          +0.005*[#  32]+0.004*[#  10]+0.004*[#  30]+0.002*[#  13]+0.002*[#  33]
          +0.001*[#   5]+0.001*[#  15]+0.001*[#  25]
    |psi|^2 = 0.463
==== e(  35) =    25.32021 eV ==== 
     psi = 0.166*[#   6]+0.166*[#  16]+0.166*[#  26]+0.055*[#   2]+0.055*[#   3]
          +0.055*[#   4]+0.009*[#  20]+0.008*[#  13]+0.008*[#  33]+0.006*[#   5]
          +0.006*[#  15]+0.006*[#  25]+0.005*[#  10]+0.005*[#  30]+0.003*[#  23]
          
    |psi|^2 = 0.722

 k =   0.0000000000  0.3750000000  0.3750000000
==== e(   1) =   -87.42960 eV ==== 
     psi = 0.320*[#   5]+0.320*[#  15]+0.320*[#  25]+0.013*[#   2]+0.013*[#   3]
          +0.013*[#   4]+0.001*[#   1]
    |psi|^2 = 1.000
==== e(   2) =   -87.42247 eV ==== 
     psi = 0.323*[#   5]+0.323*[#  15]+0.323*[#  25]+0.008*[#   2]+0.008*[#   3]
          +0.008*[#   4]+0.002*[#   6]+0.002*[#  16]+0.002*[#  26]
    |psi|^2 = 1.000
==== e(   3) =   -87.41942 eV ==== 
     psi = 0.330*[#   5]+0.330*[#  15]+0.330*[#  25]+0.002*[#   6]+0.002*[#  16]
          +0.002*[#  26]
    |psi|^2 = 1.000
==== e(   4) =   -47.87531 eV ==== 
     psi = 0.159*[#   7]+0.159*[#   8]+0.159*[#  18]+0.159*[#  19]+0.159*[#  27]
          +0.159*[#  29]+0.014*[#   9]+0.014*[#  17]+0.014*[#  28]+0.003*[#   1]
          
    |psi|^2 = 1.000
==== e(   5) =   -47.84479 eV ==== 
     psi = 0.176*[#   9]+0.176*[#  17]+0.176*[#  28]+0.078*[#   7]+0.078*[#   8]
          +0.078*[#  18]+0.078*[#  19]+0.078*[#  27]+0.078*[#  29]
    |psi|^2 = 1.000
==== e(   6) =   -47.83785 eV ==== 
     psi = 0.138*[#   7]+0.138*[#   8]+0.138*[#  18]+0.138*[#  19]+0.138*[#  27]
          +0.138*[#  29]+0.058*[#   9]+0.058*[#  17]+0.058*[#  28]
    |psi|^2 = 1.000
==== e(   7) =   -47.83036 eV ==== 
     psi = 0.159*[#   7]+0.159*[#   8]+0.159*[#  18]+0.159*[#  19]+0.159*[#  27]
          +0.159*[#  29]+0.012*[#   9]+0.012*[#  17]+0.012*[#  28]+0.002*[#   2]
          +0.002*[#   3]+0.002*[#   4]
    |psi|^2 = 1.000
==== e(   8) =   -47.82423 eV ==== 
     psi = 0.167*[#   7]+0.167*[#   8]+0.167*[#  18]+0.167*[#  19]+0.167*[#  27]
          +0.167*[#  29]
    |psi|^2 = 1.000
==== e(   9) =   -47.81184 eV ==== 
     psi = 0.142*[#   9]+0.142*[#  17]+0.142*[#  28]+0.095*[#   7]+0.095*[#   8]
          +0.095*[#  18]+0.095*[#  19]+0.095*[#  27]+0.095*[#  29]
    |psi|^2 = 1.000
==== e(  10) =   -47.78014 eV ==== 
     psi = 0.165*[#   7]+0.165*[#   8]+0.165*[#  18]+0.165*[#  19]+0.165*[#  27]
          +0.165*[#  29]+0.004*[#   9]+0.004*[#  17]+0.004*[#  28]
    |psi|^2 = 1.000
==== e(  11) =   -47.77377 eV ==== 
     psi = 0.275*[#   9]+0.275*[#  17]+0.275*[#  28]+0.029*[#   7]+0.029*[#   8]
          +0.029*[#  18]+0.029*[#  19]+0.029*[#  27]+0.029*[#  29]
    |psi|^2 = 1.000
==== e(  12) =   -47.73566 eV ==== 
     psi = 0.317*[#   9]+0.317*[#  17]+0.317*[#  28]+0.008*[#   7]+0.008*[#   8]
          +0.008*[#  18]+0.008*[#  19]+0.008*[#  27]+0.008*[#  29]
    |psi|^2 = 1.000
==== e(  13) =     8.64473 eV ==== 
     psi = 0.369*[#   1]+0.107*[#   6]+0.107*[#  16]+0.107*[#  26]+0.072*[#   2]
          +0.072*[#   3]+0.072*[#   4]+0.012*[#  11]+0.012*[#  24]+0.012*[#  32]
          +0.004*[#   5]+0.004*[#  15]+0.004*[#  25]+0.004*[#  20]+0.003*[#  13]
          +0.003*[#  33]+0.003*[#  12]+0.003*[#  14]+0.003*[#  21]+0.003*[#  22]
          +0.003*[#  31]+0.003*[#  34]+0.002*[#  10]+0.002*[#  30]+0.001*[#  23]
          
    |psi|^2 = 0.994
==== e(  14) =    10.86447 eV ==== 
     psi = 0.158*[#   2]+0.158*[#   3]+0.158*[#   4]+0.078*[#   6]+0.078*[#  16]
          +0.078*[#  26]+0.035*[#  23]+0.029*[#  10]+0.029*[#  30]+0.023*[#  12]
          +0.023*[#  14]+0.023*[#  21]+0.023*[#  22]+0.023*[#  31]+0.023*[#  34]
          +0.017*[#  13]+0.017*[#  33]+0.011*[#  20]+0.002*[#   5]+0.002*[#  15]
          +0.002*[#  25]
    |psi|^2 = 0.997
==== e(  15) =    10.99758 eV ==== 
     psi = 0.284*[#   1]+0.066*[#  11]+0.066*[#  24]+0.066*[#  32]+0.065*[#   2]
          +0.065*[#   3]+0.065*[#   4]+0.053*[#   6]+0.053*[#  16]+0.053*[#  26]
          +0.014*[#  23]+0.013*[#  10]+0.013*[#  30]+0.011*[#  12]+0.011*[#  14]
          +0.011*[#  21]+0.011*[#  22]+0.011*[#  31]+0.011*[#  34]+0.010*[#  13]
          +0.010*[#  33]+0.009*[#  20]+0.002*[#   5]+0.002*[#  15]+0.002*[#  25]
          
    |psi|^2 = 0.978
==== e(  16) =    12.45348 eV ==== 
     psi = 0.169*[#  20]+0.128*[#  13]+0.128*[#  33]+0.083*[#   6]+0.083*[#  16]
          +0.083*[#  26]+0.048*[#  10]+0.048*[#  30]+0.017*[#  11]+0.017*[#  24]
          +0.017*[#  32]+0.015*[#  12]+0.015*[#  14]+0.015*[#  21]+0.015*[#  22]
          +0.015*[#  31]+0.015*[#  34]+0.013*[#   2]+0.013*[#   3]+0.013*[#   4]
          +0.007*[#  23]
    |psi|^2 = 0.962
==== e(  17) =    12.52555 eV ==== 
     psi = 0.235*[#  11]+0.235*[#  24]+0.235*[#  32]+0.040*[#   2]+0.040*[#   3]
          +0.040*[#   4]+0.029*[#  12]+0.029*[#  14]+0.029*[#  21]+0.029*[#  22]
          +0.029*[#  31]+0.029*[#  34]
    |psi|^2 = 0.997
==== e(  18) =    12.97528 eV ==== 
     psi = 0.142*[#  23]+0.113*[#  10]+0.113*[#  30]+0.069*[#  12]+0.069*[#  14]
          +0.069*[#  21]+0.069*[#  22]+0.069*[#  31]+0.069*[#  34]+0.055*[#  13]
          +0.055*[#  33]+0.026*[#  20]+0.017*[#   6]+0.017*[#  16]+0.017*[#  26]
          +0.003*[#   2]+0.003*[#   3]+0.003*[#   4]+0.003*[#  11]+0.003*[#  24]
          +0.003*[#  32]+0.001*[#   1]
    |psi|^2 = 0.990
==== e(  19) =    13.03625 eV ==== 
     psi = 0.142*[#  12]+0.142*[#  14]+0.142*[#  21]+0.142*[#  22]+0.142*[#  31]
          +0.142*[#  34]+0.036*[#  11]+0.036*[#  24]+0.036*[#  32]+0.005*[#   2]
          +0.005*[#   3]+0.005*[#   4]
    |psi|^2 = 0.978
==== e(  20) =    13.27843 eV ==== 
     psi = 0.162*[#  23]+0.129*[#  10]+0.129*[#  30]+0.067*[#  12]+0.067*[#  14]
          +0.067*[#  21]+0.067*[#  22]+0.067*[#  31]+0.067*[#  34]+0.062*[#  13]
          +0.062*[#  33]+0.029*[#  20]+0.005*[#   6]+0.005*[#  16]+0.005*[#  26]
          
    |psi|^2 = 0.990
==== e(  21) =    13.42850 eV ==== 
     psi = 0.152*[#  12]+0.152*[#  14]+0.152*[#  21]+0.152*[#  22]+0.152*[#  31]
          +0.152*[#  34]+0.021*[#  11]+0.021*[#  24]+0.021*[#  32]
    |psi|^2 = 0.972
==== e(  22) =    14.01390 eV ==== 
     psi = 0.149*[#  12]+0.149*[#  14]+0.149*[#  21]+0.149*[#  22]+0.149*[#  31]
          +0.149*[#  34]+0.021*[#  11]+0.021*[#  24]+0.021*[#  32]
    |psi|^2 = 0.959
==== e(  23) =    14.16349 eV ==== 
     psi = 0.104*[#  20]+0.103*[#  13]+0.103*[#  33]+0.100*[#  10]+0.100*[#  30]
          +0.098*[#  23]+0.058*[#  11]+0.058*[#  24]+0.058*[#  32]+0.024*[#  12]
          +0.024*[#  14]+0.024*[#  21]+0.024*[#  22]+0.024*[#  31]+0.024*[#  34]
          +0.017*[#   6]+0.017*[#  16]+0.017*[#  26]
    |psi|^2 = 0.972
==== e(  24) =    14.38448 eV ==== 
     psi = 0.190*[#  20]+0.177*[#  13]+0.177*[#  33]+0.149*[#  10]+0.149*[#  30]
          +0.135*[#  23]+0.003*[#   2]+0.003*[#   3]+0.003*[#   4]+0.002*[#  12]
          +0.002*[#  14]+0.002*[#  21]+0.002*[#  22]+0.002*[#  31]+0.002*[#  34]
          
    |psi|^2 = 0.998
==== e(  25) =    14.53357 eV ==== 
     psi = 0.264*[#  23]+0.214*[#  10]+0.214*[#  30]+0.115*[#  13]+0.115*[#  33]
          +0.065*[#  20]+0.002*[#   2]+0.002*[#   3]+0.002*[#   4]
    |psi|^2 = 0.995
==== e(  26) =    14.63140 eV ==== 
     psi = 0.305*[#  11]+0.305*[#  24]+0.305*[#  32]+0.014*[#  12]+0.014*[#  14]
          +0.014*[#  21]+0.014*[#  22]+0.014*[#  31]+0.014*[#  34]
    |psi|^2 = 0.998
==== e(  27) =    14.65565 eV ==== 
     psi = 0.250*[#  20]+0.194*[#  13]+0.194*[#  33]+0.083*[#  10]+0.083*[#  30]
          +0.044*[#   6]+0.044*[#  16]+0.044*[#  26]+0.028*[#  23]+0.005*[#   1]
          +0.004*[#  11]+0.004*[#  24]+0.004*[#  32]
    |psi|^2 = 0.987
==== e(  28) =    15.00086 eV ==== 
     psi = 0.163*[#  12]+0.163*[#  14]+0.163*[#  21]+0.163*[#  22]+0.163*[#  31]
          +0.163*[#  34]+0.006*[#  11]+0.006*[#  24]+0.006*[#  32]
    |psi|^2 = 0.997
==== e(  29) =    15.18553 eV ==== 
     psi = 0.146*[#  11]+0.146*[#  24]+0.146*[#  32]+0.126*[#   1]+0.080*[#  20]
          +0.061*[#  13]+0.061*[#  33]+0.024*[#  10]+0.024*[#  30]+0.022*[#   6]
          +0.022*[#  16]+0.022*[#  26]+0.012*[#  12]+0.012*[#  14]+0.012*[#  21]
          +0.012*[#  22]+0.012*[#  31]+0.012*[#  34]+0.005*[#  23]
    |psi|^2 = 0.958
==== e(  30) =    16.53030 eV ==== 
     psi = 0.072*[#  12]+0.072*[#  14]+0.072*[#  21]+0.072*[#  22]+0.072*[#  31]
          +0.072*[#  34]+0.066*[#  23]+0.059*[#   2]+0.059*[#   3]+0.059*[#   4]
          +0.059*[#  10]+0.059*[#  30]+0.043*[#  13]+0.043*[#  33]+0.035*[#  20]
          +0.027*[#   6]+0.027*[#  16]+0.027*[#  26]
    |psi|^2 = 0.998
==== e(  31) =    17.70190 eV ==== 
     psi = 0.078*[#   2]+0.078*[#   3]+0.078*[#   4]+0.077*[#   6]+0.077*[#  16]
          +0.077*[#  26]+0.074*[#   1]+0.032*[#  23]+0.031*[#  12]+0.031*[#  14]
          +0.031*[#  21]+0.031*[#  22]+0.031*[#  31]+0.031*[#  34]+0.027*[#  10]
          +0.027*[#  30]+0.019*[#  11]+0.019*[#  24]+0.019*[#  32]+0.018*[#  13]
          +0.018*[#  33]+0.014*[#  20]+0.002*[#   5]+0.002*[#  15]+0.002*[#  25]
          
    |psi|^2 = 0.924
==== e(  32) =    21.45805 eV ==== 
     psi = 0.167*[#   2]+0.167*[#   3]+0.167*[#   4]+0.021*[#  11]+0.021*[#  24]
          +0.021*[#  32]+0.009*[#  12]+0.009*[#  14]+0.009*[#  21]+0.009*[#  22]
          +0.009*[#  31]+0.009*[#  34]
    |psi|^2 = 0.617
==== e(  33) =    23.37753 eV ==== 
     psi = 0.120*[#   1]+0.083*[#   6]+0.083*[#  16]+0.083*[#  26]+0.009*[#   2]
          +0.009*[#   3]+0.009*[#   4]+0.007*[#  11]+0.007*[#  24]+0.007*[#  32]
          +0.004*[#  23]+0.004*[#  10]+0.004*[#  30]+0.002*[#  13]+0.002*[#  33]
          +0.002*[#   5]+0.002*[#  15]+0.002*[#  25]+0.002*[#  20]
    |psi|^2 = 0.442
==== e(  34) =    24.08677 eV ==== 
     psi = 0.005*[#  12]+0.005*[#  14]+0.005*[#  21]+0.005*[#  22]+0.005*[#  31]
          +0.005*[#  34]+0.001*[#  11]+0.001*[#  24]+0.001*[#  32]
    |psi|^2 = 0.030
==== e(  35) =    24.78233 eV ==== 
     psi = 0.116*[#   2]+0.116*[#   3]+0.116*[#   4]+0.019*[#  11]+0.019*[#  24]
          +0.019*[#  32]+0.002*[#  12]+0.002*[#  14]+0.002*[#  21]+0.002*[#  22]
          +0.002*[#  31]+0.002*[#  34]
    |psi|^2 = 0.415

 k =   0.0000000000  0.3750000000 -0.5000000000
==== e(   1) =   -87.42739 eV ==== 
     psi = 0.322*[#   5]+0.322*[#  15]+0.322*[#  25]+0.011*[#   2]+0.011*[#   3]
          +0.011*[#   4]
    |psi|^2 = 1.000
==== e(   2) =   -87.42383 eV ==== 
     psi = 0.323*[#   5]+0.323*[#  15]+0.323*[#  25]+0.009*[#   2]+0.009*[#   3]
          +0.009*[#   4]+0.001*[#   6]+0.001*[#  16]+0.001*[#  26]+0.001*[#   1]
          
    |psi|^2 = 1.000
==== e(   3) =   -87.42028 eV ==== 
     psi = 0.330*[#   5]+0.330*[#  15]+0.330*[#  25]+0.002*[#   6]+0.002*[#  16]
          +0.002*[#  26]+0.001*[#   2]+0.001*[#   3]+0.001*[#   4]
    |psi|^2 = 1.000
==== e(   4) =   -47.87741 eV ==== 
     psi = 0.166*[#   7]+0.166*[#   8]+0.166*[#  18]+0.166*[#  19]+0.166*[#  27]
          +0.166*[#  29]+0.004*[#   1]
    |psi|^2 = 1.000
==== e(   5) =   -47.84486 eV ==== 
     psi = 0.215*[#   9]+0.215*[#  17]+0.215*[#  28]+0.058*[#   7]+0.058*[#   8]
          +0.058*[#  18]+0.058*[#  19]+0.058*[#  27]+0.058*[#  29]
    |psi|^2 = 1.000
==== e(   6) =   -47.83190 eV ==== 
     psi = 0.147*[#   7]+0.147*[#   8]+0.147*[#  18]+0.147*[#  19]+0.147*[#  27]
          +0.147*[#  29]+0.040*[#   9]+0.040*[#  17]+0.040*[#  28]
    |psi|^2 = 1.000
==== e(   7) =   -47.82678 eV ==== 
     psi = 0.166*[#   7]+0.166*[#   8]+0.166*[#  18]+0.166*[#  19]+0.166*[#  27]
          +0.166*[#  29]+0.001*[#   2]+0.001*[#   3]+0.001*[#   4]
    |psi|^2 = 1.000
==== e(   8) =   -47.82558 eV ==== 
     psi = 0.167*[#   7]+0.167*[#   8]+0.167*[#  18]+0.167*[#  19]+0.167*[#  27]
          +0.167*[#  29]
    |psi|^2 = 1.000
==== e(   9) =   -47.81935 eV ==== 
     psi = 0.122*[#   9]+0.122*[#  17]+0.122*[#  28]+0.104*[#   7]+0.104*[#   8]
          +0.104*[#  18]+0.104*[#  19]+0.104*[#  27]+0.104*[#  29]+0.001*[#   2]
          +0.001*[#   3]+0.001*[#   4]
    |psi|^2 = 1.000
==== e(  10) =   -47.77862 eV ==== 
     psi = 0.294*[#   9]+0.294*[#  17]+0.294*[#  28]+0.020*[#   7]+0.020*[#   8]
          +0.020*[#  18]+0.020*[#  19]+0.020*[#  27]+0.020*[#  29]
    |psi|^2 = 1.000
==== e(  11) =   -47.77608 eV ==== 
     psi = 0.167*[#   7]+0.167*[#   8]+0.167*[#  18]+0.167*[#  19]+0.167*[#  27]
          +0.167*[#  29]
    |psi|^2 = 1.000
==== e(  12) =   -47.73451 eV ==== 
     psi = 0.327*[#   9]+0.327*[#  17]+0.327*[#  28]+0.003*[#   7]+0.003*[#   8]
          +0.003*[#  18]+0.003*[#  19]+0.003*[#  27]+0.003*[#  29]
    |psi|^2 = 1.000
==== e(  13) =     9.33714 eV ==== 
     psi = 0.535*[#   1]+0.058*[#   6]+0.058*[#  16]+0.058*[#  26]+0.045*[#   2]
          +0.045*[#   3]+0.045*[#   4]+0.031*[#  11]+0.031*[#  24]+0.031*[#  32]
          +0.006*[#  20]+0.005*[#  13]+0.005*[#  33]+0.003*[#  12]+0.003*[#  14]
          +0.003*[#  21]+0.003*[#  22]+0.003*[#  31]+0.003*[#  34]+0.002*[#  10]
          +0.002*[#  30]+0.001*[#   5]+0.001*[#  15]+0.001*[#  25]
    |psi|^2 = 0.987
==== e(  14) =    10.17508 eV ==== 
     psi = 0.155*[#   2]+0.155*[#   3]+0.155*[#   4]+0.120*[#   6]+0.120*[#  16]
          +0.120*[#  26]+0.017*[#  23]+0.015*[#  12]+0.015*[#  14]+0.015*[#  21]
          +0.015*[#  22]+0.015*[#  31]+0.015*[#  34]+0.013*[#  10]+0.013*[#  30]
          +0.007*[#  13]+0.007*[#  33]+0.005*[#   5]+0.005*[#  15]+0.005*[#  25]
          +0.004*[#  20]
    |psi|^2 = 0.997
==== e(  15) =    11.23077 eV ==== 
     psi = 0.153*[#   1]+0.108*[#   2]+0.108*[#   3]+0.108*[#   4]+0.057*[#  11]
          +0.057*[#  24]+0.057*[#  32]+0.031*[#   6]+0.031*[#  16]+0.031*[#  26]
          +0.029*[#  12]+0.029*[#  14]+0.029*[#  21]+0.029*[#  22]+0.029*[#  31]
          +0.029*[#  34]+0.017*[#  23]+0.014*[#  10]+0.014*[#  30]+0.006*[#  13]
          +0.006*[#  33]+0.003*[#  20]+0.002*[#   5]+0.002*[#  15]+0.002*[#  25]
          
    |psi|^2 = 0.986
==== e(  16) =    12.40584 eV ==== 
     psi = 0.142*[#  20]+0.140*[#   6]+0.140*[#  16]+0.140*[#  26]+0.109*[#  13]
          +0.109*[#  33]+0.042*[#  10]+0.042*[#  30]+0.009*[#   2]+0.009*[#   3]
          +0.009*[#   4]+0.009*[#  12]+0.009*[#  14]+0.009*[#  21]+0.009*[#  22]
          +0.009*[#  31]+0.009*[#  34]+0.008*[#  23]
    |psi|^2 = 0.955
==== e(  17) =    12.53362 eV ==== 
     psi = 0.273*[#  11]+0.273*[#  24]+0.273*[#  32]+0.045*[#   2]+0.045*[#   3]
          +0.045*[#   4]+0.007*[#  12]+0.007*[#  14]+0.007*[#  21]+0.007*[#  22]
          +0.007*[#  31]+0.007*[#  34]
    |psi|^2 = 0.998
==== e(  18) =    12.99273 eV ==== 
     psi = 0.163*[#  12]+0.163*[#  14]+0.163*[#  21]+0.163*[#  22]+0.163*[#  31]
          +0.163*[#  34]
    |psi|^2 = 0.976
==== e(  19) =    13.11724 eV ==== 
     psi = 0.130*[#  23]+0.105*[#  10]+0.105*[#  30]+0.077*[#  12]+0.077*[#  14]
          +0.077*[#  21]+0.077*[#  22]+0.077*[#  31]+0.077*[#  34]+0.056*[#  13]
          +0.056*[#  33]+0.032*[#  20]+0.014*[#   6]+0.014*[#  16]+0.014*[#  26]
          +0.002*[#   2]+0.002*[#   3]+0.002*[#   4]
    |psi|^2 = 0.993
==== e(  20) =    13.20619 eV ==== 
     psi = 0.175*[#  23]+0.140*[#  10]+0.140*[#  30]+0.069*[#  13]+0.069*[#  33]
          +0.056*[#  12]+0.056*[#  14]+0.056*[#  21]+0.056*[#  22]+0.056*[#  31]
          +0.056*[#  34]+0.033*[#  20]+0.006*[#   2]+0.006*[#   3]+0.006*[#   4]
          +0.003*[#   6]+0.003*[#  16]+0.003*[#  26]
    |psi|^2 = 0.990
==== e(  21) =    13.70658 eV ==== 
     psi = 0.160*[#  12]+0.160*[#  14]+0.160*[#  21]+0.160*[#  22]+0.160*[#  31]
          +0.160*[#  34]
    |psi|^2 = 0.963
==== e(  22) =    13.73922 eV ==== 
     psi = 0.144*[#  12]+0.144*[#  14]+0.144*[#  21]+0.144*[#  22]+0.144*[#  31]
          +0.144*[#  34]+0.035*[#  11]+0.035*[#  24]+0.035*[#  32]
    |psi|^2 = 0.969
==== e(  23) =    14.22811 eV ==== 
     psi = 0.206*[#  20]+0.172*[#  13]+0.172*[#  33]+0.105*[#  10]+0.105*[#  30]
          +0.071*[#  23]+0.040*[#  11]+0.040*[#  24]+0.040*[#  32]+0.005*[#  12]
          +0.005*[#  14]+0.005*[#  21]+0.005*[#  22]+0.005*[#  31]+0.005*[#  34]
          +0.004*[#   1]
    |psi|^2 = 0.987
==== e(  24) =    14.25789 eV ==== 
     psi = 0.219*[#  23]+0.184*[#  10]+0.184*[#  30]+0.116*[#  13]+0.116*[#  33]
          +0.081*[#  20]+0.023*[#   6]+0.023*[#  16]+0.023*[#  26]+0.003*[#  12]
          +0.003*[#  14]+0.003*[#  21]+0.003*[#  22]+0.003*[#  31]+0.003*[#  34]
          +0.002*[#   2]+0.002*[#   3]+0.002*[#   4]
    |psi|^2 = 0.993
==== e(  25) =    14.46053 eV ==== 
     psi = 0.178*[#  23]+0.170*[#  10]+0.170*[#  30]+0.154*[#  13]+0.154*[#  33]
          +0.146*[#  20]+0.003*[#   6]+0.003*[#  16]+0.003*[#  26]+0.002*[#  12]
          +0.002*[#  14]+0.002*[#  21]+0.002*[#  22]+0.002*[#  31]+0.002*[#  34]
          
    |psi|^2 = 0.993
==== e(  26) =    14.60642 eV ==== 
     psi = 0.217*[#  20]+0.178*[#  13]+0.178*[#  33]+0.101*[#  10]+0.101*[#  30]
          +0.063*[#  23]+0.048*[#   6]+0.048*[#  16]+0.048*[#  26]
    |psi|^2 = 0.989
==== e(  27) =    14.67243 eV ==== 
     psi = 0.315*[#  11]+0.315*[#  24]+0.315*[#  32]+0.009*[#  12]+0.009*[#  14]
          +0.009*[#  21]+0.009*[#  22]+0.009*[#  31]+0.009*[#  34]
    |psi|^2 = 0.998
==== e(  28) =    14.90414 eV ==== 
     psi = 0.166*[#  12]+0.166*[#  14]+0.166*[#  21]+0.166*[#  22]+0.166*[#  31]
          +0.166*[#  34]
    |psi|^2 = 0.996
==== e(  29) =    15.07463 eV ==== 
     psi = 0.173*[#  11]+0.173*[#  24]+0.173*[#  32]+0.120*[#   1]+0.065*[#  20]
          +0.049*[#  13]+0.049*[#  33]+0.018*[#  12]+0.018*[#  14]+0.018*[#  21]
          +0.018*[#  22]+0.018*[#  31]+0.018*[#  34]+0.016*[#  10]+0.016*[#  30]
          +0.004*[#   6]+0.004*[#  16]+0.004*[#  26]
    |psi|^2 = 0.953
==== e(  30) =    16.83058 eV ==== 
     psi = 0.070*[#   6]+0.070*[#  16]+0.070*[#  26]+0.058*[#  12]+0.058*[#  14]
          +0.058*[#  21]+0.058*[#  22]+0.058*[#  31]+0.058*[#  34]+0.056*[#   2]
          +0.056*[#   3]+0.056*[#   4]+0.047*[#  23]+0.044*[#  10]+0.044*[#  30]
          +0.038*[#  13]+0.038*[#  33]+0.035*[#  20]+0.001*[#   5]+0.001*[#  15]
          +0.001*[#  25]
    |psi|^2 = 0.982
==== e(  31) =    16.83225 eV ==== 
     psi = 0.078*[#   1]+0.070*[#   2]+0.070*[#   3]+0.070*[#   4]+0.064*[#  23]
          +0.053*[#  10]+0.053*[#  30]+0.053*[#  12]+0.053*[#  14]+0.053*[#  21]
          +0.053*[#  22]+0.053*[#  31]+0.053*[#  34]+0.030*[#  13]+0.030*[#  33]
          +0.022*[#  11]+0.022*[#  24]+0.022*[#  32]+0.019*[#   6]+0.019*[#  16]
          +0.019*[#  26]+0.018*[#  20]
    |psi|^2 = 0.975
==== e(  32) =    22.49100 eV ==== 
     psi = 0.203*[#   2]+0.203*[#   3]+0.203*[#   4]+0.028*[#  11]+0.028*[#  24]
          +0.028*[#  32]+0.005*[#  12]+0.005*[#  14]+0.005*[#  21]+0.005*[#  22]
          +0.005*[#  31]+0.005*[#  34]
    |psi|^2 = 0.721
==== e(  33) =    23.06794 eV ==== 
     psi = 0.007*[#  12]+0.007*[#  14]+0.007*[#  21]+0.007*[#  22]+0.007*[#  31]
          +0.007*[#  34]
    |psi|^2 = 0.041
==== e(  34) =    23.62678 eV ==== 
     psi = 0.095*[#   1]+0.046*[#   6]+0.046*[#  16]+0.046*[#  26]+0.008*[#  11]
          +0.008*[#  24]+0.008*[#  32]+0.007*[#   2]+0.007*[#   3]+0.007*[#   4]
          +0.002*[#  23]+0.002*[#  10]+0.002*[#  30]+0.001*[#   5]+0.001*[#  15]
          +0.001*[#  25]
    |psi|^2 = 0.289
==== e(  35) =    25.04976 eV ==== 
     psi = 0.083*[#   2]+0.083*[#   3]+0.083*[#   4]+0.015*[#  11]+0.015*[#  24]
          +0.015*[#  32]+0.002*[#  12]+0.002*[#  14]+0.002*[#  21]+0.002*[#  22]
          +0.002*[#  31]+0.002*[#  34]
    |psi|^2 = 0.304

 k =   0.0000000000 -0.5000000000 -0.5000000000
==== e(   1) =   -87.42381 eV ==== 
     psi = 0.333*[#   5]+0.333*[#  15]+0.333*[#  25]
    |psi|^2 = 1.000
==== e(   2) =   -87.42381 eV ==== 
     psi = 0.322*[#   5]+0.322*[#  15]+0.322*[#  25]+0.010*[#   2]+0.010*[#   3]
          +0.010*[#   4]+0.002*[#   6]+0.002*[#  16]+0.002*[#  26]
    |psi|^2 = 1.000
==== e(   3) =   -87.42381 eV ==== 
     psi = 0.322*[#   5]+0.322*[#  15]+0.322*[#  25]+0.010*[#   2]+0.010*[#   3]
          +0.010*[#   4]+0.002*[#   6]+0.002*[#  16]+0.002*[#  26]
    |psi|^2 = 1.000
==== e(   4) =   -47.88120 eV ==== 
     psi = 0.166*[#   7]+0.166*[#   8]+0.166*[#  18]+0.166*[#  19]+0.166*[#  27]
          +0.166*[#  29]+0.004*[#   1]
    |psi|^2 = 1.000
==== e(   5) =   -47.83963 eV ==== 
     psi = 0.332*[#   9]+0.332*[#  17]+0.332*[#  28]+0.001*[#   6]+0.001*[#  16]
          +0.001*[#  26]
    |psi|^2 = 1.000
==== e(   6) =   -47.82654 eV ==== 
     psi = 0.166*[#   7]+0.166*[#   8]+0.166*[#  18]+0.166*[#  19]+0.166*[#  27]
          +0.166*[#  29]+0.002*[#   2]+0.002*[#   3]+0.002*[#   4]
    |psi|^2 = 1.000
==== e(   7) =   -47.82654 eV ==== 
     psi = 0.166*[#   7]+0.166*[#   8]+0.166*[#  18]+0.166*[#  19]+0.166*[#  27]
          +0.166*[#  29]+0.002*[#   2]+0.002*[#   3]+0.002*[#   4]
    |psi|^2 = 1.000
==== e(   8) =   -47.82557 eV ==== 
     psi = 0.167*[#   7]+0.167*[#   8]+0.167*[#  18]+0.167*[#  19]+0.167*[#  27]
          +0.167*[#  29]
    |psi|^2 = 1.000
==== e(   9) =   -47.82557 eV ==== 
     psi = 0.167*[#   7]+0.167*[#   8]+0.167*[#  18]+0.167*[#  19]+0.167*[#  27]
          +0.167*[#  29]
    |psi|^2 = 1.000
==== e(  10) =   -47.78496 eV ==== 
     psi = 0.333*[#   9]+0.333*[#  17]+0.333*[#  28]
    |psi|^2 = 1.000
==== e(  11) =   -47.77179 eV ==== 
     psi = 0.167*[#   7]+0.167*[#   8]+0.167*[#  18]+0.167*[#  19]+0.167*[#  27]
          +0.167*[#  29]
    |psi|^2 = 1.000
==== e(  12) =   -47.73184 eV ==== 
     psi = 0.333*[#   9]+0.333*[#  17]+0.333*[#  28]
    |psi|^2 = 1.000
==== e(  13) =     9.93294 eV ==== 
     psi = 0.740*[#   1]+0.077*[#  11]+0.077*[#  24]+0.077*[#  32]
    |psi|^2 = 0.973
==== e(  14) =    10.60894 eV ==== 
     psi = 0.165*[#   2]+0.165*[#   3]+0.165*[#   4]+0.082*[#   6]+0.082*[#  16]
          +0.082*[#  26]+0.029*[#  12]+0.029*[#  14]+0.029*[#  21]+0.029*[#  22]
          +0.029*[#  31]+0.029*[#  34]+0.015*[#  23]+0.013*[#  10]+0.013*[#  30]
          +0.010*[#  13]+0.010*[#  33]+0.009*[#  20]+0.003*[#   5]+0.003*[#  15]
          +0.003*[#  25]
    |psi|^2 = 0.998
==== e(  15) =    10.60894 eV ==== 
     psi = 0.165*[#   2]+0.165*[#   3]+0.165*[#   4]+0.082*[#   6]+0.082*[#  16]
          +0.082*[#  26]+0.029*[#  12]+0.029*[#  14]+0.029*[#  21]+0.029*[#  22]
          +0.029*[#  31]+0.029*[#  34]+0.015*[#  23]+0.013*[#  10]+0.013*[#  30]
          +0.010*[#  13]+0.010*[#  33]+0.009*[#  20]+0.003*[#   5]+0.003*[#  15]
          +0.003*[#  25]
    |psi|^2 = 0.998
==== e(  16) =    12.21544 eV ==== 
     psi = 0.238*[#   6]+0.238*[#  16]+0.238*[#  26]+0.077*[#  20]+0.058*[#  13]
          +0.058*[#  33]+0.019*[#  10]+0.019*[#  30]+0.001*[#   9]+0.001*[#  17]
          +0.001*[#  28]
    |psi|^2 = 0.949
==== e(  17) =    12.51646 eV ==== 
     psi = 0.289*[#  11]+0.289*[#  24]+0.289*[#  32]+0.044*[#   2]+0.044*[#   3]
          +0.044*[#   4]
    |psi|^2 = 0.999
==== e(  18) =    13.03303 eV ==== 
     psi = 0.162*[#  12]+0.162*[#  14]+0.162*[#  21]+0.162*[#  22]+0.162*[#  31]
          +0.162*[#  34]
    |psi|^2 = 0.971
==== e(  19) =    13.19095 eV ==== 
     psi = 0.154*[#  23]+0.126*[#  10]+0.126*[#  30]+0.071*[#  13]+0.071*[#  33]
          +0.063*[#  12]+0.063*[#  14]+0.063*[#  21]+0.063*[#  22]+0.063*[#  31]
          +0.063*[#  34]+0.043*[#  20]+0.006*[#   2]+0.006*[#   3]+0.006*[#   4]
          +0.002*[#   6]+0.002*[#  16]+0.002*[#  26]
    |psi|^2 = 0.995
==== e(  20) =    13.19095 eV ==== 
     psi = 0.154*[#  23]+0.126*[#  10]+0.126*[#  30]+0.071*[#  13]+0.071*[#  33]
          +0.063*[#  12]+0.063*[#  14]+0.063*[#  21]+0.063*[#  22]+0.063*[#  31]
          +0.063*[#  34]+0.043*[#  20]+0.006*[#   2]+0.006*[#   3]+0.006*[#   4]
          +0.002*[#   6]+0.002*[#  16]+0.002*[#  26]
    |psi|^2 = 0.995
==== e(  21) =    13.72836 eV ==== 
     psi = 0.161*[#  12]+0.161*[#  14]+0.161*[#  21]+0.161*[#  22]+0.161*[#  31]
          +0.161*[#  34]
    |psi|^2 = 0.966
==== e(  22) =    13.72836 eV ==== 
     psi = 0.161*[#  12]+0.161*[#  14]+0.161*[#  21]+0.161*[#  22]+0.161*[#  31]
          +0.161*[#  34]
    |psi|^2 = 0.966
==== e(  23) =    14.28033 eV ==== 
     psi = 0.332*[#  23]+0.249*[#  10]+0.249*[#  30]+0.083*[#  13]+0.083*[#  33]
          
    |psi|^2 = 0.997
==== e(  24) =    14.34215 eV ==== 
     psi = 0.242*[#  20]+0.204*[#  13]+0.204*[#  33]+0.127*[#  10]+0.127*[#  30]
          +0.089*[#  23]
    |psi|^2 = 0.997
==== e(  25) =    14.34215 eV ==== 
     psi = 0.242*[#  20]+0.204*[#  13]+0.204*[#  33]+0.127*[#  10]+0.127*[#  30]
          +0.089*[#  23]
    |psi|^2 = 0.997
==== e(  26) =    14.39879 eV ==== 
     psi = 0.250*[#  20]+0.188*[#  13]+0.188*[#  33]+0.078*[#   6]+0.078*[#  16]
          +0.078*[#  26]+0.063*[#  10]+0.063*[#  30]
    |psi|^2 = 0.987
==== e(  27) =    14.69338 eV ==== 
     psi = 0.333*[#  11]+0.333*[#  24]+0.333*[#  32]
    |psi|^2 = 0.999
==== e(  28) =    14.76908 eV ==== 
     psi = 0.167*[#  12]+0.167*[#  14]+0.167*[#  21]+0.167*[#  22]+0.167*[#  31]
          +0.167*[#  34]
    |psi|^2 = 0.999
==== e(  29) =    15.03835 eV ==== 
     psi = 0.246*[#  11]+0.246*[#  24]+0.246*[#  32]+0.185*[#   1]
    |psi|^2 = 0.925
==== e(  30) =    16.50238 eV ==== 
     psi = 0.073*[#  23]+0.072*[#  12]+0.072*[#  14]+0.072*[#  21]+0.072*[#  22]
          +0.072*[#  31]+0.072*[#  34]+0.064*[#  10]+0.064*[#  30]+0.054*[#   2]
          +0.054*[#   3]+0.054*[#   4]+0.046*[#  13]+0.046*[#  33]+0.037*[#  20]
          +0.025*[#   6]+0.025*[#  16]+0.025*[#  26]
    |psi|^2 = 0.999
==== e(  31) =    16.50238 eV ==== 
     psi = 0.073*[#  23]+0.072*[#  12]+0.072*[#  14]+0.072*[#  21]+0.072*[#  22]
          +0.072*[#  31]+0.072*[#  34]+0.064*[#  10]+0.064*[#  30]+0.054*[#   2]
          +0.054*[#   3]+0.054*[#   4]+0.046*[#  13]+0.046*[#  33]+0.037*[#  20]
          +0.025*[#   6]+0.025*[#  16]+0.025*[#  26]
    |psi|^2 = 0.999
==== e(  32) =    23.60255 eV ==== 
     psi = 0.287*[#   2]+0.287*[#   3]+0.287*[#   4]+0.044*[#  11]+0.044*[#  24]
          +0.044*[#  32]
    |psi|^2 = 0.993
==== e(  33) =    23.64452 eV ==== 
     psi = 0.006*[#  12]+0.006*[#  14]+0.006*[#  21]+0.006*[#  22]+0.006*[#  31]
          +0.006*[#  34]
    |psi|^2 = 0.033
==== e(  34) =    23.64452 eV ==== 
     psi = 0.006*[#  12]+0.006*[#  14]+0.006*[#  21]+0.006*[#  22]+0.006*[#  31]
          +0.006*[#  34]
    |psi|^2 = 0.033
==== e(  35) =    23.93209 eV ==== 
     psi = 0.067*[#   1]+0.010*[#  11]+0.010*[#  24]+0.010*[#  32]
    |psi|^2 = 0.097

 k =   0.1250000000  0.1250000000  0.1250000000
==== e(   1) =   -87.43977 eV ==== 
     psi = 0.317*[#   5]+0.317*[#  15]+0.317*[#  25]+0.010*[#   1]+0.009*[#   2]
          +0.009*[#   3]+0.009*[#   4]+0.004*[#   6]+0.004*[#  16]+0.004*[#  26]
          
    |psi|^2 = 1.000
==== e(   2) =   -87.41598 eV ==== 
     psi = 0.327*[#   5]+0.327*[#  15]+0.327*[#  25]+0.005*[#   6]+0.005*[#  16]
          +0.005*[#  26]+0.001*[#   2]+0.001*[#   3]+0.001*[#   4]
    |psi|^2 = 1.000
==== e(   3) =   -87.41598 eV ==== 
     psi = 0.327*[#   5]+0.327*[#  15]+0.327*[#  25]+0.005*[#   6]+0.005*[#  16]
          +0.005*[#  26]+0.001*[#   2]+0.001*[#   3]+0.001*[#   4]
    |psi|^2 = 1.000
==== e(   4) =   -47.88003 eV ==== 
     psi = 0.112*[#   7]+0.112*[#   8]+0.112*[#  18]+0.112*[#  19]+0.112*[#  27]
          +0.112*[#  29]+0.108*[#   9]+0.108*[#  17]+0.108*[#  28]+0.001*[#   1]
          
    |psi|^2 = 1.000
==== e(   5) =   -47.86510 eV ==== 
     psi = 0.120*[#   7]+0.120*[#   8]+0.120*[#  18]+0.120*[#  19]+0.120*[#  27]
          +0.120*[#  29]+0.091*[#   9]+0.091*[#  17]+0.091*[#  28]+0.001*[#   2]
          +0.001*[#   3]+0.001*[#   4]
    |psi|^2 = 1.000
==== e(   6) =   -47.86510 eV ==== 
     psi = 0.120*[#   7]+0.120*[#   8]+0.120*[#  18]+0.120*[#  19]+0.120*[#  27]
          +0.120*[#  29]+0.091*[#   9]+0.091*[#  17]+0.091*[#  28]+0.001*[#   2]
          +0.001*[#   3]+0.001*[#   4]
    |psi|^2 = 1.000
==== e(   7) =   -47.82130 eV ==== 
     psi = 0.164*[#   7]+0.164*[#   8]+0.164*[#  18]+0.164*[#  19]+0.164*[#  27]
          +0.164*[#  29]+0.004*[#   9]+0.004*[#  17]+0.004*[#  28]
    |psi|^2 = 1.000
==== e(   8) =   -47.82130 eV ==== 
     psi = 0.164*[#   7]+0.164*[#   8]+0.164*[#  18]+0.164*[#  19]+0.164*[#  27]
          +0.164*[#  29]+0.004*[#   9]+0.004*[#  17]+0.004*[#  28]
    |psi|^2 = 1.000
==== e(   9) =   -47.81029 eV ==== 
     psi = 0.167*[#   7]+0.167*[#   8]+0.167*[#  18]+0.167*[#  19]+0.167*[#  27]
          +0.167*[#  29]
    |psi|^2 = 1.000
==== e(  10) =   -47.76344 eV ==== 
     psi = 0.225*[#   9]+0.225*[#  17]+0.225*[#  28]+0.054*[#   7]+0.054*[#   8]
          +0.054*[#  18]+0.054*[#  19]+0.054*[#  27]+0.054*[#  29]
    |psi|^2 = 1.000
==== e(  11) =   -47.74297 eV ==== 
     psi = 0.238*[#   9]+0.238*[#  17]+0.238*[#  28]+0.048*[#   7]+0.048*[#   8]
          +0.048*[#  18]+0.048*[#  19]+0.048*[#  27]+0.048*[#  29]
    |psi|^2 = 1.000
==== e(  12) =   -47.74297 eV ==== 
     psi = 0.238*[#   9]+0.238*[#  17]+0.238*[#  28]+0.048*[#   7]+0.048*[#   8]
          +0.048*[#  18]+0.048*[#  19]+0.048*[#  27]+0.048*[#  29]
    |psi|^2 = 1.000
==== e(  13) =     6.11605 eV ==== 
     psi = 0.256*[#   1]+0.205*[#   6]+0.205*[#  16]+0.205*[#  26]+0.028*[#   2]
          +0.028*[#   3]+0.028*[#   4]+0.012*[#   5]+0.012*[#  15]+0.012*[#  25]
          +0.002*[#  20]+0.002*[#  13]+0.002*[#  33]
    |psi|^2 = 0.999
==== e(  14) =    11.45223 eV ==== 
     psi = 0.266*[#  20]+0.200*[#  13]+0.200*[#  33]+0.090*[#   1]+0.067*[#  10]
          +0.067*[#  30]+0.020*[#   6]+0.020*[#  16]+0.020*[#  26]+0.005*[#  11]
          +0.005*[#  24]+0.005*[#  32]+0.004*[#   2]+0.004*[#   3]+0.004*[#   4]
          +0.002*[#  12]+0.002*[#  14]+0.002*[#  21]+0.002*[#  22]+0.002*[#  31]
          +0.002*[#  34]
    |psi|^2 = 0.986
==== e(  15) =    11.98516 eV ==== 
     psi = 0.227*[#  23]+0.176*[#  10]+0.176*[#  30]+0.072*[#  13]+0.072*[#  33]
          +0.040*[#   6]+0.040*[#  16]+0.040*[#  26]+0.035*[#   2]+0.035*[#   3]
          +0.035*[#   4]+0.021*[#  20]+0.002*[#  11]+0.002*[#  24]+0.002*[#  32]
          
    |psi|^2 = 0.981
==== e(  16) =    11.98516 eV ==== 
     psi = 0.227*[#  23]+0.176*[#  10]+0.176*[#  30]+0.072*[#  13]+0.072*[#  33]
          +0.040*[#   6]+0.040*[#  16]+0.040*[#  26]+0.035*[#   2]+0.035*[#   3]
          +0.035*[#   4]+0.021*[#  20]+0.002*[#  11]+0.002*[#  24]+0.002*[#  32]
          
    |psi|^2 = 0.981
==== e(  17) =    12.35977 eV ==== 
     psi = 0.105*[#  12]+0.105*[#  14]+0.105*[#  21]+0.105*[#  22]+0.105*[#  31]
          +0.105*[#  34]+0.094*[#  11]+0.094*[#  24]+0.094*[#  32]+0.011*[#   2]
          +0.011*[#   3]+0.011*[#   4]+0.011*[#  20]+0.008*[#  13]+0.008*[#  33]
          +0.003*[#   1]+0.003*[#  10]+0.003*[#  30]+0.001*[#   6]+0.001*[#  16]
          +0.001*[#  26]
    |psi|^2 = 0.989
==== e(  18) =    12.57483 eV ==== 
     psi = 0.129*[#  12]+0.129*[#  14]+0.129*[#  21]+0.129*[#  22]+0.129*[#  31]
          +0.129*[#  34]+0.065*[#  11]+0.065*[#  24]+0.065*[#  32]+0.002*[#   2]
          +0.002*[#   3]+0.002*[#   4]+0.001*[#  23]
    |psi|^2 = 0.984
==== e(  19) =    12.57483 eV ==== 
     psi = 0.129*[#  12]+0.129*[#  14]+0.129*[#  21]+0.129*[#  22]+0.129*[#  31]
          +0.129*[#  34]+0.065*[#  11]+0.065*[#  24]+0.065*[#  32]+0.002*[#   2]
          +0.002*[#   3]+0.002*[#   4]+0.001*[#  23]
    |psi|^2 = 0.984
==== e(  20) =    13.74465 eV ==== 
     psi = 0.179*[#  11]+0.179*[#  24]+0.179*[#  32]+0.057*[#  12]+0.057*[#  14]
          +0.057*[#  21]+0.057*[#  22]+0.057*[#  31]+0.057*[#  34]+0.025*[#   2]
          +0.025*[#   3]+0.025*[#   4]+0.018*[#   1]+0.005*[#  20]+0.004*[#  13]
          +0.004*[#  33]+0.001*[#  10]+0.001*[#  30]
    |psi|^2 = 0.991
==== e(  21) =    14.19782 eV ==== 
     psi = 0.200*[#  11]+0.200*[#  24]+0.200*[#  32]+0.044*[#  12]+0.044*[#  14]
          +0.044*[#  21]+0.044*[#  22]+0.044*[#  31]+0.044*[#  34]+0.025*[#   2]
          +0.025*[#   3]+0.025*[#   4]+0.015*[#  23]+0.011*[#  10]+0.011*[#  30]
          +0.004*[#  13]+0.004*[#  33]+0.001*[#   6]+0.001*[#  16]+0.001*[#  26]
          
    |psi|^2 = 0.989
==== e(  22) =    14.19782 eV ==== 
     psi = 0.200*[#  11]+0.200*[#  24]+0.200*[#  32]+0.044*[#  12]+0.044*[#  14]
          +0.044*[#  21]+0.044*[#  22]+0.044*[#  31]+0.044*[#  34]+0.025*[#   2]
          +0.025*[#   3]+0.025*[#   4]+0.015*[#  23]+0.011*[#  10]+0.011*[#  30]
          +0.004*[#  13]+0.004*[#  33]+0.001*[#   6]+0.001*[#  16]+0.001*[#  26]
          
    |psi|^2 = 0.989
==== e(  23) =    14.72397 eV ==== 
     psi = 0.091*[#  12]+0.091*[#  14]+0.091*[#  21]+0.091*[#  22]+0.091*[#  31]
          +0.091*[#  34]+0.053*[#  11]+0.053*[#  24]+0.053*[#  32]+0.040*[#   2]
          +0.040*[#   3]+0.040*[#   4]+0.028*[#  23]+0.024*[#  10]+0.024*[#  30]
          +0.017*[#  13]+0.017*[#  33]+0.013*[#  20]+0.009*[#   6]+0.009*[#  16]
          +0.009*[#  26]
    |psi|^2 = 0.974
==== e(  24) =    14.72397 eV ==== 
     psi = 0.091*[#  12]+0.091*[#  14]+0.091*[#  21]+0.091*[#  22]+0.091*[#  31]
          +0.091*[#  34]+0.053*[#  11]+0.053*[#  24]+0.053*[#  32]+0.040*[#   2]
          +0.040*[#   3]+0.040*[#   4]+0.028*[#  23]+0.024*[#  10]+0.024*[#  30]
          +0.017*[#  13]+0.017*[#  33]+0.013*[#  20]+0.009*[#   6]+0.009*[#  16]
          +0.009*[#  26]
    |psi|^2 = 0.974
==== e(  25) =    14.96774 eV ==== 
     psi = 0.283*[#  20]+0.218*[#  13]+0.218*[#  33]+0.086*[#  10]+0.086*[#  30]
          +0.021*[#  23]+0.013*[#  12]+0.013*[#  14]+0.013*[#  21]+0.013*[#  22]
          +0.013*[#  31]+0.013*[#  34]+0.002*[#  11]+0.002*[#  24]+0.002*[#  32]
          
    |psi|^2 = 0.997
==== e(  26) =    14.96774 eV ==== 
     psi = 0.283*[#  20]+0.218*[#  13]+0.218*[#  33]+0.086*[#  10]+0.086*[#  30]
          +0.021*[#  23]+0.013*[#  12]+0.013*[#  14]+0.013*[#  21]+0.013*[#  22]
          +0.013*[#  31]+0.013*[#  34]+0.002*[#  11]+0.002*[#  24]+0.002*[#  32]
          
    |psi|^2 = 0.997
==== e(  27) =    15.16809 eV ==== 
     psi = 0.277*[#  23]+0.208*[#  10]+0.208*[#  30]+0.069*[#  13]+0.069*[#  33]
          +0.028*[#  12]+0.028*[#  14]+0.028*[#  21]+0.028*[#  22]+0.028*[#  31]
          +0.028*[#  34]
    |psi|^2 = 0.998
==== e(  28) =    15.59156 eV ==== 
     psi = 0.139*[#  12]+0.139*[#  14]+0.139*[#  21]+0.139*[#  22]+0.139*[#  31]
          +0.139*[#  34]+0.056*[#  23]+0.042*[#  10]+0.042*[#  30]+0.014*[#  13]
          +0.014*[#  33]
    |psi|^2 = 1.000
==== e(  29) =    16.28703 eV ==== 
     psi = 0.259*[#   1]+0.121*[#   2]+0.121*[#   3]+0.121*[#   4]+0.045*[#  11]
          +0.045*[#  24]+0.045*[#  32]+0.023*[#  20]+0.017*[#  13]+0.017*[#  33]
          +0.006*[#  10]+0.006*[#  30]+0.001*[#   6]+0.001*[#  16]+0.001*[#  26]
          
    |psi|^2 = 0.834
==== e(  30) =    16.90971 eV ==== 
     psi = 0.147*[#   2]+0.147*[#   3]+0.147*[#   4]+0.052*[#  12]+0.052*[#  14]
          +0.052*[#  21]+0.052*[#  22]+0.052*[#  31]+0.052*[#  34]+0.028*[#   6]
          +0.028*[#  16]+0.028*[#  26]+0.022*[#  23]+0.020*[#  10]+0.020*[#  30]
          +0.015*[#  13]+0.015*[#  33]+0.012*[#  20]+0.007*[#  11]+0.007*[#  24]
          +0.007*[#  32]
    |psi|^2 = 0.960
==== e(  31) =    16.90971 eV ==== 
     psi = 0.147*[#   2]+0.147*[#   3]+0.147*[#   4]+0.052*[#  12]+0.052*[#  14]
          +0.052*[#  21]+0.052*[#  22]+0.052*[#  31]+0.052*[#  34]+0.028*[#   6]
          +0.028*[#  16]+0.028*[#  26]+0.022*[#  23]+0.020*[#  10]+0.020*[#  30]
          +0.015*[#  13]+0.015*[#  33]+0.012*[#  20]+0.007*[#  11]+0.007*[#  24]
          +0.007*[#  32]
    |psi|^2 = 0.960
==== e(  32) =    23.24050 eV ==== 
     psi = 0.120*[#   6]+0.120*[#  16]+0.120*[#  26]+0.022*[#   2]+0.022*[#   3]
          +0.022*[#   4]+0.018*[#  23]+0.014*[#  10]+0.014*[#  30]+0.007*[#  13]
          +0.007*[#  33]+0.003*[#   5]+0.003*[#  15]+0.003*[#  20]+0.003*[#  25]
          
    |psi|^2 = 0.499
==== e(  33) =    23.24050 eV ==== 
     psi = 0.120*[#   6]+0.120*[#  16]+0.120*[#  26]+0.022*[#   2]+0.022*[#   3]
          +0.022*[#   4]+0.018*[#  23]+0.014*[#  10]+0.014*[#  30]+0.007*[#  13]
          +0.007*[#  33]+0.003*[#   5]+0.003*[#  15]+0.003*[#  20]+0.003*[#  25]
          
    |psi|^2 = 0.499
==== e(  34) =    24.07515 eV ==== 
     psi = 0.298*[#   1]+0.095*[#   6]+0.095*[#  16]+0.095*[#  26]+0.090*[#   2]
          +0.090*[#   3]+0.090*[#   4]+0.026*[#  20]+0.019*[#  13]+0.019*[#  33]
          +0.006*[#  10]+0.006*[#  30]+0.002*[#   5]+0.002*[#  15]+0.002*[#  25]
          +0.001*[#  11]+0.001*[#  24]+0.001*[#  32]
    |psi|^2 = 0.942
==== e(  35) =    25.03036 eV ==== 
     psi = 0.047*[#   1]+0.036*[#   2]+0.036*[#   3]+0.036*[#   4]+0.006*[#  11]
          +0.006*[#  24]+0.006*[#  32]
    |psi|^2 = 0.182

 k =   0.1250000000  0.1250000000  0.2500000000
==== e(   1) =   -87.43733 eV ==== 
     psi = 0.316*[#   5]+0.316*[#  15]+0.316*[#  25]+0.013*[#   2]+0.013*[#   3]
          +0.013*[#   4]+0.007*[#   1]+0.002*[#   6]+0.002*[#  16]+0.002*[#  26]
          
    |psi|^2 = 1.000
==== e(   2) =   -87.41839 eV ==== 
     psi = 0.327*[#   5]+0.327*[#  15]+0.327*[#  25]+0.003*[#   6]+0.003*[#  16]
          +0.003*[#  26]+0.003*[#   2]+0.003*[#   3]+0.003*[#   4]
    |psi|^2 = 1.000
==== e(   3) =   -87.41595 eV ==== 
     psi = 0.328*[#   5]+0.328*[#  15]+0.328*[#  25]+0.005*[#   6]+0.005*[#  16]
          +0.005*[#  26]
    |psi|^2 = 1.000
==== e(   4) =   -47.87705 eV ==== 
     psi = 0.113*[#   7]+0.113*[#   8]+0.113*[#  18]+0.113*[#  19]+0.113*[#  27]
          +0.113*[#  29]+0.107*[#   9]+0.107*[#  17]+0.107*[#  28]+0.002*[#   1]
          
    |psi|^2 = 1.000
==== e(   5) =   -47.85943 eV ==== 
     psi = 0.127*[#   7]+0.127*[#   8]+0.127*[#  18]+0.127*[#  19]+0.127*[#  27]
          +0.127*[#  29]+0.079*[#   9]+0.079*[#  17]+0.079*[#  28]+0.001*[#   2]
          +0.001*[#   3]+0.001*[#   4]
    |psi|^2 = 1.000
==== e(   6) =   -47.85347 eV ==== 
     psi = 0.134*[#   7]+0.134*[#   8]+0.134*[#  18]+0.134*[#  19]+0.134*[#  27]
          +0.134*[#  29]+0.064*[#   9]+0.064*[#  17]+0.064*[#  28]+0.001*[#   2]
          +0.001*[#   3]+0.001*[#   4]
    |psi|^2 = 1.000
==== e(   7) =   -47.82696 eV ==== 
     psi = 0.160*[#   7]+0.160*[#   8]+0.160*[#  18]+0.160*[#  19]+0.160*[#  27]
          +0.160*[#  29]+0.014*[#   9]+0.014*[#  17]+0.014*[#  28]
    |psi|^2 = 1.000
==== e(   8) =   -47.82005 eV ==== 
     psi = 0.158*[#   7]+0.158*[#   8]+0.158*[#  18]+0.158*[#  19]+0.158*[#  27]
          +0.158*[#  29]+0.017*[#   9]+0.017*[#  17]+0.017*[#  28]
    |psi|^2 = 1.000
==== e(   9) =   -47.80597 eV ==== 
     psi = 0.166*[#   7]+0.166*[#   8]+0.166*[#  18]+0.166*[#  19]+0.166*[#  27]
          +0.166*[#  29]
    |psi|^2 = 1.000
==== e(  10) =   -47.77864 eV ==== 
     psi = 0.223*[#   9]+0.223*[#  17]+0.223*[#  28]+0.055*[#   7]+0.055*[#   8]
          +0.055*[#  18]+0.055*[#  19]+0.055*[#  27]+0.055*[#  29]
    |psi|^2 = 1.000
==== e(  11) =   -47.74746 eV ==== 
     psi = 0.240*[#   9]+0.240*[#  17]+0.240*[#  28]+0.047*[#   7]+0.047*[#   8]
          +0.047*[#  18]+0.047*[#  19]+0.047*[#  27]+0.047*[#  29]
    |psi|^2 = 1.000
==== e(  12) =   -47.74387 eV ==== 
     psi = 0.255*[#   9]+0.255*[#  17]+0.255*[#  28]+0.039*[#   7]+0.039*[#   8]
          +0.039*[#  18]+0.039*[#  19]+0.039*[#  27]+0.039*[#  29]
    |psi|^2 = 1.000
==== e(  13) =     6.66430 eV ==== 
     psi = 0.269*[#   1]+0.182*[#   6]+0.182*[#  16]+0.182*[#  26]+0.046*[#   2]
          +0.046*[#   3]+0.046*[#   4]+0.010*[#   5]+0.010*[#  15]+0.010*[#  25]
          +0.003*[#  20]+0.002*[#  13]+0.002*[#  33]
    |psi|^2 = 0.998
==== e(  14) =    11.22233 eV ==== 
     psi = 0.127*[#   1]+0.086*[#  20]+0.080*[#  13]+0.080*[#  33]+0.067*[#  10]
          +0.067*[#  30]+0.062*[#   2]+0.062*[#   3]+0.062*[#   4]+0.061*[#  23]
          +0.058*[#   6]+0.058*[#  16]+0.058*[#  26]+0.011*[#  11]+0.011*[#  24]
          +0.011*[#  32]+0.004*[#  12]+0.004*[#  14]+0.004*[#  21]+0.004*[#  22]
          +0.004*[#  31]+0.004*[#  34]+0.001*[#   5]+0.001*[#  15]+0.001*[#  25]
          
    |psi|^2 = 0.986
==== e(  15) =    11.83164 eV ==== 
     psi = 0.159*[#  20]+0.141*[#  13]+0.141*[#  33]+0.104*[#  10]+0.104*[#  30]
          +0.086*[#  23]+0.031*[#   2]+0.031*[#   3]+0.031*[#   4]+0.027*[#   6]
          +0.027*[#  16]+0.027*[#  26]+0.019*[#   1]+0.007*[#  11]+0.007*[#  24]
          +0.007*[#  32]+0.006*[#  12]+0.006*[#  14]+0.006*[#  21]+0.006*[#  22]
          +0.006*[#  31]+0.006*[#  34]
    |psi|^2 = 0.985
==== e(  16) =    12.29847 eV ==== 
     psi = 0.215*[#  23]+0.165*[#  10]+0.165*[#  30]+0.065*[#  13]+0.065*[#  33]
          +0.044*[#   2]+0.044*[#   3]+0.044*[#   4]+0.027*[#   6]+0.027*[#  16]
          +0.027*[#  26]+0.016*[#  11]+0.016*[#  24]+0.016*[#  32]+0.015*[#  20]
          +0.003*[#  12]+0.003*[#  14]+0.003*[#  21]+0.003*[#  22]+0.003*[#  31]
          +0.003*[#  34]
    |psi|^2 = 0.972
==== e(  17) =    12.35359 eV ==== 
     psi = 0.111*[#  11]+0.111*[#  24]+0.111*[#  32]+0.079*[#  12]+0.079*[#  14]
          +0.079*[#  21]+0.079*[#  22]+0.079*[#  31]+0.079*[#  34]+0.037*[#  20]
          +0.028*[#  13]+0.028*[#  33]+0.018*[#   2]+0.018*[#   3]+0.018*[#   4]
          +0.009*[#  10]+0.009*[#  30]+0.004*[#   1]+0.004*[#   6]+0.004*[#  16]
          +0.004*[#  26]
    |psi|^2 = 0.989
==== e(  18) =    12.65226 eV ==== 
     psi = 0.115*[#  12]+0.115*[#  14]+0.115*[#  21]+0.115*[#  22]+0.115*[#  31]
          +0.115*[#  34]+0.072*[#  11]+0.072*[#  24]+0.072*[#  32]+0.016*[#  23]
          +0.012*[#  10]+0.012*[#  30]+0.006*[#   2]+0.006*[#   3]+0.006*[#   4]
          +0.004*[#  13]+0.004*[#  33]+0.004*[#   6]+0.004*[#  16]+0.004*[#  26]
          
    |psi|^2 = 0.986
==== e(  19) =    12.74118 eV ==== 
     psi = 0.137*[#  12]+0.137*[#  14]+0.137*[#  21]+0.137*[#  22]+0.137*[#  31]
          +0.137*[#  34]+0.050*[#  11]+0.050*[#  24]+0.050*[#  32]+0.002*[#   2]
          +0.002*[#   3]+0.002*[#   4]+0.001*[#   1]+0.001*[#  20]
    |psi|^2 = 0.984
==== e(  20) =    13.52845 eV ==== 
     psi = 0.136*[#  11]+0.136*[#  24]+0.136*[#  32]+0.080*[#  12]+0.080*[#  14]
          +0.080*[#  21]+0.080*[#  22]+0.080*[#  31]+0.080*[#  34]+0.021*[#   2]
          +0.021*[#   3]+0.021*[#   4]+0.013*[#   1]+0.005*[#  20]+0.004*[#  13]
          +0.004*[#  33]+0.001*[#  10]+0.001*[#  30]
    |psi|^2 = 0.986
==== e(  21) =    13.90874 eV ==== 
     psi = 0.109*[#  11]+0.109*[#  24]+0.109*[#  32]+0.074*[#  12]+0.074*[#  14]
          +0.074*[#  21]+0.074*[#  22]+0.074*[#  31]+0.074*[#  34]+0.034*[#  23]
          +0.028*[#   2]+0.028*[#   3]+0.028*[#   4]+0.027*[#  10]+0.027*[#  30]
          +0.011*[#  13]+0.011*[#  33]+0.003*[#   6]+0.003*[#  16]+0.003*[#  26]
          +0.003*[#  20]
    |psi|^2 = 0.975
==== e(  22) =    14.03631 eV ==== 
     psi = 0.104*[#  23]+0.081*[#  10]+0.081*[#  30]+0.068*[#  12]+0.068*[#  14]
          +0.068*[#  21]+0.068*[#  22]+0.068*[#  31]+0.068*[#  34]+0.036*[#   2]
          +0.036*[#   3]+0.036*[#   4]+0.034*[#  13]+0.034*[#  33]+0.021*[#  11]
          +0.021*[#  24]+0.021*[#  32]+0.013*[#   6]+0.013*[#  16]+0.013*[#  26]
          +0.011*[#   1]+0.011*[#  20]
    |psi|^2 = 0.975
==== e(  23) =    14.37193 eV ==== 
     psi = 0.241*[#  11]+0.241*[#  24]+0.241*[#  32]+0.040*[#  12]+0.040*[#  14]
          +0.040*[#  21]+0.040*[#  22]+0.040*[#  31]+0.040*[#  34]+0.003*[#  20]
          +0.003*[#  13]+0.003*[#  33]+0.003*[#   2]+0.003*[#   3]+0.003*[#   4]
          +0.002*[#  10]+0.002*[#  30]+0.002*[#  23]+0.001*[#   6]+0.001*[#  16]
          +0.001*[#  26]+0.001*[#   1]
    |psi|^2 = 0.991
==== e(  24) =    14.62500 eV ==== 
     psi = 0.107*[#  11]+0.107*[#  24]+0.107*[#  32]+0.091*[#  12]+0.091*[#  14]
          +0.091*[#  21]+0.091*[#  22]+0.091*[#  31]+0.091*[#  34]+0.022*[#  23]
          +0.018*[#  10]+0.018*[#  30]+0.009*[#  13]+0.009*[#  33]+0.006*[#   2]
          +0.006*[#   3]+0.006*[#   4]+0.006*[#   6]+0.006*[#  16]+0.006*[#  26]
          +0.005*[#  20]
    |psi|^2 = 0.984
==== e(  25) =    14.73699 eV ==== 
     psi = 0.265*[#  20]+0.208*[#  13]+0.208*[#  33]+0.096*[#  10]+0.096*[#  30]
          +0.039*[#  23]+0.012*[#  12]+0.012*[#  14]+0.012*[#  21]+0.012*[#  22]
          +0.012*[#  31]+0.012*[#  34]+0.003*[#   1]+0.002*[#  11]+0.002*[#  24]
          +0.002*[#  32]+0.002*[#   2]+0.002*[#   3]+0.002*[#   4]
    |psi|^2 = 0.995
==== e(  26) =    14.95828 eV ==== 
     psi = 0.272*[#  20]+0.214*[#  13]+0.214*[#  33]+0.099*[#  10]+0.099*[#  30]
          +0.042*[#  23]+0.008*[#  12]+0.008*[#  14]+0.008*[#  21]+0.008*[#  22]
          +0.008*[#  31]+0.008*[#  34]+0.003*[#  11]+0.003*[#  24]+0.003*[#  32]
          
    |psi|^2 = 0.998
==== e(  27) =    15.00880 eV ==== 
     psi = 0.243*[#  23]+0.189*[#  10]+0.189*[#  30]+0.082*[#  13]+0.082*[#  33]
          +0.028*[#  20]+0.027*[#  12]+0.027*[#  14]+0.027*[#  21]+0.027*[#  22]
          +0.027*[#  31]+0.027*[#  34]+0.003*[#   2]+0.003*[#   3]+0.003*[#   4]
          +0.003*[#  11]+0.003*[#  24]+0.003*[#  32]
    |psi|^2 = 0.994
==== e(  28) =    15.53985 eV ==== 
     psi = 0.140*[#  12]+0.140*[#  14]+0.140*[#  21]+0.140*[#  22]+0.140*[#  31]
          +0.140*[#  34]+0.053*[#  23]+0.040*[#  10]+0.040*[#  30]+0.013*[#  13]
          +0.013*[#  33]
    |psi|^2 = 0.999
==== e(  29) =    15.58678 eV ==== 
     psi = 0.150*[#   1]+0.060*[#  20]+0.050*[#  13]+0.050*[#  33]+0.047*[#  11]
          +0.047*[#  24]+0.047*[#  32]+0.039*[#  12]+0.039*[#  14]+0.039*[#  21]
          +0.039*[#  22]+0.039*[#  31]+0.039*[#  34]+0.035*[#   2]+0.035*[#   3]
          +0.035*[#   4]+0.029*[#  10]+0.029*[#  30]+0.020*[#   6]+0.020*[#  16]
          +0.020*[#  26]+0.019*[#  23]
    |psi|^2 = 0.924
==== e(  30) =    17.50238 eV ==== 
     psi = 0.126*[#   2]+0.126*[#   3]+0.126*[#   4]+0.125*[#   1]+0.030*[#  12]
          +0.030*[#  14]+0.030*[#  21]+0.030*[#  22]+0.030*[#  31]+0.030*[#  34]
          +0.019*[#  11]+0.019*[#  24]+0.019*[#  32]+0.013*[#   6]+0.013*[#  16]
          +0.013*[#  26]+0.013*[#  20]+0.013*[#  13]+0.013*[#  33]+0.012*[#  10]
          +0.012*[#  30]+0.012*[#  23]
    |psi|^2 = 0.860
==== e(  31) =    17.61895 eV ==== 
     psi = 0.153*[#   2]+0.153*[#   3]+0.153*[#   4]+0.040*[#   6]+0.040*[#  16]
          +0.040*[#  26]+0.036*[#  12]+0.036*[#  14]+0.036*[#  21]+0.036*[#  22]
          +0.036*[#  31]+0.036*[#  34]+0.025*[#  23]+0.021*[#  10]+0.021*[#  30]
          +0.016*[#  11]+0.016*[#  24]+0.016*[#  32]+0.012*[#  13]+0.012*[#  33]
          +0.008*[#  20]
    |psi|^2 = 0.944
==== e(  32) =    22.78753 eV ==== 
     psi = 0.009*[#  23]+0.007*[#  10]+0.007*[#  30]+0.004*[#   2]+0.004*[#   3]
          +0.004*[#   4]+0.003*[#  12]+0.003*[#  14]+0.003*[#  21]+0.003*[#  22]
          +0.003*[#  31]+0.003*[#  34]+0.003*[#  13]+0.003*[#  33]+0.001*[#   6]
          +0.001*[#  16]+0.001*[#  26]
    |psi|^2 = 0.063
==== e(  33) =    23.14288 eV ==== 
     psi = 0.088*[#   2]+0.088*[#   3]+0.088*[#   4]+0.044*[#   6]+0.044*[#  16]
          +0.044*[#  26]+0.020*[#   1]+0.011*[#  11]+0.011*[#  24]+0.011*[#  32]
          +0.003*[#  20]+0.003*[#   5]+0.003*[#  15]+0.003*[#  25]+0.003*[#  12]
          +0.003*[#  13]+0.003*[#  14]+0.003*[#  21]+0.003*[#  22]+0.003*[#  31]
          +0.003*[#  33]+0.003*[#  34]+0.001*[#  10]+0.001*[#  30]
    |psi|^2 = 0.485
==== e(  34) =    24.01157 eV ==== 
     psi = 0.185*[#   6]+0.185*[#  16]+0.185*[#  26]+0.073*[#   2]+0.073*[#   3]
          +0.073*[#   4]+0.006*[#  11]+0.006*[#  23]+0.006*[#  24]+0.006*[#  32]
          +0.005*[#  10]+0.005*[#  30]+0.004*[#   5]+0.004*[#  15]+0.004*[#  25]
          +0.002*[#  13]+0.002*[#  33]+0.002*[#  12]+0.002*[#  14]+0.002*[#  21]
          +0.002*[#  22]+0.002*[#  31]+0.002*[#  34]+0.001*[#  20]
    |psi|^2 = 0.838
==== e(  35) =    24.01320 eV ==== 
     psi = 0.170*[#   1]+0.115*[#   6]+0.115*[#  16]+0.115*[#  26]+0.039*[#   2]
          +0.039*[#   3]+0.039*[#   4]+0.009*[#  20]+0.008*[#  13]+0.008*[#  33]
          +0.006*[#  10]+0.006*[#  30]+0.006*[#  23]+0.002*[#   5]+0.002*[#  15]
          +0.002*[#  25]
    |psi|^2 = 0.685

 k =   0.1250000000  0.1250000000  0.3750000000
==== e(   1) =   -87.43396 eV ==== 
     psi = 0.314*[#   5]+0.314*[#  15]+0.314*[#  25]+0.017*[#   2]+0.017*[#   3]
          +0.017*[#   4]+0.003*[#   1]
    |psi|^2 = 1.000
==== e(   2) =   -87.42171 eV ==== 
     psi = 0.327*[#   5]+0.327*[#  15]+0.327*[#  25]+0.004*[#   2]+0.004*[#   3]
          +0.004*[#   4]+0.003*[#   1]+0.001*[#   6]+0.001*[#  16]+0.001*[#  26]
          
    |psi|^2 = 1.000
==== e(   3) =   -87.41592 eV ==== 
     psi = 0.328*[#   5]+0.328*[#  15]+0.328*[#  25]+0.005*[#   6]+0.005*[#  16]
          +0.005*[#  26]
    |psi|^2 = 1.000
==== e(   4) =   -47.86861 eV ==== 
     psi = 0.115*[#   7]+0.115*[#   8]+0.115*[#  18]+0.115*[#  19]+0.115*[#  27]
          +0.115*[#  29]+0.103*[#   9]+0.103*[#  17]+0.103*[#  28]+0.001*[#   1]
          
    |psi|^2 = 1.000
==== e(   5) =   -47.85136 eV ==== 
     psi = 0.137*[#   7]+0.137*[#   8]+0.137*[#  18]+0.137*[#  19]+0.137*[#  27]
          +0.137*[#  29]+0.058*[#   9]+0.058*[#  17]+0.058*[#  28]
    |psi|^2 = 1.000
==== e(   6) =   -47.84856 eV ==== 
     psi = 0.152*[#   7]+0.152*[#   8]+0.152*[#  18]+0.152*[#  19]+0.152*[#  27]
          +0.152*[#  29]+0.027*[#   9]+0.027*[#  17]+0.027*[#  28]+0.001*[#   1]
          
    |psi|^2 = 1.000
==== e(   7) =   -47.83386 eV ==== 
     psi = 0.151*[#   7]+0.151*[#   8]+0.151*[#  18]+0.151*[#  19]+0.151*[#  27]
          +0.151*[#  29]+0.032*[#   9]+0.032*[#  17]+0.032*[#  28]
    |psi|^2 = 1.000
==== e(   8) =   -47.81500 eV ==== 
     psi = 0.147*[#   7]+0.147*[#   8]+0.147*[#  18]+0.147*[#  19]+0.147*[#  27]
          +0.147*[#  29]+0.039*[#   9]+0.039*[#  17]+0.039*[#  28]
    |psi|^2 = 1.000
==== e(   9) =   -47.80229 eV ==== 
     psi = 0.166*[#   7]+0.166*[#   8]+0.166*[#  18]+0.166*[#  19]+0.166*[#  27]
          +0.166*[#  29]
    |psi|^2 = 1.000
==== e(  10) =   -47.79352 eV ==== 
     psi = 0.217*[#   9]+0.217*[#  17]+0.217*[#  28]+0.058*[#   7]+0.058*[#   8]
          +0.058*[#  18]+0.058*[#  19]+0.058*[#  27]+0.058*[#  29]
    |psi|^2 = 1.000
==== e(  11) =   -47.75209 eV ==== 
     psi = 0.243*[#   9]+0.243*[#  17]+0.243*[#  28]+0.045*[#   7]+0.045*[#   8]
          +0.045*[#  18]+0.045*[#  19]+0.045*[#  27]+0.045*[#  29]
    |psi|^2 = 1.000
==== e(  12) =   -47.74820 eV ==== 
     psi = 0.280*[#   9]+0.280*[#  17]+0.280*[#  28]+0.027*[#   7]+0.027*[#   8]
          +0.027*[#  18]+0.027*[#  19]+0.027*[#  27]+0.027*[#  29]
    |psi|^2 = 1.000
==== e(  13) =     7.53178 eV ==== 
     psi = 0.313*[#   1]+0.153*[#   6]+0.153*[#  16]+0.153*[#  26]+0.057*[#   2]
          +0.057*[#   3]+0.057*[#   4]+0.007*[#   5]+0.007*[#  15]+0.007*[#  25]
          +0.004*[#  20]+0.003*[#  13]+0.003*[#  33]+0.002*[#  11]+0.002*[#  24]
          +0.002*[#  32]+0.002*[#  10]+0.002*[#  30]
    |psi|^2 = 0.998
==== e(  14) =    10.14389 eV ==== 
     psi = 0.155*[#   1]+0.108*[#   2]+0.108*[#   3]+0.108*[#   4]+0.105*[#   6]
          +0.105*[#  16]+0.105*[#  26]+0.034*[#  23]+0.029*[#  10]+0.029*[#  30]
          +0.021*[#  13]+0.021*[#  33]+0.017*[#  20]+0.006*[#  11]+0.006*[#  24]
          +0.006*[#  32]+0.004*[#   5]+0.004*[#  15]+0.004*[#  25]+0.003*[#  12]
          +0.003*[#  14]+0.003*[#  21]+0.003*[#  22]+0.003*[#  31]+0.003*[#  34]
          
    |psi|^2 = 0.993
==== e(  15) =    12.06467 eV ==== 
     psi = 0.160*[#  20]+0.131*[#  13]+0.131*[#  33]+0.074*[#  10]+0.074*[#  30]
          +0.045*[#  23]+0.039*[#  11]+0.039*[#  24]+0.039*[#  32]+0.026*[#   1]
          +0.023*[#   2]+0.023*[#   3]+0.023*[#   4]+0.018*[#   6]+0.018*[#  16]
          +0.018*[#  26]+0.017*[#  12]+0.017*[#  14]+0.017*[#  21]+0.017*[#  22]
          +0.017*[#  31]+0.017*[#  34]
    |psi|^2 = 0.985
==== e(  16) =    12.36938 eV ==== 
     psi = 0.117*[#  11]+0.117*[#  24]+0.117*[#  32]+0.085*[#  20]+0.065*[#  13]
          +0.065*[#  33]+0.042*[#  12]+0.042*[#  14]+0.042*[#  21]+0.042*[#  22]
          +0.042*[#  31]+0.042*[#  34]+0.026*[#   2]+0.026*[#   3]+0.026*[#   4]
          +0.025*[#  10]+0.025*[#  30]+0.010*[#   6]+0.010*[#  16]+0.010*[#  26]
          +0.006*[#   1]+0.005*[#  23]
    |psi|^2 = 0.987
==== e(  17) =    12.57682 eV ==== 
     psi = 0.096*[#  11]+0.096*[#  24]+0.096*[#  32]+0.090*[#  23]+0.068*[#  10]
          +0.068*[#  30]+0.066*[#   2]+0.066*[#   3]+0.066*[#   4]+0.033*[#  12]
          +0.033*[#  14]+0.033*[#  21]+0.033*[#  22]+0.033*[#  31]+0.033*[#  34]
          +0.025*[#  13]+0.025*[#  33]+0.004*[#   6]+0.004*[#  16]+0.004*[#  20]
          +0.004*[#  26]
    |psi|^2 = 0.976
==== e(  18) =    12.84627 eV ==== 
     psi = 0.153*[#  12]+0.153*[#  14]+0.153*[#  21]+0.153*[#  22]+0.153*[#  31]
          +0.153*[#  34]+0.018*[#  11]+0.018*[#  24]+0.018*[#  32]+0.002*[#   1]
          +0.002*[#   2]+0.002*[#   3]+0.002*[#   4]
    |psi|^2 = 0.987
==== e(  19) =    12.88892 eV ==== 
     psi = 0.140*[#  23]+0.106*[#  10]+0.106*[#  30]+0.072*[#  12]+0.072*[#  14]
          +0.072*[#  21]+0.072*[#  22]+0.072*[#  31]+0.072*[#  34]+0.037*[#  13]
          +0.037*[#  33]+0.025*[#  11]+0.025*[#  24]+0.025*[#  32]+0.014*[#   6]
          +0.014*[#  16]+0.014*[#  26]+0.002*[#  20]
    |psi|^2 = 0.975
==== e(  20) =    13.48685 eV ==== 
     psi = 0.100*[#  12]+0.100*[#  14]+0.100*[#  21]+0.100*[#  22]+0.100*[#  31]
          +0.100*[#  34]+0.092*[#  11]+0.092*[#  24]+0.092*[#  32]+0.019*[#  23]
          +0.015*[#  10]+0.015*[#  30]+0.011*[#   2]+0.011*[#   3]+0.011*[#   4]
          +0.007*[#  13]+0.007*[#  33]+0.002*[#  20]+0.001*[#   6]+0.001*[#  16]
          +0.001*[#  26]
    |psi|^2 = 0.976
==== e(  21) =    13.61367 eV ==== 
     psi = 0.104*[#  12]+0.104*[#  14]+0.104*[#  21]+0.104*[#  22]+0.104*[#  31]
          +0.104*[#  34]+0.058*[#  23]+0.044*[#  10]+0.044*[#  30]+0.037*[#  11]
          +0.037*[#  24]+0.037*[#  32]+0.017*[#  13]+0.017*[#  33]+0.009*[#   2]
          +0.009*[#   3]+0.009*[#   4]+0.006*[#   6]+0.006*[#  16]+0.006*[#  26]
          +0.003*[#  20]
    |psi|^2 = 0.961
==== e(  22) =    13.78460 eV ==== 
     psi = 0.116*[#  23]+0.096*[#  10]+0.096*[#  30]+0.058*[#  12]+0.058*[#  14]
          +0.058*[#  21]+0.058*[#  22]+0.058*[#  31]+0.058*[#  34]+0.056*[#  13]
          +0.056*[#  33]+0.044*[#  11]+0.044*[#  24]+0.044*[#  32]+0.035*[#  20]
          +0.008*[#   6]+0.008*[#  16]+0.008*[#  26]+0.007*[#   2]+0.007*[#   3]
          +0.007*[#   4]+0.002*[#   1]
    |psi|^2 = 0.984
==== e(  23) =    14.27818 eV ==== 
     psi = 0.215*[#  11]+0.215*[#  24]+0.215*[#  32]+0.032*[#  12]+0.032*[#  14]
          +0.032*[#  21]+0.032*[#  22]+0.032*[#  31]+0.032*[#  34]+0.021*[#  23]
          +0.021*[#  10]+0.021*[#  30]+0.019*[#  13]+0.019*[#  33]+0.018*[#  20]
          +0.010*[#   1]+0.003*[#   6]+0.003*[#  16]+0.003*[#  26]+0.003*[#   2]
          +0.003*[#   3]+0.003*[#   4]
    |psi|^2 = 0.982
==== e(  24) =    14.43377 eV ==== 
     psi = 0.198*[#  20]+0.166*[#  13]+0.166*[#  33]+0.101*[#  10]+0.101*[#  30]
          +0.068*[#  23]+0.020*[#  12]+0.020*[#  14]+0.020*[#  21]+0.020*[#  22]
          +0.020*[#  31]+0.020*[#  34]+0.016*[#  11]+0.016*[#  24]+0.016*[#  32]
          +0.004*[#   6]+0.004*[#  16]+0.004*[#  26]+0.003*[#   1]+0.002*[#   2]
          +0.002*[#   3]+0.002*[#   4]
    |psi|^2 = 0.990
==== e(  25) =    14.51587 eV ==== 
     psi = 0.122*[#  11]+0.122*[#  24]+0.122*[#  32]+0.075*[#  12]+0.075*[#  14]
          +0.075*[#  21]+0.075*[#  22]+0.075*[#  31]+0.075*[#  34]+0.045*[#  23]
          +0.036*[#  10]+0.036*[#  30]+0.019*[#  13]+0.019*[#  33]+0.011*[#  20]
          +0.003*[#   6]+0.003*[#  16]+0.003*[#  26]
    |psi|^2 = 0.994
==== e(  26) =    14.78476 eV ==== 
     psi = 0.191*[#  23]+0.159*[#  10]+0.159*[#  30]+0.097*[#  13]+0.097*[#  33]
          +0.066*[#  20]+0.026*[#  12]+0.026*[#  14]+0.026*[#  21]+0.026*[#  22]
          +0.026*[#  31]+0.026*[#  34]+0.020*[#  11]+0.020*[#  24]+0.020*[#  32]
          +0.001*[#   2]+0.001*[#   3]+0.001*[#   4]
    |psi|^2 = 0.991
==== e(  27) =    14.99707 eV ==== 
     psi = 0.240*[#  20]+0.199*[#  13]+0.199*[#  33]+0.116*[#  10]+0.116*[#  30]
          +0.075*[#  23]+0.007*[#  12]+0.007*[#  14]+0.007*[#  21]+0.007*[#  22]
          +0.007*[#  31]+0.007*[#  34]+0.001*[#   6]+0.001*[#  16]+0.001*[#  26]
          
    |psi|^2 = 0.996
==== e(  28) =    15.02853 eV ==== 
     psi = 0.115*[#  20]+0.089*[#  13]+0.089*[#  33]+0.070*[#  11]+0.070*[#  24]
          +0.070*[#  32]+0.049*[#   1]+0.047*[#  12]+0.047*[#  14]+0.047*[#  21]
          +0.047*[#  22]+0.047*[#  31]+0.047*[#  34]+0.037*[#  10]+0.037*[#  30]
          +0.015*[#   6]+0.015*[#  16]+0.015*[#  26]+0.010*[#  23]+0.004*[#   2]
          +0.004*[#   3]+0.004*[#   4]
    |psi|^2 = 0.974
==== e(  29) =    15.48628 eV ==== 
     psi = 0.151*[#  12]+0.151*[#  14]+0.151*[#  21]+0.151*[#  22]+0.151*[#  31]
          +0.151*[#  34]+0.027*[#  23]+0.021*[#  10]+0.021*[#  30]+0.008*[#  13]
          +0.008*[#  33]+0.002*[#  20]
    |psi|^2 = 0.998
==== e(  30) =    18.48476 eV ==== 
     psi = 0.165*[#   2]+0.165*[#   3]+0.165*[#   4]+0.041*[#   6]+0.041*[#  16]
          +0.041*[#  26]+0.026*[#  23]+0.022*[#  12]+0.022*[#  14]+0.022*[#  21]
          +0.022*[#  22]+0.022*[#  31]+0.022*[#  34]+0.021*[#  11]+0.021*[#  24]
          +0.021*[#  32]+0.021*[#  10]+0.021*[#  30]+0.009*[#  13]+0.009*[#  33]
          +0.003*[#  20]
    |psi|^2 = 0.904
==== e(  31) =    18.57488 eV ==== 
     psi = 0.144*[#   1]+0.108*[#   2]+0.108*[#   3]+0.108*[#   4]+0.022*[#   6]
          +0.022*[#  16]+0.022*[#  26]+0.019*[#  11]+0.019*[#  24]+0.019*[#  32]
          +0.018*[#  12]+0.018*[#  14]+0.018*[#  21]+0.018*[#  22]+0.018*[#  31]
          +0.018*[#  34]+0.012*[#  20]+0.011*[#  13]+0.011*[#  33]+0.008*[#  10]
          +0.008*[#  30]+0.007*[#  23]
    |psi|^2 = 0.761
==== e(  32) =    21.36053 eV ==== 
     psi = 0.089*[#   6]+0.089*[#  16]+0.089*[#  26]+0.028*[#   2]+0.028*[#   3]
          +0.028*[#   4]+0.009*[#  12]+0.009*[#  14]+0.009*[#  21]+0.009*[#  22]
          +0.009*[#  31]+0.009*[#  34]+0.004*[#  23]+0.003*[#  11]+0.003*[#  24]
          +0.003*[#  32]+0.003*[#  10]+0.003*[#  30]+0.002*[#   5]+0.002*[#  15]
          +0.002*[#  25]+0.001*[#  13]+0.001*[#  33]
    |psi|^2 = 0.434
==== e(  33) =    21.42914 eV ==== 
     psi = 0.106*[#   1]+0.095*[#   2]+0.095*[#   3]+0.095*[#   4]+0.060*[#   6]
          +0.060*[#  16]+0.060*[#  26]+0.018*[#  11]+0.018*[#  24]+0.018*[#  32]
          +0.006*[#  12]+0.006*[#  14]+0.006*[#  21]+0.006*[#  22]+0.006*[#  31]
          +0.006*[#  34]+0.004*[#   5]+0.004*[#  15]+0.004*[#  25]+0.003*[#  20]
          +0.003*[#  13]+0.003*[#  33]+0.002*[#  10]+0.002*[#  30]+0.001*[#  23]
          
    |psi|^2 = 0.684
==== e(  34) =    24.08193 eV ==== 
     psi = 0.066*[#   6]+0.066*[#  16]+0.066*[#  26]+0.050*[#   2]+0.050*[#   3]
          +0.050*[#   4]+0.007*[#  23]+0.006*[#  11]+0.006*[#  24]+0.006*[#  32]
          +0.006*[#  10]+0.006*[#  30]+0.002*[#  13]+0.002*[#  33]+0.001*[#   5]
          +0.001*[#  15]+0.001*[#  25]
    |psi|^2 = 0.403
==== e(  35) =    24.48559 eV ==== 
     psi = 0.145*[#   1]+0.114*[#   6]+0.114*[#  16]+0.114*[#  26]+0.065*[#   2]
          +0.065*[#   3]+0.065*[#   4]+0.007*[#  20]+0.006*[#  13]+0.006*[#  33]
          +0.003*[#  10]+0.003*[#  30]+0.003*[#   5]+0.003*[#  15]+0.003*[#  25]
          +0.002*[#  23]
    |psi|^2 = 0.723

 k =   0.1250000000  0.1250000000 -0.5000000000
==== e(   1) =   -87.43179 eV ==== 
     psi = 0.313*[#   5]+0.313*[#  15]+0.313*[#  25]+0.020*[#   2]+0.020*[#   3]
          +0.020*[#   4]
    |psi|^2 = 1.000
==== e(   2) =   -87.42387 eV ==== 
     psi = 0.328*[#   5]+0.328*[#  15]+0.328*[#  25]+0.006*[#   1]+0.003*[#   2]
          +0.003*[#   3]+0.003*[#   4]
    |psi|^2 = 1.000
==== e(   3) =   -87.41594 eV ==== 
     psi = 0.328*[#   5]+0.328*[#  15]+0.328*[#  25]+0.005*[#   6]+0.005*[#  16]
          +0.005*[#  26]
    |psi|^2 = 1.000
==== e(   4) =   -47.86082 eV ==== 
     psi = 0.118*[#   9]+0.118*[#  17]+0.118*[#  28]+0.107*[#   7]+0.107*[#   8]
          +0.107*[#  18]+0.107*[#  19]+0.107*[#  27]+0.107*[#  29]
    |psi|^2 = 1.000
==== e(   5) =   -47.85191 eV ==== 
     psi = 0.166*[#   7]+0.166*[#   8]+0.166*[#  18]+0.166*[#  19]+0.166*[#  27]
          +0.166*[#  29]+0.003*[#   1]
    |psi|^2 = 1.000
==== e(   6) =   -47.84375 eV ==== 
     psi = 0.166*[#   7]+0.166*[#   8]+0.166*[#  18]+0.166*[#  19]+0.166*[#  27]
          +0.166*[#  29]+0.001*[#   2]+0.001*[#   3]+0.001*[#   4]
    |psi|^2 = 1.000
==== e(   7) =   -47.84097 eV ==== 
     psi = 0.122*[#   7]+0.122*[#   8]+0.122*[#  18]+0.122*[#  19]+0.122*[#  27]
          +0.122*[#  29]+0.089*[#   9]+0.089*[#  17]+0.089*[#  28]
    |psi|^2 = 1.000
==== e(   8) =   -47.80903 eV ==== 
     psi = 0.166*[#   7]+0.166*[#   8]+0.166*[#  18]+0.166*[#  19]+0.166*[#  27]
          +0.166*[#  29]
    |psi|^2 = 1.000
==== e(   9) =   -47.80178 eV ==== 
     psi = 0.252*[#   9]+0.252*[#  17]+0.252*[#  28]+0.040*[#   7]+0.040*[#   8]
          +0.040*[#  18]+0.040*[#  19]+0.040*[#  27]+0.040*[#  29]
    |psi|^2 = 1.000
==== e(  10) =   -47.80108 eV ==== 
     psi = 0.167*[#   7]+0.167*[#   8]+0.167*[#  18]+0.167*[#  19]+0.167*[#  27]
          +0.167*[#  29]
    |psi|^2 = 1.000
==== e(  11) =   -47.75397 eV ==== 
     psi = 0.244*[#   9]+0.244*[#  17]+0.244*[#  28]+0.045*[#   7]+0.045*[#   8]
          +0.045*[#  18]+0.045*[#  19]+0.045*[#  27]+0.045*[#  29]
    |psi|^2 = 1.000
==== e(  12) =   -47.75108 eV ==== 
     psi = 0.296*[#   9]+0.296*[#  17]+0.296*[#  28]+0.019*[#   7]+0.019*[#   8]
          +0.019*[#  18]+0.019*[#  19]+0.019*[#  27]+0.019*[#  29]
    |psi|^2 = 1.000
==== e(  13) =     8.36543 eV ==== 
     psi = 0.495*[#   1]+0.120*[#   6]+0.120*[#  16]+0.120*[#  26]+0.024*[#   2]
          +0.024*[#   3]+0.024*[#   4]+0.011*[#  20]+0.008*[#  13]+0.008*[#  33]
          +0.006*[#  11]+0.006*[#  24]+0.006*[#  32]+0.003*[#  10]+0.003*[#  30]
          +0.001*[#   5]+0.001*[#  15]+0.001*[#  25]+0.001*[#   7]+0.001*[#   8]
          +0.001*[#  18]+0.001*[#  19]+0.001*[#  27]+0.001*[#  29]
    |psi|^2 = 0.995
==== e(  14) =     9.17364 eV ==== 
     psi = 0.154*[#   2]+0.154*[#   3]+0.154*[#   4]+0.143*[#   6]+0.143*[#  16]
          +0.143*[#  26]+0.020*[#  23]+0.015*[#  10]+0.015*[#  30]+0.010*[#   5]
          +0.010*[#  15]+0.010*[#  25]+0.005*[#  13]+0.005*[#  33]+0.002*[#  12]
          +0.002*[#  14]+0.002*[#  21]+0.002*[#  22]+0.002*[#  31]+0.002*[#  34]
          
    |psi|^2 = 0.998
==== e(  15) =    12.26724 eV ==== 
     psi = 0.173*[#  11]+0.173*[#  24]+0.173*[#  32]+0.048*[#   2]+0.048*[#   3]
          +0.048*[#   4]+0.048*[#  12]+0.048*[#  14]+0.048*[#  21]+0.048*[#  22]
          +0.048*[#  31]+0.048*[#  34]+0.029*[#   1]+0.006*[#   6]+0.006*[#  16]
          +0.006*[#  26]
    |psi|^2 = 0.994
==== e(  16) =    12.29213 eV ==== 
     psi = 0.241*[#  20]+0.194*[#  13]+0.194*[#  33]+0.100*[#  10]+0.100*[#  30]
          +0.053*[#  23]+0.024*[#   6]+0.024*[#  16]+0.024*[#  26]+0.007*[#   2]
          +0.007*[#   3]+0.007*[#   4]
    |psi|^2 = 0.979
==== e(  17) =    12.63797 eV ==== 
     psi = 0.130*[#  11]+0.130*[#  24]+0.130*[#  32]+0.073*[#   2]+0.073*[#   3]
          +0.073*[#   4]+0.045*[#  23]+0.039*[#  12]+0.039*[#  14]+0.039*[#  21]
          +0.039*[#  22]+0.039*[#  31]+0.039*[#  34]+0.034*[#  10]+0.034*[#  30]
          +0.011*[#  13]+0.011*[#  33]
    |psi|^2 = 0.984
==== e(  18) =    12.86631 eV ==== 
     psi = 0.163*[#  12]+0.163*[#  14]+0.163*[#  21]+0.163*[#  22]+0.163*[#  31]
          +0.163*[#  34]+0.001*[#  20]+0.001*[#  13]+0.001*[#  33]
    |psi|^2 = 0.988
==== e(  19) =    13.21512 eV ==== 
     psi = 0.246*[#  23]+0.185*[#  10]+0.185*[#  30]+0.062*[#  13]+0.062*[#  33]
          +0.026*[#  12]+0.026*[#  14]+0.026*[#  21]+0.026*[#  22]+0.026*[#  31]
          +0.026*[#  34]+0.020*[#  11]+0.020*[#  24]+0.020*[#  32]
    |psi|^2 = 0.957
==== e(  20) =    13.35580 eV ==== 
     psi = 0.146*[#  12]+0.146*[#  14]+0.146*[#  21]+0.146*[#  22]+0.146*[#  31]
          +0.146*[#  34]+0.019*[#   6]+0.019*[#  16]+0.019*[#  26]+0.010*[#  23]
          +0.008*[#  10]+0.008*[#  30]+0.003*[#  13]+0.003*[#  33]
    |psi|^2 = 0.965
==== e(  21) =    13.56987 eV ==== 
     psi = 0.107*[#  12]+0.107*[#  14]+0.107*[#  21]+0.107*[#  22]+0.107*[#  31]
          +0.107*[#  34]+0.092*[#  23]+0.073*[#  10]+0.073*[#  30]+0.034*[#  13]
          +0.034*[#  33]+0.015*[#  20]+0.003*[#   2]+0.003*[#   3]+0.003*[#   4]
          
    |psi|^2 = 0.974
==== e(  22) =    13.71166 eV ==== 
     psi = 0.177*[#  11]+0.177*[#  24]+0.177*[#  32]+0.056*[#  12]+0.056*[#  14]
          +0.056*[#  21]+0.056*[#  22]+0.056*[#  31]+0.056*[#  34]+0.035*[#  20]
          +0.026*[#  13]+0.026*[#  33]+0.009*[#  10]+0.009*[#  30]+0.002*[#   1]
          +0.001*[#   2]+0.001*[#   3]+0.001*[#   4]
    |psi|^2 = 0.982
==== e(  23) =    14.22813 eV ==== 
     psi = 0.156*[#  23]+0.129*[#  10]+0.129*[#  30]+0.076*[#  13]+0.076*[#  33]
          +0.050*[#  20]+0.048*[#  12]+0.048*[#  14]+0.048*[#  21]+0.048*[#  22]
          +0.048*[#  31]+0.048*[#  34]+0.017*[#   6]+0.017*[#  16]+0.017*[#  26]
          +0.004*[#   2]+0.004*[#   3]+0.004*[#   4]
    |psi|^2 = 0.971
==== e(  24) =    14.26478 eV ==== 
     psi = 0.164*[#  11]+0.164*[#  24]+0.164*[#  32]+0.148*[#  20]+0.111*[#  13]
          +0.111*[#  33]+0.037*[#  10]+0.037*[#  30]+0.008*[#  12]+0.008*[#  14]
          +0.008*[#  21]+0.008*[#  22]+0.008*[#  31]+0.008*[#  34]+0.002*[#   1]
          +0.002*[#   6]+0.002*[#  16]+0.002*[#  26]
    |psi|^2 = 0.993
==== e(  25) =    14.54279 eV ==== 
     psi = 0.148*[#  11]+0.148*[#  24]+0.148*[#  32]+0.088*[#  12]+0.088*[#  14]
          +0.088*[#  21]+0.088*[#  22]+0.088*[#  31]+0.088*[#  34]+0.006*[#  23]
          +0.004*[#  10]+0.004*[#  30]+0.001*[#  13]+0.001*[#  33]
    |psi|^2 = 0.990
==== e(  26) =    14.60126 eV ==== 
     psi = 0.235*[#  23]+0.196*[#  10]+0.196*[#  30]+0.117*[#  13]+0.117*[#  33]
          +0.077*[#  20]+0.009*[#  12]+0.009*[#  14]+0.009*[#  21]+0.009*[#  22]
          +0.009*[#  31]+0.009*[#  34]+0.002*[#   6]+0.002*[#  16]+0.002*[#  26]
          
    |psi|^2 = 0.994
==== e(  27) =    14.84280 eV ==== 
     psi = 0.135*[#  20]+0.102*[#  13]+0.102*[#  33]+0.097*[#  11]+0.097*[#  24]
          +0.097*[#  32]+0.042*[#  12]+0.042*[#  14]+0.042*[#  21]+0.042*[#  22]
          +0.042*[#  31]+0.042*[#  34]+0.034*[#  10]+0.034*[#  30]+0.018*[#   1]
          +0.008*[#   6]+0.008*[#  16]+0.008*[#  26]+0.001*[#   2]+0.001*[#   3]
          +0.001*[#   4]
    |psi|^2 = 0.993
==== e(  28) =    15.00536 eV ==== 
     psi = 0.250*[#  20]+0.204*[#  13]+0.204*[#  33]+0.112*[#  10]+0.112*[#  30]
          +0.066*[#  23]+0.007*[#  12]+0.007*[#  14]+0.007*[#  21]+0.007*[#  22]
          +0.007*[#  31]+0.007*[#  34]+0.002*[#   6]+0.002*[#  16]+0.002*[#  26]
          
    |psi|^2 = 0.996
==== e(  29) =    15.46779 eV ==== 
     psi = 0.155*[#  12]+0.155*[#  14]+0.155*[#  21]+0.155*[#  22]+0.155*[#  31]
          +0.155*[#  34]+0.019*[#  23]+0.015*[#  10]+0.015*[#  30]+0.007*[#  13]
          +0.007*[#  33]+0.003*[#  20]+0.001*[#   6]+0.001*[#  16]+0.001*[#  26]
          
    |psi|^2 = 0.998
==== e(  30) =    19.11275 eV ==== 
     psi = 0.204*[#   2]+0.204*[#   3]+0.204*[#   4]+0.030*[#  23]+0.027*[#  11]
          +0.027*[#  24]+0.027*[#  32]+0.023*[#  10]+0.023*[#  30]+0.011*[#  12]
          +0.011*[#  14]+0.011*[#  21]+0.011*[#  22]+0.011*[#  31]+0.011*[#  34]
          +0.008*[#  13]+0.008*[#  33]
    |psi|^2 = 0.854
==== e(  31) =    19.61493 eV ==== 
     psi = 0.069*[#   2]+0.069*[#   3]+0.069*[#   4]+0.054*[#   6]+0.054*[#  16]
          +0.054*[#  26]+0.015*[#  20]+0.013*[#  13]+0.013*[#  33]+0.010*[#  12]
          +0.010*[#  14]+0.010*[#  21]+0.010*[#  22]+0.010*[#  31]+0.010*[#  34]
          +0.009*[#  10]+0.009*[#  30]+0.007*[#  23]+0.005*[#   5]+0.005*[#  15]
          +0.005*[#  25]
    |psi|^2 = 0.510
==== e(  32) =    20.17440 eV ==== 
     psi = 0.289*[#   1]+0.130*[#   2]+0.130*[#   3]+0.130*[#   4]+0.039*[#  11]
          +0.039*[#  24]+0.039*[#  32]+0.033*[#   6]+0.033*[#  16]+0.033*[#  26]
          +0.011*[#  12]+0.011*[#  14]+0.011*[#  21]+0.011*[#  22]+0.011*[#  31]
          +0.011*[#  34]
    |psi|^2 = 0.960
==== e(  33) =    20.49028 eV ==== 
     psi = 0.168*[#   6]+0.168*[#  16]+0.168*[#  26]+0.016*[#  12]+0.016*[#  14]
          +0.016*[#  21]+0.016*[#  22]+0.016*[#  31]+0.016*[#  34]+0.003*[#   5]
          +0.003*[#  15]+0.003*[#  25]+0.002*[#  20]+0.002*[#  13]+0.002*[#  33]
          
    |psi|^2 = 0.613
==== e(  34) =    24.23593 eV ==== 
     psi = 0.044*[#   2]+0.044*[#   3]+0.044*[#   4]+0.007*[#  11]+0.007*[#  24]
          +0.007*[#  32]+0.006*[#  23]+0.004*[#  10]+0.004*[#  30]+0.001*[#  13]
          +0.001*[#  33]
    |psi|^2 = 0.178
==== e(  35) =    24.87144 eV ==== 
     psi = 0.137*[#   1]+0.122*[#   6]+0.122*[#  16]+0.122*[#  26]+0.073*[#   2]
          +0.073*[#   3]+0.073*[#   4]+0.003*[#   5]+0.003*[#  15]+0.003*[#  25]
          +0.001*[#  20]+0.001*[#  11]+0.001*[#  24]+0.001*[#  32]
    |psi|^2 = 0.739

 k =   0.1250000000  0.2500000000  0.2500000000
==== e(   1) =   -87.43510 eV ==== 
     psi = 0.316*[#   5]+0.316*[#  15]+0.316*[#  25]+0.015*[#   2]+0.015*[#   3]
          +0.015*[#   4]+0.004*[#   1]
    |psi|^2 = 1.000
==== e(   2) =   -87.41922 eV ==== 
     psi = 0.326*[#   5]+0.326*[#  15]+0.326*[#  25]+0.004*[#   2]+0.004*[#   3]
          +0.004*[#   4]+0.003*[#   6]+0.003*[#  16]+0.003*[#  26]
    |psi|^2 = 1.000
==== e(   3) =   -87.41732 eV ==== 
     psi = 0.329*[#   5]+0.329*[#  15]+0.329*[#  25]+0.004*[#   6]+0.004*[#  16]
          +0.004*[#  26]
    |psi|^2 = 1.000
==== e(   4) =   -47.87830 eV ==== 
     psi = 0.113*[#   7]+0.113*[#   8]+0.113*[#  18]+0.113*[#  19]+0.113*[#  27]
          +0.113*[#  29]+0.106*[#   9]+0.106*[#  17]+0.106*[#  28]+0.002*[#   1]
          
    |psi|^2 = 1.000
==== e(   5) =   -47.85625 eV ==== 
     psi = 0.143*[#   7]+0.143*[#   8]+0.143*[#  18]+0.143*[#  19]+0.143*[#  27]
          +0.143*[#  29]+0.047*[#   9]+0.047*[#  17]+0.047*[#  28]+0.001*[#   2]
          +0.001*[#   3]+0.001*[#   4]
    |psi|^2 = 1.000
==== e(   6) =   -47.84837 eV ==== 
     psi = 0.148*[#   7]+0.148*[#   8]+0.148*[#  18]+0.148*[#  19]+0.148*[#  27]
          +0.148*[#  29]+0.035*[#   9]+0.035*[#  17]+0.035*[#  28]+0.002*[#   2]
          +0.002*[#   3]+0.002*[#   4]
    |psi|^2 = 1.000
==== e(   7) =   -47.82809 eV ==== 
     psi = 0.140*[#   7]+0.140*[#   8]+0.140*[#  18]+0.140*[#  19]+0.140*[#  27]
          +0.140*[#  29]+0.054*[#   9]+0.054*[#  17]+0.054*[#  28]
    |psi|^2 = 1.000
==== e(   8) =   -47.81719 eV ==== 
     psi = 0.155*[#   7]+0.155*[#   8]+0.155*[#  18]+0.155*[#  19]+0.155*[#  27]
          +0.155*[#  29]+0.024*[#   9]+0.024*[#  17]+0.024*[#  28]
    |psi|^2 = 1.000
==== e(   9) =   -47.79882 eV ==== 
     psi = 0.164*[#   7]+0.164*[#   8]+0.164*[#  18]+0.164*[#  19]+0.164*[#  27]
          +0.164*[#  29]+0.005*[#   9]+0.005*[#  17]+0.005*[#  28]
    |psi|^2 = 1.000
==== e(  10) =   -47.79573 eV ==== 
     psi = 0.211*[#   9]+0.211*[#  17]+0.211*[#  28]+0.061*[#   7]+0.061*[#   8]
          +0.061*[#  18]+0.061*[#  19]+0.061*[#  27]+0.061*[#  29]
    |psi|^2 = 1.000
==== e(  11) =   -47.75067 eV ==== 
     psi = 0.248*[#   9]+0.248*[#  17]+0.248*[#  28]+0.043*[#   7]+0.043*[#   8]
          +0.043*[#  18]+0.043*[#  19]+0.043*[#  27]+0.043*[#  29]
    |psi|^2 = 1.000
==== e(  12) =   -47.74092 eV ==== 
     psi = 0.269*[#   9]+0.269*[#  17]+0.269*[#  28]+0.032*[#   7]+0.032*[#   8]
          +0.032*[#  18]+0.032*[#  19]+0.032*[#  27]+0.032*[#  29]
    |psi|^2 = 1.000
==== e(  13) =     7.19392 eV ==== 
     psi = 0.279*[#   1]+0.160*[#   6]+0.160*[#  16]+0.160*[#  26]+0.062*[#   2]
          +0.062*[#   3]+0.062*[#   4]+0.009*[#   5]+0.009*[#  15]+0.009*[#  25]
          +0.003*[#  11]+0.003*[#  20]+0.003*[#  24]+0.003*[#  32]+0.002*[#  13]
          +0.002*[#  33]
    |psi|^2 = 0.998
==== e(  14) =    11.43090 eV ==== 
     psi = 0.191*[#   1]+0.097*[#  20]+0.076*[#  13]+0.076*[#  33]+0.060*[#  11]
          +0.060*[#  24]+0.060*[#  32]+0.035*[#   6]+0.035*[#  16]+0.035*[#  26]
          +0.034*[#  10]+0.034*[#  30]+0.031*[#   2]+0.031*[#   3]+0.031*[#   4]
          +0.013*[#  23]+0.013*[#  12]+0.013*[#  14]+0.013*[#  21]+0.013*[#  22]
          +0.013*[#  31]+0.013*[#  34]
    |psi|^2 = 0.979
==== e(  15) =    11.56475 eV ==== 
     psi = 0.116*[#  23]+0.112*[#   2]+0.112*[#   3]+0.112*[#   4]+0.091*[#  10]
          +0.091*[#  30]+0.060*[#   6]+0.060*[#  16]+0.060*[#  26]+0.041*[#  13]
          +0.041*[#  33]+0.016*[#  20]+0.012*[#  12]+0.012*[#  14]+0.012*[#  21]
          +0.012*[#  22]+0.012*[#  31]+0.012*[#  34]+0.001*[#  11]+0.001*[#  24]
          +0.001*[#  32]
    |psi|^2 = 0.992
==== e(  16) =    12.30272 eV ==== 
     psi = 0.130*[#  23]+0.125*[#  10]+0.125*[#  30]+0.116*[#  13]+0.116*[#  33]
          +0.111*[#  20]+0.044*[#   2]+0.044*[#   3]+0.044*[#   4]+0.019*[#   6]
          +0.019*[#  16]+0.019*[#  26]+0.016*[#  11]+0.016*[#  24]+0.016*[#  32]
          +0.002*[#  12]+0.002*[#  14]+0.002*[#  21]+0.002*[#  22]+0.002*[#  31]
          +0.002*[#  34]
    |psi|^2 = 0.977
==== e(  17) =    12.36513 eV ==== 
     psi = 0.105*[#  11]+0.105*[#  24]+0.105*[#  32]+0.060*[#  20]+0.051*[#  13]
          +0.051*[#  33]+0.050*[#  12]+0.050*[#  14]+0.050*[#  21]+0.050*[#  22]
          +0.050*[#  31]+0.050*[#  34]+0.032*[#  10]+0.032*[#  30]+0.026*[#   2]
          +0.026*[#   3]+0.026*[#   4]+0.023*[#  23]+0.015*[#   6]+0.015*[#  16]
          +0.015*[#  26]
    |psi|^2 = 0.985
==== e(  18) =    12.71777 eV ==== 
     psi = 0.120*[#  12]+0.120*[#  14]+0.120*[#  21]+0.120*[#  22]+0.120*[#  31]
          +0.120*[#  34]+0.060*[#  11]+0.060*[#  24]+0.060*[#  32]+0.015*[#  23]
          +0.011*[#  10]+0.011*[#  30]+0.008*[#   6]+0.008*[#  16]+0.008*[#  26]
          +0.005*[#   2]+0.005*[#   3]+0.005*[#   4]+0.004*[#  13]+0.004*[#  33]
          +0.001*[#   1]
    |psi|^2 = 0.987
==== e(  19) =    12.92438 eV ==== 
     psi = 0.136*[#  12]+0.136*[#  14]+0.136*[#  21]+0.136*[#  22]+0.136*[#  31]
          +0.136*[#  34]+0.047*[#  11]+0.047*[#  24]+0.047*[#  32]+0.003*[#   2]
          +0.003*[#   3]+0.003*[#   4]+0.002*[#  20]+0.002*[#  13]+0.002*[#  33]
          +0.001*[#   6]+0.001*[#  16]+0.001*[#  26]
    |psi|^2 = 0.980
==== e(  20) =    13.33280 eV ==== 
     psi = 0.104*[#  11]+0.104*[#  24]+0.104*[#  32]+0.099*[#  12]+0.099*[#  14]
          +0.099*[#  21]+0.099*[#  22]+0.099*[#  31]+0.099*[#  34]+0.018*[#   2]
          +0.018*[#   3]+0.018*[#   4]+0.006*[#   1]+0.003*[#  20]+0.003*[#  13]
          +0.003*[#  33]+0.002*[#   6]+0.002*[#  10]+0.002*[#  16]+0.002*[#  26]
          +0.002*[#  30]+0.001*[#  23]
    |psi|^2 = 0.984
==== e(  21) =    13.69177 eV ==== 
     psi = 0.125*[#  23]+0.096*[#  10]+0.096*[#  30]+0.078*[#  12]+0.078*[#  14]
          +0.078*[#  21]+0.078*[#  22]+0.078*[#  31]+0.078*[#  34]+0.037*[#  13]
          +0.037*[#  33]+0.018*[#   2]+0.018*[#   3]+0.018*[#   4]+0.011*[#   6]
          +0.011*[#  16]+0.011*[#  26]+0.009*[#  11]+0.009*[#  24]+0.009*[#  32]
          +0.007*[#  20]
    |psi|^2 = 0.978
==== e(  22) =    13.84034 eV ==== 
     psi = 0.075*[#  23]+0.071*[#  12]+0.071*[#  14]+0.071*[#  21]+0.071*[#  22]
          +0.071*[#  31]+0.071*[#  34]+0.064*[#  11]+0.064*[#  24]+0.064*[#  32]
          +0.061*[#  10]+0.061*[#  30]+0.032*[#  13]+0.032*[#  33]+0.018*[#  20]
          +0.014*[#   2]+0.014*[#   3]+0.014*[#   4]+0.008*[#   6]+0.008*[#  16]
          +0.008*[#  26]+0.006*[#   1]
    |psi|^2 = 0.969
==== e(  23) =    14.47725 eV ==== 
     psi = 0.259*[#  11]+0.259*[#  24]+0.259*[#  32]+0.027*[#  12]+0.027*[#  14]
          +0.027*[#  21]+0.027*[#  22]+0.027*[#  31]+0.027*[#  34]+0.015*[#  20]
          +0.012*[#  13]+0.012*[#  33]+0.005*[#  10]+0.005*[#  30]+0.002*[#  23]
          +0.001*[#   6]+0.001*[#  16]+0.001*[#  26]
    |psi|^2 = 0.996
==== e(  24) =    14.49675 eV ==== 
     psi = 0.130*[#  11]+0.130*[#  24]+0.130*[#  32]+0.088*[#  12]+0.088*[#  14]
          +0.088*[#  21]+0.088*[#  22]+0.088*[#  31]+0.088*[#  34]+0.012*[#  20]
          +0.009*[#  13]+0.009*[#  33]+0.005*[#   6]+0.005*[#  16]+0.005*[#  26]
          +0.004*[#  10]+0.004*[#  30]+0.004*[#   2]+0.004*[#   3]+0.004*[#   4]
          +0.001*[#  23]
    |psi|^2 = 0.982
==== e(  25) =    14.68379 eV ==== 
     psi = 0.245*[#  20]+0.199*[#  13]+0.199*[#  33]+0.106*[#  10]+0.106*[#  30]
          +0.059*[#  23]+0.010*[#  12]+0.010*[#  14]+0.010*[#  21]+0.010*[#  22]
          +0.010*[#  31]+0.010*[#  34]+0.007*[#  11]+0.007*[#  24]+0.007*[#  32]
          +0.002*[#   2]+0.002*[#   3]+0.002*[#   4]
    |psi|^2 = 0.998
==== e(  26) =    14.75648 eV ==== 
     psi = 0.232*[#  23]+0.179*[#  10]+0.179*[#  30]+0.073*[#  13]+0.073*[#  33]
          +0.039*[#  12]+0.039*[#  14]+0.039*[#  21]+0.039*[#  22]+0.039*[#  31]
          +0.039*[#  34]+0.019*[#  20]+0.001*[#   2]+0.001*[#   3]+0.001*[#   4]
          +0.001*[#  11]+0.001*[#  24]+0.001*[#  32]
    |psi|^2 = 0.996
==== e(  27) =    14.85861 eV ==== 
     psi = 0.281*[#  20]+0.218*[#  13]+0.218*[#  33]+0.093*[#  10]+0.093*[#  30]
          +0.030*[#  23]+0.008*[#  12]+0.008*[#  14]+0.008*[#  21]+0.008*[#  22]
          +0.008*[#  31]+0.008*[#  34]+0.003*[#   1]+0.002*[#   6]+0.002*[#  16]
          +0.002*[#  26]+0.002*[#  11]+0.002*[#  24]+0.002*[#  32]
    |psi|^2 = 0.995
==== e(  28) =    15.46800 eV ==== 
     psi = 0.126*[#  12]+0.126*[#  14]+0.126*[#  21]+0.126*[#  22]+0.126*[#  31]
          +0.126*[#  34]+0.079*[#  23]+0.059*[#  10]+0.059*[#  30]+0.020*[#  13]
          +0.020*[#  33]
    |psi|^2 = 0.999
==== e(  29) =    15.77123 eV ==== 
     psi = 0.241*[#   1]+0.071*[#  11]+0.071*[#  24]+0.071*[#  32]+0.055*[#  20]
          +0.045*[#  13]+0.045*[#  33]+0.032*[#   6]+0.032*[#  16]+0.032*[#  26]
          +0.025*[#  10]+0.025*[#  30]+0.018*[#   2]+0.018*[#   3]+0.018*[#   4]
          +0.015*[#  23]+0.011*[#  12]+0.011*[#  14]+0.011*[#  21]+0.011*[#  22]
          +0.011*[#  31]+0.011*[#  34]
    |psi|^2 = 0.883
==== e(  30) =    16.67007 eV ==== 
     psi = 0.089*[#   2]+0.089*[#   3]+0.089*[#   4]+0.067*[#  12]+0.067*[#  14]
          +0.067*[#  21]+0.067*[#  22]+0.067*[#  31]+0.067*[#  34]+0.046*[#  23]
          +0.041*[#  10]+0.041*[#  30]+0.031*[#  13]+0.031*[#  33]+0.031*[#   6]
          +0.031*[#  16]+0.031*[#  26]+0.026*[#  20]+0.004*[#  11]+0.004*[#  24]
          +0.004*[#  32]
    |psi|^2 = 0.990
==== e(  31) =    18.13730 eV ==== 
     psi = 0.147*[#   2]+0.147*[#   3]+0.147*[#   4]+0.060*[#   1]+0.025*[#  12]
          +0.025*[#  14]+0.025*[#  21]+0.025*[#  22]+0.025*[#  31]+0.025*[#  34]
          +0.023*[#   6]+0.023*[#  16]+0.023*[#  26]+0.019*[#  23]+0.019*[#  11]
          +0.019*[#  24]+0.019*[#  32]+0.016*[#  10]+0.016*[#  30]+0.011*[#  13]
          +0.011*[#  33]+0.009*[#  20]
    |psi|^2 = 0.862
==== e(  32) =    21.17573 eV ==== 
     psi = 0.096*[#   6]+0.096*[#  16]+0.096*[#  26]+0.069*[#   2]+0.069*[#   3]
          +0.069*[#   4]+0.048*[#   1]+0.012*[#  11]+0.012*[#  24]+0.012*[#  32]
          +0.008*[#  12]+0.008*[#  14]+0.008*[#  21]+0.008*[#  22]+0.008*[#  31]
          +0.008*[#  34]+0.004*[#   5]+0.004*[#  15]+0.004*[#  25]+0.002*[#  10]
          +0.002*[#  23]+0.002*[#  30]+0.002*[#  13]+0.002*[#  20]+0.002*[#  33]
          
    |psi|^2 = 0.650
==== e(  33) =    23.56692 eV ==== 
     psi = 0.058*[#   1]+0.026*[#   2]+0.026*[#   3]+0.026*[#   4]+0.009*[#  11]
          +0.009*[#  24]+0.009*[#  32]+0.002*[#  23]+0.002*[#  10]+0.002*[#  30]
          +0.002*[#  12]+0.002*[#  14]+0.002*[#  21]+0.002*[#  22]+0.002*[#  31]
          +0.002*[#  34]
    |psi|^2 = 0.184
==== e(  34) =    23.73193 eV ==== 
     psi = 0.080*[#   6]+0.080*[#  16]+0.080*[#  26]+0.033*[#   2]+0.033*[#   3]
          +0.033*[#   4]+0.005*[#  12]+0.005*[#  14]+0.005*[#  21]+0.005*[#  22]
          +0.005*[#  31]+0.005*[#  34]+0.002*[#  11]+0.002*[#  24]+0.002*[#  32]
          +0.002*[#   5]+0.002*[#  15]+0.002*[#  25]
    |psi|^2 = 0.384
==== e(  35) =    24.34128 eV ==== 
     psi = 0.135*[#   6]+0.135*[#  16]+0.135*[#  26]+0.098*[#   2]+0.098*[#   3]
          +0.098*[#   4]+0.030*[#   1]+0.007*[#  11]+0.007*[#  24]+0.007*[#  32]
          +0.006*[#  20]+0.005*[#  13]+0.005*[#  33]+0.005*[#  10]+0.005*[#  30]
          +0.004*[#  23]+0.004*[#   5]+0.004*[#  15]+0.004*[#  25]
    |psi|^2 = 0.794

 k =   0.1250000000  0.2500000000  0.3750000000
==== e(   1) =   -87.43202 eV ==== 
     psi = 0.317*[#   5]+0.317*[#  15]+0.317*[#  25]+0.015*[#   2]+0.015*[#   3]
          +0.015*[#   4]+0.002*[#   1]
    |psi|^2 = 1.000
==== e(   2) =   -87.42184 eV ==== 
     psi = 0.326*[#   5]+0.326*[#  15]+0.326*[#  25]+0.005*[#   2]+0.005*[#   3]
          +0.005*[#   4]+0.002*[#   6]+0.002*[#  16]+0.002*[#  26]+0.001*[#   1]
          
    |psi|^2 = 1.000
==== e(   3) =   -87.41773 eV ==== 
     psi = 0.329*[#   5]+0.329*[#  15]+0.329*[#  25]+0.003*[#   6]+0.003*[#  16]
          +0.003*[#  26]
    |psi|^2 = 1.000
==== e(   4) =   -47.87346 eV ==== 
     psi = 0.122*[#   7]+0.122*[#   8]+0.122*[#  18]+0.122*[#  19]+0.122*[#  27]
          +0.122*[#  29]+0.089*[#   9]+0.089*[#  17]+0.089*[#  28]+0.002*[#   1]
          
    |psi|^2 = 1.000
==== e(   5) =   -47.85749 eV ==== 
     psi = 0.145*[#   7]+0.145*[#   8]+0.145*[#  18]+0.145*[#  19]+0.145*[#  27]
          +0.145*[#  29]+0.042*[#   9]+0.042*[#  17]+0.042*[#  28]
    |psi|^2 = 1.000
==== e(   6) =   -47.84684 eV ==== 
     psi = 0.159*[#   7]+0.159*[#   8]+0.159*[#  18]+0.159*[#  19]+0.159*[#  27]
          +0.159*[#  29]+0.014*[#   9]+0.014*[#  17]+0.014*[#  28]+0.001*[#   2]
          +0.001*[#   3]+0.001*[#   4]
    |psi|^2 = 1.000
==== e(   7) =   -47.82832 eV ==== 
     psi = 0.123*[#   7]+0.123*[#   8]+0.123*[#  18]+0.123*[#  19]+0.123*[#  27]
          +0.123*[#  29]+0.087*[#   9]+0.087*[#  17]+0.087*[#  28]
    |psi|^2 = 1.000
==== e(   8) =   -47.81340 eV ==== 
     psi = 0.130*[#   9]+0.130*[#  17]+0.130*[#  28]+0.101*[#   7]+0.101*[#   8]
          +0.101*[#  18]+0.101*[#  19]+0.101*[#  27]+0.101*[#  29]
    |psi|^2 = 1.000
==== e(   9) =   -47.80778 eV ==== 
     psi = 0.127*[#   7]+0.127*[#   8]+0.127*[#  18]+0.127*[#  19]+0.127*[#  27]
          +0.127*[#  29]+0.078*[#   9]+0.078*[#  17]+0.078*[#  28]
    |psi|^2 = 1.000
==== e(  10) =   -47.79090 eV ==== 
     psi = 0.164*[#   7]+0.164*[#   8]+0.164*[#  18]+0.164*[#  19]+0.164*[#  27]
          +0.164*[#  29]+0.006*[#   9]+0.006*[#  17]+0.006*[#  28]
    |psi|^2 = 1.000
==== e(  11) =   -47.75628 eV ==== 
     psi = 0.258*[#   9]+0.258*[#  17]+0.258*[#  28]+0.037*[#   7]+0.037*[#   8]
          +0.037*[#  18]+0.037*[#  19]+0.037*[#  27]+0.037*[#  29]
    |psi|^2 = 1.000
==== e(  12) =   -47.74098 eV ==== 
     psi = 0.295*[#   9]+0.295*[#  17]+0.295*[#  28]+0.019*[#   7]+0.019*[#   8]
          +0.019*[#  18]+0.019*[#  19]+0.019*[#  27]+0.019*[#  29]
    |psi|^2 = 1.000
==== e(  13) =     8.02429 eV ==== 
     psi = 0.321*[#   1]+0.131*[#   6]+0.131*[#  16]+0.131*[#  26]+0.072*[#   2]
          +0.072*[#   3]+0.072*[#   4]+0.007*[#  11]+0.007*[#  24]+0.007*[#  32]
          +0.006*[#   5]+0.006*[#  15]+0.006*[#  25]+0.004*[#  20]+0.003*[#  13]
          +0.003*[#  33]+0.002*[#  12]+0.002*[#  14]+0.002*[#  21]+0.002*[#  22]
          +0.002*[#  31]+0.002*[#  34]+0.001*[#  10]+0.001*[#  30]
    |psi|^2 = 0.997
==== e(  14) =    10.51829 eV ==== 
     psi = 0.140*[#   1]+0.109*[#   2]+0.109*[#   3]+0.109*[#   4]+0.092*[#   6]
          +0.092*[#  16]+0.092*[#  26]+0.030*[#  23]+0.026*[#  10]+0.026*[#  30]
          +0.018*[#  13]+0.018*[#  33]+0.017*[#  11]+0.017*[#  24]+0.017*[#  32]
          +0.014*[#  20]+0.009*[#  12]+0.009*[#  14]+0.009*[#  21]+0.009*[#  22]
          +0.009*[#  31]+0.009*[#  34]+0.003*[#   5]+0.003*[#  15]+0.003*[#  25]
          
    |psi|^2 = 0.991
==== e(  15) =    11.75326 eV ==== 
     psi = 0.092*[#  11]+0.092*[#  24]+0.092*[#  32]+0.073*[#   1]+0.067*[#   2]
          +0.067*[#   3]+0.067*[#   4]+0.031*[#  23]+0.031*[#  12]+0.031*[#  14]
          +0.031*[#  21]+0.031*[#  22]+0.031*[#  31]+0.031*[#  34]+0.030*[#  10]
          +0.030*[#  30]+0.027*[#  13]+0.027*[#  33]+0.027*[#   6]+0.027*[#  16]
          +0.027*[#  26]+0.026*[#  20]
    |psi|^2 = 0.988
==== e(  16) =    12.44059 eV ==== 
     psi = 0.194*[#  20]+0.149*[#  13]+0.149*[#  33]+0.061*[#  10]+0.061*[#  30]
          +0.050*[#  11]+0.050*[#  24]+0.050*[#  32]+0.029*[#   6]+0.029*[#  16]
          +0.029*[#  26]+0.016*[#  23]+0.013*[#   2]+0.013*[#   3]+0.013*[#   4]
          +0.011*[#  12]+0.011*[#  14]+0.011*[#  21]+0.011*[#  22]+0.011*[#  31]
          +0.011*[#  34]
    |psi|^2 = 0.973
==== e(  17) =    12.54928 eV ==== 
     psi = 0.095*[#  11]+0.095*[#  24]+0.095*[#  32]+0.087*[#  23]+0.073*[#   2]
          +0.073*[#   3]+0.073*[#   4]+0.069*[#  10]+0.069*[#  30]+0.034*[#  13]
          +0.034*[#  33]+0.024*[#  12]+0.024*[#  14]+0.024*[#  21]+0.024*[#  22]
          +0.024*[#  31]+0.024*[#  34]+0.016*[#  20]+0.007*[#   6]+0.007*[#  16]
          +0.007*[#  26]+0.003*[#   1]
    |psi|^2 = 0.984
==== e(  18) =    12.83637 eV ==== 
     psi = 0.116*[#  12]+0.116*[#  14]+0.116*[#  21]+0.116*[#  22]+0.116*[#  31]
          +0.116*[#  34]+0.051*[#  23]+0.039*[#  10]+0.039*[#  30]+0.022*[#  11]
          +0.022*[#  24]+0.022*[#  32]+0.018*[#   6]+0.018*[#  16]+0.018*[#  26]
          +0.016*[#  13]+0.016*[#  33]+0.005*[#  20]
    |psi|^2 = 0.984
==== e(  19) =    13.01957 eV ==== 
     psi = 0.137*[#  12]+0.137*[#  14]+0.137*[#  21]+0.137*[#  22]+0.137*[#  31]
          +0.137*[#  34]+0.030*[#  11]+0.030*[#  24]+0.030*[#  32]+0.009*[#  23]
          +0.007*[#  10]+0.007*[#  30]+0.006*[#   2]+0.006*[#   3]+0.006*[#   4]
          +0.005*[#   6]+0.005*[#  16]+0.005*[#  26]+0.004*[#  13]+0.004*[#  33]
          +0.002*[#  20]
    |psi|^2 = 0.980
==== e(  20) =    13.33380 eV ==== 
     psi = 0.099*[#  12]+0.099*[#  14]+0.099*[#  21]+0.099*[#  22]+0.099*[#  31]
          +0.099*[#  34]+0.073*[#  11]+0.073*[#  24]+0.073*[#  32]+0.031*[#  23]
          +0.026*[#  10]+0.026*[#  30]+0.017*[#  13]+0.017*[#  33]+0.012*[#  20]
          +0.007*[#   2]+0.007*[#   3]+0.007*[#   4]+0.004*[#   6]+0.004*[#  16]
          +0.004*[#  26]
    |psi|^2 = 0.975
==== e(  21) =    13.47085 eV ==== 
     psi = 0.129*[#  23]+0.098*[#  10]+0.098*[#  30]+0.083*[#  12]+0.083*[#  14]
          +0.083*[#  21]+0.083*[#  22]+0.083*[#  31]+0.083*[#  34]+0.037*[#  13]
          +0.037*[#  33]+0.015*[#  11]+0.015*[#  24]+0.015*[#  32]+0.006*[#  20]
          +0.005*[#   6]+0.005*[#  16]+0.005*[#  26]+0.005*[#   2]+0.005*[#   3]
          +0.005*[#   4]
    |psi|^2 = 0.982
==== e(  22) =    13.73683 eV ==== 
     psi = 0.094*[#  23]+0.079*[#  10]+0.079*[#  30]+0.077*[#  12]+0.077*[#  14]
          +0.077*[#  21]+0.077*[#  22]+0.077*[#  31]+0.077*[#  34]+0.048*[#  13]
          +0.048*[#  33]+0.033*[#  20]+0.032*[#  11]+0.032*[#  24]+0.032*[#  32]
          +0.008*[#   6]+0.008*[#  16]+0.008*[#  26]+0.003*[#   2]+0.003*[#   3]
          +0.003*[#   4]
    |psi|^2 = 0.973
==== e(  23) =    14.34656 eV ==== 
     psi = 0.148*[#  11]+0.148*[#  24]+0.148*[#  32]+0.085*[#  20]+0.068*[#  13]
          +0.068*[#  33]+0.039*[#  12]+0.039*[#  14]+0.039*[#  21]+0.039*[#  22]
          +0.039*[#  31]+0.039*[#  34]+0.034*[#  10]+0.034*[#  30]+0.017*[#  23]
          +0.001*[#   1]
    |psi|^2 = 0.987
==== e(  24) =    14.49493 eV ==== 
     psi = 0.114*[#  23]+0.112*[#  10]+0.112*[#  30]+0.108*[#  13]+0.108*[#  33]
          +0.106*[#  20]+0.036*[#  12]+0.036*[#  14]+0.036*[#  21]+0.036*[#  22]
          +0.036*[#  31]+0.036*[#  34]+0.024*[#  11]+0.024*[#  24]+0.024*[#  32]
          +0.008*[#   6]+0.008*[#  16]+0.008*[#  26]+0.005*[#   1]+0.003*[#   2]
          +0.003*[#   3]+0.003*[#   4]
    |psi|^2 = 0.983
==== e(  25) =    14.52522 eV ==== 
     psi = 0.120*[#  11]+0.120*[#  24]+0.120*[#  32]+0.091*[#  23]+0.084*[#  10]
          +0.084*[#  30]+0.069*[#  13]+0.069*[#  33]+0.062*[#  20]+0.029*[#  12]
          +0.029*[#  14]+0.029*[#  21]+0.029*[#  22]+0.029*[#  31]+0.029*[#  34]
          
    |psi|^2 = 0.995
==== e(  26) =    14.61699 eV ==== 
     psi = 0.109*[#  23]+0.105*[#  11]+0.105*[#  24]+0.105*[#  32]+0.087*[#  10]
          +0.087*[#  30]+0.046*[#  12]+0.046*[#  14]+0.046*[#  21]+0.046*[#  22]
          +0.046*[#  31]+0.046*[#  34]+0.044*[#  13]+0.044*[#  33]+0.022*[#  20]
          +0.002*[#   6]+0.002*[#  16]+0.002*[#  26]+0.001*[#   2]+0.001*[#   3]
          +0.001*[#   4]
    |psi|^2 = 0.992
==== e(  27) =    14.82800 eV ==== 
     psi = 0.271*[#  20]+0.210*[#  13]+0.210*[#  33]+0.089*[#  10]+0.089*[#  30]
          +0.029*[#  23]+0.010*[#  12]+0.010*[#  14]+0.010*[#  21]+0.010*[#  22]
          +0.010*[#  31]+0.010*[#  34]+0.007*[#   6]+0.007*[#  16]+0.007*[#  26]
          +0.003*[#  11]+0.003*[#  24]+0.003*[#  32]+0.001*[#   1]
    |psi|^2 = 0.994
==== e(  28) =    15.23096 eV ==== 
     psi = 0.087*[#  20]+0.082*[#   1]+0.074*[#  11]+0.074*[#  24]+0.074*[#  32]
          +0.069*[#  13]+0.069*[#  33]+0.045*[#  12]+0.045*[#  14]+0.045*[#  21]
          +0.045*[#  22]+0.045*[#  31]+0.045*[#  34]+0.033*[#  10]+0.033*[#  30]
          +0.021*[#   6]+0.021*[#  16]+0.021*[#  26]+0.015*[#  23]+0.006*[#   2]
          +0.006*[#   3]+0.006*[#   4]
    |psi|^2 = 0.962
==== e(  29) =    15.37654 eV ==== 
     psi = 0.117*[#  12]+0.117*[#  14]+0.117*[#  21]+0.117*[#  22]+0.117*[#  31]
          +0.117*[#  34]+0.070*[#  23]+0.055*[#  10]+0.055*[#  30]+0.024*[#  13]
          +0.024*[#  33]+0.014*[#   1]+0.009*[#  11]+0.009*[#  24]+0.009*[#  32]
          +0.008*[#  20]+0.004*[#   6]+0.004*[#  16]+0.004*[#  26]
    |psi|^2 = 0.989
==== e(  30) =    17.08290 eV ==== 
     psi = 0.089*[#   2]+0.089*[#   3]+0.089*[#   4]+0.060*[#   1]+0.043*[#  12]
          +0.043*[#  14]+0.043*[#  21]+0.043*[#  22]+0.043*[#  31]+0.043*[#  34]
          +0.042*[#  23]+0.039*[#   6]+0.039*[#  16]+0.039*[#  26]+0.037*[#  10]
          +0.037*[#  30]+0.026*[#  13]+0.026*[#  33]+0.021*[#  20]+0.017*[#  11]
          +0.017*[#  24]+0.017*[#  32]
    |psi|^2 = 0.949
==== e(  31) =    18.58797 eV ==== 
     psi = 0.154*[#   2]+0.154*[#   3]+0.154*[#   4]+0.028*[#   6]+0.028*[#  16]
          +0.028*[#  26]+0.023*[#  23]+0.020*[#  10]+0.020*[#  30]+0.015*[#  11]
          +0.015*[#  24]+0.015*[#  32]+0.014*[#  12]+0.014*[#  14]+0.014*[#  21]
          +0.014*[#  22]+0.014*[#  31]+0.014*[#  34]+0.014*[#  13]+0.014*[#  33]
          +0.011*[#  20]+0.006*[#   1]+0.002*[#   5]+0.002*[#  15]+0.002*[#  25]
          
    |psi|^2 = 0.790
==== e(  32) =    19.98194 eV ==== 
     psi = 0.164*[#   1]+0.118*[#   6]+0.118*[#  16]+0.118*[#  26]+0.059*[#   2]
          +0.059*[#   3]+0.059*[#   4]+0.023*[#  11]+0.023*[#  24]+0.023*[#  32]
          +0.017*[#  12]+0.017*[#  14]+0.017*[#  21]+0.017*[#  22]+0.017*[#  31]
          +0.017*[#  34]+0.002*[#   5]+0.002*[#  15]+0.002*[#  25]+0.001*[#  20]
          +0.001*[#  13]+0.001*[#  33]
    |psi|^2 = 0.875
==== e(  33) =    22.01399 eV ==== 
     psi = 0.084*[#   6]+0.084*[#  16]+0.084*[#  26]+0.055*[#   2]+0.055*[#   3]
          +0.055*[#   4]+0.040*[#   1]+0.010*[#  11]+0.010*[#  24]+0.010*[#  32]
          +0.007*[#  12]+0.007*[#  14]+0.007*[#  21]+0.007*[#  22]+0.007*[#  31]
          +0.007*[#  34]+0.003*[#   5]+0.003*[#  15]+0.003*[#  25]+0.001*[#  10]
          +0.001*[#  13]+0.001*[#  20]+0.001*[#  23]+0.001*[#  30]+0.001*[#  33]
          
    |psi|^2 = 0.547
==== e(  34) =    24.39771 eV ==== 
     psi = 0.035*[#   1]+0.024*[#   6]+0.024*[#  16]+0.024*[#  26]+0.012*[#   2]
          +0.012*[#   3]+0.012*[#   4]+0.004*[#  11]+0.004*[#  24]+0.004*[#  32]
          +0.002*[#  12]+0.002*[#  14]+0.002*[#  21]+0.002*[#  22]+0.002*[#  31]
          +0.002*[#  34]+0.002*[#  23]+0.001*[#  10]+0.001*[#  30]
    |psi|^2 = 0.176
==== e(  35) =    24.83642 eV ==== 
     psi = 0.097*[#   2]+0.097*[#   3]+0.097*[#   4]+0.094*[#   6]+0.094*[#  16]
          +0.094*[#  26]+0.010*[#   1]+0.009*[#  11]+0.009*[#  24]+0.009*[#  32]
          +0.003*[#  20]+0.003*[#   5]+0.003*[#  13]+0.003*[#  15]+0.003*[#  25]
          +0.003*[#  33]+0.002*[#  10]+0.002*[#  30]+0.002*[#  23]+0.001*[#  12]
          +0.001*[#  14]+0.001*[#  21]+0.001*[#  22]+0.001*[#  31]+0.001*[#  34]
          
    |psi|^2 = 0.642

 k =   0.1250000000  0.2500000000 -0.5000000000
==== e(   1) =   -87.42991 eV ==== 
     psi = 0.317*[#   5]+0.317*[#  15]+0.317*[#  25]+0.016*[#   2]+0.016*[#   3]
          +0.016*[#   4]
    |psi|^2 = 1.000
==== e(   2) =   -87.42385 eV ==== 
     psi = 0.326*[#   5]+0.326*[#  15]+0.326*[#  25]+0.006*[#   2]+0.006*[#   3]
          +0.006*[#   4]+0.003*[#   1]
    |psi|^2 = 1.000
==== e(   3) =   -87.41777 eV ==== 
     psi = 0.330*[#   5]+0.330*[#  15]+0.330*[#  25]+0.003*[#   6]+0.003*[#  16]
          +0.003*[#  26]
    |psi|^2 = 1.000
==== e(   4) =   -47.86610 eV ==== 
     psi = 0.166*[#   7]+0.166*[#   8]+0.166*[#  18]+0.166*[#  19]+0.166*[#  27]
          +0.166*[#  29]+0.003*[#   1]
    |psi|^2 = 1.000
==== e(   5) =   -47.86278 eV ==== 
     psi = 0.141*[#   9]+0.141*[#  17]+0.141*[#  28]+0.096*[#   7]+0.096*[#   8]
          +0.096*[#  18]+0.096*[#  19]+0.096*[#  27]+0.096*[#  29]
    |psi|^2 = 1.000
==== e(   6) =   -47.84694 eV ==== 
     psi = 0.166*[#   7]+0.166*[#   8]+0.166*[#  18]+0.166*[#  19]+0.166*[#  27]
          +0.166*[#  29]+0.001*[#   2]+0.001*[#   3]+0.001*[#   4]
    |psi|^2 = 1.000
==== e(   7) =   -47.82823 eV ==== 
     psi = 0.119*[#   7]+0.119*[#   8]+0.119*[#  18]+0.119*[#  19]+0.119*[#  27]
          +0.119*[#  29]+0.094*[#   9]+0.094*[#  17]+0.094*[#  28]
    |psi|^2 = 1.000
==== e(   8) =   -47.81708 eV ==== 
     psi = 0.185*[#   9]+0.185*[#  17]+0.185*[#  28]+0.073*[#   7]+0.073*[#   8]
          +0.073*[#  18]+0.073*[#  19]+0.073*[#  27]+0.073*[#  29]
    |psi|^2 = 1.000
==== e(   9) =   -47.80576 eV ==== 
     psi = 0.166*[#   7]+0.166*[#   8]+0.166*[#  18]+0.166*[#  19]+0.166*[#  27]
          +0.166*[#  29]
    |psi|^2 = 1.000
==== e(  10) =   -47.78703 eV ==== 
     psi = 0.167*[#   7]+0.167*[#   8]+0.167*[#  18]+0.167*[#  19]+0.167*[#  27]
          +0.167*[#  29]
    |psi|^2 = 1.000
==== e(  11) =   -47.75902 eV ==== 
     psi = 0.268*[#   9]+0.268*[#  17]+0.268*[#  28]+0.033*[#   7]+0.033*[#   8]
          +0.033*[#  18]+0.033*[#  19]+0.033*[#  27]+0.033*[#  29]
    |psi|^2 = 1.000
==== e(  12) =   -47.74179 eV ==== 
     psi = 0.311*[#   9]+0.311*[#  17]+0.311*[#  28]+0.011*[#   7]+0.011*[#   8]
          +0.011*[#  18]+0.011*[#  19]+0.011*[#  27]+0.011*[#  29]
    |psi|^2 = 1.000
==== e(  13) =     8.79123 eV ==== 
     psi = 0.486*[#   1]+0.090*[#   6]+0.090*[#  16]+0.090*[#  26]+0.045*[#   2]
          +0.045*[#   3]+0.045*[#   4]+0.018*[#  11]+0.018*[#  24]+0.018*[#  32]
          +0.009*[#  20]+0.007*[#  13]+0.007*[#  33]+0.002*[#  10]+0.002*[#  30]
          +0.002*[#  12]+0.002*[#  14]+0.002*[#  21]+0.002*[#  22]+0.002*[#  31]
          +0.002*[#  34]+0.002*[#   5]+0.002*[#  15]+0.002*[#  25]
    |psi|^2 = 0.993
==== e(  14) =     9.64717 eV ==== 
     psi = 0.151*[#   2]+0.151*[#   3]+0.151*[#   4]+0.140*[#   6]+0.140*[#  16]
          +0.140*[#  26]+0.018*[#  23]+0.014*[#  10]+0.014*[#  30]+0.007*[#  12]
          +0.007*[#  14]+0.007*[#  21]+0.007*[#  22]+0.007*[#  31]+0.007*[#  34]
          +0.007*[#   5]+0.007*[#  15]+0.007*[#  25]+0.005*[#  13]+0.005*[#  33]
          
    |psi|^2 = 0.998
==== e(  15) =    11.85237 eV ==== 
     psi = 0.141*[#  11]+0.141*[#  24]+0.141*[#  32]+0.066*[#   1]+0.062*[#   2]
          +0.062*[#   3]+0.062*[#   4]+0.040*[#  12]+0.040*[#  14]+0.040*[#  21]
          +0.040*[#  22]+0.040*[#  31]+0.040*[#  34]+0.016*[#   6]+0.016*[#  16]
          +0.016*[#  26]+0.008*[#  23]+0.006*[#  10]+0.006*[#  30]+0.002*[#  13]
          +0.002*[#  33]
    |psi|^2 = 0.991
==== e(  16) =    12.47088 eV ==== 
     psi = 0.214*[#  20]+0.172*[#  13]+0.172*[#  33]+0.087*[#  10]+0.087*[#  30]
          +0.044*[#  23]+0.037*[#   6]+0.037*[#  16]+0.037*[#  26]+0.011*[#   2]
          +0.011*[#   3]+0.011*[#   4]+0.008*[#  12]+0.008*[#  14]+0.008*[#  21]
          +0.008*[#  22]+0.008*[#  31]+0.008*[#  34]
    |psi|^2 = 0.971
==== e(  17) =    12.64590 eV ==== 
     psi = 0.156*[#  11]+0.156*[#  24]+0.156*[#  32]+0.082*[#   2]+0.082*[#   3]
          +0.082*[#   4]+0.041*[#  23]+0.031*[#  10]+0.031*[#  30]+0.023*[#  12]
          +0.023*[#  14]+0.023*[#  21]+0.023*[#  22]+0.023*[#  31]+0.023*[#  34]
          +0.010*[#  13]+0.010*[#  33]+0.005*[#   1]
    |psi|^2 = 0.987
==== e(  18) =    12.95809 eV ==== 
     psi = 0.152*[#  12]+0.152*[#  14]+0.152*[#  21]+0.152*[#  22]+0.152*[#  31]
          +0.152*[#  34]+0.014*[#  20]+0.011*[#  13]+0.011*[#  33]+0.005*[#   6]
          +0.005*[#  16]+0.005*[#  26]+0.005*[#  10]+0.005*[#  30]+0.002*[#  23]
          
    |psi|^2 = 0.975
==== e(  19) =    13.07530 eV ==== 
     psi = 0.128*[#  12]+0.128*[#  14]+0.128*[#  21]+0.128*[#  22]+0.128*[#  31]
          +0.128*[#  34]+0.036*[#  23]+0.032*[#   6]+0.032*[#  16]+0.032*[#  26]
          +0.027*[#  10]+0.027*[#  30]+0.010*[#  13]+0.010*[#  33]+0.001*[#  20]
          
    |psi|^2 = 0.978
==== e(  20) =    13.27044 eV ==== 
     psi = 0.190*[#  23]+0.146*[#  10]+0.146*[#  30]+0.058*[#  13]+0.058*[#  33]
          +0.045*[#  12]+0.045*[#  14]+0.045*[#  21]+0.045*[#  22]+0.045*[#  31]
          +0.045*[#  34]+0.027*[#  11]+0.027*[#  24]+0.027*[#  32]+0.014*[#  20]
          +0.003*[#   2]+0.003*[#   3]+0.003*[#   4]+0.001*[#   6]+0.001*[#  16]
          +0.001*[#  26]
    |psi|^2 = 0.979
==== e(  21) =    13.59231 eV ==== 
     psi = 0.106*[#  12]+0.106*[#  14]+0.106*[#  21]+0.106*[#  22]+0.106*[#  31]
          +0.106*[#  34]+0.092*[#  23]+0.074*[#  10]+0.074*[#  30]+0.036*[#  13]
          +0.036*[#  33]+0.017*[#  20]+0.003*[#   2]+0.003*[#   3]+0.003*[#   4]
          
    |psi|^2 = 0.977
==== e(  22) =    13.60223 eV ==== 
     psi = 0.092*[#  11]+0.092*[#  24]+0.092*[#  32]+0.083*[#  12]+0.083*[#  14]
          +0.083*[#  21]+0.083*[#  22]+0.083*[#  31]+0.083*[#  34]+0.039*[#  20]
          +0.035*[#  13]+0.035*[#  33]+0.027*[#  10]+0.027*[#  30]+0.023*[#  23]
          +0.005*[#   1]+0.004*[#   2]+0.004*[#   3]+0.004*[#   4]
    |psi|^2 = 0.978
==== e(  23) =    14.26568 eV ==== 
     psi = 0.142*[#  11]+0.142*[#  24]+0.142*[#  32]+0.140*[#  20]+0.108*[#  13]
          +0.108*[#  33]+0.044*[#  10]+0.044*[#  30]+0.017*[#  12]+0.017*[#  14]
          +0.017*[#  21]+0.017*[#  22]+0.017*[#  31]+0.017*[#  34]+0.012*[#  23]
          
    |psi|^2 = 0.988
==== e(  24) =    14.36755 eV ==== 
     psi = 0.191*[#  23]+0.152*[#  10]+0.152*[#  30]+0.076*[#  13]+0.076*[#  33]
          +0.039*[#  12]+0.039*[#  14]+0.039*[#  21]+0.039*[#  22]+0.039*[#  31]
          +0.039*[#  34]+0.038*[#  20]+0.017*[#   6]+0.017*[#  16]+0.017*[#  26]
          +0.002*[#   2]+0.002*[#   3]+0.002*[#   4]
    |psi|^2 = 0.978
==== e(  25) =    14.51583 eV ==== 
     psi = 0.171*[#  23]+0.148*[#  10]+0.148*[#  30]+0.102*[#  13]+0.102*[#  33]
          +0.079*[#  20]+0.034*[#  12]+0.034*[#  14]+0.034*[#  21]+0.034*[#  22]
          +0.034*[#  31]+0.034*[#  34]+0.009*[#   6]+0.009*[#  16]+0.009*[#  26]
          
    |psi|^2 = 0.984
==== e(  26) =    14.61644 eV ==== 
     psi = 0.223*[#  11]+0.223*[#  24]+0.223*[#  32]+0.051*[#  12]+0.051*[#  14]
          +0.051*[#  21]+0.051*[#  22]+0.051*[#  31]+0.051*[#  34]+0.006*[#  23]
          +0.004*[#  10]+0.004*[#  30]+0.001*[#  13]+0.001*[#  33]
    |psi|^2 = 0.992
==== e(  27) =    14.81240 eV ==== 
     psi = 0.261*[#  20]+0.203*[#  13]+0.203*[#  33]+0.087*[#  10]+0.087*[#  30]
          +0.029*[#  23]+0.015*[#  12]+0.015*[#  14]+0.015*[#  21]+0.015*[#  22]
          +0.015*[#  31]+0.015*[#  34]+0.010*[#   6]+0.010*[#  16]+0.010*[#  26]
          
    |psi|^2 = 0.994
==== e(  28) =    14.98884 eV ==== 
     psi = 0.126*[#  20]+0.109*[#  11]+0.109*[#  24]+0.109*[#  32]+0.094*[#  13]
          +0.094*[#  33]+0.040*[#   1]+0.035*[#  12]+0.035*[#  14]+0.035*[#  21]
          +0.035*[#  22]+0.035*[#  31]+0.035*[#  34]+0.032*[#  10]+0.032*[#  30]
          +0.006*[#   6]+0.006*[#  16]+0.006*[#  26]+0.004*[#   2]+0.004*[#   3]
          +0.004*[#   4]
    |psi|^2 = 0.984
==== e(  29) =    15.31535 eV ==== 
     psi = 0.132*[#  12]+0.132*[#  14]+0.132*[#  21]+0.132*[#  22]+0.132*[#  31]
          +0.132*[#  34]+0.061*[#  23]+0.047*[#  10]+0.047*[#  30]+0.020*[#  13]
          +0.020*[#  33]+0.006*[#  20]+0.001*[#   6]+0.001*[#  16]+0.001*[#  26]
          
    |psi|^2 = 0.996
==== e(  30) =    17.76978 eV ==== 
     psi = 0.144*[#   2]+0.144*[#   3]+0.144*[#   4]+0.089*[#   1]+0.047*[#  23]
          +0.036*[#  10]+0.036*[#  30]+0.034*[#  11]+0.034*[#  24]+0.034*[#  32]
          +0.024*[#  12]+0.024*[#  14]+0.024*[#  21]+0.024*[#  22]+0.024*[#  31]
          +0.024*[#  34]+0.013*[#  13]+0.013*[#  33]+0.007*[#   6]+0.007*[#  16]
          +0.007*[#  26]+0.002*[#  20]
    |psi|^2 = 0.934
==== e(  31) =    18.01709 eV ==== 
     psi = 0.110*[#   6]+0.110*[#  16]+0.110*[#  26]+0.072*[#   2]+0.072*[#   3]
          +0.072*[#   4]+0.025*[#  20]+0.024*[#  12]+0.024*[#  14]+0.024*[#  21]
          +0.024*[#  22]+0.024*[#  31]+0.024*[#  34]+0.023*[#  13]+0.023*[#  33]
          +0.018*[#  10]+0.018*[#  30]+0.016*[#  23]+0.004*[#   5]+0.004*[#  15]
          +0.004*[#  25]
    |psi|^2 = 0.830
==== e(  32) =    20.34315 eV ==== 
     psi = 0.236*[#   1]+0.128*[#   2]+0.128*[#   3]+0.128*[#   4]+0.042*[#   6]
          +0.042*[#  16]+0.042*[#  26]+0.037*[#  11]+0.037*[#  24]+0.037*[#  32]
          +0.010*[#  12]+0.010*[#  14]+0.010*[#  21]+0.010*[#  22]+0.010*[#  31]
          +0.010*[#  34]+0.002*[#  23]+0.002*[#  10]+0.002*[#  30]
    |psi|^2 = 0.922
==== e(  33) =    20.90659 eV ==== 
     psi = 0.141*[#   6]+0.141*[#  16]+0.141*[#  26]+0.018*[#   2]+0.018*[#   3]
          +0.018*[#   4]+0.015*[#  12]+0.015*[#  14]+0.015*[#  21]+0.015*[#  22]
          +0.015*[#  31]+0.015*[#  34]+0.003*[#   5]+0.003*[#  15]+0.003*[#  20]
          +0.003*[#  25]+0.003*[#  13]+0.003*[#  33]+0.002*[#  10]+0.002*[#  30]
          +0.001*[#  23]
    |psi|^2 = 0.590
==== e(  34) =    24.78271 eV ==== 
     psi = 0.035*[#   1]+0.011*[#   2]+0.011*[#   3]+0.011*[#   4]+0.005*[#   6]
          +0.005*[#  16]+0.005*[#  26]+0.004*[#  11]+0.004*[#  24]+0.004*[#  32]
          +0.001*[#  23]+0.001*[#  10]+0.001*[#  12]+0.001*[#  14]+0.001*[#  21]
          +0.001*[#  22]+0.001*[#  30]+0.001*[#  31]+0.001*[#  34]
    |psi|^2 = 0.107
==== e(  35) =    25.44607 eV ==== 
     psi = 0.108*[#   2]+0.108*[#   3]+0.108*[#   4]+0.077*[#   6]+0.077*[#  16]
          +0.077*[#  26]+0.013*[#  11]+0.013*[#  24]+0.013*[#  32]+0.003*[#   5]
          +0.003*[#  15]+0.003*[#  25]+0.001*[#  12]+0.001*[#  14]+0.001*[#  21]
          +0.001*[#  22]+0.001*[#  31]+0.001*[#  34]
    |psi|^2 = 0.616

 k =   0.1250000000  0.3750000000  0.3750000000
==== e(   1) =   -87.42923 eV ==== 
     psi = 0.321*[#   5]+0.321*[#  15]+0.321*[#  25]+0.012*[#   2]+0.012*[#   3]
          +0.012*[#   4]
    |psi|^2 = 1.000
==== e(   2) =   -87.42248 eV ==== 
     psi = 0.324*[#   5]+0.324*[#  15]+0.324*[#  25]+0.007*[#   2]+0.007*[#   3]
          +0.007*[#   4]+0.002*[#   6]+0.002*[#  16]+0.002*[#  26]
    |psi|^2 = 1.000
==== e(   3) =   -87.41983 eV ==== 
     psi = 0.331*[#   5]+0.331*[#  15]+0.331*[#  25]+0.002*[#   6]+0.002*[#  16]
          +0.002*[#  26]
    |psi|^2 = 1.000
==== e(   4) =   -47.87621 eV ==== 
     psi = 0.151*[#   7]+0.151*[#   8]+0.151*[#  18]+0.151*[#  19]+0.151*[#  27]
          +0.151*[#  29]+0.030*[#   9]+0.030*[#  17]+0.030*[#  28]+0.003*[#   1]
          
    |psi|^2 = 1.000
==== e(   5) =   -47.86059 eV ==== 
     psi = 0.119*[#   9]+0.119*[#  17]+0.119*[#  28]+0.107*[#   7]+0.107*[#   8]
          +0.107*[#  18]+0.107*[#  19]+0.107*[#  27]+0.107*[#  29]
    |psi|^2 = 1.000
==== e(   6) =   -47.84632 eV ==== 
     psi = 0.164*[#   7]+0.164*[#   8]+0.164*[#  18]+0.164*[#  19]+0.164*[#  27]
          +0.164*[#  29]+0.004*[#   9]+0.004*[#  17]+0.004*[#  28]+0.002*[#   2]
          +0.002*[#   3]+0.002*[#   4]
    |psi|^2 = 1.000
==== e(   7) =   -47.83046 eV ==== 
     psi = 0.180*[#   9]+0.180*[#  17]+0.180*[#  28]+0.076*[#   7]+0.076*[#   8]
          +0.076*[#  18]+0.076*[#  19]+0.076*[#  27]+0.076*[#  29]
    |psi|^2 = 1.000
==== e(   8) =   -47.81427 eV ==== 
     psi = 0.137*[#   7]+0.137*[#   8]+0.137*[#  18]+0.137*[#  19]+0.137*[#  27]
          +0.137*[#  29]+0.059*[#   9]+0.059*[#  17]+0.059*[#  28]
    |psi|^2 = 1.000
==== e(   9) =   -47.80833 eV ==== 
     psi = 0.162*[#   7]+0.162*[#   8]+0.162*[#  18]+0.162*[#  19]+0.162*[#  27]
          +0.162*[#  29]+0.008*[#   9]+0.008*[#  17]+0.008*[#  28]
    |psi|^2 = 1.000
==== e(  10) =   -47.78019 eV ==== 
     psi = 0.165*[#   7]+0.165*[#   8]+0.165*[#  18]+0.165*[#  19]+0.165*[#  27]
          +0.165*[#  29]+0.004*[#   9]+0.004*[#  17]+0.004*[#  28]
    |psi|^2 = 1.000
==== e(  11) =   -47.76360 eV ==== 
     psi = 0.277*[#   9]+0.277*[#  17]+0.277*[#  28]+0.028*[#   7]+0.028*[#   8]
          +0.028*[#  18]+0.028*[#  19]+0.028*[#  27]+0.028*[#  29]
    |psi|^2 = 1.000
==== e(  12) =   -47.73604 eV ==== 
     psi = 0.317*[#   9]+0.317*[#  17]+0.317*[#  28]+0.008*[#   7]+0.008*[#   8]
          +0.008*[#  18]+0.008*[#  19]+0.008*[#  27]+0.008*[#  29]
    |psi|^2 = 1.000
==== e(  13) =     8.77940 eV ==== 
     psi = 0.362*[#   1]+0.099*[#   6]+0.099*[#  16]+0.099*[#  26]+0.077*[#   2]
          +0.077*[#   3]+0.077*[#   4]+0.018*[#  11]+0.018*[#  24]+0.018*[#  32]
          +0.004*[#   5]+0.004*[#  15]+0.004*[#  25]+0.004*[#  20]+0.003*[#  12]
          +0.003*[#  14]+0.003*[#  21]+0.003*[#  22]+0.003*[#  31]+0.003*[#  34]
          +0.003*[#  13]+0.003*[#  33]+0.002*[#  10]+0.002*[#  30]
    |psi|^2 = 0.994
==== e(  14) =    10.98491 eV ==== 
     psi = 0.230*[#   1]+0.087*[#  11]+0.087*[#  24]+0.087*[#  32]+0.060*[#   2]
          +0.060*[#   3]+0.060*[#   4]+0.054*[#   6]+0.054*[#  16]+0.054*[#  26]
          +0.016*[#  12]+0.016*[#  14]+0.016*[#  21]+0.016*[#  22]+0.016*[#  31]
          +0.016*[#  34]+0.010*[#  23]+0.009*[#  10]+0.009*[#  30]+0.007*[#  13]
          +0.007*[#  33]+0.006*[#  20]+0.002*[#   5]+0.002*[#  15]+0.002*[#  25]
          
    |psi|^2 = 0.984
==== e(  15) =    11.00061 eV ==== 
     psi = 0.152*[#   2]+0.152*[#   3]+0.152*[#   4]+0.078*[#   6]+0.078*[#  16]
          +0.078*[#  26]+0.033*[#  23]+0.028*[#  12]+0.028*[#  14]+0.028*[#  21]
          +0.028*[#  22]+0.028*[#  31]+0.028*[#  34]+0.027*[#  10]+0.027*[#  30]
          +0.015*[#  13]+0.015*[#  33]+0.010*[#  20]+0.002*[#   5]+0.002*[#  15]
          +0.002*[#  25]
    |psi|^2 = 0.997
==== e(  16) =    12.43529 eV ==== 
     psi = 0.088*[#  20]+0.078*[#   6]+0.078*[#  16]+0.078*[#  26]+0.066*[#  13]
          +0.066*[#  33]+0.062*[#  11]+0.062*[#  24]+0.062*[#  32]+0.039*[#  12]
          +0.039*[#  14]+0.039*[#  21]+0.039*[#  22]+0.039*[#  31]+0.039*[#  34]
          +0.023*[#  10]+0.023*[#  30]+0.018*[#   2]+0.018*[#   3]+0.018*[#   4]
          +0.001*[#   1]+0.001*[#  23]
    |psi|^2 = 0.973
==== e(  17) =    12.61079 eV ==== 
     psi = 0.138*[#  11]+0.138*[#  24]+0.138*[#  32]+0.065*[#   2]+0.065*[#   3]
          +0.065*[#   4]+0.033*[#  23]+0.032*[#  10]+0.032*[#  30]+0.031*[#  13]
          +0.031*[#  33]+0.030*[#  20]+0.028*[#  12]+0.028*[#  14]+0.028*[#  21]
          +0.028*[#  22]+0.028*[#  31]+0.028*[#  34]+0.009*[#   1]+0.004*[#   6]
          +0.004*[#  16]+0.004*[#  26]
    |psi|^2 = 0.988
==== e(  18) =    12.90023 eV ==== 
     psi = 0.085*[#  20]+0.081*[#  13]+0.081*[#  33]+0.074*[#  12]+0.074*[#  14]
          +0.074*[#  21]+0.074*[#  22]+0.074*[#  31]+0.074*[#  34]+0.073*[#  10]
          +0.073*[#  30]+0.068*[#  23]+0.012*[#  11]+0.012*[#  24]+0.012*[#  32]
          +0.010*[#   6]+0.010*[#  16]+0.010*[#  26]+0.003*[#   2]+0.003*[#   3]
          +0.003*[#   4]
    |psi|^2 = 0.979
==== e(  19) =    13.17083 eV ==== 
     psi = 0.117*[#  12]+0.117*[#  14]+0.117*[#  21]+0.117*[#  22]+0.117*[#  31]
          +0.117*[#  34]+0.040*[#  11]+0.040*[#  24]+0.040*[#  32]+0.023*[#  23]
          +0.019*[#  10]+0.019*[#  30]+0.012*[#   6]+0.012*[#  16]+0.012*[#  26]
          +0.011*[#  13]+0.011*[#  33]+0.006*[#  20]+0.006*[#   2]+0.006*[#   3]
          +0.006*[#   4]
    |psi|^2 = 0.966
==== e(  20) =    13.18459 eV ==== 
     psi = 0.097*[#  23]+0.089*[#  12]+0.089*[#  14]+0.089*[#  21]+0.089*[#  22]
          +0.089*[#  31]+0.089*[#  34]+0.081*[#  10]+0.081*[#  30]+0.050*[#  13]
          +0.050*[#  33]+0.034*[#  20]+0.007*[#   2]+0.007*[#   3]+0.007*[#   4]
          +0.006*[#  11]+0.006*[#  24]+0.006*[#  32]+0.005*[#   6]+0.005*[#  16]
          +0.005*[#  26]
    |psi|^2 = 0.984
==== e(  21) =    13.49231 eV ==== 
     psi = 0.116*[#  12]+0.116*[#  14]+0.116*[#  21]+0.116*[#  22]+0.116*[#  31]
          +0.116*[#  34]+0.074*[#  23]+0.056*[#  10]+0.056*[#  30]+0.019*[#  13]
          +0.019*[#  33]+0.016*[#  11]+0.016*[#  24]+0.016*[#  32]+0.005*[#   2]
          +0.005*[#   3]+0.005*[#   4]
    |psi|^2 = 0.985
==== e(  22) =    13.74545 eV ==== 
     psi = 0.090*[#  12]+0.090*[#  14]+0.090*[#  21]+0.090*[#  22]+0.090*[#  23]
          +0.090*[#  31]+0.090*[#  34]+0.075*[#  10]+0.075*[#  30]+0.044*[#  13]
          +0.044*[#  33]+0.029*[#  20]+0.018*[#  11]+0.018*[#  24]+0.018*[#  32]
          +0.005*[#   6]+0.005*[#  16]+0.005*[#  26]+0.002*[#   2]+0.002*[#   3]
          +0.002*[#   4]+0.001*[#   1]
    |psi|^2 = 0.975
==== e(  23) =    14.32110 eV ==== 
     psi = 0.248*[#  23]+0.188*[#  10]+0.188*[#  30]+0.070*[#  13]+0.070*[#  33]
          +0.035*[#  12]+0.035*[#  14]+0.035*[#  21]+0.035*[#  22]+0.035*[#  31]
          +0.035*[#  34]+0.011*[#  20]+0.002*[#  11]+0.002*[#  24]+0.002*[#  32]
          +0.002*[#   2]+0.002*[#   3]+0.002*[#   4]
    |psi|^2 = 0.995
==== e(  24) =    14.39603 eV ==== 
     psi = 0.112*[#  20]+0.089*[#  13]+0.089*[#  33]+0.085*[#  11]+0.085*[#  24]
          +0.085*[#  32]+0.053*[#  12]+0.053*[#  14]+0.053*[#  21]+0.053*[#  22]
          +0.053*[#  31]+0.053*[#  34]+0.042*[#  10]+0.042*[#  30]+0.019*[#  23]
          +0.003*[#   6]+0.003*[#  16]+0.003*[#  26]+0.001*[#   2]+0.001*[#   3]
          +0.001*[#   4]
    |psi|^2 = 0.977
==== e(  25) =    14.44865 eV ==== 
     psi = 0.228*[#  20]+0.187*[#  13]+0.187*[#  33]+0.105*[#  10]+0.105*[#  30]
          +0.064*[#  23]+0.028*[#  11]+0.028*[#  24]+0.028*[#  32]+0.006*[#  12]
          +0.006*[#  14]+0.006*[#  21]+0.006*[#  22]+0.006*[#  31]+0.006*[#  34]
          
    |psi|^2 = 0.995
==== e(  26) =    14.63652 eV ==== 
     psi = 0.274*[#  11]+0.274*[#  24]+0.274*[#  32]+0.018*[#  12]+0.018*[#  14]
          +0.018*[#  21]+0.018*[#  22]+0.018*[#  31]+0.018*[#  34]+0.013*[#  20]
          +0.012*[#  13]+0.012*[#  33]+0.009*[#  10]+0.009*[#  30]+0.008*[#  23]
          
    |psi|^2 = 0.998
==== e(  27) =    14.71034 eV ==== 
     psi = 0.202*[#  20]+0.161*[#  13]+0.161*[#  33]+0.079*[#  10]+0.079*[#  30]
          +0.039*[#   6]+0.039*[#  16]+0.039*[#  26]+0.037*[#  23]+0.020*[#  12]
          +0.020*[#  14]+0.020*[#  21]+0.020*[#  22]+0.020*[#  31]+0.020*[#  34]
          +0.005*[#  11]+0.005*[#  24]+0.005*[#  32]+0.001*[#   1]
    |psi|^2 = 0.978
==== e(  28) =    15.16986 eV ==== 
     psi = 0.127*[#  12]+0.127*[#  14]+0.127*[#  21]+0.127*[#  22]+0.127*[#  31]
          +0.127*[#  34]+0.070*[#  23]+0.053*[#  10]+0.053*[#  30]+0.019*[#  13]
          +0.019*[#  33]+0.003*[#  11]+0.003*[#  24]+0.003*[#  32]+0.002*[#  20]
          +0.002*[#   2]+0.002*[#   3]+0.002*[#   4]
    |psi|^2 = 0.998
==== e(  29) =    15.21873 eV ==== 
     psi = 0.128*[#  11]+0.128*[#  24]+0.128*[#  32]+0.124*[#   1]+0.078*[#  20]
          +0.061*[#  13]+0.061*[#  33]+0.030*[#   6]+0.030*[#  16]+0.030*[#  26]
          +0.027*[#  10]+0.027*[#  30]+0.010*[#  12]+0.010*[#  14]+0.010*[#  21]
          +0.010*[#  22]+0.010*[#  31]+0.010*[#  34]+0.010*[#  23]+0.007*[#   2]
          +0.007*[#   3]+0.007*[#   4]
    |psi|^2 = 0.946
==== e(  30) =    16.47566 eV ==== 
     psi = 0.070*[#  12]+0.070*[#  14]+0.070*[#  21]+0.070*[#  22]+0.070*[#  31]
          +0.070*[#  34]+0.068*[#  23]+0.066*[#   2]+0.066*[#   3]+0.066*[#   4]
          +0.059*[#  10]+0.059*[#  30]+0.043*[#  13]+0.043*[#  33]+0.034*[#  20]
          +0.022*[#   6]+0.022*[#  16]+0.022*[#  26]+0.002*[#  11]+0.002*[#  24]
          +0.002*[#  32]
    |psi|^2 = 0.995
==== e(  31) =    17.59492 eV ==== 
     psi = 0.108*[#   2]+0.108*[#   3]+0.108*[#   4]+0.059*[#   6]+0.059*[#  16]
          +0.059*[#  26]+0.036*[#  23]+0.031*[#  10]+0.031*[#  30]+0.030*[#   1]
          +0.027*[#  12]+0.027*[#  14]+0.027*[#  21]+0.027*[#  22]+0.027*[#  31]
          +0.027*[#  34]+0.020*[#  13]+0.020*[#  33]+0.016*[#  11]+0.016*[#  24]
          +0.016*[#  32]+0.015*[#  20]+0.002*[#   5]+0.002*[#  15]+0.002*[#  25]
          
    |psi|^2 = 0.906
==== e(  32) =    20.30716 eV ==== 
     psi = 0.159*[#   1]+0.095*[#   2]+0.095*[#   3]+0.095*[#   4]+0.079*[#   6]
          +0.079*[#  16]+0.079*[#  26]+0.027*[#  11]+0.027*[#  24]+0.027*[#  32]
          +0.014*[#  12]+0.014*[#  14]+0.014*[#  21]+0.014*[#  22]+0.014*[#  31]
          +0.014*[#  34]+0.001*[#  10]+0.002*[#  23]+0.001*[#  30]+0.001*[#  13]
          +0.001*[#  20]+0.001*[#  33]
    |psi|^2 = 0.856
==== e(  33) =    22.77455 eV ==== 
     psi = 0.119*[#   6]+0.119*[#  16]+0.119*[#  26]+0.040*[#   2]+0.040*[#   3]
          +0.040*[#   4]+0.009*[#  12]+0.009*[#  14]+0.009*[#  21]+0.009*[#  22]
          +0.009*[#  31]+0.009*[#  34]+0.003*[#   5]+0.003*[#  15]+0.003*[#  25]
          +0.001*[#  11]+0.001*[#  24]+0.001*[#  32]
    |psi|^2 = 0.544
==== e(  34) =    22.96102 eV ==== 
     psi = 0.073*[#   2]+0.073*[#   3]+0.073*[#   4]+0.049*[#   1]+0.027*[#   6]
          +0.027*[#  16]+0.027*[#  26]+0.018*[#  11]+0.018*[#  24]+0.018*[#  32]
          +0.004*[#  12]+0.004*[#  14]+0.004*[#  21]+0.004*[#  22]+0.004*[#  31]
          +0.004*[#  34]+0.001*[#  20]+0.001*[#   5]+0.001*[#  15]+0.001*[#  25]
          +0.001*[#  13]+0.001*[#  33]
    |psi|^2 = 0.431
==== e(  35) =    25.19833 eV ==== 
     psi = 0.046*[#   2]+0.046*[#   3]+0.046*[#   4]+0.043*[#   6]+0.043*[#  16]
          +0.043*[#  26]+0.016*[#   1]+0.006*[#  11]+0.006*[#  24]+0.006*[#  32]
          +0.002*[#  20]+0.002*[#  13]+0.002*[#  33]+0.002*[#  10]+0.002*[#  30]
          +0.002*[#  23]+0.001*[#   5]+0.001*[#  15]+0.001*[#  25]
    |psi|^2 = 0.319

 k =   0.1250000000  0.3750000000 -0.5000000000
==== e(   1) =   -87.42712 eV ==== 
     psi = 0.323*[#   5]+0.323*[#  15]+0.323*[#  25]+0.010*[#   2]+0.010*[#   3]
          +0.010*[#   4]
    |psi|^2 = 1.000
==== e(   2) =   -87.42384 eV ==== 
     psi = 0.324*[#   5]+0.324*[#  15]+0.324*[#  25]+0.008*[#   2]+0.008*[#   3]
          +0.008*[#   4]+0.001*[#   6]+0.001*[#  16]+0.001*[#  26]
    |psi|^2 = 1.000
==== e(   3) =   -87.42056 eV ==== 
     psi = 0.330*[#   5]+0.330*[#  15]+0.330*[#  25]+0.002*[#   6]+0.002*[#  16]
          +0.002*[#  26]+0.001*[#   2]+0.001*[#   3]+0.001*[#   4]
    |psi|^2 = 1.000
==== e(   4) =   -47.87746 eV ==== 
     psi = 0.166*[#   7]+0.166*[#   8]+0.166*[#  18]+0.166*[#  19]+0.166*[#  27]
          +0.166*[#  29]+0.003*[#   1]
    |psi|^2 = 1.000
==== e(   5) =   -47.85951 eV ==== 
     psi = 0.179*[#   9]+0.179*[#  17]+0.179*[#  28]+0.077*[#   7]+0.077*[#   8]
          +0.077*[#  18]+0.077*[#  19]+0.077*[#  27]+0.077*[#  29]
    |psi|^2 = 1.000
==== e(   6) =   -47.84736 eV ==== 
     psi = 0.166*[#   7]+0.166*[#   8]+0.166*[#  18]+0.166*[#  19]+0.166*[#  27]
          +0.166*[#  29]+0.001*[#   2]+0.001*[#   3]+0.001*[#   4]
    |psi|^2 = 1.000
==== e(   7) =   -47.83600 eV ==== 
     psi = 0.156*[#   9]+0.156*[#  17]+0.156*[#  28]+0.088*[#   7]+0.088*[#   8]
          +0.088*[#  18]+0.088*[#  19]+0.088*[#  27]+0.088*[#  29]
    |psi|^2 = 1.000
==== e(   8) =   -47.81240 eV ==== 
     psi = 0.146*[#   7]+0.146*[#   8]+0.146*[#  18]+0.146*[#  19]+0.146*[#  27]
          +0.146*[#  29]+0.040*[#   9]+0.040*[#  17]+0.040*[#  28]
    |psi|^2 = 1.000
==== e(   9) =   -47.80544 eV ==== 
     psi = 0.166*[#   7]+0.166*[#   8]+0.166*[#  18]+0.166*[#  19]+0.166*[#  27]
          +0.166*[#  29]
    |psi|^2 = 1.000
==== e(  10) =   -47.77611 eV ==== 
     psi = 0.167*[#   7]+0.167*[#   8]+0.167*[#  18]+0.167*[#  19]+0.167*[#  27]
          +0.167*[#  29]
    |psi|^2 = 1.000
==== e(  11) =   -47.76745 eV ==== 
     psi = 0.296*[#   9]+0.296*[#  17]+0.296*[#  28]+0.019*[#   7]+0.019*[#   8]
          +0.019*[#  18]+0.019*[#  19]+0.019*[#  27]+0.019*[#  29]
    |psi|^2 = 1.000
==== e(  12) =   -47.73472 eV ==== 
     psi = 0.327*[#   9]+0.327*[#  17]+0.327*[#  28]+0.003*[#   7]+0.003*[#   8]
          +0.003*[#  18]+0.003*[#  19]+0.003*[#  27]+0.003*[#  29]
    |psi|^2 = 1.000
==== e(  13) =     9.42666 eV ==== 
     psi = 0.512*[#   1]+0.050*[#   6]+0.050*[#  16]+0.050*[#  26]+0.049*[#   2]
          +0.049*[#   3]+0.049*[#   4]+0.045*[#  11]+0.045*[#  24]+0.045*[#  32]
          +0.005*[#  20]+0.004*[#  13]+0.004*[#  33]+0.003*[#  12]+0.003*[#  14]
          +0.003*[#  21]+0.003*[#  22]+0.003*[#  31]+0.003*[#  34]+0.002*[#  10]
          +0.002*[#  30]+0.001*[#   5]+0.001*[#  15]+0.001*[#  25]
    |psi|^2 = 0.989
==== e(  14) =    10.31337 eV ==== 
     psi = 0.149*[#   2]+0.149*[#   3]+0.149*[#   4]+0.121*[#   6]+0.121*[#  16]
          +0.121*[#  26]+0.020*[#  12]+0.020*[#  14]+0.020*[#  21]+0.020*[#  22]
          +0.020*[#  31]+0.020*[#  34]+0.015*[#  23]+0.012*[#  10]+0.012*[#  30]
          +0.006*[#  13]+0.006*[#  33]+0.004*[#   5]+0.004*[#  15]+0.004*[#  25]
          +0.003*[#  20]
    |psi|^2 = 0.997
==== e(  15) =    11.24503 eV ==== 
     psi = 0.103*[#   1]+0.100*[#   2]+0.100*[#   3]+0.100*[#   4]+0.073*[#  11]
          +0.073*[#  24]+0.073*[#  32]+0.039*[#   6]+0.039*[#  16]+0.039*[#  26]
          +0.033*[#  12]+0.033*[#  14]+0.033*[#  21]+0.033*[#  22]+0.033*[#  31]
          +0.033*[#  34]+0.013*[#  23]+0.010*[#  10]+0.010*[#  30]+0.005*[#  13]
          +0.005*[#  33]+0.002*[#  20]+0.001*[#   5]+0.001*[#  15]+0.001*[#  25]
          
    |psi|^2 = 0.991
==== e(  16) =    12.36666 eV ==== 
     psi = 0.116*[#   6]+0.116*[#  16]+0.116*[#  26]+0.084*[#  20]+0.064*[#  13]
          +0.064*[#  33]+0.053*[#  12]+0.053*[#  14]+0.053*[#  21]+0.053*[#  22]
          +0.053*[#  31]+0.053*[#  34]+0.025*[#  10]+0.025*[#  30]+0.010*[#   2]
          +0.010*[#   3]+0.010*[#   4]+0.005*[#  23]
    |psi|^2 = 0.968
==== e(  17) =    12.62558 eV ==== 
     psi = 0.225*[#  11]+0.225*[#  24]+0.225*[#  32]+0.073*[#   2]+0.073*[#   3]
          +0.073*[#   4]+0.016*[#   1]+0.012*[#  23]+0.009*[#  10]+0.009*[#  30]
          +0.007*[#  12]+0.007*[#  14]+0.007*[#  21]+0.007*[#  22]+0.007*[#  31]
          +0.007*[#  34]+0.003*[#  13]+0.003*[#  33]
    |psi|^2 = 0.993
==== e(  18) =    13.01826 eV ==== 
     psi = 0.087*[#  10]+0.087*[#  23]+0.087*[#  30]+0.086*[#  13]+0.086*[#  20]
          +0.086*[#  33]+0.070*[#  12]+0.070*[#  14]+0.070*[#  21]+0.070*[#  22]
          +0.070*[#  31]+0.070*[#  34]+0.008*[#   6]+0.008*[#  16]+0.008*[#  26]
          +0.006*[#   2]+0.006*[#   3]+0.006*[#   4]
    |psi|^2 = 0.981
==== e(  19) =    13.14568 eV ==== 
     psi = 0.130*[#  12]+0.130*[#  14]+0.130*[#  21]+0.130*[#  22]+0.130*[#  31]
          +0.130*[#  34]+0.021*[#  20]+0.020*[#   6]+0.020*[#  16]+0.020*[#  26]
          +0.019*[#  13]+0.019*[#  33]+0.015*[#  10]+0.015*[#  30]+0.014*[#  23]
          +0.003*[#   2]+0.003*[#   3]+0.003*[#   4]
    |psi|^2 = 0.952
==== e(  20) =    13.19500 eV ==== 
     psi = 0.137*[#  23]+0.113*[#  10]+0.113*[#  30]+0.066*[#  13]+0.066*[#  33]
          +0.061*[#  12]+0.061*[#  14]+0.061*[#  21]+0.061*[#  22]+0.061*[#  31]
          +0.061*[#  34]+0.042*[#  20]+0.013*[#  11]+0.013*[#  24]+0.013*[#  32]
          +0.012*[#   2]+0.012*[#   3]+0.012*[#   4]+0.003*[#   6]+0.003*[#  16]
          +0.003*[#  26]
    |psi|^2 = 0.990
==== e(  21) =    13.65801 eV ==== 
     psi = 0.118*[#  12]+0.118*[#  14]+0.118*[#  21]+0.118*[#  22]+0.118*[#  31]
          +0.118*[#  34]+0.069*[#  23]+0.056*[#  10]+0.056*[#  30]+0.029*[#  13]
          +0.029*[#  33]+0.016*[#  20]+0.004*[#   2]+0.004*[#   3]+0.004*[#   4]
          
    |psi|^2 = 0.979
==== e(  22) =    13.66665 eV ==== 
     psi = 0.114*[#  12]+0.114*[#  14]+0.114*[#  21]+0.114*[#  22]+0.114*[#  31]
          +0.114*[#  34]+0.051*[#  23]+0.042*[#  10]+0.042*[#  30]+0.026*[#  11]
          +0.026*[#  24]+0.026*[#  32]+0.024*[#  13]+0.024*[#  33]+0.015*[#  20]
          +0.005*[#   2]+0.005*[#   3]+0.005*[#   4]+0.003*[#   1]
    |psi|^2 = 0.978
==== e(  23) =    14.22161 eV ==== 
     psi = 0.254*[#  23]+0.192*[#  10]+0.192*[#  30]+0.067*[#  13]+0.067*[#  33]
          +0.035*[#  12]+0.035*[#  14]+0.035*[#  21]+0.035*[#  22]+0.035*[#  31]
          +0.035*[#  34]+0.005*[#  20]+0.001*[#   6]+0.001*[#  16]+0.001*[#  26]
          
    |psi|^2 = 0.994
==== e(  24) =    14.33094 eV ==== 
     psi = 0.177*[#  20]+0.144*[#  13]+0.144*[#  33]+0.077*[#  10]+0.077*[#  30]
          +0.066*[#  11]+0.066*[#  24]+0.066*[#  32]+0.044*[#  23]+0.020*[#  12]
          +0.020*[#  14]+0.020*[#  21]+0.020*[#  22]+0.020*[#  31]+0.020*[#  34]
          +0.001*[#   2]+0.001*[#   3]+0.001*[#   4]
    |psi|^2 = 0.986
==== e(  25) =    14.48646 eV ==== 
     psi = 0.204*[#  20]+0.171*[#  13]+0.171*[#  33]+0.105*[#  10]+0.105*[#  30]
          +0.072*[#  23]+0.022*[#  12]+0.022*[#  14]+0.022*[#  21]+0.022*[#  22]
          +0.022*[#  31]+0.022*[#  34]+0.007*[#   6]+0.007*[#  16]+0.007*[#  26]
          
    |psi|^2 = 0.985
==== e(  26) =    14.61723 eV ==== 
     psi = 0.199*[#  20]+0.155*[#  13]+0.155*[#  33]+0.069*[#  10]+0.069*[#  30]
          +0.062*[#   6]+0.062*[#  16]+0.062*[#  26]+0.025*[#  23]+0.020*[#  12]
          +0.020*[#  14]+0.020*[#  21]+0.020*[#  22]+0.020*[#  31]+0.020*[#  34]
          
    |psi|^2 = 0.979
==== e(  27) =    14.66764 eV ==== 
     psi = 0.300*[#  11]+0.300*[#  24]+0.300*[#  32]+0.014*[#  12]+0.014*[#  14]
          +0.014*[#  21]+0.014*[#  22]+0.014*[#  31]+0.014*[#  34]+0.003*[#  23]
          +0.002*[#  10]+0.002*[#  30]+0.002*[#  13]+0.002*[#  33]+0.001*[#  20]
          
    |psi|^2 = 0.997
==== e(  28) =    15.04765 eV ==== 
     psi = 0.171*[#  11]+0.171*[#  24]+0.171*[#  32]+0.096*[#   1]+0.071*[#  20]
          +0.053*[#  13]+0.053*[#  33]+0.018*[#  10]+0.018*[#  30]+0.017*[#  12]
          +0.017*[#  14]+0.017*[#  21]+0.017*[#  22]+0.017*[#  31]+0.017*[#  34]
          +0.011*[#   2]+0.011*[#   3]+0.011*[#   4]+0.002*[#   6]+0.002*[#  16]
          +0.002*[#  26]
    |psi|^2 = 0.962
==== e(  29) =    15.08872 eV ==== 
     psi = 0.125*[#  12]+0.125*[#  14]+0.125*[#  21]+0.125*[#  22]+0.125*[#  31]
          +0.125*[#  34]+0.073*[#  23]+0.056*[#  10]+0.056*[#  30]+0.021*[#  13]
          +0.021*[#  33]+0.004*[#  20]+0.003*[#   6]+0.003*[#  16]+0.003*[#  26]
          
    |psi|^2 = 0.995
==== e(  30) =    16.75361 eV ==== 
     psi = 0.084*[#   2]+0.084*[#   3]+0.084*[#   4]+0.069*[#  23]+0.056*[#  10]
          +0.056*[#  30]+0.055*[#   1]+0.051*[#  12]+0.051*[#  14]+0.051*[#  21]
          +0.051*[#  22]+0.051*[#  31]+0.051*[#  34]+0.029*[#  13]+0.029*[#  33]
          +0.022*[#  11]+0.022*[#  24]+0.022*[#  32]+0.016*[#  20]+0.015*[#   6]
          +0.015*[#  16]+0.015*[#  26]
    |psi|^2 = 0.977
==== e(  31) =    16.78078 eV ==== 
     psi = 0.066*[#   2]+0.066*[#   3]+0.066*[#   4]+0.062*[#   6]+0.062*[#  16]
          +0.062*[#  26]+0.054*[#  12]+0.054*[#  14]+0.054*[#  21]+0.054*[#  22]
          +0.054*[#  31]+0.054*[#  34]+0.048*[#  23]+0.045*[#  10]+0.045*[#  30]
          +0.039*[#  13]+0.039*[#  33]+0.036*[#  20]+0.001*[#   5]+0.001*[#  15]
          +0.001*[#  25]
    |psi|^2 = 0.964
==== e(  32) =    21.03621 eV ==== 
     psi = 0.170*[#   1]+0.138*[#   2]+0.138*[#   3]+0.138*[#   4]+0.046*[#   6]
          +0.046*[#  16]+0.046*[#  26]+0.036*[#  11]+0.036*[#  24]+0.036*[#  32]
          +0.007*[#  12]+0.007*[#  14]+0.007*[#  21]+0.007*[#  22]+0.007*[#  31]
          +0.007*[#  34]+0.001*[#  23]+0.001*[#  10]+0.001*[#  30]
    |psi|^2 = 0.874
==== e(  33) =    21.78896 eV ==== 
     psi = 0.123*[#   6]+0.123*[#  16]+0.123*[#  26]+0.028*[#   2]+0.028*[#   3]
          +0.028*[#   4]+0.012*[#  12]+0.012*[#  14]+0.012*[#  21]+0.012*[#  22]
          +0.012*[#  31]+0.012*[#  34]+0.003*[#   5]+0.003*[#  15]+0.003*[#  25]
          +0.002*[#  20]+0.002*[#  13]+0.002*[#  33]+0.001*[#  10]+0.001*[#  30]
          +0.001*[#  23]
    |psi|^2 = 0.546
==== e(  34) =    23.52557 eV ==== 
     psi = 0.064*[#   2]+0.064*[#   3]+0.064*[#   4]+0.058*[#   6]+0.058*[#  16]
          +0.058*[#  26]+0.025*[#   1]+0.012*[#  11]+0.012*[#  24]+0.012*[#  32]
          +0.004*[#  12]+0.004*[#  14]+0.004*[#  21]+0.004*[#  22]+0.004*[#  31]
          +0.004*[#  34]+0.002*[#   5]+0.002*[#  15]+0.002*[#  25]
    |psi|^2 = 0.460
==== e(  35) =    24.99509 eV ==== 
     psi = 0.017*[#   6]+0.017*[#  16]+0.017*[#  26]+0.004*[#  12]+0.004*[#  14]
          +0.004*[#  21]+0.004*[#  22]+0.004*[#  31]+0.004*[#  34]+0.004*[#   2]
          +0.004*[#   3]+0.004*[#   4]+0.002*[#  20]+0.002*[#  13]+0.002*[#  33]
          
    |psi|^2 = 0.093

 k =   0.1250000000 -0.5000000000 -0.5000000000
==== e(   1) =   -87.42382 eV ==== 
     psi = 0.333*[#   5]+0.333*[#  15]+0.333*[#  25]
    |psi|^2 = 1.000
==== e(   2) =   -87.42381 eV ==== 
     psi = 0.323*[#   5]+0.323*[#  15]+0.323*[#  25]+0.008*[#   2]+0.008*[#   3]
          +0.008*[#   4]+0.001*[#   6]+0.001*[#  16]+0.001*[#  26]
    |psi|^2 = 1.000
==== e(   3) =   -87.42381 eV ==== 
     psi = 0.323*[#   5]+0.323*[#  15]+0.323*[#  25]+0.008*[#   2]+0.008*[#   3]
          +0.008*[#   4]+0.001*[#   6]+0.001*[#  16]+0.001*[#  26]
    |psi|^2 = 1.000
==== e(   4) =   -47.88108 eV ==== 
     psi = 0.166*[#   7]+0.166*[#   8]+0.166*[#  18]+0.166*[#  19]+0.166*[#  27]
          +0.166*[#  29]+0.003*[#   1]
    |psi|^2 = 1.000
==== e(   5) =   -47.85217 eV ==== 
     psi = 0.332*[#   9]+0.332*[#  17]+0.332*[#  28]+0.001*[#   6]+0.001*[#  16]
          +0.001*[#  26]
    |psi|^2 = 1.000
==== e(   6) =   -47.84717 eV ==== 
     psi = 0.166*[#   7]+0.166*[#   8]+0.166*[#  18]+0.166*[#  19]+0.166*[#  27]
          +0.166*[#  29]+0.002*[#   2]+0.002*[#   3]+0.002*[#   4]
    |psi|^2 = 1.000
==== e(   7) =   -47.84717 eV ==== 
     psi = 0.166*[#   7]+0.166*[#   8]+0.166*[#  18]+0.166*[#  19]+0.166*[#  27]
          +0.166*[#  29]+0.002*[#   2]+0.002*[#   3]+0.002*[#   4]
    |psi|^2 = 1.000
==== e(   8) =   -47.80531 eV ==== 
     psi = 0.166*[#   7]+0.166*[#   8]+0.166*[#  18]+0.166*[#  19]+0.166*[#  27]
          +0.166*[#  29]
    |psi|^2 = 1.000
==== e(   9) =   -47.80531 eV ==== 
     psi = 0.166*[#   7]+0.166*[#   8]+0.166*[#  18]+0.166*[#  19]+0.166*[#  27]
          +0.166*[#  29]
    |psi|^2 = 1.000
==== e(  10) =   -47.77255 eV ==== 
     psi = 0.333*[#   9]+0.333*[#  17]+0.333*[#  28]
    |psi|^2 = 1.000
==== e(  11) =   -47.77208 eV ==== 
     psi = 0.167*[#   7]+0.167*[#   8]+0.167*[#  18]+0.167*[#  19]+0.167*[#  27]
          +0.167*[#  29]
    |psi|^2 = 1.000
==== e(  12) =   -47.73213 eV ==== 
     psi = 0.333*[#   9]+0.333*[#  17]+0.333*[#  28]
    |psi|^2 = 1.000
==== e(  13) =     9.93541 eV ==== 
     psi = 0.653*[#   1]+0.099*[#  11]+0.099*[#  24]+0.099*[#  32]+0.009*[#   2]
          +0.009*[#   3]+0.009*[#   4]
    |psi|^2 = 0.981
==== e(  14) =    10.74492 eV ==== 
     psi = 0.157*[#   2]+0.157*[#   3]+0.157*[#   4]+0.083*[#   6]+0.083*[#  16]
          +0.083*[#  26]+0.034*[#  12]+0.034*[#  14]+0.034*[#  21]+0.034*[#  22]
          +0.034*[#  31]+0.034*[#  34]+0.013*[#  23]+0.011*[#  10]+0.011*[#  30]
          +0.009*[#  13]+0.009*[#  33]+0.007*[#  20]+0.003*[#   5]+0.003*[#  15]
          +0.003*[#  25]
    |psi|^2 = 0.998
==== e(  15) =    10.74492 eV ==== 
     psi = 0.157*[#   2]+0.157*[#   3]+0.157*[#   4]+0.083*[#   6]+0.083*[#  16]
          +0.083*[#  26]+0.034*[#  12]+0.034*[#  14]+0.034*[#  21]+0.034*[#  22]
          +0.034*[#  31]+0.034*[#  34]+0.013*[#  23]+0.011*[#  10]+0.011*[#  30]
          +0.009*[#  13]+0.009*[#  33]+0.007*[#  20]+0.003*[#   5]+0.003*[#  15]
          +0.003*[#  25]
    |psi|^2 = 0.998
==== e(  16) =    12.10056 eV ==== 
     psi = 0.186*[#   6]+0.186*[#  16]+0.186*[#  26]+0.046*[#  12]+0.046*[#  14]
          +0.046*[#  21]+0.046*[#  22]+0.046*[#  31]+0.046*[#  34]+0.043*[#  20]
          +0.032*[#  13]+0.032*[#  33]+0.011*[#  10]+0.011*[#  30]
    |psi|^2 = 0.967
==== e(  17) =    12.61132 eV ==== 
     psi = 0.258*[#  11]+0.258*[#  24]+0.258*[#  32]+0.067*[#   2]+0.067*[#   3]
          +0.067*[#   4]+0.021*[#   1]
    |psi|^2 = 0.995
==== e(  18) =    13.15326 eV ==== 
     psi = 0.128*[#  23]+0.108*[#  10]+0.108*[#  30]+0.069*[#  13]+0.069*[#  33]
          +0.067*[#  12]+0.067*[#  14]+0.067*[#  21]+0.067*[#  22]+0.067*[#  31]
          +0.067*[#  34]+0.050*[#  20]+0.016*[#   2]+0.016*[#   3]+0.016*[#   4]
          +0.003*[#   6]+0.003*[#  16]+0.003*[#  26]
    |psi|^2 = 0.992
==== e(  19) =    13.15326 eV ==== 
     psi = 0.128*[#  23]+0.108*[#  10]+0.108*[#  30]+0.069*[#  13]+0.069*[#  33]
          +0.067*[#  12]+0.067*[#  14]+0.067*[#  21]+0.067*[#  22]+0.067*[#  31]
          +0.067*[#  34]+0.050*[#  20]+0.016*[#   2]+0.016*[#   3]+0.016*[#   4]
          +0.003*[#   6]+0.003*[#  16]+0.003*[#  26]
    |psi|^2 = 0.992
==== e(  20) =    13.23571 eV ==== 
     psi = 0.106*[#  12]+0.106*[#  14]+0.106*[#  21]+0.106*[#  22]+0.106*[#  31]
          +0.106*[#  34]+0.064*[#  20]+0.048*[#  13]+0.048*[#  33]+0.031*[#   6]
          +0.031*[#  16]+0.031*[#  26]+0.016*[#  10]+0.016*[#  30]
    |psi|^2 = 0.922
==== e(  21) =    13.70836 eV ==== 
     psi = 0.133*[#  12]+0.133*[#  14]+0.133*[#  21]+0.133*[#  22]+0.133*[#  31]
          +0.133*[#  34]+0.047*[#  23]+0.037*[#  10]+0.037*[#  30]+0.018*[#  13]
          +0.018*[#  33]+0.008*[#  20]+0.006*[#   2]+0.006*[#   3]+0.006*[#   4]
          
    |psi|^2 = 0.979
==== e(  22) =    13.70836 eV ==== 
     psi = 0.133*[#  12]+0.133*[#  14]+0.133*[#  21]+0.133*[#  22]+0.133*[#  31]
          +0.133*[#  34]+0.047*[#  23]+0.037*[#  10]+0.037*[#  30]+0.018*[#  13]
          +0.018*[#  33]+0.008*[#  20]+0.006*[#   2]+0.006*[#   3]+0.006*[#   4]
          
    |psi|^2 = 0.979
==== e(  23) =    14.11140 eV ==== 
     psi = 0.261*[#  23]+0.196*[#  10]+0.196*[#  30]+0.065*[#  13]+0.065*[#  33]
          +0.036*[#  12]+0.036*[#  14]+0.036*[#  21]+0.036*[#  22]+0.036*[#  31]
          +0.036*[#  34]
    |psi|^2 = 0.997
==== e(  24) =    14.41957 eV ==== 
     psi = 0.230*[#  20]+0.189*[#  13]+0.189*[#  33]+0.107*[#  10]+0.107*[#  30]
          +0.066*[#  23]+0.017*[#  12]+0.017*[#  14]+0.017*[#  21]+0.017*[#  22]
          +0.017*[#  31]+0.017*[#  34]
    |psi|^2 = 0.992
==== e(  25) =    14.41957 eV ==== 
     psi = 0.230*[#  20]+0.189*[#  13]+0.189*[#  33]+0.107*[#  10]+0.107*[#  30]
          +0.066*[#  23]+0.017*[#  12]+0.017*[#  14]+0.017*[#  21]+0.017*[#  22]
          +0.017*[#  31]+0.017*[#  34]
    |psi|^2 = 0.992
==== e(  26) =    14.49288 eV ==== 
     psi = 0.220*[#  20]+0.165*[#  13]+0.165*[#  33]+0.090*[#   6]+0.090*[#  16]
          +0.090*[#  26]+0.055*[#  10]+0.055*[#  30]+0.008*[#  12]+0.008*[#  14]
          +0.008*[#  21]+0.008*[#  22]+0.008*[#  31]+0.008*[#  34]
    |psi|^2 = 0.978
==== e(  27) =    14.67760 eV ==== 
     psi = 0.333*[#  11]+0.333*[#  24]+0.333*[#  32]
    |psi|^2 = 0.998
==== e(  28) =    14.94726 eV ==== 
     psi = 0.131*[#  12]+0.131*[#  14]+0.131*[#  21]+0.131*[#  22]+0.131*[#  31]
          +0.131*[#  34]+0.071*[#  23]+0.053*[#  10]+0.053*[#  30]+0.018*[#  13]
          +0.018*[#  33]
    |psi|^2 = 0.999
==== e(  29) =    15.00922 eV ==== 
     psi = 0.249*[#  11]+0.249*[#  24]+0.249*[#  32]+0.142*[#   1]+0.018*[#   2]
          +0.018*[#   3]+0.018*[#   4]
    |psi|^2 = 0.942
==== e(  30) =    16.41278 eV ==== 
     psi = 0.077*[#  23]+0.070*[#  12]+0.070*[#  14]+0.070*[#  21]+0.070*[#  22]
          +0.070*[#  31]+0.070*[#  34]+0.067*[#  10]+0.067*[#  30]+0.059*[#   2]
          +0.059*[#   3]+0.059*[#   4]+0.046*[#  13]+0.046*[#  33]+0.036*[#  20]
          +0.018*[#   6]+0.018*[#  16]+0.018*[#  26]
    |psi|^2 = 0.996
==== e(  31) =    16.41278 eV ==== 
     psi = 0.077*[#  23]+0.070*[#  12]+0.070*[#  14]+0.070*[#  21]+0.070*[#  22]
          +0.070*[#  31]+0.070*[#  34]+0.067*[#  10]+0.067*[#  30]+0.059*[#   2]
          +0.059*[#   3]+0.059*[#   4]+0.046*[#  13]+0.046*[#  33]+0.036*[#  20]
          +0.018*[#   6]+0.018*[#  16]+0.018*[#  26]
    |psi|^2 = 0.996
==== e(  32) =    21.81462 eV ==== 
     psi = 0.182*[#   2]+0.182*[#   3]+0.182*[#   4]+0.174*[#   1]+0.050*[#  11]
          +0.050*[#  24]+0.050*[#  32]
    |psi|^2 = 0.869
==== e(  33) =    22.43731 eV ==== 
     psi = 0.125*[#   6]+0.125*[#  16]+0.125*[#  26]+0.038*[#   2]+0.038*[#   3]
          +0.038*[#   4]+0.010*[#  12]+0.010*[#  14]+0.010*[#  21]+0.010*[#  22]
          +0.010*[#  31]+0.010*[#  34]+0.003*[#   5]+0.003*[#  15]+0.003*[#  25]
          +0.001*[#  23]
    |psi|^2 = 0.564
==== e(  34) =    22.43731 eV ==== 
     psi = 0.125*[#   6]+0.125*[#  16]+0.125*[#  26]+0.038*[#   2]+0.038*[#   3]
          +0.038*[#   4]+0.010*[#  12]+0.010*[#  14]+0.010*[#  21]+0.010*[#  22]
          +0.010*[#  31]+0.010*[#  34]+0.003*[#   5]+0.003*[#  15]+0.003*[#  25]
          +0.001*[#  23]
    |psi|^2 = 0.564
==== e(  35) =    24.12911 eV ==== 
     psi = 0.016*[#   6]+0.016*[#  16]+0.016*[#  26]+0.006*[#  12]+0.006*[#  14]
          +0.006*[#  21]+0.006*[#  22]+0.006*[#  31]+0.006*[#  34]+0.003*[#  20]
          +0.003*[#  13]+0.003*[#  33]
    |psi|^2 = 0.093

 k =   0.2500000000  0.2500000000  0.2500000000
==== e(   1) =   -87.43318 eV ==== 
     psi = 0.318*[#   5]+0.318*[#  15]+0.318*[#  25]+0.014*[#   2]+0.014*[#   3]
          +0.014*[#   4]+0.003*[#   1]
    |psi|^2 = 1.000
==== e(   2) =   -87.41922 eV ==== 
     psi = 0.328*[#   5]+0.328*[#  15]+0.328*[#  25]+0.003*[#   6]+0.003*[#  16]
          +0.003*[#  26]+0.002*[#   2]+0.002*[#   3]+0.002*[#   4]
    |psi|^2 = 1.000
==== e(   3) =   -87.41922 eV ==== 
     psi = 0.328*[#   5]+0.328*[#  15]+0.328*[#  25]+0.003*[#   6]+0.003*[#  16]
          +0.003*[#  26]+0.002*[#   2]+0.002*[#   3]+0.002*[#   4]
    |psi|^2 = 1.000
==== e(   4) =   -47.88251 eV ==== 
     psi = 0.119*[#   9]+0.119*[#  17]+0.119*[#  28]+0.107*[#   7]+0.107*[#   8]
          +0.107*[#  18]+0.107*[#  19]+0.107*[#  27]+0.107*[#  29]+0.002*[#   1]
          
    |psi|^2 = 1.000
==== e(   5) =   -47.85578 eV ==== 
     psi = 0.158*[#   7]+0.158*[#   8]+0.158*[#  18]+0.158*[#  19]+0.158*[#  27]
          +0.158*[#  29]+0.015*[#   9]+0.015*[#  17]+0.015*[#  28]+0.002*[#   2]
          +0.002*[#   3]+0.002*[#   4]
    |psi|^2 = 1.000
==== e(   6) =   -47.85578 eV ==== 
     psi = 0.158*[#   7]+0.158*[#   8]+0.158*[#  18]+0.158*[#  19]+0.158*[#  27]
          +0.158*[#  29]+0.015*[#   9]+0.015*[#  17]+0.015*[#  28]+0.002*[#   2]
          +0.002*[#   3]+0.002*[#   4]
    |psi|^2 = 1.000
==== e(   7) =   -47.81624 eV ==== 
     psi = 0.214*[#   9]+0.214*[#  17]+0.214*[#  28]+0.059*[#   7]+0.059*[#   8]
          +0.059*[#  18]+0.059*[#  19]+0.059*[#  27]+0.059*[#  29]
    |psi|^2 = 1.000
==== e(   8) =   -47.81212 eV ==== 
     psi = 0.142*[#   7]+0.142*[#   8]+0.142*[#  18]+0.142*[#  19]+0.142*[#  27]
          +0.142*[#  29]+0.049*[#   9]+0.049*[#  17]+0.049*[#  28]
    |psi|^2 = 1.000
==== e(   9) =   -47.81212 eV ==== 
     psi = 0.142*[#   7]+0.142*[#   8]+0.142*[#  18]+0.142*[#  19]+0.142*[#  27]
          +0.142*[#  29]+0.049*[#   9]+0.049*[#  17]+0.049*[#  28]
    |psi|^2 = 1.000
==== e(  10) =   -47.79441 eV ==== 
     psi = 0.167*[#   7]+0.167*[#   8]+0.167*[#  18]+0.167*[#  19]+0.167*[#  27]
          +0.167*[#  29]
    |psi|^2 = 1.000
==== e(  11) =   -47.74370 eV ==== 
     psi = 0.269*[#   9]+0.269*[#  17]+0.269*[#  28]+0.032*[#   7]+0.032*[#   8]
          +0.032*[#  18]+0.032*[#  19]+0.032*[#  27]+0.032*[#  29]
    |psi|^2 = 1.000
==== e(  12) =   -47.74370 eV ==== 
     psi = 0.269*[#   9]+0.269*[#  17]+0.269*[#  28]+0.032*[#   7]+0.032*[#   8]
          +0.032*[#  18]+0.032*[#  19]+0.032*[#  27]+0.032*[#  29]
    |psi|^2 = 1.000
==== e(  13) =     7.69943 eV ==== 
     psi = 0.286*[#   1]+0.139*[#   6]+0.139*[#  16]+0.139*[#  26]+0.077*[#   2]
          +0.077*[#   3]+0.077*[#   4]+0.008*[#   5]+0.008*[#  15]+0.008*[#  25]
          +0.006*[#  11]+0.006*[#  24]+0.006*[#  32]+0.002*[#  20]+0.002*[#  12]
          +0.002*[#  13]+0.002*[#  14]+0.002*[#  21]+0.002*[#  22]+0.002*[#  31]
          +0.002*[#  33]+0.002*[#  34]
    |psi|^2 = 0.997
==== e(  14) =    11.38565 eV ==== 
     psi = 0.184*[#   1]+0.122*[#  11]+0.122*[#  24]+0.122*[#  32]+0.047*[#  20]
          +0.035*[#  13]+0.035*[#  33]+0.026*[#   6]+0.026*[#  16]+0.026*[#  26]
          +0.025*[#  12]+0.025*[#  14]+0.025*[#  21]+0.025*[#  22]+0.025*[#  31]
          +0.025*[#  34]+0.022*[#   2]+0.022*[#   3]+0.022*[#   4]+0.012*[#  10]
          +0.012*[#  30]
    |psi|^2 = 0.985
==== e(  15) =    11.91935 eV ==== 
     psi = 0.109*[#  23]+0.107*[#   2]+0.107*[#   3]+0.107*[#   4]+0.085*[#  10]
          +0.085*[#  30]+0.053*[#   6]+0.053*[#  16]+0.053*[#  26]+0.035*[#  13]
          +0.035*[#  33]+0.021*[#  12]+0.021*[#  14]+0.021*[#  21]+0.021*[#  22]
          +0.021*[#  31]+0.021*[#  34]+0.011*[#  20]+0.006*[#  11]+0.006*[#  24]
          +0.006*[#  32]
    |psi|^2 = 0.990
==== e(  16) =    11.91935 eV ==== 
     psi = 0.109*[#  23]+0.107*[#   2]+0.107*[#   3]+0.107*[#   4]+0.085*[#  10]
          +0.085*[#  30]+0.053*[#   6]+0.053*[#  16]+0.053*[#  26]+0.035*[#  13]
          +0.035*[#  33]+0.021*[#  12]+0.021*[#  14]+0.021*[#  21]+0.021*[#  22]
          +0.021*[#  31]+0.021*[#  34]+0.011*[#  20]+0.006*[#  11]+0.006*[#  24]
          +0.006*[#  32]
    |psi|^2 = 0.990
==== e(  17) =    12.47738 eV ==== 
     psi = 0.212*[#  20]+0.159*[#  13]+0.159*[#  33]+0.061*[#  11]+0.061*[#  24]
          +0.061*[#  32]+0.053*[#  10]+0.053*[#  30]+0.018*[#   6]+0.018*[#  16]
          +0.018*[#  26]+0.011*[#   2]+0.011*[#   3]+0.011*[#   4]+0.010*[#  12]
          +0.010*[#  14]+0.010*[#  21]+0.010*[#  22]+0.010*[#  31]+0.010*[#  34]
          +0.002*[#   1]
    |psi|^2 = 0.968
==== e(  18) =    12.90819 eV ==== 
     psi = 0.123*[#  12]+0.123*[#  14]+0.123*[#  21]+0.123*[#  22]+0.123*[#  31]
          +0.123*[#  34]+0.051*[#  11]+0.051*[#  24]+0.051*[#  32]+0.015*[#   2]
          +0.015*[#   3]+0.015*[#   4]+0.006*[#  20]+0.005*[#   6]+0.005*[#  13]
          +0.005*[#  16]+0.005*[#  26]+0.005*[#  33]+0.003*[#  10]+0.003*[#  30]
          +0.002*[#  23]
    |psi|^2 = 0.981
==== e(  19) =    12.90819 eV ==== 
     psi = 0.123*[#  12]+0.123*[#  14]+0.123*[#  21]+0.123*[#  22]+0.123*[#  31]
          +0.123*[#  34]+0.051*[#  11]+0.051*[#  24]+0.051*[#  32]+0.015*[#   2]
          +0.015*[#   3]+0.015*[#   4]+0.006*[#  20]+0.005*[#   6]+0.005*[#  13]
          +0.005*[#  16]+0.005*[#  26]+0.005*[#  33]+0.003*[#  10]+0.003*[#  30]
          +0.002*[#  23]
    |psi|^2 = 0.981
==== e(  20) =    13.27702 eV ==== 
     psi = 0.126*[#  12]+0.126*[#  14]+0.126*[#  21]+0.126*[#  22]+0.126*[#  31]
          +0.126*[#  34]+0.053*[#  11]+0.053*[#  24]+0.053*[#  32]+0.011*[#   2]
          +0.011*[#   3]+0.011*[#   4]+0.006*[#   6]+0.006*[#  16]+0.006*[#  26]
          +0.005*[#   1]+0.002*[#  20]+0.002*[#  13]+0.002*[#  33]
    |psi|^2 = 0.976
==== e(  21) =    13.61181 eV ==== 
     psi = 0.131*[#  23]+0.100*[#  10]+0.100*[#  30]+0.072*[#  12]+0.072*[#  14]
          +0.072*[#  21]+0.072*[#  22]+0.072*[#  31]+0.072*[#  34]+0.039*[#  13]
          +0.039*[#  33]+0.024*[#  11]+0.024*[#  24]+0.024*[#  32]+0.010*[#   2]
          +0.010*[#   3]+0.010*[#   4]+0.009*[#   6]+0.009*[#  16]+0.009*[#  26]
          +0.008*[#  20]
    |psi|^2 = 0.980
==== e(  22) =    13.61181 eV ==== 
     psi = 0.131*[#  23]+0.100*[#  10]+0.100*[#  30]+0.072*[#  12]+0.072*[#  14]
          +0.072*[#  21]+0.072*[#  22]+0.072*[#  31]+0.072*[#  34]+0.039*[#  13]
          +0.039*[#  33]+0.024*[#  11]+0.024*[#  24]+0.024*[#  32]+0.010*[#   2]
          +0.010*[#   3]+0.010*[#   4]+0.009*[#   6]+0.009*[#  16]+0.009*[#  26]
          +0.008*[#  20]
    |psi|^2 = 0.980
==== e(  23) =    14.48118 eV ==== 
     psi = 0.221*[#  23]+0.166*[#  10]+0.166*[#  30]+0.055*[#  12]+0.055*[#  13]
          +0.055*[#  14]+0.055*[#  21]+0.055*[#  22]+0.055*[#  31]+0.055*[#  33]
          +0.055*[#  34]
    |psi|^2 = 0.996
==== e(  24) =    14.48446 eV ==== 
     psi = 0.211*[#  11]+0.211*[#  24]+0.211*[#  32]+0.045*[#  20]+0.035*[#  12]
          +0.035*[#  14]+0.035*[#  21]+0.035*[#  22]+0.035*[#  31]+0.035*[#  34]
          +0.034*[#  13]+0.034*[#  33]+0.013*[#  10]+0.013*[#  30]+0.003*[#   6]
          +0.003*[#  16]+0.003*[#  26]+0.002*[#  23]
    |psi|^2 = 0.994
==== e(  25) =    14.48446 eV ==== 
     psi = 0.211*[#  11]+0.211*[#  24]+0.211*[#  32]+0.045*[#  20]+0.035*[#  12]
          +0.035*[#  14]+0.035*[#  21]+0.035*[#  22]+0.035*[#  31]+0.035*[#  34]
          +0.034*[#  13]+0.034*[#  33]+0.013*[#  10]+0.013*[#  30]+0.003*[#   6]
          +0.003*[#  16]+0.003*[#  26]+0.002*[#  23]
    |psi|^2 = 0.994
==== e(  26) =    14.73832 eV ==== 
     psi = 0.244*[#  20]+0.192*[#  13]+0.192*[#  33]+0.087*[#  10]+0.087*[#  30]
          +0.035*[#  23]+0.020*[#  11]+0.020*[#  24]+0.020*[#  32]+0.017*[#  12]
          +0.017*[#  14]+0.017*[#  21]+0.017*[#  22]+0.017*[#  31]+0.017*[#  34]
          
    |psi|^2 = 0.997
==== e(  27) =    14.73832 eV ==== 
     psi = 0.244*[#  20]+0.192*[#  13]+0.192*[#  33]+0.087*[#  10]+0.087*[#  30]
          +0.035*[#  23]+0.020*[#  11]+0.020*[#  24]+0.020*[#  32]+0.017*[#  12]
          +0.017*[#  14]+0.017*[#  21]+0.017*[#  22]+0.017*[#  31]+0.017*[#  34]
          
    |psi|^2 = 0.997
==== e(  28) =    15.53239 eV ==== 
     psi = 0.111*[#  12]+0.111*[#  14]+0.111*[#  21]+0.111*[#  22]+0.111*[#  23]
          +0.111*[#  31]+0.111*[#  34]+0.083*[#  10]+0.083*[#  30]+0.028*[#  13]
          +0.028*[#  33]
    |psi|^2 = 1.000
==== e(  29) =    16.07403 eV ==== 
     psi = 0.343*[#   1]+0.057*[#  20]+0.056*[#  11]+0.056*[#  24]+0.056*[#  32]
          +0.043*[#  13]+0.043*[#  33]+0.035*[#   6]+0.035*[#  16]+0.035*[#  26]
          +0.014*[#  10]+0.014*[#  30]
    |psi|^2 = 0.791
==== e(  30) =    16.87156 eV ==== 
     psi = 0.112*[#   2]+0.112*[#   3]+0.112*[#   4]+0.053*[#  12]+0.053*[#  14]
          +0.053*[#  21]+0.053*[#  22]+0.053*[#  31]+0.053*[#  34]+0.049*[#  23]
          +0.041*[#  10]+0.041*[#  30]+0.027*[#   6]+0.027*[#  16]+0.027*[#  26]
          +0.026*[#  13]+0.026*[#  33]+0.019*[#  20]+0.014*[#  11]+0.014*[#  24]
          +0.014*[#  32]
    |psi|^2 = 0.984
==== e(  31) =    16.87156 eV ==== 
     psi = 0.112*[#   2]+0.112*[#   3]+0.112*[#   4]+0.053*[#  12]+0.053*[#  14]
          +0.053*[#  21]+0.053*[#  22]+0.053*[#  31]+0.053*[#  34]+0.049*[#  23]
          +0.041*[#  10]+0.041*[#  30]+0.027*[#   6]+0.027*[#  16]+0.027*[#  26]
          +0.026*[#  13]+0.026*[#  33]+0.019*[#  20]+0.014*[#  11]+0.014*[#  24]
          +0.014*[#  32]
    |psi|^2 = 0.984
==== e(  32) =    21.80556 eV ==== 
     psi = 0.151*[#   6]+0.151*[#  16]+0.151*[#  26]+0.043*[#   2]+0.043*[#   3]
          +0.043*[#   4]+0.011*[#  12]+0.011*[#  14]+0.011*[#  21]+0.011*[#  22]
          +0.011*[#  31]+0.011*[#  34]+0.003*[#   5]+0.003*[#  11]+0.003*[#  15]
          +0.003*[#  24]+0.003*[#  25]+0.003*[#  32]+0.001*[#  23]
    |psi|^2 = 0.673
==== e(  33) =    21.80556 eV ==== 
     psi = 0.151*[#   6]+0.151*[#  16]+0.151*[#  26]+0.043*[#   2]+0.043*[#   3]
          +0.043*[#   4]+0.011*[#  12]+0.011*[#  14]+0.011*[#  21]+0.011*[#  22]
          +0.011*[#  31]+0.011*[#  34]+0.003*[#   5]+0.003*[#  11]+0.003*[#  15]
          +0.003*[#  24]+0.003*[#  25]+0.003*[#  32]+0.001*[#  23]
    |psi|^2 = 0.673
==== e(  34) =    21.82975 eV ==== 
     psi = 0.128*[#   1]+0.111*[#   2]+0.111*[#   3]+0.111*[#   4]+0.030*[#  11]
          +0.030*[#  24]+0.030*[#  32]+0.013*[#   6]+0.013*[#  16]+0.013*[#  26]
          +0.004*[#  20]+0.003*[#   5]+0.003*[#  15]+0.003*[#  25]+0.003*[#  13]
          +0.003*[#  33]+0.002*[#  12]+0.002*[#  14]+0.002*[#  21]+0.002*[#  22]
          +0.002*[#  31]+0.002*[#  34]
    |psi|^2 = 0.627
==== e(  35) =    26.48929 eV ==== 
     psi = 0.049*[#   6]+0.049*[#  16]+0.049*[#  26]+0.028*[#   2]+0.028*[#   3]
          +0.028*[#   4]+0.003*[#  23]+0.002*[#  10]+0.002*[#  11]+0.002*[#  24]
          +0.002*[#  30]+0.002*[#  32]+0.001*[#   5]+0.001*[#  15]+0.001*[#  25]
          
    |psi|^2 = 0.250

 k =   0.2500000000  0.2500000000  0.3750000000
==== e(   1) =   -87.43042 eV ==== 
     psi = 0.320*[#   5]+0.320*[#  15]+0.320*[#  25]+0.013*[#   2]+0.013*[#   3]
          +0.013*[#   4]+0.001*[#   1]
    |psi|^2 = 1.000
==== e(   2) =   -87.42190 eV ==== 
     psi = 0.327*[#   5]+0.327*[#  15]+0.327*[#  25]+0.004*[#   2]+0.004*[#   3]
          +0.004*[#   4]+0.002*[#   6]+0.002*[#  16]+0.002*[#  26]
    |psi|^2 = 1.000
==== e(   3) =   -87.41919 eV ==== 
     psi = 0.330*[#   5]+0.330*[#  15]+0.330*[#  25]+0.003*[#   6]+0.003*[#  16]
          +0.003*[#  26]
    |psi|^2 = 1.000
==== e(   4) =   -47.87958 eV ==== 
     psi = 0.123*[#   9]+0.123*[#  17]+0.123*[#  28]+0.105*[#   7]+0.105*[#   8]
          +0.105*[#  18]+0.105*[#  19]+0.105*[#  27]+0.105*[#  29]+0.002*[#   1]
          
    |psi|^2 = 1.000
==== e(   5) =   -47.86099 eV ==== 
     psi = 0.164*[#   7]+0.164*[#   8]+0.164*[#  18]+0.164*[#  19]+0.164*[#  27]
          +0.164*[#  29]+0.004*[#   9]+0.004*[#  17]+0.004*[#  28]+0.002*[#   2]
          +0.002*[#   3]+0.002*[#   4]
    |psi|^2 = 1.000
==== e(   6) =   -47.85967 eV ==== 
     psi = 0.156*[#   7]+0.156*[#   8]+0.156*[#  18]+0.156*[#  19]+0.156*[#  27]
          +0.156*[#  29]+0.019*[#   9]+0.019*[#  17]+0.019*[#  28]+0.001*[#   2]
          +0.001*[#   3]+0.001*[#   4]
    |psi|^2 = 1.000
==== e(   7) =   -47.83218 eV ==== 
     psi = 0.197*[#   9]+0.197*[#  17]+0.197*[#  28]+0.067*[#   7]+0.067*[#   8]
          +0.067*[#  18]+0.067*[#  19]+0.067*[#  27]+0.067*[#  29]
    |psi|^2 = 1.000
==== e(   8) =   -47.80974 eV ==== 
     psi = 0.139*[#   7]+0.139*[#   8]+0.139*[#  18]+0.139*[#  19]+0.139*[#  27]
          +0.139*[#  29]+0.055*[#   9]+0.055*[#  17]+0.055*[#  28]
    |psi|^2 = 1.000
==== e(   9) =   -47.79672 eV ==== 
     psi = 0.155*[#   7]+0.155*[#   8]+0.155*[#  18]+0.155*[#  19]+0.155*[#  27]
          +0.155*[#  29]+0.022*[#   9]+0.022*[#  17]+0.022*[#  28]
    |psi|^2 = 1.000
==== e(  10) =   -47.78810 eV ==== 
     psi = 0.166*[#   7]+0.166*[#   8]+0.166*[#  18]+0.166*[#  19]+0.166*[#  27]
          +0.166*[#  29]+0.001*[#   9]+0.001*[#  17]+0.001*[#  28]
    |psi|^2 = 1.000
==== e(  11) =   -47.74682 eV ==== 
     psi = 0.273*[#   9]+0.273*[#  17]+0.273*[#  28]+0.030*[#   7]+0.030*[#   8]
          +0.030*[#  18]+0.030*[#  19]+0.030*[#  27]+0.030*[#  29]
    |psi|^2 = 1.000
==== e(  12) =   -47.74149 eV ==== 
     psi = 0.304*[#   9]+0.304*[#  17]+0.304*[#  28]+0.015*[#   7]+0.015*[#   8]
          +0.015*[#  18]+0.015*[#  19]+0.015*[#  27]+0.015*[#  29]
    |psi|^2 = 1.000
==== e(  13) =     8.47949 eV ==== 
     psi = 0.323*[#   1]+0.110*[#   6]+0.110*[#  16]+0.110*[#  26]+0.082*[#   2]
          +0.082*[#   3]+0.082*[#   4]+0.016*[#  11]+0.016*[#  24]+0.016*[#  32]
          +0.005*[#   5]+0.005*[#  15]+0.005*[#  25]+0.003*[#  12]+0.003*[#  14]
          +0.003*[#  21]+0.003*[#  22]+0.003*[#  31]+0.003*[#  34]+0.003*[#  20]
          +0.002*[#  13]+0.002*[#  33]
    |psi|^2 = 0.996
==== e(  14) =    10.79765 eV ==== 
     psi = 0.136*[#   1]+0.089*[#   2]+0.089*[#   3]+0.089*[#   4]+0.078*[#   6]
          +0.078*[#  16]+0.078*[#  26]+0.051*[#  11]+0.051*[#  24]+0.051*[#  32]
          +0.019*[#  23]+0.018*[#  12]+0.018*[#  14]+0.018*[#  21]+0.018*[#  22]
          +0.018*[#  31]+0.018*[#  34]+0.017*[#  10]+0.017*[#  30]+0.012*[#  13]
          +0.012*[#  33]+0.010*[#  20]+0.002*[#   5]+0.002*[#  15]+0.002*[#  25]
          
    |psi|^2 = 0.991
==== e(  15) =    11.64269 eV ==== 
     psi = 0.103*[#  11]+0.103*[#  24]+0.103*[#  32]+0.070*[#   2]+0.070*[#   3]
          +0.070*[#   4]+0.040*[#  12]+0.040*[#  14]+0.040*[#  21]+0.040*[#  22]
          +0.040*[#  31]+0.040*[#  34]+0.039*[#   6]+0.039*[#  16]+0.039*[#  26]
          +0.036*[#   1]+0.020*[#  23]+0.017*[#  10]+0.017*[#  30]+0.010*[#  13]
          +0.010*[#  33]+0.007*[#  20]
    |psi|^2 = 0.995
==== e(  16) =    12.37381 eV ==== 
     psi = 0.086*[#   2]+0.086*[#   3]+0.086*[#   4]+0.084*[#  23]+0.064*[#  10]
          +0.064*[#  30]+0.048*[#  12]+0.048*[#  14]+0.048*[#  21]+0.048*[#  22]
          +0.048*[#  31]+0.048*[#  34]+0.044*[#   6]+0.044*[#  16]+0.044*[#  26]
          +0.023*[#  13]+0.023*[#  33]+0.016*[#  11]+0.016*[#  24]+0.016*[#  32]
          +0.002*[#  20]
    |psi|^2 = 0.987
==== e(  17) =    12.65182 eV ==== 
     psi = 0.219*[#  20]+0.171*[#  13]+0.171*[#  33]+0.073*[#  10]+0.073*[#  30]
          +0.028*[#  11]+0.028*[#  24]+0.028*[#  32]+0.025*[#  23]+0.021*[#   6]
          +0.021*[#  16]+0.021*[#  26]+0.017*[#   2]+0.017*[#   3]+0.017*[#   4]
          +0.005*[#  12]+0.005*[#  14]+0.005*[#  21]+0.005*[#  22]+0.005*[#  31]
          +0.005*[#  34]+0.002*[#   1]
    |psi|^2 = 0.966
==== e(  18) =    12.87356 eV ==== 
     psi = 0.098*[#  12]+0.098*[#  14]+0.098*[#  21]+0.098*[#  22]+0.098*[#  31]
          +0.098*[#  34]+0.059*[#  11]+0.059*[#  24]+0.059*[#  32]+0.042*[#   2]
          +0.042*[#   3]+0.042*[#   4]+0.014*[#  23]+0.012*[#  10]+0.012*[#  30]
          +0.010*[#   6]+0.010*[#  16]+0.010*[#  26]+0.008*[#  13]+0.008*[#  33]
          +0.006*[#  20]
    |psi|^2 = 0.981
==== e(  19) =    13.03749 eV ==== 
     psi = 0.122*[#  12]+0.122*[#  14]+0.122*[#  21]+0.122*[#  22]+0.122*[#  31]
          +0.122*[#  34]+0.028*[#  20]+0.023*[#  13]+0.023*[#  33]+0.020*[#  11]
          +0.020*[#  24]+0.020*[#  32]+0.015*[#  10]+0.015*[#  30]+0.013*[#   2]
          +0.013*[#   3]+0.013*[#   4]+0.010*[#  23]+0.006*[#   6]+0.006*[#  16]
          +0.006*[#  26]+0.005*[#   1]
    |psi|^2 = 0.969
==== e(  20) =    13.33249 eV ==== 
     psi = 0.110*[#  12]+0.110*[#  14]+0.110*[#  21]+0.110*[#  22]+0.110*[#  31]
          +0.110*[#  34]+0.057*[#  11]+0.057*[#  24]+0.057*[#  32]+0.019*[#  20]
          +0.014*[#  13]+0.014*[#  33]+0.014*[#   2]+0.014*[#   3]+0.014*[#   4]
          +0.010*[#   6]+0.010*[#  16]+0.010*[#  26]+0.006*[#  10]+0.006*[#  30]
          +0.002*[#  23]
    |psi|^2 = 0.965
==== e(  21) =    13.50726 eV ==== 
     psi = 0.153*[#  23]+0.116*[#  10]+0.116*[#  30]+0.067*[#  12]+0.067*[#  14]
          +0.067*[#  21]+0.067*[#  22]+0.067*[#  31]+0.067*[#  34]+0.041*[#  13]
          +0.041*[#  33]+0.031*[#  11]+0.031*[#  24]+0.031*[#  32]+0.004*[#  20]
          +0.004*[#   6]+0.004*[#  16]+0.004*[#  26]+0.003*[#   2]+0.003*[#   3]
          +0.003*[#   4]
    |psi|^2 = 0.984
==== e(  22) =    13.54271 eV ==== 
     psi = 0.141*[#  23]+0.109*[#  10]+0.109*[#  30]+0.079*[#  12]+0.079*[#  14]
          +0.079*[#  21]+0.079*[#  22]+0.079*[#  31]+0.079*[#  34]+0.045*[#  13]
          +0.045*[#  33]+0.013*[#  20]+0.010*[#  11]+0.010*[#  24]+0.010*[#  32]
          +0.006*[#   2]+0.006*[#   3]+0.006*[#   4]+0.003*[#   6]+0.003*[#  16]
          +0.003*[#  26]
    |psi|^2 = 0.989
==== e(  23) =    14.28841 eV ==== 
     psi = 0.219*[#  23]+0.165*[#  10]+0.165*[#  30]+0.058*[#  13]+0.058*[#  33]
          +0.052*[#  12]+0.052*[#  14]+0.052*[#  21]+0.052*[#  22]+0.052*[#  31]
          +0.052*[#  34]+0.005*[#  20]+0.003*[#  11]+0.003*[#  24]+0.003*[#  32]
          
    |psi|^2 = 0.995
==== e(  24) =    14.42405 eV ==== 
     psi = 0.176*[#  11]+0.176*[#  24]+0.176*[#  32]+0.138*[#  20]+0.106*[#  13]
          +0.106*[#  33]+0.042*[#  10]+0.042*[#  30]+0.010*[#  23]+0.003*[#  12]
          +0.003*[#  14]+0.003*[#  21]+0.003*[#  22]+0.003*[#  31]+0.003*[#  34]
          
    |psi|^2 = 0.994
==== e(  25) =    14.54435 eV ==== 
     psi = 0.153*[#  11]+0.153*[#  24]+0.153*[#  32]+0.086*[#  20]+0.065*[#  13]
          +0.065*[#  33]+0.041*[#  12]+0.041*[#  14]+0.041*[#  21]+0.041*[#  22]
          +0.041*[#  31]+0.041*[#  34]+0.024*[#  10]+0.024*[#  30]+0.004*[#   6]
          +0.004*[#  16]+0.004*[#  26]+0.003*[#  23]+0.002*[#   2]+0.002*[#   3]
          +0.002*[#   4]
    |psi|^2 = 0.992
==== e(  26) =    14.65322 eV ==== 
     psi = 0.108*[#  20]+0.094*[#  13]+0.094*[#  33]+0.085*[#  11]+0.085*[#  24]
          +0.085*[#  32]+0.064*[#  10]+0.064*[#  30]+0.050*[#  23]+0.039*[#  12]
          +0.039*[#  14]+0.039*[#  21]+0.039*[#  22]+0.039*[#  31]+0.039*[#  34]
          +0.007*[#   6]+0.007*[#  16]+0.007*[#  26]+0.001*[#   1]
    |psi|^2 = 0.987
==== e(  27) =    14.75281 eV ==== 
     psi = 0.219*[#  20]+0.170*[#  13]+0.170*[#  33]+0.072*[#  10]+0.072*[#  30]
          +0.041*[#  11]+0.041*[#  24]+0.041*[#  32]+0.023*[#  12]+0.023*[#  14]
          +0.023*[#  21]+0.023*[#  22]+0.023*[#  31]+0.023*[#  34]+0.023*[#  23]
          
    |psi|^2 = 0.994
==== e(  28) =    15.42273 eV ==== 
     psi = 0.116*[#   1]+0.082*[#  20]+0.068*[#  13]+0.068*[#  33]+0.053*[#  11]
          +0.053*[#  24]+0.053*[#  32]+0.039*[#  10]+0.039*[#  30]+0.032*[#   6]
          +0.032*[#  16]+0.032*[#  26]+0.032*[#  12]+0.032*[#  14]+0.032*[#  21]
          +0.032*[#  22]+0.032*[#  31]+0.032*[#  34]+0.025*[#  23]+0.013*[#   2]
          +0.013*[#   3]+0.013*[#   4]
    |psi|^2 = 0.921
==== e(  29) =    15.45914 eV ==== 
     psi = 0.112*[#  12]+0.112*[#  14]+0.112*[#  21]+0.112*[#  22]+0.112*[#  31]
          +0.112*[#  34]+0.107*[#  23]+0.081*[#  10]+0.081*[#  30]+0.027*[#  13]
          +0.027*[#  33]
    |psi|^2 = 1.000
==== e(  30) =    17.12154 eV ==== 
     psi = 0.148*[#   2]+0.148*[#   3]+0.148*[#   4]+0.058*[#  23]+0.046*[#  10]
          +0.046*[#  30]+0.036*[#  12]+0.036*[#  14]+0.036*[#  21]+0.036*[#  22]
          +0.036*[#  31]+0.036*[#  34]+0.024*[#  11]+0.024*[#  24]+0.024*[#  32]
          +0.020*[#  13]+0.020*[#  33]+0.014*[#   6]+0.014*[#  16]+0.014*[#  26]
          +0.007*[#  20]
    |psi|^2 = 0.968
==== e(  31) =    17.16434 eV ==== 
     psi = 0.092*[#   1]+0.089*[#   2]+0.089*[#   3]+0.089*[#   4]+0.037*[#   6]
          +0.037*[#  16]+0.037*[#  26]+0.029*[#  20]+0.029*[#  13]+0.029*[#  33]
          +0.028*[#  10]+0.028*[#  30]+0.028*[#  12]+0.028*[#  14]+0.028*[#  21]
          +0.028*[#  22]+0.028*[#  23]+0.028*[#  31]+0.028*[#  34]+0.013*[#  11]
          +0.013*[#  24]+0.013*[#  32]+0.002*[#   5]+0.002*[#  15]+0.002*[#  25]
          
    |psi|^2 = 0.854
==== e(  32) =    20.26205 eV ==== 
     psi = 0.230*[#   1]+0.075*[#   6]+0.075*[#  16]+0.075*[#  26]+0.071*[#   2]
          +0.071*[#   3]+0.071*[#   4]+0.035*[#  11]+0.035*[#  24]+0.035*[#  32]
          +0.011*[#  12]+0.011*[#  14]+0.011*[#  21]+0.011*[#  22]+0.011*[#  31]
          +0.011*[#  34]+0.003*[#   5]+0.003*[#  15]+0.003*[#  20]+0.003*[#  25]
          +0.002*[#  13]+0.002*[#  33]+0.001*[#  10]+0.001*[#  30]
    |psi|^2 = 0.855
==== e(  33) =    20.42068 eV ==== 
     psi = 0.207*[#   6]+0.207*[#  16]+0.207*[#  26]+0.023*[#   2]+0.023*[#   3]
          +0.023*[#   4]+0.022*[#  12]+0.022*[#  14]+0.022*[#  21]+0.022*[#  22]
          +0.022*[#  31]+0.022*[#  34]+0.003*[#   5]+0.003*[#  15]+0.003*[#  25]
          +0.002*[#  11]+0.002*[#  24]+0.002*[#  32]+0.002*[#  20]+0.001*[#  13]
          +0.001*[#  33]+0.001*[#  10]+0.001*[#  30]
    |psi|^2 = 0.845
==== e(  34) =    22.68021 eV ==== 
     psi = 0.092*[#   6]+0.092*[#  16]+0.092*[#  26]+0.073*[#   2]+0.073*[#   3]
          +0.073*[#   4]+0.030*[#   1]+0.013*[#  11]+0.013*[#  24]+0.013*[#  32]
          +0.007*[#  12]+0.007*[#  14]+0.007*[#  21]+0.007*[#  22]+0.007*[#  31]
          +0.007*[#  34]+0.003*[#   5]+0.003*[#  15]+0.003*[#  25]
    |psi|^2 = 0.615
==== e(  35) =    25.57584 eV ==== 
     psi = 0.023*[#   6]+0.023*[#  16]+0.023*[#  26]+0.019*[#   2]+0.019*[#   3]
          +0.019*[#   4]+0.005*[#   1]+0.003*[#  11]+0.003*[#  12]+0.003*[#  14]
          +0.003*[#  21]+0.003*[#  22]+0.003*[#  24]+0.003*[#  31]+0.003*[#  32]
          +0.003*[#  34]
    |psi|^2 = 0.161

 k =   0.2500000000  0.2500000000 -0.5000000000
==== e(   1) =   -87.42845 eV ==== 
     psi = 0.321*[#   5]+0.321*[#  15]+0.321*[#  25]+0.012*[#   2]+0.012*[#   3]
          +0.012*[#   4]
    |psi|^2 = 1.000
==== e(   2) =   -87.42384 eV ==== 
     psi = 0.326*[#   5]+0.326*[#  15]+0.326*[#  25]+0.006*[#   2]+0.006*[#   3]
          +0.006*[#   4]+0.002*[#   1]
    |psi|^2 = 1.000
==== e(   3) =   -87.41922 eV ==== 
     psi = 0.330*[#   5]+0.330*[#  15]+0.330*[#  25]+0.003*[#   6]+0.003*[#  16]
          +0.003*[#  26]
    |psi|^2 = 1.000
==== e(   4) =   -47.87314 eV ==== 
     psi = 0.166*[#   9]+0.166*[#  17]+0.166*[#  28]+0.083*[#   7]+0.083*[#   8]
          +0.083*[#  18]+0.083*[#  19]+0.083*[#  27]+0.083*[#  29]
    |psi|^2 = 1.000
==== e(   5) =   -47.86753 eV ==== 
     psi = 0.166*[#   7]+0.166*[#   8]+0.166*[#  18]+0.166*[#  19]+0.166*[#  27]
          +0.166*[#  29]+0.002*[#   1]+0.001*[#   2]+0.001*[#   3]+0.001*[#   4]
          
    |psi|^2 = 1.000
==== e(   6) =   -47.86328 eV ==== 
     psi = 0.166*[#   7]+0.166*[#   8]+0.166*[#  18]+0.166*[#  19]+0.166*[#  27]
          +0.166*[#  29]+0.002*[#   2]+0.002*[#   3]+0.002*[#   4]
    |psi|^2 = 1.000
==== e(   7) =   -47.83715 eV ==== 
     psi = 0.172*[#   9]+0.172*[#  17]+0.172*[#  28]+0.080*[#   7]+0.080*[#   8]
          +0.080*[#  18]+0.080*[#  19]+0.080*[#  27]+0.080*[#  29]+0.001*[#   2]
          +0.001*[#   3]+0.001*[#   4]
    |psi|^2 = 1.000
==== e(   8) =   -47.80938 eV ==== 
     psi = 0.138*[#   7]+0.138*[#   8]+0.138*[#  18]+0.138*[#  19]+0.138*[#  27]
          +0.138*[#  29]+0.057*[#   9]+0.057*[#  17]+0.057*[#  28]
    |psi|^2 = 1.000
==== e(   9) =   -47.79004 eV ==== 
     psi = 0.166*[#   7]+0.166*[#   8]+0.166*[#  18]+0.166*[#  19]+0.166*[#  27]
          +0.166*[#  29]
    |psi|^2 = 1.000
==== e(  10) =   -47.78548 eV ==== 
     psi = 0.167*[#   7]+0.167*[#   8]+0.167*[#  18]+0.167*[#  19]+0.167*[#  27]
          +0.167*[#  29]
    |psi|^2 = 1.000
==== e(  11) =   -47.74829 eV ==== 
     psi = 0.276*[#   9]+0.276*[#  17]+0.276*[#  28]+0.028*[#   7]+0.028*[#   8]
          +0.028*[#  18]+0.028*[#  19]+0.028*[#  27]+0.028*[#  29]
    |psi|^2 = 1.000
==== e(  12) =   -47.74188 eV ==== 
     psi = 0.328*[#   9]+0.328*[#  17]+0.328*[#  28]+0.003*[#   7]+0.003*[#   8]
          +0.003*[#  18]+0.003*[#  19]+0.003*[#  27]+0.003*[#  29]
    |psi|^2 = 1.000
==== e(  13) =     9.15548 eV ==== 
     psi = 0.463*[#   1]+0.064*[#   6]+0.064*[#  16]+0.064*[#  26]+0.057*[#   2]
          +0.057*[#   3]+0.057*[#   4]+0.040*[#  11]+0.040*[#  24]+0.040*[#  32]
          +0.007*[#  20]+0.005*[#  13]+0.005*[#  33]+0.003*[#  12]+0.003*[#  14]
          +0.003*[#  21]+0.003*[#  22]+0.003*[#  31]+0.003*[#  34]+0.002*[#  10]
          +0.002*[#  30]+0.001*[#   5]+0.001*[#  15]+0.001*[#  25]
    |psi|^2 = 0.993
==== e(  14) =    10.08292 eV ==== 
     psi = 0.142*[#   2]+0.142*[#   3]+0.142*[#   4]+0.136*[#   6]+0.136*[#  16]
          +0.136*[#  26]+0.016*[#  12]+0.016*[#  14]+0.016*[#  21]+0.016*[#  22]
          +0.016*[#  31]+0.016*[#  34]+0.015*[#  23]+0.012*[#  10]+0.012*[#  30]
          +0.005*[#   5]+0.005*[#  15]+0.005*[#  25]+0.004*[#  13]+0.004*[#  33]
          
    |psi|^2 = 0.997
==== e(  15) =    11.61408 eV ==== 
     psi = 0.147*[#  11]+0.147*[#  24]+0.147*[#  32]+0.052*[#   2]+0.052*[#   3]
          +0.052*[#   4]+0.045*[#   1]+0.043*[#  12]+0.043*[#  14]+0.043*[#  21]
          +0.043*[#  22]+0.043*[#  31]+0.043*[#  34]+0.031*[#   6]+0.031*[#  16]
          +0.031*[#  26]
    |psi|^2 = 0.996
==== e(  16) =    12.68362 eV ==== 
     psi = 0.134*[#  12]+0.134*[#  14]+0.134*[#  21]+0.134*[#  22]+0.134*[#  31]
          +0.134*[#  34]+0.053*[#   6]+0.053*[#  16]+0.053*[#  26]+0.005*[#  23]
          +0.004*[#  10]+0.004*[#  30]+0.002*[#  13]+0.002*[#  33]
    |psi|^2 = 0.983
==== e(  17) =    12.68387 eV ==== 
     psi = 0.180*[#  20]+0.149*[#  13]+0.149*[#  33]+0.087*[#  10]+0.087*[#  30]
          +0.056*[#  23]+0.024*[#  12]+0.024*[#  14]+0.024*[#  21]+0.024*[#  22]
          +0.024*[#  31]+0.024*[#  34]+0.023*[#   2]+0.023*[#   3]+0.023*[#   4]
          +0.018*[#   6]+0.018*[#  16]+0.018*[#  26]
    |psi|^2 = 0.975
==== e(  18) =    12.77446 eV ==== 
     psi = 0.130*[#   2]+0.130*[#   3]+0.130*[#   4]+0.087*[#  11]+0.087*[#  24]
          +0.087*[#  32]+0.081*[#  23]+0.061*[#  10]+0.061*[#  30]+0.020*[#  13]
          +0.020*[#  33]+0.014*[#  12]+0.014*[#  14]+0.014*[#  21]+0.014*[#  22]
          +0.014*[#  31]+0.014*[#  34]
    |psi|^2 = 0.983
==== e(  19) =    13.16865 eV ==== 
     psi = 0.124*[#  12]+0.124*[#  14]+0.124*[#  21]+0.124*[#  22]+0.124*[#  31]
          +0.124*[#  34]+0.045*[#  20]+0.034*[#  13]+0.034*[#  33]+0.015*[#   6]
          +0.015*[#  16]+0.015*[#  26]+0.011*[#  10]+0.011*[#  30]+0.004*[#   2]
          +0.004*[#   3]+0.004*[#   4]
    |psi|^2 = 0.939
==== e(  20) =    13.33014 eV ==== 
     psi = 0.084*[#  11]+0.084*[#  24]+0.084*[#  32]+0.075*[#  12]+0.075*[#  14]
          +0.075*[#  21]+0.075*[#  22]+0.075*[#  31]+0.075*[#  34]+0.067*[#  20]
          +0.051*[#  13]+0.051*[#  33]+0.021*[#   2]+0.021*[#   3]+0.021*[#   4]
          +0.017*[#  10]+0.017*[#  30]+0.013*[#   1]+0.002*[#   6]+0.002*[#  16]
          +0.002*[#  26]
    |psi|^2 = 0.985
==== e(  21) =    13.45253 eV ==== 
     psi = 0.172*[#  23]+0.129*[#  10]+0.129*[#  30]+0.063*[#  12]+0.063*[#  14]
          +0.063*[#  21]+0.063*[#  22]+0.063*[#  31]+0.063*[#  34]+0.043*[#  13]
          +0.043*[#  33]+0.032*[#  11]+0.032*[#  24]+0.032*[#  32]
    |psi|^2 = 0.988
==== e(  22) =    13.58028 eV ==== 
     psi = 0.136*[#  23]+0.108*[#  10]+0.108*[#  30]+0.081*[#  12]+0.081*[#  14]
          +0.081*[#  21]+0.081*[#  22]+0.081*[#  31]+0.081*[#  34]+0.053*[#  13]
          +0.053*[#  33]+0.025*[#  20]+0.004*[#   2]+0.004*[#   3]+0.004*[#   4]
          
    |psi|^2 = 0.985
==== e(  23) =    14.21836 eV ==== 
     psi = 0.224*[#  23]+0.170*[#  10]+0.170*[#  30]+0.064*[#  13]+0.064*[#  33]
          +0.048*[#  12]+0.048*[#  14]+0.048*[#  21]+0.048*[#  22]+0.048*[#  31]
          +0.048*[#  34]+0.011*[#  20]
    |psi|^2 = 0.994
==== e(  24) =    14.37808 eV ==== 
     psi = 0.211*[#  11]+0.211*[#  24]+0.211*[#  32]+0.118*[#  20]+0.088*[#  13]
          +0.088*[#  33]+0.029*[#  10]+0.029*[#  30]+0.005*[#   1]
    |psi|^2 = 0.991
==== e(  25) =    14.66370 eV ==== 
     psi = 0.182*[#  11]+0.182*[#  24]+0.182*[#  32]+0.064*[#  12]+0.064*[#  14]
          +0.064*[#  21]+0.064*[#  22]+0.064*[#  31]+0.064*[#  34]+0.014*[#  23]
          +0.011*[#  10]+0.011*[#  30]+0.005*[#   2]+0.005*[#   3]+0.005*[#   4]
          +0.004*[#  13]+0.004*[#  33]
    |psi|^2 = 0.986
==== e(  26) =    14.67003 eV ==== 
     psi = 0.314*[#  20]+0.236*[#  13]+0.236*[#  33]+0.081*[#  10]+0.081*[#  30]
          +0.005*[#   6]+0.005*[#  16]+0.005*[#  26]+0.005*[#  12]+0.005*[#  14]
          +0.005*[#  21]+0.005*[#  22]+0.005*[#  31]+0.005*[#  34]+0.003*[#  23]
          
    |psi|^2 = 0.996
==== e(  27) =    14.70149 eV ==== 
     psi = 0.101*[#  23]+0.088*[#  10]+0.088*[#  30]+0.065*[#  12]+0.065*[#  14]
          +0.065*[#  21]+0.065*[#  22]+0.065*[#  31]+0.065*[#  34]+0.061*[#  13]
          +0.061*[#  33]+0.048*[#  20]+0.037*[#   6]+0.037*[#  16]+0.037*[#  26]
          
    |psi|^2 = 0.950
==== e(  28) =    14.98641 eV ==== 
     psi = 0.138*[#  20]+0.115*[#  11]+0.115*[#  24]+0.115*[#  32]+0.104*[#  13]
          +0.104*[#  33]+0.037*[#   1]+0.035*[#  10]+0.035*[#  30]+0.025*[#  12]
          +0.025*[#  14]+0.025*[#  21]+0.025*[#  22]+0.025*[#  31]+0.025*[#  34]
          +0.011*[#   2]+0.011*[#   3]+0.011*[#   4]+0.003*[#   6]+0.003*[#  16]
          +0.003*[#  26]
    |psi|^2 = 0.986
==== e(  29) =    15.39323 eV ==== 
     psi = 0.115*[#  12]+0.115*[#  14]+0.115*[#  21]+0.115*[#  22]+0.115*[#  31]
          +0.115*[#  34]+0.100*[#  23]+0.076*[#  10]+0.076*[#  30]+0.028*[#  13]
          +0.028*[#  33]+0.003*[#  20]
    |psi|^2 = 1.000
==== e(  30) =    17.25071 eV ==== 
     psi = 0.174*[#   2]+0.174*[#   3]+0.174*[#   4]+0.064*[#  23]+0.048*[#  10]
          +0.048*[#  30]+0.029*[#  11]+0.029*[#  24]+0.029*[#  32]+0.025*[#  12]
          +0.025*[#  14]+0.025*[#  21]+0.025*[#  22]+0.025*[#  31]+0.025*[#  34]
          +0.016*[#  13]+0.016*[#  33]
    |psi|^2 = 0.954
==== e(  31) =    17.59974 eV ==== 
     psi = 0.109*[#   2]+0.109*[#   3]+0.109*[#   4]+0.056*[#   6]+0.056*[#  16]
          +0.056*[#  26]+0.031*[#  20]+0.029*[#  13]+0.029*[#  33]+0.025*[#  10]
          +0.025*[#  30]+0.023*[#  23]+0.016*[#  12]+0.016*[#  14]+0.016*[#  21]
          +0.016*[#  22]+0.016*[#  31]+0.016*[#  34]+0.004*[#   5]+0.004*[#  15]
          +0.004*[#  25]
    |psi|^2 = 0.768
==== e(  32) =    19.49750 eV ==== 
     psi = 0.388*[#   1]+0.067*[#   6]+0.067*[#  16]+0.067*[#  26]+0.051*[#  11]
          +0.051*[#  24]+0.051*[#  32]+0.043*[#   2]+0.043*[#   3]+0.043*[#   4]
          +0.016*[#  12]+0.016*[#  14]+0.016*[#  21]+0.016*[#  22]+0.016*[#  31]
          +0.016*[#  34]
    |psi|^2 = 0.970
==== e(  33) =    19.89274 eV ==== 
     psi = 0.236*[#   6]+0.236*[#  16]+0.236*[#  26]+0.031*[#  12]+0.031*[#  14]
          +0.031*[#  21]+0.031*[#  22]+0.031*[#  31]+0.031*[#  34]+0.004*[#  20]
          +0.003*[#  13]+0.003*[#  33]+0.003*[#   5]+0.003*[#  15]+0.003*[#  25]
          +0.001*[#  10]+0.001*[#  30]
    |psi|^2 = 0.911
==== e(  34) =    23.40166 eV ==== 
     psi = 0.090*[#   2]+0.090*[#   3]+0.090*[#   4]+0.087*[#   6]+0.087*[#  16]
          +0.087*[#  26]+0.030*[#   1]+0.016*[#  11]+0.016*[#  24]+0.016*[#  32]
          +0.005*[#  12]+0.005*[#  14]+0.005*[#  21]+0.005*[#  22]+0.005*[#  31]
          +0.005*[#  34]+0.003*[#   5]+0.003*[#  15]+0.003*[#  25]
    |psi|^2 = 0.646
==== e(  35) =    24.60961 eV ==== 
     psi = 0.031*[#   6]+0.031*[#  16]+0.031*[#  26]+0.010*[#   2]+0.010*[#   3]
          +0.010*[#   4]+0.005*[#  12]+0.005*[#  14]+0.005*[#  21]+0.005*[#  22]
          +0.005*[#  31]+0.005*[#  34]+0.001*[#  20]
    |psi|^2 = 0.157

 k =   0.2500000000  0.3750000000  0.3750000000
==== e(   1) =   -87.42813 eV ==== 
     psi = 0.324*[#   5]+0.324*[#  15]+0.324*[#  25]+0.009*[#   2]+0.009*[#   3]
          +0.009*[#   4]
    |psi|^2 = 1.000
==== e(   2) =   -87.42247 eV ==== 
     psi = 0.327*[#   5]+0.327*[#  15]+0.327*[#  25]+0.004*[#   2]+0.004*[#   3]
          +0.004*[#   4]+0.001*[#   6]+0.001*[#  16]+0.001*[#  26]
    |psi|^2 = 1.000
==== e(   3) =   -87.42089 eV ==== 
     psi = 0.331*[#   5]+0.331*[#  15]+0.331*[#  25]+0.002*[#   6]+0.002*[#  16]
          +0.002*[#  26]
    |psi|^2 = 1.000
==== e(   4) =   -47.88094 eV ==== 
     psi = 0.127*[#   9]+0.127*[#  17]+0.127*[#  28]+0.102*[#   7]+0.102*[#   8]
          +0.102*[#  18]+0.102*[#  19]+0.102*[#  27]+0.102*[#  29]+0.001*[#   1]
          
    |psi|^2 = 1.000
==== e(   5) =   -47.87045 eV ==== 
     psi = 0.147*[#   7]+0.147*[#   8]+0.147*[#  18]+0.147*[#  19]+0.147*[#  27]
          +0.147*[#  29]+0.038*[#   9]+0.038*[#  17]+0.038*[#  28]+0.002*[#   2]
          +0.002*[#   3]+0.002*[#   4]
    |psi|^2 = 1.000
==== e(   6) =   -47.86225 eV ==== 
     psi = 0.165*[#   7]+0.165*[#   8]+0.165*[#  18]+0.165*[#  19]+0.165*[#  27]
          +0.165*[#  29]+0.002*[#   2]+0.002*[#   3]+0.002*[#   4]+0.002*[#   9]
          +0.002*[#  17]+0.002*[#  28]
    |psi|^2 = 1.000
==== e(   7) =   -47.84928 eV ==== 
     psi = 0.169*[#   9]+0.169*[#  17]+0.169*[#  28]+0.081*[#   7]+0.081*[#   8]
          +0.081*[#  18]+0.081*[#  19]+0.081*[#  27]+0.081*[#  29]+0.001*[#   2]
          +0.001*[#   3]+0.001*[#   4]
    |psi|^2 = 1.000
==== e(   8) =   -47.79638 eV ==== 
     psi = 0.149*[#   7]+0.149*[#   8]+0.149*[#  18]+0.149*[#  19]+0.149*[#  27]
          +0.149*[#  29]+0.035*[#   9]+0.035*[#  17]+0.035*[#  28]
    |psi|^2 = 1.000
==== e(   9) =   -47.79214 eV ==== 
     psi = 0.161*[#   7]+0.161*[#   8]+0.161*[#  18]+0.161*[#  19]+0.161*[#  27]
          +0.161*[#  29]+0.011*[#   9]+0.011*[#  17]+0.011*[#  28]
    |psi|^2 = 1.000
==== e(  10) =   -47.78003 eV ==== 
     psi = 0.165*[#   7]+0.165*[#   8]+0.165*[#  18]+0.165*[#  19]+0.165*[#  27]
          +0.165*[#  29]+0.003*[#   9]+0.003*[#  17]+0.003*[#  28]
    |psi|^2 = 1.000
==== e(  11) =   -47.74822 eV ==== 
     psi = 0.297*[#   9]+0.297*[#  17]+0.297*[#  28]+0.018*[#   7]+0.018*[#   8]
          +0.018*[#  18]+0.018*[#  19]+0.018*[#  27]+0.018*[#  29]
    |psi|^2 = 1.000
==== e(  12) =   -47.73698 eV ==== 
     psi = 0.317*[#   9]+0.317*[#  17]+0.317*[#  28]+0.008*[#   7]+0.008*[#   8]
          +0.008*[#  18]+0.008*[#  19]+0.008*[#  27]+0.008*[#  29]
    |psi|^2 = 1.000
==== e(  13) =     9.14927 eV ==== 
     psi = 0.360*[#   1]+0.077*[#   2]+0.077*[#   3]+0.077*[#   4]+0.076*[#   6]
          +0.076*[#  16]+0.076*[#  26]+0.041*[#  11]+0.041*[#  24]+0.041*[#  32]
          +0.005*[#  12]+0.005*[#  14]+0.005*[#  21]+0.005*[#  22]+0.005*[#  31]
          +0.005*[#  34]+0.003*[#   5]+0.003*[#  15]+0.003*[#  25]+0.003*[#  20]
          +0.002*[#  13]+0.002*[#  33]
    |psi|^2 = 0.995
==== e(  14) =    10.96847 eV ==== 
     psi = 0.132*[#   1]+0.115*[#  11]+0.115*[#  24]+0.115*[#  32]+0.059*[#   6]
          +0.059*[#  16]+0.059*[#  26]+0.050*[#   2]+0.050*[#   3]+0.050*[#   4]
          +0.027*[#  12]+0.027*[#  14]+0.027*[#  21]+0.027*[#  22]+0.027*[#  31]
          +0.027*[#  34]+0.003*[#  23]+0.003*[#  10]+0.003*[#  30]+0.003*[#  13]
          +0.003*[#  33]+0.003*[#  20]+0.001*[#   5]+0.001*[#  15]+0.001*[#  25]
          
    |psi|^2 = 0.992
==== e(  15) =    11.36596 eV ==== 
     psi = 0.126*[#   2]+0.126*[#   3]+0.126*[#   4]+0.079*[#   6]+0.079*[#  16]
          +0.079*[#  26]+0.047*[#  12]+0.047*[#  14]+0.047*[#  21]+0.047*[#  22]
          +0.047*[#  31]+0.047*[#  34]+0.025*[#  23]+0.020*[#  10]+0.020*[#  30]
          +0.010*[#  13]+0.010*[#  33]+0.005*[#  20]+0.001*[#   5]
    |psi|^2 = 0.995
==== e(  16) =    12.21525 eV ==== 
     psi = 0.086*[#  12]+0.086*[#  14]+0.086*[#  21]+0.086*[#  22]+0.086*[#  31]
          +0.086*[#  34]+0.071*[#   6]+0.071*[#  16]+0.071*[#  26]+0.037*[#   2]
          +0.037*[#   3]+0.037*[#   4]+0.026*[#  11]+0.026*[#  24]+0.026*[#  32]
          +0.016*[#  23]+0.014*[#  10]+0.014*[#  30]+0.009*[#  13]+0.009*[#  33]
          +0.007*[#  20]
    |psi|^2 = 0.989
==== e(  17) =    12.81065 eV ==== 
     psi = 0.090*[#   2]+0.090*[#   3]+0.090*[#   4]+0.072*[#  20]+0.070*[#  13]
          +0.070*[#  33]+0.066*[#  10]+0.066*[#  30]+0.064*[#  23]+0.038*[#  11]
          +0.038*[#  24]+0.038*[#  32]+0.028*[#  12]+0.028*[#  14]+0.028*[#  21]
          +0.028*[#  22]+0.028*[#  31]+0.028*[#  34]+0.006*[#   6]+0.006*[#  16]
          +0.006*[#  26]+0.001*[#   1]
    |psi|^2 = 0.982
==== e(  18) =    12.96757 eV ==== 
     psi = 0.113*[#  20]+0.085*[#  13]+0.085*[#  33]+0.079*[#  11]+0.079*[#  24]
          +0.079*[#  32]+0.041*[#  12]+0.041*[#  14]+0.041*[#  21]+0.041*[#  22]
          +0.041*[#  31]+0.041*[#  34]+0.039*[#   2]+0.039*[#   3]+0.039*[#   4]
          +0.029*[#  10]+0.029*[#  30]+0.014*[#   1]+0.008*[#   6]+0.008*[#  16]
          +0.008*[#  26]
    |psi|^2 = 0.975
==== e(  19) =    13.07028 eV ==== 
     psi = 0.079*[#  12]+0.079*[#  14]+0.079*[#  21]+0.079*[#  22]+0.079*[#  31]
          +0.079*[#  34]+0.071*[#  23]+0.063*[#  10]+0.063*[#  30]+0.047*[#  13]
          +0.047*[#  33]+0.042*[#   2]+0.042*[#   3]+0.042*[#   4]+0.039*[#  20]
          +0.012*[#  11]+0.012*[#  24]+0.012*[#  32]+0.004*[#   6]+0.004*[#  16]
          +0.004*[#  26]
    |psi|^2 = 0.984
==== e(  20) =    13.41493 eV ==== 
     psi = 0.101*[#  12]+0.101*[#  14]+0.101*[#  21]+0.101*[#  22]+0.101*[#  31]
          +0.101*[#  34]+0.049*[#  20]+0.037*[#  13]+0.037*[#  33]+0.024*[#   6]
          +0.024*[#  16]+0.024*[#  26]+0.016*[#  11]+0.016*[#  24]+0.016*[#  32]
          +0.013*[#  10]+0.013*[#  30]+0.009*[#   2]+0.009*[#   3]+0.009*[#   4]
          +0.001*[#  23]
    |psi|^2 = 0.905
==== e(  21) =    13.56372 eV ==== 
     psi = 0.119*[#  23]+0.093*[#  12]+0.093*[#  14]+0.093*[#  21]+0.093*[#  22]
          +0.093*[#  31]+0.093*[#  34]+0.090*[#  10]+0.090*[#  30]+0.030*[#  13]
          +0.030*[#  33]+0.015*[#  11]+0.015*[#  24]+0.015*[#  32]+0.010*[#   2]
          +0.010*[#   3]+0.010*[#   4]
    |psi|^2 = 0.993
==== e(  22) =    13.58814 eV ==== 
     psi = 0.145*[#  23]+0.112*[#  10]+0.112*[#  30]+0.075*[#  12]+0.075*[#  14]
          +0.075*[#  21]+0.075*[#  22]+0.075*[#  31]+0.075*[#  34]+0.045*[#  13]
          +0.045*[#  33]+0.018*[#  11]+0.018*[#  24]+0.018*[#  32]+0.012*[#  20]
          +0.004*[#   2]+0.004*[#   3]+0.004*[#   4]+0.002*[#   6]+0.002*[#  16]
          +0.002*[#  26]
    |psi|^2 = 0.990
==== e(  23) =    14.06908 eV ==== 
     psi = 0.217*[#  23]+0.163*[#  10]+0.163*[#  30]+0.057*[#  12]+0.057*[#  14]
          +0.057*[#  21]+0.057*[#  22]+0.057*[#  31]+0.057*[#  34]+0.054*[#  13]
          +0.054*[#  33]
    |psi|^2 = 0.996
==== e(  24) =    14.45586 eV ==== 
     psi = 0.191*[#  20]+0.149*[#  13]+0.149*[#  33]+0.117*[#  11]+0.117*[#  24]
          +0.117*[#  32]+0.064*[#  10]+0.064*[#  30]+0.021*[#  23]+0.001*[#   6]
          +0.001*[#  16]+0.001*[#  26]
    |psi|^2 = 0.994
==== e(  25) =    14.47392 eV ==== 
     psi = 0.198*[#  20]+0.149*[#  13]+0.149*[#  33]+0.096*[#  11]+0.096*[#  24]
          +0.096*[#  32]+0.050*[#  10]+0.050*[#  30]+0.016*[#  12]+0.016*[#  14]
          +0.016*[#  21]+0.016*[#  22]+0.016*[#  31]+0.016*[#  34]+0.004*[#   6]
          +0.004*[#  16]+0.004*[#  26]+0.001*[#   2]+0.001*[#   3]+0.001*[#   4]
          
    |psi|^2 = 0.992
==== e(  26) =    14.68439 eV ==== 
     psi = 0.178*[#  11]+0.178*[#  24]+0.178*[#  32]+0.067*[#  20]+0.056*[#  13]
          +0.056*[#  33]+0.035*[#  10]+0.035*[#  30]+0.030*[#  12]+0.030*[#  14]
          +0.030*[#  21]+0.030*[#  22]+0.030*[#  31]+0.030*[#  34]+0.024*[#  23]
          +0.001*[#   2]+0.001*[#   3]+0.001*[#   4]
    |psi|^2 = 0.995
==== e(  27) =    14.76824 eV ==== 
     psi = 0.108*[#  20]+0.093*[#  11]+0.093*[#  24]+0.093*[#  32]+0.088*[#  13]
          +0.088*[#  33]+0.048*[#  10]+0.048*[#  30]+0.040*[#  12]+0.040*[#  14]
          +0.040*[#  21]+0.040*[#  22]+0.040*[#  31]+0.040*[#  34]+0.028*[#  23]
          +0.011*[#   6]+0.011*[#  16]+0.011*[#  26]+0.006*[#   2]+0.006*[#   3]
          +0.006*[#   4]
    |psi|^2 = 0.980
==== e(  28) =    15.39830 eV ==== 
     psi = 0.112*[#  23]+0.109*[#  12]+0.109*[#  14]+0.109*[#  21]+0.109*[#  22]
          +0.109*[#  31]+0.109*[#  34]+0.084*[#  10]+0.084*[#  30]+0.029*[#  13]
          +0.029*[#  33]+0.002*[#   2]+0.002*[#   3]+0.002*[#   4]+0.001*[#  11]
          +0.001*[#  24]+0.001*[#  32]
    |psi|^2 = 0.999
==== e(  29) =    15.40161 eV ==== 
     psi = 0.111*[#   1]+0.075*[#  20]+0.061*[#  13]+0.061*[#  33]+0.059*[#  11]
          +0.059*[#  24]+0.059*[#  32]+0.053*[#   6]+0.053*[#  16]+0.053*[#  26]
          +0.034*[#  10]+0.034*[#  30]+0.021*[#  23]+0.020*[#   2]+0.020*[#   3]
          +0.020*[#   4]+0.015*[#  12]+0.015*[#  14]+0.015*[#  21]+0.015*[#  22]
          +0.015*[#  31]+0.015*[#  34]
    |psi|^2 = 0.888
==== e(  30) =    16.29172 eV ==== 
     psi = 0.084*[#   2]+0.084*[#   3]+0.084*[#   4]+0.074*[#  23]+0.063*[#  12]
          +0.063*[#  14]+0.063*[#  21]+0.063*[#  22]+0.063*[#  31]+0.063*[#  34]
          +0.063*[#  10]+0.063*[#  30]+0.040*[#  13]+0.040*[#  33]+0.028*[#  20]
          +0.010*[#   6]+0.010*[#  16]+0.010*[#  26]+0.007*[#  11]+0.007*[#  24]
          +0.007*[#  32]
    |psi|^2 = 0.991
==== e(  31) =    16.94139 eV ==== 
     psi = 0.136*[#   2]+0.136*[#   3]+0.136*[#   4]+0.052*[#  23]+0.043*[#  10]
          +0.043*[#  30]+0.026*[#  12]+0.026*[#  14]+0.026*[#  21]+0.026*[#  22]
          +0.026*[#  31]+0.026*[#  34]+0.025*[#  13]+0.025*[#  33]+0.023*[#   6]
          +0.023*[#  16]+0.023*[#  26]+0.017*[#  20]+0.015*[#  11]+0.015*[#  24]
          +0.015*[#  32]+0.004*[#   1]+0.001*[#   5]+0.001*[#  15]+0.001*[#  25]
          
    |psi|^2 = 0.897
==== e(  32) =    19.56325 eV ==== 
     psi = 0.236*[#   1]+0.132*[#   6]+0.132*[#  16]+0.132*[#  26]+0.035*[#  11]
          +0.035*[#  24]+0.035*[#  32]+0.026*[#   2]+0.026*[#   3]+0.026*[#   4]
          +0.023*[#  12]+0.023*[#  14]+0.023*[#  21]+0.023*[#  22]+0.023*[#  31]
          +0.023*[#  34]+0.002*[#  20]+0.002*[#  13]+0.002*[#  33]+0.001*[#   5]
          +0.001*[#  15]+0.001*[#  25]
    |psi|^2 = 0.962
==== e(  33) =    21.08651 eV ==== 
     psi = 0.196*[#   6]+0.196*[#  16]+0.196*[#  26]+0.040*[#   2]+0.040*[#   3]
          +0.040*[#   4]+0.019*[#  12]+0.019*[#  14]+0.019*[#  21]+0.019*[#  22]
          +0.019*[#  31]+0.019*[#  34]+0.003*[#   5]+0.003*[#  15]+0.003*[#  25]
          +0.001*[#  11]+0.001*[#  24]+0.001*[#  32]
    |psi|^2 = 0.839
==== e(  34) =    21.16121 eV ==== 
     psi = 0.123*[#   1]+0.077*[#   2]+0.077*[#   3]+0.077*[#   4]+0.077*[#   6]
          +0.077*[#  16]+0.077*[#  26]+0.029*[#  11]+0.029*[#  24]+0.029*[#  32]
          +0.009*[#  12]+0.009*[#  14]+0.009*[#  21]+0.009*[#  22]+0.009*[#  31]
          +0.009*[#  34]+0.002*[#  20]+0.002*[#   5]+0.002*[#  15]+0.002*[#  25]
          +0.002*[#  13]+0.002*[#  33]
    |psi|^2 = 0.739
==== e(  35) =    23.91970 eV ==== 
     psi = 0.049*[#   6]+0.049*[#  16]+0.049*[#  26]+0.028*[#   2]+0.028*[#   3]
          +0.028*[#   4]+0.008*[#   1]+0.006*[#  12]+0.006*[#  14]+0.006*[#  21]
          +0.006*[#  22]+0.006*[#  31]+0.006*[#  34]+0.004*[#  11]+0.004*[#  24]
          +0.004*[#  32]+0.001*[#   5]+0.001*[#  15]+0.001*[#  25]
    |psi|^2 = 0.292

 k =   0.2500000000  0.3750000000 -0.5000000000
==== e(   1) =   -87.42634 eV ==== 
     psi = 0.326*[#   5]+0.326*[#  15]+0.326*[#  25]+0.007*[#   2]+0.007*[#   3]
          +0.007*[#   4]
    |psi|^2 = 1.000
==== e(   2) =   -87.42383 eV ==== 
     psi = 0.327*[#   5]+0.327*[#  15]+0.327*[#  25]+0.005*[#   2]+0.005*[#   3]
          +0.005*[#   4]+0.001*[#   6]+0.001*[#  16]+0.001*[#  26]
    |psi|^2 = 1.000
==== e(   3) =   -87.42133 eV ==== 
     psi = 0.331*[#   5]+0.331*[#  15]+0.331*[#  25]+0.002*[#   6]+0.002*[#  16]
          +0.002*[#  26]
    |psi|^2 = 1.000
==== e(   4) =   -47.87756 eV ==== 
     psi = 0.165*[#   7]+0.165*[#   8]+0.165*[#  18]+0.165*[#  19]+0.165*[#  27]
          +0.165*[#  29]+0.002*[#   2]+0.002*[#   3]+0.002*[#   4]+0.002*[#   1]
          
    |psi|^2 = 1.000
==== e(   5) =   -47.87583 eV ==== 
     psi = 0.213*[#   9]+0.213*[#  17]+0.213*[#  28]+0.060*[#   7]+0.060*[#   8]
          +0.060*[#  18]+0.060*[#  19]+0.060*[#  27]+0.060*[#  29]
    |psi|^2 = 1.000
==== e(   6) =   -47.86536 eV ==== 
     psi = 0.165*[#   7]+0.165*[#   8]+0.165*[#  18]+0.165*[#  19]+0.165*[#  27]
          +0.165*[#  29]+0.002*[#   2]+0.002*[#   3]+0.002*[#   4]
    |psi|^2 = 1.000
==== e(   7) =   -47.85543 eV ==== 
     psi = 0.121*[#   9]+0.121*[#  17]+0.121*[#  28]+0.105*[#   7]+0.105*[#   8]
          +0.105*[#  18]+0.105*[#  19]+0.105*[#  27]+0.105*[#  29]+0.002*[#   2]
          +0.002*[#   3]+0.002*[#   4]
    |psi|^2 = 1.000
==== e(   8) =   -47.79428 eV ==== 
     psi = 0.154*[#   7]+0.154*[#   8]+0.154*[#  18]+0.154*[#  19]+0.154*[#  27]
          +0.154*[#  29]+0.025*[#   9]+0.025*[#  17]+0.025*[#  28]
    |psi|^2 = 1.000
==== e(   9) =   -47.78810 eV ==== 
     psi = 0.167*[#   7]+0.167*[#   8]+0.167*[#  18]+0.167*[#  19]+0.167*[#  27]
          +0.167*[#  29]
    |psi|^2 = 1.000
==== e(  10) =   -47.77606 eV ==== 
     psi = 0.167*[#   7]+0.167*[#   8]+0.167*[#  18]+0.167*[#  19]+0.167*[#  27]
          +0.167*[#  29]
    |psi|^2 = 1.000
==== e(  11) =   -47.75029 eV ==== 
     psi = 0.311*[#   9]+0.311*[#  17]+0.311*[#  28]+0.011*[#   7]+0.011*[#   8]
          +0.011*[#  18]+0.011*[#  19]+0.011*[#  27]+0.011*[#  29]
    |psi|^2 = 1.000
==== e(  12) =   -47.73520 eV ==== 
     psi = 0.329*[#   9]+0.329*[#  17]+0.329*[#  28]+0.002*[#   7]+0.002*[#   8]
          +0.002*[#  18]+0.002*[#  19]+0.002*[#  27]+0.002*[#  29]
    |psi|^2 = 1.000
==== e(  13) =     9.64548 eV ==== 
     psi = 0.466*[#   1]+0.090*[#  11]+0.090*[#  24]+0.090*[#  32]+0.045*[#   2]
          +0.045*[#   3]+0.045*[#   4]+0.030*[#   6]+0.030*[#  16]+0.030*[#  26]
          +0.003*[#  12]+0.003*[#  14]+0.003*[#  20]+0.003*[#  21]+0.003*[#  22]
          +0.003*[#  31]+0.003*[#  34]+0.002*[#  13]+0.002*[#  33]
    |psi|^2 = 0.993
==== e(  14) =    10.69011 eV ==== 
     psi = 0.126*[#   2]+0.126*[#   3]+0.126*[#   4]+0.120*[#   6]+0.120*[#  16]
          +0.120*[#  26]+0.035*[#  12]+0.035*[#  14]+0.035*[#  21]+0.035*[#  22]
          +0.035*[#  31]+0.035*[#  34]+0.011*[#  23]+0.008*[#  10]+0.008*[#  30]
          +0.003*[#  13]+0.003*[#  33]+0.003*[#   5]+0.003*[#  15]+0.003*[#  25]
          
    |psi|^2 = 0.995
==== e(  15) =    11.30926 eV ==== 
     psi = 0.082*[#   2]+0.082*[#   3]+0.082*[#   4]+0.078*[#  11]+0.078*[#  24]
          +0.078*[#  32]+0.058*[#   6]+0.058*[#  16]+0.058*[#  26]+0.049*[#  12]
          +0.049*[#  14]+0.049*[#  21]+0.049*[#  22]+0.049*[#  31]+0.049*[#  34]
          +0.031*[#   1]+0.004*[#  23]+0.003*[#  10]+0.003*[#  30]+0.002*[#  13]
          +0.002*[#  33]+0.001*[#  20]
    |psi|^2 = 0.996
==== e(  16) =    12.22664 eV ==== 
     psi = 0.111*[#  12]+0.111*[#  14]+0.111*[#  21]+0.111*[#  22]+0.111*[#  31]
          +0.111*[#  34]+0.085*[#   6]+0.085*[#  16]+0.085*[#  26]+0.015*[#  20]
          +0.012*[#  13]+0.012*[#  33]+0.005*[#   2]+0.005*[#   3]+0.005*[#   4]
          +0.005*[#  10]+0.005*[#  30]+0.001*[#  23]
    |psi|^2 = 0.986
==== e(  17) =    12.86027 eV ==== 
     psi = 0.144*[#   2]+0.144*[#   3]+0.144*[#   4]+0.120*[#  11]+0.120*[#  24]
          +0.120*[#  32]+0.047*[#  23]+0.036*[#  10]+0.036*[#  30]+0.017*[#   1]
          +0.012*[#  13]+0.012*[#  33]+0.005*[#  12]+0.005*[#  14]+0.005*[#  21]
          +0.005*[#  22]+0.005*[#  31]+0.005*[#  34]
    |psi|^2 = 0.987
==== e(  18) =    12.95021 eV ==== 
     psi = 0.101*[#  20]+0.093*[#  13]+0.093*[#  33]+0.077*[#  10]+0.077*[#  30]
          +0.069*[#  23]+0.054*[#  12]+0.054*[#  14]+0.054*[#  21]+0.054*[#  22]
          +0.054*[#  31]+0.054*[#  34]+0.043*[#   2]+0.043*[#   3]+0.043*[#   4]
          +0.006*[#   6]+0.006*[#  16]+0.006*[#  26]
    |psi|^2 = 0.986
==== e(  19) =    13.16876 eV ==== 
     psi = 0.065*[#  12]+0.065*[#  14]+0.065*[#  21]+0.065*[#  22]+0.065*[#  31]
          +0.065*[#  34]+0.061*[#  20]+0.058*[#  13]+0.058*[#  33]+0.053*[#  10]
          +0.053*[#  30]+0.050*[#  23]+0.043*[#   2]+0.043*[#   3]+0.043*[#   4]
          +0.041*[#  11]+0.041*[#  24]+0.041*[#  32]+0.010*[#   1]+0.002*[#   6]
          +0.002*[#  16]+0.002*[#  26]
    |psi|^2 = 0.989
==== e(  20) =    13.49387 eV ==== 
     psi = 0.092*[#  20]+0.083*[#  12]+0.083*[#  14]+0.083*[#  21]+0.083*[#  22]
          +0.083*[#  31]+0.083*[#  34]+0.069*[#  13]+0.069*[#  33]+0.028*[#   6]
          +0.028*[#  16]+0.028*[#  26]+0.024*[#  10]+0.024*[#  30]+0.006*[#   2]
          +0.006*[#   3]+0.006*[#   4]
    |psi|^2 = 0.881
==== e(  21) =    13.60891 eV ==== 
     psi = 0.123*[#  23]+0.095*[#  10]+0.095*[#  30]+0.085*[#  12]+0.085*[#  14]
          +0.085*[#  21]+0.085*[#  22]+0.085*[#  31]+0.085*[#  34]+0.038*[#  13]
          +0.038*[#  33]+0.019*[#  11]+0.019*[#  24]+0.019*[#  32]+0.010*[#  20]
          +0.008*[#   2]+0.008*[#   3]+0.008*[#   4]
    |psi|^2 = 0.991
==== e(  22) =    13.63349 eV ==== 
     psi = 0.130*[#  23]+0.105*[#  10]+0.105*[#  30]+0.079*[#  12]+0.079*[#  14]
          +0.079*[#  21]+0.079*[#  22]+0.079*[#  31]+0.079*[#  34]+0.057*[#  13]
          +0.057*[#  33]+0.033*[#  20]+0.006*[#   2]+0.006*[#   3]+0.006*[#   4]
          
    |psi|^2 = 0.983
==== e(  23) =    13.98117 eV ==== 
     psi = 0.218*[#  23]+0.164*[#  10]+0.164*[#  30]+0.056*[#  12]+0.056*[#  14]
          +0.056*[#  21]+0.056*[#  22]+0.056*[#  31]+0.056*[#  34]+0.056*[#  13]
          +0.056*[#  33]+0.002*[#  20]
    |psi|^2 = 0.996
==== e(  24) =    14.44869 eV ==== 
     psi = 0.154*[#  11]+0.154*[#  24]+0.154*[#  32]+0.139*[#  20]+0.107*[#  13]
          +0.107*[#  33]+0.044*[#  10]+0.044*[#  30]+0.012*[#  23]+0.010*[#  12]
          +0.010*[#  14]+0.010*[#  21]+0.010*[#  22]+0.010*[#  31]+0.010*[#  34]
          +0.004*[#   2]+0.004*[#   3]+0.004*[#   4]+0.001*[#   1]
    |psi|^2 = 0.990
==== e(  25) =    14.51842 eV ==== 
     psi = 0.307*[#  20]+0.232*[#  13]+0.232*[#  33]+0.082*[#  10]+0.082*[#  30]
          +0.007*[#  23]+0.006*[#   6]+0.006*[#  16]+0.006*[#  26]+0.005*[#  12]
          +0.005*[#  14]+0.005*[#  21]+0.005*[#  22]+0.005*[#  31]+0.005*[#  34]
          
    |psi|^2 = 0.995
==== e(  26) =    14.68710 eV ==== 
     psi = 0.237*[#  11]+0.237*[#  24]+0.237*[#  32]+0.031*[#  12]+0.031*[#  14]
          +0.031*[#  21]+0.031*[#  22]+0.031*[#  31]+0.031*[#  34]+0.014*[#  20]
          +0.013*[#  13]+0.013*[#  33]+0.012*[#  10]+0.012*[#  30]+0.011*[#  23]
          +0.007*[#   2]+0.007*[#   3]+0.007*[#   4]
    |psi|^2 = 0.991
==== e(  27) =    14.86255 eV ==== 
     psi = 0.069*[#  20]+0.068*[#  13]+0.068*[#  33]+0.067*[#  10]+0.067*[#  30]
          +0.066*[#  23]+0.062*[#   6]+0.062*[#  16]+0.062*[#  26]+0.054*[#  12]
          +0.054*[#  14]+0.054*[#  21]+0.054*[#  22]+0.054*[#  31]+0.054*[#  34]
          
    |psi|^2 = 0.918
==== e(  28) =    14.95992 eV ==== 
     psi = 0.160*[#  11]+0.160*[#  24]+0.160*[#  32]+0.094*[#  20]+0.071*[#  13]
          +0.071*[#  33]+0.050*[#   1]+0.027*[#   2]+0.027*[#   3]+0.027*[#   4]
          +0.024*[#  10]+0.024*[#  30]+0.013*[#  12]+0.013*[#  14]+0.013*[#  21]
          +0.013*[#  22]+0.013*[#  31]+0.013*[#  34]
    |psi|^2 = 0.977
==== e(  29) =    15.33035 eV ==== 
     psi = 0.110*[#  23]+0.108*[#  12]+0.108*[#  14]+0.108*[#  21]+0.108*[#  22]
          +0.108*[#  31]+0.108*[#  34]+0.083*[#  10]+0.083*[#  30]+0.029*[#  13]
          +0.029*[#  33]+0.003*[#   6]+0.003*[#  16]+0.003*[#  20]+0.003*[#  26]
          
    |psi|^2 = 0.995
==== e(  30) =    16.44438 eV ==== 
     psi = 0.109*[#   2]+0.109*[#   3]+0.109*[#   4]+0.084*[#  23]+0.065*[#  10]
          +0.065*[#  30]+0.049*[#  12]+0.049*[#  14]+0.049*[#  21]+0.049*[#  22]
          +0.049*[#  31]+0.049*[#  34]+0.028*[#  13]+0.028*[#  33]+0.020*[#  11]
          +0.020*[#  24]+0.020*[#  32]+0.012*[#   1]+0.009*[#  20]+0.004*[#   6]
          +0.004*[#  16]+0.004*[#  26]
    |psi|^2 = 0.982
==== e(  31) =    16.54351 eV ==== 
     psi = 0.089*[#   2]+0.089*[#   3]+0.089*[#   4]+0.051*[#  23]+0.047*[#  10]
          +0.047*[#  30]+0.041*[#  12]+0.041*[#  14]+0.041*[#  21]+0.041*[#  22]
          +0.041*[#  31]+0.041*[#  34]+0.041*[#   6]+0.041*[#  16]+0.041*[#  26]
          +0.040*[#  13]+0.040*[#  33]+0.036*[#  20]+0.002*[#   5]+0.002*[#  15]
          +0.002*[#  25]
    |psi|^2 = 0.906
==== e(  32) =    19.71886 eV ==== 
     psi = 0.338*[#   1]+0.067*[#   6]+0.067*[#  16]+0.067*[#  26]+0.060*[#   2]
          +0.060*[#   3]+0.060*[#   4]+0.055*[#  11]+0.055*[#  24]+0.055*[#  32]
          +0.013*[#  12]+0.013*[#  14]+0.013*[#  21]+0.013*[#  22]+0.013*[#  31]
          +0.013*[#  34]
    |psi|^2 = 0.969
==== e(  33) =    20.25188 eV ==== 
     psi = 0.207*[#   6]+0.207*[#  16]+0.207*[#  26]+0.028*[#  12]+0.028*[#  14]
          +0.028*[#  21]+0.028*[#  22]+0.028*[#  31]+0.028*[#  34]+0.016*[#   2]
          +0.016*[#   3]+0.016*[#   4]+0.003*[#  20]+0.003*[#   5]+0.003*[#  13]
          +0.003*[#  15]+0.003*[#  25]+0.003*[#  33]+0.001*[#  10]+0.001*[#  30]
          
    |psi|^2 = 0.857
==== e(  34) =    21.83391 eV ==== 
     psi = 0.125*[#   6]+0.125*[#  16]+0.125*[#  26]+0.084*[#   2]+0.084*[#   3]
          +0.084*[#   4]+0.067*[#   1]+0.020*[#  11]+0.020*[#  24]+0.020*[#  32]
          +0.010*[#  12]+0.010*[#  14]+0.010*[#  21]+0.010*[#  22]+0.010*[#  31]
          +0.010*[#  34]+0.003*[#   5]+0.003*[#  15]+0.003*[#  25]
    |psi|^2 = 0.824
==== e(  35) =    22.91362 eV ==== 
     psi = 0.056*[#   6]+0.056*[#  16]+0.056*[#  26]+0.011*[#   2]+0.011*[#   3]
          +0.011*[#   4]+0.010*[#  12]+0.010*[#  14]+0.010*[#  21]+0.010*[#  22]
          +0.010*[#  31]+0.010*[#  34]+0.002*[#  20]+0.001*[#  13]+0.001*[#  33]
          
    |psi|^2 = 0.268

 k =   0.2500000000 -0.5000000000 -0.5000000000
==== e(   1) =   -87.42381 eV ==== 
     psi = 0.333*[#   5]+0.333*[#  15]+0.333*[#  25]
    |psi|^2 = 1.000
==== e(   2) =   -87.42381 eV ==== 
     psi = 0.327*[#   5]+0.327*[#  15]+0.327*[#  25]+0.005*[#   2]+0.005*[#   3]
          +0.005*[#   4]+0.001*[#   6]+0.001*[#  16]+0.001*[#  26]
    |psi|^2 = 1.000
==== e(   3) =   -87.42381 eV ==== 
     psi = 0.327*[#   5]+0.327*[#  15]+0.327*[#  25]+0.005*[#   2]+0.005*[#   3]
          +0.005*[#   4]+0.001*[#   6]+0.001*[#  16]+0.001*[#  26]
    |psi|^2 = 1.000
==== e(   4) =   -47.88130 eV ==== 
     psi = 0.165*[#   7]+0.165*[#   8]+0.165*[#  18]+0.165*[#  19]+0.165*[#  27]
          +0.165*[#  29]+0.002*[#   2]+0.002*[#   3]+0.002*[#   4]+0.002*[#   1]
          
    |psi|^2 = 1.000
==== e(   5) =   -47.87294 eV ==== 
     psi = 0.333*[#   9]+0.333*[#  17]+0.333*[#  28]
    |psi|^2 = 1.000
==== e(   6) =   -47.86522 eV ==== 
     psi = 0.165*[#   7]+0.165*[#   8]+0.165*[#  18]+0.165*[#  19]+0.165*[#  27]
          +0.165*[#  29]+0.002*[#   2]+0.002*[#   3]+0.002*[#   4]
    |psi|^2 = 1.000
==== e(   7) =   -47.86522 eV ==== 
     psi = 0.165*[#   7]+0.165*[#   8]+0.165*[#  18]+0.165*[#  19]+0.165*[#  27]
          +0.165*[#  29]+0.002*[#   2]+0.002*[#   3]+0.002*[#   4]
    |psi|^2 = 1.000
==== e(   8) =   -47.78777 eV ==== 
     psi = 0.167*[#   7]+0.167*[#   8]+0.167*[#  18]+0.167*[#  19]+0.167*[#  27]
          +0.167*[#  29]
    |psi|^2 = 1.000
==== e(   9) =   -47.78777 eV ==== 
     psi = 0.167*[#   7]+0.167*[#   8]+0.167*[#  18]+0.167*[#  19]+0.167*[#  27]
          +0.167*[#  29]
    |psi|^2 = 1.000
==== e(  10) =   -47.77208 eV ==== 
     psi = 0.167*[#   7]+0.167*[#   8]+0.167*[#  18]+0.167*[#  19]+0.167*[#  27]
          +0.167*[#  29]
    |psi|^2 = 1.000
==== e(  11) =   -47.75231 eV ==== 
     psi = 0.333*[#   9]+0.333*[#  17]+0.333*[#  28]
    |psi|^2 = 1.000
==== e(  12) =   -47.73213 eV ==== 
     psi = 0.333*[#   9]+0.333*[#  17]+0.333*[#  28]
    |psi|^2 = 1.000
==== e(  13) =     9.93965 eV ==== 
     psi = 0.501*[#   1]+0.149*[#  11]+0.149*[#  24]+0.149*[#  32]+0.014*[#   2]
          +0.014*[#   3]+0.014*[#   4]
    |psi|^2 = 0.992
==== e(  14) =    11.10669 eV ==== 
     psi = 0.125*[#   2]+0.125*[#   3]+0.125*[#   4]+0.085*[#   6]+0.085*[#  16]
          +0.085*[#  26]+0.055*[#  12]+0.055*[#  14]+0.055*[#  21]+0.055*[#  22]
          +0.055*[#  31]+0.055*[#  34]+0.007*[#  23]+0.006*[#  10]+0.006*[#  30]
          +0.004*[#  13]+0.004*[#  33]+0.003*[#  20]+0.002*[#   5]+0.002*[#  15]
          +0.002*[#  25]
    |psi|^2 = 0.996
==== e(  15) =    11.10669 eV ==== 
     psi = 0.125*[#   2]+0.125*[#   3]+0.125*[#   4]+0.085*[#   6]+0.085*[#  16]
          +0.085*[#  26]+0.055*[#  12]+0.055*[#  14]+0.055*[#  21]+0.055*[#  22]
          +0.055*[#  31]+0.055*[#  34]+0.007*[#  23]+0.006*[#  10]+0.006*[#  30]
          +0.004*[#  13]+0.004*[#  33]+0.003*[#  20]+0.002*[#   5]+0.002*[#  15]
          +0.002*[#  25]
    |psi|^2 = 0.996
==== e(  16) =    11.90091 eV ==== 
     psi = 0.128*[#   6]+0.128*[#  16]+0.128*[#  26]+0.093*[#  12]+0.093*[#  14]
          +0.093*[#  21]+0.093*[#  22]+0.093*[#  31]+0.093*[#  34]+0.013*[#  20]
          +0.010*[#  13]+0.010*[#  33]+0.003*[#  10]+0.003*[#  30]
    |psi|^2 = 0.985
==== e(  17) =    12.88021 eV ==== 
     psi = 0.178*[#  11]+0.178*[#  24]+0.178*[#  32]+0.137*[#   2]+0.137*[#   3]
          +0.137*[#   4]+0.041*[#   1]
    |psi|^2 = 0.990
==== e(  18) =    13.11061 eV ==== 
     psi = 0.088*[#  23]+0.081*[#  10]+0.081*[#  30]+0.066*[#  13]+0.066*[#  33]
          +0.060*[#  12]+0.060*[#  14]+0.060*[#  21]+0.060*[#  22]+0.060*[#  31]
          +0.060*[#  34]+0.060*[#   2]+0.060*[#   3]+0.060*[#   4]+0.059*[#  20]
          +0.002*[#   6]+0.002*[#  16]+0.002*[#  26]
    |psi|^2 = 0.990
==== e(  19) =    13.11061 eV ==== 
     psi = 0.088*[#  23]+0.081*[#  10]+0.081*[#  30]+0.066*[#  13]+0.066*[#  33]
          +0.060*[#  12]+0.060*[#  14]+0.060*[#  21]+0.060*[#  22]+0.060*[#  31]
          +0.060*[#  34]+0.060*[#   2]+0.060*[#   3]+0.060*[#   4]+0.059*[#  20]
          +0.002*[#   6]+0.002*[#  16]+0.002*[#  26]
    |psi|^2 = 0.990
==== e(  20) =    13.68577 eV ==== 
     psi = 0.110*[#  23]+0.097*[#  12]+0.097*[#  14]+0.097*[#  21]+0.097*[#  22]
          +0.097*[#  31]+0.097*[#  34]+0.086*[#  10]+0.086*[#  30]+0.038*[#  13]
          +0.038*[#  33]+0.014*[#  20]+0.013*[#   2]+0.013*[#   3]+0.013*[#   4]
          
    |psi|^2 = 0.992
==== e(  21) =    13.68577 eV ==== 
     psi = 0.110*[#  23]+0.097*[#  12]+0.097*[#  14]+0.097*[#  21]+0.097*[#  22]
          +0.097*[#  31]+0.097*[#  34]+0.086*[#  10]+0.086*[#  30]+0.038*[#  13]
          +0.038*[#  33]+0.014*[#  20]+0.013*[#   2]+0.013*[#   3]+0.013*[#   4]
          
    |psi|^2 = 0.992
==== e(  22) =    13.69182 eV ==== 
     psi = 0.174*[#  20]+0.130*[#  13]+0.130*[#  33]+0.043*[#  10]+0.043*[#  30]
          +0.038*[#  12]+0.038*[#  14]+0.038*[#  21]+0.038*[#  22]+0.038*[#  31]
          +0.038*[#  34]+0.029*[#   6]+0.029*[#  16]+0.029*[#  26]
    |psi|^2 = 0.838
==== e(  23) =    13.86781 eV ==== 
     psi = 0.222*[#  23]+0.166*[#  10]+0.166*[#  30]+0.055*[#  13]+0.055*[#  33]
          +0.055*[#  12]+0.055*[#  14]+0.055*[#  21]+0.055*[#  22]+0.055*[#  31]
          +0.055*[#  34]
    |psi|^2 = 0.997
==== e(  24) =    14.54330 eV ==== 
     psi = 0.228*[#  20]+0.179*[#  13]+0.179*[#  33]+0.083*[#  10]+0.083*[#  30]
          +0.034*[#  23]+0.028*[#  12]+0.028*[#  14]+0.028*[#  21]+0.028*[#  22]
          +0.028*[#  31]+0.028*[#  34]+0.010*[#   2]+0.010*[#   3]+0.010*[#   4]
          
    |psi|^2 = 0.989
==== e(  25) =    14.54330 eV ==== 
     psi = 0.228*[#  20]+0.179*[#  13]+0.179*[#  33]+0.083*[#  10]+0.083*[#  30]
          +0.034*[#  23]+0.028*[#  12]+0.028*[#  14]+0.028*[#  21]+0.028*[#  22]
          +0.028*[#  31]+0.028*[#  34]+0.010*[#   2]+0.010*[#   3]+0.010*[#   4]
          
    |psi|^2 = 0.989
==== e(  26) =    14.64062 eV ==== 
     psi = 0.332*[#  11]+0.332*[#  24]+0.332*[#  32]
    |psi|^2 = 0.997
==== e(  27) =    14.73684 eV ==== 
     psi = 0.141*[#  20]+0.112*[#   6]+0.112*[#  16]+0.112*[#  26]+0.106*[#  13]
          +0.106*[#  33]+0.035*[#  10]+0.035*[#  30]+0.020*[#  12]+0.020*[#  14]
          +0.020*[#  21]+0.020*[#  22]+0.020*[#  31]+0.020*[#  34]
    |psi|^2 = 0.882
==== e(  28) =    14.90885 eV ==== 
     psi = 0.258*[#  11]+0.258*[#  24]+0.258*[#  32]+0.062*[#   1]+0.044*[#   2]
          +0.044*[#   3]+0.044*[#   4]
    |psi|^2 = 0.969
==== e(  29) =    15.21409 eV ==== 
     psi = 0.111*[#  12]+0.111*[#  14]+0.111*[#  21]+0.111*[#  22]+0.111*[#  31]
          +0.111*[#  34]+0.111*[#  23]+0.083*[#  10]+0.083*[#  30]+0.028*[#  13]
          +0.028*[#  33]
    |psi|^2 = 0.999
==== e(  30) =    16.11675 eV ==== 
     psi = 0.092*[#  23]+0.076*[#  10]+0.076*[#  30]+0.069*[#  12]+0.069*[#  14]
          +0.069*[#  21]+0.069*[#  22]+0.069*[#  31]+0.069*[#  34]+0.065*[#   2]
          +0.065*[#   3]+0.065*[#   4]+0.044*[#  13]+0.044*[#  33]+0.028*[#  20]
          +0.006*[#   6]+0.006*[#  16]+0.006*[#  26]
    |psi|^2 = 0.994
==== e(  31) =    16.11675 eV ==== 
     psi = 0.092*[#  23]+0.076*[#  10]+0.076*[#  30]+0.069*[#  12]+0.069*[#  14]
          +0.069*[#  21]+0.069*[#  22]+0.069*[#  31]+0.069*[#  34]+0.065*[#   2]
          +0.065*[#   3]+0.065*[#   4]+0.044*[#  13]+0.044*[#  33]+0.028*[#  20]
          +0.006*[#   6]+0.006*[#  16]+0.006*[#  26]
    |psi|^2 = 0.994
==== e(  32) =    20.27766 eV ==== 
     psi = 0.392*[#   1]+0.117*[#   2]+0.117*[#   3]+0.117*[#   4]+0.077*[#  11]
          +0.077*[#  24]+0.077*[#  32]
    |psi|^2 = 0.972
==== e(  33) =    20.86113 eV ==== 
     psi = 0.203*[#   6]+0.203*[#  16]+0.203*[#  26]+0.036*[#   2]+0.036*[#   3]
          +0.036*[#   4]+0.023*[#  12]+0.023*[#  14]+0.023*[#  21]+0.023*[#  22]
          +0.023*[#  31]+0.023*[#  34]+0.003*[#   5]+0.003*[#  15]+0.003*[#  25]
          
    |psi|^2 = 0.866
==== e(  34) =    20.86113 eV ==== 
     psi = 0.203*[#   6]+0.203*[#  16]+0.203*[#  26]+0.036*[#   2]+0.036*[#   3]
          +0.036*[#   4]+0.023*[#  12]+0.023*[#  14]+0.023*[#  21]+0.023*[#  22]
          +0.023*[#  31]+0.023*[#  34]+0.003*[#   5]+0.003*[#  15]+0.003*[#  25]
          
    |psi|^2 = 0.866
==== e(  35) =    21.92505 eV ==== 
     psi = 0.054*[#   6]+0.054*[#  16]+0.054*[#  26]+0.014*[#  12]+0.014*[#  14]
          +0.014*[#  21]+0.014*[#  22]+0.014*[#  31]+0.014*[#  34]+0.004*[#  20]
          +0.003*[#  13]+0.003*[#  33]+0.001*[#  10]+0.001*[#  30]
    |psi|^2 = 0.261

 k =   0.3750000000  0.3750000000  0.3750000000
==== e(   1) =   -87.42654 eV ==== 
     psi = 0.327*[#   5]+0.327*[#  15]+0.327*[#  25]+0.006*[#   2]+0.006*[#   3]
          +0.006*[#   4]
    |psi|^2 = 1.000
==== e(   2) =   -87.42245 eV ==== 
     psi = 0.330*[#   5]+0.330*[#  15]+0.330*[#  25]+0.001*[#   2]+0.001*[#   3]
          +0.001*[#   4]+0.001*[#   6]+0.001*[#  16]+0.001*[#  26]
    |psi|^2 = 1.000
==== e(   3) =   -87.42245 eV ==== 
     psi = 0.330*[#   5]+0.330*[#  15]+0.330*[#  25]+0.001*[#   2]+0.001*[#   3]
          +0.001*[#   4]+0.001*[#   6]+0.001*[#  16]+0.001*[#  26]
    |psi|^2 = 1.000
==== e(   4) =   -47.88589 eV ==== 
     psi = 0.196*[#   9]+0.196*[#  17]+0.196*[#  28]+0.068*[#   7]+0.068*[#   8]
          +0.068*[#  18]+0.068*[#  19]+0.068*[#  27]+0.068*[#  29]
    |psi|^2 = 1.000
==== e(   5) =   -47.87300 eV ==== 
     psi = 0.165*[#   7]+0.165*[#   8]+0.165*[#  18]+0.165*[#  19]+0.165*[#  27]
          +0.165*[#  29]+0.003*[#   2]+0.003*[#   3]+0.003*[#   4]
    |psi|^2 = 1.000
==== e(   6) =   -47.87300 eV ==== 
     psi = 0.165*[#   7]+0.165*[#   8]+0.165*[#  18]+0.165*[#  19]+0.165*[#  27]
          +0.165*[#  29]+0.003*[#   2]+0.003*[#   3]+0.003*[#   4]
    |psi|^2 = 1.000
==== e(   7) =   -47.86675 eV ==== 
     psi = 0.137*[#   9]+0.137*[#  17]+0.137*[#  28]+0.097*[#   7]+0.097*[#   8]
          +0.097*[#  18]+0.097*[#  19]+0.097*[#  27]+0.097*[#  29]+0.002*[#   2]
          +0.002*[#   3]+0.002*[#   4]
    |psi|^2 = 1.000
==== e(   8) =   -47.78194 eV ==== 
     psi = 0.161*[#   7]+0.161*[#   8]+0.161*[#  18]+0.161*[#  19]+0.161*[#  27]
          +0.161*[#  29]+0.011*[#   9]+0.011*[#  17]+0.011*[#  28]
    |psi|^2 = 1.000
==== e(   9) =   -47.78194 eV ==== 
     psi = 0.161*[#   7]+0.161*[#   8]+0.161*[#  18]+0.161*[#  19]+0.161*[#  27]
          +0.161*[#  29]+0.011*[#   9]+0.011*[#  17]+0.011*[#  28]
    |psi|^2 = 1.000
==== e(  10) =   -47.77844 eV ==== 
     psi = 0.167*[#   7]+0.167*[#   8]+0.167*[#  18]+0.167*[#  19]+0.167*[#  27]
          +0.167*[#  29]
    |psi|^2 = 1.000
==== e(  11) =   -47.73810 eV ==== 
     psi = 0.322*[#   9]+0.322*[#  17]+0.322*[#  28]+0.006*[#   7]+0.006*[#   8]
          +0.006*[#  18]+0.006*[#  19]+0.006*[#  27]+0.006*[#  29]
    |psi|^2 = 1.000
==== e(  12) =   -47.73810 eV ==== 
     psi = 0.322*[#   9]+0.322*[#  17]+0.322*[#  28]+0.006*[#   7]+0.006*[#   8]
          +0.006*[#  18]+0.006*[#  19]+0.006*[#  27]+0.006*[#  29]
    |psi|^2 = 1.000
==== e(  13) =     9.61746 eV ==== 
     psi = 0.389*[#   1]+0.099*[#  11]+0.099*[#  24]+0.099*[#  32]+0.052*[#   2]
          +0.052*[#   3]+0.052*[#   4]+0.039*[#   6]+0.039*[#  16]+0.039*[#  26]
          +0.005*[#  12]+0.005*[#  14]+0.005*[#  21]+0.005*[#  22]+0.005*[#  31]
          +0.005*[#  34]+0.001*[#  20]+0.001*[#   5]+0.001*[#  15]+0.001*[#  25]
          +0.001*[#  13]+0.001*[#  33]
    |psi|^2 = 0.996
==== e(  14) =    11.01655 eV ==== 
     psi = 0.089*[#  11]+0.089*[#  24]+0.089*[#  32]+0.080*[#   6]+0.080*[#  16]
          +0.080*[#  26]+0.056*[#   2]+0.056*[#   3]+0.056*[#   4]+0.047*[#   1]
          +0.045*[#  12]+0.045*[#  14]+0.045*[#  21]+0.045*[#  22]+0.045*[#  31]
          +0.045*[#  34]+0.001*[#   5]+0.001*[#  15]+0.001*[#  25]
    |psi|^2 = 0.995
==== e(  15) =    11.79288 eV ==== 
     psi = 0.091*[#  12]+0.091*[#  14]+0.091*[#  21]+0.091*[#  22]+0.091*[#  31]
          +0.091*[#  34]+0.079*[#   6]+0.079*[#  16]+0.079*[#  26]+0.058*[#   2]
          +0.058*[#   3]+0.058*[#   4]+0.010*[#  23]+0.008*[#  10]+0.008*[#  30]
          +0.003*[#  13]+0.003*[#  33]+0.001*[#  11]+0.001*[#  24]+0.001*[#  32]
          
    |psi|^2 = 0.993
==== e(  16) =    11.79288 eV ==== 
     psi = 0.091*[#  12]+0.091*[#  14]+0.091*[#  21]+0.091*[#  22]+0.091*[#  31]
          +0.091*[#  34]+0.079*[#   6]+0.079*[#  16]+0.079*[#  26]+0.058*[#   2]
          +0.058*[#   3]+0.058*[#   4]+0.010*[#  23]+0.008*[#  10]+0.008*[#  30]
          +0.003*[#  13]+0.003*[#  33]+0.001*[#  11]+0.001*[#  24]+0.001*[#  32]
          
    |psi|^2 = 0.993
==== e(  17) =    13.03794 eV ==== 
     psi = 0.133*[#  20]+0.100*[#  13]+0.100*[#  33]+0.069*[#   2]+0.069*[#   3]
          +0.069*[#   4]+0.040*[#  12]+0.040*[#  14]+0.040*[#  21]+0.040*[#  22]
          +0.040*[#  31]+0.040*[#  34]+0.037*[#  11]+0.037*[#  24]+0.037*[#  32]
          +0.033*[#  10]+0.033*[#  30]+0.013*[#   1]+0.004*[#   6]+0.004*[#  16]
          +0.004*[#  26]
    |psi|^2 = 0.984
==== e(  18) =    13.05678 eV ==== 
     psi = 0.130*[#   2]+0.130*[#   3]+0.130*[#   4]+0.071*[#  23]+0.060*[#  10]
          +0.060*[#  30]+0.037*[#  13]+0.037*[#  33]+0.036*[#  12]+0.036*[#  14]
          +0.036*[#  21]+0.036*[#  22]+0.036*[#  31]+0.036*[#  34]+0.026*[#  11]
          +0.026*[#  24]+0.026*[#  32]+0.026*[#  20]+0.001*[#   6]+0.001*[#  16]
          +0.001*[#  26]
    |psi|^2 = 0.986
==== e(  19) =    13.05678 eV ==== 
     psi = 0.130*[#   2]+0.130*[#   3]+0.130*[#   4]+0.071*[#  23]+0.060*[#  10]
          +0.060*[#  30]+0.037*[#  13]+0.037*[#  33]+0.036*[#  12]+0.036*[#  14]
          +0.036*[#  21]+0.036*[#  22]+0.036*[#  31]+0.036*[#  34]+0.026*[#  11]
          +0.026*[#  24]+0.026*[#  32]+0.026*[#  20]+0.001*[#   6]+0.001*[#  16]
          +0.001*[#  26]
    |psi|^2 = 0.986
==== e(  20) =    13.61605 eV ==== 
     psi = 0.137*[#  23]+0.103*[#  10]+0.103*[#  30]+0.082*[#  12]+0.082*[#  14]
          +0.082*[#  21]+0.082*[#  22]+0.082*[#  31]+0.082*[#  34]+0.035*[#  13]
          +0.035*[#  33]+0.017*[#  11]+0.017*[#  24]+0.017*[#  32]+0.013*[#   2]
          +0.013*[#   3]+0.013*[#   4]
    |psi|^2 = 0.995
==== e(  21) =    13.61605 eV ==== 
     psi = 0.137*[#  23]+0.103*[#  10]+0.103*[#  30]+0.082*[#  12]+0.082*[#  14]
          +0.082*[#  21]+0.082*[#  22]+0.082*[#  31]+0.082*[#  34]+0.035*[#  13]
          +0.035*[#  33]+0.017*[#  11]+0.017*[#  24]+0.017*[#  32]+0.013*[#   2]
          +0.013*[#   3]+0.013*[#   4]
    |psi|^2 = 0.995
==== e(  22) =    13.79520 eV ==== 
     psi = 0.109*[#  20]+0.082*[#  13]+0.082*[#  33]+0.060*[#  12]+0.060*[#  14]
          +0.060*[#  21]+0.060*[#  22]+0.060*[#  31]+0.060*[#  34]+0.027*[#  10]
          +0.027*[#  30]+0.026*[#   6]+0.026*[#  16]+0.026*[#  26]+0.012*[#   2]
          +0.012*[#   3]+0.012*[#   4]+0.005*[#  11]+0.005*[#  24]+0.005*[#  32]
          +0.001*[#   1]
    |psi|^2 = 0.820
==== e(  23) =    13.86993 eV ==== 
     psi = 0.207*[#  23]+0.155*[#  10]+0.155*[#  30]+0.063*[#  12]+0.063*[#  14]
          +0.063*[#  21]+0.063*[#  22]+0.063*[#  31]+0.063*[#  34]+0.052*[#  13]
          +0.052*[#  33]
    |psi|^2 = 0.997
==== e(  24) =    14.43496 eV ==== 
     psi = 0.229*[#  20]+0.173*[#  13]+0.173*[#  33]+0.095*[#  11]+0.095*[#  24]
          +0.095*[#  32]+0.061*[#  10]+0.061*[#  30]+0.005*[#  23]+0.003*[#   6]
          +0.003*[#  16]+0.003*[#  26]
    |psi|^2 = 0.995
==== e(  25) =    14.43496 eV ==== 
     psi = 0.229*[#  20]+0.173*[#  13]+0.173*[#  33]+0.095*[#  11]+0.095*[#  24]
          +0.095*[#  32]+0.061*[#  10]+0.061*[#  30]+0.005*[#  23]+0.003*[#   6]
          +0.003*[#  16]+0.003*[#  26]
    |psi|^2 = 0.995
==== e(  26) =    14.72980 eV ==== 
     psi = 0.178*[#  11]+0.178*[#  24]+0.178*[#  32]+0.064*[#  20]+0.053*[#  13]
          +0.053*[#  33]+0.030*[#  12]+0.030*[#  14]+0.030*[#  21]+0.030*[#  22]
          +0.030*[#  31]+0.030*[#  34]+0.029*[#  10]+0.029*[#  30]+0.017*[#  23]
          +0.011*[#   2]+0.011*[#   3]+0.011*[#   4]
    |psi|^2 = 0.991
==== e(  27) =    14.72980 eV ==== 
     psi = 0.178*[#  11]+0.178*[#  24]+0.178*[#  32]+0.064*[#  20]+0.053*[#  13]
          +0.053*[#  33]+0.030*[#  12]+0.030*[#  14]+0.030*[#  21]+0.030*[#  22]
          +0.030*[#  31]+0.030*[#  34]+0.029*[#  10]+0.029*[#  30]+0.017*[#  23]
          +0.011*[#   2]+0.011*[#   3]+0.011*[#   4]
    |psi|^2 = 0.991
==== e(  28) =    15.49339 eV ==== 
     psi = 0.126*[#  23]+0.104*[#  12]+0.104*[#  14]+0.104*[#  21]+0.104*[#  22]
          +0.104*[#  31]+0.104*[#  34]+0.094*[#  10]+0.094*[#  30]+0.031*[#  13]
          +0.031*[#  33]
    |psi|^2 = 1.000
==== e(  29) =    15.55552 eV ==== 
     psi = 0.084*[#  20]+0.082*[#   1]+0.076*[#   6]+0.076*[#  16]+0.076*[#  26]
          +0.063*[#  13]+0.063*[#  33]+0.033*[#   2]+0.033*[#   3]+0.033*[#   4]
          +0.021*[#  10]+0.021*[#  30]+0.019*[#  11]+0.019*[#  24]+0.019*[#  32]
          +0.001*[#  12]+0.001*[#  14]+0.001*[#  21]+0.001*[#  22]+0.001*[#  31]
          +0.001*[#  34]+0.001*[#   5]+0.001*[#  15]+0.001*[#  25]
    |psi|^2 = 0.728
==== e(  30) =    16.02583 eV ==== 
     psi = 0.092*[#   2]+0.092*[#   3]+0.092*[#   4]+0.092*[#  23]+0.071*[#  10]
          +0.071*[#  30]+0.060*[#  12]+0.060*[#  14]+0.060*[#  21]+0.060*[#  22]
          +0.060*[#  31]+0.060*[#  34]+0.031*[#  13]+0.031*[#  33]+0.014*[#  11]
          +0.014*[#  24]+0.014*[#  32]+0.011*[#  20]+0.001*[#   6]+0.001*[#  16]
          +0.001*[#  26]
    |psi|^2 = 0.990
==== e(  31) =    16.02583 eV ==== 
     psi = 0.092*[#   2]+0.092*[#   3]+0.092*[#   4]+0.092*[#  23]+0.071*[#  10]
          +0.071*[#  30]+0.060*[#  12]+0.060*[#  14]+0.060*[#  21]+0.060*[#  22]
          +0.060*[#  31]+0.060*[#  34]+0.031*[#  13]+0.031*[#  33]+0.014*[#  11]
          +0.014*[#  24]+0.014*[#  32]+0.011*[#  20]+0.001*[#   6]+0.001*[#  16]
          +0.001*[#  26]
    |psi|^2 = 0.990
==== e(  32) =    19.67707 eV ==== 
     psi = 0.447*[#   1]+0.080*[#  11]+0.080*[#  24]+0.080*[#  32]+0.057*[#   2]
          +0.057*[#   3]+0.057*[#   4]+0.003*[#  12]+0.003*[#  14]+0.003*[#  21]
          +0.003*[#  22]+0.003*[#  31]+0.003*[#  34]+0.002*[#  20]+0.002*[#  13]
          +0.002*[#  33]
    |psi|^2 = 0.887
==== e(  33) =    19.99617 eV ==== 
     psi = 0.228*[#   6]+0.228*[#  16]+0.228*[#  26]+0.034*[#  12]+0.034*[#  14]
          +0.034*[#  21]+0.034*[#  22]+0.034*[#  31]+0.034*[#  34]+0.014*[#   2]
          +0.014*[#   3]+0.014*[#   4]+0.003*[#  20]+0.002*[#   5]+0.002*[#  15]
          +0.002*[#  25]+0.002*[#  13]+0.002*[#  33]
    |psi|^2 = 0.942
==== e(  34) =    19.99617 eV ==== 
     psi = 0.228*[#   6]+0.228*[#  16]+0.228*[#  26]+0.034*[#  12]+0.034*[#  14]
          +0.034*[#  21]+0.034*[#  22]+0.034*[#  31]+0.034*[#  34]+0.014*[#   2]
          +0.014*[#   3]+0.014*[#   4]+0.003*[#  20]+0.002*[#   5]+0.002*[#  15]
          +0.002*[#  25]+0.002*[#  13]+0.002*[#  33]
    |psi|^2 = 0.942
==== e(  35) =    22.24702 eV ==== 
     psi = 0.085*[#   6]+0.085*[#  16]+0.085*[#  26]+0.030*[#   2]+0.030*[#   3]
          +0.030*[#   4]+0.017*[#   1]+0.012*[#  12]+0.012*[#  14]+0.012*[#  21]
          +0.012*[#  22]+0.012*[#  31]+0.012*[#  34]+0.005*[#  11]+0.005*[#  24]
          +0.005*[#  32]+0.001*[#   5]+0.001*[#  15]+0.001*[#  25]+0.001*[#  20]
          
    |psi|^2 = 0.457

 k =   0.3750000000  0.3750000000 -0.5000000000
==== e(   1) =   -87.42517 eV ==== 
     psi = 0.329*[#   5]+0.329*[#  15]+0.329*[#  25]+0.003*[#   2]+0.003*[#   3]
          +0.003*[#   4]
    |psi|^2 = 1.000
==== e(   2) =   -87.42380 eV ==== 
     psi = 0.329*[#   5]+0.329*[#  15]+0.329*[#  25]+0.003*[#   2]+0.003*[#   3]
          +0.003*[#   4]
    |psi|^2 = 1.000
==== e(   3) =   -87.42243 eV ==== 
     psi = 0.332*[#   5]+0.332*[#  15]+0.332*[#  25]+0.001*[#   6]+0.001*[#  16]
          +0.001*[#  26]
    |psi|^2 = 1.000
==== e(   4) =   -47.88537 eV ==== 
     psi = 0.279*[#   9]+0.279*[#  17]+0.279*[#  28]+0.027*[#   7]+0.027*[#   8]
          +0.027*[#  18]+0.027*[#  19]+0.027*[#  27]+0.027*[#  29]
    |psi|^2 = 1.000
==== e(   5) =   -47.87791 eV ==== 
     psi = 0.165*[#   7]+0.165*[#   8]+0.165*[#  18]+0.165*[#  19]+0.165*[#  27]
          +0.165*[#  29]+0.002*[#   2]+0.002*[#   3]+0.002*[#   4]
    |psi|^2 = 1.000
==== e(   6) =   -47.87665 eV ==== 
     psi = 0.165*[#   7]+0.165*[#   8]+0.165*[#  18]+0.165*[#  19]+0.165*[#  27]
          +0.165*[#  29]+0.003*[#   2]+0.003*[#   3]+0.003*[#   4]
    |psi|^2 = 1.000
==== e(   7) =   -47.87115 eV ==== 
     psi = 0.138*[#   7]+0.138*[#   8]+0.138*[#  18]+0.138*[#  19]+0.138*[#  27]
          +0.138*[#  29]+0.054*[#   9]+0.054*[#  17]+0.054*[#  28]+0.002*[#   2]
          +0.002*[#   3]+0.002*[#   4]
    |psi|^2 = 1.000
==== e(   8) =   -47.78080 eV ==== 
     psi = 0.162*[#   7]+0.162*[#   8]+0.162*[#  18]+0.162*[#  19]+0.162*[#  27]
          +0.162*[#  29]+0.008*[#   9]+0.008*[#  17]+0.008*[#  28]
    |psi|^2 = 1.000
==== e(   9) =   -47.77676 eV ==== 
     psi = 0.167*[#   7]+0.167*[#   8]+0.167*[#  18]+0.167*[#  19]+0.167*[#  27]
          +0.167*[#  29]
    |psi|^2 = 1.000
==== e(  10) =   -47.77501 eV ==== 
     psi = 0.167*[#   7]+0.167*[#   8]+0.167*[#  18]+0.167*[#  19]+0.167*[#  27]
          +0.167*[#  29]
    |psi|^2 = 1.000
==== e(  11) =   -47.73863 eV ==== 
     psi = 0.325*[#   9]+0.325*[#  17]+0.325*[#  28]+0.004*[#   7]+0.004*[#   8]
          +0.004*[#  18]+0.004*[#  19]+0.004*[#  27]+0.004*[#  29]
    |psi|^2 = 1.000
==== e(  12) =   -47.73449 eV ==== 
     psi = 0.333*[#   9]+0.333*[#  17]+0.333*[#  28]
    |psi|^2 = 1.000
==== e(  13) =     9.85895 eV ==== 
     psi = 0.420*[#   1]+0.158*[#  11]+0.158*[#  24]+0.158*[#  32]+0.021*[#   2]
          +0.021*[#   3]+0.021*[#   4]+0.009*[#   6]+0.009*[#  16]+0.009*[#  26]
          +0.001*[#  12]+0.001*[#  14]+0.001*[#  21]+0.001*[#  22]+0.001*[#  31]
          +0.001*[#  34]
    |psi|^2 = 0.996
==== e(  14) =    11.17615 eV ==== 
     psi = 0.110*[#   6]+0.110*[#  16]+0.110*[#  26]+0.082*[#   2]+0.082*[#   3]
          +0.082*[#   4]+0.067*[#  12]+0.067*[#  14]+0.067*[#  21]+0.067*[#  22]
          +0.067*[#  31]+0.067*[#  34]+0.004*[#  23]+0.003*[#  10]+0.003*[#  30]
          +0.001*[#  13]+0.001*[#  33]
    |psi|^2 = 0.994
==== e(  15) =    11.43701 eV ==== 
     psi = 0.078*[#   6]+0.078*[#  16]+0.078*[#  26]+0.077*[#  12]+0.077*[#  14]
          +0.077*[#  21]+0.077*[#  22]+0.077*[#  31]+0.077*[#  34]+0.064*[#   2]
          +0.064*[#   3]+0.064*[#   4]+0.034*[#  11]+0.034*[#  24]+0.034*[#  32]
          +0.003*[#   1]
    |psi|^2 = 0.996
==== e(  16) =    11.98295 eV ==== 
     psi = 0.125*[#  12]+0.125*[#  14]+0.125*[#  21]+0.125*[#  22]+0.125*[#  31]
          +0.125*[#  34]+0.078*[#   6]+0.078*[#  16]+0.078*[#  26]+0.002*[#  20]
          +0.001*[#  13]+0.001*[#  33]
    |psi|^2 = 0.992
==== e(  17) =    13.06672 eV ==== 
     psi = 0.115*[#   2]+0.115*[#   3]+0.115*[#   4]+0.078*[#  20]+0.073*[#  13]
          +0.073*[#  33]+0.064*[#  10]+0.064*[#  30]+0.059*[#  23]+0.037*[#  12]
          +0.037*[#  14]+0.037*[#  21]+0.037*[#  22]+0.037*[#  31]+0.037*[#  34]
          +0.001*[#   6]+0.001*[#  16]+0.001*[#  26]
    |psi|^2 = 0.988
==== e(  18) =    13.11436 eV ==== 
     psi = 0.205*[#   2]+0.205*[#   3]+0.205*[#   4]+0.077*[#  23]+0.057*[#  10]
          +0.057*[#  30]+0.043*[#  11]+0.043*[#  24]+0.043*[#  32]+0.019*[#  13]
          +0.019*[#  33]
    |psi|^2 = 0.986
==== e(  19) =    13.19033 eV ==== 
     psi = 0.121*[#   2]+0.121*[#   3]+0.121*[#   4]+0.063*[#  20]+0.047*[#  13]
          +0.047*[#  33]+0.046*[#  11]+0.046*[#  24]+0.046*[#  32]+0.046*[#  12]
          +0.046*[#  14]+0.046*[#  21]+0.046*[#  22]+0.046*[#  31]+0.046*[#  34]
          +0.020*[#   1]+0.016*[#  10]+0.016*[#  30]
    |psi|^2 = 0.988
==== e(  20) =    13.64270 eV ==== 
     psi = 0.147*[#  23]+0.113*[#  10]+0.113*[#  30]+0.080*[#  12]+0.080*[#  14]
          +0.080*[#  21]+0.080*[#  22]+0.080*[#  31]+0.080*[#  34]+0.045*[#  13]
          +0.045*[#  33]+0.013*[#   2]+0.013*[#   3]+0.013*[#   4]+0.010*[#  20]
          
    |psi|^2 = 0.996
==== e(  21) =    13.64300 eV ==== 
     psi = 0.140*[#  23]+0.105*[#  10]+0.105*[#  30]+0.078*[#  12]+0.078*[#  14]
          +0.078*[#  21]+0.078*[#  22]+0.078*[#  31]+0.078*[#  34]+0.035*[#  13]
          +0.035*[#  33]+0.019*[#  11]+0.019*[#  24]+0.019*[#  32]+0.015*[#   2]
          +0.015*[#   3]+0.015*[#   4]
    |psi|^2 = 0.995
==== e(  22) =    13.78717 eV ==== 
     psi = 0.207*[#  23]+0.156*[#  10]+0.156*[#  30]+0.062*[#  12]+0.062*[#  14]
          +0.062*[#  21]+0.062*[#  22]+0.062*[#  31]+0.062*[#  34]+0.052*[#  13]
          +0.052*[#  33]
    |psi|^2 = 0.997
==== e(  23) =    13.98505 eV ==== 
     psi = 0.164*[#  20]+0.124*[#  13]+0.124*[#  33]+0.044*[#  10]+0.044*[#  30]
          +0.036*[#  12]+0.036*[#  14]+0.036*[#  21]+0.036*[#  22]+0.036*[#  31]
          +0.036*[#  34]+0.017*[#   6]+0.017*[#  16]+0.017*[#  26]+0.013*[#   2]
          +0.013*[#   3]+0.013*[#   4]+0.003*[#  23]
    |psi|^2 = 0.806
==== e(  24) =    14.42649 eV ==== 
     psi = 0.326*[#  20]+0.244*[#  13]+0.244*[#  33]+0.081*[#  10]+0.081*[#  30]
          +0.006*[#   6]+0.006*[#  16]+0.006*[#  26]
    |psi|^2 = 0.995
==== e(  25) =    14.47128 eV ==== 
     psi = 0.177*[#  11]+0.177*[#  24]+0.177*[#  32]+0.144*[#  20]+0.108*[#  13]
          +0.108*[#  33]+0.036*[#  10]+0.036*[#  30]+0.006*[#   2]+0.006*[#   3]
          +0.006*[#   4]+0.004*[#   1]+0.001*[#   6]+0.001*[#  16]+0.001*[#  26]
          
    |psi|^2 = 0.993
==== e(  26) =    14.71151 eV ==== 
     psi = 0.255*[#  11]+0.255*[#  24]+0.255*[#  32]+0.022*[#  12]+0.022*[#  14]
          +0.022*[#  21]+0.022*[#  22]+0.022*[#  31]+0.022*[#  34]+0.022*[#   2]
          +0.022*[#   3]+0.022*[#   4]+0.008*[#  23]+0.006*[#  10]+0.006*[#  30]
          +0.002*[#  13]+0.002*[#  33]
    |psi|^2 = 0.989
==== e(  27) =    14.80388 eV ==== 
     psi = 0.153*[#  11]+0.153*[#  24]+0.153*[#  32]+0.122*[#  20]+0.091*[#  13]
          +0.091*[#  33]+0.033*[#   2]+0.033*[#   3]+0.033*[#   4]+0.030*[#  10]
          +0.030*[#  30]+0.018*[#   1]+0.007*[#  12]+0.007*[#  14]+0.007*[#  21]
          +0.007*[#  22]+0.007*[#  31]+0.007*[#  34]
    |psi|^2 = 0.987
==== e(  28) =    15.09825 eV ==== 
     psi = 0.060*[#   6]+0.060*[#  16]+0.060*[#  26]+0.050*[#  23]+0.049*[#  10]
          +0.049*[#  30]+0.048*[#  12]+0.048*[#  14]+0.048*[#  21]+0.048*[#  22]
          +0.048*[#  31]+0.048*[#  34]+0.048*[#  13]+0.048*[#  33]+0.047*[#  20]
          +0.003*[#   2]+0.003*[#   3]+0.003*[#   4]
    |psi|^2 = 0.770
==== e(  29) =    15.45186 eV ==== 
     psi = 0.125*[#  23]+0.104*[#  12]+0.104*[#  14]+0.104*[#  21]+0.104*[#  22]
          +0.104*[#  31]+0.104*[#  34]+0.094*[#  10]+0.094*[#  30]+0.031*[#  13]
          +0.031*[#  33]
    |psi|^2 = 1.000
==== e(  30) =    15.92803 eV ==== 
     psi = 0.108*[#  23]+0.081*[#  10]+0.081*[#  30]+0.079*[#   2]+0.079*[#   3]
          +0.079*[#   4]+0.065*[#  12]+0.065*[#  14]+0.065*[#  21]+0.065*[#  22]
          +0.065*[#  31]+0.065*[#  34]+0.027*[#  13]+0.027*[#  33]+0.014*[#  11]
          +0.014*[#  24]+0.014*[#  32]
    |psi|^2 = 0.992
==== e(  31) =    15.98608 eV ==== 
     psi = 0.080*[#   2]+0.080*[#   3]+0.080*[#   4]+0.068*[#  23]+0.059*[#  10]
          +0.059*[#  30]+0.045*[#  12]+0.045*[#  14]+0.045*[#  21]+0.045*[#  22]
          +0.045*[#  31]+0.045*[#  34]+0.039*[#  13]+0.039*[#  33]+0.029*[#  20]
          +0.020*[#   6]+0.020*[#  16]+0.020*[#  26]
    |psi|^2 = 0.868
==== e(  32) =    19.21808 eV ==== 
     psi = 0.441*[#   1]+0.077*[#  11]+0.077*[#  24]+0.077*[#  32]+0.058*[#   6]
          +0.058*[#  16]+0.058*[#  26]+0.020*[#   2]+0.020*[#   3]+0.020*[#   4]
          +0.014*[#  12]+0.014*[#  14]+0.014*[#  21]+0.014*[#  22]+0.014*[#  31]
          +0.014*[#  34]+0.002*[#  20]+0.001*[#  13]+0.001*[#  33]
    |psi|^2 = 0.993
==== e(  33) =    19.64253 eV ==== 
     psi = 0.235*[#   6]+0.235*[#  16]+0.235*[#  26]+0.041*[#  12]+0.041*[#  14]
          +0.041*[#  21]+0.041*[#  22]+0.041*[#  31]+0.041*[#  34]+0.005*[#  20]
          +0.003*[#  13]+0.003*[#  33]+0.002*[#   5]+0.002*[#  15]+0.002*[#  25]
          +0.001*[#  10]+0.001*[#  30]
    |psi|^2 = 0.967
==== e(  34) =    20.50887 eV ==== 
     psi = 0.165*[#   6]+0.165*[#  16]+0.165*[#  26]+0.092*[#   1]+0.051*[#   2]
          +0.051*[#   3]+0.051*[#   4]+0.021*[#  11]+0.021*[#  24]+0.021*[#  32]
          +0.020*[#  12]+0.020*[#  14]+0.020*[#  21]+0.020*[#  22]+0.020*[#  31]
          +0.020*[#  34]+0.002*[#   5]+0.002*[#  15]+0.002*[#  25]
    |psi|^2 = 0.933
==== e(  35) =    21.23378 eV ==== 
     psi = 0.110*[#   6]+0.110*[#  16]+0.110*[#  26]+0.020*[#  12]+0.020*[#  14]
          +0.020*[#  21]+0.020*[#  22]+0.020*[#  31]+0.020*[#  34]+0.011*[#   2]
          +0.011*[#   3]+0.011*[#   4]+0.002*[#  20]+0.002*[#  13]+0.002*[#  33]
          
    |psi|^2 = 0.491

 k =   0.3750000000 -0.5000000000 -0.5000000000
==== e(   1) =   -87.42379 eV ==== 
     psi = 0.332*[#   5]+0.332*[#  15]+0.332*[#  25]
    |psi|^2 = 1.000
==== e(   2) =   -87.42379 eV ==== 
     psi = 0.330*[#   5]+0.330*[#  15]+0.330*[#  25]+0.001*[#   2]+0.001*[#   3]
          +0.001*[#   4]
    |psi|^2 = 1.000
==== e(   3) =   -87.42379 eV ==== 
     psi = 0.330*[#   5]+0.330*[#  15]+0.330*[#  25]+0.001*[#   2]+0.001*[#   3]
          +0.001*[#   4]
    |psi|^2 = 1.000
==== e(   4) =   -47.88816 eV ==== 
     psi = 0.333*[#   9]+0.333*[#  17]+0.333*[#  28]
    |psi|^2 = 1.000
==== e(   5) =   -47.88139 eV ==== 
     psi = 0.165*[#   7]+0.165*[#   8]+0.165*[#  18]+0.165*[#  19]+0.165*[#  27]
          +0.165*[#  29]+0.003*[#   2]+0.003*[#   3]+0.003*[#   4]
    |psi|^2 = 1.000
==== e(   6) =   -47.87720 eV ==== 
     psi = 0.165*[#   7]+0.165*[#   8]+0.165*[#  18]+0.165*[#  19]+0.165*[#  27]
          +0.165*[#  29]+0.003*[#   2]+0.003*[#   3]+0.003*[#   4]
    |psi|^2 = 1.000
==== e(   7) =   -47.87720 eV ==== 
     psi = 0.165*[#   7]+0.165*[#   8]+0.165*[#  18]+0.165*[#  19]+0.165*[#  27]
          +0.165*[#  29]+0.003*[#   2]+0.003*[#   3]+0.003*[#   4]
    |psi|^2 = 1.000
==== e(   8) =   -47.77604 eV ==== 
     psi = 0.167*[#   7]+0.167*[#   8]+0.167*[#  18]+0.167*[#  19]+0.167*[#  27]
          +0.167*[#  29]
    |psi|^2 = 1.000
==== e(   9) =   -47.77604 eV ==== 
     psi = 0.167*[#   7]+0.167*[#   8]+0.167*[#  18]+0.167*[#  19]+0.167*[#  27]
          +0.167*[#  29]
    |psi|^2 = 1.000
==== e(  10) =   -47.77202 eV ==== 
     psi = 0.167*[#   7]+0.167*[#   8]+0.167*[#  18]+0.167*[#  19]+0.167*[#  27]
          +0.167*[#  29]
    |psi|^2 = 1.000
==== e(  11) =   -47.73733 eV ==== 
     psi = 0.333*[#   9]+0.333*[#  17]+0.333*[#  28]
    |psi|^2 = 1.000
==== e(  12) =   -47.73207 eV ==== 
     psi = 0.333*[#   9]+0.333*[#  17]+0.333*[#  28]
    |psi|^2 = 1.000
==== e(  13) =     9.94177 eV ==== 
     psi = 0.398*[#   1]+0.194*[#  11]+0.194*[#  24]+0.194*[#  32]+0.006*[#   2]
          +0.006*[#   3]+0.006*[#   4]
    |psi|^2 = 0.997
==== e(  14) =    11.51682 eV ==== 
     psi = 0.096*[#  12]+0.096*[#  14]+0.096*[#  21]+0.096*[#  22]+0.096*[#  31]
          +0.096*[#  34]+0.086*[#   6]+0.086*[#  16]+0.086*[#  26]+0.052*[#   2]
          +0.052*[#   3]+0.052*[#   4]+0.001*[#  23]
    |psi|^2 = 0.995
==== e(  15) =    11.51682 eV ==== 
     psi = 0.096*[#  12]+0.096*[#  14]+0.096*[#  21]+0.096*[#  22]+0.096*[#  31]
          +0.096*[#  34]+0.086*[#   6]+0.086*[#  16]+0.086*[#  26]+0.052*[#   2]
          +0.052*[#   3]+0.052*[#   4]+0.001*[#  23]
    |psi|^2 = 0.995
==== e(  16) =    11.74792 eV ==== 
     psi = 0.116*[#  12]+0.116*[#  14]+0.116*[#  21]+0.116*[#  22]+0.116*[#  31]
          +0.116*[#  34]+0.095*[#   6]+0.095*[#  16]+0.095*[#  26]+0.004*[#  20]
          +0.003*[#  13]+0.003*[#  33]
    |psi|^2 = 0.992
==== e(  17) =    13.22784 eV ==== 
     psi = 0.172*[#   2]+0.172*[#   3]+0.172*[#   4]+0.058*[#  23]+0.055*[#  10]
          +0.055*[#  30]+0.049*[#  13]+0.049*[#  33]+0.046*[#  20]+0.026*[#  12]
          +0.026*[#  14]+0.026*[#  21]+0.026*[#  22]+0.026*[#  31]+0.026*[#  34]
          
    |psi|^2 = 0.988
==== e(  18) =    13.22784 eV ==== 
     psi = 0.172*[#   2]+0.172*[#   3]+0.172*[#   4]+0.058*[#  23]+0.055*[#  10]
          +0.055*[#  30]+0.049*[#  13]+0.049*[#  33]+0.046*[#  20]+0.026*[#  12]
          +0.026*[#  14]+0.026*[#  21]+0.026*[#  22]+0.026*[#  31]+0.026*[#  34]
          
    |psi|^2 = 0.988
==== e(  19) =    13.24692 eV ==== 
     psi = 0.243*[#   2]+0.243*[#   3]+0.243*[#   4]+0.075*[#  11]+0.075*[#  24]
          +0.075*[#  32]+0.024*[#   1]+0.001*[#   7]+0.001*[#   8]+0.001*[#  18]
          +0.001*[#  19]+0.001*[#  27]+0.001*[#  29]
    |psi|^2 = 0.985
==== e(  20) =    13.67200 eV ==== 
     psi = 0.148*[#  23]+0.114*[#  10]+0.114*[#  30]+0.077*[#  12]+0.077*[#  14]
          +0.077*[#  21]+0.077*[#  22]+0.077*[#  31]+0.077*[#  34]+0.044*[#  13]
          +0.044*[#  33]+0.020*[#   2]+0.020*[#   3]+0.020*[#   4]+0.010*[#  20]
          
    |psi|^2 = 0.996
==== e(  21) =    13.67200 eV ==== 
     psi = 0.148*[#  23]+0.114*[#  10]+0.114*[#  30]+0.077*[#  12]+0.077*[#  14]
          +0.077*[#  21]+0.077*[#  22]+0.077*[#  31]+0.077*[#  34]+0.044*[#  13]
          +0.044*[#  33]+0.020*[#   2]+0.020*[#   3]+0.020*[#   4]+0.010*[#  20]
          
    |psi|^2 = 0.996
==== e(  22) =    13.69673 eV ==== 
     psi = 0.208*[#  23]+0.156*[#  10]+0.156*[#  30]+0.062*[#  12]+0.062*[#  14]
          +0.062*[#  21]+0.062*[#  22]+0.062*[#  31]+0.062*[#  34]+0.052*[#  13]
          +0.052*[#  33]
    |psi|^2 = 0.997
==== e(  23) =    14.15165 eV ==== 
     psi = 0.285*[#  20]+0.214*[#  13]+0.214*[#  33]+0.071*[#  10]+0.071*[#  30]
          +0.004*[#  12]+0.004*[#  14]+0.004*[#  21]+0.004*[#  22]+0.004*[#  31]
          +0.004*[#  34]
    |psi|^2 = 0.880
==== e(  24) =    14.51551 eV ==== 
     psi = 0.267*[#  20]+0.202*[#  13]+0.202*[#  33]+0.072*[#  10]+0.072*[#  30]
          +0.030*[#   2]+0.030*[#   3]+0.030*[#   4]+0.012*[#  12]+0.012*[#  14]
          +0.012*[#  21]+0.012*[#  22]+0.012*[#  31]+0.012*[#  34]+0.007*[#  23]
          +0.003*[#   6]+0.003*[#  16]+0.003*[#  26]
    |psi|^2 = 0.990
==== e(  25) =    14.51551 eV ==== 
     psi = 0.267*[#  20]+0.202*[#  13]+0.202*[#  33]+0.072*[#  10]+0.072*[#  30]
          +0.030*[#   2]+0.030*[#   3]+0.030*[#   4]+0.012*[#  12]+0.012*[#  14]
          +0.012*[#  21]+0.012*[#  22]+0.012*[#  31]+0.012*[#  34]+0.007*[#  23]
          +0.003*[#   6]+0.003*[#  16]+0.003*[#  26]
    |psi|^2 = 0.990
==== e(  26) =    14.60397 eV ==== 
     psi = 0.332*[#  11]+0.332*[#  24]+0.332*[#  32]
    |psi|^2 = 0.996
==== e(  27) =    14.72482 eV ==== 
     psi = 0.289*[#  11]+0.289*[#  24]+0.289*[#  32]+0.037*[#   2]+0.037*[#   3]
          +0.037*[#   4]+0.009*[#   1]
    |psi|^2 = 0.987
==== e(  28) =    15.07543 eV ==== 
     psi = 0.079*[#   6]+0.079*[#  16]+0.079*[#  26]+0.039*[#  20]+0.029*[#  13]
          +0.029*[#  33]+0.016*[#  12]+0.016*[#  14]+0.016*[#  21]+0.016*[#  22]
          +0.016*[#  31]+0.016*[#  34]+0.010*[#  10]+0.010*[#  30]
    |psi|^2 = 0.453
==== e(  29) =    15.40845 eV ==== 
     psi = 0.125*[#  23]+0.104*[#  12]+0.104*[#  14]+0.104*[#  21]+0.104*[#  22]
          +0.104*[#  31]+0.104*[#  34]+0.094*[#  10]+0.094*[#  30]+0.031*[#  13]
          +0.031*[#  33]
    |psi|^2 = 1.000
==== e(  30) =    15.67886 eV ==== 
     psi = 0.119*[#  23]+0.091*[#  10]+0.091*[#  30]+0.085*[#  12]+0.085*[#  14]
          +0.085*[#  21]+0.085*[#  22]+0.085*[#  31]+0.085*[#  34]+0.036*[#   2]
          +0.036*[#   3]+0.036*[#   4]+0.035*[#  13]+0.035*[#  33]+0.007*[#  20]
          
    |psi|^2 = 0.997
==== e(  31) =    15.67886 eV ==== 
     psi = 0.119*[#  23]+0.091*[#  10]+0.091*[#  30]+0.085*[#  12]+0.085*[#  14]
          +0.085*[#  21]+0.085*[#  22]+0.085*[#  31]+0.085*[#  34]+0.036*[#   2]
          +0.036*[#   3]+0.036*[#   4]+0.035*[#  13]+0.035*[#  33]+0.007*[#  20]
          
    |psi|^2 = 0.997
==== e(  32) =    19.26364 eV ==== 
     psi = 0.568*[#   1]+0.107*[#  11]+0.107*[#  24]+0.107*[#  32]+0.036*[#   2]
          +0.036*[#   3]+0.036*[#   4]
    |psi|^2 = 0.996
==== e(  33) =    19.88363 eV ==== 
     psi = 0.228*[#   6]+0.228*[#  16]+0.228*[#  26]+0.037*[#  12]+0.037*[#  14]
          +0.037*[#  21]+0.037*[#  22]+0.037*[#  31]+0.037*[#  34]+0.011*[#   2]
          +0.011*[#   3]+0.011*[#   4]+0.003*[#  20]+0.002*[#  13]+0.002*[#  33]
          +0.002*[#   5]+0.002*[#  15]+0.002*[#  25]
    |psi|^2 = 0.957
==== e(  34) =    19.88363 eV ==== 
     psi = 0.228*[#   6]+0.228*[#  16]+0.228*[#  26]+0.037*[#  12]+0.037*[#  14]
          +0.037*[#  21]+0.037*[#  22]+0.037*[#  31]+0.037*[#  34]+0.011*[#   2]
          +0.011*[#   3]+0.011*[#   4]+0.003*[#  20]+0.002*[#  13]+0.002*[#  33]
          +0.002*[#   5]+0.002*[#  15]+0.002*[#  25]
    |psi|^2 = 0.957
==== e(  35) =    20.26455 eV ==== 
     psi = 0.147*[#   6]+0.147*[#  16]+0.147*[#  26]+0.030*[#  12]+0.030*[#  14]
          +0.030*[#  21]+0.030*[#  22]+0.030*[#  31]+0.030*[#  34]+0.005*[#  20]
          +0.004*[#  13]+0.004*[#  33]+0.001*[#  10]+0.001*[#  30]
    |psi|^2 = 0.641

 k =  -0.5000000000 -0.5000000000 -0.5000000000
==== e(   1) =   -87.42374 eV ==== 
     psi = 0.332*[#   5]+0.332*[#  15]+0.332*[#  25]
    |psi|^2 = 1.000
==== e(   2) =   -87.42374 eV ==== 
     psi = 0.332*[#   5]+0.332*[#  15]+0.332*[#  25]
    |psi|^2 = 1.000
==== e(   3) =   -87.42374 eV ==== 
     psi = 0.332*[#   5]+0.332*[#  15]+0.332*[#  25]
    |psi|^2 = 1.000
==== e(   4) =   -47.89315 eV ==== 
     psi = 0.333*[#   9]+0.333*[#  17]+0.333*[#  28]
    |psi|^2 = 1.000
==== e(   5) =   -47.88092 eV ==== 
     psi = 0.165*[#   7]+0.165*[#   8]+0.165*[#  18]+0.165*[#  19]+0.165*[#  27]
          +0.165*[#  29]+0.003*[#   2]+0.003*[#   3]+0.003*[#   4]
    |psi|^2 = 1.000
==== e(   6) =   -47.88092 eV ==== 
     psi = 0.165*[#   7]+0.165*[#   8]+0.165*[#  18]+0.165*[#  19]+0.165*[#  27]
          +0.165*[#  29]+0.003*[#   2]+0.003*[#   3]+0.003*[#   4]
    |psi|^2 = 1.000
==== e(   7) =   -47.88092 eV ==== 
     psi = 0.165*[#   7]+0.165*[#   8]+0.165*[#  18]+0.165*[#  19]+0.165*[#  27]
          +0.165*[#  29]+0.003*[#   2]+0.003*[#   3]+0.003*[#   4]
    |psi|^2 = 1.000
==== e(   8) =   -47.77144 eV ==== 
     psi = 0.167*[#   7]+0.167*[#   8]+0.167*[#  18]+0.167*[#  19]+0.167*[#  27]
          +0.167*[#  29]
    |psi|^2 = 1.000
==== e(   9) =   -47.77144 eV ==== 
     psi = 0.167*[#   7]+0.167*[#   8]+0.167*[#  18]+0.167*[#  19]+0.167*[#  27]
          +0.167*[#  29]
    |psi|^2 = 1.000
==== e(  10) =   -47.77144 eV ==== 
     psi = 0.167*[#   7]+0.167*[#   8]+0.167*[#  18]+0.167*[#  19]+0.167*[#  27]
          +0.167*[#  29]
    |psi|^2 = 1.000
==== e(  11) =   -47.73149 eV ==== 
     psi = 0.333*[#   9]+0.333*[#  17]+0.333*[#  28]
    |psi|^2 = 1.000
==== e(  12) =   -47.73149 eV ==== 
     psi = 0.333*[#   9]+0.333*[#  17]+0.333*[#  28]
    |psi|^2 = 1.000
==== e(  13) =     9.94212 eV ==== 
     psi = 0.364*[#   1]+0.211*[#  11]+0.211*[#  24]+0.211*[#  32]
    |psi|^2 = 0.998
==== e(  14) =    11.69228 eV ==== 
     psi = 0.122*[#  12]+0.122*[#  14]+0.122*[#  21]+0.122*[#  22]+0.122*[#  31]
          +0.122*[#  34]+0.085*[#   6]+0.085*[#  16]+0.085*[#  26]+0.002*[#  20]
          +0.001*[#  13]+0.001*[#  33]
    |psi|^2 = 0.995
==== e(  15) =    11.69228 eV ==== 
     psi = 0.122*[#  12]+0.122*[#  14]+0.122*[#  21]+0.122*[#  22]+0.122*[#  31]
          +0.122*[#  34]+0.085*[#   6]+0.085*[#  16]+0.085*[#  26]+0.002*[#  20]
          +0.001*[#  13]+0.001*[#  33]
    |psi|^2 = 0.995
==== e(  16) =    11.69228 eV ==== 
     psi = 0.122*[#  12]+0.122*[#  14]+0.122*[#  21]+0.122*[#  22]+0.122*[#  31]
          +0.122*[#  34]+0.085*[#   6]+0.085*[#  16]+0.085*[#  26]+0.002*[#  20]
          +0.001*[#  13]+0.001*[#  33]
    |psi|^2 = 0.995
==== e(  17) =    13.46204 eV ==== 
     psi = 0.324*[#   2]+0.324*[#   3]+0.324*[#   4]+0.002*[#   7]+0.002*[#   8]
          +0.002*[#  18]+0.002*[#  19]+0.002*[#  27]+0.002*[#  29]
    |psi|^2 = 0.982
==== e(  18) =    13.46204 eV ==== 
     psi = 0.324*[#   2]+0.324*[#   3]+0.324*[#   4]+0.002*[#   7]+0.002*[#   8]
          +0.002*[#  18]+0.002*[#  19]+0.002*[#  27]+0.002*[#  29]
    |psi|^2 = 0.982
==== e(  19) =    13.46204 eV ==== 
     psi = 0.324*[#   2]+0.324*[#   3]+0.324*[#   4]+0.002*[#   7]+0.002*[#   8]
          +0.002*[#  18]+0.002*[#  19]+0.002*[#  27]+0.002*[#  29]
    |psi|^2 = 0.982
==== e(  20) =    13.63647 eV ==== 
     psi = 0.204*[#  23]+0.153*[#  10]+0.153*[#  30]+0.064*[#  12]+0.064*[#  14]
          +0.064*[#  21]+0.064*[#  22]+0.064*[#  31]+0.064*[#  34]+0.051*[#  13]
          +0.051*[#  33]
    |psi|^2 = 0.997
==== e(  21) =    13.63647 eV ==== 
     psi = 0.204*[#  23]+0.153*[#  10]+0.153*[#  30]+0.064*[#  12]+0.064*[#  14]
          +0.064*[#  21]+0.064*[#  22]+0.064*[#  31]+0.064*[#  34]+0.051*[#  13]
          +0.051*[#  33]
    |psi|^2 = 0.997
==== e(  22) =    13.63647 eV ==== 
     psi = 0.204*[#  23]+0.153*[#  10]+0.153*[#  30]+0.064*[#  12]+0.064*[#  14]
          +0.064*[#  21]+0.064*[#  22]+0.064*[#  31]+0.064*[#  34]+0.051*[#  13]
          +0.051*[#  33]
    |psi|^2 = 0.997
==== e(  23) =    14.33273 eV ==== 
     psi = 0.326*[#  20]+0.244*[#  13]+0.244*[#  33]+0.081*[#  10]+0.081*[#  30]
          +0.006*[#   6]+0.006*[#  16]+0.006*[#  26]
    |psi|^2 = 0.995
==== e(  24) =    14.33273 eV ==== 
     psi = 0.326*[#  20]+0.244*[#  13]+0.244*[#  33]+0.081*[#  10]+0.081*[#  30]
          +0.006*[#   6]+0.006*[#  16]+0.006*[#  26]
    |psi|^2 = 0.995
==== e(  25) =    14.33273 eV ==== 
     psi = 0.326*[#  20]+0.244*[#  13]+0.244*[#  33]+0.081*[#  10]+0.081*[#  30]
          +0.006*[#   6]+0.006*[#  16]+0.006*[#  26]
    |psi|^2 = 0.995
==== e(  26) =    14.58954 eV ==== 
     psi = 0.332*[#  11]+0.332*[#  24]+0.332*[#  32]
    |psi|^2 = 0.995
==== e(  27) =    14.58954 eV ==== 
     psi = 0.332*[#  11]+0.332*[#  24]+0.332*[#  32]
    |psi|^2 = 0.995
==== e(  28) =    15.29914 eV ==== 

    |psi|^2 = 0.000
==== e(  29) =    15.47917 eV ==== 
     psi = 0.129*[#  23]+0.102*[#  12]+0.102*[#  14]+0.102*[#  21]+0.102*[#  22]
          +0.102*[#  31]+0.102*[#  34]+0.097*[#  10]+0.097*[#  30]+0.032*[#  13]
          +0.032*[#  33]
    |psi|^2 = 1.000
==== e(  30) =    15.47917 eV ==== 
     psi = 0.129*[#  23]+0.102*[#  12]+0.102*[#  14]+0.102*[#  21]+0.102*[#  22]
          +0.102*[#  31]+0.102*[#  34]+0.097*[#  10]+0.097*[#  30]+0.032*[#  13]
          +0.032*[#  33]
    |psi|^2 = 1.000
==== e(  31) =    15.47917 eV ==== 
     psi = 0.129*[#  23]+0.102*[#  12]+0.102*[#  14]+0.102*[#  21]+0.102*[#  22]
          +0.102*[#  31]+0.102*[#  34]+0.097*[#  10]+0.097*[#  30]+0.032*[#  13]
          +0.032*[#  33]
    |psi|^2 = 1.000
==== e(  32) =    18.90615 eV ==== 
     psi = 0.634*[#   1]+0.122*[#  11]+0.122*[#  24]+0.122*[#  32]
    |psi|^2 = 0.999
==== e(  33) =    19.57960 eV ==== 
     psi = 0.232*[#   6]+0.232*[#  16]+0.232*[#  26]+0.044*[#  12]+0.044*[#  14]
          +0.044*[#  21]+0.044*[#  22]+0.044*[#  31]+0.044*[#  34]+0.005*[#  20]
          +0.004*[#  13]+0.004*[#  33]+0.001*[#   5]+0.001*[#  10]+0.001*[#  15]
          +0.001*[#  25]+0.001*[#  30]
    |psi|^2 = 0.976
==== e(  34) =    19.57960 eV ==== 
     psi = 0.232*[#   6]+0.232*[#  16]+0.232*[#  26]+0.044*[#  12]+0.044*[#  14]
          +0.044*[#  21]+0.044*[#  22]+0.044*[#  31]+0.044*[#  34]+0.005*[#  20]
          +0.004*[#  13]+0.004*[#  33]+0.001*[#   5]+0.001*[#  10]+0.001*[#  15]
          +0.001*[#  25]+0.001*[#  30]
    |psi|^2 = 0.976
==== e(  35) =    19.57960 eV ==== 
     psi = 0.232*[#   6]+0.232*[#  16]+0.232*[#  26]+0.044*[#  12]+0.044*[#  14]
          +0.044*[#  21]+0.044*[#  22]+0.044*[#  31]+0.044*[#  34]+0.005*[#  20]
          +0.004*[#  13]+0.004*[#  33]+0.001*[#   5]+0.001*[#  10]+0.001*[#  15]
          +0.001*[#  25]+0.001*[#  30]
    |psi|^2 = 0.976

 k =   0.0000000000  0.0000000000  0.0000000000
==== e(   1) =   -87.44264 eV ==== 
     psi = 0.320*[#   5]+0.320*[#  15]+0.320*[#  25]+0.013*[#   1]+0.009*[#   6]
          +0.009*[#  16]+0.009*[#  26]
    |psi|^2 = 1.000
==== e(   2) =   -87.41470 eV ==== 
     psi = 0.328*[#   5]+0.328*[#  15]+0.328*[#  25]+0.005*[#   6]+0.005*[#  16]
          +0.005*[#  26]
    |psi|^2 = 1.000
==== e(   3) =   -87.41470 eV ==== 
     psi = 0.328*[#   5]+0.328*[#  15]+0.328*[#  25]+0.005*[#   6]+0.005*[#  16]
          +0.005*[#  26]
    |psi|^2 = 1.000
==== e(   4) =   -47.87914 eV ==== 
     psi = 0.113*[#   7]+0.113*[#   8]+0.113*[#  18]+0.113*[#  19]+0.113*[#  27]
          +0.113*[#  29]+0.105*[#   9]+0.105*[#  17]+0.105*[#  28]+0.002*[#   2]
          +0.002*[#   3]+0.002*[#   4]
    |psi|^2 = 1.000
==== e(   5) =   -47.87914 eV ==== 
     psi = 0.113*[#   7]+0.113*[#   8]+0.113*[#  18]+0.113*[#  19]+0.113*[#  27]
          +0.113*[#  29]+0.105*[#   9]+0.105*[#  17]+0.105*[#  28]+0.002*[#   2]
          +0.002*[#   3]+0.002*[#   4]
    |psi|^2 = 1.000
==== e(   6) =   -47.87914 eV ==== 
     psi = 0.113*[#   7]+0.113*[#   8]+0.113*[#  18]+0.113*[#  19]+0.113*[#  27]
          +0.113*[#  29]+0.105*[#   9]+0.105*[#  17]+0.105*[#  28]+0.002*[#   2]
          +0.002*[#   3]+0.002*[#   4]
    |psi|^2 = 1.000
==== e(   7) =   -47.81642 eV ==== 
     psi = 0.167*[#   7]+0.167*[#   8]+0.167*[#  18]+0.167*[#  19]+0.167*[#  27]
          +0.167*[#  29]
    |psi|^2 = 1.000
==== e(   8) =   -47.81642 eV ==== 
     psi = 0.167*[#   7]+0.167*[#   8]+0.167*[#  18]+0.167*[#  19]+0.167*[#  27]
          +0.167*[#  29]
    |psi|^2 = 1.000
==== e(   9) =   -47.81642 eV ==== 
     psi = 0.167*[#   7]+0.167*[#   8]+0.167*[#  18]+0.167*[#  19]+0.167*[#  27]
          +0.167*[#  29]
    |psi|^2 = 1.000
==== e(  10) =   -47.74213 eV ==== 
     psi = 0.228*[#   9]+0.228*[#  17]+0.228*[#  28]+0.053*[#   7]+0.053*[#   8]
          +0.053*[#  18]+0.053*[#  19]+0.053*[#  27]+0.053*[#  29]
    |psi|^2 = 1.000
==== e(  11) =   -47.74213 eV ==== 
     psi = 0.228*[#   9]+0.228*[#  17]+0.228*[#  28]+0.053*[#   7]+0.053*[#   8]
          +0.053*[#  18]+0.053*[#  19]+0.053*[#  27]+0.053*[#  29]
    |psi|^2 = 1.000
==== e(  12) =   -47.74213 eV ==== 
     psi = 0.228*[#   9]+0.228*[#  17]+0.228*[#  28]+0.053*[#   7]+0.053*[#   8]
          +0.053*[#  18]+0.053*[#  19]+0.053*[#  27]+0.053*[#  29]
    |psi|^2 = 1.000
==== e(  13) =     5.55204 eV ==== 
     psi = 0.249*[#   1]+0.234*[#   6]+0.234*[#  16]+0.234*[#  26]+0.013*[#   5]
          +0.013*[#  15]+0.013*[#  25]+0.002*[#  20]+0.002*[#  13]+0.002*[#  33]
          
    |psi|^2 = 0.999
==== e(  14) =    11.28402 eV ==== 
     psi = 0.293*[#  20]+0.220*[#  13]+0.220*[#  33]+0.073*[#  10]+0.073*[#  30]
          +0.059*[#   1]+0.018*[#   6]+0.018*[#  16]+0.018*[#  26]
    |psi|^2 = 0.994
==== e(  15) =    11.99760 eV ==== 
     psi = 0.267*[#  23]+0.206*[#  10]+0.206*[#  30]+0.083*[#  13]+0.083*[#  33]
          +0.038*[#   6]+0.038*[#  16]+0.038*[#  26]+0.022*[#  20]
    |psi|^2 = 0.981
==== e(  16) =    11.99760 eV ==== 
     psi = 0.267*[#  23]+0.206*[#  10]+0.206*[#  30]+0.083*[#  13]+0.083*[#  33]
          +0.038*[#   6]+0.038*[#  16]+0.038*[#  26]+0.022*[#  20]
    |psi|^2 = 0.981
==== e(  17) =    12.41185 eV ==== 
     psi = 0.131*[#  12]+0.131*[#  14]+0.131*[#  21]+0.131*[#  22]+0.131*[#  31]
          +0.131*[#  34]+0.066*[#  11]+0.066*[#  24]+0.066*[#  32]
    |psi|^2 = 0.986
==== e(  18) =    12.41185 eV ==== 
     psi = 0.131*[#  12]+0.131*[#  14]+0.131*[#  21]+0.131*[#  22]+0.131*[#  31]
          +0.131*[#  34]+0.066*[#  11]+0.066*[#  24]+0.066*[#  32]
    |psi|^2 = 0.986
==== e(  19) =    12.41185 eV ==== 
     psi = 0.131*[#  12]+0.131*[#  14]+0.131*[#  21]+0.131*[#  22]+0.131*[#  31]
          +0.131*[#  34]+0.066*[#  11]+0.066*[#  24]+0.066*[#  32]
    |psi|^2 = 0.986
==== e(  20) =    14.29108 eV ==== 
     psi = 0.263*[#  11]+0.263*[#  24]+0.263*[#  32]+0.034*[#  12]+0.034*[#  14]
          +0.034*[#  21]+0.034*[#  22]+0.034*[#  31]+0.034*[#  34]
    |psi|^2 = 0.994
==== e(  21) =    14.29108 eV ==== 
     psi = 0.263*[#  11]+0.263*[#  24]+0.263*[#  32]+0.034*[#  12]+0.034*[#  14]
          +0.034*[#  21]+0.034*[#  22]+0.034*[#  31]+0.034*[#  34]
    |psi|^2 = 0.994
==== e(  22) =    14.29108 eV ==== 
     psi = 0.263*[#  11]+0.263*[#  24]+0.263*[#  32]+0.034*[#  12]+0.034*[#  14]
          +0.034*[#  21]+0.034*[#  22]+0.034*[#  31]+0.034*[#  34]
    |psi|^2 = 0.994
==== e(  23) =    15.07098 eV ==== 
     psi = 0.304*[#  20]+0.235*[#  13]+0.235*[#  33]+0.097*[#  10]+0.097*[#  30]
          +0.029*[#  23]
    |psi|^2 = 0.999
==== e(  24) =    15.07098 eV ==== 
     psi = 0.304*[#  20]+0.235*[#  13]+0.235*[#  33]+0.097*[#  10]+0.097*[#  30]
          +0.029*[#  23]
    |psi|^2 = 0.999
==== e(  25) =    15.43149 eV ==== 
     psi = 0.333*[#  23]+0.250*[#  10]+0.250*[#  30]+0.083*[#  13]+0.083*[#  33]
          
    |psi|^2 = 1.000
==== e(  26) =    15.67590 eV ==== 
     psi = 0.167*[#  12]+0.167*[#  14]+0.167*[#  21]+0.167*[#  22]+0.167*[#  31]
          +0.167*[#  34]
    |psi|^2 = 1.000
==== e(  27) =    15.67590 eV ==== 
     psi = 0.167*[#  12]+0.167*[#  14]+0.167*[#  21]+0.167*[#  22]+0.167*[#  31]
          +0.167*[#  34]
    |psi|^2 = 1.000
==== e(  28) =    15.67590 eV ==== 
     psi = 0.167*[#  12]+0.167*[#  14]+0.167*[#  21]+0.167*[#  22]+0.167*[#  31]
          +0.167*[#  34]
    |psi|^2 = 1.000
==== e(  29) =    16.33446 eV ==== 
     psi = 0.297*[#   2]+0.297*[#   3]+0.297*[#   4]
    |psi|^2 = 0.897
==== e(  30) =    16.33446 eV ==== 
     psi = 0.297*[#   2]+0.297*[#   3]+0.297*[#   4]
    |psi|^2 = 0.897
==== e(  31) =    16.33446 eV ==== 
     psi = 0.297*[#   2]+0.297*[#   3]+0.297*[#   4]
    |psi|^2 = 0.897
==== e(  32) =    22.06214 eV ==== 
     psi = 0.234*[#   6]+0.234*[#  16]+0.234*[#  26]+0.037*[#  23]+0.029*[#  10]
          +0.029*[#  30]+0.015*[#  13]+0.015*[#  33]+0.008*[#  20]+0.005*[#   5]
          +0.005*[#  15]+0.005*[#  25]
    |psi|^2 = 0.849
==== e(  33) =    22.06214 eV ==== 
     psi = 0.234*[#   6]+0.234*[#  16]+0.234*[#  26]+0.037*[#  23]+0.029*[#  10]
          +0.029*[#  30]+0.015*[#  13]+0.015*[#  33]+0.008*[#  20]+0.005*[#   5]
          +0.005*[#  15]+0.005*[#  25]
    |psi|^2 = 0.849
==== e(  34) =    22.72193 eV ==== 
     psi = 0.652*[#   1]+0.069*[#   6]+0.069*[#  16]+0.069*[#  26]+0.037*[#  20]
          +0.028*[#  13]+0.028*[#  33]+0.009*[#  10]+0.009*[#  30]
    |psi|^2 = 0.972
==== e(  35) =    27.61746 eV ==== 
     psi = 0.032*[#   2]+0.032*[#   3]+0.032*[#   4]
    |psi|^2 = 0.095

 k =   0.0000000000  0.0000000000  0.1250000000
==== e(   1) =   -87.44168 eV ==== 
     psi = 0.318*[#   5]+0.318*[#  15]+0.318*[#  25]+0.012*[#   1]+0.007*[#   6]
          +0.007*[#  16]+0.007*[#  26]+0.004*[#   2]+0.004*[#   3]+0.004*[#   4]
          
    |psi|^2 = 1.000
==== e(   2) =   -87.41565 eV ==== 
     psi = 0.327*[#   5]+0.327*[#  15]+0.327*[#  25]+0.005*[#   6]+0.005*[#  16]
          +0.005*[#  26]
    |psi|^2 = 1.000
==== e(   3) =   -87.41471 eV ==== 
     psi = 0.328*[#   5]+0.328*[#  15]+0.328*[#  25]+0.005*[#   6]+0.005*[#  16]
          +0.005*[#  26]
    |psi|^2 = 1.000
==== e(   4) =   -47.87655 eV ==== 
     psi = 0.114*[#   7]+0.114*[#   8]+0.114*[#  18]+0.114*[#  19]+0.114*[#  27]
          +0.114*[#  29]+0.104*[#   9]+0.104*[#  17]+0.104*[#  28]+0.001*[#   2]
          +0.001*[#   3]+0.001*[#   4]
    |psi|^2 = 1.000
==== e(   5) =   -47.87655 eV ==== 
     psi = 0.114*[#   7]+0.114*[#   8]+0.114*[#  18]+0.114*[#  19]+0.114*[#  27]
          +0.114*[#  29]+0.104*[#   9]+0.104*[#  17]+0.104*[#  28]+0.001*[#   2]
          +0.001*[#   3]+0.001*[#   4]
    |psi|^2 = 1.000
==== e(   6) =   -47.87503 eV ==== 
     psi = 0.115*[#   7]+0.115*[#   8]+0.115*[#  18]+0.115*[#  19]+0.115*[#  27]
          +0.115*[#  29]+0.101*[#   9]+0.101*[#  17]+0.101*[#  28]+0.001*[#   2]
          +0.001*[#   3]+0.001*[#   4]
    |psi|^2 = 1.000
==== e(   7) =   -47.81734 eV ==== 
     psi = 0.167*[#   7]+0.167*[#   8]+0.167*[#  18]+0.167*[#  19]+0.167*[#  27]
          +0.167*[#  29]
    |psi|^2 = 1.000
==== e(   8) =   -47.81734 eV ==== 
     psi = 0.167*[#   7]+0.167*[#   8]+0.167*[#  18]+0.167*[#  19]+0.167*[#  27]
          +0.167*[#  29]
    |psi|^2 = 1.000
==== e(   9) =   -47.81710 eV ==== 
     psi = 0.167*[#   7]+0.167*[#   8]+0.167*[#  18]+0.167*[#  19]+0.167*[#  27]
          +0.167*[#  29]
    |psi|^2 = 1.000
==== e(  10) =   -47.74646 eV ==== 
     psi = 0.231*[#   9]+0.231*[#  17]+0.231*[#  28]+0.051*[#   7]+0.051*[#   8]
          +0.051*[#  18]+0.051*[#  19]+0.051*[#  27]+0.051*[#  29]
    |psi|^2 = 1.000
==== e(  11) =   -47.74413 eV ==== 
     psi = 0.229*[#   9]+0.229*[#  17]+0.229*[#  28]+0.052*[#   7]+0.052*[#   8]
          +0.052*[#  18]+0.052*[#  19]+0.052*[#  27]+0.052*[#  29]
    |psi|^2 = 1.000
==== e(  12) =   -47.74413 eV ==== 
     psi = 0.229*[#   9]+0.229*[#  17]+0.229*[#  28]+0.052*[#   7]+0.052*[#   8]
          +0.052*[#  18]+0.052*[#  19]+0.052*[#  27]+0.052*[#  29]
    |psi|^2 = 1.000
==== e(  13) =     5.74177 eV ==== 
     psi = 0.251*[#   1]+0.224*[#   6]+0.224*[#  16]+0.224*[#  26]+0.013*[#   5]
          +0.013*[#  15]+0.013*[#  25]+0.010*[#   2]+0.010*[#   3]+0.010*[#   4]
          +0.002*[#  20]+0.002*[#  13]+0.002*[#  33]
    |psi|^2 = 0.999
==== e(  14) =    11.32960 eV ==== 
     psi = 0.279*[#  20]+0.210*[#  13]+0.210*[#  33]+0.073*[#  10]+0.073*[#  30]
          +0.071*[#   1]+0.021*[#   6]+0.021*[#  16]+0.021*[#  26]+0.004*[#  23]
          +0.003*[#   2]+0.003*[#   3]+0.003*[#   4]
    |psi|^2 = 0.992
==== e(  15) =    11.87157 eV ==== 
     psi = 0.235*[#  23]+0.184*[#  10]+0.184*[#  30]+0.082*[#  13]+0.082*[#  33]
          +0.042*[#   6]+0.042*[#  16]+0.042*[#  26]+0.032*[#  20]+0.019*[#   2]
          +0.019*[#   3]+0.019*[#   4]
    |psi|^2 = 0.984
==== e(  16) =    12.11756 eV ==== 
     psi = 0.271*[#  23]+0.208*[#  10]+0.208*[#  30]+0.083*[#  13]+0.083*[#  33]
          +0.034*[#   6]+0.034*[#  16]+0.034*[#  26]+0.021*[#  20]
    |psi|^2 = 0.976
==== e(  17) =    12.43829 eV ==== 
     psi = 0.126*[#  12]+0.126*[#  14]+0.126*[#  21]+0.126*[#  22]+0.126*[#  31]
          +0.126*[#  34]+0.073*[#  11]+0.073*[#  24]+0.073*[#  32]+0.003*[#   2]
          +0.003*[#   3]+0.003*[#   4]
    |psi|^2 = 0.985
==== e(  18) =    12.43829 eV ==== 
     psi = 0.126*[#  12]+0.126*[#  14]+0.126*[#  21]+0.126*[#  22]+0.126*[#  31]
          +0.126*[#  34]+0.073*[#  11]+0.073*[#  24]+0.073*[#  32]+0.003*[#   2]
          +0.003*[#   3]+0.003*[#   4]
    |psi|^2 = 0.985
==== e(  19) =    12.45735 eV ==== 
     psi = 0.134*[#  12]+0.134*[#  14]+0.134*[#  21]+0.134*[#  22]+0.134*[#  31]
          +0.134*[#  34]+0.061*[#  11]+0.061*[#  24]+0.061*[#  32]
    |psi|^2 = 0.987
==== e(  20) =    14.18194 eV ==== 
     psi = 0.233*[#  11]+0.233*[#  24]+0.233*[#  32]+0.041*[#  12]+0.041*[#  14]
          +0.041*[#  21]+0.041*[#  22]+0.041*[#  31]+0.041*[#  34]+0.016*[#   2]
          +0.016*[#   3]+0.016*[#   4]
    |psi|^2 = 0.994
==== e(  21) =    14.18194 eV ==== 
     psi = 0.233*[#  11]+0.233*[#  24]+0.233*[#  32]+0.041*[#  12]+0.041*[#  14]
          +0.041*[#  21]+0.041*[#  22]+0.041*[#  31]+0.041*[#  34]+0.016*[#   2]
          +0.016*[#   3]+0.016*[#   4]
    |psi|^2 = 0.994
==== e(  22) =    14.24146 eV ==== 
     psi = 0.268*[#  11]+0.268*[#  24]+0.268*[#  32]+0.032*[#  12]+0.032*[#  14]
          +0.032*[#  21]+0.032*[#  22]+0.032*[#  31]+0.032*[#  34]
    |psi|^2 = 0.993
==== e(  23) =    14.95362 eV ==== 
     psi = 0.267*[#  20]+0.212*[#  13]+0.212*[#  33]+0.103*[#  10]+0.103*[#  30]
          +0.048*[#  23]+0.014*[#   2]+0.014*[#   3]+0.014*[#   4]+0.004*[#   1]
          +0.002*[#   6]+0.002*[#  16]+0.002*[#  26]
    |psi|^2 = 0.998
==== e(  24) =    15.07234 eV ==== 
     psi = 0.305*[#  20]+0.236*[#  13]+0.236*[#  33]+0.097*[#  10]+0.097*[#  30]
          +0.027*[#  23]
    |psi|^2 = 0.999
==== e(  25) =    15.26773 eV ==== 
     psi = 0.137*[#  12]+0.137*[#  14]+0.137*[#  21]+0.137*[#  22]+0.137*[#  31]
          +0.137*[#  34]+0.039*[#   2]+0.039*[#   3]+0.039*[#   4]+0.012*[#  11]
          +0.012*[#  24]+0.012*[#  32]
    |psi|^2 = 0.976
==== e(  26) =    15.26773 eV ==== 
     psi = 0.137*[#  12]+0.137*[#  14]+0.137*[#  21]+0.137*[#  22]+0.137*[#  31]
          +0.137*[#  34]+0.039*[#   2]+0.039*[#   3]+0.039*[#   4]+0.012*[#  11]
          +0.012*[#  24]+0.012*[#  32]
    |psi|^2 = 0.976
==== e(  27) =    15.36193 eV ==== 
     psi = 0.333*[#  23]+0.250*[#  10]+0.250*[#  30]+0.084*[#  13]+0.084*[#  33]
          
    |psi|^2 = 0.999
==== e(  28) =    15.66998 eV ==== 
     psi = 0.191*[#   2]+0.191*[#   3]+0.191*[#   4]+0.081*[#   1]+0.048*[#  20]
          +0.041*[#  13]+0.041*[#  33]+0.027*[#  10]+0.027*[#  30]+0.021*[#  23]
          +0.020*[#   6]+0.020*[#  16]+0.020*[#  26]
    |psi|^2 = 0.925
==== e(  29) =    15.67606 eV ==== 
     psi = 0.167*[#  12]+0.167*[#  14]+0.167*[#  21]+0.167*[#  22]+0.167*[#  31]
          +0.167*[#  34]
    |psi|^2 = 1.000
==== e(  30) =    16.99405 eV ==== 
     psi = 0.233*[#   2]+0.233*[#   3]+0.233*[#   4]+0.028*[#  12]+0.028*[#  14]
          +0.028*[#  21]+0.028*[#  22]+0.028*[#  31]+0.028*[#  34]+0.010*[#  11]
          +0.010*[#  24]+0.010*[#  32]
    |psi|^2 = 0.898
==== e(  31) =    16.99405 eV ==== 
     psi = 0.233*[#   2]+0.233*[#   3]+0.233*[#   4]+0.028*[#  12]+0.028*[#  14]
          +0.028*[#  21]+0.028*[#  22]+0.028*[#  31]+0.028*[#  34]+0.010*[#  11]
          +0.010*[#  24]+0.010*[#  32]
    |psi|^2 = 0.898
==== e(  32) =    22.05051 eV ==== 
     psi = 0.214*[#   6]+0.214*[#  16]+0.214*[#  26]+0.035*[#  23]+0.028*[#  10]
          +0.028*[#  30]+0.014*[#  13]+0.014*[#  33]+0.007*[#  20]+0.004*[#   5]
          +0.004*[#  15]+0.004*[#  25]
    |psi|^2 = 0.782
==== e(  33) =    22.42933 eV ==== 
     psi = 0.259*[#   1]+0.161*[#   6]+0.161*[#  16]+0.161*[#  26]+0.019*[#  23]
          +0.019*[#  10]+0.019*[#  30]+0.017*[#  13]+0.017*[#  33]+0.017*[#  20]
          +0.003*[#   5]+0.003*[#  15]+0.003*[#  25]
    |psi|^2 = 0.859
==== e(  34) =    23.53274 eV ==== 
     psi = 0.288*[#   1]+0.114*[#   6]+0.114*[#  16]+0.114*[#  26]+0.048*[#   2]
          +0.048*[#   3]+0.048*[#   4]+0.021*[#  20]+0.018*[#  13]+0.018*[#  33]
          +0.010*[#  10]+0.010*[#  30]+0.006*[#  23]+0.002*[#   5]+0.002*[#  15]
          +0.002*[#  25]
    |psi|^2 = 0.865
==== e(  35) =    26.70120 eV ==== 
     psi = 0.031*[#   2]+0.031*[#   3]+0.031*[#   4]+0.003*[#  11]+0.003*[#  24]
          +0.003*[#  32]
    |psi|^2 = 0.106

 k =   0.0000000000  0.0000000000  0.2500000000
==== e(   1) =   -87.43903 eV ==== 
     psi = 0.316*[#   5]+0.316*[#  15]+0.316*[#  25]+0.011*[#   2]+0.011*[#   3]
          +0.011*[#   4]+0.009*[#   1]+0.003*[#   6]+0.003*[#  16]+0.003*[#  26]
          
    |psi|^2 = 1.000
==== e(   2) =   -87.41821 eV ==== 
     psi = 0.327*[#   5]+0.327*[#  15]+0.327*[#  25]+0.003*[#   6]+0.003*[#  16]
          +0.003*[#  26]+0.002*[#   2]+0.002*[#   3]+0.002*[#   4]+0.002*[#   1]
          
    |psi|^2 = 1.000
==== e(   3) =   -87.41466 eV ==== 
     psi = 0.327*[#   5]+0.327*[#  15]+0.327*[#  25]+0.006*[#   6]+0.006*[#  16]
          +0.006*[#  26]
    |psi|^2 = 1.000
==== e(   4) =   -47.86899 eV ==== 
     psi = 0.116*[#   7]+0.116*[#   8]+0.116*[#  18]+0.116*[#  19]+0.116*[#  27]
          +0.116*[#  29]+0.101*[#   9]+0.101*[#  17]+0.101*[#  28]
    |psi|^2 = 1.000
==== e(   5) =   -47.86899 eV ==== 
     psi = 0.116*[#   7]+0.116*[#   8]+0.116*[#  18]+0.116*[#  19]+0.116*[#  27]
          +0.116*[#  29]+0.101*[#   9]+0.101*[#  17]+0.101*[#  28]
    |psi|^2 = 1.000
==== e(   6) =   -47.86209 eV ==== 
     psi = 0.123*[#   7]+0.123*[#   8]+0.123*[#  18]+0.123*[#  19]+0.123*[#  27]
          +0.123*[#  29]+0.085*[#   9]+0.085*[#  17]+0.085*[#  28]+0.001*[#   1]
          
    |psi|^2 = 1.000
==== e(   7) =   -47.81961 eV ==== 
     psi = 0.166*[#   7]+0.166*[#   8]+0.166*[#  18]+0.166*[#  19]+0.166*[#  27]
          +0.166*[#  29]
    |psi|^2 = 1.000
==== e(   8) =   -47.81961 eV ==== 
     psi = 0.166*[#   7]+0.166*[#   8]+0.166*[#  18]+0.166*[#  19]+0.166*[#  27]
          +0.166*[#  29]
    |psi|^2 = 1.000
==== e(   9) =   -47.81675 eV ==== 
     psi = 0.167*[#   7]+0.167*[#   8]+0.167*[#  18]+0.167*[#  19]+0.167*[#  27]
          +0.167*[#  29]
    |psi|^2 = 1.000
==== e(  10) =   -47.75921 eV ==== 
     psi = 0.248*[#   9]+0.248*[#  17]+0.248*[#  28]+0.043*[#   7]+0.043*[#   8]
          +0.043*[#  18]+0.043*[#  19]+0.043*[#  27]+0.043*[#  29]
    |psi|^2 = 1.000
==== e(  11) =   -47.74882 eV ==== 
     psi = 0.232*[#   9]+0.232*[#  17]+0.232*[#  28]+0.051*[#   7]+0.051*[#   8]
          +0.051*[#  18]+0.051*[#  19]+0.051*[#  27]+0.051*[#  29]
    |psi|^2 = 1.000
==== e(  12) =   -47.74882 eV ==== 
     psi = 0.232*[#   9]+0.232*[#  17]+0.232*[#  28]+0.051*[#   7]+0.051*[#   8]
          +0.051*[#  18]+0.051*[#  19]+0.051*[#  27]+0.051*[#  29]
    |psi|^2 = 1.000
==== e(  13) =     6.30112 eV ==== 
     psi = 0.265*[#   1]+0.199*[#   6]+0.199*[#  16]+0.199*[#  26]+0.030*[#   2]
          +0.030*[#   3]+0.030*[#   4]+0.011*[#   5]+0.011*[#  15]+0.011*[#  25]
          +0.003*[#  20]+0.002*[#  13]+0.002*[#  33]
    |psi|^2 = 0.999
==== e(  14) =    11.00250 eV ==== 
     psi = 0.127*[#   1]+0.086*[#  20]+0.082*[#  13]+0.082*[#  33]+0.074*[#  10]
          +0.074*[#  30]+0.070*[#  23]+0.068*[#   6]+0.068*[#  16]+0.068*[#  26]
          +0.061*[#   2]+0.061*[#   3]+0.061*[#   4]+0.001*[#   5]+0.001*[#  15]
          +0.001*[#  25]
    |psi|^2 = 0.990
==== e(  15) =    11.77562 eV ==== 
     psi = 0.204*[#  20]+0.175*[#  13]+0.175*[#  33]+0.115*[#  10]+0.115*[#  30]
          +0.085*[#  23]+0.024*[#   6]+0.024*[#  16]+0.024*[#  26]+0.014*[#   2]
          +0.014*[#   3]+0.014*[#   4]+0.006*[#   1]
    |psi|^2 = 0.988
==== e(  16) =    12.44605 eV ==== 
     psi = 0.280*[#  23]+0.214*[#  10]+0.214*[#  30]+0.082*[#  13]+0.082*[#  33]
          +0.024*[#   6]+0.024*[#  16]+0.024*[#  26]+0.016*[#  20]
    |psi|^2 = 0.962
==== e(  17) =    12.50824 eV ==== 
     psi = 0.108*[#  12]+0.108*[#  14]+0.108*[#  21]+0.108*[#  22]+0.108*[#  31]
          +0.108*[#  34]+0.097*[#  11]+0.097*[#  24]+0.097*[#  32]+0.015*[#   2]
          +0.015*[#   3]+0.015*[#   4]
    |psi|^2 = 0.986
==== e(  18) =    12.50824 eV ==== 
     psi = 0.108*[#  12]+0.108*[#  14]+0.108*[#  21]+0.108*[#  22]+0.108*[#  31]
          +0.108*[#  34]+0.097*[#  11]+0.097*[#  24]+0.097*[#  32]+0.015*[#   2]
          +0.015*[#   3]+0.015*[#   4]
    |psi|^2 = 0.986
==== e(  19) =    12.57950 eV ==== 
     psi = 0.142*[#  12]+0.142*[#  14]+0.142*[#  21]+0.142*[#  22]+0.142*[#  31]
          +0.142*[#  34]+0.046*[#  11]+0.046*[#  24]+0.046*[#  32]
    |psi|^2 = 0.989
==== e(  20) =    13.93620 eV ==== 
     psi = 0.150*[#  11]+0.150*[#  24]+0.150*[#  32]+0.073*[#  12]+0.073*[#  14]
          +0.073*[#  21]+0.073*[#  22]+0.073*[#  31]+0.073*[#  34]+0.032*[#   2]
          +0.032*[#   3]+0.032*[#   4]
    |psi|^2 = 0.986
==== e(  21) =    13.93620 eV ==== 
     psi = 0.150*[#  11]+0.150*[#  24]+0.150*[#  32]+0.073*[#  12]+0.073*[#  14]
          +0.073*[#  21]+0.073*[#  22]+0.073*[#  31]+0.073*[#  34]+0.032*[#   2]
          +0.032*[#   3]+0.032*[#   4]
    |psi|^2 = 0.986
==== e(  22) =    14.10930 eV ==== 
     psi = 0.282*[#  11]+0.282*[#  24]+0.282*[#  32]+0.024*[#  12]+0.024*[#  14]
          +0.024*[#  21]+0.024*[#  22]+0.024*[#  31]+0.024*[#  34]
    |psi|^2 = 0.991
==== e(  23) =    14.45323 eV ==== 
     psi = 0.163*[#  23]+0.138*[#  10]+0.138*[#  30]+0.089*[#  13]+0.089*[#  33]
          +0.065*[#   1]+0.064*[#  20]+0.057*[#   2]+0.057*[#   3]+0.057*[#   4]
          +0.019*[#   6]+0.019*[#  16]+0.019*[#  26]
    |psi|^2 = 0.977
==== e(  24) =    14.85297 eV ==== 
     psi = 0.127*[#  12]+0.127*[#  14]+0.127*[#  21]+0.127*[#  22]+0.127*[#  31]
          +0.127*[#  34]+0.060*[#  11]+0.060*[#  24]+0.060*[#  32]+0.012*[#   2]
          +0.012*[#   3]+0.012*[#   4]
    |psi|^2 = 0.975
==== e(  25) =    14.85297 eV ==== 
     psi = 0.127*[#  12]+0.127*[#  14]+0.127*[#  21]+0.127*[#  22]+0.127*[#  31]
          +0.127*[#  34]+0.060*[#  11]+0.060*[#  24]+0.060*[#  32]+0.012*[#   2]
          +0.012*[#   3]+0.012*[#   4]
    |psi|^2 = 0.975
==== e(  26) =    14.94102 eV ==== 
     psi = 0.277*[#  20]+0.208*[#  13]+0.208*[#  33]+0.070*[#  10]+0.070*[#  30]
          +0.038*[#   1]+0.021*[#   2]+0.021*[#   3]+0.021*[#   4]+0.013*[#   6]
          +0.013*[#  16]+0.013*[#  26]+0.001*[#  23]
    |psi|^2 = 0.978
==== e(  27) =    15.04458 eV ==== 
     psi = 0.252*[#  20]+0.209*[#  13]+0.209*[#  33]+0.123*[#  10]+0.123*[#  30]
          +0.080*[#  23]+0.001*[#   6]+0.001*[#  16]+0.001*[#  26]
    |psi|^2 = 0.999
==== e(  28) =    15.18949 eV ==== 
     psi = 0.273*[#  23]+0.220*[#  10]+0.220*[#  30]+0.113*[#  13]+0.113*[#  33]
          +0.060*[#  20]
    |psi|^2 = 0.998
==== e(  29) =    15.67638 eV ==== 
     psi = 0.167*[#  12]+0.167*[#  14]+0.167*[#  21]+0.167*[#  22]+0.167*[#  31]
          +0.167*[#  34]
    |psi|^2 = 1.000
==== e(  30) =    18.11769 eV ==== 
     psi = 0.213*[#   2]+0.213*[#   3]+0.213*[#   4]+0.023*[#  12]+0.023*[#  14]
          +0.023*[#  21]+0.023*[#  22]+0.023*[#  31]+0.023*[#  34]+0.018*[#  11]
          +0.018*[#  24]+0.018*[#  32]
    |psi|^2 = 0.831
==== e(  31) =    18.11769 eV ==== 
     psi = 0.213*[#   2]+0.213*[#   3]+0.213*[#   4]+0.023*[#  12]+0.023*[#  14]
          +0.023*[#  21]+0.023*[#  22]+0.023*[#  31]+0.023*[#  34]+0.018*[#  11]
          +0.018*[#  24]+0.018*[#  32]
    |psi|^2 = 0.831
==== e(  32) =    22.01781 eV ==== 
     psi = 0.150*[#   6]+0.150*[#  16]+0.150*[#  26]+0.032*[#  23]+0.025*[#  10]
          +0.025*[#  30]+0.011*[#  13]+0.011*[#  33]+0.004*[#  20]+0.003*[#   5]
          +0.003*[#  15]+0.003*[#  25]
    |psi|^2 = 0.569
==== e(  33) =    22.64335 eV ==== 
     psi = 0.389*[#   1]+0.132*[#   6]+0.132*[#  16]+0.132*[#  26]+0.018*[#  20]
          +0.016*[#  13]+0.016*[#  33]+0.012*[#  10]+0.012*[#  30]+0.010*[#  23]
          +0.005*[#   2]+0.005*[#   3]+0.005*[#   4]+0.002*[#   5]+0.002*[#  15]
          +0.002*[#  25]
    |psi|^2 = 0.888
==== e(  34) =    24.72181 eV ==== 
     psi = 0.047*[#   2]+0.047*[#   3]+0.047*[#   4]+0.007*[#  11]+0.007*[#  24]
          +0.007*[#  32]+0.002*[#  12]+0.002*[#  14]+0.002*[#  21]+0.002*[#  22]
          +0.002*[#  31]+0.002*[#  34]
    |psi|^2 = 0.174
==== e(  35) =    24.72181 eV ==== 
     psi = 0.047*[#   2]+0.047*[#   3]+0.047*[#   4]+0.007*[#  11]+0.007*[#  24]
          +0.007*[#  32]+0.002*[#  12]+0.002*[#  14]+0.002*[#  21]+0.002*[#  22]
          +0.002*[#  31]+0.002*[#  34]
    |psi|^2 = 0.174

 k =   0.0000000000  0.0000000000  0.3750000000
==== e(   1) =   -87.43544 eV ==== 
     psi = 0.312*[#   5]+0.312*[#  15]+0.312*[#  25]+0.019*[#   2]+0.019*[#   3]
          +0.019*[#   4]+0.004*[#   1]
    |psi|^2 = 1.000
==== e(   2) =   -87.42175 eV ==== 
     psi = 0.328*[#   5]+0.328*[#  15]+0.328*[#  25]+0.006*[#   1]+0.002*[#   2]
          +0.002*[#   3]+0.002*[#   4]+0.001*[#   6]+0.001*[#  16]+0.001*[#  26]
          
    |psi|^2 = 1.000
==== e(   3) =   -87.41466 eV ==== 
     psi = 0.327*[#   5]+0.327*[#  15]+0.327*[#  25]+0.006*[#   6]+0.006*[#  16]
          +0.006*[#  26]
    |psi|^2 = 1.000
==== e(   4) =   -47.86003 eV ==== 
     psi = 0.117*[#   7]+0.117*[#   8]+0.117*[#  18]+0.117*[#  19]+0.117*[#  27]
          +0.117*[#  29]+0.098*[#   9]+0.098*[#  17]+0.098*[#  28]
    |psi|^2 = 1.000
==== e(   5) =   -47.86003 eV ==== 
     psi = 0.117*[#   7]+0.117*[#   8]+0.117*[#  18]+0.117*[#  19]+0.117*[#  27]
          +0.117*[#  29]+0.098*[#   9]+0.098*[#  17]+0.098*[#  28]
    |psi|^2 = 1.000
==== e(   6) =   -47.84641 eV ==== 
     psi = 0.142*[#   7]+0.142*[#   8]+0.142*[#  18]+0.142*[#  19]+0.142*[#  27]
          +0.142*[#  29]+0.047*[#   9]+0.047*[#  17]+0.047*[#  28]+0.002*[#   1]
          
    |psi|^2 = 1.000
==== e(   7) =   -47.82350 eV ==== 
     psi = 0.166*[#   7]+0.166*[#   8]+0.166*[#  18]+0.166*[#  19]+0.166*[#  27]
          +0.166*[#  29]
    |psi|^2 = 1.000
==== e(   8) =   -47.82350 eV ==== 
     psi = 0.166*[#   7]+0.166*[#   8]+0.166*[#  18]+0.166*[#  19]+0.166*[#  27]
          +0.166*[#  29]
    |psi|^2 = 1.000
==== e(   9) =   -47.81696 eV ==== 
     psi = 0.167*[#   7]+0.167*[#   8]+0.167*[#  18]+0.167*[#  19]+0.167*[#  27]
          +0.167*[#  29]
    |psi|^2 = 1.000
==== e(  10) =   -47.77595 eV ==== 
     psi = 0.285*[#   9]+0.285*[#  17]+0.285*[#  28]+0.024*[#   7]+0.024*[#   8]
          +0.024*[#  18]+0.024*[#  19]+0.024*[#  27]+0.024*[#  29]
    |psi|^2 = 1.000
==== e(  11) =   -47.75377 eV ==== 
     psi = 0.234*[#   9]+0.234*[#  17]+0.234*[#  28]+0.050*[#   7]+0.050*[#   8]
          +0.050*[#  18]+0.050*[#  19]+0.050*[#  27]+0.050*[#  29]
    |psi|^2 = 1.000
==== e(  12) =   -47.75377 eV ==== 
     psi = 0.234*[#   9]+0.234*[#  17]+0.234*[#  28]+0.050*[#   7]+0.050*[#   8]
          +0.050*[#  18]+0.050*[#  19]+0.050*[#  27]+0.050*[#  29]
    |psi|^2 = 1.000
==== e(  13) =     7.19025 eV ==== 
     psi = 0.312*[#   1]+0.171*[#   6]+0.171*[#  16]+0.171*[#  26]+0.042*[#   2]
          +0.042*[#   3]+0.042*[#   4]+0.008*[#   5]+0.008*[#  15]+0.008*[#  25]
          +0.005*[#  20]+0.004*[#  13]+0.004*[#  33]+0.002*[#  10]+0.002*[#  30]
          +0.001*[#  23]
    |psi|^2 = 0.998
==== e(  14) =     9.86358 eV ==== 
     psi = 0.167*[#   1]+0.114*[#   6]+0.114*[#  16]+0.114*[#  26]+0.102*[#   2]
          +0.102*[#   3]+0.102*[#   4]+0.035*[#  23]+0.031*[#  10]+0.031*[#  30]
          +0.023*[#  13]+0.023*[#  33]+0.019*[#  20]+0.005*[#   5]+0.005*[#  15]
          +0.005*[#  25]
    |psi|^2 = 0.995
==== e(  15) =    12.00663 eV ==== 
     psi = 0.248*[#  20]+0.199*[#  13]+0.199*[#  33]+0.102*[#  10]+0.102*[#  30]
          +0.054*[#  23]+0.019*[#   6]+0.019*[#  16]+0.019*[#  26]+0.006*[#   1]
          +0.006*[#   2]+0.006*[#   3]+0.006*[#   4]
    |psi|^2 = 0.986
==== e(  16) =    12.58782 eV ==== 
     psi = 0.137*[#  11]+0.137*[#  24]+0.137*[#  32]+0.078*[#  12]+0.078*[#  14]
          +0.078*[#  21]+0.078*[#  22]+0.078*[#  31]+0.078*[#  34]+0.036*[#   2]
          +0.036*[#   3]+0.036*[#   4]
    |psi|^2 = 0.990
==== e(  17) =    12.58782 eV ==== 
     psi = 0.137*[#  11]+0.137*[#  24]+0.137*[#  32]+0.078*[#  12]+0.078*[#  14]
          +0.078*[#  21]+0.078*[#  22]+0.078*[#  31]+0.078*[#  34]+0.036*[#   2]
          +0.036*[#   3]+0.036*[#   4]
    |psi|^2 = 0.990
==== e(  18) =    12.72815 eV ==== 
     psi = 0.156*[#  12]+0.156*[#  14]+0.156*[#  21]+0.156*[#  22]+0.156*[#  31]
          +0.156*[#  34]+0.019*[#  11]+0.019*[#  24]+0.019*[#  32]
    |psi|^2 = 0.992
==== e(  19) =    12.86675 eV ==== 
     psi = 0.296*[#  23]+0.224*[#  10]+0.224*[#  30]+0.080*[#  13]+0.080*[#  33]
          +0.009*[#   6]+0.009*[#  16]+0.009*[#  26]+0.008*[#  20]
    |psi|^2 = 0.940
==== e(  20) =    13.71973 eV ==== 
     psi = 0.127*[#  12]+0.127*[#  14]+0.127*[#  21]+0.127*[#  22]+0.127*[#  31]
          +0.127*[#  34]+0.051*[#  11]+0.051*[#  24]+0.051*[#  32]+0.017*[#   2]
          +0.017*[#   3]+0.017*[#   4]
    |psi|^2 = 0.964
==== e(  21) =    13.71973 eV ==== 
     psi = 0.127*[#  12]+0.127*[#  14]+0.127*[#  21]+0.127*[#  22]+0.127*[#  31]
          +0.127*[#  34]+0.051*[#  11]+0.051*[#  24]+0.051*[#  32]+0.017*[#   2]
          +0.017*[#   3]+0.017*[#   4]
    |psi|^2 = 0.964
==== e(  22) =    13.95087 eV ==== 
     psi = 0.309*[#  11]+0.309*[#  24]+0.309*[#  32]+0.010*[#  12]+0.010*[#  14]
          +0.010*[#  21]+0.010*[#  22]+0.010*[#  31]+0.010*[#  34]
    |psi|^2 = 0.987
==== e(  23) =    14.04459 eV ==== 
     psi = 0.233*[#  23]+0.188*[#  10]+0.188*[#  30]+0.098*[#  13]+0.098*[#  33]
          +0.053*[#  20]+0.024*[#   1]+0.020*[#   2]+0.020*[#   3]+0.020*[#   4]
          +0.014*[#   6]+0.014*[#  16]+0.014*[#  26]
    |psi|^2 = 0.987
==== e(  24) =    14.58539 eV ==== 
     psi = 0.112*[#  11]+0.112*[#  24]+0.112*[#  32]+0.108*[#  12]+0.108*[#  14]
          +0.108*[#  21]+0.108*[#  22]+0.108*[#  31]+0.108*[#  34]
    |psi|^2 = 0.987
==== e(  25) =    14.58539 eV ==== 
     psi = 0.112*[#  11]+0.112*[#  24]+0.112*[#  32]+0.108*[#  12]+0.108*[#  14]
          +0.108*[#  21]+0.108*[#  22]+0.108*[#  31]+0.108*[#  34]
    |psi|^2 = 0.987
==== e(  26) =    14.60641 eV ==== 
     psi = 0.315*[#  20]+0.236*[#  13]+0.236*[#  33]+0.079*[#  10]+0.079*[#  30]
          +0.011*[#   1]+0.010*[#   6]+0.010*[#  16]+0.010*[#  26]+0.001*[#   2]
          +0.001*[#   3]+0.001*[#   4]
    |psi|^2 = 0.992
==== e(  27) =    14.80763 eV ==== 
     psi = 0.247*[#  23]+0.206*[#  10]+0.206*[#  30]+0.123*[#  13]+0.123*[#  33]
          +0.082*[#  20]+0.003*[#   6]+0.003*[#  16]+0.003*[#  26]
    |psi|^2 = 0.996
==== e(  28) =    15.13565 eV ==== 
     psi = 0.241*[#  20]+0.204*[#  13]+0.204*[#  33]+0.129*[#  10]+0.129*[#  30]
          +0.092*[#  23]
    |psi|^2 = 0.999
==== e(  29) =    15.67644 eV ==== 
     psi = 0.167*[#  12]+0.167*[#  14]+0.167*[#  21]+0.167*[#  22]+0.167*[#  31]
          +0.167*[#  34]
    |psi|^2 = 1.000
==== e(  30) =    19.47256 eV ==== 
     psi = 0.184*[#   2]+0.184*[#   3]+0.184*[#   4]+0.020*[#  11]+0.020*[#  24]
          +0.020*[#  32]+0.015*[#  12]+0.015*[#  14]+0.015*[#  21]+0.015*[#  22]
          +0.015*[#  31]+0.015*[#  34]
    |psi|^2 = 0.702
==== e(  31) =    19.47256 eV ==== 
     psi = 0.184*[#   2]+0.184*[#   3]+0.184*[#   4]+0.020*[#  11]+0.020*[#  24]
          +0.020*[#  32]+0.015*[#  12]+0.015*[#  14]+0.015*[#  21]+0.015*[#  22]
          +0.015*[#  31]+0.015*[#  34]
    |psi|^2 = 0.702
==== e(  32) =    21.97586 eV ==== 
     psi = 0.054*[#   6]+0.054*[#  16]+0.054*[#  26]+0.027*[#  23]+0.021*[#  10]
          +0.021*[#  30]+0.008*[#  13]+0.008*[#  33]+0.001*[#  20]+0.001*[#   5]
          +0.001*[#  15]+0.001*[#  25]
    |psi|^2 = 0.250
==== e(  33) =    22.78944 eV ==== 
     psi = 0.082*[#   2]+0.082*[#   3]+0.082*[#   4]+0.012*[#  11]+0.012*[#  24]
          +0.012*[#  32]+0.004*[#  12]+0.004*[#  14]+0.004*[#  21]+0.004*[#  22]
          +0.004*[#  31]+0.004*[#  34]
    |psi|^2 = 0.309
==== e(  34) =    22.78944 eV ==== 
     psi = 0.082*[#   2]+0.082*[#   3]+0.082*[#   4]+0.012*[#  11]+0.012*[#  24]
          +0.012*[#  32]+0.004*[#  12]+0.004*[#  14]+0.004*[#  21]+0.004*[#  22]
          +0.004*[#  31]+0.004*[#  34]
    |psi|^2 = 0.309
==== e(  35) =    22.91810 eV ==== 
     psi = 0.407*[#   1]+0.142*[#   6]+0.142*[#  16]+0.142*[#  26]+0.011*[#  20]
          +0.009*[#  13]+0.009*[#  33]+0.008*[#   2]+0.008*[#   3]+0.008*[#   4]
          +0.006*[#  10]+0.006*[#  30]+0.005*[#  23]+0.002*[#   5]+0.002*[#  15]
          +0.002*[#  25]
    |psi|^2 = 0.912

 k =   0.0000000000  0.0000000000 -0.5000000000
==== e(   1) =   -87.43313 eV ==== 
     psi = 0.309*[#   5]+0.309*[#  15]+0.309*[#  25]+0.024*[#   2]+0.024*[#   3]
          +0.024*[#   4]
    |psi|^2 = 1.000
==== e(   2) =   -87.42391 eV ==== 
     psi = 0.330*[#   5]+0.330*[#  15]+0.330*[#  25]+0.010*[#   1]
    |psi|^2 = 1.000
==== e(   3) =   -87.41466 eV ==== 
     psi = 0.327*[#   5]+0.327*[#  15]+0.327*[#  25]+0.006*[#   6]+0.006*[#  16]
          +0.006*[#  26]
    |psi|^2 = 1.000
==== e(   4) =   -47.85519 eV ==== 
     psi = 0.117*[#   7]+0.117*[#   8]+0.117*[#  18]+0.117*[#  19]+0.117*[#  27]
          +0.117*[#  29]+0.099*[#   9]+0.099*[#  17]+0.099*[#  28]
    |psi|^2 = 1.000
==== e(   5) =   -47.85519 eV ==== 
     psi = 0.117*[#   7]+0.117*[#   8]+0.117*[#  18]+0.117*[#  19]+0.117*[#  27]
          +0.117*[#  29]+0.099*[#   9]+0.099*[#  17]+0.099*[#  28]
    |psi|^2 = 1.000
==== e(   6) =   -47.83549 eV ==== 
     psi = 0.166*[#   7]+0.166*[#   8]+0.166*[#  18]+0.166*[#  19]+0.166*[#  27]
          +0.166*[#  29]+0.003*[#   1]+0.001*[#   6]+0.001*[#  16]+0.001*[#  26]
          
    |psi|^2 = 1.000
==== e(   7) =   -47.82559 eV ==== 
     psi = 0.166*[#   7]+0.166*[#   8]+0.166*[#  18]+0.166*[#  19]+0.166*[#  27]
          +0.166*[#  29]
    |psi|^2 = 1.000
==== e(   8) =   -47.82559 eV ==== 
     psi = 0.166*[#   7]+0.166*[#   8]+0.166*[#  18]+0.166*[#  19]+0.166*[#  27]
          +0.166*[#  29]
    |psi|^2 = 1.000
==== e(   9) =   -47.81726 eV ==== 
     psi = 0.167*[#   7]+0.167*[#   8]+0.167*[#  18]+0.167*[#  19]+0.167*[#  27]
          +0.167*[#  29]
    |psi|^2 = 1.000
==== e(  10) =   -47.78564 eV ==== 
     psi = 0.332*[#   9]+0.332*[#  17]+0.332*[#  28]
    |psi|^2 = 1.000
==== e(  11) =   -47.75524 eV ==== 
     psi = 0.234*[#   9]+0.234*[#  17]+0.234*[#  28]+0.050*[#   7]+0.050*[#   8]
          +0.050*[#  18]+0.050*[#  19]+0.050*[#  27]+0.050*[#  29]
    |psi|^2 = 1.000
==== e(  12) =   -47.75524 eV ==== 
     psi = 0.234*[#   9]+0.234*[#  17]+0.234*[#  28]+0.050*[#   7]+0.050*[#   8]
          +0.050*[#  18]+0.050*[#  19]+0.050*[#  27]+0.050*[#  29]
    |psi|^2 = 1.000
==== e(  13) =     8.06507 eV ==== 
     psi = 0.510*[#   1]+0.146*[#   6]+0.146*[#  16]+0.146*[#  26]+0.013*[#  20]
          +0.010*[#  13]+0.010*[#  33]+0.003*[#  10]+0.003*[#  30]+0.001*[#   5]
          +0.001*[#  15]+0.001*[#  25]+0.001*[#   7]+0.001*[#   8]+0.001*[#  18]
          +0.001*[#  19]+0.001*[#  27]+0.001*[#  29]
    |psi|^2 = 0.996
==== e(  14) =     8.83651 eV ==== 
     psi = 0.155*[#   2]+0.155*[#   3]+0.155*[#   4]+0.143*[#   6]+0.143*[#  16]
          +0.143*[#  26]+0.021*[#  23]+0.016*[#  10]+0.016*[#  30]+0.012*[#   5]
          +0.012*[#  15]+0.012*[#  25]+0.005*[#  13]+0.005*[#  33]+0.001*[#   9]
          +0.001*[#  17]+0.001*[#  28]
    |psi|^2 = 0.999
==== e(  15) =    12.13528 eV ==== 
     psi = 0.248*[#  20]+0.200*[#  13]+0.200*[#  33]+0.103*[#  10]+0.103*[#  30]
          +0.055*[#  23]+0.020*[#   6]+0.020*[#  16]+0.020*[#  26]+0.005*[#   2]
          +0.005*[#   3]+0.005*[#   4]
    |psi|^2 = 0.985
==== e(  16) =    12.62464 eV ==== 
     psi = 0.161*[#  11]+0.161*[#  24]+0.161*[#  32]+0.060*[#  12]+0.060*[#  14]
          +0.060*[#  21]+0.060*[#  22]+0.060*[#  31]+0.060*[#  34]+0.050*[#   2]
          +0.050*[#   3]+0.050*[#   4]
    |psi|^2 = 0.995
==== e(  17) =    12.62464 eV ==== 
     psi = 0.161*[#  11]+0.161*[#  24]+0.161*[#  32]+0.060*[#  12]+0.060*[#  14]
          +0.060*[#  21]+0.060*[#  22]+0.060*[#  31]+0.060*[#  34]+0.050*[#   2]
          +0.050*[#   3]+0.050*[#   4]
    |psi|^2 = 0.995
==== e(  18) =    12.80291 eV ==== 
     psi = 0.166*[#  12]+0.166*[#  14]+0.166*[#  21]+0.166*[#  22]+0.166*[#  31]
          +0.166*[#  34]
    |psi|^2 = 0.994
==== e(  19) =    13.09775 eV ==== 
     psi = 0.308*[#  23]+0.231*[#  10]+0.231*[#  30]+0.077*[#  13]+0.077*[#  33]
          
    |psi|^2 = 0.925
==== e(  20) =    13.63827 eV ==== 
     psi = 0.158*[#  12]+0.158*[#  14]+0.158*[#  21]+0.158*[#  22]+0.158*[#  31]
          +0.158*[#  34]
    |psi|^2 = 0.949
==== e(  21) =    13.63827 eV ==== 
     psi = 0.158*[#  12]+0.158*[#  14]+0.158*[#  21]+0.158*[#  22]+0.158*[#  31]
          +0.158*[#  34]
    |psi|^2 = 0.949
==== e(  22) =    13.87259 eV ==== 
     psi = 0.328*[#  11]+0.328*[#  24]+0.328*[#  32]
    |psi|^2 = 0.985
==== e(  23) =    13.95976 eV ==== 
     psi = 0.250*[#  23]+0.203*[#  10]+0.203*[#  30]+0.109*[#  13]+0.109*[#  33]
          +0.063*[#  20]+0.010*[#   2]+0.010*[#   3]+0.010*[#   4]+0.008*[#   6]
          +0.008*[#  16]+0.008*[#  26]
    |psi|^2 = 0.993
==== e(  24) =    14.45433 eV ==== 
     psi = 0.317*[#  20]+0.238*[#  13]+0.238*[#  33]+0.079*[#  10]+0.079*[#  30]
          +0.012*[#   6]+0.012*[#  16]+0.012*[#  26]+0.007*[#   1]
    |psi|^2 = 0.995
==== e(  25) =    14.48791 eV ==== 
     psi = 0.136*[#  11]+0.136*[#  24]+0.136*[#  32]+0.097*[#  12]+0.097*[#  14]
          +0.097*[#  21]+0.097*[#  22]+0.097*[#  31]+0.097*[#  34]
    |psi|^2 = 0.995
==== e(  26) =    14.48791 eV ==== 
     psi = 0.136*[#  11]+0.136*[#  24]+0.136*[#  32]+0.097*[#  12]+0.097*[#  14]
          +0.097*[#  21]+0.097*[#  22]+0.097*[#  31]+0.097*[#  34]
    |psi|^2 = 0.995
==== e(  27) =    14.63109 eV ==== 
     psi = 0.255*[#  23]+0.209*[#  10]+0.209*[#  30]+0.117*[#  13]+0.117*[#  33]
          +0.071*[#  20]+0.007*[#   6]+0.007*[#  16]+0.007*[#  26]
    |psi|^2 = 0.999
==== e(  28) =    15.13602 eV ==== 
     psi = 0.260*[#  20]+0.213*[#  13]+0.213*[#  33]+0.120*[#  10]+0.120*[#  30]
          +0.073*[#  23]
    |psi|^2 = 1.000
==== e(  29) =    15.67654 eV ==== 
     psi = 0.167*[#  12]+0.167*[#  14]+0.167*[#  21]+0.167*[#  22]+0.167*[#  31]
          +0.167*[#  34]
    |psi|^2 = 1.000
==== e(  30) =    20.99480 eV ==== 
     psi = 0.270*[#   2]+0.270*[#   3]+0.270*[#   4]+0.034*[#  11]+0.034*[#  24]
          +0.034*[#  32]+0.009*[#  12]+0.009*[#  14]+0.009*[#  21]+0.009*[#  22]
          +0.009*[#  31]+0.009*[#  34]
    |psi|^2 = 0.966
==== e(  31) =    20.99480 eV ==== 
     psi = 0.270*[#   2]+0.270*[#   3]+0.270*[#   4]+0.034*[#  11]+0.034*[#  24]
          +0.034*[#  32]+0.009*[#  12]+0.009*[#  14]+0.009*[#  21]+0.009*[#  22]
          +0.009*[#  31]+0.009*[#  34]
    |psi|^2 = 0.966
==== e(  32) =    21.07216 eV ==== 
     psi = 0.008*[#  12]+0.008*[#  14]+0.008*[#  21]+0.008*[#  22]+0.008*[#  31]
          +0.008*[#  34]
    |psi|^2 = 0.048
==== e(  33) =    21.07216 eV ==== 
     psi = 0.008*[#  12]+0.008*[#  14]+0.008*[#  21]+0.008*[#  22]+0.008*[#  31]
          +0.008*[#  34]
    |psi|^2 = 0.048
==== e(  34) =    21.95488 eV ==== 
     psi = 0.025*[#  23]+0.019*[#  10]+0.019*[#  30]+0.006*[#  13]+0.006*[#  33]
          
    |psi|^2 = 0.075
==== e(  35) =    23.14070 eV ==== 
     psi = 0.443*[#   1]+0.162*[#   6]+0.162*[#  16]+0.162*[#  26]+0.002*[#   5]
          +0.002*[#  15]+0.002*[#  25]+0.002*[#  20]+0.001*[#  13]+0.001*[#  33]
          
    |psi|^2 = 0.938

 k =   0.0000000000  0.1250000000  0.1250000000
==== e(   1) =   -87.44074 eV ==== 
     psi = 0.318*[#   5]+0.318*[#  15]+0.318*[#  25]+0.011*[#   1]+0.006*[#   2]
          +0.006*[#   3]+0.006*[#   4]+0.006*[#   6]+0.006*[#  16]+0.006*[#  26]
          
    |psi|^2 = 1.000
==== e(   2) =   -87.41603 eV ==== 
     psi = 0.327*[#   5]+0.327*[#  15]+0.327*[#  25]+0.005*[#   6]+0.005*[#  16]
          +0.005*[#  26]+0.001*[#   2]+0.001*[#   3]+0.001*[#   4]
    |psi|^2 = 1.000
==== e(   3) =   -87.41519 eV ==== 
     psi = 0.328*[#   5]+0.328*[#  15]+0.328*[#  25]+0.005*[#   6]+0.005*[#  16]
          +0.005*[#  26]
    |psi|^2 = 1.000
==== e(   4) =   -47.87733 eV ==== 
     psi = 0.114*[#   7]+0.114*[#   8]+0.114*[#  18]+0.114*[#  19]+0.114*[#  27]
          +0.114*[#  29]+0.104*[#   9]+0.104*[#  17]+0.104*[#  28]
    |psi|^2 = 1.000
==== e(   5) =   -47.87396 eV ==== 
     psi = 0.115*[#   7]+0.115*[#   8]+0.115*[#  18]+0.115*[#  19]+0.115*[#  27]
          +0.115*[#  29]+0.102*[#   9]+0.102*[#  17]+0.102*[#  28]+0.001*[#   2]
          +0.001*[#   3]+0.001*[#   4]
    |psi|^2 = 1.000
==== e(   6) =   -47.86726 eV ==== 
     psi = 0.118*[#   7]+0.118*[#   8]+0.118*[#  18]+0.118*[#  19]+0.118*[#  27]
          +0.118*[#  29]+0.095*[#   9]+0.095*[#  17]+0.095*[#  28]+0.001*[#   2]
          +0.001*[#   3]+0.001*[#   4]
    |psi|^2 = 1.000
==== e(   7) =   -47.82162 eV ==== 
     psi = 0.166*[#   7]+0.166*[#   8]+0.166*[#  18]+0.166*[#  19]+0.166*[#  27]
          +0.166*[#  29]+0.002*[#   9]+0.002*[#  17]+0.002*[#  28]
    |psi|^2 = 1.000
==== e(   8) =   -47.81784 eV ==== 
     psi = 0.167*[#   7]+0.167*[#   8]+0.167*[#  18]+0.167*[#  19]+0.167*[#  27]
          +0.167*[#  29]
    |psi|^2 = 1.000
==== e(   9) =   -47.81302 eV ==== 
     psi = 0.166*[#   7]+0.166*[#   8]+0.166*[#  18]+0.166*[#  19]+0.166*[#  27]
          +0.166*[#  29]
    |psi|^2 = 1.000
==== e(  10) =   -47.75457 eV ==== 
     psi = 0.227*[#   9]+0.227*[#  17]+0.227*[#  28]+0.053*[#   7]+0.053*[#   8]
          +0.053*[#  18]+0.053*[#  19]+0.053*[#  27]+0.053*[#  29]
    |psi|^2 = 1.000
==== e(  11) =   -47.74613 eV ==== 
     psi = 0.231*[#   9]+0.231*[#  17]+0.231*[#  28]+0.051*[#   7]+0.051*[#   8]
          +0.051*[#  18]+0.051*[#  19]+0.051*[#  27]+0.051*[#  29]
    |psi|^2 = 1.000
==== e(  12) =   -47.74135 eV ==== 
     psi = 0.237*[#   9]+0.237*[#  17]+0.237*[#  28]+0.048*[#   7]+0.048*[#   8]
          +0.048*[#  18]+0.048*[#  19]+0.048*[#  27]+0.048*[#  29]
    |psi|^2 = 1.000
==== e(  13) =     5.92982 eV ==== 
     psi = 0.254*[#   1]+0.214*[#   6]+0.214*[#  16]+0.214*[#  26]+0.019*[#   2]
          +0.019*[#   3]+0.019*[#   4]+0.012*[#   5]+0.012*[#  15]+0.012*[#  25]
          +0.002*[#  20]+0.002*[#  13]+0.002*[#  33]
    |psi|^2 = 0.999
==== e(  14) =    11.39066 eV ==== 
     psi = 0.274*[#  20]+0.206*[#  13]+0.206*[#  33]+0.081*[#   1]+0.070*[#  10]
          +0.070*[#  30]+0.021*[#   6]+0.021*[#  16]+0.021*[#  26]+0.004*[#   2]
          +0.004*[#   3]+0.004*[#   4]+0.002*[#  23]+0.001*[#  11]+0.001*[#  24]
          +0.001*[#  32]
    |psi|^2 = 0.989
==== e(  15) =    11.86590 eV ==== 
     psi = 0.227*[#  23]+0.176*[#  10]+0.176*[#  30]+0.073*[#  13]+0.073*[#  33]
          +0.044*[#   6]+0.044*[#  16]+0.044*[#  26]+0.033*[#   2]+0.033*[#   3]
          +0.033*[#   4]+0.022*[#  20]
    |psi|^2 = 0.984
==== e(  16) =    12.10655 eV ==== 
     psi = 0.249*[#  23]+0.193*[#  10]+0.193*[#  30]+0.082*[#  13]+0.082*[#  33]
          +0.034*[#   6]+0.034*[#  16]+0.034*[#  26]+0.027*[#  20]+0.012*[#   2]
          +0.012*[#   3]+0.012*[#   4]+0.003*[#  11]+0.003*[#  24]+0.003*[#  32]
          +0.002*[#   1]
    |psi|^2 = 0.976
==== e(  17) =    12.41999 eV ==== 
     psi = 0.123*[#  12]+0.123*[#  14]+0.123*[#  21]+0.123*[#  22]+0.123*[#  31]
          +0.123*[#  34]+0.077*[#  11]+0.077*[#  24]+0.077*[#  32]+0.006*[#   2]
          +0.006*[#   3]+0.006*[#   4]
    |psi|^2 = 0.988
==== e(  18) =    12.45766 eV ==== 
     psi = 0.119*[#  12]+0.119*[#  14]+0.119*[#  21]+0.119*[#  22]+0.119*[#  31]
          +0.119*[#  34]+0.077*[#  11]+0.077*[#  24]+0.077*[#  32]+0.005*[#  23]
          +0.005*[#   2]+0.005*[#   3]+0.005*[#   4]+0.004*[#  10]+0.004*[#  30]
          +0.003*[#  13]+0.003*[#  33]+0.002*[#  20]+0.001*[#   6]+0.001*[#  16]
          +0.001*[#  26]+0.001*[#   1]
    |psi|^2 = 0.986
==== e(  19) =    12.55117 eV ==== 
     psi = 0.134*[#  12]+0.134*[#  14]+0.134*[#  21]+0.134*[#  22]+0.134*[#  31]
          +0.134*[#  34]+0.061*[#  11]+0.061*[#  24]+0.061*[#  32]
    |psi|^2 = 0.984
==== e(  20) =    13.95455 eV ==== 
     psi = 0.217*[#  11]+0.217*[#  24]+0.217*[#  32]+0.045*[#  12]+0.045*[#  14]
          +0.045*[#  21]+0.045*[#  22]+0.045*[#  31]+0.045*[#  34]+0.023*[#   2]
          +0.023*[#   3]+0.023*[#   4]
    |psi|^2 = 0.993
==== e(  21) =    14.09604 eV ==== 
     psi = 0.207*[#  11]+0.207*[#  24]+0.207*[#  32]+0.044*[#  12]+0.044*[#  14]
          +0.044*[#  21]+0.044*[#  22]+0.044*[#  31]+0.044*[#  34]+0.022*[#   2]
          +0.022*[#   3]+0.022*[#   4]+0.012*[#   1]+0.005*[#  23]+0.005*[#  10]
          +0.005*[#  30]+0.004*[#  13]+0.004*[#  33]+0.003*[#  20]
    |psi|^2 = 0.992
==== e(  22) =    14.34486 eV ==== 
     psi = 0.268*[#  11]+0.268*[#  24]+0.268*[#  32]+0.032*[#  12]+0.032*[#  14]
          +0.032*[#  21]+0.032*[#  22]+0.032*[#  31]+0.032*[#  34]
    |psi|^2 = 0.994
==== e(  23) =    14.72302 eV ==== 
     psi = 0.085*[#  12]+0.085*[#  14]+0.085*[#  21]+0.085*[#  22]+0.085*[#  31]
          +0.085*[#  34]+0.072*[#   2]+0.072*[#   3]+0.072*[#   4]+0.052*[#  23]
          +0.044*[#  10]+0.044*[#  30]+0.029*[#  13]+0.029*[#  33]+0.021*[#  20]
          +0.010*[#   6]+0.010*[#  16]+0.010*[#  26]
    |psi|^2 = 0.974
==== e(  24) =    14.97441 eV ==== 
     psi = 0.271*[#  20]+0.207*[#  13]+0.207*[#  33]+0.081*[#  10]+0.081*[#  30]
          +0.021*[#  12]+0.021*[#  14]+0.021*[#  21]+0.021*[#  22]+0.021*[#  31]
          +0.021*[#  34]+0.017*[#  23]+0.002*[#   2]+0.002*[#   3]+0.002*[#   4]
          
    |psi|^2 = 0.994
==== e(  25) =    15.02256 eV ==== 
     psi = 0.297*[#  20]+0.230*[#  13]+0.230*[#  33]+0.098*[#  10]+0.098*[#  30]
          +0.031*[#  23]+0.002*[#   2]+0.002*[#   3]+0.002*[#   4]+0.002*[#   1]
          +0.001*[#   6]+0.001*[#  16]+0.001*[#  26]
    |psi|^2 = 0.998
==== e(  26) =    15.11104 eV ==== 
     psi = 0.134*[#  12]+0.134*[#  14]+0.134*[#  21]+0.134*[#  22]+0.134*[#  31]
          +0.134*[#  34]+0.034*[#   2]+0.034*[#   3]+0.034*[#   4]+0.020*[#  11]
          +0.020*[#  24]+0.020*[#  32]
    |psi|^2 = 0.969
==== e(  27) =    15.30118 eV ==== 
     psi = 0.328*[#  23]+0.246*[#  10]+0.246*[#  30]+0.082*[#  13]+0.082*[#  33]
          +0.003*[#   2]+0.003*[#   3]+0.003*[#   4]
    |psi|^2 = 0.998
==== e(  28) =    15.59181 eV ==== 
     psi = 0.167*[#  12]+0.167*[#  14]+0.167*[#  21]+0.167*[#  22]+0.167*[#  31]
          +0.167*[#  34]
    |psi|^2 = 0.999
==== e(  29) =    16.00938 eV ==== 
     psi = 0.163*[#   1]+0.150*[#   2]+0.150*[#   3]+0.150*[#   4]+0.037*[#  11]
          +0.037*[#  24]+0.037*[#  32]+0.027*[#  20]+0.023*[#  13]+0.023*[#  33]
          +0.015*[#  10]+0.015*[#  30]+0.015*[#   6]+0.015*[#  16]+0.015*[#  26]
          +0.011*[#  23]
    |psi|^2 = 0.888
==== e(  30) =    16.59535 eV ==== 
     psi = 0.142*[#   2]+0.142*[#   3]+0.142*[#   4]+0.060*[#  12]+0.060*[#  14]
          +0.060*[#  21]+0.060*[#  22]+0.060*[#  31]+0.060*[#  34]+0.023*[#   6]
          +0.023*[#  16]+0.023*[#  26]+0.022*[#  23]+0.020*[#  10]+0.020*[#  30]
          +0.017*[#  13]+0.017*[#  33]+0.015*[#  20]
    |psi|^2 = 0.965
==== e(  31) =    17.44636 eV ==== 
     psi = 0.223*[#   2]+0.223*[#   3]+0.223*[#   4]+0.029*[#  12]+0.029*[#  14]
          +0.029*[#  21]+0.029*[#  22]+0.029*[#  31]+0.029*[#  34]+0.013*[#  11]
          +0.013*[#  24]+0.013*[#  32]
    |psi|^2 = 0.883
==== e(  32) =    22.21417 eV ==== 
     psi = 0.165*[#   6]+0.165*[#  16]+0.165*[#  26]+0.105*[#   1]+0.027*[#  23]
          +0.023*[#  10]+0.023*[#  30]+0.014*[#  13]+0.014*[#  33]+0.010*[#  20]
          +0.003*[#   5]+0.003*[#  15]+0.003*[#  25]
    |psi|^2 = 0.723
==== e(  33) =    23.22543 eV ==== 
     psi = 0.166*[#   6]+0.166*[#  16]+0.166*[#  26]+0.031*[#   2]+0.031*[#   3]
          +0.031*[#   4]+0.020*[#  23]+0.016*[#  10]+0.016*[#  30]+0.007*[#  13]
          +0.007*[#  33]+0.004*[#   5]+0.004*[#  15]+0.004*[#  25]+0.003*[#  20]
          
    |psi|^2 = 0.674
==== e(  34) =    23.81819 eV ==== 
     psi = 0.330*[#   1]+0.091*[#   6]+0.091*[#  16]+0.091*[#  26]+0.059*[#   2]
          +0.059*[#   3]+0.059*[#   4]+0.025*[#  20]+0.019*[#  13]+0.019*[#  33]
          +0.008*[#  10]+0.008*[#  30]+0.002*[#   5]+0.002*[#  15]+0.002*[#  23]
          +0.002*[#  25]
    |psi|^2 = 0.865
==== e(  35) =    25.00758 eV ==== 
     psi = 0.045*[#   6]+0.045*[#  16]+0.045*[#  26]+0.043*[#   2]+0.043*[#   3]
          +0.043*[#   4]+0.013*[#   1]+0.005*[#  11]+0.005*[#  24]+0.005*[#  32]
          +0.001*[#   5]+0.001*[#  15]+0.001*[#  25]+0.001*[#  12]+0.001*[#  14]
          +0.001*[#  21]+0.001*[#  22]+0.001*[#  31]+0.001*[#  34]
    |psi|^2 = 0.305

 k =   0.0000000000  0.1250000000  0.2500000000
==== e(   1) =   -87.43818 eV ==== 
     psi = 0.316*[#   5]+0.316*[#  15]+0.316*[#  25]+0.012*[#   2]+0.012*[#   3]
          +0.012*[#   4]+0.008*[#   1]+0.003*[#   6]+0.003*[#  16]+0.003*[#  26]
          
    |psi|^2 = 1.000
==== e(   2) =   -87.41835 eV ==== 
     psi = 0.327*[#   5]+0.327*[#  15]+0.327*[#  25]+0.003*[#   6]+0.003*[#  16]
          +0.003*[#  26]+0.003*[#   2]+0.003*[#   3]+0.003*[#   4]
    |psi|^2 = 1.000
==== e(   3) =   -87.41534 eV ==== 
     psi = 0.328*[#   5]+0.328*[#  15]+0.328*[#  25]+0.005*[#   6]+0.005*[#  16]
          +0.005*[#  26]
    |psi|^2 = 1.000
==== e(   4) =   -47.87254 eV ==== 
     psi = 0.117*[#   7]+0.117*[#   8]+0.117*[#  18]+0.117*[#  19]+0.117*[#  27]
          +0.117*[#  29]+0.098*[#   9]+0.098*[#  17]+0.098*[#  28]+0.001*[#   1]
          
    |psi|^2 = 1.000
==== e(   5) =   -47.86620 eV ==== 
     psi = 0.117*[#   7]+0.117*[#   8]+0.117*[#  18]+0.117*[#  19]+0.117*[#  27]
          +0.117*[#  29]+0.099*[#   9]+0.099*[#  17]+0.099*[#  28]
    |psi|^2 = 1.000
==== e(   6) =   -47.85487 eV ==== 
     psi = 0.128*[#   7]+0.128*[#   8]+0.128*[#  18]+0.128*[#  19]+0.128*[#  27]
          +0.128*[#  29]+0.076*[#   9]+0.076*[#  17]+0.076*[#  28]+0.001*[#   2]
          +0.001*[#   3]+0.001*[#   4]
    |psi|^2 = 1.000
==== e(   7) =   -47.82660 eV ==== 
     psi = 0.162*[#   7]+0.162*[#   8]+0.162*[#  18]+0.162*[#  19]+0.162*[#  27]
          +0.162*[#  29]+0.009*[#   9]+0.009*[#  17]+0.009*[#  28]
    |psi|^2 = 1.000
==== e(   8) =   -47.82000 eV ==== 
     psi = 0.166*[#   7]+0.166*[#   8]+0.166*[#  18]+0.166*[#  19]+0.166*[#  27]
          +0.166*[#  29]
    |psi|^2 = 1.000
==== e(   9) =   -47.80927 eV ==== 
     psi = 0.165*[#   7]+0.165*[#   8]+0.165*[#  18]+0.165*[#  19]+0.165*[#  27]
          +0.165*[#  29]+0.003*[#   9]+0.003*[#  17]+0.003*[#  28]
    |psi|^2 = 1.000
==== e(  10) =   -47.76871 eV ==== 
     psi = 0.229*[#   9]+0.229*[#  17]+0.229*[#  28]+0.052*[#   7]+0.052*[#   8]
          +0.052*[#  18]+0.052*[#  19]+0.052*[#  27]+0.052*[#  29]
    |psi|^2 = 1.000
==== e(  11) =   -47.75106 eV ==== 
     psi = 0.234*[#   9]+0.234*[#  17]+0.234*[#  28]+0.050*[#   7]+0.050*[#   8]
          +0.050*[#  18]+0.050*[#  19]+0.050*[#  27]+0.050*[#  29]
    |psi|^2 = 1.000
==== e(  12) =   -47.74347 eV ==== 
     psi = 0.250*[#   9]+0.250*[#  17]+0.250*[#  28]+0.042*[#   7]+0.042*[#   8]
          +0.042*[#  18]+0.042*[#  19]+0.042*[#  27]+0.042*[#  29]
    |psi|^2 = 1.000
==== e(  13) =     6.48384 eV ==== 
     psi = 0.267*[#   1]+0.190*[#   6]+0.190*[#  16]+0.190*[#  26]+0.038*[#   2]
          +0.038*[#   3]+0.038*[#   4]+0.011*[#   5]+0.011*[#  15]+0.011*[#  25]
          +0.003*[#  20]+0.002*[#  13]+0.002*[#  33]
    |psi|^2 = 0.998
==== e(  14) =    11.11836 eV ==== 
     psi = 0.125*[#   1]+0.085*[#  20]+0.081*[#  13]+0.081*[#  33]+0.072*[#  10]
          +0.072*[#  30]+0.067*[#  23]+0.064*[#   6]+0.064*[#  16]+0.064*[#  26]
          +0.063*[#   2]+0.063*[#   3]+0.063*[#   4]+0.004*[#  11]+0.004*[#  24]
          +0.004*[#  32]+0.001*[#   5]+0.001*[#  12]+0.001*[#  14]+0.001*[#  15]
          +0.001*[#  21]+0.001*[#  22]+0.001*[#  25]+0.001*[#  31]+0.001*[#  34]
          
    |psi|^2 = 0.988
==== e(  15) =    11.79092 eV ==== 
     psi = 0.182*[#  20]+0.158*[#  13]+0.158*[#  33]+0.109*[#  10]+0.109*[#  30]
          +0.085*[#  23]+0.027*[#   6]+0.027*[#  16]+0.027*[#  26]+0.024*[#   2]
          +0.024*[#   3]+0.024*[#   4]+0.014*[#   1]+0.002*[#  12]+0.002*[#  14]
          +0.002*[#  21]+0.002*[#  22]+0.002*[#  31]+0.002*[#  34]+0.002*[#  11]
          +0.002*[#  24]+0.002*[#  32]
    |psi|^2 = 0.986
==== e(  16) =    12.33680 eV ==== 
     psi = 0.180*[#  23]+0.142*[#  10]+0.142*[#  30]+0.066*[#  13]+0.066*[#  33]
          +0.037*[#  11]+0.037*[#  24]+0.037*[#  32]+0.029*[#  20]+0.028*[#   2]
          +0.028*[#   3]+0.028*[#   4]+0.018*[#   6]+0.018*[#  16]+0.018*[#  26]
          +0.015*[#  12]+0.015*[#  14]+0.015*[#  21]+0.015*[#  22]+0.015*[#  31]
          +0.015*[#  34]+0.005*[#   1]
    |psi|^2 = 0.970
==== e(  17) =    12.46202 eV ==== 
     psi = 0.109*[#  12]+0.109*[#  14]+0.109*[#  21]+0.109*[#  22]+0.109*[#  31]
          +0.109*[#  34]+0.096*[#  11]+0.096*[#  24]+0.096*[#  32]+0.015*[#   2]
          +0.015*[#   3]+0.015*[#   4]
    |psi|^2 = 0.990
==== e(  18) =    12.54439 eV ==== 
     psi = 0.087*[#  12]+0.087*[#  14]+0.087*[#  21]+0.087*[#  22]+0.087*[#  31]
          +0.087*[#  34]+0.074*[#  23]+0.062*[#  11]+0.062*[#  24]+0.062*[#  32]
          +0.057*[#  10]+0.057*[#  30]+0.023*[#  13]+0.023*[#  33]+0.010*[#   6]
          +0.010*[#  16]+0.010*[#  26]+0.005*[#  20]+0.003*[#   2]+0.003*[#   3]
          +0.003*[#   4]
    |psi|^2 = 0.984
==== e(  19) =    12.70746 eV ==== 
     psi = 0.136*[#  12]+0.136*[#  14]+0.136*[#  21]+0.136*[#  22]+0.136*[#  31]
          +0.136*[#  34]+0.053*[#  11]+0.053*[#  24]+0.053*[#  32]+0.002*[#   2]
          +0.002*[#   3]+0.002*[#   4]
    |psi|^2 = 0.984
==== e(  20) =    13.67965 eV ==== 
     psi = 0.171*[#  11]+0.171*[#  24]+0.171*[#  32]+0.065*[#  12]+0.065*[#  14]
          +0.065*[#  21]+0.065*[#  22]+0.065*[#  31]+0.065*[#  34]+0.027*[#   2]
          +0.027*[#   3]+0.027*[#   4]
    |psi|^2 = 0.988
==== e(  21) =    13.91061 eV ==== 
     psi = 0.123*[#  11]+0.123*[#  24]+0.123*[#  32]+0.075*[#  12]+0.075*[#  14]
          +0.075*[#  21]+0.075*[#  22]+0.075*[#  31]+0.075*[#  34]+0.027*[#   2]
          +0.027*[#   3]+0.027*[#   4]+0.017*[#  23]+0.014*[#  10]+0.014*[#  30]
          +0.010*[#   1]+0.008*[#  13]+0.008*[#  33]+0.005*[#  20]+0.002*[#   6]
          +0.002*[#  16]+0.002*[#  26]
    |psi|^2 = 0.980
==== e(  22) =    14.17991 eV ==== 
     psi = 0.111*[#  23]+0.087*[#  10]+0.087*[#  30]+0.058*[#  12]+0.058*[#  14]
          +0.058*[#  21]+0.058*[#  22]+0.058*[#  31]+0.058*[#  34]+0.042*[#   2]
          +0.042*[#   3]+0.042*[#   4]+0.038*[#  13]+0.038*[#  33]+0.024*[#   1]
          +0.018*[#  11]+0.018*[#  24]+0.018*[#  32]+0.015*[#   6]+0.015*[#  16]
          +0.015*[#  26]+0.014*[#  20]
    |psi|^2 = 0.976
==== e(  23) =    14.31018 eV ==== 
     psi = 0.254*[#  11]+0.254*[#  24]+0.254*[#  32]+0.036*[#  12]+0.036*[#  14]
          +0.036*[#  21]+0.036*[#  22]+0.036*[#  31]+0.036*[#  34]+0.004*[#   2]
          +0.004*[#   3]+0.004*[#   4]
    |psi|^2 = 0.990
==== e(  24) =    14.72796 eV ==== 
     psi = 0.241*[#  20]+0.192*[#  13]+0.192*[#  33]+0.092*[#  10]+0.092*[#  30]
          +0.043*[#  23]+0.017*[#  12]+0.017*[#  14]+0.017*[#  21]+0.017*[#  22]
          +0.017*[#  31]+0.017*[#  34]+0.009*[#  11]+0.009*[#  24]+0.009*[#  32]
          +0.003*[#   1]+0.002*[#   2]+0.002*[#   3]+0.002*[#   4]+0.001*[#   6]
          +0.001*[#  16]+0.001*[#  26]
    |psi|^2 = 0.995
==== e(  25) =    14.78360 eV ==== 
     psi = 0.126*[#  12]+0.126*[#  14]+0.126*[#  21]+0.126*[#  22]+0.126*[#  31]
          +0.126*[#  34]+0.059*[#  11]+0.059*[#  24]+0.059*[#  32]+0.011*[#   2]
          +0.011*[#   3]+0.011*[#   4]
    |psi|^2 = 0.970
==== e(  26) =    14.98967 eV ==== 
     psi = 0.256*[#  20]+0.209*[#  13]+0.209*[#  33]+0.115*[#  10]+0.115*[#  30]
          +0.068*[#  23]+0.004*[#   1]+0.003*[#   6]+0.003*[#  16]+0.003*[#  26]
          +0.002*[#   2]+0.002*[#   3]+0.002*[#   4]+0.002*[#  11]+0.002*[#  24]
          +0.002*[#  32]
    |psi|^2 = 0.997
==== e(  27) =    15.11766 eV ==== 
     psi = 0.254*[#  23]+0.207*[#  10]+0.207*[#  30]+0.114*[#  13]+0.114*[#  33]
          +0.068*[#  20]+0.004*[#   1]+0.004*[#   2]+0.004*[#   3]+0.004*[#   4]
          +0.002*[#  11]+0.002*[#  24]+0.002*[#  32]+0.001*[#   6]+0.001*[#  16]
          +0.001*[#  26]+0.001*[#  12]+0.001*[#  14]+0.001*[#  21]+0.001*[#  22]
          +0.001*[#  31]+0.001*[#  34]
    |psi|^2 = 0.996
==== e(  28) =    15.36223 eV ==== 
     psi = 0.096*[#   1]+0.068*[#  20]+0.062*[#  13]+0.062*[#  33]+0.050*[#  10]
          +0.050*[#  30]+0.048*[#  11]+0.048*[#  24]+0.048*[#  32]+0.044*[#  23]
          +0.037*[#  12]+0.037*[#  14]+0.037*[#  21]+0.037*[#  22]+0.037*[#  31]
          +0.037*[#  34]+0.032*[#   2]+0.032*[#   3]+0.032*[#   4]+0.019*[#   6]
          +0.019*[#  16]+0.019*[#  26]
    |psi|^2 = 0.953
==== e(  29) =    15.54820 eV ==== 
     psi = 0.166*[#  12]+0.166*[#  14]+0.166*[#  21]+0.166*[#  22]+0.166*[#  31]
          +0.166*[#  34]
    |psi|^2 = 0.998
==== e(  30) =    17.32379 eV ==== 
     psi = 0.138*[#   2]+0.138*[#   3]+0.138*[#   4]+0.056*[#   1]+0.036*[#  12]
          +0.036*[#  14]+0.036*[#  21]+0.036*[#  22]+0.036*[#  31]+0.036*[#  34]
          +0.029*[#   6]+0.029*[#  16]+0.029*[#  26]+0.019*[#  23]+0.017*[#  10]
          +0.017*[#  30]+0.016*[#  11]+0.016*[#  24]+0.016*[#  32]+0.013*[#  13]
          +0.013*[#  33]+0.011*[#  20]
    |psi|^2 = 0.915
==== e(  31) =    18.44405 eV ==== 
     psi = 0.209*[#   2]+0.209*[#   3]+0.209*[#   4]+0.022*[#  12]+0.022*[#  14]
          +0.022*[#  21]+0.022*[#  22]+0.022*[#  31]+0.022*[#  34]+0.019*[#  11]
          +0.019*[#  24]+0.019*[#  32]
    |psi|^2 = 0.820
==== e(  32) =    22.12107 eV ==== 
     psi = 0.063*[#   6]+0.063*[#  16]+0.063*[#  26]+0.060*[#   1]+0.021*[#  23]
          +0.018*[#   2]+0.018*[#   3]+0.018*[#   4]+0.018*[#  10]+0.018*[#  30]
          +0.011*[#  13]+0.011*[#  33]+0.008*[#  20]+0.001*[#   5]+0.001*[#  15]
          +0.001*[#  25]
    |psi|^2 = 0.399
==== e(  33) =    23.17135 eV ==== 
     psi = 0.146*[#   1]+0.137*[#   6]+0.137*[#  16]+0.137*[#  26]+0.026*[#   2]
          +0.026*[#   3]+0.026*[#   4]+0.006*[#  11]+0.006*[#  24]+0.006*[#  32]
          +0.003*[#   5]+0.003*[#  15]+0.003*[#  25]+0.002*[#  12]+0.002*[#  14]
          +0.002*[#  21]+0.002*[#  22]+0.002*[#  31]+0.002*[#  34]+0.002*[#  23]
          +0.001*[#  10]+0.001*[#  30]+0.001*[#  13]+0.001*[#  33]
    |psi|^2 = 0.685
==== e(  34) =    23.74442 eV ==== 
     psi = 0.112*[#   6]+0.112*[#  16]+0.112*[#  26]+0.088*[#   1]+0.067*[#   2]
          +0.067*[#   3]+0.067*[#   4]+0.010*[#  20]+0.010*[#  13]+0.010*[#  33]
          +0.009*[#  10]+0.009*[#  30]+0.009*[#  23]+0.003*[#   5]+0.003*[#  15]
          +0.003*[#  25]+0.002*[#  11]+0.002*[#  24]+0.002*[#  32]
    |psi|^2 = 0.700
==== e(  35) =    24.92159 eV ==== 
     psi = 0.044*[#   2]+0.044*[#   3]+0.044*[#   4]+0.007*[#  11]+0.007*[#  24]
          +0.007*[#  32]+0.002*[#  12]+0.002*[#  14]+0.002*[#  21]+0.002*[#  22]
          +0.002*[#  31]+0.002*[#  34]
    |psi|^2 = 0.165

 k =   0.0000000000  0.1250000000  0.3750000000
==== e(   1) =   -87.43471 eV ==== 
     psi = 0.313*[#   5]+0.313*[#  15]+0.313*[#  25]+0.018*[#   2]+0.018*[#   3]
          +0.018*[#   4]+0.004*[#   1]
    |psi|^2 = 1.000
==== e(   2) =   -87.42177 eV ==== 
     psi = 0.327*[#   5]+0.327*[#  15]+0.327*[#  25]+0.004*[#   1]+0.004*[#   2]
          +0.004*[#   3]+0.004*[#   4]+0.001*[#   6]+0.001*[#  16]+0.001*[#  26]
          
    |psi|^2 = 1.000
==== e(   3) =   -87.41534 eV ==== 
     psi = 0.328*[#   5]+0.328*[#  15]+0.328*[#  25]+0.005*[#   6]+0.005*[#  16]
          +0.005*[#  26]
    |psi|^2 = 1.000
==== e(   4) =   -47.86307 eV ==== 
     psi = 0.122*[#   7]+0.122*[#   8]+0.122*[#  18]+0.122*[#  19]+0.122*[#  27]
          +0.122*[#  29]+0.088*[#   9]+0.088*[#  17]+0.088*[#  28]+0.001*[#   1]
          
    |psi|^2 = 1.000
==== e(   5) =   -47.85687 eV ==== 
     psi = 0.119*[#   7]+0.119*[#   8]+0.119*[#  18]+0.119*[#  19]+0.119*[#  27]
          +0.119*[#  29]+0.094*[#   9]+0.094*[#  17]+0.094*[#  28]
    |psi|^2 = 1.000
==== e(   6) =   -47.84573 eV ==== 
     psi = 0.146*[#   7]+0.146*[#   8]+0.146*[#  18]+0.146*[#  19]+0.146*[#  27]
          +0.146*[#  29]+0.039*[#   9]+0.039*[#  17]+0.039*[#  28]+0.001*[#   1]
          
    |psi|^2 = 1.000
==== e(   7) =   -47.82991 eV ==== 
     psi = 0.156*[#   7]+0.156*[#   8]+0.156*[#  18]+0.156*[#  19]+0.156*[#  27]
          +0.156*[#  29]+0.021*[#   9]+0.021*[#  17]+0.021*[#  28]
    |psi|^2 = 1.000
==== e(   8) =   -47.82330 eV ==== 
     psi = 0.166*[#   7]+0.166*[#   8]+0.166*[#  18]+0.166*[#  19]+0.166*[#  27]
          +0.166*[#  29]
    |psi|^2 = 1.000
==== e(   9) =   -47.80572 eV ==== 
     psi = 0.163*[#   7]+0.163*[#   8]+0.163*[#  18]+0.163*[#  19]+0.163*[#  27]
          +0.163*[#  29]+0.007*[#   9]+0.007*[#  17]+0.007*[#  28]
    |psi|^2 = 1.000
==== e(  10) =   -47.78432 eV ==== 
     psi = 0.246*[#   9]+0.246*[#  17]+0.246*[#  28]+0.043*[#   7]+0.043*[#   8]
          +0.043*[#  18]+0.043*[#  19]+0.043*[#  27]+0.043*[#  29]
    |psi|^2 = 1.000
==== e(  11) =   -47.75669 eV ==== 
     psi = 0.238*[#   9]+0.238*[#  17]+0.238*[#  28]+0.048*[#   7]+0.048*[#   8]
          +0.048*[#  18]+0.048*[#  19]+0.048*[#  27]+0.048*[#  29]
    |psi|^2 = 1.000
==== e(  12) =   -47.74801 eV ==== 
     psi = 0.264*[#   9]+0.264*[#  17]+0.264*[#  28]+0.035*[#   7]+0.035*[#   8]
          +0.035*[#  18]+0.035*[#  19]+0.035*[#  27]+0.035*[#  29]
    |psi|^2 = 1.000
==== e(  13) =     7.36263 eV ==== 
     psi = 0.313*[#   1]+0.162*[#   6]+0.162*[#  16]+0.162*[#  26]+0.050*[#   2]
          +0.050*[#   3]+0.050*[#   4]+0.008*[#   5]+0.008*[#  15]+0.008*[#  25]
          +0.004*[#  20]+0.004*[#  13]+0.004*[#  33]+0.002*[#  10]+0.002*[#  30]
          
    |psi|^2 = 0.998
==== e(  14) =    10.00707 eV ==== 
     psi = 0.161*[#   1]+0.109*[#   6]+0.109*[#  16]+0.109*[#  26]+0.106*[#   2]
          +0.106*[#   3]+0.106*[#   4]+0.035*[#  23]+0.030*[#  10]+0.030*[#  30]
          +0.022*[#  13]+0.022*[#  33]+0.018*[#  20]+0.004*[#   5]+0.004*[#  15]
          +0.004*[#  25]+0.002*[#  11]+0.002*[#  24]+0.002*[#  32]+0.001*[#  12]
          +0.001*[#  14]+0.001*[#  21]+0.001*[#  22]+0.001*[#  31]+0.001*[#  34]
          
    |psi|^2 = 0.994
==== e(  15) =    12.04886 eV ==== 
     psi = 0.224*[#  20]+0.181*[#  13]+0.181*[#  33]+0.095*[#  10]+0.095*[#  30]
          +0.052*[#  23]+0.021*[#   6]+0.021*[#  16]+0.021*[#  26]+0.014*[#   1]
          +0.013*[#   2]+0.013*[#   3]+0.013*[#   4]+0.006*[#  11]+0.006*[#  24]
          +0.006*[#  32]+0.003*[#  12]+0.003*[#  14]+0.003*[#  21]+0.003*[#  22]
          +0.003*[#  31]+0.003*[#  34]
    |psi|^2 = 0.983
==== e(  16) =    12.45562 eV ==== 
     psi = 0.115*[#  11]+0.115*[#  24]+0.115*[#  32]+0.051*[#  12]+0.051*[#  14]
          +0.051*[#  21]+0.051*[#  22]+0.051*[#  31]+0.051*[#  34]+0.047*[#   2]
          +0.047*[#   3]+0.047*[#   4]+0.032*[#  23]+0.030*[#  10]+0.030*[#  30]
          +0.025*[#  13]+0.025*[#  33]+0.023*[#  20]+0.011*[#   1]+0.004*[#   6]
          +0.004*[#  16]+0.004*[#  26]
    |psi|^2 = 0.983
==== e(  17) =    12.54891 eV ==== 
     psi = 0.135*[#  11]+0.135*[#  24]+0.135*[#  32]+0.082*[#  12]+0.082*[#  14]
          +0.082*[#  21]+0.082*[#  22]+0.082*[#  31]+0.082*[#  34]+0.031*[#   2]
          +0.031*[#   3]+0.031*[#   4]
    |psi|^2 = 0.992
==== e(  18) =    12.82658 eV ==== 
     psi = 0.144*[#  12]+0.144*[#  14]+0.144*[#  21]+0.144*[#  22]+0.144*[#  31]
          +0.144*[#  34]+0.035*[#  11]+0.035*[#  24]+0.035*[#  32]+0.006*[#   2]
          +0.006*[#   3]+0.006*[#   4]
    |psi|^2 = 0.989
==== e(  19) =    12.87869 eV ==== 
     psi = 0.233*[#  23]+0.176*[#  10]+0.176*[#  30]+0.062*[#  13]+0.062*[#  33]
          +0.030*[#  12]+0.030*[#  14]+0.030*[#  21]+0.030*[#  22]+0.030*[#  31]
          +0.030*[#  34]+0.012*[#   6]+0.012*[#  16]+0.012*[#  26]+0.008*[#  11]
          +0.008*[#  24]+0.008*[#  32]+0.005*[#  20]+0.001*[#   2]+0.001*[#   3]
          +0.001*[#   4]
    |psi|^2 = 0.959
==== e(  20) =    13.55412 eV ==== 
     psi = 0.109*[#  11]+0.109*[#  24]+0.109*[#  32]+0.102*[#  12]+0.102*[#  14]
          +0.102*[#  21]+0.102*[#  22]+0.102*[#  31]+0.102*[#  34]+0.011*[#   2]
          +0.011*[#   3]+0.011*[#   4]
    |psi|^2 = 0.972
==== e(  21) =    13.62642 eV ==== 
     psi = 0.106*[#  12]+0.106*[#  14]+0.106*[#  21]+0.106*[#  22]+0.106*[#  31]
          +0.106*[#  34]+0.068*[#  23]+0.052*[#  10]+0.052*[#  30]+0.022*[#  11]
          +0.022*[#  24]+0.022*[#  32]+0.020*[#  13]+0.020*[#  33]+0.012*[#   2]
          +0.012*[#   3]+0.012*[#   4]+0.005*[#   6]+0.005*[#  16]+0.005*[#  26]
          +0.004*[#  20]
    |psi|^2 = 0.968
==== e(  22) =    14.03157 eV ==== 
     psi = 0.144*[#  23]+0.120*[#  10]+0.120*[#  30]+0.070*[#  13]+0.070*[#  33]
          +0.046*[#  20]+0.042*[#  11]+0.042*[#  24]+0.042*[#  32]+0.032*[#  12]
          +0.032*[#  14]+0.032*[#  21]+0.032*[#  22]+0.032*[#  31]+0.032*[#  34]
          +0.017*[#   1]+0.012*[#   6]+0.012*[#  16]+0.012*[#  26]+0.011*[#   2]
          +0.011*[#   3]+0.011*[#   4]
    |psi|^2 = 0.981
==== e(  23) =    14.07560 eV ==== 
     psi = 0.197*[#  11]+0.197*[#  24]+0.197*[#  32]+0.063*[#  12]+0.063*[#  14]
          +0.063*[#  21]+0.063*[#  22]+0.063*[#  31]+0.063*[#  34]+0.003*[#   2]
          +0.003*[#   3]+0.003*[#   4]
    |psi|^2 = 0.975
==== e(  24) =    14.40841 eV ==== 
     psi = 0.180*[#  20]+0.148*[#  13]+0.148*[#  33]+0.085*[#  10]+0.085*[#  30]
          +0.054*[#  23]+0.034*[#  11]+0.034*[#  24]+0.034*[#  32]+0.029*[#  12]
          +0.029*[#  14]+0.029*[#  21]+0.029*[#  22]+0.029*[#  31]+0.029*[#  34]
          +0.003*[#   6]+0.003*[#  16]+0.003*[#  26]+0.002*[#   2]+0.002*[#   3]
          +0.002*[#   4]+0.001*[#   1]
    |psi|^2 = 0.993
==== e(  25) =    14.58130 eV ==== 
     psi = 0.152*[#  11]+0.152*[#  24]+0.152*[#  32]+0.089*[#  12]+0.089*[#  14]
          +0.089*[#  21]+0.089*[#  22]+0.089*[#  31]+0.089*[#  34]
    |psi|^2 = 0.989
==== e(  26) =    14.75648 eV ==== 
     psi = 0.182*[#  23]+0.166*[#  10]+0.166*[#  30]+0.134*[#  13]+0.134*[#  33]
          +0.117*[#  20]+0.011*[#  11]+0.011*[#  24]+0.011*[#  32]+0.006*[#  12]
          +0.006*[#  14]+0.006*[#  21]+0.006*[#  22]+0.006*[#  31]+0.006*[#  34]
          +0.006*[#   6]+0.006*[#  16]+0.006*[#  26]+0.005*[#   1]+0.001*[#   2]
          +0.001*[#   3]+0.001*[#   4]
    |psi|^2 = 0.996
==== e(  27) =    14.93851 eV ==== 
     psi = 0.138*[#  20]+0.112*[#  13]+0.112*[#  33]+0.062*[#  10]+0.062*[#  30]
          +0.052*[#  11]+0.052*[#  24]+0.052*[#  32]+0.041*[#  12]+0.041*[#  14]
          +0.041*[#  21]+0.041*[#  22]+0.041*[#  31]+0.041*[#  34]+0.036*[#  23]
          +0.025*[#   1]+0.009*[#   6]+0.009*[#  16]+0.009*[#  26]+0.003*[#   2]
          +0.003*[#   3]+0.003*[#   4]
    |psi|^2 = 0.985
==== e(  28) =    15.08108 eV ==== 
     psi = 0.206*[#  20]+0.183*[#  13]+0.183*[#  33]+0.138*[#  10]+0.138*[#  30]
          +0.115*[#  23]+0.003*[#  12]+0.003*[#  14]+0.003*[#  21]+0.003*[#  22]
          +0.003*[#  31]+0.003*[#  34]+0.003*[#  11]+0.003*[#  24]+0.003*[#  32]
          +0.002*[#   1]+0.001*[#   6]+0.001*[#  16]+0.001*[#  26]
    |psi|^2 = 0.996
==== e(  29) =    15.53965 eV ==== 
     psi = 0.166*[#  12]+0.166*[#  14]+0.166*[#  21]+0.166*[#  22]+0.166*[#  31]
          +0.166*[#  34]
    |psi|^2 = 0.997
==== e(  30) =    18.37691 eV ==== 
     psi = 0.130*[#   2]+0.130*[#   3]+0.130*[#   4]+0.076*[#   1]+0.041*[#   6]
          +0.041*[#  16]+0.041*[#  26]+0.021*[#  12]+0.021*[#  14]+0.021*[#  21]
          +0.021*[#  22]+0.021*[#  31]+0.021*[#  34]+0.021*[#  11]+0.021*[#  24]
          +0.021*[#  32]+0.017*[#  23]+0.014*[#  10]+0.014*[#  30]+0.010*[#  13]
          +0.010*[#  33]+0.007*[#  20]
    |psi|^2 = 0.856
==== e(  31) =    19.73437 eV ==== 
     psi = 0.184*[#   2]+0.184*[#   3]+0.184*[#   4]+0.021*[#  11]+0.021*[#  24]
          +0.021*[#  32]+0.014*[#  12]+0.014*[#  14]+0.014*[#  21]+0.014*[#  22]
          +0.014*[#  31]+0.014*[#  34]
    |psi|^2 = 0.703
==== e(  32) =    21.02304 eV ==== 
     psi = 0.071*[#   2]+0.071*[#   3]+0.071*[#   4]+0.046*[#   6]+0.046*[#  16]
          +0.046*[#  26]+0.011*[#   1]+0.009*[#  23]+0.008*[#  10]+0.008*[#  11]
          +0.008*[#  24]+0.008*[#  30]+0.008*[#  32]+0.006*[#  12]+0.006*[#  14]
          +0.006*[#  21]+0.006*[#  22]+0.006*[#  31]+0.006*[#  34]+0.005*[#  13]
          +0.005*[#  33]+0.004*[#  20]+0.003*[#   5]+0.003*[#  15]+0.003*[#  25]
          
    |psi|^2 = 0.466
==== e(  33) =    22.65495 eV ==== 
     psi = 0.192*[#   1]+0.118*[#   6]+0.118*[#  16]+0.118*[#  26]+0.011*[#  23]
          +0.008*[#  10]+0.008*[#  30]+0.004*[#  11]+0.004*[#  13]+0.004*[#  24]
          +0.004*[#  32]+0.004*[#  33]+0.003*[#   2]+0.003*[#   3]+0.003*[#   4]
          +0.002*[#  20]+0.002*[#   5]+0.002*[#  15]+0.002*[#  25]
    |psi|^2 = 0.618
==== e(  34) =    22.99695 eV ==== 
     psi = 0.076*[#   2]+0.076*[#   3]+0.076*[#   4]+0.011*[#  11]+0.011*[#  24]
          +0.011*[#  32]+0.004*[#  12]+0.004*[#  14]+0.004*[#  21]+0.004*[#  22]
          +0.004*[#  31]+0.004*[#  34]
    |psi|^2 = 0.287
==== e(  35) =    24.12257 eV ==== 
     psi = 0.115*[#   1]+0.084*[#   6]+0.084*[#  16]+0.084*[#  26]+0.064*[#   2]
          +0.064*[#   3]+0.064*[#   4]+0.008*[#  20]+0.007*[#  13]+0.007*[#  33]
          +0.006*[#  10]+0.006*[#  30]+0.005*[#  23]+0.002*[#   5]+0.002*[#  15]
          +0.002*[#  25]+0.002*[#  11]+0.002*[#  24]+0.002*[#  32]
    |psi|^2 = 0.610

 k =   0.0000000000  0.1250000000 -0.5000000000
==== e(   1) =   -87.43251 eV ==== 
     psi = 0.311*[#   5]+0.311*[#  15]+0.311*[#  25]+0.022*[#   2]+0.022*[#   3]
          +0.022*[#   4]
    |psi|^2 = 1.000
==== e(   2) =   -87.42393 eV ==== 
     psi = 0.329*[#   5]+0.329*[#  15]+0.329*[#  25]+0.008*[#   1]+0.002*[#   2]
          +0.002*[#   3]+0.002*[#   4]
    |psi|^2 = 1.000
==== e(   3) =   -87.41533 eV ==== 
     psi = 0.328*[#   5]+0.328*[#  15]+0.328*[#  25]+0.005*[#   6]+0.005*[#  16]
          +0.005*[#  26]
    |psi|^2 = 1.000
==== e(   4) =   -47.85368 eV ==== 
     psi = 0.112*[#   7]+0.112*[#   8]+0.112*[#  18]+0.112*[#  19]+0.112*[#  27]
          +0.112*[#  29]+0.110*[#   9]+0.110*[#  17]+0.110*[#  28]
    |psi|^2 = 1.000
==== e(   5) =   -47.85158 eV ==== 
     psi = 0.120*[#   7]+0.120*[#   8]+0.120*[#  18]+0.120*[#  19]+0.120*[#  27]
          +0.120*[#  29]+0.094*[#   9]+0.094*[#  17]+0.094*[#  28]
    |psi|^2 = 1.000
==== e(   6) =   -47.84933 eV ==== 
     psi = 0.166*[#   7]+0.166*[#   8]+0.166*[#  18]+0.166*[#  19]+0.166*[#  27]
          +0.166*[#  29]+0.002*[#   1]
    |psi|^2 = 1.000
==== e(   7) =   -47.82676 eV ==== 
     psi = 0.166*[#   7]+0.166*[#   8]+0.166*[#  18]+0.166*[#  19]+0.166*[#  27]
          +0.166*[#  29]
    |psi|^2 = 1.000
==== e(   8) =   -47.82567 eV ==== 
     psi = 0.166*[#   7]+0.166*[#   8]+0.166*[#  18]+0.166*[#  19]+0.166*[#  27]
          +0.166*[#  29]
    |psi|^2 = 1.000
==== e(   9) =   -47.80359 eV ==== 
     psi = 0.167*[#   7]+0.167*[#   8]+0.167*[#  18]+0.167*[#  19]+0.167*[#  27]
          +0.167*[#  29]
    |psi|^2 = 1.000
==== e(  10) =   -47.79319 eV ==== 
     psi = 0.284*[#   9]+0.284*[#  17]+0.284*[#  28]+0.024*[#   7]+0.024*[#   8]
          +0.024*[#  18]+0.024*[#  19]+0.024*[#  27]+0.024*[#  29]
    |psi|^2 = 1.000
==== e(  11) =   -47.75903 eV ==== 
     psi = 0.240*[#   9]+0.240*[#  17]+0.240*[#  28]+0.047*[#   7]+0.047*[#   8]
          +0.047*[#  18]+0.047*[#  19]+0.047*[#  27]+0.047*[#  29]
    |psi|^2 = 1.000
==== e(  12) =   -47.75033 eV ==== 
     psi = 0.271*[#   9]+0.271*[#  17]+0.271*[#  28]+0.031*[#   7]+0.031*[#   8]
          +0.031*[#  18]+0.031*[#  19]+0.031*[#  27]+0.031*[#  29]
    |psi|^2 = 1.000
==== e(  13) =     8.21768 eV ==== 
     psi = 0.503*[#   1]+0.133*[#   6]+0.133*[#  16]+0.133*[#  26]+0.012*[#   2]
          +0.012*[#   3]+0.012*[#   4]+0.012*[#  20]+0.009*[#  13]+0.009*[#  33]
          +0.003*[#  10]+0.003*[#  30]+0.003*[#  11]+0.003*[#  24]+0.003*[#  32]
          +0.001*[#   5]+0.001*[#  15]+0.001*[#  25]+0.001*[#   7]+0.001*[#   8]
          +0.001*[#  18]+0.001*[#  19]+0.001*[#  27]+0.001*[#  29]
    |psi|^2 = 0.996
==== e(  14) =     9.00700 eV ==== 
     psi = 0.155*[#   2]+0.155*[#   3]+0.155*[#   4]+0.143*[#   6]+0.143*[#  16]
          +0.143*[#  26]+0.021*[#  23]+0.016*[#  10]+0.016*[#  30]+0.011*[#   5]
          +0.011*[#  15]+0.011*[#  25]+0.005*[#  13]+0.005*[#  33]+0.001*[#   9]
          +0.001*[#  12]+0.001*[#  14]+0.001*[#  17]+0.001*[#  21]+0.001*[#  22]
          +0.001*[#  28]+0.001*[#  31]+0.001*[#  34]
    |psi|^2 = 0.998
==== e(  15) =    12.21164 eV ==== 
     psi = 0.245*[#  20]+0.197*[#  13]+0.197*[#  33]+0.101*[#  10]+0.101*[#  30]
          +0.053*[#  23]+0.023*[#   6]+0.023*[#  16]+0.023*[#  26]+0.006*[#   2]
          +0.006*[#   3]+0.006*[#   4]
    |psi|^2 = 0.982
==== e(  16) =    12.44386 eV ==== 
     psi = 0.140*[#  11]+0.140*[#  24]+0.140*[#  32]+0.060*[#   2]+0.060*[#   3]
          +0.060*[#   4]+0.051*[#  12]+0.051*[#  14]+0.051*[#  21]+0.051*[#  22]
          +0.051*[#  31]+0.051*[#  34]+0.020*[#   1]+0.018*[#  23]+0.013*[#  10]
          +0.013*[#  30]+0.004*[#  13]+0.004*[#  33]+0.002*[#   6]+0.002*[#  16]
          +0.002*[#  26]
    |psi|^2 = 0.989
==== e(  17) =    12.61039 eV ==== 
     psi = 0.182*[#  11]+0.182*[#  24]+0.182*[#  32]+0.050*[#  12]+0.050*[#  14]
          +0.050*[#  21]+0.050*[#  22]+0.050*[#  31]+0.050*[#  34]+0.049*[#   2]
          +0.049*[#   3]+0.049*[#   4]
    |psi|^2 = 0.995
==== e(  18) =    12.83078 eV ==== 
     psi = 0.165*[#  12]+0.165*[#  14]+0.165*[#  21]+0.165*[#  22]+0.165*[#  31]
          +0.165*[#  34]
    |psi|^2 = 0.991
==== e(  19) =    13.14847 eV ==== 
     psi = 0.280*[#  23]+0.210*[#  10]+0.210*[#  30]+0.071*[#  13]+0.071*[#  33]
          +0.013*[#  12]+0.013*[#  14]+0.013*[#  21]+0.013*[#  22]+0.013*[#  31]
          +0.013*[#  34]+0.007*[#  11]+0.007*[#  24]+0.007*[#  32]
    |psi|^2 = 0.942
==== e(  20) =    13.47008 eV ==== 
     psi = 0.128*[#  12]+0.128*[#  14]+0.128*[#  21]+0.128*[#  22]+0.128*[#  31]
          +0.128*[#  34]+0.051*[#  23]+0.040*[#  10]+0.040*[#  30]+0.017*[#  13]
          +0.017*[#  33]+0.009*[#   6]+0.009*[#  16]+0.009*[#  26]+0.005*[#  20]
          +0.001*[#   2]+0.001*[#   3]+0.001*[#   4]
    |psi|^2 = 0.968
==== e(  21) =    13.64637 eV ==== 
     psi = 0.158*[#  12]+0.158*[#  14]+0.158*[#  21]+0.158*[#  22]+0.158*[#  31]
          +0.158*[#  34]
    |psi|^2 = 0.951
==== e(  22) =    13.83724 eV ==== 
     psi = 0.257*[#  11]+0.257*[#  24]+0.257*[#  32]+0.035*[#  12]+0.035*[#  14]
          +0.035*[#  21]+0.035*[#  22]+0.035*[#  31]+0.035*[#  34]
    |psi|^2 = 0.982
==== e(  23) =    14.07122 eV ==== 
     psi = 0.210*[#  23]+0.172*[#  10]+0.172*[#  30]+0.096*[#  13]+0.096*[#  33]
          +0.058*[#  20]+0.019*[#  12]+0.019*[#  14]+0.019*[#  21]+0.019*[#  22]
          +0.019*[#  31]+0.019*[#  34]+0.014*[#   6]+0.014*[#  16]+0.014*[#  26]
          +0.007*[#   2]+0.007*[#   3]+0.007*[#   4]
    |psi|^2 = 0.984
==== e(  24) =    14.22673 eV ==== 
     psi = 0.181*[#  20]+0.136*[#  13]+0.136*[#  33]+0.066*[#  11]+0.066*[#  24]
          +0.066*[#  32]+0.048*[#  10]+0.048*[#  30]+0.038*[#  12]+0.038*[#  14]
          +0.038*[#  21]+0.038*[#  22]+0.038*[#  31]+0.038*[#  34]+0.004*[#  23]
          +0.003*[#   6]+0.003*[#  16]+0.003*[#  26]
    |psi|^2 = 0.993
==== e(  25) =    14.53080 eV ==== 
     psi = 0.186*[#  11]+0.186*[#  24]+0.186*[#  32]+0.073*[#  12]+0.073*[#  14]
          +0.073*[#  21]+0.073*[#  22]+0.073*[#  31]+0.073*[#  34]
    |psi|^2 = 0.996
==== e(  26) =    14.63797 eV ==== 
     psi = 0.235*[#  23]+0.198*[#  10]+0.198*[#  30]+0.122*[#  13]+0.122*[#  33]
          +0.085*[#  20]+0.004*[#  12]+0.004*[#  14]+0.004*[#  21]+0.004*[#  22]
          +0.004*[#  31]+0.004*[#  34]+0.004*[#   6]+0.004*[#  16]+0.004*[#  26]
          
    |psi|^2 = 0.995
==== e(  27) =    14.75609 eV ==== 
     psi = 0.136*[#  20]+0.102*[#  13]+0.102*[#  33]+0.078*[#  11]+0.078*[#  24]
          +0.078*[#  32]+0.052*[#  12]+0.052*[#  14]+0.052*[#  21]+0.052*[#  22]
          +0.052*[#  31]+0.052*[#  34]+0.035*[#  10]+0.035*[#  30]+0.014*[#   1]
          +0.008*[#   6]+0.008*[#  16]+0.008*[#  26]
    |psi|^2 = 0.992
==== e(  28) =    15.07989 eV ==== 
     psi = 0.246*[#  20]+0.206*[#  13]+0.206*[#  33]+0.124*[#  10]+0.124*[#  30]
          +0.083*[#  23]+0.001*[#  12]+0.001*[#  14]+0.001*[#  21]+0.001*[#  22]
          +0.001*[#  31]+0.001*[#  34]
    |psi|^2 = 0.997
==== e(  29) =    15.53854 eV ==== 
     psi = 0.166*[#  12]+0.166*[#  14]+0.166*[#  21]+0.166*[#  22]+0.166*[#  31]
          +0.166*[#  34]
    |psi|^2 = 0.996
==== e(  30) =    19.43834 eV ==== 
     psi = 0.171*[#   2]+0.171*[#   3]+0.171*[#   4]+0.112*[#   1]+0.032*[#  11]
          +0.032*[#  24]+0.032*[#  32]+0.019*[#  23]+0.014*[#  10]+0.014*[#  30]
          +0.011*[#  12]+0.011*[#  14]+0.011*[#  21]+0.011*[#  22]+0.011*[#  31]
          +0.011*[#  34]+0.007*[#   6]+0.007*[#  16]+0.007*[#  26]+0.005*[#  13]
          +0.005*[#  33]
    |psi|^2 = 0.869
==== e(  31) =    19.78637 eV ==== 
     psi = 0.110*[#   6]+0.110*[#  16]+0.110*[#  26]+0.036*[#   2]+0.036*[#   3]
          +0.036*[#   4]+0.012*[#  12]+0.012*[#  14]+0.012*[#  21]+0.012*[#  22]
          +0.012*[#  31]+0.012*[#  34]+0.010*[#  20]+0.008*[#  13]+0.008*[#  33]
          +0.006*[#  10]+0.006*[#  30]+0.004*[#  23]+0.004*[#   5]+0.004*[#  15]
          +0.004*[#  25]
    |psi|^2 = 0.566
==== e(  32) =    21.16363 eV ==== 
     psi = 0.264*[#   2]+0.264*[#   3]+0.264*[#   4]+0.034*[#  11]+0.034*[#  24]
          +0.034*[#  32]+0.008*[#  12]+0.008*[#  14]+0.008*[#  21]+0.008*[#  22]
          +0.008*[#  31]+0.008*[#  34]
    |psi|^2 = 0.943
==== e(  33) =    21.35744 eV ==== 
     psi = 0.008*[#  12]+0.008*[#  14]+0.008*[#  21]+0.008*[#  22]+0.008*[#  31]
          +0.008*[#  34]
    |psi|^2 = 0.051
==== e(  34) =    22.66141 eV ==== 
     psi = 0.179*[#   1]+0.060*[#   6]+0.060*[#  16]+0.060*[#  26]+0.010*[#  23]
          +0.008*[#  10]+0.008*[#  30]+0.004*[#  11]+0.004*[#  24]+0.004*[#  32]
          +0.003*[#  13]+0.003*[#  33]+0.001*[#   2]+0.001*[#   3]+0.001*[#   4]
          
    |psi|^2 = 0.412
==== e(  35) =    24.81828 eV ==== 
     psi = 0.145*[#   6]+0.145*[#  16]+0.145*[#  26]+0.070*[#   2]+0.070*[#   3]
          +0.070*[#   4]+0.014*[#  20]+0.012*[#  13]+0.012*[#  33]+0.007*[#   5]
          +0.007*[#  15]+0.007*[#  25]+0.007*[#  10]+0.007*[#  30]+0.005*[#  23]
          
    |psi|^2 = 0.724

 k =   0.0000000000  0.2500000000  0.2500000000
==== e(   1) =   -87.43586 eV ==== 
     psi = 0.316*[#   5]+0.316*[#  15]+0.316*[#  25]+0.015*[#   2]+0.015*[#   3]
          +0.015*[#   4]+0.005*[#   1]+0.001*[#   6]+0.001*[#  16]+0.001*[#  26]
          
    |psi|^2 = 1.000
==== e(   2) =   -87.41930 eV ==== 
     psi = 0.325*[#   5]+0.325*[#  15]+0.325*[#  25]+0.005*[#   2]+0.005*[#   3]
          +0.005*[#   4]+0.003*[#   6]+0.003*[#  16]+0.003*[#  26]
    |psi|^2 = 1.000
==== e(   3) =   -87.41671 eV ==== 
     psi = 0.329*[#   5]+0.329*[#  15]+0.329*[#  25]+0.004*[#   6]+0.004*[#  16]
          +0.004*[#  26]
    |psi|^2 = 1.000
==== e(   4) =   -47.87355 eV ==== 
     psi = 0.123*[#   7]+0.123*[#   8]+0.123*[#  18]+0.123*[#  19]+0.123*[#  27]
          +0.123*[#  29]+0.086*[#   9]+0.086*[#  17]+0.086*[#  28]+0.002*[#   1]
          
    |psi|^2 = 1.000
==== e(   5) =   -47.85866 eV ==== 
     psi = 0.120*[#   7]+0.120*[#   8]+0.120*[#  18]+0.120*[#  19]+0.120*[#  27]
          +0.120*[#  29]+0.092*[#   9]+0.092*[#  17]+0.092*[#  28]
    |psi|^2 = 1.000
==== e(   6) =   -47.84425 eV ==== 
     psi = 0.138*[#   7]+0.138*[#   8]+0.138*[#  18]+0.138*[#  19]+0.138*[#  27]
          +0.138*[#  29]+0.055*[#   9]+0.055*[#  17]+0.055*[#  28]+0.001*[#   2]
          +0.001*[#   3]+0.001*[#   4]
    |psi|^2 = 1.000
==== e(   7) =   -47.83522 eV ==== 
     psi = 0.149*[#   7]+0.149*[#   8]+0.149*[#  18]+0.149*[#  19]+0.149*[#  27]
          +0.149*[#  29]+0.036*[#   9]+0.036*[#  17]+0.036*[#  28]
    |psi|^2 = 1.000
==== e(   8) =   -47.82130 eV ==== 
     psi = 0.167*[#   7]+0.167*[#   8]+0.167*[#  18]+0.167*[#  19]+0.167*[#  27]
          +0.167*[#  29]
    |psi|^2 = 1.000
==== e(   9) =   -47.80025 eV ==== 
     psi = 0.162*[#   7]+0.162*[#   8]+0.162*[#  18]+0.162*[#  19]+0.162*[#  27]
          +0.162*[#  29]+0.009*[#   9]+0.009*[#  17]+0.009*[#  28]
    |psi|^2 = 1.000
==== e(  10) =   -47.78426 eV ==== 
     psi = 0.211*[#   9]+0.211*[#  17]+0.211*[#  28]+0.061*[#   7]+0.061*[#   8]
          +0.061*[#  18]+0.061*[#  19]+0.061*[#  27]+0.061*[#  29]
    |psi|^2 = 1.000
==== e(  11) =   -47.75751 eV ==== 
     psi = 0.241*[#   9]+0.241*[#  17]+0.241*[#  28]+0.046*[#   7]+0.046*[#   8]
          +0.046*[#  18]+0.046*[#  19]+0.046*[#  27]+0.046*[#  29]
    |psi|^2 = 1.000
==== e(  12) =   -47.74009 eV ==== 
     psi = 0.270*[#   9]+0.270*[#  17]+0.270*[#  28]+0.032*[#   7]+0.032*[#   8]
          +0.032*[#  18]+0.032*[#  19]+0.032*[#  27]+0.032*[#  29]
    |psi|^2 = 1.000
==== e(  13) =     7.02079 eV ==== 
     psi = 0.279*[#   1]+0.168*[#   6]+0.168*[#  16]+0.168*[#  26]+0.055*[#   2]
          +0.055*[#   3]+0.055*[#   4]+0.009*[#   5]+0.009*[#  15]+0.009*[#  25]
          +0.003*[#  20]+0.002*[#  13]+0.002*[#  33]+0.002*[#  11]+0.002*[#  24]
          +0.002*[#  32]
    |psi|^2 = 0.998
==== e(  14) =    11.41643 eV ==== 
     psi = 0.198*[#   1]+0.120*[#  20]+0.095*[#  13]+0.095*[#  33]+0.044*[#  10]
          +0.044*[#  30]+0.042*[#   6]+0.042*[#  16]+0.042*[#  26]+0.034*[#  11]
          +0.034*[#  24]+0.034*[#  32]+0.032*[#   2]+0.032*[#   3]+0.032*[#   4]
          +0.019*[#  23]+0.005*[#  12]+0.005*[#  14]+0.005*[#  21]+0.005*[#  22]
          +0.005*[#  31]+0.005*[#  34]+0.001*[#   5]+0.001*[#  15]+0.001*[#  25]
          
    |psi|^2 = 0.977
==== e(  15) =    11.43439 eV ==== 
     psi = 0.117*[#  23]+0.113*[#   2]+0.113*[#   3]+0.113*[#   4]+0.092*[#  10]
          +0.092*[#  30]+0.063*[#   6]+0.063*[#  16]+0.063*[#  26]+0.043*[#  13]
          +0.043*[#  33]+0.018*[#  20]+0.009*[#  12]+0.009*[#  14]+0.009*[#  21]
          +0.009*[#  22]+0.009*[#  31]+0.009*[#  34]
    |psi|^2 = 0.992
==== e(  16) =    12.29344 eV ==== 
     psi = 0.142*[#  20]+0.128*[#  13]+0.128*[#  33]+0.099*[#  10]+0.099*[#  30]
          +0.084*[#  23]+0.039*[#  11]+0.039*[#  24]+0.039*[#  32]+0.027*[#   2]
          +0.027*[#   3]+0.027*[#   4]+0.012*[#   6]+0.012*[#  16]+0.012*[#  26]
          +0.009*[#  12]+0.009*[#  14]+0.009*[#  21]+0.009*[#  22]+0.009*[#  31]
          +0.009*[#  34]+0.007*[#   1]
    |psi|^2 = 0.976
==== e(  17) =    12.46363 eV ==== 
     psi = 0.122*[#  11]+0.122*[#  24]+0.122*[#  32]+0.094*[#  12]+0.094*[#  14]
          +0.094*[#  21]+0.094*[#  22]+0.094*[#  31]+0.094*[#  34]+0.022*[#   2]
          +0.022*[#   3]+0.022*[#   4]
    |psi|^2 = 0.992
==== e(  18) =    12.63372 eV ==== 
     psi = 0.106*[#  23]+0.080*[#  12]+0.080*[#  14]+0.080*[#  21]+0.080*[#  22]
          +0.080*[#  31]+0.080*[#  34]+0.080*[#  10]+0.080*[#  30]+0.039*[#  11]
          +0.039*[#  24]+0.039*[#  32]+0.029*[#  13]+0.029*[#  33]+0.020*[#   6]
          +0.020*[#  16]+0.020*[#  26]+0.003*[#  20]
    |psi|^2 = 0.986
==== e(  19) =    12.93102 eV ==== 
     psi = 0.140*[#  12]+0.140*[#  14]+0.140*[#  21]+0.140*[#  22]+0.140*[#  31]
          +0.140*[#  34]+0.045*[#  11]+0.045*[#  24]+0.045*[#  32]
    |psi|^2 = 0.979
==== e(  20) =    13.37325 eV ==== 
     psi = 0.142*[#  11]+0.142*[#  24]+0.142*[#  32]+0.081*[#  12]+0.081*[#  14]
          +0.081*[#  21]+0.081*[#  22]+0.081*[#  31]+0.081*[#  34]+0.025*[#   2]
          +0.025*[#   3]+0.025*[#   4]
    |psi|^2 = 0.987
==== e(  21) =    13.71929 eV ==== 
     psi = 0.125*[#  23]+0.095*[#  10]+0.095*[#  30]+0.081*[#  12]+0.081*[#  14]
          +0.081*[#  21]+0.081*[#  22]+0.081*[#  31]+0.081*[#  34]+0.036*[#  13]
          +0.036*[#  33]+0.021*[#   2]+0.021*[#   3]+0.021*[#   4]+0.012*[#   6]
          +0.012*[#  16]+0.012*[#  26]+0.007*[#  20]
    |psi|^2 = 0.978
==== e(  22) =    13.95031 eV ==== 
     psi = 0.106*[#  11]+0.106*[#  24]+0.106*[#  32]+0.060*[#  12]+0.060*[#  14]
          +0.060*[#  21]+0.060*[#  22]+0.060*[#  31]+0.060*[#  34]+0.049*[#  23]
          +0.044*[#  10]+0.044*[#  30]+0.034*[#  13]+0.034*[#  33]+0.029*[#  20]
          +0.020*[#   1]+0.009*[#   2]+0.009*[#   3]+0.009*[#   4]+0.005*[#   6]
          +0.005*[#  16]+0.005*[#  26]
    |psi|^2 = 0.972
==== e(  23) =    14.48199 eV ==== 
     psi = 0.283*[#  11]+0.283*[#  24]+0.283*[#  32]+0.024*[#  12]+0.024*[#  14]
          +0.024*[#  21]+0.024*[#  22]+0.024*[#  31]+0.024*[#  34]
    |psi|^2 = 0.996
==== e(  24) =    14.54805 eV ==== 
     psi = 0.137*[#  12]+0.137*[#  14]+0.137*[#  21]+0.137*[#  22]+0.137*[#  31]
          +0.137*[#  34]+0.037*[#  11]+0.037*[#  24]+0.037*[#  32]+0.008*[#   2]
          +0.008*[#   3]+0.008*[#   4]
    |psi|^2 = 0.958
==== e(  25) =    14.65956 eV ==== 
     psi = 0.270*[#  20]+0.215*[#  13]+0.215*[#  33]+0.106*[#  10]+0.106*[#  30]
          +0.052*[#  23]+0.004*[#  12]+0.004*[#  14]+0.004*[#  21]+0.004*[#  22]
          +0.004*[#  31]+0.004*[#  34]+0.002*[#   2]+0.002*[#   3]+0.002*[#   4]
          
    |psi|^2 = 0.998
==== e(  26) =    14.88794 eV ==== 
     psi = 0.280*[#  20]+0.219*[#  13]+0.219*[#  33]+0.096*[#  10]+0.096*[#  30]
          +0.035*[#  23]+0.008*[#   1]+0.007*[#   6]+0.007*[#  16]+0.007*[#  26]
          +0.003*[#  11]+0.003*[#  24]+0.003*[#  32]+0.002*[#   2]+0.002*[#   3]
          +0.002*[#   4]
    |psi|^2 = 0.994
==== e(  27) =    14.94320 eV ==== 
     psi = 0.318*[#  23]+0.240*[#  10]+0.240*[#  30]+0.086*[#  13]+0.086*[#  33]
          +0.009*[#  20]+0.005*[#   2]+0.005*[#   3]+0.005*[#   4]
    |psi|^2 = 0.996
==== e(  28) =    15.35063 eV ==== 
     psi = 0.165*[#  12]+0.165*[#  14]+0.165*[#  21]+0.165*[#  22]+0.165*[#  31]
          +0.165*[#  34]+0.002*[#  11]+0.002*[#  24]+0.002*[#  32]
    |psi|^2 = 0.998
==== e(  29) =    15.56089 eV ==== 
     psi = 0.188*[#   1]+0.094*[#  11]+0.094*[#  24]+0.094*[#  32]+0.065*[#  20]
          +0.053*[#  13]+0.053*[#  33]+0.041*[#   6]+0.041*[#  16]+0.041*[#  26]
          +0.030*[#  10]+0.030*[#  30]+0.022*[#   2]+0.022*[#   3]+0.022*[#   4]
          +0.019*[#  23]+0.004*[#  12]+0.004*[#  14]+0.004*[#  21]+0.004*[#  22]
          +0.004*[#  31]+0.004*[#  34]
    |psi|^2 = 0.930
==== e(  30) =    16.59861 eV ==== 
     psi = 0.080*[#   2]+0.080*[#   3]+0.080*[#   4]+0.071*[#  12]+0.071*[#  14]
          +0.071*[#  21]+0.071*[#  22]+0.071*[#  31]+0.071*[#  34]+0.048*[#  23]
          +0.043*[#  10]+0.043*[#  30]+0.033*[#  13]+0.033*[#  33]+0.031*[#   6]
          +0.031*[#  16]+0.031*[#  26]+0.028*[#  20]
    |psi|^2 = 0.992
==== e(  31) =    19.27575 eV ==== 
     psi = 0.200*[#   2]+0.200*[#   3]+0.200*[#   4]+0.020*[#  11]+0.020*[#  24]
          +0.020*[#  32]+0.019*[#  12]+0.019*[#  14]+0.019*[#  21]+0.019*[#  22]
          +0.019*[#  31]+0.019*[#  34]
    |psi|^2 = 0.772
==== e(  32) =    20.76747 eV ==== 
     psi = 0.086*[#   2]+0.086*[#   3]+0.086*[#   4]+0.062*[#   6]+0.062*[#  16]
          +0.062*[#  26]+0.009*[#   1]+0.009*[#  23]+0.009*[#  11]+0.009*[#  24]
          +0.009*[#  32]+0.008*[#  10]+0.008*[#  30]+0.007*[#  13]+0.007*[#  33]
          +0.006*[#  12]+0.006*[#  14]+0.006*[#  21]+0.006*[#  22]+0.006*[#  31]
          +0.006*[#  34]+0.006*[#  20]+0.004*[#   5]+0.004*[#  15]+0.004*[#  25]
          
    |psi|^2 = 0.572
==== e(  33) =    22.76225 eV ==== 
     psi = 0.205*[#   1]+0.165*[#   6]+0.165*[#  16]+0.165*[#  26]+0.011*[#  23]
          +0.009*[#  10]+0.009*[#  30]+0.006*[#  13]+0.006*[#  33]+0.005*[#  20]
          +0.004*[#  11]+0.004*[#  24]+0.004*[#  32]+0.003*[#   5]+0.003*[#  15]
          +0.003*[#  25]
    |psi|^2 = 0.771
==== e(  34) =    25.34239 eV ==== 
     psi = 0.003*[#  12]+0.003*[#  14]+0.003*[#  21]+0.003*[#  22]+0.003*[#  31]
          +0.003*[#  34]+0.002*[#  11]+0.002*[#  24]+0.002*[#  32]
    |psi|^2 = 0.022
==== e(  35) =    25.60577 eV ==== 
     psi = 0.075*[#   2]+0.075*[#   3]+0.075*[#   4]+0.012*[#  11]+0.012*[#  24]
          +0.012*[#  32]+0.001*[#  12]+0.001*[#  14]+0.001*[#  21]+0.001*[#  22]
          +0.001*[#  31]+0.001*[#  34]
    |psi|^2 = 0.268

 k =   0.0000000000  0.2500000000  0.3750000000
==== e(   1) =   -87.43265 eV ==== 
     psi = 0.316*[#   5]+0.316*[#  15]+0.316*[#  25]+0.016*[#   2]+0.016*[#   3]
          +0.016*[#   4]+0.002*[#   1]
    |psi|^2 = 1.000
==== e(   2) =   -87.42190 eV ==== 
     psi = 0.325*[#   5]+0.325*[#  15]+0.325*[#  25]+0.006*[#   2]+0.006*[#   3]
          +0.006*[#   4]+0.002*[#   1]+0.002*[#   6]+0.002*[#  16]+0.002*[#  26]
          
    |psi|^2 = 1.000
==== e(   3) =   -87.41724 eV ==== 
     psi = 0.329*[#   5]+0.329*[#  15]+0.329*[#  25]+0.004*[#   6]+0.004*[#  16]
          +0.004*[#  26]
    |psi|^2 = 1.000
==== e(   4) =   -47.86997 eV ==== 
     psi = 0.141*[#   7]+0.141*[#   8]+0.141*[#  18]+0.141*[#  19]+0.141*[#  27]
          +0.141*[#  29]+0.050*[#   9]+0.050*[#  17]+0.050*[#  28]+0.003*[#   1]
          
    |psi|^2 = 1.000
==== e(   5) =   -47.84867 eV ==== 
     psi = 0.126*[#   7]+0.126*[#   8]+0.126*[#  18]+0.126*[#  19]+0.126*[#  27]
          +0.126*[#  29]+0.082*[#   9]+0.082*[#  17]+0.082*[#  28]
    |psi|^2 = 1.000
==== e(   6) =   -47.84517 eV ==== 
     psi = 0.124*[#   7]+0.124*[#   8]+0.124*[#  18]+0.124*[#  19]+0.124*[#  27]
          +0.124*[#  29]+0.085*[#   9]+0.085*[#  17]+0.085*[#  28]
    |psi|^2 = 1.000
==== e(   7) =   -47.83259 eV ==== 
     psi = 0.150*[#   7]+0.150*[#   8]+0.150*[#  18]+0.150*[#  19]+0.150*[#  27]
          +0.150*[#  29]+0.031*[#   9]+0.031*[#  17]+0.031*[#  28]+0.001*[#   2]
          +0.001*[#   3]+0.001*[#   4]
    |psi|^2 = 1.000
==== e(   8) =   -47.82364 eV ==== 
     psi = 0.166*[#   7]+0.166*[#   8]+0.166*[#  18]+0.166*[#  19]+0.166*[#  27]
          +0.166*[#  29]
    |psi|^2 = 1.000
==== e(   9) =   -47.79925 eV ==== 
     psi = 0.196*[#   9]+0.196*[#  17]+0.196*[#  28]+0.068*[#   7]+0.068*[#   8]
          +0.068*[#  18]+0.068*[#  19]+0.068*[#  27]+0.068*[#  29]
    |psi|^2 = 1.000
==== e(  10) =   -47.79102 eV ==== 
     psi = 0.162*[#   7]+0.162*[#   8]+0.162*[#  18]+0.162*[#  19]+0.162*[#  27]
          +0.162*[#  29]+0.009*[#   9]+0.009*[#  17]+0.009*[#  28]
    |psi|^2 = 1.000
==== e(  11) =   -47.76452 eV ==== 
     psi = 0.251*[#   9]+0.251*[#  17]+0.251*[#  28]+0.041*[#   7]+0.041*[#   8]
          +0.041*[#  18]+0.041*[#  19]+0.041*[#  27]+0.041*[#  29]
    |psi|^2 = 1.000
==== e(  12) =   -47.74030 eV ==== 
     psi = 0.294*[#   9]+0.294*[#  17]+0.294*[#  28]+0.020*[#   7]+0.020*[#   8]
          +0.020*[#  18]+0.020*[#  19]+0.020*[#  27]+0.020*[#  29]
    |psi|^2 = 1.000
==== e(  13) =     7.86600 eV ==== 
     psi = 0.323*[#   1]+0.140*[#   6]+0.140*[#  16]+0.140*[#  26]+0.065*[#   2]
          +0.065*[#   3]+0.065*[#   4]+0.006*[#   5]+0.006*[#  15]+0.006*[#  25]
          +0.004*[#  11]+0.004*[#  24]+0.004*[#  32]+0.004*[#  20]+0.003*[#  13]
          +0.003*[#  33]+0.002*[#  10]+0.002*[#  30]+0.001*[#  12]+0.001*[#  14]
          +0.001*[#  21]+0.001*[#  22]+0.001*[#  31]+0.001*[#  34]
    |psi|^2 = 0.997
==== e(  14) =    10.40445 eV ==== 
     psi = 0.143*[#   1]+0.113*[#   2]+0.113*[#   3]+0.113*[#   4]+0.096*[#   6]
          +0.096*[#  16]+0.096*[#  26]+0.032*[#  23]+0.028*[#  10]+0.028*[#  30]
          +0.019*[#  13]+0.019*[#  33]+0.015*[#  20]+0.010*[#  11]+0.010*[#  24]
          +0.010*[#  32]+0.006*[#  12]+0.006*[#  14]+0.006*[#  21]+0.006*[#  22]
          +0.006*[#  31]+0.006*[#  34]+0.003*[#   5]+0.003*[#  15]+0.003*[#  25]
          
    |psi|^2 = 0.992
==== e(  15) =    11.78113 eV ==== 
     psi = 0.095*[#   1]+0.073*[#   2]+0.073*[#   3]+0.073*[#   4]+0.059*[#  11]
          +0.059*[#  24]+0.059*[#  32]+0.045*[#  20]+0.045*[#  13]+0.045*[#  33]
          +0.043*[#  10]+0.043*[#  30]+0.043*[#  23]+0.029*[#   6]+0.029*[#  16]
          +0.029*[#  26]+0.022*[#  12]+0.022*[#  14]+0.022*[#  21]+0.022*[#  22]
          +0.022*[#  31]+0.022*[#  34]
    |psi|^2 = 0.982
==== e(  16) =    12.38280 eV ==== 
     psi = 0.190*[#  20]+0.151*[#  13]+0.151*[#  33]+0.072*[#  10]+0.072*[#  30]
          +0.033*[#  11]+0.033*[#  24]+0.033*[#  32]+0.032*[#  23]+0.024*[#   6]
          +0.024*[#  16]+0.024*[#  26]+0.020*[#   2]+0.020*[#   3]+0.020*[#   4]
          +0.012*[#  12]+0.012*[#  14]+0.012*[#  21]+0.012*[#  22]+0.012*[#  31]
          +0.012*[#  34]+0.003*[#   1]
    |psi|^2 = 0.975
==== e(  17) =    12.52173 eV ==== 
     psi = 0.173*[#  11]+0.173*[#  24]+0.173*[#  32]+0.062*[#  12]+0.062*[#  14]
          +0.062*[#  21]+0.062*[#  22]+0.062*[#  31]+0.062*[#  34]+0.034*[#   2]
          +0.034*[#   3]+0.034*[#   4]
    |psi|^2 = 0.994
==== e(  18) =    12.88674 eV ==== 
     psi = 0.155*[#  23]+0.117*[#  10]+0.117*[#  30]+0.067*[#  12]+0.067*[#  14]
          +0.067*[#  21]+0.067*[#  22]+0.067*[#  31]+0.067*[#  34]+0.041*[#  13]
          +0.041*[#  33]+0.021*[#   6]+0.021*[#  16]+0.021*[#  26]+0.010*[#  11]
          +0.010*[#  24]+0.010*[#  32]+0.003*[#  20]+0.002*[#   2]+0.002*[#   3]
          +0.002*[#   4]
    |psi|^2 = 0.981
==== e(  19) =    13.00194 eV ==== 
     psi = 0.137*[#  12]+0.137*[#  14]+0.137*[#  21]+0.137*[#  22]+0.137*[#  31]
          +0.137*[#  34]+0.046*[#  11]+0.046*[#  24]+0.046*[#  32]+0.008*[#   2]
          +0.008*[#   3]+0.008*[#   4]
    |psi|^2 = 0.985
==== e(  20) =    13.35822 eV ==== 
     psi = 0.123*[#  12]+0.123*[#  14]+0.123*[#  21]+0.123*[#  22]+0.123*[#  31]
          +0.123*[#  34]+0.074*[#  11]+0.074*[#  24]+0.074*[#  32]+0.005*[#   2]
          +0.005*[#   3]+0.005*[#   4]
    |psi|^2 = 0.973
==== e(  21) =    13.42902 eV ==== 
     psi = 0.145*[#  23]+0.112*[#  10]+0.112*[#  30]+0.078*[#  12]+0.078*[#  14]
          +0.078*[#  21]+0.078*[#  22]+0.078*[#  31]+0.078*[#  34]+0.047*[#  13]
          +0.047*[#  33]+0.014*[#  20]+0.008*[#   6]+0.008*[#  16]+0.008*[#  26]
          +0.003*[#   2]+0.003*[#   3]+0.003*[#   4]+0.001*[#  11]+0.001*[#  24]
          +0.001*[#  32]
    |psi|^2 = 0.980
==== e(  22) =    14.04584 eV ==== 
     psi = 0.080*[#  23]+0.077*[#  10]+0.077*[#  30]+0.072*[#  11]+0.072*[#  24]
          +0.072*[#  32]+0.071*[#  13]+0.071*[#  33]+0.068*[#  20]+0.044*[#  12]
          +0.044*[#  14]+0.044*[#  21]+0.044*[#  22]+0.044*[#  31]+0.044*[#  34]
          +0.012*[#   6]+0.012*[#  16]+0.012*[#  26]+0.004*[#   1]+0.002*[#   2]
          +0.002*[#   3]+0.002*[#   4]
    |psi|^2 = 0.972
==== e(  23) =    14.15018 eV ==== 
     psi = 0.122*[#  12]+0.122*[#  14]+0.122*[#  21]+0.122*[#  22]+0.122*[#  31]
          +0.122*[#  34]+0.076*[#  11]+0.076*[#  24]+0.076*[#  32]+0.002*[#   2]
          +0.002*[#   3]+0.002*[#   4]
    |psi|^2 = 0.963
==== e(  24) =    14.40454 eV ==== 
     psi = 0.183*[#  20]+0.165*[#  13]+0.165*[#  33]+0.131*[#  10]+0.131*[#  30]
          +0.114*[#  23]+0.007*[#   6]+0.007*[#  12]+0.007*[#  14]+0.007*[#  16]
          +0.007*[#  21]+0.007*[#  22]+0.007*[#  26]+0.007*[#  31]+0.007*[#  34]
          +0.007*[#  11]+0.007*[#  24]+0.007*[#  32]+0.004*[#   2]+0.004*[#   3]
          +0.004*[#   4]+0.003*[#   1]
    |psi|^2 = 0.994
==== e(  25) =    14.58478 eV ==== 
     psi = 0.255*[#  11]+0.255*[#  24]+0.255*[#  32]+0.038*[#  12]+0.038*[#  14]
          +0.038*[#  21]+0.038*[#  22]+0.038*[#  31]+0.038*[#  34]
    |psi|^2 = 0.995
==== e(  26) =    14.68243 eV ==== 
     psi = 0.198*[#  23]+0.179*[#  10]+0.179*[#  30]+0.142*[#  13]+0.142*[#  33]
          +0.123*[#  20]+0.004*[#  11]+0.004*[#  24]+0.004*[#  32]+0.003*[#   6]
          +0.003*[#  16]+0.003*[#  26]+0.001*[#   1]+0.001*[#  12]+0.001*[#  14]
          +0.001*[#  21]+0.001*[#  22]+0.001*[#  31]+0.001*[#  34]+0.001*[#   2]
          +0.001*[#   3]+0.001*[#   4]
    |psi|^2 = 0.996
==== e(  27) =    14.89617 eV ==== 
     psi = 0.220*[#  20]+0.189*[#  13]+0.189*[#  33]+0.128*[#  10]+0.128*[#  30]
          +0.098*[#  23]+0.008*[#   6]+0.008*[#  16]+0.008*[#  26]+0.002*[#  12]
          +0.002*[#  14]+0.002*[#  21]+0.002*[#  22]+0.002*[#  31]+0.002*[#  34]
          +0.001*[#   2]+0.001*[#   3]+0.001*[#   4]
    |psi|^2 = 0.994
==== e(  28) =    15.19553 eV ==== 
     psi = 0.094*[#  11]+0.094*[#  24]+0.094*[#  32]+0.088*[#  20]+0.084*[#   1]
          +0.073*[#  13]+0.073*[#  33]+0.044*[#  10]+0.044*[#  30]+0.029*[#  23]
          +0.028*[#  12]+0.028*[#  14]+0.028*[#  21]+0.028*[#  22]+0.028*[#  31]
          +0.028*[#  34]+0.025*[#   6]+0.025*[#  16]+0.025*[#  26]+0.003*[#   2]
          +0.003*[#   3]+0.003*[#   4]
    |psi|^2 = 0.969
==== e(  29) =    15.24722 eV ==== 
     psi = 0.165*[#  12]+0.165*[#  14]+0.165*[#  21]+0.165*[#  22]+0.165*[#  31]
          +0.165*[#  34]+0.001*[#  11]+0.001*[#  24]+0.001*[#  32]
    |psi|^2 = 0.995
==== e(  30) =    17.03736 eV ==== 
     psi = 0.079*[#   2]+0.079*[#   3]+0.079*[#   4]+0.060*[#   1]+0.048*[#  12]
          +0.048*[#  14]+0.048*[#  21]+0.048*[#  22]+0.048*[#  31]+0.048*[#  34]
          +0.047*[#   6]+0.047*[#  16]+0.047*[#  26]+0.043*[#  23]+0.037*[#  10]
          +0.037*[#  30]+0.027*[#  13]+0.027*[#  33]+0.022*[#  20]+0.015*[#  11]
          +0.015*[#  24]+0.015*[#  32]
    |psi|^2 = 0.963
==== e(  31) =    19.15757 eV ==== 
     psi = 0.090*[#   6]+0.090*[#  16]+0.090*[#  26]+0.089*[#   2]+0.089*[#   3]
          +0.089*[#   4]+0.052*[#   1]+0.015*[#  11]+0.015*[#  23]+0.015*[#  24]
          +0.015*[#  32]+0.014*[#  12]+0.014*[#  14]+0.014*[#  21]+0.014*[#  22]
          +0.014*[#  31]+0.014*[#  34]+0.013*[#  10]+0.013*[#  30]+0.009*[#  13]
          +0.009*[#  33]+0.008*[#  20]+0.004*[#   5]+0.004*[#  15]+0.004*[#  25]
          
    |psi|^2 = 0.798
==== e(  32) =    20.43795 eV ==== 
     psi = 0.181*[#   2]+0.181*[#   3]+0.181*[#   4]+0.021*[#  11]+0.021*[#  24]
          +0.021*[#  32]+0.013*[#  12]+0.013*[#  14]+0.013*[#  21]+0.013*[#  22]
          +0.013*[#  31]+0.013*[#  34]
    |psi|^2 = 0.682
==== e(  33) =    22.96279 eV ==== 
     psi = 0.176*[#   1]+0.114*[#   6]+0.114*[#  16]+0.114*[#  26]+0.008*[#  23]
          +0.007*[#  10]+0.007*[#  30]+0.005*[#  11]+0.005*[#  24]+0.005*[#  32]
          +0.004*[#   2]+0.004*[#   3]+0.004*[#   4]+0.004*[#  13]+0.004*[#  33]
          +0.003*[#  20]+0.002*[#   5]+0.002*[#  15]+0.002*[#  25]
    |psi|^2 = 0.588
==== e(  34) =    23.56833 eV ==== 
     psi = 0.057*[#   2]+0.057*[#   3]+0.057*[#   4]+0.009*[#  11]+0.009*[#  24]
          +0.009*[#  32]+0.004*[#  12]+0.004*[#  14]+0.004*[#  21]+0.004*[#  22]
          +0.004*[#  31]+0.004*[#  34]
    |psi|^2 = 0.222
==== e(  35) =    25.67376 eV ==== 
     psi = 0.100*[#   6]+0.100*[#  16]+0.100*[#  26]+0.046*[#   2]+0.046*[#   3]
          +0.046*[#   4]+0.008*[#  20]+0.007*[#  13]+0.007*[#  33]+0.004*[#   5]
          +0.004*[#  15]+0.004*[#  25]+0.004*[#  10]+0.004*[#  30]+0.002*[#   1]
          +0.002*[#  23]
    |psi|^2 = 0.490

 k =   0.0000000000  0.2500000000 -0.5000000000
==== e(   1) =   -87.43050 eV ==== 
     psi = 0.316*[#   5]+0.316*[#  15]+0.316*[#  25]+0.017*[#   2]+0.017*[#   3]
          +0.017*[#   4]
    |psi|^2 = 1.000
==== e(   2) =   -87.42393 eV ==== 
     psi = 0.325*[#   5]+0.325*[#  15]+0.325*[#  25]+0.006*[#   2]+0.006*[#   3]
          +0.006*[#   4]+0.004*[#   1]
    |psi|^2 = 1.000
==== e(   3) =   -87.41735 eV ==== 
     psi = 0.329*[#   5]+0.329*[#  15]+0.329*[#  25]+0.004*[#   6]+0.004*[#  16]
          +0.004*[#  26]
    |psi|^2 = 1.000
==== e(   4) =   -47.86619 eV ==== 
     psi = 0.166*[#   7]+0.166*[#   8]+0.166*[#  18]+0.166*[#  19]+0.166*[#  27]
          +0.166*[#  29]+0.003*[#   1]
    |psi|^2 = 1.000
==== e(   5) =   -47.85073 eV ==== 
     psi = 0.145*[#   9]+0.145*[#  17]+0.145*[#  28]+0.094*[#   7]+0.094*[#   8]
          +0.094*[#  18]+0.094*[#  19]+0.094*[#  27]+0.094*[#  29]
    |psi|^2 = 1.000
==== e(   6) =   -47.84308 eV ==== 
     psi = 0.128*[#   7]+0.128*[#   8]+0.128*[#  18]+0.128*[#  19]+0.128*[#  27]
          +0.128*[#  29]+0.077*[#   9]+0.077*[#  17]+0.077*[#  28]
    |psi|^2 = 1.000
==== e(   7) =   -47.82703 eV ==== 
     psi = 0.166*[#   7]+0.166*[#   8]+0.166*[#  18]+0.166*[#  19]+0.166*[#  27]
          +0.166*[#  29]+0.001*[#   2]+0.001*[#   3]+0.001*[#   4]
    |psi|^2 = 1.000
==== e(   8) =   -47.82576 eV ==== 
     psi = 0.166*[#   7]+0.166*[#   8]+0.166*[#  18]+0.166*[#  19]+0.166*[#  27]
          +0.166*[#  29]
    |psi|^2 = 1.000
==== e(   9) =   -47.80658 eV ==== 
     psi = 0.212*[#   9]+0.212*[#  17]+0.212*[#  28]+0.060*[#   7]+0.060*[#   8]
          +0.060*[#  18]+0.060*[#  19]+0.060*[#  27]+0.060*[#  29]
    |psi|^2 = 1.000
==== e(  10) =   -47.78736 eV ==== 
     psi = 0.167*[#   7]+0.167*[#   8]+0.167*[#  18]+0.167*[#  19]+0.167*[#  27]
          +0.167*[#  29]
    |psi|^2 = 1.000
==== e(  11) =   -47.76777 eV ==== 
     psi = 0.256*[#   9]+0.256*[#  17]+0.256*[#  28]+0.038*[#   7]+0.038*[#   8]
          +0.038*[#  18]+0.038*[#  19]+0.038*[#  27]+0.038*[#  29]
    |psi|^2 = 1.000
==== e(  12) =   -47.74131 eV ==== 
     psi = 0.308*[#   9]+0.308*[#  17]+0.308*[#  28]+0.013*[#   7]+0.013*[#   8]
          +0.013*[#  18]+0.013*[#  19]+0.013*[#  27]+0.013*[#  29]
    |psi|^2 = 1.000
==== e(  13) =     8.66062 eV ==== 
     psi = 0.499*[#   1]+0.101*[#   6]+0.101*[#  16]+0.101*[#  26]+0.036*[#   2]
          +0.036*[#   3]+0.036*[#   4]+0.012*[#  11]+0.012*[#  24]+0.012*[#  32]
          +0.010*[#  20]+0.007*[#  13]+0.007*[#  33]+0.003*[#  10]+0.003*[#  30]
          +0.001*[#   5]+0.002*[#  12]+0.002*[#  14]+0.001*[#  15]+0.002*[#  21]
          +0.002*[#  22]+0.001*[#  25]+0.002*[#  31]+0.002*[#  34]
    |psi|^2 = 0.993
==== e(  14) =     9.49236 eV ==== 
     psi = 0.154*[#   2]+0.154*[#   3]+0.154*[#   4]+0.140*[#   6]+0.140*[#  16]
          +0.140*[#  26]+0.019*[#  23]+0.015*[#  10]+0.015*[#  30]+0.008*[#   5]
          +0.008*[#  15]+0.008*[#  25]+0.005*[#  13]+0.005*[#  33]+0.005*[#  12]
          +0.005*[#  14]+0.005*[#  21]+0.005*[#  22]+0.005*[#  31]+0.005*[#  34]
          
    |psi|^2 = 0.998
==== e(  15) =    11.95664 eV ==== 
     psi = 0.104*[#  11]+0.104*[#  24]+0.104*[#  32]+0.087*[#   1]+0.082*[#   2]
          +0.082*[#   3]+0.082*[#   4]+0.039*[#  12]+0.039*[#  14]+0.039*[#  21]
          +0.039*[#  22]+0.039*[#  31]+0.039*[#  34]+0.023*[#  23]+0.017*[#  10]
          +0.017*[#  30]+0.010*[#   6]+0.010*[#  16]+0.010*[#  26]+0.006*[#  13]
          +0.006*[#  33]
    |psi|^2 = 0.984
==== e(  16) =    12.38795 eV ==== 
     psi = 0.228*[#  20]+0.181*[#  13]+0.181*[#  33]+0.088*[#  10]+0.088*[#  30]
          +0.043*[#   6]+0.043*[#  16]+0.043*[#  26]+0.042*[#  23]+0.008*[#   2]
          +0.008*[#   3]+0.008*[#   4]
    |psi|^2 = 0.972
==== e(  17) =    12.57326 eV ==== 
     psi = 0.230*[#  11]+0.230*[#  24]+0.230*[#  32]+0.047*[#   2]+0.047*[#   3]
          +0.047*[#   4]+0.027*[#  12]+0.027*[#  14]+0.027*[#  21]+0.027*[#  22]
          +0.027*[#  31]+0.027*[#  34]
    |psi|^2 = 0.997
==== e(  18) =    12.90553 eV ==== 
     psi = 0.164*[#  12]+0.164*[#  14]+0.164*[#  21]+0.164*[#  22]+0.164*[#  31]
          +0.164*[#  34]
    |psi|^2 = 0.985
==== e(  19) =    13.20894 eV ==== 
     psi = 0.231*[#  23]+0.176*[#  10]+0.176*[#  30]+0.066*[#  13]+0.066*[#  33]
          +0.036*[#  12]+0.036*[#  14]+0.036*[#  21]+0.036*[#  22]+0.036*[#  31]
          +0.036*[#  34]+0.011*[#  20]+0.004*[#   2]+0.004*[#   3]+0.004*[#   4]
          +0.004*[#  11]+0.004*[#  24]+0.004*[#  32]+0.002*[#   6]+0.002*[#  16]
          +0.002*[#  26]
    |psi|^2 = 0.971
==== e(  20) =    13.21643 eV ==== 
     psi = 0.109*[#  12]+0.109*[#  14]+0.109*[#  21]+0.109*[#  22]+0.109*[#  31]
          +0.109*[#  34]+0.082*[#  23]+0.062*[#  10]+0.062*[#  30]+0.025*[#   6]
          +0.025*[#  16]+0.025*[#  26]+0.021*[#  13]+0.021*[#  33]+0.001*[#  20]
          
    |psi|^2 = 0.982
==== e(  21) =    13.67060 eV ==== 
     psi = 0.159*[#  12]+0.159*[#  14]+0.159*[#  21]+0.159*[#  22]+0.159*[#  31]
          +0.159*[#  34]
    |psi|^2 = 0.956
==== e(  22) =    13.77667 eV ==== 
     psi = 0.131*[#  11]+0.131*[#  24]+0.131*[#  32]+0.097*[#  12]+0.097*[#  14]
          +0.097*[#  21]+0.097*[#  22]+0.097*[#  31]+0.097*[#  34]
    |psi|^2 = 0.975
==== e(  23) =    14.12862 eV ==== 
     psi = 0.188*[#  20]+0.148*[#  13]+0.148*[#  33]+0.069*[#  10]+0.069*[#  30]
          +0.066*[#  11]+0.066*[#  24]+0.066*[#  32]+0.030*[#  23]+0.022*[#  12]
          +0.022*[#  14]+0.022*[#  21]+0.022*[#  22]+0.022*[#  31]+0.022*[#  34]
          
    |psi|^2 = 0.986
==== e(  24) =    14.19053 eV ==== 
     psi = 0.209*[#  23]+0.173*[#  10]+0.173*[#  30]+0.102*[#  13]+0.102*[#  33]
          +0.066*[#  20]+0.025*[#   6]+0.025*[#  16]+0.025*[#  26]+0.012*[#  12]
          +0.012*[#  14]+0.012*[#  21]+0.012*[#  22]+0.012*[#  31]+0.012*[#  34]
          +0.004*[#   2]+0.004*[#   3]+0.004*[#   4]
    |psi|^2 = 0.988
==== e(  25) =    14.60448 eV ==== 
     psi = 0.186*[#  23]+0.172*[#  10]+0.172*[#  30]+0.144*[#  13]+0.144*[#  33]
          +0.130*[#  20]+0.006*[#  12]+0.006*[#  14]+0.006*[#  21]+0.006*[#  22]
          +0.006*[#  31]+0.006*[#  34]+0.002*[#   6]+0.002*[#  16]+0.002*[#  26]
          
    |psi|^2 = 0.991
==== e(  26) =    14.61200 eV ==== 
     psi = 0.263*[#  11]+0.263*[#  24]+0.263*[#  32]+0.035*[#  12]+0.035*[#  14]
          +0.035*[#  21]+0.035*[#  22]+0.035*[#  31]+0.035*[#  34]
    |psi|^2 = 0.997
==== e(  27) =    14.91261 eV ==== 
     psi = 0.205*[#  20]+0.180*[#  13]+0.180*[#  33]+0.131*[#  10]+0.131*[#  30]
          +0.106*[#  23]+0.012*[#   6]+0.012*[#  16]+0.012*[#  26]+0.003*[#  12]
          +0.003*[#  14]+0.003*[#  21]+0.003*[#  22]+0.003*[#  31]+0.003*[#  34]
          
    |psi|^2 = 0.992
==== e(  28) =    14.98886 eV ==== 
     psi = 0.119*[#  20]+0.102*[#  11]+0.102*[#  24]+0.102*[#  32]+0.089*[#  13]
          +0.089*[#  33]+0.045*[#   1]+0.041*[#  12]+0.041*[#  14]+0.041*[#  21]
          +0.041*[#  22]+0.041*[#  31]+0.041*[#  34]+0.030*[#  10]+0.030*[#  30]
          +0.008*[#   6]+0.008*[#  16]+0.008*[#  26]
    |psi|^2 = 0.982
==== e(  29) =    15.21892 eV ==== 
     psi = 0.166*[#  12]+0.166*[#  14]+0.166*[#  21]+0.166*[#  22]+0.166*[#  31]
          +0.166*[#  34]
    |psi|^2 = 0.993
==== e(  30) =    17.84625 eV ==== 
     psi = 0.159*[#   1]+0.114*[#   2]+0.114*[#   3]+0.114*[#   4]+0.041*[#  23]
          +0.038*[#  11]+0.038*[#  24]+0.038*[#  32]+0.031*[#  10]+0.031*[#  30]
          +0.025*[#  12]+0.025*[#  14]+0.025*[#  21]+0.025*[#  22]+0.025*[#  31]
          +0.025*[#  34]+0.012*[#  13]+0.012*[#  33]+0.011*[#   6]+0.011*[#  16]
          +0.011*[#  26]+0.003*[#  20]
    |psi|^2 = 0.931
==== e(  31) =    17.98765 eV ==== 
     psi = 0.140*[#   6]+0.140*[#  16]+0.140*[#  26]+0.054*[#   2]+0.054*[#   3]
          +0.054*[#   4]+0.029*[#  12]+0.029*[#  14]+0.029*[#  21]+0.029*[#  22]
          +0.029*[#  31]+0.029*[#  34]+0.023*[#  20]+0.021*[#  13]+0.021*[#  33]
          +0.017*[#  10]+0.017*[#  30]+0.015*[#  23]+0.004*[#   5]+0.004*[#  15]
          +0.004*[#  25]
    |psi|^2 = 0.884
==== e(  32) =    21.66607 eV ==== 
     psi = 0.243*[#   2]+0.243*[#   3]+0.243*[#   4]+0.032*[#  11]+0.032*[#  24]
          +0.032*[#  32]+0.007*[#  12]+0.007*[#  14]+0.007*[#  21]+0.007*[#  22]
          +0.007*[#  31]+0.007*[#  34]
    |psi|^2 = 0.864
==== e(  33) =    22.10692 eV ==== 
     psi = 0.008*[#  12]+0.008*[#  14]+0.008*[#  21]+0.008*[#  22]+0.008*[#  31]
          +0.008*[#  34]
    |psi|^2 = 0.050
==== e(  34) =    23.10268 eV ==== 
     psi = 0.161*[#   1]+0.081*[#   6]+0.081*[#  16]+0.081*[#  26]+0.006*[#   2]
          +0.006*[#   3]+0.006*[#   4]+0.006*[#  23]+0.005*[#  11]+0.005*[#  24]
          +0.005*[#  32]+0.004*[#  10]+0.004*[#  30]+0.002*[#  13]+0.002*[#  33]
          +0.001*[#   5]+0.001*[#  15]+0.001*[#  25]
    |psi|^2 = 0.463
==== e(  35) =    25.32019 eV ==== 
     psi = 0.166*[#   6]+0.166*[#  16]+0.166*[#  26]+0.055*[#   2]+0.055*[#   3]
          +0.055*[#   4]+0.009*[#  20]+0.008*[#  13]+0.008*[#  33]+0.006*[#   5]
          +0.006*[#  15]+0.006*[#  25]+0.005*[#  10]+0.005*[#  30]+0.003*[#  23]
          
    |psi|^2 = 0.722

 k =   0.0000000000  0.3750000000  0.3750000000
==== e(   1) =   -87.42967 eV ==== 
     psi = 0.320*[#   5]+0.320*[#  15]+0.320*[#  25]+0.013*[#   2]+0.013*[#   3]
          +0.013*[#   4]+0.001*[#   1]
    |psi|^2 = 1.000
==== e(   2) =   -87.42254 eV ==== 
     psi = 0.323*[#   5]+0.323*[#  15]+0.323*[#  25]+0.008*[#   2]+0.008*[#   3]
          +0.008*[#   4]+0.002*[#   6]+0.002*[#  16]+0.002*[#  26]
    |psi|^2 = 1.000
==== e(   3) =   -87.41949 eV ==== 
     psi = 0.330*[#   5]+0.330*[#  15]+0.330*[#  25]+0.002*[#   6]+0.002*[#  16]
          +0.002*[#  26]
    |psi|^2 = 1.000
==== e(   4) =   -47.87537 eV ==== 
     psi = 0.159*[#   7]+0.159*[#   8]+0.159*[#  18]+0.159*[#  19]+0.159*[#  27]
          +0.159*[#  29]+0.014*[#   9]+0.014*[#  17]+0.014*[#  28]+0.003*[#   1]
          
    |psi|^2 = 1.000
==== e(   5) =   -47.84486 eV ==== 
     psi = 0.176*[#   9]+0.176*[#  17]+0.176*[#  28]+0.078*[#   7]+0.078*[#   8]
          +0.078*[#  18]+0.078*[#  19]+0.078*[#  27]+0.078*[#  29]
    |psi|^2 = 1.000
==== e(   6) =   -47.83791 eV ==== 
     psi = 0.138*[#   7]+0.138*[#   8]+0.138*[#  18]+0.138*[#  19]+0.138*[#  27]
          +0.138*[#  29]+0.058*[#   9]+0.058*[#  17]+0.058*[#  28]
    |psi|^2 = 1.000
==== e(   7) =   -47.83042 eV ==== 
     psi = 0.159*[#   7]+0.159*[#   8]+0.159*[#  18]+0.159*[#  19]+0.159*[#  27]
          +0.159*[#  29]+0.012*[#   9]+0.012*[#  17]+0.012*[#  28]+0.002*[#   2]
          +0.002*[#   3]+0.002*[#   4]
    |psi|^2 = 1.000
==== e(   8) =   -47.82428 eV ==== 
     psi = 0.167*[#   7]+0.167*[#   8]+0.167*[#  18]+0.167*[#  19]+0.167*[#  27]
          +0.167*[#  29]
    |psi|^2 = 1.000
==== e(   9) =   -47.81191 eV ==== 
     psi = 0.142*[#   9]+0.142*[#  17]+0.142*[#  28]+0.095*[#   7]+0.095*[#   8]
          +0.095*[#  18]+0.095*[#  19]+0.095*[#  27]+0.095*[#  29]
    |psi|^2 = 1.000
==== e(  10) =   -47.78019 eV ==== 
     psi = 0.165*[#   7]+0.165*[#   8]+0.165*[#  18]+0.165*[#  19]+0.165*[#  27]
          +0.165*[#  29]+0.004*[#   9]+0.004*[#  17]+0.004*[#  28]
    |psi|^2 = 1.000
==== e(  11) =   -47.77384 eV ==== 
     psi = 0.275*[#   9]+0.275*[#  17]+0.275*[#  28]+0.029*[#   7]+0.029*[#   8]
          +0.029*[#  18]+0.029*[#  19]+0.029*[#  27]+0.029*[#  29]
    |psi|^2 = 1.000
==== e(  12) =   -47.73574 eV ==== 
     psi = 0.317*[#   9]+0.317*[#  17]+0.317*[#  28]+0.008*[#   7]+0.008*[#   8]
          +0.008*[#  18]+0.008*[#  19]+0.008*[#  27]+0.008*[#  29]
    |psi|^2 = 1.000
==== e(  13) =     8.64473 eV ==== 
     psi = 0.369*[#   1]+0.107*[#   6]+0.107*[#  16]+0.107*[#  26]+0.072*[#   2]
          +0.072*[#   3]+0.072*[#   4]+0.012*[#  11]+0.012*[#  24]+0.012*[#  32]
          +0.004*[#   5]+0.004*[#  15]+0.004*[#  25]+0.004*[#  20]+0.003*[#  13]
          +0.003*[#  33]+0.003*[#  12]+0.003*[#  14]+0.003*[#  21]+0.003*[#  22]
          +0.003*[#  31]+0.003*[#  34]+0.002*[#  10]+0.002*[#  30]+0.001*[#  23]
          
    |psi|^2 = 0.994
==== e(  14) =    10.86446 eV ==== 
     psi = 0.158*[#   2]+0.158*[#   3]+0.158*[#   4]+0.078*[#   6]+0.078*[#  16]
          +0.078*[#  26]+0.035*[#  23]+0.029*[#  10]+0.029*[#  30]+0.023*[#  12]
          +0.023*[#  14]+0.023*[#  21]+0.023*[#  22]+0.023*[#  31]+0.023*[#  34]
          +0.017*[#  13]+0.017*[#  33]+0.011*[#  20]+0.002*[#   5]+0.002*[#  15]
          +0.002*[#  25]
    |psi|^2 = 0.997
==== e(  15) =    10.99756 eV ==== 
     psi = 0.284*[#   1]+0.066*[#  11]+0.066*[#  24]+0.066*[#  32]+0.065*[#   2]
          +0.065*[#   3]+0.065*[#   4]+0.053*[#   6]+0.053*[#  16]+0.053*[#  26]
          +0.014*[#  23]+0.013*[#  10]+0.013*[#  30]+0.011*[#  12]+0.011*[#  14]
          +0.011*[#  21]+0.011*[#  22]+0.011*[#  31]+0.011*[#  34]+0.010*[#  13]
          +0.010*[#  33]+0.009*[#  20]+0.002*[#   5]+0.002*[#  15]+0.002*[#  25]
          
    |psi|^2 = 0.978
==== e(  16) =    12.45345 eV ==== 
     psi = 0.169*[#  20]+0.128*[#  13]+0.128*[#  33]+0.083*[#   6]+0.083*[#  16]
          +0.083*[#  26]+0.048*[#  10]+0.048*[#  30]+0.017*[#  11]+0.017*[#  24]
          +0.017*[#  32]+0.015*[#  12]+0.015*[#  14]+0.015*[#  21]+0.015*[#  22]
          +0.015*[#  31]+0.015*[#  34]+0.013*[#   2]+0.013*[#   3]+0.013*[#   4]
          +0.007*[#  23]
    |psi|^2 = 0.962
==== e(  17) =    12.52552 eV ==== 
     psi = 0.235*[#  11]+0.235*[#  24]+0.235*[#  32]+0.040*[#   2]+0.040*[#   3]
          +0.040*[#   4]+0.029*[#  12]+0.029*[#  14]+0.029*[#  21]+0.029*[#  22]
          +0.029*[#  31]+0.029*[#  34]
    |psi|^2 = 0.997
==== e(  18) =    12.97523 eV ==== 
     psi = 0.142*[#  23]+0.113*[#  10]+0.113*[#  30]+0.069*[#  12]+0.069*[#  14]
          +0.069*[#  21]+0.069*[#  22]+0.069*[#  31]+0.069*[#  34]+0.055*[#  13]
          +0.055*[#  33]+0.026*[#  20]+0.017*[#   6]+0.017*[#  16]+0.017*[#  26]
          +0.003*[#   2]+0.003*[#   3]+0.003*[#   4]+0.003*[#  11]+0.003*[#  24]
          +0.003*[#  32]+0.001*[#   1]
    |psi|^2 = 0.990
==== e(  19) =    13.03618 eV ==== 
     psi = 0.142*[#  12]+0.142*[#  14]+0.142*[#  21]+0.142*[#  22]+0.142*[#  31]
          +0.142*[#  34]+0.036*[#  11]+0.036*[#  24]+0.036*[#  32]+0.005*[#   2]
          +0.005*[#   3]+0.005*[#   4]
    |psi|^2 = 0.978
==== e(  20) =    13.27837 eV ==== 
     psi = 0.162*[#  23]+0.129*[#  10]+0.129*[#  30]+0.067*[#  12]+0.067*[#  14]
          +0.067*[#  21]+0.067*[#  22]+0.067*[#  31]+0.067*[#  34]+0.062*[#  13]
          +0.062*[#  33]+0.029*[#  20]+0.005*[#   6]+0.005*[#  16]+0.005*[#  26]
          
    |psi|^2 = 0.990
==== e(  21) =    13.42843 eV ==== 
     psi = 0.152*[#  12]+0.152*[#  14]+0.152*[#  21]+0.152*[#  22]+0.152*[#  31]
          +0.152*[#  34]+0.021*[#  11]+0.021*[#  24]+0.021*[#  32]
    |psi|^2 = 0.972
==== e(  22) =    14.01382 eV ==== 
     psi = 0.149*[#  12]+0.149*[#  14]+0.149*[#  21]+0.149*[#  22]+0.149*[#  31]
          +0.149*[#  34]+0.021*[#  11]+0.021*[#  24]+0.021*[#  32]
    |psi|^2 = 0.959
==== e(  23) =    14.16345 eV ==== 
     psi = 0.104*[#  20]+0.103*[#  13]+0.103*[#  33]+0.100*[#  10]+0.100*[#  30]
          +0.098*[#  23]+0.058*[#  11]+0.058*[#  24]+0.058*[#  32]+0.024*[#  12]
          +0.024*[#  14]+0.024*[#  21]+0.024*[#  22]+0.024*[#  31]+0.024*[#  34]
          +0.017*[#   6]+0.017*[#  16]+0.017*[#  26]
    |psi|^2 = 0.972
==== e(  24) =    14.38444 eV ==== 
     psi = 0.190*[#  20]+0.177*[#  13]+0.177*[#  33]+0.149*[#  10]+0.149*[#  30]
          +0.135*[#  23]+0.003*[#   2]+0.003*[#   3]+0.003*[#   4]+0.002*[#  12]
          +0.002*[#  14]+0.002*[#  21]+0.002*[#  22]+0.002*[#  31]+0.002*[#  34]
          
    |psi|^2 = 0.998
==== e(  25) =    14.53353 eV ==== 
     psi = 0.264*[#  23]+0.214*[#  10]+0.214*[#  30]+0.115*[#  13]+0.115*[#  33]
          +0.065*[#  20]+0.002*[#   2]+0.002*[#   3]+0.002*[#   4]
    |psi|^2 = 0.995
==== e(  26) =    14.63137 eV ==== 
     psi = 0.305*[#  11]+0.305*[#  24]+0.305*[#  32]+0.014*[#  12]+0.014*[#  14]
          +0.014*[#  21]+0.014*[#  22]+0.014*[#  31]+0.014*[#  34]
    |psi|^2 = 0.998
==== e(  27) =    14.65563 eV ==== 
     psi = 0.250*[#  20]+0.194*[#  13]+0.194*[#  33]+0.083*[#  10]+0.083*[#  30]
          +0.044*[#   6]+0.044*[#  16]+0.044*[#  26]+0.028*[#  23]+0.005*[#   1]
          +0.004*[#  11]+0.004*[#  24]+0.004*[#  32]
    |psi|^2 = 0.987
==== e(  28) =    15.00076 eV ==== 
     psi = 0.163*[#  12]+0.163*[#  14]+0.163*[#  21]+0.163*[#  22]+0.163*[#  31]
          +0.163*[#  34]+0.006*[#  11]+0.006*[#  24]+0.006*[#  32]
    |psi|^2 = 0.997
==== e(  29) =    15.18550 eV ==== 
     psi = 0.146*[#  11]+0.146*[#  24]+0.146*[#  32]+0.126*[#   1]+0.080*[#  20]
          +0.061*[#  13]+0.061*[#  33]+0.024*[#  10]+0.024*[#  30]+0.022*[#   6]
          +0.022*[#  16]+0.022*[#  26]+0.012*[#  12]+0.012*[#  14]+0.012*[#  21]
          +0.012*[#  22]+0.012*[#  31]+0.012*[#  34]+0.005*[#  23]
    |psi|^2 = 0.958
==== e(  30) =    16.53024 eV ==== 
     psi = 0.072*[#  12]+0.072*[#  14]+0.072*[#  21]+0.072*[#  22]+0.072*[#  31]
          +0.072*[#  34]+0.066*[#  23]+0.059*[#   2]+0.059*[#   3]+0.059*[#   4]
          +0.059*[#  10]+0.059*[#  30]+0.043*[#  13]+0.043*[#  33]+0.035*[#  20]
          +0.027*[#   6]+0.027*[#  16]+0.027*[#  26]
    |psi|^2 = 0.998
==== e(  31) =    17.70187 eV ==== 
     psi = 0.078*[#   2]+0.078*[#   3]+0.078*[#   4]+0.077*[#   6]+0.077*[#  16]
          +0.077*[#  26]+0.074*[#   1]+0.032*[#  23]+0.031*[#  12]+0.031*[#  14]
          +0.031*[#  21]+0.031*[#  22]+0.031*[#  31]+0.031*[#  34]+0.027*[#  10]
          +0.027*[#  30]+0.019*[#  11]+0.019*[#  24]+0.019*[#  32]+0.018*[#  13]
          +0.018*[#  33]+0.014*[#  20]+0.002*[#   5]+0.002*[#  15]+0.002*[#  25]
          
    |psi|^2 = 0.924
==== e(  32) =    21.45804 eV ==== 
     psi = 0.167*[#   2]+0.167*[#   3]+0.167*[#   4]+0.021*[#  11]+0.021*[#  24]
          +0.021*[#  32]+0.009*[#  12]+0.009*[#  14]+0.009*[#  21]+0.009*[#  22]
          +0.009*[#  31]+0.009*[#  34]
    |psi|^2 = 0.617
==== e(  33) =    23.37753 eV ==== 
     psi = 0.120*[#   1]+0.083*[#   6]+0.083*[#  16]+0.083*[#  26]+0.009*[#   2]
          +0.009*[#   3]+0.009*[#   4]+0.007*[#  11]+0.007*[#  24]+0.007*[#  32]
          +0.004*[#  23]+0.004*[#  10]+0.004*[#  30]+0.002*[#  13]+0.002*[#  33]
          +0.002*[#   5]+0.002*[#  15]+0.002*[#  25]+0.002*[#  20]
    |psi|^2 = 0.442
==== e(  34) =    24.08676 eV ==== 
     psi = 0.005*[#  12]+0.005*[#  14]+0.005*[#  21]+0.005*[#  22]+0.005*[#  31]
          +0.005*[#  34]+0.001*[#  11]+0.001*[#  24]+0.001*[#  32]
    |psi|^2 = 0.030
==== e(  35) =    24.78232 eV ==== 
     psi = 0.116*[#   2]+0.116*[#   3]+0.116*[#   4]+0.019*[#  11]+0.019*[#  24]
          +0.019*[#  32]+0.002*[#  12]+0.002*[#  14]+0.002*[#  21]+0.002*[#  22]
          +0.002*[#  31]+0.002*[#  34]
    |psi|^2 = 0.415

 k =   0.0000000000  0.3750000000 -0.5000000000
==== e(   1) =   -87.42745 eV ==== 
     psi = 0.322*[#   5]+0.322*[#  15]+0.322*[#  25]+0.011*[#   2]+0.011*[#   3]
          +0.011*[#   4]
    |psi|^2 = 1.000
==== e(   2) =   -87.42390 eV ==== 
     psi = 0.323*[#   5]+0.323*[#  15]+0.323*[#  25]+0.009*[#   2]+0.009*[#   3]
          +0.009*[#   4]+0.001*[#   6]+0.001*[#  16]+0.001*[#  26]+0.001*[#   1]
          
    |psi|^2 = 1.000
==== e(   3) =   -87.42035 eV ==== 
     psi = 0.330*[#   5]+0.330*[#  15]+0.330*[#  25]+0.002*[#   6]+0.002*[#  16]
          +0.002*[#  26]+0.001*[#   2]+0.001*[#   3]+0.001*[#   4]
    |psi|^2 = 1.000
==== e(   4) =   -47.87747 eV ==== 
     psi = 0.166*[#   7]+0.166*[#   8]+0.166*[#  18]+0.166*[#  19]+0.166*[#  27]
          +0.166*[#  29]+0.004*[#   1]
    |psi|^2 = 1.000
==== e(   5) =   -47.84494 eV ==== 
     psi = 0.216*[#   9]+0.216*[#  17]+0.216*[#  28]+0.058*[#   7]+0.058*[#   8]
          +0.058*[#  18]+0.058*[#  19]+0.058*[#  27]+0.058*[#  29]
    |psi|^2 = 1.000
==== e(   6) =   -47.83196 eV ==== 
     psi = 0.147*[#   7]+0.147*[#   8]+0.147*[#  18]+0.147*[#  19]+0.147*[#  27]
          +0.147*[#  29]+0.040*[#   9]+0.040*[#  17]+0.040*[#  28]
    |psi|^2 = 1.000
==== e(   7) =   -47.82684 eV ==== 
     psi = 0.166*[#   7]+0.166*[#   8]+0.166*[#  18]+0.166*[#  19]+0.166*[#  27]
          +0.166*[#  29]+0.001*[#   2]+0.001*[#   3]+0.001*[#   4]
    |psi|^2 = 1.000
==== e(   8) =   -47.82563 eV ==== 
     psi = 0.167*[#   7]+0.167*[#   8]+0.167*[#  18]+0.167*[#  19]+0.167*[#  27]
          +0.167*[#  29]
    |psi|^2 = 1.000
==== e(   9) =   -47.81941 eV ==== 
     psi = 0.122*[#   9]+0.122*[#  17]+0.122*[#  28]+0.105*[#   7]+0.105*[#   8]
          +0.105*[#  18]+0.105*[#  19]+0.105*[#  27]+0.105*[#  29]+0.001*[#   2]
          +0.001*[#   3]+0.001*[#   4]
    |psi|^2 = 1.000
==== e(  10) =   -47.77869 eV ==== 
     psi = 0.293*[#   9]+0.293*[#  17]+0.293*[#  28]+0.020*[#   7]+0.020*[#   8]
          +0.020*[#  18]+0.020*[#  19]+0.020*[#  27]+0.020*[#  29]
    |psi|^2 = 1.000
==== e(  11) =   -47.77614 eV ==== 
     psi = 0.167*[#   7]+0.167*[#   8]+0.167*[#  18]+0.167*[#  19]+0.167*[#  27]
          +0.167*[#  29]
    |psi|^2 = 1.000
==== e(  12) =   -47.73459 eV ==== 
     psi = 0.327*[#   9]+0.327*[#  17]+0.327*[#  28]+0.003*[#   7]+0.003*[#   8]
          +0.003*[#  18]+0.003*[#  19]+0.003*[#  27]+0.003*[#  29]
    |psi|^2 = 1.000
==== e(  13) =     9.33714 eV ==== 
     psi = 0.535*[#   1]+0.058*[#   6]+0.058*[#  16]+0.058*[#  26]+0.045*[#   2]
          +0.045*[#   3]+0.045*[#   4]+0.031*[#  11]+0.031*[#  24]+0.031*[#  32]
          +0.006*[#  20]+0.005*[#  13]+0.005*[#  33]+0.003*[#  12]+0.003*[#  14]
          +0.003*[#  21]+0.003*[#  22]+0.003*[#  31]+0.003*[#  34]+0.002*[#  10]
          +0.002*[#  30]+0.001*[#   5]+0.001*[#  15]+0.001*[#  25]
    |psi|^2 = 0.987
==== e(  14) =    10.17506 eV ==== 
     psi = 0.155*[#   2]+0.155*[#   3]+0.155*[#   4]+0.120*[#   6]+0.120*[#  16]
          +0.120*[#  26]+0.017*[#  23]+0.015*[#  12]+0.015*[#  14]+0.015*[#  21]
          +0.015*[#  22]+0.015*[#  31]+0.015*[#  34]+0.013*[#  10]+0.013*[#  30]
          +0.007*[#  13]+0.007*[#  33]+0.005*[#   5]+0.005*[#  15]+0.005*[#  25]
          +0.004*[#  20]
    |psi|^2 = 0.997
==== e(  15) =    11.23076 eV ==== 
     psi = 0.153*[#   1]+0.108*[#   2]+0.108*[#   3]+0.108*[#   4]+0.057*[#  11]
          +0.057*[#  24]+0.057*[#  32]+0.031*[#   6]+0.031*[#  16]+0.031*[#  26]
          +0.029*[#  12]+0.029*[#  14]+0.029*[#  21]+0.029*[#  22]+0.029*[#  31]
          +0.029*[#  34]+0.017*[#  23]+0.014*[#  10]+0.014*[#  30]+0.006*[#  13]
          +0.006*[#  33]+0.003*[#  20]+0.002*[#   5]+0.002*[#  15]+0.002*[#  25]
          
    |psi|^2 = 0.986
==== e(  16) =    12.40582 eV ==== 
     psi = 0.142*[#  20]+0.140*[#   6]+0.140*[#  16]+0.140*[#  26]+0.109*[#  13]
          +0.109*[#  33]+0.042*[#  10]+0.042*[#  30]+0.009*[#   2]+0.009*[#   3]
          +0.009*[#   4]+0.009*[#  12]+0.009*[#  14]+0.009*[#  21]+0.009*[#  22]
          +0.009*[#  31]+0.009*[#  34]+0.008*[#  23]
    |psi|^2 = 0.955
==== e(  17) =    12.53360 eV ==== 
     psi = 0.273*[#  11]+0.273*[#  24]+0.273*[#  32]+0.045*[#   2]+0.045*[#   3]
          +0.045*[#   4]+0.007*[#  12]+0.007*[#  14]+0.007*[#  21]+0.007*[#  22]
          +0.007*[#  31]+0.007*[#  34]
    |psi|^2 = 0.998
==== e(  18) =    12.99265 eV ==== 
     psi = 0.163*[#  12]+0.163*[#  14]+0.163*[#  21]+0.163*[#  22]+0.163*[#  31]
          +0.163*[#  34]
    |psi|^2 = 0.976
==== e(  19) =    13.11719 eV ==== 
     psi = 0.130*[#  23]+0.105*[#  10]+0.105*[#  30]+0.077*[#  12]+0.077*[#  14]
          +0.077*[#  21]+0.077*[#  22]+0.077*[#  31]+0.077*[#  34]+0.056*[#  13]
          +0.056*[#  33]+0.032*[#  20]+0.014*[#   6]+0.014*[#  16]+0.014*[#  26]
          +0.002*[#   2]+0.002*[#   3]+0.002*[#   4]
    |psi|^2 = 0.993
==== e(  20) =    13.20614 eV ==== 
     psi = 0.175*[#  23]+0.140*[#  10]+0.140*[#  30]+0.069*[#  13]+0.069*[#  33]
          +0.056*[#  12]+0.056*[#  14]+0.056*[#  21]+0.056*[#  22]+0.056*[#  31]
          +0.056*[#  34]+0.033*[#  20]+0.006*[#   2]+0.006*[#   3]+0.006*[#   4]
          +0.003*[#   6]+0.003*[#  16]+0.003*[#  26]
    |psi|^2 = 0.990
==== e(  21) =    13.70650 eV ==== 
     psi = 0.160*[#  12]+0.160*[#  14]+0.160*[#  21]+0.160*[#  22]+0.160*[#  31]
          +0.160*[#  34]
    |psi|^2 = 0.963
==== e(  22) =    13.73915 eV ==== 
     psi = 0.144*[#  12]+0.144*[#  14]+0.144*[#  21]+0.144*[#  22]+0.144*[#  31]
          +0.144*[#  34]+0.035*[#  11]+0.035*[#  24]+0.035*[#  32]
    |psi|^2 = 0.969
==== e(  23) =    14.22808 eV ==== 
     psi = 0.206*[#  20]+0.172*[#  13]+0.172*[#  33]+0.105*[#  10]+0.105*[#  30]
          +0.071*[#  23]+0.040*[#  11]+0.040*[#  24]+0.040*[#  32]+0.005*[#  12]
          +0.005*[#  14]+0.005*[#  21]+0.005*[#  22]+0.005*[#  31]+0.005*[#  34]
          +0.004*[#   1]
    |psi|^2 = 0.987
==== e(  24) =    14.25785 eV ==== 
     psi = 0.219*[#  23]+0.184*[#  10]+0.184*[#  30]+0.116*[#  13]+0.116*[#  33]
          +0.081*[#  20]+0.023*[#   6]+0.023*[#  16]+0.023*[#  26]+0.003*[#  12]
          +0.003*[#  14]+0.003*[#  21]+0.003*[#  22]+0.003*[#  31]+0.003*[#  34]
          +0.002*[#   2]+0.002*[#   3]+0.002*[#   4]
    |psi|^2 = 0.993
==== e(  25) =    14.46050 eV ==== 
     psi = 0.178*[#  23]+0.170*[#  10]+0.170*[#  30]+0.154*[#  13]+0.154*[#  33]
          +0.146*[#  20]+0.003*[#   6]+0.003*[#  16]+0.003*[#  26]+0.002*[#  12]
          +0.002*[#  14]+0.002*[#  21]+0.002*[#  22]+0.002*[#  31]+0.002*[#  34]
          
    |psi|^2 = 0.993
==== e(  26) =    14.60640 eV ==== 
     psi = 0.217*[#  20]+0.178*[#  13]+0.178*[#  33]+0.101*[#  10]+0.101*[#  30]
          +0.063*[#  23]+0.048*[#   6]+0.048*[#  16]+0.048*[#  26]
    |psi|^2 = 0.989
==== e(  27) =    14.67239 eV ==== 
     psi = 0.315*[#  11]+0.315*[#  24]+0.315*[#  32]+0.009*[#  12]+0.009*[#  14]
          +0.009*[#  21]+0.009*[#  22]+0.009*[#  31]+0.009*[#  34]
    |psi|^2 = 0.998
==== e(  28) =    14.90404 eV ==== 
     psi = 0.166*[#  12]+0.166*[#  14]+0.166*[#  21]+0.166*[#  22]+0.166*[#  31]
          +0.166*[#  34]
    |psi|^2 = 0.996
==== e(  29) =    15.07460 eV ==== 
     psi = 0.173*[#  11]+0.173*[#  24]+0.173*[#  32]+0.120*[#   1]+0.065*[#  20]
          +0.049*[#  13]+0.049*[#  33]+0.018*[#  12]+0.018*[#  14]+0.018*[#  21]
          +0.018*[#  22]+0.018*[#  31]+0.018*[#  34]+0.016*[#  10]+0.016*[#  30]
          +0.004*[#   6]+0.004*[#  16]+0.004*[#  26]
    |psi|^2 = 0.953
==== e(  30) =    16.83053 eV ==== 
     psi = 0.070*[#   6]+0.070*[#  16]+0.070*[#  26]+0.058*[#  12]+0.058*[#  14]
          +0.058*[#  21]+0.058*[#  22]+0.058*[#  31]+0.058*[#  34]+0.056*[#   2]
          +0.056*[#   3]+0.056*[#   4]+0.047*[#  23]+0.044*[#  10]+0.044*[#  30]
          +0.038*[#  13]+0.038*[#  33]+0.035*[#  20]+0.001*[#   5]+0.001*[#  15]
          +0.001*[#  25]
    |psi|^2 = 0.982
==== e(  31) =    16.83220 eV ==== 
     psi = 0.078*[#   1]+0.070*[#   2]+0.070*[#   3]+0.070*[#   4]+0.064*[#  23]
          +0.053*[#  10]+0.053*[#  30]+0.053*[#  12]+0.053*[#  14]+0.053*[#  21]
          +0.053*[#  22]+0.053*[#  31]+0.053*[#  34]+0.030*[#  13]+0.030*[#  33]
          +0.022*[#  11]+0.022*[#  24]+0.022*[#  32]+0.019*[#   6]+0.019*[#  16]
          +0.019*[#  26]+0.018*[#  20]
    |psi|^2 = 0.975
==== e(  32) =    22.49099 eV ==== 
     psi = 0.203*[#   2]+0.203*[#   3]+0.203*[#   4]+0.028*[#  11]+0.028*[#  24]
          +0.028*[#  32]+0.005*[#  12]+0.005*[#  14]+0.005*[#  21]+0.005*[#  22]
          +0.005*[#  31]+0.005*[#  34]
    |psi|^2 = 0.721
==== e(  33) =    23.06792 eV ==== 
     psi = 0.007*[#  12]+0.007*[#  14]+0.007*[#  21]+0.007*[#  22]+0.007*[#  31]
          +0.007*[#  34]
    |psi|^2 = 0.041
==== e(  34) =    23.62678 eV ==== 
     psi = 0.095*[#   1]+0.046*[#   6]+0.046*[#  16]+0.046*[#  26]+0.008*[#  11]
          +0.008*[#  24]+0.008*[#  32]+0.007*[#   2]+0.007*[#   3]+0.007*[#   4]
          +0.002*[#  23]+0.002*[#  10]+0.002*[#  30]+0.001*[#   5]+0.001*[#  15]
          +0.001*[#  25]
    |psi|^2 = 0.289
==== e(  35) =    25.04976 eV ==== 
     psi = 0.083*[#   2]+0.083*[#   3]+0.083*[#   4]+0.015*[#  11]+0.015*[#  24]
          +0.015*[#  32]+0.002*[#  12]+0.002*[#  14]+0.002*[#  21]+0.002*[#  22]
          +0.002*[#  31]+0.002*[#  34]
    |psi|^2 = 0.304

 k =   0.0000000000 -0.5000000000 -0.5000000000
==== e(   1) =   -87.42388 eV ==== 
     psi = 0.333*[#   5]+0.333*[#  15]+0.333*[#  25]
    |psi|^2 = 1.000
==== e(   2) =   -87.42388 eV ==== 
     psi = 0.322*[#   5]+0.322*[#  15]+0.322*[#  25]+0.010*[#   2]+0.010*[#   3]
          +0.010*[#   4]+0.002*[#   6]+0.002*[#  16]+0.002*[#  26]
    |psi|^2 = 1.000
==== e(   3) =   -87.42388 eV ==== 
     psi = 0.322*[#   5]+0.322*[#  15]+0.322*[#  25]+0.010*[#   2]+0.010*[#   3]
          +0.010*[#   4]+0.002*[#   6]+0.002*[#  16]+0.002*[#  26]
    |psi|^2 = 1.000
==== e(   4) =   -47.88126 eV ==== 
     psi = 0.166*[#   7]+0.166*[#   8]+0.166*[#  18]+0.166*[#  19]+0.166*[#  27]
          +0.166*[#  29]+0.004*[#   1]
    |psi|^2 = 1.000
==== e(   5) =   -47.83971 eV ==== 
     psi = 0.332*[#   9]+0.332*[#  17]+0.332*[#  28]+0.001*[#   6]+0.001*[#  16]
          +0.001*[#  26]
    |psi|^2 = 1.000
==== e(   6) =   -47.82660 eV ==== 
     psi = 0.166*[#   7]+0.166*[#   8]+0.166*[#  18]+0.166*[#  19]+0.166*[#  27]
          +0.166*[#  29]+0.002*[#   2]+0.002*[#   3]+0.002*[#   4]
    |psi|^2 = 1.000
==== e(   7) =   -47.82660 eV ==== 
     psi = 0.166*[#   7]+0.166*[#   8]+0.166*[#  18]+0.166*[#  19]+0.166*[#  27]
          +0.166*[#  29]+0.002*[#   2]+0.002*[#   3]+0.002*[#   4]
    |psi|^2 = 1.000
==== e(   8) =   -47.82563 eV ==== 
     psi = 0.167*[#   7]+0.167*[#   8]+0.167*[#  18]+0.167*[#  19]+0.167*[#  27]
          +0.167*[#  29]
    |psi|^2 = 1.000
==== e(   9) =   -47.82563 eV ==== 
     psi = 0.167*[#   7]+0.167*[#   8]+0.167*[#  18]+0.167*[#  19]+0.167*[#  27]
          +0.167*[#  29]
    |psi|^2 = 1.000
==== e(  10) =   -47.78504 eV ==== 
     psi = 0.333*[#   9]+0.333*[#  17]+0.333*[#  28]
    |psi|^2 = 1.000
==== e(  11) =   -47.77185 eV ==== 
     psi = 0.167*[#   7]+0.167*[#   8]+0.167*[#  18]+0.167*[#  19]+0.167*[#  27]
          +0.167*[#  29]
    |psi|^2 = 1.000
==== e(  12) =   -47.73192 eV ==== 
     psi = 0.333*[#   9]+0.333*[#  17]+0.333*[#  28]
    |psi|^2 = 1.000
==== e(  13) =     9.93294 eV ==== 
     psi = 0.740*[#   1]+0.077*[#  11]+0.077*[#  24]+0.077*[#  32]
    |psi|^2 = 0.973
==== e(  14) =    10.60892 eV ==== 
     psi = 0.165*[#   2]+0.165*[#   3]+0.165*[#   4]+0.082*[#   6]+0.082*[#  16]
          +0.082*[#  26]+0.029*[#  12]+0.029*[#  14]+0.029*[#  21]+0.029*[#  22]
          +0.029*[#  31]+0.029*[#  34]+0.015*[#  23]+0.013*[#  10]+0.013*[#  30]
          +0.010*[#  13]+0.010*[#  33]+0.009*[#  20]+0.003*[#   5]+0.003*[#  15]
          +0.003*[#  25]
    |psi|^2 = 0.998
==== e(  15) =    10.60892 eV ==== 
     psi = 0.165*[#   2]+0.165*[#   3]+0.165*[#   4]+0.082*[#   6]+0.082*[#  16]
          +0.082*[#  26]+0.029*[#  12]+0.029*[#  14]+0.029*[#  21]+0.029*[#  22]
          +0.029*[#  31]+0.029*[#  34]+0.015*[#  23]+0.013*[#  10]+0.013*[#  30]
          +0.010*[#  13]+0.010*[#  33]+0.009*[#  20]+0.003*[#   5]+0.003*[#  15]
          +0.003*[#  25]
    |psi|^2 = 0.998
==== e(  16) =    12.21542 eV ==== 
     psi = 0.238*[#   6]+0.238*[#  16]+0.238*[#  26]+0.077*[#  20]+0.058*[#  13]
          +0.058*[#  33]+0.019*[#  10]+0.019*[#  30]+0.001*[#   9]+0.001*[#  17]
          +0.001*[#  28]
    |psi|^2 = 0.949
==== e(  17) =    12.51644 eV ==== 
     psi = 0.289*[#  11]+0.289*[#  24]+0.289*[#  32]+0.044*[#   2]+0.044*[#   3]
          +0.044*[#   4]
    |psi|^2 = 0.999
==== e(  18) =    13.03296 eV ==== 
     psi = 0.162*[#  12]+0.162*[#  14]+0.162*[#  21]+0.162*[#  22]+0.162*[#  31]
          +0.162*[#  34]
    |psi|^2 = 0.971
==== e(  19) =    13.19089 eV ==== 
     psi = 0.154*[#  23]+0.126*[#  10]+0.126*[#  30]+0.071*[#  13]+0.071*[#  33]
          +0.063*[#  12]+0.063*[#  14]+0.063*[#  21]+0.063*[#  22]+0.063*[#  31]
          +0.063*[#  34]+0.043*[#  20]+0.006*[#   2]+0.006*[#   3]+0.006*[#   4]
          +0.002*[#   6]+0.002*[#  16]+0.002*[#  26]
    |psi|^2 = 0.995
==== e(  20) =    13.19089 eV ==== 
     psi = 0.154*[#  23]+0.126*[#  10]+0.126*[#  30]+0.071*[#  13]+0.071*[#  33]
          +0.063*[#  12]+0.063*[#  14]+0.063*[#  21]+0.063*[#  22]+0.063*[#  31]
          +0.063*[#  34]+0.043*[#  20]+0.006*[#   2]+0.006*[#   3]+0.006*[#   4]
          +0.002*[#   6]+0.002*[#  16]+0.002*[#  26]
    |psi|^2 = 0.995
==== e(  21) =    13.72828 eV ==== 
     psi = 0.161*[#  12]+0.161*[#  14]+0.161*[#  21]+0.161*[#  22]+0.161*[#  31]
          +0.161*[#  34]
    |psi|^2 = 0.966
==== e(  22) =    13.72828 eV ==== 
     psi = 0.161*[#  12]+0.161*[#  14]+0.161*[#  21]+0.161*[#  22]+0.161*[#  31]
          +0.161*[#  34]
    |psi|^2 = 0.966
==== e(  23) =    14.28028 eV ==== 
     psi = 0.332*[#  23]+0.249*[#  10]+0.249*[#  30]+0.083*[#  13]+0.083*[#  33]
          
    |psi|^2 = 0.997
==== e(  24) =    14.34212 eV ==== 
     psi = 0.242*[#  20]+0.204*[#  13]+0.204*[#  33]+0.127*[#  10]+0.127*[#  30]
          +0.089*[#  23]
    |psi|^2 = 0.997
==== e(  25) =    14.34212 eV ==== 
     psi = 0.242*[#  20]+0.204*[#  13]+0.204*[#  33]+0.127*[#  10]+0.127*[#  30]
          +0.089*[#  23]
    |psi|^2 = 0.997
==== e(  26) =    14.39877 eV ==== 
     psi = 0.250*[#  20]+0.188*[#  13]+0.188*[#  33]+0.078*[#   6]+0.078*[#  16]
          +0.078*[#  26]+0.063*[#  10]+0.063*[#  30]
    |psi|^2 = 0.987
==== e(  27) =    14.69335 eV ==== 
     psi = 0.333*[#  11]+0.333*[#  24]+0.333*[#  32]
    |psi|^2 = 0.999
==== e(  28) =    14.76898 eV ==== 
     psi = 0.167*[#  12]+0.167*[#  14]+0.167*[#  21]+0.167*[#  22]+0.167*[#  31]
          +0.167*[#  34]
    |psi|^2 = 0.999
==== e(  29) =    15.03832 eV ==== 
     psi = 0.246*[#  11]+0.246*[#  24]+0.246*[#  32]+0.185*[#   1]
    |psi|^2 = 0.925
==== e(  30) =    16.50232 eV ==== 
     psi = 0.073*[#  23]+0.072*[#  12]+0.072*[#  14]+0.072*[#  21]+0.072*[#  22]
          +0.072*[#  31]+0.072*[#  34]+0.064*[#  10]+0.064*[#  30]+0.054*[#   2]
          +0.054*[#   3]+0.054*[#   4]+0.046*[#  13]+0.046*[#  33]+0.037*[#  20]
          +0.025*[#   6]+0.025*[#  16]+0.025*[#  26]
    |psi|^2 = 0.999
==== e(  31) =    16.50232 eV ==== 
     psi = 0.073*[#  23]+0.072*[#  12]+0.072*[#  14]+0.072*[#  21]+0.072*[#  22]
          +0.072*[#  31]+0.072*[#  34]+0.064*[#  10]+0.064*[#  30]+0.054*[#   2]
          +0.054*[#   3]+0.054*[#   4]+0.046*[#  13]+0.046*[#  33]+0.037*[#  20]
          +0.025*[#   6]+0.025*[#  16]+0.025*[#  26]
    |psi|^2 = 0.999
==== e(  32) =    23.60255 eV ==== 
     psi = 0.287*[#   2]+0.287*[#   3]+0.287*[#   4]+0.044*[#  11]+0.044*[#  24]
          +0.044*[#  32]
    |psi|^2 = 0.993
==== e(  33) =    23.64450 eV ==== 
     psi = 0.006*[#  12]+0.006*[#  14]+0.006*[#  21]+0.006*[#  22]+0.006*[#  31]
          +0.006*[#  34]
    |psi|^2 = 0.033
==== e(  34) =    23.64450 eV ==== 
     psi = 0.006*[#  12]+0.006*[#  14]+0.006*[#  21]+0.006*[#  22]+0.006*[#  31]
          +0.006*[#  34]
    |psi|^2 = 0.033
==== e(  35) =    23.93209 eV ==== 
     psi = 0.067*[#   1]+0.010*[#  11]+0.010*[#  24]+0.010*[#  32]
    |psi|^2 = 0.097

 k =   0.1250000000  0.1250000000  0.1250000000
==== e(   1) =   -87.43984 eV ==== 
     psi = 0.317*[#   5]+0.317*[#  15]+0.317*[#  25]+0.010*[#   1]+0.009*[#   2]
          +0.009*[#   3]+0.009*[#   4]+0.004*[#   6]+0.004*[#  16]+0.004*[#  26]
          
    |psi|^2 = 1.000
==== e(   2) =   -87.41604 eV ==== 
     psi = 0.327*[#   5]+0.327*[#  15]+0.327*[#  25]+0.005*[#   6]+0.005*[#  16]
          +0.005*[#  26]+0.001*[#   2]+0.001*[#   3]+0.001*[#   4]
    |psi|^2 = 1.000
==== e(   3) =   -87.41604 eV ==== 
     psi = 0.327*[#   5]+0.327*[#  15]+0.327*[#  25]+0.005*[#   6]+0.005*[#  16]
          +0.005*[#  26]+0.001*[#   2]+0.001*[#   3]+0.001*[#   4]
    |psi|^2 = 1.000
==== e(   4) =   -47.88009 eV ==== 
     psi = 0.112*[#   7]+0.112*[#   8]+0.112*[#  18]+0.112*[#  19]+0.112*[#  27]
          +0.112*[#  29]+0.108*[#   9]+0.108*[#  17]+0.108*[#  28]+0.001*[#   1]
          
    |psi|^2 = 1.000
==== e(   5) =   -47.86517 eV ==== 
     psi = 0.120*[#   7]+0.120*[#   8]+0.120*[#  18]+0.120*[#  19]+0.120*[#  27]
          +0.120*[#  29]+0.091*[#   9]+0.091*[#  17]+0.091*[#  28]+0.001*[#   2]
          +0.001*[#   3]+0.001*[#   4]
    |psi|^2 = 1.000
==== e(   6) =   -47.86517 eV ==== 
     psi = 0.120*[#   7]+0.120*[#   8]+0.120*[#  18]+0.120*[#  19]+0.120*[#  27]
          +0.120*[#  29]+0.091*[#   9]+0.091*[#  17]+0.091*[#  28]+0.001*[#   2]
          +0.001*[#   3]+0.001*[#   4]
    |psi|^2 = 1.000
==== e(   7) =   -47.82136 eV ==== 
     psi = 0.164*[#   7]+0.164*[#   8]+0.164*[#  18]+0.164*[#  19]+0.164*[#  27]
          +0.164*[#  29]+0.004*[#   9]+0.004*[#  17]+0.004*[#  28]
    |psi|^2 = 1.000
==== e(   8) =   -47.82136 eV ==== 
     psi = 0.164*[#   7]+0.164*[#   8]+0.164*[#  18]+0.164*[#  19]+0.164*[#  27]
          +0.164*[#  29]+0.004*[#   9]+0.004*[#  17]+0.004*[#  28]
    |psi|^2 = 1.000
==== e(   9) =   -47.81035 eV ==== 
     psi = 0.167*[#   7]+0.167*[#   8]+0.167*[#  18]+0.167*[#  19]+0.167*[#  27]
          +0.167*[#  29]
    |psi|^2 = 1.000
==== e(  10) =   -47.76352 eV ==== 
     psi = 0.225*[#   9]+0.225*[#  17]+0.225*[#  28]+0.054*[#   7]+0.054*[#   8]
          +0.054*[#  18]+0.054*[#  19]+0.054*[#  27]+0.054*[#  29]
    |psi|^2 = 1.000
==== e(  11) =   -47.74305 eV ==== 
     psi = 0.238*[#   9]+0.238*[#  17]+0.238*[#  28]+0.048*[#   7]+0.048*[#   8]
          +0.048*[#  18]+0.048*[#  19]+0.048*[#  27]+0.048*[#  29]
    |psi|^2 = 1.000
==== e(  12) =   -47.74305 eV ==== 
     psi = 0.238*[#   9]+0.238*[#  17]+0.238*[#  28]+0.048*[#   7]+0.048*[#   8]
          +0.048*[#  18]+0.048*[#  19]+0.048*[#  27]+0.048*[#  29]
    |psi|^2 = 1.000
==== e(  13) =     6.11605 eV ==== 
     psi = 0.256*[#   1]+0.205*[#   6]+0.205*[#  16]+0.205*[#  26]+0.028*[#   2]
          +0.028*[#   3]+0.028*[#   4]+0.012*[#   5]+0.012*[#  15]+0.012*[#  25]
          +0.002*[#  20]+0.002*[#  13]+0.002*[#  33]
    |psi|^2 = 0.999
==== e(  14) =    11.45221 eV ==== 
     psi = 0.266*[#  20]+0.200*[#  13]+0.200*[#  33]+0.090*[#   1]+0.067*[#  10]
          +0.067*[#  30]+0.020*[#   6]+0.020*[#  16]+0.020*[#  26]+0.005*[#  11]
          +0.005*[#  24]+0.005*[#  32]+0.004*[#   2]+0.004*[#   3]+0.004*[#   4]
          +0.002*[#  12]+0.002*[#  14]+0.002*[#  21]+0.002*[#  22]+0.002*[#  31]
          +0.002*[#  34]
    |psi|^2 = 0.986
==== e(  15) =    11.98513 eV ==== 
     psi = 0.227*[#  23]+0.176*[#  10]+0.176*[#  30]+0.072*[#  13]+0.072*[#  33]
          +0.040*[#   6]+0.040*[#  16]+0.040*[#  26]+0.035*[#   2]+0.035*[#   3]
          +0.035*[#   4]+0.021*[#  20]+0.002*[#  11]+0.002*[#  24]+0.002*[#  32]
          
    |psi|^2 = 0.981
==== e(  16) =    11.98513 eV ==== 
     psi = 0.227*[#  23]+0.176*[#  10]+0.176*[#  30]+0.072*[#  13]+0.072*[#  33]
          +0.040*[#   6]+0.040*[#  16]+0.040*[#  26]+0.035*[#   2]+0.035*[#   3]
          +0.035*[#   4]+0.021*[#  20]+0.002*[#  11]+0.002*[#  24]+0.002*[#  32]
          
    |psi|^2 = 0.981
==== e(  17) =    12.35971 eV ==== 
     psi = 0.105*[#  12]+0.105*[#  14]+0.105*[#  21]+0.105*[#  22]+0.105*[#  31]
          +0.105*[#  34]+0.094*[#  11]+0.094*[#  24]+0.094*[#  32]+0.011*[#   2]
          +0.011*[#   3]+0.011*[#   4]+0.011*[#  20]+0.008*[#  13]+0.008*[#  33]
          +0.003*[#   1]+0.003*[#  10]+0.003*[#  30]+0.001*[#   6]+0.001*[#  16]
          +0.001*[#  26]
    |psi|^2 = 0.989
==== e(  18) =    12.57476 eV ==== 
     psi = 0.129*[#  12]+0.129*[#  14]+0.129*[#  21]+0.129*[#  22]+0.129*[#  31]
          +0.129*[#  34]+0.065*[#  11]+0.065*[#  24]+0.065*[#  32]+0.002*[#   2]
          +0.002*[#   3]+0.002*[#   4]+0.001*[#  23]
    |psi|^2 = 0.984
==== e(  19) =    12.57476 eV ==== 
     psi = 0.129*[#  12]+0.129*[#  14]+0.129*[#  21]+0.129*[#  22]+0.129*[#  31]
          +0.129*[#  34]+0.065*[#  11]+0.065*[#  24]+0.065*[#  32]+0.002*[#   2]
          +0.002*[#   3]+0.002*[#   4]+0.001*[#  23]
    |psi|^2 = 0.984
==== e(  20) =    13.74460 eV ==== 
     psi = 0.179*[#  11]+0.179*[#  24]+0.179*[#  32]+0.057*[#  12]+0.057*[#  14]
          +0.057*[#  21]+0.057*[#  22]+0.057*[#  31]+0.057*[#  34]+0.025*[#   2]
          +0.025*[#   3]+0.025*[#   4]+0.018*[#   1]+0.005*[#  20]+0.004*[#  13]
          +0.004*[#  33]+0.001*[#  10]+0.001*[#  30]
    |psi|^2 = 0.991
==== e(  21) =    14.19778 eV ==== 
     psi = 0.200*[#  11]+0.200*[#  24]+0.200*[#  32]+0.044*[#  12]+0.044*[#  14]
          +0.044*[#  21]+0.044*[#  22]+0.044*[#  31]+0.044*[#  34]+0.025*[#   2]
          +0.025*[#   3]+0.025*[#   4]+0.015*[#  23]+0.011*[#  10]+0.011*[#  30]
          +0.004*[#  13]+0.004*[#  33]+0.001*[#   6]+0.001*[#  16]+0.001*[#  26]
          
    |psi|^2 = 0.989
==== e(  22) =    14.19778 eV ==== 
     psi = 0.200*[#  11]+0.200*[#  24]+0.200*[#  32]+0.044*[#  12]+0.044*[#  14]
          +0.044*[#  21]+0.044*[#  22]+0.044*[#  31]+0.044*[#  34]+0.025*[#   2]
          +0.025*[#   3]+0.025*[#   4]+0.015*[#  23]+0.011*[#  10]+0.011*[#  30]
          +0.004*[#  13]+0.004*[#  33]+0.001*[#   6]+0.001*[#  16]+0.001*[#  26]
          
    |psi|^2 = 0.989
==== e(  23) =    14.72391 eV ==== 
     psi = 0.091*[#  12]+0.091*[#  14]+0.091*[#  21]+0.091*[#  22]+0.091*[#  31]
          +0.091*[#  34]+0.053*[#  11]+0.053*[#  24]+0.053*[#  32]+0.040*[#   2]
          +0.040*[#   3]+0.040*[#   4]+0.028*[#  23]+0.024*[#  10]+0.024*[#  30]
          +0.017*[#  13]+0.017*[#  33]+0.013*[#  20]+0.009*[#   6]+0.009*[#  16]
          +0.009*[#  26]
    |psi|^2 = 0.974
==== e(  24) =    14.72391 eV ==== 
     psi = 0.091*[#  12]+0.091*[#  14]+0.091*[#  21]+0.091*[#  22]+0.091*[#  31]
          +0.091*[#  34]+0.053*[#  11]+0.053*[#  24]+0.053*[#  32]+0.040*[#   2]
          +0.040*[#   3]+0.040*[#   4]+0.028*[#  23]+0.024*[#  10]+0.024*[#  30]
          +0.017*[#  13]+0.017*[#  33]+0.013*[#  20]+0.009*[#   6]+0.009*[#  16]
          +0.009*[#  26]
    |psi|^2 = 0.974
==== e(  25) =    14.96771 eV ==== 
     psi = 0.283*[#  20]+0.218*[#  13]+0.218*[#  33]+0.086*[#  10]+0.086*[#  30]
          +0.021*[#  23]+0.013*[#  12]+0.013*[#  14]+0.013*[#  21]+0.013*[#  22]
          +0.013*[#  31]+0.013*[#  34]+0.002*[#  11]+0.002*[#  24]+0.002*[#  32]
          
    |psi|^2 = 0.997
==== e(  26) =    14.96771 eV ==== 
     psi = 0.283*[#  20]+0.218*[#  13]+0.218*[#  33]+0.086*[#  10]+0.086*[#  30]
          +0.021*[#  23]+0.013*[#  12]+0.013*[#  14]+0.013*[#  21]+0.013*[#  22]
          +0.013*[#  31]+0.013*[#  34]+0.002*[#  11]+0.002*[#  24]+0.002*[#  32]
          
    |psi|^2 = 0.997
==== e(  27) =    15.16804 eV ==== 
     psi = 0.277*[#  23]+0.208*[#  10]+0.208*[#  30]+0.069*[#  13]+0.069*[#  33]
          +0.028*[#  12]+0.028*[#  14]+0.028*[#  21]+0.028*[#  22]+0.028*[#  31]
          +0.028*[#  34]
    |psi|^2 = 0.998
==== e(  28) =    15.59148 eV ==== 
     psi = 0.139*[#  12]+0.139*[#  14]+0.139*[#  21]+0.139*[#  22]+0.139*[#  31]
          +0.139*[#  34]+0.056*[#  23]+0.042*[#  10]+0.042*[#  30]+0.014*[#  13]
          +0.014*[#  33]
    |psi|^2 = 1.000
==== e(  29) =    16.28702 eV ==== 
     psi = 0.259*[#   1]+0.121*[#   2]+0.121*[#   3]+0.121*[#   4]+0.045*[#  11]
          +0.045*[#  24]+0.045*[#  32]+0.023*[#  20]+0.017*[#  13]+0.017*[#  33]
          +0.006*[#  10]+0.006*[#  30]+0.001*[#   6]+0.001*[#  16]+0.001*[#  26]
          
    |psi|^2 = 0.834
==== e(  30) =    16.90967 eV ==== 
     psi = 0.147*[#   2]+0.147*[#   3]+0.147*[#   4]+0.052*[#  12]+0.052*[#  14]
          +0.052*[#  21]+0.052*[#  22]+0.052*[#  31]+0.052*[#  34]+0.028*[#   6]
          +0.028*[#  16]+0.028*[#  26]+0.022*[#  23]+0.020*[#  10]+0.020*[#  30]
          +0.015*[#  13]+0.015*[#  33]+0.012*[#  20]+0.007*[#  11]+0.007*[#  24]
          +0.007*[#  32]
    |psi|^2 = 0.960
==== e(  31) =    16.90967 eV ==== 
     psi = 0.147*[#   2]+0.147*[#   3]+0.147*[#   4]+0.052*[#  12]+0.052*[#  14]
          +0.052*[#  21]+0.052*[#  22]+0.052*[#  31]+0.052*[#  34]+0.028*[#   6]
          +0.028*[#  16]+0.028*[#  26]+0.022*[#  23]+0.020*[#  10]+0.020*[#  30]
          +0.015*[#  13]+0.015*[#  33]+0.012*[#  20]+0.007*[#  11]+0.007*[#  24]
          +0.007*[#  32]
    |psi|^2 = 0.960
==== e(  32) =    23.24048 eV ==== 
     psi = 0.120*[#   6]+0.120*[#  16]+0.120*[#  26]+0.022*[#   2]+0.022*[#   3]
          +0.022*[#   4]+0.018*[#  23]+0.014*[#  10]+0.014*[#  30]+0.007*[#  13]
          +0.007*[#  33]+0.003*[#   5]+0.003*[#  15]+0.003*[#  20]+0.003*[#  25]
          
    |psi|^2 = 0.499
==== e(  33) =    23.24048 eV ==== 
     psi = 0.120*[#   6]+0.120*[#  16]+0.120*[#  26]+0.022*[#   2]+0.022*[#   3]
          +0.022*[#   4]+0.018*[#  23]+0.014*[#  10]+0.014*[#  30]+0.007*[#  13]
          +0.007*[#  33]+0.003*[#   5]+0.003*[#  15]+0.003*[#  20]+0.003*[#  25]
          
    |psi|^2 = 0.499
==== e(  34) =    24.07514 eV ==== 
     psi = 0.298*[#   1]+0.095*[#   6]+0.095*[#  16]+0.095*[#  26]+0.090*[#   2]
          +0.090*[#   3]+0.090*[#   4]+0.026*[#  20]+0.019*[#  13]+0.019*[#  33]
          +0.006*[#  10]+0.006*[#  30]+0.002*[#   5]+0.002*[#  15]+0.002*[#  25]
          +0.001*[#  11]+0.001*[#  24]+0.001*[#  32]
    |psi|^2 = 0.942
==== e(  35) =    25.03035 eV ==== 
     psi = 0.047*[#   1]+0.036*[#   2]+0.036*[#   3]+0.036*[#   4]+0.006*[#  11]
          +0.006*[#  24]+0.006*[#  32]
    |psi|^2 = 0.182

 k =   0.1250000000  0.1250000000  0.2500000000
==== e(   1) =   -87.43739 eV ==== 
     psi = 0.316*[#   5]+0.316*[#  15]+0.316*[#  25]+0.013*[#   2]+0.013*[#   3]
          +0.013*[#   4]+0.007*[#   1]+0.002*[#   6]+0.002*[#  16]+0.002*[#  26]
          
    |psi|^2 = 1.000
==== e(   2) =   -87.41846 eV ==== 
     psi = 0.327*[#   5]+0.327*[#  15]+0.327*[#  25]+0.003*[#   6]+0.003*[#  16]
          +0.003*[#  26]+0.003*[#   2]+0.003*[#   3]+0.003*[#   4]
    |psi|^2 = 1.000
==== e(   3) =   -87.41601 eV ==== 
     psi = 0.328*[#   5]+0.328*[#  15]+0.328*[#  25]+0.005*[#   6]+0.005*[#  16]
          +0.005*[#  26]
    |psi|^2 = 1.000
==== e(   4) =   -47.87712 eV ==== 
     psi = 0.113*[#   7]+0.113*[#   8]+0.113*[#  18]+0.113*[#  19]+0.113*[#  27]
          +0.113*[#  29]+0.107*[#   9]+0.107*[#  17]+0.107*[#  28]+0.002*[#   1]
          
    |psi|^2 = 1.000
==== e(   5) =   -47.85950 eV ==== 
     psi = 0.127*[#   7]+0.127*[#   8]+0.127*[#  18]+0.127*[#  19]+0.127*[#  27]
          +0.127*[#  29]+0.079*[#   9]+0.079*[#  17]+0.079*[#  28]+0.001*[#   2]
          +0.001*[#   3]+0.001*[#   4]
    |psi|^2 = 1.000
==== e(   6) =   -47.85353 eV ==== 
     psi = 0.134*[#   7]+0.134*[#   8]+0.134*[#  18]+0.134*[#  19]+0.134*[#  27]
          +0.134*[#  29]+0.064*[#   9]+0.064*[#  17]+0.064*[#  28]+0.001*[#   2]
          +0.001*[#   3]+0.001*[#   4]
    |psi|^2 = 1.000
==== e(   7) =   -47.82702 eV ==== 
     psi = 0.160*[#   7]+0.160*[#   8]+0.160*[#  18]+0.160*[#  19]+0.160*[#  27]
          +0.160*[#  29]+0.014*[#   9]+0.014*[#  17]+0.014*[#  28]
    |psi|^2 = 1.000
==== e(   8) =   -47.82011 eV ==== 
     psi = 0.158*[#   7]+0.158*[#   8]+0.158*[#  18]+0.158*[#  19]+0.158*[#  27]
          +0.158*[#  29]+0.017*[#   9]+0.017*[#  17]+0.017*[#  28]
    |psi|^2 = 1.000
==== e(   9) =   -47.80602 eV ==== 
     psi = 0.166*[#   7]+0.166*[#   8]+0.166*[#  18]+0.166*[#  19]+0.166*[#  27]
          +0.166*[#  29]
    |psi|^2 = 1.000
==== e(  10) =   -47.77871 eV ==== 
     psi = 0.223*[#   9]+0.223*[#  17]+0.223*[#  28]+0.055*[#   7]+0.055*[#   8]
          +0.055*[#  18]+0.055*[#  19]+0.055*[#  27]+0.055*[#  29]
    |psi|^2 = 1.000
==== e(  11) =   -47.74753 eV ==== 
     psi = 0.240*[#   9]+0.240*[#  17]+0.240*[#  28]+0.047*[#   7]+0.047*[#   8]
          +0.047*[#  18]+0.047*[#  19]+0.047*[#  27]+0.047*[#  29]
    |psi|^2 = 1.000
==== e(  12) =   -47.74394 eV ==== 
     psi = 0.255*[#   9]+0.255*[#  17]+0.255*[#  28]+0.039*[#   7]+0.039*[#   8]
          +0.039*[#  18]+0.039*[#  19]+0.039*[#  27]+0.039*[#  29]
    |psi|^2 = 1.000
==== e(  13) =     6.66430 eV ==== 
     psi = 0.269*[#   1]+0.182*[#   6]+0.182*[#  16]+0.182*[#  26]+0.046*[#   2]
          +0.046*[#   3]+0.046*[#   4]+0.010*[#   5]+0.010*[#  15]+0.010*[#  25]
          +0.003*[#  20]+0.002*[#  13]+0.002*[#  33]
    |psi|^2 = 0.998
==== e(  14) =    11.22232 eV ==== 
     psi = 0.127*[#   1]+0.086*[#  20]+0.080*[#  13]+0.080*[#  33]+0.067*[#  10]
          +0.067*[#  30]+0.062*[#   2]+0.062*[#   3]+0.062*[#   4]+0.061*[#  23]
          +0.058*[#   6]+0.058*[#  16]+0.058*[#  26]+0.011*[#  11]+0.011*[#  24]
          +0.011*[#  32]+0.004*[#  12]+0.004*[#  14]+0.004*[#  21]+0.004*[#  22]
          +0.004*[#  31]+0.004*[#  34]+0.001*[#   5]+0.001*[#  15]+0.001*[#  25]
          
    |psi|^2 = 0.986
==== e(  15) =    11.83162 eV ==== 
     psi = 0.159*[#  20]+0.141*[#  13]+0.141*[#  33]+0.104*[#  10]+0.104*[#  30]
          +0.086*[#  23]+0.031*[#   2]+0.031*[#   3]+0.031*[#   4]+0.027*[#   6]
          +0.027*[#  16]+0.027*[#  26]+0.019*[#   1]+0.007*[#  11]+0.007*[#  24]
          +0.007*[#  32]+0.006*[#  12]+0.006*[#  14]+0.006*[#  21]+0.006*[#  22]
          +0.006*[#  31]+0.006*[#  34]
    |psi|^2 = 0.985
==== e(  16) =    12.29844 eV ==== 
     psi = 0.215*[#  23]+0.165*[#  10]+0.165*[#  30]+0.065*[#  13]+0.065*[#  33]
          +0.044*[#   2]+0.044*[#   3]+0.044*[#   4]+0.027*[#   6]+0.027*[#  16]
          +0.027*[#  26]+0.016*[#  11]+0.016*[#  24]+0.016*[#  32]+0.015*[#  20]
          +0.003*[#  12]+0.003*[#  14]+0.003*[#  21]+0.003*[#  22]+0.003*[#  31]
          +0.003*[#  34]
    |psi|^2 = 0.972
==== e(  17) =    12.35355 eV ==== 
     psi = 0.111*[#  11]+0.111*[#  24]+0.111*[#  32]+0.079*[#  12]+0.079*[#  14]
          +0.079*[#  21]+0.079*[#  22]+0.079*[#  31]+0.079*[#  34]+0.037*[#  20]
          +0.028*[#  13]+0.028*[#  33]+0.018*[#   2]+0.018*[#   3]+0.018*[#   4]
          +0.009*[#  10]+0.009*[#  30]+0.004*[#   1]+0.004*[#   6]+0.004*[#  16]
          +0.004*[#  26]
    |psi|^2 = 0.989
==== e(  18) =    12.65220 eV ==== 
     psi = 0.115*[#  12]+0.115*[#  14]+0.115*[#  21]+0.115*[#  22]+0.115*[#  31]
          +0.115*[#  34]+0.072*[#  11]+0.072*[#  24]+0.072*[#  32]+0.016*[#  23]
          +0.012*[#  10]+0.012*[#  30]+0.006*[#   2]+0.006*[#   3]+0.006*[#   4]
          +0.004*[#  13]+0.004*[#  33]+0.004*[#   6]+0.004*[#  16]+0.004*[#  26]
          
    |psi|^2 = 0.986
==== e(  19) =    12.74112 eV ==== 
     psi = 0.137*[#  12]+0.137*[#  14]+0.137*[#  21]+0.137*[#  22]+0.137*[#  31]
          +0.137*[#  34]+0.050*[#  11]+0.050*[#  24]+0.050*[#  32]+0.002*[#   2]
          +0.002*[#   3]+0.002*[#   4]+0.001*[#   1]+0.001*[#  20]
    |psi|^2 = 0.984
==== e(  20) =    13.52840 eV ==== 
     psi = 0.136*[#  11]+0.136*[#  24]+0.136*[#  32]+0.080*[#  12]+0.080*[#  14]
          +0.080*[#  21]+0.080*[#  22]+0.080*[#  31]+0.080*[#  34]+0.021*[#   2]
          +0.021*[#   3]+0.021*[#   4]+0.013*[#   1]+0.005*[#  20]+0.004*[#  13]
          +0.004*[#  33]+0.001*[#  10]+0.001*[#  30]
    |psi|^2 = 0.986
==== e(  21) =    13.90869 eV ==== 
     psi = 0.109*[#  11]+0.109*[#  24]+0.109*[#  32]+0.074*[#  12]+0.074*[#  14]
          +0.074*[#  21]+0.074*[#  22]+0.074*[#  31]+0.074*[#  34]+0.034*[#  23]
          +0.028*[#   2]+0.028*[#   3]+0.028*[#   4]+0.027*[#  10]+0.027*[#  30]
          +0.011*[#  13]+0.011*[#  33]+0.003*[#   6]+0.003*[#  16]+0.003*[#  26]
          +0.003*[#  20]
    |psi|^2 = 0.975
==== e(  22) =    14.03626 eV ==== 
     psi = 0.104*[#  23]+0.081*[#  10]+0.081*[#  30]+0.068*[#  12]+0.068*[#  14]
          +0.068*[#  21]+0.068*[#  22]+0.068*[#  31]+0.068*[#  34]+0.036*[#   2]
          +0.036*[#   3]+0.036*[#   4]+0.034*[#  13]+0.034*[#  33]+0.021*[#  11]
          +0.021*[#  24]+0.021*[#  32]+0.013*[#   6]+0.013*[#  16]+0.013*[#  26]
          +0.011*[#   1]+0.011*[#  20]
    |psi|^2 = 0.975
==== e(  23) =    14.37188 eV ==== 
     psi = 0.241*[#  11]+0.241*[#  24]+0.241*[#  32]+0.040*[#  12]+0.040*[#  14]
          +0.040*[#  21]+0.040*[#  22]+0.040*[#  31]+0.040*[#  34]+0.003*[#  20]
          +0.003*[#  13]+0.003*[#  33]+0.003*[#   2]+0.003*[#   3]+0.003*[#   4]
          +0.002*[#  10]+0.002*[#  30]+0.002*[#  23]+0.001*[#   6]+0.001*[#  16]
          +0.001*[#  26]+0.001*[#   1]
    |psi|^2 = 0.991
==== e(  24) =    14.62494 eV ==== 
     psi = 0.107*[#  11]+0.107*[#  24]+0.107*[#  32]+0.091*[#  12]+0.091*[#  14]
          +0.091*[#  21]+0.091*[#  22]+0.091*[#  31]+0.091*[#  34]+0.022*[#  23]
          +0.018*[#  10]+0.018*[#  30]+0.009*[#  13]+0.009*[#  33]+0.006*[#   2]
          +0.006*[#   3]+0.006*[#   4]+0.006*[#   6]+0.006*[#  16]+0.006*[#  26]
          +0.005*[#  20]
    |psi|^2 = 0.984
==== e(  25) =    14.73695 eV ==== 
     psi = 0.265*[#  20]+0.208*[#  13]+0.208*[#  33]+0.096*[#  10]+0.096*[#  30]
          +0.039*[#  23]+0.012*[#  12]+0.012*[#  14]+0.012*[#  21]+0.012*[#  22]
          +0.012*[#  31]+0.012*[#  34]+0.003*[#   1]+0.002*[#  11]+0.002*[#  24]
          +0.002*[#  32]+0.002*[#   2]+0.002*[#   3]+0.002*[#   4]
    |psi|^2 = 0.995
==== e(  26) =    14.95825 eV ==== 
     psi = 0.272*[#  20]+0.214*[#  13]+0.214*[#  33]+0.099*[#  10]+0.099*[#  30]
          +0.042*[#  23]+0.008*[#  12]+0.008*[#  14]+0.008*[#  21]+0.008*[#  22]
          +0.008*[#  31]+0.008*[#  34]+0.003*[#  11]+0.003*[#  24]+0.003*[#  32]
          
    |psi|^2 = 0.998
==== e(  27) =    15.00875 eV ==== 
     psi = 0.243*[#  23]+0.189*[#  10]+0.189*[#  30]+0.082*[#  13]+0.082*[#  33]
          +0.028*[#  20]+0.027*[#  12]+0.027*[#  14]+0.027*[#  21]+0.027*[#  22]
          +0.027*[#  31]+0.027*[#  34]+0.003*[#   2]+0.003*[#   3]+0.003*[#   4]
          +0.003*[#  11]+0.003*[#  24]+0.003*[#  32]
    |psi|^2 = 0.994
==== e(  28) =    15.53976 eV ==== 
     psi = 0.140*[#  12]+0.140*[#  14]+0.140*[#  21]+0.140*[#  22]+0.140*[#  31]
          +0.140*[#  34]+0.053*[#  23]+0.040*[#  10]+0.040*[#  30]+0.013*[#  13]
          +0.013*[#  33]
    |psi|^2 = 0.999
==== e(  29) =    15.58674 eV ==== 
     psi = 0.150*[#   1]+0.060*[#  20]+0.050*[#  13]+0.050*[#  33]+0.047*[#  11]
          +0.047*[#  24]+0.047*[#  32]+0.039*[#  12]+0.039*[#  14]+0.039*[#  21]
          +0.039*[#  22]+0.039*[#  31]+0.039*[#  34]+0.035*[#   2]+0.035*[#   3]
          +0.035*[#   4]+0.029*[#  10]+0.029*[#  30]+0.020*[#   6]+0.020*[#  16]
          +0.020*[#  26]+0.019*[#  23]
    |psi|^2 = 0.924
==== e(  30) =    17.50235 eV ==== 
     psi = 0.126*[#   2]+0.126*[#   3]+0.126*[#   4]+0.125*[#   1]+0.030*[#  12]
          +0.030*[#  14]+0.030*[#  21]+0.030*[#  22]+0.030*[#  31]+0.030*[#  34]
          +0.019*[#  11]+0.019*[#  24]+0.019*[#  32]+0.013*[#   6]+0.013*[#  16]
          +0.013*[#  26]+0.013*[#  20]+0.013*[#  13]+0.013*[#  33]+0.012*[#  10]
          +0.012*[#  30]+0.012*[#  23]
    |psi|^2 = 0.860
==== e(  31) =    17.61892 eV ==== 
     psi = 0.153*[#   2]+0.153*[#   3]+0.153*[#   4]+0.040*[#   6]+0.040*[#  16]
          +0.040*[#  26]+0.036*[#  12]+0.036*[#  14]+0.036*[#  21]+0.036*[#  22]
          +0.036*[#  31]+0.036*[#  34]+0.025*[#  23]+0.021*[#  10]+0.021*[#  30]
          +0.016*[#  11]+0.016*[#  24]+0.016*[#  32]+0.012*[#  13]+0.012*[#  33]
          +0.008*[#  20]
    |psi|^2 = 0.944
==== e(  32) =    22.78752 eV ==== 
     psi = 0.009*[#  23]+0.007*[#  10]+0.007*[#  30]+0.004*[#   2]+0.004*[#   3]
          +0.004*[#   4]+0.003*[#  12]+0.003*[#  14]+0.003*[#  21]+0.003*[#  22]
          +0.003*[#  31]+0.003*[#  34]+0.003*[#  13]+0.003*[#  33]+0.001*[#   6]
          +0.001*[#  16]+0.001*[#  26]
    |psi|^2 = 0.063
==== e(  33) =    23.14287 eV ==== 
     psi = 0.088*[#   2]+0.088*[#   3]+0.088*[#   4]+0.044*[#   6]+0.044*[#  16]
          +0.044*[#  26]+0.020*[#   1]+0.011*[#  11]+0.011*[#  24]+0.011*[#  32]
          +0.003*[#  20]+0.003*[#   5]+0.003*[#  15]+0.003*[#  25]+0.003*[#  12]
          +0.003*[#  13]+0.003*[#  14]+0.003*[#  21]+0.003*[#  22]+0.003*[#  31]
          +0.003*[#  33]+0.003*[#  34]+0.001*[#  10]+0.001*[#  30]
    |psi|^2 = 0.486
==== e(  34) =    24.01156 eV ==== 
     psi = 0.185*[#   6]+0.185*[#  16]+0.185*[#  26]+0.073*[#   2]+0.073*[#   3]
          +0.073*[#   4]+0.006*[#  11]+0.006*[#  23]+0.006*[#  24]+0.006*[#  32]
          +0.005*[#  10]+0.005*[#  30]+0.004*[#   5]+0.004*[#  15]+0.004*[#  25]
          +0.002*[#  13]+0.002*[#  33]+0.002*[#  12]+0.002*[#  14]+0.002*[#  21]
          +0.002*[#  22]+0.002*[#  31]+0.002*[#  34]+0.001*[#  20]
    |psi|^2 = 0.838
==== e(  35) =    24.01319 eV ==== 
     psi = 0.170*[#   1]+0.115*[#   6]+0.115*[#  16]+0.115*[#  26]+0.039*[#   2]
          +0.039*[#   3]+0.039*[#   4]+0.009*[#  20]+0.008*[#  13]+0.008*[#  33]
          +0.006*[#  10]+0.006*[#  30]+0.006*[#  23]+0.002*[#   5]+0.002*[#  15]
          +0.002*[#  25]
    |psi|^2 = 0.685

 k =   0.1250000000  0.1250000000  0.3750000000
==== e(   1) =   -87.43403 eV ==== 
     psi = 0.314*[#   5]+0.314*[#  15]+0.314*[#  25]+0.017*[#   2]+0.017*[#   3]
          +0.017*[#   4]+0.003*[#   1]
    |psi|^2 = 1.000
==== e(   2) =   -87.42178 eV ==== 
     psi = 0.327*[#   5]+0.327*[#  15]+0.327*[#  25]+0.004*[#   2]+0.004*[#   3]
          +0.004*[#   4]+0.003*[#   1]+0.001*[#   6]+0.001*[#  16]+0.001*[#  26]
          
    |psi|^2 = 1.000
==== e(   3) =   -87.41599 eV ==== 
     psi = 0.328*[#   5]+0.328*[#  15]+0.328*[#  25]+0.005*[#   6]+0.005*[#  16]
          +0.005*[#  26]
    |psi|^2 = 1.000
==== e(   4) =   -47.86867 eV ==== 
     psi = 0.115*[#   7]+0.115*[#   8]+0.115*[#  18]+0.115*[#  19]+0.115*[#  27]
          +0.115*[#  29]+0.103*[#   9]+0.103*[#  17]+0.103*[#  28]+0.001*[#   1]
          
    |psi|^2 = 1.000
==== e(   5) =   -47.85142 eV ==== 
     psi = 0.137*[#   7]+0.137*[#   8]+0.137*[#  18]+0.137*[#  19]+0.137*[#  27]
          +0.137*[#  29]+0.058*[#   9]+0.058*[#  17]+0.058*[#  28]
    |psi|^2 = 1.000
==== e(   6) =   -47.84862 eV ==== 
     psi = 0.152*[#   7]+0.152*[#   8]+0.152*[#  18]+0.152*[#  19]+0.152*[#  27]
          +0.152*[#  29]+0.027*[#   9]+0.027*[#  17]+0.027*[#  28]+0.001*[#   1]
          
    |psi|^2 = 1.000
==== e(   7) =   -47.83393 eV ==== 
     psi = 0.151*[#   7]+0.151*[#   8]+0.151*[#  18]+0.151*[#  19]+0.151*[#  27]
          +0.151*[#  29]+0.032*[#   9]+0.032*[#  17]+0.032*[#  28]
    |psi|^2 = 1.000
==== e(   8) =   -47.81506 eV ==== 
     psi = 0.147*[#   7]+0.147*[#   8]+0.147*[#  18]+0.147*[#  19]+0.147*[#  27]
          +0.147*[#  29]+0.039*[#   9]+0.039*[#  17]+0.039*[#  28]
    |psi|^2 = 1.000
==== e(   9) =   -47.80235 eV ==== 
     psi = 0.166*[#   7]+0.166*[#   8]+0.166*[#  18]+0.166*[#  19]+0.166*[#  27]
          +0.166*[#  29]
    |psi|^2 = 1.000
==== e(  10) =   -47.79359 eV ==== 
     psi = 0.217*[#   9]+0.217*[#  17]+0.217*[#  28]+0.058*[#   7]+0.058*[#   8]
          +0.058*[#  18]+0.058*[#  19]+0.058*[#  27]+0.058*[#  29]
    |psi|^2 = 1.000
==== e(  11) =   -47.75216 eV ==== 
     psi = 0.243*[#   9]+0.243*[#  17]+0.243*[#  28]+0.045*[#   7]+0.045*[#   8]
          +0.045*[#  18]+0.045*[#  19]+0.045*[#  27]+0.045*[#  29]
    |psi|^2 = 1.000
==== e(  12) =   -47.74828 eV ==== 
     psi = 0.280*[#   9]+0.280*[#  17]+0.280*[#  28]+0.027*[#   7]+0.027*[#   8]
          +0.027*[#  18]+0.027*[#  19]+0.027*[#  27]+0.027*[#  29]
    |psi|^2 = 1.000
==== e(  13) =     7.53178 eV ==== 
     psi = 0.313*[#   1]+0.153*[#   6]+0.153*[#  16]+0.153*[#  26]+0.057*[#   2]
          +0.057*[#   3]+0.057*[#   4]+0.007*[#   5]+0.007*[#  15]+0.007*[#  25]
          +0.004*[#  20]+0.003*[#  13]+0.003*[#  33]+0.002*[#  11]+0.002*[#  24]
          +0.002*[#  32]+0.002*[#  10]+0.002*[#  30]
    |psi|^2 = 0.998
==== e(  14) =    10.14388 eV ==== 
     psi = 0.155*[#   1]+0.108*[#   2]+0.108*[#   3]+0.108*[#   4]+0.105*[#   6]
          +0.105*[#  16]+0.105*[#  26]+0.034*[#  23]+0.029*[#  10]+0.029*[#  30]
          +0.021*[#  13]+0.021*[#  33]+0.017*[#  20]+0.006*[#  11]+0.006*[#  24]
          +0.006*[#  32]+0.004*[#   5]+0.004*[#  15]+0.004*[#  25]+0.003*[#  12]
          +0.003*[#  14]+0.003*[#  21]+0.003*[#  22]+0.003*[#  31]+0.003*[#  34]
          
    |psi|^2 = 0.993
==== e(  15) =    12.06465 eV ==== 
     psi = 0.160*[#  20]+0.131*[#  13]+0.131*[#  33]+0.074*[#  10]+0.074*[#  30]
          +0.045*[#  23]+0.039*[#  11]+0.039*[#  24]+0.039*[#  32]+0.026*[#   1]
          +0.023*[#   2]+0.023*[#   3]+0.023*[#   4]+0.018*[#   6]+0.018*[#  16]
          +0.018*[#  26]+0.017*[#  12]+0.017*[#  14]+0.017*[#  21]+0.017*[#  22]
          +0.017*[#  31]+0.017*[#  34]
    |psi|^2 = 0.985
==== e(  16) =    12.36935 eV ==== 
     psi = 0.117*[#  11]+0.117*[#  24]+0.117*[#  32]+0.085*[#  20]+0.065*[#  13]
          +0.065*[#  33]+0.042*[#  12]+0.042*[#  14]+0.042*[#  21]+0.042*[#  22]
          +0.042*[#  31]+0.042*[#  34]+0.026*[#   2]+0.026*[#   3]+0.026*[#   4]
          +0.025*[#  10]+0.025*[#  30]+0.010*[#   6]+0.010*[#  16]+0.010*[#  26]
          +0.006*[#   1]+0.005*[#  23]
    |psi|^2 = 0.987
==== e(  17) =    12.57679 eV ==== 
     psi = 0.096*[#  11]+0.096*[#  24]+0.096*[#  32]+0.090*[#  23]+0.068*[#  10]
          +0.068*[#  30]+0.066*[#   2]+0.066*[#   3]+0.066*[#   4]+0.033*[#  12]
          +0.033*[#  14]+0.033*[#  21]+0.033*[#  22]+0.033*[#  31]+0.033*[#  34]
          +0.025*[#  13]+0.025*[#  33]+0.004*[#   6]+0.004*[#  16]+0.004*[#  20]
          +0.004*[#  26]
    |psi|^2 = 0.976
==== e(  18) =    12.84620 eV ==== 
     psi = 0.153*[#  12]+0.153*[#  14]+0.153*[#  21]+0.153*[#  22]+0.153*[#  31]
          +0.153*[#  34]+0.018*[#  11]+0.018*[#  24]+0.018*[#  32]+0.002*[#   1]
          +0.002*[#   2]+0.002*[#   3]+0.002*[#   4]
    |psi|^2 = 0.987
==== e(  19) =    12.88887 eV ==== 
     psi = 0.140*[#  23]+0.106*[#  10]+0.106*[#  30]+0.072*[#  12]+0.072*[#  14]
          +0.072*[#  21]+0.072*[#  22]+0.072*[#  31]+0.072*[#  34]+0.037*[#  13]
          +0.037*[#  33]+0.025*[#  11]+0.025*[#  24]+0.025*[#  32]+0.014*[#   6]
          +0.014*[#  16]+0.014*[#  26]+0.002*[#  20]
    |psi|^2 = 0.975
==== e(  20) =    13.48679 eV ==== 
     psi = 0.100*[#  12]+0.100*[#  14]+0.100*[#  21]+0.100*[#  22]+0.100*[#  31]
          +0.100*[#  34]+0.092*[#  11]+0.092*[#  24]+0.092*[#  32]+0.019*[#  23]
          +0.015*[#  10]+0.015*[#  30]+0.011*[#   2]+0.011*[#   3]+0.011*[#   4]
          +0.007*[#  13]+0.007*[#  33]+0.002*[#  20]+0.001*[#   6]+0.001*[#  16]
          +0.001*[#  26]
    |psi|^2 = 0.976
==== e(  21) =    13.61361 eV ==== 
     psi = 0.104*[#  12]+0.104*[#  14]+0.104*[#  21]+0.104*[#  22]+0.104*[#  31]
          +0.104*[#  34]+0.058*[#  23]+0.044*[#  10]+0.044*[#  30]+0.037*[#  11]
          +0.037*[#  24]+0.037*[#  32]+0.017*[#  13]+0.017*[#  33]+0.009*[#   2]
          +0.009*[#   3]+0.009*[#   4]+0.006*[#   6]+0.006*[#  16]+0.006*[#  26]
          +0.003*[#  20]
    |psi|^2 = 0.961
==== e(  22) =    13.78455 eV ==== 
     psi = 0.116*[#  23]+0.096*[#  10]+0.096*[#  30]+0.058*[#  12]+0.058*[#  14]
          +0.058*[#  21]+0.058*[#  22]+0.058*[#  31]+0.058*[#  34]+0.056*[#  13]
          +0.056*[#  33]+0.044*[#  11]+0.044*[#  24]+0.044*[#  32]+0.035*[#  20]
          +0.008*[#   6]+0.008*[#  16]+0.008*[#  26]+0.007*[#   2]+0.007*[#   3]
          +0.007*[#   4]+0.002*[#   1]
    |psi|^2 = 0.984
==== e(  23) =    14.27814 eV ==== 
     psi = 0.215*[#  11]+0.215*[#  24]+0.215*[#  32]+0.032*[#  12]+0.032*[#  14]
          +0.032*[#  21]+0.032*[#  22]+0.032*[#  31]+0.032*[#  34]+0.021*[#  23]
          +0.021*[#  10]+0.021*[#  30]+0.019*[#  13]+0.019*[#  33]+0.018*[#  20]
          +0.010*[#   1]+0.003*[#   6]+0.003*[#  16]+0.003*[#  26]+0.003*[#   2]
          +0.003*[#   3]+0.003*[#   4]
    |psi|^2 = 0.982
==== e(  24) =    14.43373 eV ==== 
     psi = 0.198*[#  20]+0.166*[#  13]+0.166*[#  33]+0.101*[#  10]+0.101*[#  30]
          +0.068*[#  23]+0.020*[#  12]+0.020*[#  14]+0.020*[#  21]+0.020*[#  22]
          +0.020*[#  31]+0.020*[#  34]+0.016*[#  11]+0.016*[#  24]+0.016*[#  32]
          +0.004*[#   6]+0.004*[#  16]+0.004*[#  26]+0.003*[#   1]+0.002*[#   2]
          +0.002*[#   3]+0.002*[#   4]
    |psi|^2 = 0.990
==== e(  25) =    14.51581 eV ==== 
     psi = 0.122*[#  11]+0.122*[#  24]+0.122*[#  32]+0.075*[#  12]+0.075*[#  14]
          +0.075*[#  21]+0.075*[#  22]+0.075*[#  31]+0.075*[#  34]+0.045*[#  23]
          +0.036*[#  10]+0.036*[#  30]+0.019*[#  13]+0.019*[#  33]+0.011*[#  20]
          +0.003*[#   6]+0.003*[#  16]+0.003*[#  26]
    |psi|^2 = 0.994
==== e(  26) =    14.78471 eV ==== 
     psi = 0.191*[#  23]+0.159*[#  10]+0.159*[#  30]+0.097*[#  13]+0.097*[#  33]
          +0.066*[#  20]+0.026*[#  12]+0.026*[#  14]+0.026*[#  21]+0.026*[#  22]
          +0.026*[#  31]+0.026*[#  34]+0.020*[#  11]+0.020*[#  24]+0.020*[#  32]
          +0.001*[#   2]+0.001*[#   3]+0.001*[#   4]
    |psi|^2 = 0.991
==== e(  27) =    14.99704 eV ==== 
     psi = 0.240*[#  20]+0.199*[#  13]+0.199*[#  33]+0.116*[#  10]+0.116*[#  30]
          +0.075*[#  23]+0.007*[#  12]+0.007*[#  14]+0.007*[#  21]+0.007*[#  22]
          +0.007*[#  31]+0.007*[#  34]+0.001*[#   6]+0.001*[#  16]+0.001*[#  26]
          
    |psi|^2 = 0.996
==== e(  28) =    15.02848 eV ==== 
     psi = 0.115*[#  20]+0.089*[#  13]+0.089*[#  33]+0.070*[#  11]+0.070*[#  24]
          +0.070*[#  32]+0.049*[#   1]+0.047*[#  12]+0.047*[#  14]+0.047*[#  21]
          +0.047*[#  22]+0.047*[#  31]+0.047*[#  34]+0.037*[#  10]+0.037*[#  30]
          +0.015*[#   6]+0.015*[#  16]+0.015*[#  26]+0.010*[#  23]+0.004*[#   2]
          +0.004*[#   3]+0.004*[#   4]
    |psi|^2 = 0.974
==== e(  29) =    15.48619 eV ==== 
     psi = 0.151*[#  12]+0.151*[#  14]+0.151*[#  21]+0.151*[#  22]+0.151*[#  31]
          +0.151*[#  34]+0.027*[#  23]+0.021*[#  10]+0.021*[#  30]+0.008*[#  13]
          +0.008*[#  33]+0.002*[#  20]
    |psi|^2 = 0.998
==== e(  30) =    18.48474 eV ==== 
     psi = 0.165*[#   2]+0.165*[#   3]+0.165*[#   4]+0.041*[#   6]+0.041*[#  16]
          +0.041*[#  26]+0.026*[#  23]+0.022*[#  12]+0.022*[#  14]+0.022*[#  21]
          +0.022*[#  22]+0.022*[#  31]+0.022*[#  34]+0.021*[#  11]+0.021*[#  24]
          +0.021*[#  32]+0.021*[#  10]+0.021*[#  30]+0.009*[#  13]+0.009*[#  33]
          +0.003*[#  20]
    |psi|^2 = 0.904
==== e(  31) =    18.57485 eV ==== 
     psi = 0.144*[#   1]+0.108*[#   2]+0.108*[#   3]+0.108*[#   4]+0.022*[#   6]
          +0.022*[#  16]+0.022*[#  26]+0.019*[#  11]+0.019*[#  24]+0.019*[#  32]
          +0.018*[#  12]+0.018*[#  14]+0.018*[#  21]+0.018*[#  22]+0.018*[#  31]
          +0.018*[#  34]+0.012*[#  20]+0.011*[#  13]+0.011*[#  33]+0.008*[#  10]
          +0.008*[#  30]+0.007*[#  23]
    |psi|^2 = 0.761
==== e(  32) =    21.36050 eV ==== 
     psi = 0.089*[#   6]+0.089*[#  16]+0.089*[#  26]+0.028*[#   2]+0.028*[#   3]
          +0.028*[#   4]+0.009*[#  12]+0.009*[#  14]+0.009*[#  21]+0.009*[#  22]
          +0.009*[#  31]+0.009*[#  34]+0.004*[#  23]+0.003*[#  11]+0.003*[#  24]
          +0.003*[#  32]+0.003*[#  10]+0.003*[#  30]+0.002*[#   5]+0.002*[#  15]
          +0.002*[#  25]+0.001*[#  13]+0.001*[#  33]
    |psi|^2 = 0.434
==== e(  33) =    21.42913 eV ==== 
     psi = 0.106*[#   1]+0.095*[#   2]+0.095*[#   3]+0.095*[#   4]+0.060*[#   6]
          +0.060*[#  16]+0.060*[#  26]+0.018*[#  11]+0.018*[#  24]+0.018*[#  32]
          +0.006*[#  12]+0.006*[#  14]+0.006*[#  21]+0.006*[#  22]+0.006*[#  31]
          +0.006*[#  34]+0.004*[#   5]+0.004*[#  15]+0.004*[#  25]+0.003*[#  20]
          +0.003*[#  13]+0.003*[#  33]+0.002*[#  10]+0.002*[#  30]+0.001*[#  23]
          
    |psi|^2 = 0.684
==== e(  34) =    24.08192 eV ==== 
     psi = 0.066*[#   6]+0.066*[#  16]+0.066*[#  26]+0.050*[#   2]+0.050*[#   3]
          +0.050*[#   4]+0.007*[#  23]+0.006*[#  11]+0.006*[#  24]+0.006*[#  32]
          +0.006*[#  10]+0.006*[#  30]+0.002*[#  13]+0.002*[#  33]+0.001*[#   5]
          +0.001*[#  15]+0.001*[#  25]
    |psi|^2 = 0.403
==== e(  35) =    24.48558 eV ==== 
     psi = 0.145*[#   1]+0.114*[#   6]+0.114*[#  16]+0.114*[#  26]+0.065*[#   2]
          +0.065*[#   3]+0.065*[#   4]+0.007*[#  20]+0.006*[#  13]+0.006*[#  33]
          +0.003*[#  10]+0.003*[#  30]+0.003*[#   5]+0.003*[#  15]+0.003*[#  25]
          +0.002*[#  23]
    |psi|^2 = 0.723

 k =   0.1250000000  0.1250000000 -0.5000000000
==== e(   1) =   -87.43185 eV ==== 
     psi = 0.313*[#   5]+0.313*[#  15]+0.313*[#  25]+0.020*[#   2]+0.020*[#   3]
          +0.020*[#   4]
    |psi|^2 = 1.000
==== e(   2) =   -87.42394 eV ==== 
     psi = 0.328*[#   5]+0.328*[#  15]+0.328*[#  25]+0.006*[#   1]+0.003*[#   2]
          +0.003*[#   3]+0.003*[#   4]
    |psi|^2 = 1.000
==== e(   3) =   -87.41600 eV ==== 
     psi = 0.328*[#   5]+0.328*[#  15]+0.328*[#  25]+0.005*[#   6]+0.005*[#  16]
          +0.005*[#  26]
    |psi|^2 = 1.000
==== e(   4) =   -47.86088 eV ==== 
     psi = 0.118*[#   9]+0.118*[#  17]+0.118*[#  28]+0.107*[#   7]+0.107*[#   8]
          +0.107*[#  18]+0.107*[#  19]+0.107*[#  27]+0.107*[#  29]
    |psi|^2 = 1.000
==== e(   5) =   -47.85197 eV ==== 
     psi = 0.166*[#   7]+0.166*[#   8]+0.166*[#  18]+0.166*[#  19]+0.166*[#  27]
          +0.166*[#  29]+0.003*[#   1]
    |psi|^2 = 1.000
==== e(   6) =   -47.84381 eV ==== 
     psi = 0.166*[#   7]+0.166*[#   8]+0.166*[#  18]+0.166*[#  19]+0.166*[#  27]
          +0.166*[#  29]+0.001*[#   2]+0.001*[#   3]+0.001*[#   4]
    |psi|^2 = 1.000
==== e(   7) =   -47.84103 eV ==== 
     psi = 0.122*[#   7]+0.122*[#   8]+0.122*[#  18]+0.122*[#  19]+0.122*[#  27]
          +0.122*[#  29]+0.089*[#   9]+0.089*[#  17]+0.089*[#  28]
    |psi|^2 = 1.000
==== e(   8) =   -47.80909 eV ==== 
     psi = 0.166*[#   7]+0.166*[#   8]+0.166*[#  18]+0.166*[#  19]+0.166*[#  27]
          +0.166*[#  29]
    |psi|^2 = 1.000
==== e(   9) =   -47.80186 eV ==== 
     psi = 0.252*[#   9]+0.252*[#  17]+0.252*[#  28]+0.040*[#   7]+0.040*[#   8]
          +0.040*[#  18]+0.040*[#  19]+0.040*[#  27]+0.040*[#  29]
    |psi|^2 = 1.000
==== e(  10) =   -47.80114 eV ==== 
     psi = 0.167*[#   7]+0.167*[#   8]+0.167*[#  18]+0.167*[#  19]+0.167*[#  27]
          +0.167*[#  29]
    |psi|^2 = 1.000
==== e(  11) =   -47.75404 eV ==== 
     psi = 0.244*[#   9]+0.244*[#  17]+0.244*[#  28]+0.045*[#   7]+0.045*[#   8]
          +0.045*[#  18]+0.045*[#  19]+0.045*[#  27]+0.045*[#  29]
    |psi|^2 = 1.000
==== e(  12) =   -47.75116 eV ==== 
     psi = 0.295*[#   9]+0.295*[#  17]+0.295*[#  28]+0.019*[#   7]+0.019*[#   8]
          +0.019*[#  18]+0.019*[#  19]+0.019*[#  27]+0.019*[#  29]
    |psi|^2 = 1.000
==== e(  13) =     8.36543 eV ==== 
     psi = 0.495*[#   1]+0.120*[#   6]+0.120*[#  16]+0.120*[#  26]+0.024*[#   2]
          +0.024*[#   3]+0.024*[#   4]+0.011*[#  20]+0.008*[#  13]+0.008*[#  33]
          +0.006*[#  11]+0.006*[#  24]+0.006*[#  32]+0.003*[#  10]+0.003*[#  30]
          +0.001*[#   5]+0.001*[#  15]+0.001*[#  25]+0.001*[#   7]+0.001*[#   8]
          +0.001*[#  18]+0.001*[#  19]+0.001*[#  27]+0.001*[#  29]
    |psi|^2 = 0.995
==== e(  14) =     9.17364 eV ==== 
     psi = 0.154*[#   2]+0.154*[#   3]+0.154*[#   4]+0.143*[#   6]+0.143*[#  16]
          +0.143*[#  26]+0.020*[#  23]+0.015*[#  10]+0.015*[#  30]+0.010*[#   5]
          +0.010*[#  15]+0.010*[#  25]+0.005*[#  13]+0.005*[#  33]+0.002*[#  12]
          +0.002*[#  14]+0.002*[#  21]+0.002*[#  22]+0.002*[#  31]+0.002*[#  34]
          
    |psi|^2 = 0.998
==== e(  15) =    12.26720 eV ==== 
     psi = 0.173*[#  11]+0.173*[#  24]+0.173*[#  32]+0.048*[#   2]+0.048*[#   3]
          +0.048*[#   4]+0.048*[#  12]+0.048*[#  14]+0.048*[#  21]+0.048*[#  22]
          +0.048*[#  31]+0.048*[#  34]+0.029*[#   1]+0.006*[#   6]+0.006*[#  16]
          +0.006*[#  26]
    |psi|^2 = 0.994
==== e(  16) =    12.29211 eV ==== 
     psi = 0.241*[#  20]+0.194*[#  13]+0.194*[#  33]+0.100*[#  10]+0.100*[#  30]
          +0.053*[#  23]+0.024*[#   6]+0.024*[#  16]+0.024*[#  26]+0.007*[#   2]
          +0.007*[#   3]+0.007*[#   4]
    |psi|^2 = 0.979
==== e(  17) =    12.63794 eV ==== 
     psi = 0.130*[#  11]+0.130*[#  24]+0.130*[#  32]+0.073*[#   2]+0.073*[#   3]
          +0.073*[#   4]+0.045*[#  23]+0.039*[#  12]+0.039*[#  14]+0.039*[#  21]
          +0.039*[#  22]+0.039*[#  31]+0.039*[#  34]+0.034*[#  10]+0.034*[#  30]
          +0.011*[#  13]+0.011*[#  33]
    |psi|^2 = 0.984
==== e(  18) =    12.86623 eV ==== 
     psi = 0.163*[#  12]+0.163*[#  14]+0.163*[#  21]+0.163*[#  22]+0.163*[#  31]
          +0.163*[#  34]+0.001*[#  20]+0.001*[#  13]+0.001*[#  33]
    |psi|^2 = 0.988
==== e(  19) =    13.21507 eV ==== 
     psi = 0.246*[#  23]+0.185*[#  10]+0.185*[#  30]+0.062*[#  13]+0.062*[#  33]
          +0.026*[#  12]+0.026*[#  14]+0.026*[#  21]+0.026*[#  22]+0.026*[#  31]
          +0.026*[#  34]+0.020*[#  11]+0.020*[#  24]+0.020*[#  32]
    |psi|^2 = 0.957
==== e(  20) =    13.35573 eV ==== 
     psi = 0.146*[#  12]+0.146*[#  14]+0.146*[#  21]+0.146*[#  22]+0.146*[#  31]
          +0.146*[#  34]+0.019*[#   6]+0.019*[#  16]+0.019*[#  26]+0.010*[#  23]
          +0.008*[#  10]+0.008*[#  30]+0.003*[#  13]+0.003*[#  33]
    |psi|^2 = 0.965
==== e(  21) =    13.56981 eV ==== 
     psi = 0.107*[#  12]+0.107*[#  14]+0.107*[#  21]+0.107*[#  22]+0.107*[#  31]
          +0.107*[#  34]+0.092*[#  23]+0.073*[#  10]+0.073*[#  30]+0.034*[#  13]
          +0.034*[#  33]+0.015*[#  20]+0.003*[#   2]+0.003*[#   3]+0.003*[#   4]
          
    |psi|^2 = 0.974
==== e(  22) =    13.71161 eV ==== 
     psi = 0.177*[#  11]+0.177*[#  24]+0.177*[#  32]+0.056*[#  12]+0.056*[#  14]
          +0.056*[#  21]+0.056*[#  22]+0.056*[#  31]+0.056*[#  34]+0.035*[#  20]
          +0.026*[#  13]+0.026*[#  33]+0.009*[#  10]+0.009*[#  30]+0.002*[#   1]
          +0.001*[#   2]+0.001*[#   3]+0.001*[#   4]
    |psi|^2 = 0.982
==== e(  23) =    14.22808 eV ==== 
     psi = 0.156*[#  23]+0.129*[#  10]+0.129*[#  30]+0.076*[#  13]+0.076*[#  33]
          +0.050*[#  20]+0.048*[#  12]+0.048*[#  14]+0.048*[#  21]+0.048*[#  22]
          +0.048*[#  31]+0.048*[#  34]+0.017*[#   6]+0.017*[#  16]+0.017*[#  26]
          +0.004*[#   2]+0.004*[#   3]+0.004*[#   4]
    |psi|^2 = 0.971
==== e(  24) =    14.26475 eV ==== 
     psi = 0.164*[#  11]+0.164*[#  24]+0.164*[#  32]+0.148*[#  20]+0.111*[#  13]
          +0.111*[#  33]+0.037*[#  10]+0.037*[#  30]+0.008*[#  12]+0.008*[#  14]
          +0.008*[#  21]+0.008*[#  22]+0.008*[#  31]+0.008*[#  34]+0.002*[#   1]
          +0.002*[#   6]+0.002*[#  16]+0.002*[#  26]
    |psi|^2 = 0.993
==== e(  25) =    14.54273 eV ==== 
     psi = 0.148*[#  11]+0.148*[#  24]+0.148*[#  32]+0.088*[#  12]+0.088*[#  14]
          +0.088*[#  21]+0.088*[#  22]+0.088*[#  31]+0.088*[#  34]+0.006*[#  23]
          +0.004*[#  10]+0.004*[#  30]+0.001*[#  13]+0.001*[#  33]
    |psi|^2 = 0.990
==== e(  26) =    14.60121 eV ==== 
     psi = 0.235*[#  23]+0.196*[#  10]+0.196*[#  30]+0.117*[#  13]+0.117*[#  33]
          +0.077*[#  20]+0.009*[#  12]+0.009*[#  14]+0.009*[#  21]+0.009*[#  22]
          +0.009*[#  31]+0.009*[#  34]+0.002*[#   6]+0.002*[#  16]+0.002*[#  26]
          
    |psi|^2 = 0.994
==== e(  27) =    14.84276 eV ==== 
     psi = 0.135*[#  20]+0.102*[#  13]+0.102*[#  33]+0.097*[#  11]+0.097*[#  24]
          +0.097*[#  32]+0.042*[#  12]+0.042*[#  14]+0.042*[#  21]+0.042*[#  22]
          +0.042*[#  31]+0.042*[#  34]+0.034*[#  10]+0.034*[#  30]+0.018*[#   1]
          +0.008*[#   6]+0.008*[#  16]+0.008*[#  26]+0.001*[#   2]+0.001*[#   3]
          +0.001*[#   4]
    |psi|^2 = 0.993
==== e(  28) =    15.00532 eV ==== 
     psi = 0.250*[#  20]+0.204*[#  13]+0.204*[#  33]+0.112*[#  10]+0.112*[#  30]
          +0.066*[#  23]+0.007*[#  12]+0.007*[#  14]+0.007*[#  21]+0.007*[#  22]
          +0.007*[#  31]+0.007*[#  34]+0.002*[#   6]+0.002*[#  16]+0.002*[#  26]
          
    |psi|^2 = 0.996
==== e(  29) =    15.46770 eV ==== 
     psi = 0.155*[#  12]+0.155*[#  14]+0.155*[#  21]+0.155*[#  22]+0.155*[#  31]
          +0.155*[#  34]+0.019*[#  23]+0.015*[#  10]+0.015*[#  30]+0.007*[#  13]
          +0.007*[#  33]+0.003*[#  20]+0.001*[#   6]+0.001*[#  16]+0.001*[#  26]
          
    |psi|^2 = 0.998
==== e(  30) =    19.11273 eV ==== 
     psi = 0.204*[#   2]+0.204*[#   3]+0.204*[#   4]+0.030*[#  23]+0.027*[#  11]
          +0.027*[#  24]+0.027*[#  32]+0.023*[#  10]+0.023*[#  30]+0.011*[#  12]
          +0.011*[#  14]+0.011*[#  21]+0.011*[#  22]+0.011*[#  31]+0.011*[#  34]
          +0.008*[#  13]+0.008*[#  33]
    |psi|^2 = 0.854
==== e(  31) =    19.61491 eV ==== 
     psi = 0.069*[#   2]+0.069*[#   3]+0.069*[#   4]+0.054*[#   6]+0.054*[#  16]
          +0.054*[#  26]+0.015*[#  20]+0.013*[#  13]+0.013*[#  33]+0.010*[#  12]
          +0.010*[#  14]+0.010*[#  21]+0.010*[#  22]+0.010*[#  31]+0.010*[#  34]
          +0.009*[#  10]+0.009*[#  30]+0.007*[#  23]+0.005*[#   5]+0.005*[#  15]
          +0.005*[#  25]
    |psi|^2 = 0.509
==== e(  32) =    20.17438 eV ==== 
     psi = 0.289*[#   1]+0.130*[#   2]+0.130*[#   3]+0.130*[#   4]+0.039*[#  11]
          +0.039*[#  24]+0.039*[#  32]+0.033*[#   6]+0.033*[#  16]+0.033*[#  26]
          +0.011*[#  12]+0.011*[#  14]+0.011*[#  21]+0.011*[#  22]+0.011*[#  31]
          +0.011*[#  34]
    |psi|^2 = 0.960
==== e(  33) =    20.49025 eV ==== 
     psi = 0.168*[#   6]+0.168*[#  16]+0.168*[#  26]+0.016*[#  12]+0.016*[#  14]
          +0.016*[#  21]+0.016*[#  22]+0.016*[#  31]+0.016*[#  34]+0.003*[#   5]
          +0.003*[#  15]+0.003*[#  25]+0.002*[#  20]+0.002*[#  13]+0.002*[#  33]
          
    |psi|^2 = 0.613
==== e(  34) =    24.23593 eV ==== 
     psi = 0.044*[#   2]+0.044*[#   3]+0.044*[#   4]+0.007*[#  11]+0.007*[#  24]
          +0.007*[#  32]+0.006*[#  23]+0.004*[#  10]+0.004*[#  30]+0.001*[#  13]
          +0.001*[#  33]
    |psi|^2 = 0.178
==== e(  35) =    24.87144 eV ==== 
     psi = 0.137*[#   1]+0.122*[#   6]+0.122*[#  16]+0.122*[#  26]+0.073*[#   2]
          +0.073*[#   3]+0.073*[#   4]+0.003*[#   5]+0.003*[#  15]+0.003*[#  25]
          +0.001*[#  20]+0.001*[#  11]+0.001*[#  24]+0.001*[#  32]
    |psi|^2 = 0.739

 k =   0.1250000000  0.2500000000  0.2500000000
==== e(   1) =   -87.43517 eV ==== 
     psi = 0.316*[#   5]+0.316*[#  15]+0.316*[#  25]+0.015*[#   2]+0.015*[#   3]
          +0.015*[#   4]+0.004*[#   1]
    |psi|^2 = 1.000
==== e(   2) =   -87.41928 eV ==== 
     psi = 0.326*[#   5]+0.326*[#  15]+0.326*[#  25]+0.004*[#   2]+0.004*[#   3]
          +0.004*[#   4]+0.003*[#   6]+0.003*[#  16]+0.003*[#  26]
    |psi|^2 = 1.000
==== e(   3) =   -87.41738 eV ==== 
     psi = 0.329*[#   5]+0.329*[#  15]+0.329*[#  25]+0.004*[#   6]+0.004*[#  16]
          +0.004*[#  26]
    |psi|^2 = 1.000
==== e(   4) =   -47.87836 eV ==== 
     psi = 0.113*[#   7]+0.113*[#   8]+0.113*[#  18]+0.113*[#  19]+0.113*[#  27]
          +0.113*[#  29]+0.106*[#   9]+0.106*[#  17]+0.106*[#  28]+0.002*[#   1]
          
    |psi|^2 = 1.000
==== e(   5) =   -47.85631 eV ==== 
     psi = 0.143*[#   7]+0.143*[#   8]+0.143*[#  18]+0.143*[#  19]+0.143*[#  27]
          +0.143*[#  29]+0.047*[#   9]+0.047*[#  17]+0.047*[#  28]+0.001*[#   2]
          +0.001*[#   3]+0.001*[#   4]
    |psi|^2 = 1.000
==== e(   6) =   -47.84843 eV ==== 
     psi = 0.148*[#   7]+0.148*[#   8]+0.148*[#  18]+0.148*[#  19]+0.148*[#  27]
          +0.148*[#  29]+0.036*[#   9]+0.036*[#  17]+0.036*[#  28]+0.002*[#   2]
          +0.002*[#   3]+0.002*[#   4]
    |psi|^2 = 1.000
==== e(   7) =   -47.82815 eV ==== 
     psi = 0.140*[#   7]+0.140*[#   8]+0.140*[#  18]+0.140*[#  19]+0.140*[#  27]
          +0.140*[#  29]+0.054*[#   9]+0.054*[#  17]+0.054*[#  28]
    |psi|^2 = 1.000
==== e(   8) =   -47.81725 eV ==== 
     psi = 0.155*[#   7]+0.155*[#   8]+0.155*[#  18]+0.155*[#  19]+0.155*[#  27]
          +0.155*[#  29]+0.024*[#   9]+0.024*[#  17]+0.024*[#  28]
    |psi|^2 = 1.000
==== e(   9) =   -47.79888 eV ==== 
     psi = 0.164*[#   7]+0.164*[#   8]+0.164*[#  18]+0.164*[#  19]+0.164*[#  27]
          +0.164*[#  29]+0.005*[#   9]+0.005*[#  17]+0.005*[#  28]
    |psi|^2 = 1.000
==== e(  10) =   -47.79581 eV ==== 
     psi = 0.211*[#   9]+0.211*[#  17]+0.211*[#  28]+0.061*[#   7]+0.061*[#   8]
          +0.061*[#  18]+0.061*[#  19]+0.061*[#  27]+0.061*[#  29]
    |psi|^2 = 1.000
==== e(  11) =   -47.75074 eV ==== 
     psi = 0.248*[#   9]+0.248*[#  17]+0.248*[#  28]+0.043*[#   7]+0.043*[#   8]
          +0.043*[#  18]+0.043*[#  19]+0.043*[#  27]+0.043*[#  29]
    |psi|^2 = 1.000
==== e(  12) =   -47.74099 eV ==== 
     psi = 0.269*[#   9]+0.269*[#  17]+0.269*[#  28]+0.032*[#   7]+0.032*[#   8]
          +0.032*[#  18]+0.032*[#  19]+0.032*[#  27]+0.032*[#  29]
    |psi|^2 = 1.000
==== e(  13) =     7.19392 eV ==== 
     psi = 0.279*[#   1]+0.160*[#   6]+0.160*[#  16]+0.160*[#  26]+0.062*[#   2]
          +0.062*[#   3]+0.062*[#   4]+0.009*[#   5]+0.009*[#  15]+0.009*[#  25]
          +0.003*[#  11]+0.003*[#  20]+0.003*[#  24]+0.003*[#  32]+0.002*[#  13]
          +0.002*[#  33]
    |psi|^2 = 0.998
==== e(  14) =    11.43088 eV ==== 
     psi = 0.191*[#   1]+0.097*[#  20]+0.076*[#  13]+0.076*[#  33]+0.060*[#  11]
          +0.060*[#  24]+0.060*[#  32]+0.035*[#   6]+0.035*[#  16]+0.035*[#  26]
          +0.034*[#  10]+0.034*[#  30]+0.031*[#   2]+0.031*[#   3]+0.031*[#   4]
          +0.013*[#  23]+0.013*[#  12]+0.013*[#  14]+0.013*[#  21]+0.013*[#  22]
          +0.013*[#  31]+0.013*[#  34]
    |psi|^2 = 0.979
==== e(  15) =    11.56473 eV ==== 
     psi = 0.116*[#  23]+0.112*[#   2]+0.112*[#   3]+0.112*[#   4]+0.091*[#  10]
          +0.091*[#  30]+0.060*[#   6]+0.060*[#  16]+0.060*[#  26]+0.041*[#  13]
          +0.041*[#  33]+0.016*[#  20]+0.012*[#  12]+0.012*[#  14]+0.012*[#  21]
          +0.012*[#  22]+0.012*[#  31]+0.012*[#  34]+0.001*[#  11]+0.001*[#  24]
          +0.001*[#  32]
    |psi|^2 = 0.992
==== e(  16) =    12.30270 eV ==== 
     psi = 0.130*[#  23]+0.125*[#  10]+0.125*[#  30]+0.116*[#  13]+0.116*[#  33]
          +0.111*[#  20]+0.044*[#   2]+0.044*[#   3]+0.044*[#   4]+0.019*[#   6]
          +0.019*[#  16]+0.019*[#  26]+0.016*[#  11]+0.016*[#  24]+0.016*[#  32]
          +0.002*[#  12]+0.002*[#  14]+0.002*[#  21]+0.002*[#  22]+0.002*[#  31]
          +0.002*[#  34]
    |psi|^2 = 0.977
==== e(  17) =    12.36510 eV ==== 
     psi = 0.105*[#  11]+0.105*[#  24]+0.105*[#  32]+0.060*[#  20]+0.051*[#  13]
          +0.051*[#  33]+0.050*[#  12]+0.050*[#  14]+0.050*[#  21]+0.050*[#  22]
          +0.050*[#  31]+0.050*[#  34]+0.032*[#  10]+0.032*[#  30]+0.026*[#   2]
          +0.026*[#   3]+0.026*[#   4]+0.023*[#  23]+0.015*[#   6]+0.015*[#  16]
          +0.015*[#  26]
    |psi|^2 = 0.985
==== e(  18) =    12.71770 eV ==== 
     psi = 0.120*[#  12]+0.120*[#  14]+0.120*[#  21]+0.120*[#  22]+0.120*[#  31]
          +0.120*[#  34]+0.060*[#  11]+0.060*[#  24]+0.060*[#  32]+0.015*[#  23]
          +0.011*[#  10]+0.011*[#  30]+0.008*[#   6]+0.008*[#  16]+0.008*[#  26]
          +0.005*[#   2]+0.005*[#   3]+0.005*[#   4]+0.004*[#  13]+0.004*[#  33]
          +0.001*[#   1]
    |psi|^2 = 0.987
==== e(  19) =    12.92431 eV ==== 
     psi = 0.136*[#  12]+0.136*[#  14]+0.136*[#  21]+0.136*[#  22]+0.136*[#  31]
          +0.136*[#  34]+0.047*[#  11]+0.047*[#  24]+0.047*[#  32]+0.003*[#   2]
          +0.003*[#   3]+0.003*[#   4]+0.002*[#  20]+0.002*[#  13]+0.002*[#  33]
          +0.001*[#   6]+0.001*[#  16]+0.001*[#  26]
    |psi|^2 = 0.980
==== e(  20) =    13.33274 eV ==== 
     psi = 0.104*[#  11]+0.104*[#  24]+0.104*[#  32]+0.099*[#  12]+0.099*[#  14]
          +0.099*[#  21]+0.099*[#  22]+0.099*[#  31]+0.099*[#  34]+0.018*[#   2]
          +0.018*[#   3]+0.018*[#   4]+0.006*[#   1]+0.003*[#  20]+0.003*[#  13]
          +0.003*[#  33]+0.002*[#   6]+0.002*[#  10]+0.002*[#  16]+0.002*[#  26]
          +0.002*[#  30]+0.001*[#  23]
    |psi|^2 = 0.984
==== e(  21) =    13.69172 eV ==== 
     psi = 0.125*[#  23]+0.096*[#  10]+0.096*[#  30]+0.078*[#  12]+0.078*[#  14]
          +0.078*[#  21]+0.078*[#  22]+0.078*[#  31]+0.078*[#  34]+0.037*[#  13]
          +0.037*[#  33]+0.018*[#   2]+0.018*[#   3]+0.018*[#   4]+0.011*[#   6]
          +0.011*[#  16]+0.011*[#  26]+0.009*[#  11]+0.009*[#  24]+0.009*[#  32]
          +0.007*[#  20]
    |psi|^2 = 0.978
==== e(  22) =    13.84028 eV ==== 
     psi = 0.075*[#  23]+0.071*[#  12]+0.071*[#  14]+0.071*[#  21]+0.071*[#  22]
          +0.071*[#  31]+0.071*[#  34]+0.064*[#  11]+0.064*[#  24]+0.064*[#  32]
          +0.061*[#  10]+0.061*[#  30]+0.032*[#  13]+0.032*[#  33]+0.018*[#  20]
          +0.014*[#   2]+0.014*[#   3]+0.014*[#   4]+0.008*[#   6]+0.008*[#  16]
          +0.008*[#  26]+0.006*[#   1]
    |psi|^2 = 0.969
==== e(  23) =    14.47721 eV ==== 
     psi = 0.259*[#  11]+0.259*[#  24]+0.259*[#  32]+0.027*[#  12]+0.027*[#  14]
          +0.027*[#  21]+0.027*[#  22]+0.027*[#  31]+0.027*[#  34]+0.015*[#  20]
          +0.012*[#  13]+0.012*[#  33]+0.005*[#  10]+0.005*[#  30]+0.002*[#  23]
          +0.001*[#   6]+0.001*[#  16]+0.001*[#  26]
    |psi|^2 = 0.996
==== e(  24) =    14.49669 eV ==== 
     psi = 0.130*[#  11]+0.130*[#  24]+0.130*[#  32]+0.088*[#  12]+0.088*[#  14]
          +0.088*[#  21]+0.088*[#  22]+0.088*[#  31]+0.088*[#  34]+0.012*[#  20]
          +0.009*[#  13]+0.009*[#  33]+0.005*[#   6]+0.005*[#  16]+0.005*[#  26]
          +0.004*[#  10]+0.004*[#  30]+0.004*[#   2]+0.004*[#   3]+0.004*[#   4]
          +0.001*[#  23]
    |psi|^2 = 0.982
==== e(  25) =    14.68376 eV ==== 
     psi = 0.245*[#  20]+0.199*[#  13]+0.199*[#  33]+0.106*[#  10]+0.106*[#  30]
          +0.059*[#  23]+0.010*[#  12]+0.010*[#  14]+0.010*[#  21]+0.010*[#  22]
          +0.010*[#  31]+0.010*[#  34]+0.007*[#  11]+0.007*[#  24]+0.007*[#  32]
          +0.002*[#   2]+0.002*[#   3]+0.002*[#   4]
    |psi|^2 = 0.998
==== e(  26) =    14.75643 eV ==== 
     psi = 0.232*[#  23]+0.179*[#  10]+0.179*[#  30]+0.073*[#  13]+0.073*[#  33]
          +0.039*[#  12]+0.039*[#  14]+0.039*[#  21]+0.039*[#  22]+0.039*[#  31]
          +0.039*[#  34]+0.019*[#  20]+0.001*[#   2]+0.001*[#   3]+0.001*[#   4]
          +0.001*[#  11]+0.001*[#  24]+0.001*[#  32]
    |psi|^2 = 0.996
==== e(  27) =    14.85858 eV ==== 
     psi = 0.281*[#  20]+0.218*[#  13]+0.218*[#  33]+0.093*[#  10]+0.093*[#  30]
          +0.030*[#  23]+0.008*[#  12]+0.008*[#  14]+0.008*[#  21]+0.008*[#  22]
          +0.008*[#  31]+0.008*[#  34]+0.003*[#   1]+0.002*[#   6]+0.002*[#  16]
          +0.002*[#  26]+0.002*[#  11]+0.002*[#  24]+0.002*[#  32]
    |psi|^2 = 0.995
==== e(  28) =    15.46792 eV ==== 
     psi = 0.126*[#  12]+0.126*[#  14]+0.126*[#  21]+0.126*[#  22]+0.126*[#  31]
          +0.126*[#  34]+0.079*[#  23]+0.059*[#  10]+0.059*[#  30]+0.020*[#  13]
          +0.020*[#  33]
    |psi|^2 = 0.999
==== e(  29) =    15.77120 eV ==== 
     psi = 0.241*[#   1]+0.071*[#  11]+0.071*[#  24]+0.071*[#  32]+0.055*[#  20]
          +0.045*[#  13]+0.045*[#  33]+0.032*[#   6]+0.032*[#  16]+0.032*[#  26]
          +0.025*[#  10]+0.025*[#  30]+0.018*[#   2]+0.018*[#   3]+0.018*[#   4]
          +0.015*[#  23]+0.011*[#  12]+0.011*[#  14]+0.011*[#  21]+0.011*[#  22]
          +0.011*[#  31]+0.011*[#  34]
    |psi|^2 = 0.883
==== e(  30) =    16.67001 eV ==== 
     psi = 0.089*[#   2]+0.089*[#   3]+0.089*[#   4]+0.067*[#  12]+0.067*[#  14]
          +0.067*[#  21]+0.067*[#  22]+0.067*[#  31]+0.067*[#  34]+0.046*[#  23]
          +0.041*[#  10]+0.041*[#  30]+0.031*[#  13]+0.031*[#  33]+0.031*[#   6]
          +0.031*[#  16]+0.031*[#  26]+0.026*[#  20]+0.004*[#  11]+0.004*[#  24]
          +0.004*[#  32]
    |psi|^2 = 0.990
==== e(  31) =    18.13728 eV ==== 
     psi = 0.147*[#   2]+0.147*[#   3]+0.147*[#   4]+0.060*[#   1]+0.025*[#  12]
          +0.025*[#  14]+0.025*[#  21]+0.025*[#  22]+0.025*[#  31]+0.025*[#  34]
          +0.023*[#   6]+0.023*[#  16]+0.023*[#  26]+0.019*[#  23]+0.019*[#  11]
          +0.019*[#  24]+0.019*[#  32]+0.016*[#  10]+0.016*[#  30]+0.011*[#  13]
          +0.011*[#  33]+0.009*[#  20]
    |psi|^2 = 0.862
==== e(  32) =    21.17572 eV ==== 
     psi = 0.096*[#   6]+0.096*[#  16]+0.096*[#  26]+0.069*[#   2]+0.069*[#   3]
          +0.069*[#   4]+0.048*[#   1]+0.012*[#  11]+0.012*[#  24]+0.012*[#  32]
          +0.008*[#  12]+0.008*[#  14]+0.008*[#  21]+0.008*[#  22]+0.008*[#  31]
          +0.008*[#  34]+0.004*[#   5]+0.004*[#  15]+0.004*[#  25]+0.002*[#  10]
          +0.002*[#  23]+0.002*[#  30]+0.002*[#  13]+0.002*[#  20]+0.002*[#  33]
          
    |psi|^2 = 0.650
==== e(  33) =    23.56691 eV ==== 
     psi = 0.058*[#   1]+0.026*[#   2]+0.026*[#   3]+0.026*[#   4]+0.009*[#  11]
          +0.009*[#  24]+0.009*[#  32]+0.002*[#  23]+0.002*[#  10]+0.002*[#  30]
          +0.002*[#  12]+0.002*[#  14]+0.002*[#  21]+0.002*[#  22]+0.002*[#  31]
          +0.002*[#  34]
    |psi|^2 = 0.184
==== e(  34) =    23.73191 eV ==== 
     psi = 0.080*[#   6]+0.080*[#  16]+0.080*[#  26]+0.033*[#   2]+0.033*[#   3]
          +0.033*[#   4]+0.005*[#  12]+0.005*[#  14]+0.005*[#  21]+0.005*[#  22]
          +0.005*[#  31]+0.005*[#  34]+0.002*[#  11]+0.002*[#  24]+0.002*[#  32]
          +0.002*[#   5]+0.002*[#  15]+0.002*[#  25]
    |psi|^2 = 0.384
==== e(  35) =    24.34127 eV ==== 
     psi = 0.135*[#   6]+0.135*[#  16]+0.135*[#  26]+0.098*[#   2]+0.098*[#   3]
          +0.098*[#   4]+0.030*[#   1]+0.007*[#  11]+0.007*[#  24]+0.007*[#  32]
          +0.006*[#  20]+0.005*[#  13]+0.005*[#  33]+0.005*[#  10]+0.005*[#  30]
          +0.004*[#  23]+0.004*[#   5]+0.004*[#  15]+0.004*[#  25]
    |psi|^2 = 0.794

 k =   0.1250000000  0.2500000000  0.3750000000
==== e(   1) =   -87.43208 eV ==== 
     psi = 0.317*[#   5]+0.317*[#  15]+0.317*[#  25]+0.015*[#   2]+0.015*[#   3]
          +0.015*[#   4]+0.002*[#   1]
    |psi|^2 = 1.000
==== e(   2) =   -87.42191 eV ==== 
     psi = 0.326*[#   5]+0.326*[#  15]+0.326*[#  25]+0.005*[#   2]+0.005*[#   3]
          +0.005*[#   4]+0.002*[#   6]+0.002*[#  16]+0.002*[#  26]+0.001*[#   1]
          
    |psi|^2 = 1.000
==== e(   3) =   -87.41779 eV ==== 
     psi = 0.329*[#   5]+0.329*[#  15]+0.329*[#  25]+0.003*[#   6]+0.003*[#  16]
          +0.003*[#  26]
    |psi|^2 = 1.000
==== e(   4) =   -47.87352 eV ==== 
     psi = 0.122*[#   7]+0.122*[#   8]+0.122*[#  18]+0.122*[#  19]+0.122*[#  27]
          +0.122*[#  29]+0.089*[#   9]+0.089*[#  17]+0.089*[#  28]+0.002*[#   1]
          
    |psi|^2 = 1.000
==== e(   5) =   -47.85755 eV ==== 
     psi = 0.145*[#   7]+0.145*[#   8]+0.145*[#  18]+0.145*[#  19]+0.145*[#  27]
          +0.145*[#  29]+0.042*[#   9]+0.042*[#  17]+0.042*[#  28]
    |psi|^2 = 1.000
==== e(   6) =   -47.84690 eV ==== 
     psi = 0.159*[#   7]+0.159*[#   8]+0.159*[#  18]+0.159*[#  19]+0.159*[#  27]
          +0.159*[#  29]+0.014*[#   9]+0.014*[#  17]+0.014*[#  28]+0.001*[#   2]
          +0.001*[#   3]+0.001*[#   4]
    |psi|^2 = 1.000
==== e(   7) =   -47.82839 eV ==== 
     psi = 0.123*[#   7]+0.123*[#   8]+0.123*[#  18]+0.123*[#  19]+0.123*[#  27]
          +0.123*[#  29]+0.087*[#   9]+0.087*[#  17]+0.087*[#  28]
    |psi|^2 = 1.000
==== e(   8) =   -47.81347 eV ==== 
     psi = 0.130*[#   9]+0.130*[#  17]+0.130*[#  28]+0.101*[#   7]+0.101*[#   8]
          +0.101*[#  18]+0.101*[#  19]+0.101*[#  27]+0.101*[#  29]
    |psi|^2 = 1.000
==== e(   9) =   -47.80784 eV ==== 
     psi = 0.128*[#   7]+0.128*[#   8]+0.128*[#  18]+0.128*[#  19]+0.128*[#  27]
          +0.128*[#  29]+0.077*[#   9]+0.077*[#  17]+0.077*[#  28]
    |psi|^2 = 1.000
==== e(  10) =   -47.79096 eV ==== 
     psi = 0.164*[#   7]+0.164*[#   8]+0.164*[#  18]+0.164*[#  19]+0.164*[#  27]
          +0.164*[#  29]+0.006*[#   9]+0.006*[#  17]+0.006*[#  28]
    |psi|^2 = 1.000
==== e(  11) =   -47.75635 eV ==== 
     psi = 0.258*[#   9]+0.258*[#  17]+0.258*[#  28]+0.037*[#   7]+0.037*[#   8]
          +0.037*[#  18]+0.037*[#  19]+0.037*[#  27]+0.037*[#  29]
    |psi|^2 = 1.000
==== e(  12) =   -47.74106 eV ==== 
     psi = 0.295*[#   9]+0.295*[#  17]+0.295*[#  28]+0.019*[#   7]+0.019*[#   8]
          +0.019*[#  18]+0.019*[#  19]+0.019*[#  27]+0.019*[#  29]
    |psi|^2 = 1.000
==== e(  13) =     8.02429 eV ==== 
     psi = 0.321*[#   1]+0.131*[#   6]+0.131*[#  16]+0.131*[#  26]+0.072*[#   2]
          +0.072*[#   3]+0.072*[#   4]+0.007*[#  11]+0.007*[#  24]+0.007*[#  32]
          +0.006*[#   5]+0.006*[#  15]+0.006*[#  25]+0.004*[#  20]+0.003*[#  13]
          +0.003*[#  33]+0.002*[#  12]+0.002*[#  14]+0.002*[#  21]+0.002*[#  22]
          +0.002*[#  31]+0.002*[#  34]+0.001*[#  10]+0.001*[#  30]
    |psi|^2 = 0.997
==== e(  14) =    10.51828 eV ==== 
     psi = 0.140*[#   1]+0.109*[#   2]+0.109*[#   3]+0.109*[#   4]+0.092*[#   6]
          +0.092*[#  16]+0.092*[#  26]+0.030*[#  23]+0.026*[#  10]+0.026*[#  30]
          +0.018*[#  13]+0.018*[#  33]+0.017*[#  11]+0.017*[#  24]+0.017*[#  32]
          +0.014*[#  20]+0.009*[#  12]+0.009*[#  14]+0.009*[#  21]+0.009*[#  22]
          +0.009*[#  31]+0.009*[#  34]+0.003*[#   5]+0.003*[#  15]+0.003*[#  25]
          
    |psi|^2 = 0.991
==== e(  15) =    11.75323 eV ==== 
     psi = 0.092*[#  11]+0.092*[#  24]+0.092*[#  32]+0.073*[#   1]+0.067*[#   2]
          +0.067*[#   3]+0.067*[#   4]+0.031*[#  23]+0.031*[#  12]+0.031*[#  14]
          +0.031*[#  21]+0.031*[#  22]+0.031*[#  31]+0.031*[#  34]+0.030*[#  10]
          +0.030*[#  30]+0.027*[#  13]+0.027*[#  33]+0.027*[#   6]+0.027*[#  16]
          +0.027*[#  26]+0.026*[#  20]
    |psi|^2 = 0.988
==== e(  16) =    12.44057 eV ==== 
     psi = 0.194*[#  20]+0.149*[#  13]+0.149*[#  33]+0.061*[#  10]+0.061*[#  30]
          +0.050*[#  11]+0.050*[#  24]+0.050*[#  32]+0.029*[#   6]+0.029*[#  16]
          +0.029*[#  26]+0.016*[#  23]+0.013*[#   2]+0.013*[#   3]+0.013*[#   4]
          +0.011*[#  12]+0.011*[#  14]+0.011*[#  21]+0.011*[#  22]+0.011*[#  31]
          +0.011*[#  34]
    |psi|^2 = 0.973
==== e(  17) =    12.54925 eV ==== 
     psi = 0.095*[#  11]+0.095*[#  24]+0.095*[#  32]+0.087*[#  23]+0.073*[#   2]
          +0.073*[#   3]+0.073*[#   4]+0.069*[#  10]+0.069*[#  30]+0.034*[#  13]
          +0.034*[#  33]+0.024*[#  12]+0.024*[#  14]+0.024*[#  21]+0.024*[#  22]
          +0.024*[#  31]+0.024*[#  34]+0.016*[#  20]+0.007*[#   6]+0.007*[#  16]
          +0.007*[#  26]+0.003*[#   1]
    |psi|^2 = 0.984
==== e(  18) =    12.83631 eV ==== 
     psi = 0.116*[#  12]+0.116*[#  14]+0.116*[#  21]+0.116*[#  22]+0.116*[#  31]
          +0.116*[#  34]+0.051*[#  23]+0.039*[#  10]+0.039*[#  30]+0.022*[#  11]
          +0.022*[#  24]+0.022*[#  32]+0.018*[#   6]+0.018*[#  16]+0.018*[#  26]
          +0.017*[#  13]+0.017*[#  33]+0.005*[#  20]
    |psi|^2 = 0.984
==== e(  19) =    13.01950 eV ==== 
     psi = 0.137*[#  12]+0.137*[#  14]+0.137*[#  21]+0.137*[#  22]+0.137*[#  31]
          +0.137*[#  34]+0.030*[#  11]+0.030*[#  24]+0.030*[#  32]+0.009*[#  23]
          +0.007*[#  10]+0.007*[#  30]+0.006*[#   2]+0.006*[#   3]+0.006*[#   4]
          +0.005*[#   6]+0.005*[#  16]+0.005*[#  26]+0.004*[#  13]+0.004*[#  33]
          +0.002*[#  20]
    |psi|^2 = 0.980
==== e(  20) =    13.33374 eV ==== 
     psi = 0.099*[#  12]+0.099*[#  14]+0.099*[#  21]+0.099*[#  22]+0.099*[#  31]
          +0.099*[#  34]+0.073*[#  11]+0.073*[#  24]+0.073*[#  32]+0.031*[#  23]
          +0.026*[#  10]+0.026*[#  30]+0.017*[#  13]+0.017*[#  33]+0.012*[#  20]
          +0.007*[#   2]+0.007*[#   3]+0.007*[#   4]+0.004*[#   6]+0.004*[#  16]
          +0.004*[#  26]
    |psi|^2 = 0.975
==== e(  21) =    13.47079 eV ==== 
     psi = 0.129*[#  23]+0.098*[#  10]+0.098*[#  30]+0.083*[#  12]+0.083*[#  14]
          +0.083*[#  21]+0.083*[#  22]+0.083*[#  31]+0.083*[#  34]+0.037*[#  13]
          +0.037*[#  33]+0.015*[#  11]+0.015*[#  24]+0.015*[#  32]+0.006*[#  20]
          +0.005*[#   6]+0.005*[#  16]+0.005*[#  26]+0.005*[#   2]+0.005*[#   3]
          +0.005*[#   4]
    |psi|^2 = 0.982
==== e(  22) =    13.73678 eV ==== 
     psi = 0.094*[#  23]+0.079*[#  10]+0.079*[#  30]+0.077*[#  12]+0.077*[#  14]
          +0.077*[#  21]+0.077*[#  22]+0.077*[#  31]+0.077*[#  34]+0.048*[#  13]
          +0.048*[#  33]+0.033*[#  20]+0.032*[#  11]+0.032*[#  24]+0.032*[#  32]
          +0.008*[#   6]+0.008*[#  16]+0.008*[#  26]+0.003*[#   2]+0.003*[#   3]
          +0.003*[#   4]
    |psi|^2 = 0.973
==== e(  23) =    14.34652 eV ==== 
     psi = 0.148*[#  11]+0.148*[#  24]+0.148*[#  32]+0.085*[#  20]+0.068*[#  13]
          +0.068*[#  33]+0.039*[#  12]+0.039*[#  14]+0.039*[#  21]+0.039*[#  22]
          +0.039*[#  31]+0.039*[#  34]+0.034*[#  10]+0.034*[#  30]+0.017*[#  23]
          +0.001*[#   1]
    |psi|^2 = 0.987
==== e(  24) =    14.49489 eV ==== 
     psi = 0.114*[#  23]+0.112*[#  10]+0.112*[#  30]+0.108*[#  13]+0.108*[#  33]
          +0.106*[#  20]+0.036*[#  12]+0.036*[#  14]+0.036*[#  21]+0.036*[#  22]
          +0.036*[#  31]+0.036*[#  34]+0.024*[#  11]+0.024*[#  24]+0.024*[#  32]
          +0.008*[#   6]+0.008*[#  16]+0.008*[#  26]+0.005*[#   1]+0.003*[#   2]
          +0.003*[#   3]+0.003*[#   4]
    |psi|^2 = 0.983
==== e(  25) =    14.52517 eV ==== 
     psi = 0.120*[#  11]+0.120*[#  24]+0.120*[#  32]+0.091*[#  23]+0.084*[#  10]
          +0.084*[#  30]+0.069*[#  13]+0.069*[#  33]+0.062*[#  20]+0.029*[#  12]
          +0.029*[#  14]+0.029*[#  21]+0.029*[#  22]+0.029*[#  31]+0.029*[#  34]
          
    |psi|^2 = 0.995
==== e(  26) =    14.61694 eV ==== 
     psi = 0.109*[#  23]+0.105*[#  11]+0.105*[#  24]+0.105*[#  32]+0.087*[#  10]
          +0.087*[#  30]+0.046*[#  12]+0.046*[#  14]+0.046*[#  21]+0.046*[#  22]
          +0.046*[#  31]+0.046*[#  34]+0.044*[#  13]+0.044*[#  33]+0.022*[#  20]
          +0.002*[#   6]+0.002*[#  16]+0.002*[#  26]+0.001*[#   2]+0.001*[#   3]
          +0.001*[#   4]
    |psi|^2 = 0.992
==== e(  27) =    14.82797 eV ==== 
     psi = 0.271*[#  20]+0.210*[#  13]+0.210*[#  33]+0.089*[#  10]+0.089*[#  30]
          +0.029*[#  23]+0.010*[#  12]+0.010*[#  14]+0.010*[#  21]+0.010*[#  22]
          +0.010*[#  31]+0.010*[#  34]+0.007*[#   6]+0.007*[#  16]+0.007*[#  26]
          +0.003*[#  11]+0.003*[#  24]+0.003*[#  32]+0.001*[#   1]
    |psi|^2 = 0.994
==== e(  28) =    15.23092 eV ==== 
     psi = 0.087*[#  20]+0.082*[#   1]+0.074*[#  11]+0.074*[#  24]+0.074*[#  32]
          +0.069*[#  13]+0.069*[#  33]+0.045*[#  12]+0.045*[#  14]+0.045*[#  21]
          +0.045*[#  22]+0.045*[#  31]+0.045*[#  34]+0.033*[#  10]+0.033*[#  30]
          +0.021*[#   6]+0.021*[#  16]+0.021*[#  26]+0.015*[#  23]+0.006*[#   2]
          +0.006*[#   3]+0.006*[#   4]
    |psi|^2 = 0.962
==== e(  29) =    15.37646 eV ==== 
     psi = 0.117*[#  12]+0.117*[#  14]+0.117*[#  21]+0.117*[#  22]+0.117*[#  31]
          +0.117*[#  34]+0.070*[#  23]+0.055*[#  10]+0.055*[#  30]+0.024*[#  13]
          +0.024*[#  33]+0.014*[#   1]+0.009*[#  11]+0.009*[#  24]+0.009*[#  32]
          +0.008*[#  20]+0.004*[#   6]+0.004*[#  16]+0.004*[#  26]
    |psi|^2 = 0.989
==== e(  30) =    17.08286 eV ==== 
     psi = 0.089*[#   2]+0.089*[#   3]+0.089*[#   4]+0.060*[#   1]+0.043*[#  12]
          +0.043*[#  14]+0.043*[#  21]+0.043*[#  22]+0.043*[#  31]+0.043*[#  34]
          +0.042*[#  23]+0.039*[#   6]+0.039*[#  16]+0.039*[#  26]+0.037*[#  10]
          +0.037*[#  30]+0.026*[#  13]+0.026*[#  33]+0.021*[#  20]+0.017*[#  11]
          +0.017*[#  24]+0.017*[#  32]
    |psi|^2 = 0.949
==== e(  31) =    18.58794 eV ==== 
     psi = 0.154*[#   2]+0.154*[#   3]+0.154*[#   4]+0.028*[#   6]+0.028*[#  16]
          +0.028*[#  26]+0.023*[#  23]+0.020*[#  10]+0.020*[#  30]+0.015*[#  11]
          +0.015*[#  24]+0.015*[#  32]+0.014*[#  12]+0.014*[#  14]+0.014*[#  21]
          +0.014*[#  22]+0.014*[#  31]+0.014*[#  34]+0.014*[#  13]+0.014*[#  33]
          +0.011*[#  20]+0.006*[#   1]+0.002*[#   5]+0.002*[#  15]+0.002*[#  25]
          
    |psi|^2 = 0.790
==== e(  32) =    19.98192 eV ==== 
     psi = 0.164*[#   1]+0.118*[#   6]+0.118*[#  16]+0.118*[#  26]+0.059*[#   2]
          +0.059*[#   3]+0.059*[#   4]+0.023*[#  11]+0.023*[#  24]+0.023*[#  32]
          +0.017*[#  12]+0.017*[#  14]+0.017*[#  21]+0.017*[#  22]+0.017*[#  31]
          +0.017*[#  34]+0.002*[#   5]+0.002*[#  15]+0.002*[#  25]+0.001*[#  20]
          +0.001*[#  13]+0.001*[#  33]
    |psi|^2 = 0.875
==== e(  33) =    22.01398 eV ==== 
     psi = 0.084*[#   6]+0.084*[#  16]+0.084*[#  26]+0.055*[#   2]+0.055*[#   3]
          +0.055*[#   4]+0.040*[#   1]+0.010*[#  11]+0.010*[#  24]+0.010*[#  32]
          +0.007*[#  12]+0.007*[#  14]+0.007*[#  21]+0.007*[#  22]+0.007*[#  31]
          +0.007*[#  34]+0.003*[#   5]+0.003*[#  15]+0.003*[#  25]+0.001*[#  10]
          +0.001*[#  13]+0.001*[#  20]+0.001*[#  23]+0.001*[#  30]+0.001*[#  33]
          
    |psi|^2 = 0.547
==== e(  34) =    24.39770 eV ==== 
     psi = 0.035*[#   1]+0.024*[#   6]+0.024*[#  16]+0.024*[#  26]+0.012*[#   2]
          +0.012*[#   3]+0.012*[#   4]+0.004*[#  11]+0.004*[#  24]+0.004*[#  32]
          +0.002*[#  12]+0.002*[#  14]+0.002*[#  21]+0.002*[#  22]+0.002*[#  31]
          +0.002*[#  34]+0.002*[#  23]+0.001*[#  10]+0.001*[#  30]
    |psi|^2 = 0.176
==== e(  35) =    24.83641 eV ==== 
     psi = 0.097*[#   2]+0.097*[#   3]+0.097*[#   4]+0.094*[#   6]+0.094*[#  16]
          +0.094*[#  26]+0.010*[#   1]+0.009*[#  11]+0.009*[#  24]+0.009*[#  32]
          +0.003*[#  20]+0.003*[#   5]+0.003*[#  13]+0.003*[#  15]+0.003*[#  25]
          +0.003*[#  33]+0.002*[#  10]+0.002*[#  30]+0.002*[#  23]+0.001*[#  12]
          +0.001*[#  14]+0.001*[#  21]+0.001*[#  22]+0.001*[#  31]+0.001*[#  34]
          
    |psi|^2 = 0.642

 k =   0.1250000000  0.2500000000 -0.5000000000
==== e(   1) =   -87.42998 eV ==== 
     psi = 0.317*[#   5]+0.317*[#  15]+0.317*[#  25]+0.016*[#   2]+0.016*[#   3]
          +0.016*[#   4]
    |psi|^2 = 1.000
==== e(   2) =   -87.42391 eV ==== 
     psi = 0.326*[#   5]+0.326*[#  15]+0.326*[#  25]+0.006*[#   2]+0.006*[#   3]
          +0.006*[#   4]+0.003*[#   1]
    |psi|^2 = 1.000
==== e(   3) =   -87.41784 eV ==== 
     psi = 0.330*[#   5]+0.330*[#  15]+0.330*[#  25]+0.003*[#   6]+0.003*[#  16]
          +0.003*[#  26]
    |psi|^2 = 1.000
==== e(   4) =   -47.86616 eV ==== 
     psi = 0.166*[#   7]+0.166*[#   8]+0.166*[#  18]+0.166*[#  19]+0.166*[#  27]
          +0.166*[#  29]+0.003*[#   1]
    |psi|^2 = 1.000
==== e(   5) =   -47.86285 eV ==== 
     psi = 0.141*[#   9]+0.141*[#  17]+0.141*[#  28]+0.096*[#   7]+0.096*[#   8]
          +0.096*[#  18]+0.096*[#  19]+0.096*[#  27]+0.096*[#  29]
    |psi|^2 = 1.000
==== e(   6) =   -47.84700 eV ==== 
     psi = 0.166*[#   7]+0.166*[#   8]+0.166*[#  18]+0.166*[#  19]+0.166*[#  27]
          +0.166*[#  29]+0.001*[#   2]+0.001*[#   3]+0.001*[#   4]
    |psi|^2 = 1.000
==== e(   7) =   -47.82829 eV ==== 
     psi = 0.119*[#   7]+0.119*[#   8]+0.119*[#  18]+0.119*[#  19]+0.119*[#  27]
          +0.119*[#  29]+0.094*[#   9]+0.094*[#  17]+0.094*[#  28]
    |psi|^2 = 1.000
==== e(   8) =   -47.81715 eV ==== 
     psi = 0.185*[#   9]+0.185*[#  17]+0.185*[#  28]+0.073*[#   7]+0.073*[#   8]
          +0.073*[#  18]+0.073*[#  19]+0.073*[#  27]+0.073*[#  29]
    |psi|^2 = 1.000
==== e(   9) =   -47.80582 eV ==== 
     psi = 0.166*[#   7]+0.166*[#   8]+0.166*[#  18]+0.166*[#  19]+0.166*[#  27]
          +0.166*[#  29]
    |psi|^2 = 1.000
==== e(  10) =   -47.78709 eV ==== 
     psi = 0.167*[#   7]+0.167*[#   8]+0.167*[#  18]+0.167*[#  19]+0.167*[#  27]
          +0.167*[#  29]
    |psi|^2 = 1.000
==== e(  11) =   -47.75910 eV ==== 
     psi = 0.268*[#   9]+0.268*[#  17]+0.268*[#  28]+0.033*[#   7]+0.033*[#   8]
          +0.033*[#  18]+0.033*[#  19]+0.033*[#  27]+0.033*[#  29]
    |psi|^2 = 1.000
==== e(  12) =   -47.74187 eV ==== 
     psi = 0.311*[#   9]+0.311*[#  17]+0.311*[#  28]+0.011*[#   7]+0.011*[#   8]
          +0.011*[#  18]+0.011*[#  19]+0.011*[#  27]+0.011*[#  29]
    |psi|^2 = 1.000
==== e(  13) =     8.79123 eV ==== 
     psi = 0.486*[#   1]+0.090*[#   6]+0.090*[#  16]+0.090*[#  26]+0.045*[#   2]
          +0.045*[#   3]+0.045*[#   4]+0.018*[#  11]+0.018*[#  24]+0.018*[#  32]
          +0.009*[#  20]+0.007*[#  13]+0.007*[#  33]+0.002*[#  10]+0.002*[#  30]
          +0.002*[#  12]+0.002*[#  14]+0.002*[#  21]+0.002*[#  22]+0.002*[#  31]
          +0.002*[#  34]+0.002*[#   5]+0.002*[#  15]+0.002*[#  25]
    |psi|^2 = 0.993
==== e(  14) =     9.64716 eV ==== 
     psi = 0.151*[#   2]+0.151*[#   3]+0.151*[#   4]+0.140*[#   6]+0.140*[#  16]
          +0.140*[#  26]+0.018*[#  23]+0.014*[#  10]+0.014*[#  30]+0.007*[#  12]
          +0.007*[#  14]+0.007*[#  21]+0.007*[#  22]+0.007*[#  31]+0.007*[#  34]
          +0.007*[#   5]+0.007*[#  15]+0.007*[#  25]+0.005*[#  13]+0.005*[#  33]
          
    |psi|^2 = 0.998
==== e(  15) =    11.85234 eV ==== 
     psi = 0.141*[#  11]+0.141*[#  24]+0.141*[#  32]+0.066*[#   1]+0.062*[#   2]
          +0.062*[#   3]+0.062*[#   4]+0.040*[#  12]+0.040*[#  14]+0.040*[#  21]
          +0.040*[#  22]+0.040*[#  31]+0.040*[#  34]+0.016*[#   6]+0.016*[#  16]
          +0.016*[#  26]+0.008*[#  23]+0.006*[#  10]+0.006*[#  30]+0.002*[#  13]
          +0.002*[#  33]
    |psi|^2 = 0.991
==== e(  16) =    12.47086 eV ==== 
     psi = 0.214*[#  20]+0.172*[#  13]+0.172*[#  33]+0.087*[#  10]+0.087*[#  30]
          +0.044*[#  23]+0.037*[#   6]+0.037*[#  16]+0.037*[#  26]+0.011*[#   2]
          +0.011*[#   3]+0.011*[#   4]+0.008*[#  12]+0.008*[#  14]+0.008*[#  21]
          +0.008*[#  22]+0.008*[#  31]+0.008*[#  34]
    |psi|^2 = 0.971
==== e(  17) =    12.64588 eV ==== 
     psi = 0.156*[#  11]+0.156*[#  24]+0.156*[#  32]+0.082*[#   2]+0.082*[#   3]
          +0.082*[#   4]+0.041*[#  23]+0.031*[#  10]+0.031*[#  30]+0.023*[#  12]
          +0.023*[#  14]+0.023*[#  21]+0.023*[#  22]+0.023*[#  31]+0.023*[#  34]
          +0.010*[#  13]+0.010*[#  33]+0.005*[#   1]
    |psi|^2 = 0.987
==== e(  18) =    12.95802 eV ==== 
     psi = 0.152*[#  12]+0.152*[#  14]+0.152*[#  21]+0.152*[#  22]+0.152*[#  31]
          +0.152*[#  34]+0.014*[#  20]+0.011*[#  13]+0.011*[#  33]+0.005*[#   6]
          +0.005*[#  16]+0.005*[#  26]+0.005*[#  10]+0.005*[#  30]+0.002*[#  23]
          
    |psi|^2 = 0.975
==== e(  19) =    13.07524 eV ==== 
     psi = 0.128*[#  12]+0.128*[#  14]+0.128*[#  21]+0.128*[#  22]+0.128*[#  31]
          +0.128*[#  34]+0.036*[#  23]+0.032*[#   6]+0.032*[#  16]+0.032*[#  26]
          +0.027*[#  10]+0.027*[#  30]+0.010*[#  13]+0.010*[#  33]+0.001*[#  20]
          
    |psi|^2 = 0.978
==== e(  20) =    13.27039 eV ==== 
     psi = 0.190*[#  23]+0.146*[#  10]+0.146*[#  30]+0.058*[#  13]+0.058*[#  33]
          +0.045*[#  12]+0.045*[#  14]+0.045*[#  21]+0.045*[#  22]+0.045*[#  31]
          +0.045*[#  34]+0.027*[#  11]+0.027*[#  24]+0.027*[#  32]+0.014*[#  20]
          +0.003*[#   2]+0.003*[#   3]+0.003*[#   4]+0.001*[#   6]+0.001*[#  16]
          +0.001*[#  26]
    |psi|^2 = 0.979
==== e(  21) =    13.59224 eV ==== 
     psi = 0.106*[#  12]+0.106*[#  14]+0.106*[#  21]+0.106*[#  22]+0.106*[#  31]
          +0.106*[#  34]+0.092*[#  23]+0.074*[#  10]+0.074*[#  30]+0.036*[#  13]
          +0.036*[#  33]+0.017*[#  20]+0.003*[#   2]+0.003*[#   3]+0.003*[#   4]
          
    |psi|^2 = 0.977
==== e(  22) =    13.60218 eV ==== 
     psi = 0.092*[#  11]+0.092*[#  24]+0.092*[#  32]+0.083*[#  12]+0.083*[#  14]
          +0.083*[#  21]+0.083*[#  22]+0.083*[#  31]+0.083*[#  34]+0.039*[#  20]
          +0.035*[#  13]+0.035*[#  33]+0.027*[#  10]+0.027*[#  30]+0.023*[#  23]
          +0.005*[#   1]+0.004*[#   2]+0.004*[#   3]+0.004*[#   4]
    |psi|^2 = 0.978
==== e(  23) =    14.26565 eV ==== 
     psi = 0.142*[#  11]+0.142*[#  24]+0.142*[#  32]+0.140*[#  20]+0.108*[#  13]
          +0.108*[#  33]+0.044*[#  10]+0.044*[#  30]+0.017*[#  12]+0.017*[#  14]
          +0.017*[#  21]+0.017*[#  22]+0.017*[#  31]+0.017*[#  34]+0.012*[#  23]
          
    |psi|^2 = 0.988
==== e(  24) =    14.36750 eV ==== 
     psi = 0.191*[#  23]+0.152*[#  10]+0.152*[#  30]+0.076*[#  13]+0.076*[#  33]
          +0.039*[#  12]+0.039*[#  14]+0.039*[#  21]+0.039*[#  22]+0.039*[#  31]
          +0.039*[#  34]+0.038*[#  20]+0.017*[#   6]+0.017*[#  16]+0.017*[#  26]
          +0.002*[#   2]+0.002*[#   3]+0.002*[#   4]
    |psi|^2 = 0.978
==== e(  25) =    14.51579 eV ==== 
     psi = 0.171*[#  23]+0.148*[#  10]+0.148*[#  30]+0.102*[#  13]+0.102*[#  33]
          +0.079*[#  20]+0.034*[#  12]+0.034*[#  14]+0.034*[#  21]+0.034*[#  22]
          +0.034*[#  31]+0.034*[#  34]+0.009*[#   6]+0.009*[#  16]+0.009*[#  26]
          
    |psi|^2 = 0.984
==== e(  26) =    14.61639 eV ==== 
     psi = 0.223*[#  11]+0.223*[#  24]+0.223*[#  32]+0.051*[#  12]+0.051*[#  14]
          +0.051*[#  21]+0.051*[#  22]+0.051*[#  31]+0.051*[#  34]+0.006*[#  23]
          +0.004*[#  10]+0.004*[#  30]+0.001*[#  13]+0.001*[#  33]
    |psi|^2 = 0.992
==== e(  27) =    14.81237 eV ==== 
     psi = 0.261*[#  20]+0.203*[#  13]+0.203*[#  33]+0.087*[#  10]+0.087*[#  30]
          +0.029*[#  23]+0.015*[#  12]+0.015*[#  14]+0.015*[#  21]+0.015*[#  22]
          +0.015*[#  31]+0.015*[#  34]+0.010*[#   6]+0.010*[#  16]+0.010*[#  26]
          
    |psi|^2 = 0.994
==== e(  28) =    14.98880 eV ==== 
     psi = 0.126*[#  20]+0.109*[#  11]+0.109*[#  24]+0.109*[#  32]+0.094*[#  13]
          +0.094*[#  33]+0.040*[#   1]+0.035*[#  12]+0.035*[#  14]+0.035*[#  21]
          +0.035*[#  22]+0.035*[#  31]+0.035*[#  34]+0.032*[#  10]+0.032*[#  30]
          +0.006*[#   6]+0.006*[#  16]+0.006*[#  26]+0.004*[#   2]+0.004*[#   3]
          +0.004*[#   4]
    |psi|^2 = 0.984
==== e(  29) =    15.31526 eV ==== 
     psi = 0.132*[#  12]+0.132*[#  14]+0.132*[#  21]+0.132*[#  22]+0.132*[#  31]
          +0.132*[#  34]+0.061*[#  23]+0.047*[#  10]+0.047*[#  30]+0.020*[#  13]
          +0.020*[#  33]+0.006*[#  20]+0.001*[#   6]+0.001*[#  16]+0.001*[#  26]
          
    |psi|^2 = 0.996
==== e(  30) =    17.76975 eV ==== 
     psi = 0.144*[#   2]+0.144*[#   3]+0.144*[#   4]+0.089*[#   1]+0.047*[#  23]
          +0.036*[#  10]+0.036*[#  30]+0.034*[#  11]+0.034*[#  24]+0.034*[#  32]
          +0.024*[#  12]+0.024*[#  14]+0.024*[#  21]+0.024*[#  22]+0.024*[#  31]
          +0.024*[#  34]+0.013*[#  13]+0.013*[#  33]+0.007*[#   6]+0.007*[#  16]
          +0.007*[#  26]+0.002*[#  20]
    |psi|^2 = 0.934
==== e(  31) =    18.01706 eV ==== 
     psi = 0.110*[#   6]+0.110*[#  16]+0.110*[#  26]+0.072*[#   2]+0.072*[#   3]
          +0.072*[#   4]+0.025*[#  20]+0.024*[#  12]+0.024*[#  14]+0.024*[#  21]
          +0.024*[#  22]+0.024*[#  31]+0.024*[#  34]+0.023*[#  13]+0.023*[#  33]
          +0.018*[#  10]+0.018*[#  30]+0.016*[#  23]+0.004*[#   5]+0.004*[#  15]
          +0.004*[#  25]
    |psi|^2 = 0.830
==== e(  32) =    20.34314 eV ==== 
     psi = 0.236*[#   1]+0.128*[#   2]+0.128*[#   3]+0.128*[#   4]+0.042*[#   6]
          +0.042*[#  16]+0.042*[#  26]+0.037*[#  11]+0.037*[#  24]+0.037*[#  32]
          +0.010*[#  12]+0.010*[#  14]+0.010*[#  21]+0.010*[#  22]+0.010*[#  31]
          +0.010*[#  34]+0.002*[#  23]+0.002*[#  10]+0.002*[#  30]
    |psi|^2 = 0.922
==== e(  33) =    20.90656 eV ==== 
     psi = 0.141*[#   6]+0.141*[#  16]+0.141*[#  26]+0.018*[#   2]+0.018*[#   3]
          +0.018*[#   4]+0.015*[#  12]+0.015*[#  14]+0.015*[#  21]+0.015*[#  22]
          +0.015*[#  31]+0.015*[#  34]+0.003*[#   5]+0.003*[#  15]+0.003*[#  20]
          +0.003*[#  25]+0.003*[#  13]+0.003*[#  33]+0.002*[#  10]+0.002*[#  30]
          +0.001*[#  23]
    |psi|^2 = 0.590
==== e(  34) =    24.78270 eV ==== 
     psi = 0.035*[#   1]+0.011*[#   2]+0.011*[#   3]+0.011*[#   4]+0.005*[#   6]
          +0.005*[#  16]+0.005*[#  26]+0.004*[#  11]+0.004*[#  24]+0.004*[#  32]
          +0.001*[#  23]+0.001*[#  10]+0.001*[#  12]+0.001*[#  14]+0.001*[#  21]
          +0.001*[#  22]+0.001*[#  30]+0.001*[#  31]+0.001*[#  34]
    |psi|^2 = 0.107
==== e(  35) =    25.44606 eV ==== 
     psi = 0.108*[#   2]+0.108*[#   3]+0.108*[#   4]+0.077*[#   6]+0.077*[#  16]
          +0.077*[#  26]+0.013*[#  11]+0.013*[#  24]+0.013*[#  32]+0.003*[#   5]
          +0.003*[#  15]+0.003*[#  25]+0.001*[#  12]+0.001*[#  14]+0.001*[#  21]
          +0.001*[#  22]+0.001*[#  31]+0.001*[#  34]
    |psi|^2 = 0.616

 k =   0.1250000000  0.3750000000  0.3750000000
==== e(   1) =   -87.42929 eV ==== 
     psi = 0.321*[#   5]+0.321*[#  15]+0.321*[#  25]+0.012*[#   2]+0.012*[#   3]
          +0.012*[#   4]
    |psi|^2 = 1.000
==== e(   2) =   -87.42254 eV ==== 
     psi = 0.324*[#   5]+0.324*[#  15]+0.324*[#  25]+0.007*[#   2]+0.007*[#   3]
          +0.007*[#   4]+0.002*[#   6]+0.002*[#  16]+0.002*[#  26]
    |psi|^2 = 1.000
==== e(   3) =   -87.41990 eV ==== 
     psi = 0.331*[#   5]+0.331*[#  15]+0.331*[#  25]+0.002*[#   6]+0.002*[#  16]
          +0.002*[#  26]
    |psi|^2 = 1.000
==== e(   4) =   -47.87627 eV ==== 
     psi = 0.151*[#   7]+0.151*[#   8]+0.151*[#  18]+0.151*[#  19]+0.151*[#  27]
          +0.151*[#  29]+0.031*[#   9]+0.031*[#  17]+0.031*[#  28]+0.003*[#   1]
          
    |psi|^2 = 1.000
==== e(   5) =   -47.86065 eV ==== 
     psi = 0.119*[#   9]+0.119*[#  17]+0.119*[#  28]+0.107*[#   7]+0.107*[#   8]
          +0.107*[#  18]+0.107*[#  19]+0.107*[#  27]+0.107*[#  29]
    |psi|^2 = 1.000
==== e(   6) =   -47.84638 eV ==== 
     psi = 0.164*[#   7]+0.164*[#   8]+0.164*[#  18]+0.164*[#  19]+0.164*[#  27]
          +0.164*[#  29]+0.004*[#   9]+0.004*[#  17]+0.004*[#  28]+0.002*[#   2]
          +0.002*[#   3]+0.002*[#   4]
    |psi|^2 = 1.000
==== e(   7) =   -47.83053 eV ==== 
     psi = 0.180*[#   9]+0.180*[#  17]+0.180*[#  28]+0.076*[#   7]+0.076*[#   8]
          +0.076*[#  18]+0.076*[#  19]+0.076*[#  27]+0.076*[#  29]
    |psi|^2 = 1.000
==== e(   8) =   -47.81433 eV ==== 
     psi = 0.137*[#   7]+0.137*[#   8]+0.137*[#  18]+0.137*[#  19]+0.137*[#  27]
          +0.137*[#  29]+0.059*[#   9]+0.059*[#  17]+0.059*[#  28]
    |psi|^2 = 1.000
==== e(   9) =   -47.80839 eV ==== 
     psi = 0.162*[#   7]+0.162*[#   8]+0.162*[#  18]+0.162*[#  19]+0.162*[#  27]
          +0.162*[#  29]+0.008*[#   9]+0.008*[#  17]+0.008*[#  28]
    |psi|^2 = 1.000
==== e(  10) =   -47.78025 eV ==== 
     psi = 0.165*[#   7]+0.165*[#   8]+0.165*[#  18]+0.165*[#  19]+0.165*[#  27]
          +0.165*[#  29]+0.004*[#   9]+0.004*[#  17]+0.004*[#  28]
    |psi|^2 = 1.000
==== e(  11) =   -47.76368 eV ==== 
     psi = 0.277*[#   9]+0.277*[#  17]+0.277*[#  28]+0.028*[#   7]+0.028*[#   8]
          +0.028*[#  18]+0.028*[#  19]+0.028*[#  27]+0.028*[#  29]
    |psi|^2 = 1.000
==== e(  12) =   -47.73612 eV ==== 
     psi = 0.317*[#   9]+0.317*[#  17]+0.317*[#  28]+0.008*[#   7]+0.008*[#   8]
          +0.008*[#  18]+0.008*[#  19]+0.008*[#  27]+0.008*[#  29]
    |psi|^2 = 1.000
==== e(  13) =     8.77940 eV ==== 
     psi = 0.362*[#   1]+0.099*[#   6]+0.099*[#  16]+0.099*[#  26]+0.077*[#   2]
          +0.077*[#   3]+0.077*[#   4]+0.018*[#  11]+0.018*[#  24]+0.018*[#  32]
          +0.004*[#   5]+0.004*[#  15]+0.004*[#  25]+0.004*[#  20]+0.003*[#  12]
          +0.003*[#  14]+0.003*[#  21]+0.003*[#  22]+0.003*[#  31]+0.003*[#  34]
          +0.003*[#  13]+0.003*[#  33]+0.002*[#  10]+0.002*[#  30]
    |psi|^2 = 0.994
==== e(  14) =    10.98490 eV ==== 
     psi = 0.230*[#   1]+0.087*[#  11]+0.087*[#  24]+0.087*[#  32]+0.060*[#   2]
          +0.060*[#   3]+0.060*[#   4]+0.054*[#   6]+0.054*[#  16]+0.054*[#  26]
          +0.016*[#  12]+0.016*[#  14]+0.016*[#  21]+0.016*[#  22]+0.016*[#  31]
          +0.016*[#  34]+0.010*[#  23]+0.009*[#  10]+0.009*[#  30]+0.007*[#  13]
          +0.007*[#  33]+0.006*[#  20]+0.002*[#   5]+0.002*[#  15]+0.002*[#  25]
          
    |psi|^2 = 0.984
==== e(  15) =    11.00060 eV ==== 
     psi = 0.152*[#   2]+0.152*[#   3]+0.152*[#   4]+0.078*[#   6]+0.078*[#  16]
          +0.078*[#  26]+0.033*[#  23]+0.028*[#  12]+0.028*[#  14]+0.028*[#  21]
          +0.028*[#  22]+0.028*[#  31]+0.028*[#  34]+0.027*[#  10]+0.027*[#  30]
          +0.015*[#  13]+0.015*[#  33]+0.010*[#  20]+0.002*[#   5]+0.002*[#  15]
          +0.002*[#  25]
    |psi|^2 = 0.997
==== e(  16) =    12.43526 eV ==== 
     psi = 0.088*[#  20]+0.078*[#   6]+0.078*[#  16]+0.078*[#  26]+0.066*[#  13]
          +0.066*[#  33]+0.062*[#  11]+0.062*[#  24]+0.062*[#  32]+0.039*[#  12]
          +0.039*[#  14]+0.039*[#  21]+0.039*[#  22]+0.039*[#  31]+0.039*[#  34]
          +0.023*[#  10]+0.023*[#  30]+0.018*[#   2]+0.018*[#   3]+0.018*[#   4]
          +0.001*[#   1]+0.001*[#  23]
    |psi|^2 = 0.973
==== e(  17) =    12.61076 eV ==== 
     psi = 0.138*[#  11]+0.138*[#  24]+0.138*[#  32]+0.065*[#   2]+0.065*[#   3]
          +0.065*[#   4]+0.033*[#  23]+0.032*[#  10]+0.032*[#  30]+0.031*[#  13]
          +0.031*[#  33]+0.030*[#  20]+0.028*[#  12]+0.028*[#  14]+0.028*[#  21]
          +0.028*[#  22]+0.028*[#  31]+0.028*[#  34]+0.009*[#   1]+0.004*[#   6]
          +0.004*[#  16]+0.004*[#  26]
    |psi|^2 = 0.988
==== e(  18) =    12.90018 eV ==== 
     psi = 0.085*[#  20]+0.081*[#  13]+0.081*[#  33]+0.074*[#  12]+0.074*[#  14]
          +0.074*[#  21]+0.074*[#  22]+0.074*[#  31]+0.074*[#  34]+0.073*[#  10]
          +0.073*[#  30]+0.068*[#  23]+0.012*[#  11]+0.012*[#  24]+0.012*[#  32]
          +0.010*[#   6]+0.010*[#  16]+0.010*[#  26]+0.003*[#   2]+0.003*[#   3]
          +0.003*[#   4]
    |psi|^2 = 0.979
==== e(  19) =    13.17076 eV ==== 
     psi = 0.117*[#  12]+0.117*[#  14]+0.117*[#  21]+0.117*[#  22]+0.117*[#  31]
          +0.117*[#  34]+0.040*[#  11]+0.040*[#  24]+0.040*[#  32]+0.023*[#  23]
          +0.019*[#  10]+0.019*[#  30]+0.012*[#   6]+0.012*[#  16]+0.012*[#  26]
          +0.011*[#  13]+0.011*[#  33]+0.006*[#  20]+0.006*[#   2]+0.006*[#   3]
          +0.006*[#   4]
    |psi|^2 = 0.966
==== e(  20) =    13.18453 eV ==== 
     psi = 0.097*[#  23]+0.089*[#  12]+0.089*[#  14]+0.089*[#  21]+0.089*[#  22]
          +0.089*[#  31]+0.089*[#  34]+0.081*[#  10]+0.081*[#  30]+0.050*[#  13]
          +0.050*[#  33]+0.034*[#  20]+0.007*[#   2]+0.007*[#   3]+0.007*[#   4]
          +0.006*[#  11]+0.006*[#  24]+0.006*[#  32]+0.005*[#   6]+0.005*[#  16]
          +0.005*[#  26]
    |psi|^2 = 0.984
==== e(  21) =    13.49224 eV ==== 
     psi = 0.116*[#  12]+0.116*[#  14]+0.116*[#  21]+0.116*[#  22]+0.116*[#  31]
          +0.116*[#  34]+0.074*[#  23]+0.056*[#  10]+0.056*[#  30]+0.019*[#  13]
          +0.019*[#  33]+0.016*[#  11]+0.016*[#  24]+0.016*[#  32]+0.005*[#   2]
          +0.005*[#   3]+0.005*[#   4]
    |psi|^2 = 0.985
==== e(  22) =    13.74539 eV ==== 
     psi = 0.090*[#  12]+0.090*[#  14]+0.090*[#  21]+0.090*[#  22]+0.090*[#  23]
          +0.090*[#  31]+0.090*[#  34]+0.075*[#  10]+0.075*[#  30]+0.044*[#  13]
          +0.044*[#  33]+0.029*[#  20]+0.018*[#  11]+0.018*[#  24]+0.018*[#  32]
          +0.005*[#   6]+0.005*[#  16]+0.005*[#  26]+0.002*[#   2]+0.002*[#   3]
          +0.002*[#   4]+0.001*[#   1]
    |psi|^2 = 0.975
==== e(  23) =    14.32105 eV ==== 
     psi = 0.248*[#  23]+0.188*[#  10]+0.188*[#  30]+0.070*[#  13]+0.070*[#  33]
          +0.035*[#  12]+0.035*[#  14]+0.035*[#  21]+0.035*[#  22]+0.035*[#  31]
          +0.035*[#  34]+0.011*[#  20]+0.002*[#  11]+0.002*[#  24]+0.002*[#  32]
          +0.002*[#   2]+0.002*[#   3]+0.002*[#   4]
    |psi|^2 = 0.995
==== e(  24) =    14.39599 eV ==== 
     psi = 0.112*[#  20]+0.089*[#  13]+0.089*[#  33]+0.085*[#  11]+0.085*[#  24]
          +0.085*[#  32]+0.053*[#  12]+0.053*[#  14]+0.053*[#  21]+0.053*[#  22]
          +0.053*[#  31]+0.053*[#  34]+0.042*[#  10]+0.042*[#  30]+0.019*[#  23]
          +0.003*[#   6]+0.003*[#  16]+0.003*[#  26]+0.001*[#   2]+0.001*[#   3]
          +0.001*[#   4]
    |psi|^2 = 0.977
==== e(  25) =    14.44862 eV ==== 
     psi = 0.228*[#  20]+0.187*[#  13]+0.187*[#  33]+0.105*[#  10]+0.105*[#  30]
          +0.064*[#  23]+0.028*[#  11]+0.028*[#  24]+0.028*[#  32]+0.006*[#  12]
          +0.006*[#  14]+0.006*[#  21]+0.006*[#  22]+0.006*[#  31]+0.006*[#  34]
          
    |psi|^2 = 0.995
==== e(  26) =    14.63649 eV ==== 
     psi = 0.274*[#  11]+0.274*[#  24]+0.274*[#  32]+0.018*[#  12]+0.018*[#  14]
          +0.018*[#  21]+0.018*[#  22]+0.018*[#  31]+0.018*[#  34]+0.013*[#  20]
          +0.012*[#  13]+0.012*[#  33]+0.009*[#  10]+0.009*[#  30]+0.008*[#  23]
          
    |psi|^2 = 0.998
==== e(  27) =    14.71031 eV ==== 
     psi = 0.202*[#  20]+0.161*[#  13]+0.161*[#  33]+0.079*[#  10]+0.079*[#  30]
          +0.039*[#   6]+0.039*[#  16]+0.039*[#  26]+0.037*[#  23]+0.020*[#  12]
          +0.020*[#  14]+0.020*[#  21]+0.020*[#  22]+0.020*[#  31]+0.020*[#  34]
          +0.005*[#  11]+0.005*[#  24]+0.005*[#  32]+0.001*[#   1]
    |psi|^2 = 0.978
==== e(  28) =    15.16978 eV ==== 
     psi = 0.127*[#  12]+0.127*[#  14]+0.127*[#  21]+0.127*[#  22]+0.127*[#  31]
          +0.127*[#  34]+0.070*[#  23]+0.053*[#  10]+0.053*[#  30]+0.019*[#  13]
          +0.019*[#  33]+0.003*[#  11]+0.003*[#  24]+0.003*[#  32]+0.002*[#  20]
          +0.002*[#   2]+0.002*[#   3]+0.002*[#   4]
    |psi|^2 = 0.998
==== e(  29) =    15.21871 eV ==== 
     psi = 0.128*[#  11]+0.128*[#  24]+0.128*[#  32]+0.124*[#   1]+0.078*[#  20]
          +0.061*[#  13]+0.061*[#  33]+0.030*[#   6]+0.030*[#  16]+0.030*[#  26]
          +0.027*[#  10]+0.027*[#  30]+0.010*[#  12]+0.010*[#  14]+0.010*[#  21]
          +0.010*[#  22]+0.010*[#  31]+0.010*[#  34]+0.010*[#  23]+0.007*[#   2]
          +0.007*[#   3]+0.007*[#   4]
    |psi|^2 = 0.946
==== e(  30) =    16.47560 eV ==== 
     psi = 0.070*[#  12]+0.070*[#  14]+0.070*[#  21]+0.070*[#  22]+0.070*[#  31]
          +0.070*[#  34]+0.068*[#  23]+0.066*[#   2]+0.066*[#   3]+0.066*[#   4]
          +0.059*[#  10]+0.059*[#  30]+0.043*[#  13]+0.043*[#  33]+0.034*[#  20]
          +0.022*[#   6]+0.022*[#  16]+0.022*[#  26]+0.002*[#  11]+0.002*[#  24]
          +0.002*[#  32]
    |psi|^2 = 0.995
==== e(  31) =    17.59489 eV ==== 
     psi = 0.108*[#   2]+0.108*[#   3]+0.108*[#   4]+0.059*[#   6]+0.059*[#  16]
          +0.059*[#  26]+0.036*[#  23]+0.031*[#  10]+0.031*[#  30]+0.030*[#   1]
          +0.027*[#  12]+0.027*[#  14]+0.027*[#  21]+0.027*[#  22]+0.027*[#  31]
          +0.027*[#  34]+0.020*[#  13]+0.020*[#  33]+0.016*[#  11]+0.016*[#  24]
          +0.016*[#  32]+0.015*[#  20]+0.002*[#   5]+0.002*[#  15]+0.002*[#  25]
          
    |psi|^2 = 0.906
==== e(  32) =    20.30714 eV ==== 
     psi = 0.159*[#   1]+0.095*[#   2]+0.095*[#   3]+0.095*[#   4]+0.079*[#   6]
          +0.079*[#  16]+0.079*[#  26]+0.027*[#  11]+0.027*[#  24]+0.027*[#  32]
          +0.014*[#  12]+0.014*[#  14]+0.014*[#  21]+0.014*[#  22]+0.014*[#  31]
          +0.014*[#  34]+0.001*[#  10]+0.002*[#  23]+0.001*[#  30]+0.001*[#  13]
          +0.001*[#  20]+0.001*[#  33]
    |psi|^2 = 0.856
==== e(  33) =    22.77453 eV ==== 
     psi = 0.119*[#   6]+0.119*[#  16]+0.119*[#  26]+0.040*[#   2]+0.040*[#   3]
          +0.040*[#   4]+0.009*[#  12]+0.009*[#  14]+0.009*[#  21]+0.009*[#  22]
          +0.009*[#  31]+0.009*[#  34]+0.003*[#   5]+0.003*[#  15]+0.003*[#  25]
          +0.001*[#  11]+0.001*[#  24]+0.001*[#  32]
    |psi|^2 = 0.544
==== e(  34) =    22.96100 eV ==== 
     psi = 0.073*[#   2]+0.073*[#   3]+0.073*[#   4]+0.049*[#   1]+0.027*[#   6]
          +0.027*[#  16]+0.027*[#  26]+0.018*[#  11]+0.018*[#  24]+0.018*[#  32]
          +0.004*[#  12]+0.004*[#  14]+0.004*[#  21]+0.004*[#  22]+0.004*[#  31]
          +0.004*[#  34]+0.001*[#  20]+0.001*[#   5]+0.001*[#  15]+0.001*[#  25]
          +0.001*[#  13]+0.001*[#  33]
    |psi|^2 = 0.431
==== e(  35) =    25.19833 eV ==== 
     psi = 0.046*[#   2]+0.046*[#   3]+0.046*[#   4]+0.043*[#   6]+0.043*[#  16]
          +0.043*[#  26]+0.016*[#   1]+0.006*[#  11]+0.006*[#  24]+0.006*[#  32]
          +0.002*[#  20]+0.002*[#  13]+0.002*[#  33]+0.002*[#  10]+0.002*[#  30]
          +0.002*[#  23]+0.001*[#   5]+0.001*[#  15]+0.001*[#  25]
    |psi|^2 = 0.319

 k =   0.1250000000  0.3750000000 -0.5000000000
==== e(   1) =   -87.42718 eV ==== 
     psi = 0.323*[#   5]+0.323*[#  15]+0.323*[#  25]+0.010*[#   2]+0.010*[#   3]
          +0.010*[#   4]
    |psi|^2 = 1.000
==== e(   2) =   -87.42391 eV ==== 
     psi = 0.324*[#   5]+0.324*[#  15]+0.324*[#  25]+0.008*[#   2]+0.008*[#   3]
          +0.008*[#   4]+0.001*[#   6]+0.001*[#  16]+0.001*[#  26]
    |psi|^2 = 1.000
==== e(   3) =   -87.42063 eV ==== 
     psi = 0.330*[#   5]+0.330*[#  15]+0.330*[#  25]+0.002*[#   6]+0.002*[#  16]
          +0.002*[#  26]+0.001*[#   2]+0.001*[#   3]+0.001*[#   4]
    |psi|^2 = 1.000
==== e(   4) =   -47.87752 eV ==== 
     psi = 0.166*[#   7]+0.166*[#   8]+0.166*[#  18]+0.166*[#  19]+0.166*[#  27]
          +0.166*[#  29]+0.003*[#   1]
    |psi|^2 = 1.000
==== e(   5) =   -47.85958 eV ==== 
     psi = 0.179*[#   9]+0.179*[#  17]+0.179*[#  28]+0.077*[#   7]+0.077*[#   8]
          +0.077*[#  18]+0.077*[#  19]+0.077*[#  27]+0.077*[#  29]
    |psi|^2 = 1.000
==== e(   6) =   -47.84742 eV ==== 
     psi = 0.166*[#   7]+0.166*[#   8]+0.166*[#  18]+0.166*[#  19]+0.166*[#  27]
          +0.166*[#  29]+0.001*[#   2]+0.001*[#   3]+0.001*[#   4]
    |psi|^2 = 1.000
==== e(   7) =   -47.83607 eV ==== 
     psi = 0.156*[#   9]+0.156*[#  17]+0.156*[#  28]+0.088*[#   7]+0.088*[#   8]
          +0.088*[#  18]+0.088*[#  19]+0.088*[#  27]+0.088*[#  29]
    |psi|^2 = 1.000
==== e(   8) =   -47.81246 eV ==== 
     psi = 0.146*[#   7]+0.146*[#   8]+0.146*[#  18]+0.146*[#  19]+0.146*[#  27]
          +0.146*[#  29]+0.040*[#   9]+0.040*[#  17]+0.040*[#  28]
    |psi|^2 = 1.000
==== e(   9) =   -47.80550 eV ==== 
     psi = 0.166*[#   7]+0.166*[#   8]+0.166*[#  18]+0.166*[#  19]+0.166*[#  27]
          +0.166*[#  29]
    |psi|^2 = 1.000
==== e(  10) =   -47.77616 eV ==== 
     psi = 0.167*[#   7]+0.167*[#   8]+0.167*[#  18]+0.167*[#  19]+0.167*[#  27]
          +0.167*[#  29]
    |psi|^2 = 1.000
==== e(  11) =   -47.76753 eV ==== 
     psi = 0.296*[#   9]+0.296*[#  17]+0.296*[#  28]+0.019*[#   7]+0.019*[#   8]
          +0.019*[#  18]+0.019*[#  19]+0.019*[#  27]+0.019*[#  29]
    |psi|^2 = 1.000
==== e(  12) =   -47.73480 eV ==== 
     psi = 0.327*[#   9]+0.327*[#  17]+0.327*[#  28]+0.003*[#   7]+0.003*[#   8]
          +0.003*[#  18]+0.003*[#  19]+0.003*[#  27]+0.003*[#  29]
    |psi|^2 = 1.000
==== e(  13) =     9.42666 eV ==== 
     psi = 0.512*[#   1]+0.050*[#   6]+0.050*[#  16]+0.050*[#  26]+0.049*[#   2]
          +0.049*[#   3]+0.049*[#   4]+0.045*[#  11]+0.045*[#  24]+0.045*[#  32]
          +0.005*[#  20]+0.004*[#  13]+0.004*[#  33]+0.003*[#  12]+0.003*[#  14]
          +0.003*[#  21]+0.003*[#  22]+0.003*[#  31]+0.003*[#  34]+0.002*[#  10]
          +0.002*[#  30]+0.001*[#   5]+0.001*[#  15]+0.001*[#  25]
    |psi|^2 = 0.989
==== e(  14) =    10.31336 eV ==== 
     psi = 0.149*[#   2]+0.149*[#   3]+0.149*[#   4]+0.121*[#   6]+0.121*[#  16]
          +0.121*[#  26]+0.020*[#  12]+0.020*[#  14]+0.020*[#  21]+0.020*[#  22]
          +0.020*[#  31]+0.020*[#  34]+0.015*[#  23]+0.012*[#  10]+0.012*[#  30]
          +0.006*[#  13]+0.006*[#  33]+0.004*[#   5]+0.004*[#  15]+0.004*[#  25]
          +0.003*[#  20]
    |psi|^2 = 0.997
==== e(  15) =    11.24501 eV ==== 
     psi = 0.103*[#   1]+0.100*[#   2]+0.100*[#   3]+0.100*[#   4]+0.073*[#  11]
          +0.073*[#  24]+0.073*[#  32]+0.039*[#   6]+0.039*[#  16]+0.039*[#  26]
          +0.033*[#  12]+0.033*[#  14]+0.033*[#  21]+0.033*[#  22]+0.033*[#  31]
          +0.033*[#  34]+0.013*[#  23]+0.010*[#  10]+0.010*[#  30]+0.005*[#  13]
          +0.005*[#  33]+0.002*[#  20]+0.001*[#   5]+0.001*[#  15]+0.001*[#  25]
          
    |psi|^2 = 0.991
==== e(  16) =    12.36662 eV ==== 
     psi = 0.116*[#   6]+0.116*[#  16]+0.116*[#  26]+0.084*[#  20]+0.064*[#  13]
          +0.064*[#  33]+0.053*[#  12]+0.053*[#  14]+0.053*[#  21]+0.053*[#  22]
          +0.053*[#  31]+0.053*[#  34]+0.025*[#  10]+0.025*[#  30]+0.010*[#   2]
          +0.010*[#   3]+0.010*[#   4]+0.005*[#  23]
    |psi|^2 = 0.968
==== e(  17) =    12.62556 eV ==== 
     psi = 0.225*[#  11]+0.225*[#  24]+0.225*[#  32]+0.073*[#   2]+0.073*[#   3]
          +0.073*[#   4]+0.016*[#   1]+0.012*[#  23]+0.009*[#  10]+0.009*[#  30]
          +0.007*[#  12]+0.007*[#  14]+0.007*[#  21]+0.007*[#  22]+0.007*[#  31]
          +0.007*[#  34]+0.003*[#  13]+0.003*[#  33]
    |psi|^2 = 0.993
==== e(  18) =    13.01821 eV ==== 
     psi = 0.087*[#  10]+0.087*[#  23]+0.087*[#  30]+0.086*[#  13]+0.086*[#  20]
          +0.086*[#  33]+0.070*[#  12]+0.070*[#  14]+0.070*[#  21]+0.070*[#  22]
          +0.070*[#  31]+0.070*[#  34]+0.008*[#   6]+0.008*[#  16]+0.008*[#  26]
          +0.006*[#   2]+0.006*[#   3]+0.006*[#   4]
    |psi|^2 = 0.981
==== e(  19) =    13.14561 eV ==== 
     psi = 0.130*[#  12]+0.130*[#  14]+0.130*[#  21]+0.130*[#  22]+0.130*[#  31]
          +0.130*[#  34]+0.021*[#  20]+0.020*[#   6]+0.020*[#  16]+0.020*[#  26]
          +0.019*[#  13]+0.019*[#  33]+0.015*[#  10]+0.015*[#  30]+0.014*[#  23]
          +0.003*[#   2]+0.003*[#   3]+0.003*[#   4]
    |psi|^2 = 0.952
==== e(  20) =    13.19495 eV ==== 
     psi = 0.137*[#  23]+0.113*[#  10]+0.113*[#  30]+0.066*[#  13]+0.066*[#  33]
          +0.061*[#  12]+0.061*[#  14]+0.061*[#  21]+0.061*[#  22]+0.061*[#  31]
          +0.061*[#  34]+0.042*[#  20]+0.013*[#  11]+0.013*[#  24]+0.013*[#  32]
          +0.012*[#   2]+0.012*[#   3]+0.012*[#   4]+0.003*[#   6]+0.003*[#  16]
          +0.003*[#  26]
    |psi|^2 = 0.990
==== e(  21) =    13.65794 eV ==== 
     psi = 0.118*[#  12]+0.118*[#  14]+0.118*[#  21]+0.118*[#  22]+0.118*[#  31]
          +0.118*[#  34]+0.069*[#  23]+0.056*[#  10]+0.056*[#  30]+0.029*[#  13]
          +0.029*[#  33]+0.016*[#  20]+0.004*[#   2]+0.004*[#   3]+0.004*[#   4]
          
    |psi|^2 = 0.979
==== e(  22) =    13.66658 eV ==== 
     psi = 0.114*[#  12]+0.114*[#  14]+0.114*[#  21]+0.114*[#  22]+0.114*[#  31]
          +0.114*[#  34]+0.051*[#  23]+0.042*[#  10]+0.042*[#  30]+0.026*[#  11]
          +0.026*[#  24]+0.026*[#  32]+0.024*[#  13]+0.024*[#  33]+0.015*[#  20]
          +0.005*[#   2]+0.005*[#   3]+0.005*[#   4]+0.003*[#   1]
    |psi|^2 = 0.978
==== e(  23) =    14.22155 eV ==== 
     psi = 0.254*[#  23]+0.192*[#  10]+0.192*[#  30]+0.067*[#  13]+0.067*[#  33]
          +0.035*[#  12]+0.035*[#  14]+0.035*[#  21]+0.035*[#  22]+0.035*[#  31]
          +0.035*[#  34]+0.005*[#  20]+0.001*[#   6]+0.001*[#  16]+0.001*[#  26]
          
    |psi|^2 = 0.994
==== e(  24) =    14.33090 eV ==== 
     psi = 0.177*[#  20]+0.144*[#  13]+0.144*[#  33]+0.077*[#  10]+0.077*[#  30]
          +0.066*[#  11]+0.066*[#  24]+0.066*[#  32]+0.044*[#  23]+0.020*[#  12]
          +0.020*[#  14]+0.020*[#  21]+0.020*[#  22]+0.020*[#  31]+0.020*[#  34]
          +0.001*[#   2]+0.001*[#   3]+0.001*[#   4]
    |psi|^2 = 0.986
==== e(  25) =    14.48643 eV ==== 
     psi = 0.204*[#  20]+0.171*[#  13]+0.171*[#  33]+0.105*[#  10]+0.105*[#  30]
          +0.072*[#  23]+0.022*[#  12]+0.022*[#  14]+0.022*[#  21]+0.022*[#  22]
          +0.022*[#  31]+0.022*[#  34]+0.007*[#   6]+0.007*[#  16]+0.007*[#  26]
          
    |psi|^2 = 0.985
==== e(  26) =    14.61720 eV ==== 
     psi = 0.199*[#  20]+0.155*[#  13]+0.155*[#  33]+0.069*[#  10]+0.069*[#  30]
          +0.062*[#   6]+0.062*[#  16]+0.062*[#  26]+0.025*[#  23]+0.020*[#  12]
          +0.020*[#  14]+0.020*[#  21]+0.020*[#  22]+0.020*[#  31]+0.020*[#  34]
          
    |psi|^2 = 0.979
==== e(  27) =    14.66760 eV ==== 
     psi = 0.300*[#  11]+0.300*[#  24]+0.300*[#  32]+0.014*[#  12]+0.014*[#  14]
          +0.014*[#  21]+0.014*[#  22]+0.014*[#  31]+0.014*[#  34]+0.003*[#  23]
          +0.002*[#  10]+0.002*[#  30]+0.002*[#  13]+0.002*[#  33]+0.001*[#  20]
          
    |psi|^2 = 0.997
==== e(  28) =    15.04762 eV ==== 
     psi = 0.171*[#  11]+0.171*[#  24]+0.171*[#  32]+0.096*[#   1]+0.071*[#  20]
          +0.053*[#  13]+0.053*[#  33]+0.018*[#  10]+0.018*[#  30]+0.017*[#  12]
          +0.017*[#  14]+0.017*[#  21]+0.017*[#  22]+0.017*[#  31]+0.017*[#  34]
          +0.011*[#   2]+0.011*[#   3]+0.011*[#   4]+0.002*[#   6]+0.002*[#  16]
          +0.002*[#  26]
    |psi|^2 = 0.962
==== e(  29) =    15.08863 eV ==== 
     psi = 0.125*[#  12]+0.125*[#  14]+0.125*[#  21]+0.125*[#  22]+0.125*[#  31]
          +0.125*[#  34]+0.073*[#  23]+0.056*[#  10]+0.056*[#  30]+0.021*[#  13]
          +0.021*[#  33]+0.004*[#  20]+0.003*[#   6]+0.003*[#  16]+0.003*[#  26]
          
    |psi|^2 = 0.995
==== e(  30) =    16.75356 eV ==== 
     psi = 0.084*[#   2]+0.084*[#   3]+0.084*[#   4]+0.069*[#  23]+0.056*[#  10]
          +0.056*[#  30]+0.055*[#   1]+0.051*[#  12]+0.051*[#  14]+0.051*[#  21]
          +0.051*[#  22]+0.051*[#  31]+0.051*[#  34]+0.029*[#  13]+0.029*[#  33]
          +0.022*[#  11]+0.022*[#  24]+0.022*[#  32]+0.016*[#  20]+0.015*[#   6]
          +0.015*[#  16]+0.015*[#  26]
    |psi|^2 = 0.977
==== e(  31) =    16.78073 eV ==== 
     psi = 0.066*[#   2]+0.066*[#   3]+0.066*[#   4]+0.062*[#   6]+0.062*[#  16]
          +0.062*[#  26]+0.054*[#  12]+0.054*[#  14]+0.054*[#  21]+0.054*[#  22]
          +0.054*[#  31]+0.054*[#  34]+0.048*[#  23]+0.045*[#  10]+0.045*[#  30]
          +0.039*[#  13]+0.039*[#  33]+0.036*[#  20]+0.001*[#   5]+0.001*[#  15]
          +0.001*[#  25]
    |psi|^2 = 0.964
==== e(  32) =    21.03620 eV ==== 
     psi = 0.170*[#   1]+0.138*[#   2]+0.138*[#   3]+0.138*[#   4]+0.046*[#   6]
          +0.046*[#  16]+0.046*[#  26]+0.036*[#  11]+0.036*[#  24]+0.036*[#  32]
          +0.007*[#  12]+0.007*[#  14]+0.007*[#  21]+0.007*[#  22]+0.007*[#  31]
          +0.007*[#  34]+0.001*[#  23]+0.001*[#  10]+0.001*[#  30]
    |psi|^2 = 0.874
==== e(  33) =    21.78893 eV ==== 
     psi = 0.123*[#   6]+0.123*[#  16]+0.123*[#  26]+0.028*[#   2]+0.028*[#   3]
          +0.028*[#   4]+0.012*[#  12]+0.012*[#  14]+0.012*[#  21]+0.012*[#  22]
          +0.012*[#  31]+0.012*[#  34]+0.003*[#   5]+0.003*[#  15]+0.003*[#  25]
          +0.002*[#  20]+0.002*[#  13]+0.002*[#  33]+0.001*[#  10]+0.001*[#  30]
          +0.001*[#  23]
    |psi|^2 = 0.546
==== e(  34) =    23.52556 eV ==== 
     psi = 0.064*[#   2]+0.064*[#   3]+0.064*[#   4]+0.058*[#   6]+0.058*[#  16]
          +0.058*[#  26]+0.025*[#   1]+0.012*[#  11]+0.012*[#  24]+0.012*[#  32]
          +0.004*[#  12]+0.004*[#  14]+0.004*[#  21]+0.004*[#  22]+0.004*[#  31]
          +0.004*[#  34]+0.002*[#   5]+0.002*[#  15]+0.002*[#  25]
    |psi|^2 = 0.460
==== e(  35) =    24.99506 eV ==== 
     psi = 0.017*[#   6]+0.017*[#  16]+0.017*[#  26]+0.004*[#  12]+0.004*[#  14]
          +0.004*[#  21]+0.004*[#  22]+0.004*[#  31]+0.004*[#  34]+0.004*[#   2]
          +0.004*[#   3]+0.004*[#   4]+0.002*[#  20]+0.002*[#  13]+0.002*[#  33]
          
    |psi|^2 = 0.093

 k =   0.1250000000 -0.5000000000 -0.5000000000
==== e(   1) =   -87.42388 eV ==== 
     psi = 0.333*[#   5]+0.333*[#  15]+0.333*[#  25]
    |psi|^2 = 1.000
==== e(   2) =   -87.42388 eV ==== 
     psi = 0.323*[#   5]+0.323*[#  15]+0.323*[#  25]+0.008*[#   2]+0.008*[#   3]
          +0.008*[#   4]+0.001*[#   6]+0.001*[#  16]+0.001*[#  26]
    |psi|^2 = 1.000
==== e(   3) =   -87.42388 eV ==== 
     psi = 0.323*[#   5]+0.323*[#  15]+0.323*[#  25]+0.008*[#   2]+0.008*[#   3]
          +0.008*[#   4]+0.001*[#   6]+0.001*[#  16]+0.001*[#  26]
    |psi|^2 = 1.000
==== e(   4) =   -47.88114 eV ==== 
     psi = 0.166*[#   7]+0.166*[#   8]+0.166*[#  18]+0.166*[#  19]+0.166*[#  27]
          +0.166*[#  29]+0.003*[#   1]
    |psi|^2 = 1.000
==== e(   5) =   -47.85224 eV ==== 
     psi = 0.332*[#   9]+0.332*[#  17]+0.332*[#  28]+0.001*[#   6]+0.001*[#  16]
          +0.001*[#  26]
    |psi|^2 = 1.000
==== e(   6) =   -47.84723 eV ==== 
     psi = 0.166*[#   7]+0.166*[#   8]+0.166*[#  18]+0.166*[#  19]+0.166*[#  27]
          +0.166*[#  29]+0.002*[#   2]+0.002*[#   3]+0.002*[#   4]
    |psi|^2 = 1.000
==== e(   7) =   -47.84723 eV ==== 
     psi = 0.166*[#   7]+0.166*[#   8]+0.166*[#  18]+0.166*[#  19]+0.166*[#  27]
          +0.166*[#  29]+0.002*[#   2]+0.002*[#   3]+0.002*[#   4]
    |psi|^2 = 1.000
==== e(   8) =   -47.80537 eV ==== 
     psi = 0.166*[#   7]+0.166*[#   8]+0.166*[#  18]+0.166*[#  19]+0.166*[#  27]
          +0.166*[#  29]
    |psi|^2 = 1.000
==== e(   9) =   -47.80537 eV ==== 
     psi = 0.166*[#   7]+0.166*[#   8]+0.166*[#  18]+0.166*[#  19]+0.166*[#  27]
          +0.166*[#  29]
    |psi|^2 = 1.000
==== e(  10) =   -47.77263 eV ==== 
     psi = 0.333*[#   9]+0.333*[#  17]+0.333*[#  28]
    |psi|^2 = 1.000
==== e(  11) =   -47.77214 eV ==== 
     psi = 0.167*[#   7]+0.167*[#   8]+0.167*[#  18]+0.167*[#  19]+0.167*[#  27]
          +0.167*[#  29]
    |psi|^2 = 1.000
==== e(  12) =   -47.73221 eV ==== 
     psi = 0.333*[#   9]+0.333*[#  17]+0.333*[#  28]
    |psi|^2 = 1.000
==== e(  13) =     9.93541 eV ==== 
     psi = 0.653*[#   1]+0.099*[#  11]+0.099*[#  24]+0.099*[#  32]+0.009*[#   2]
          +0.009*[#   3]+0.009*[#   4]
    |psi|^2 = 0.981
==== e(  14) =    10.74491 eV ==== 
     psi = 0.157*[#   2]+0.157*[#   3]+0.157*[#   4]+0.083*[#   6]+0.083*[#  16]
          +0.083*[#  26]+0.034*[#  12]+0.034*[#  14]+0.034*[#  21]+0.034*[#  22]
          +0.034*[#  31]+0.034*[#  34]+0.013*[#  23]+0.011*[#  10]+0.011*[#  30]
          +0.009*[#  13]+0.009*[#  33]+0.007*[#  20]+0.003*[#   5]+0.003*[#  15]
          +0.003*[#  25]
    |psi|^2 = 0.998
==== e(  15) =    10.74491 eV ==== 
     psi = 0.157*[#   2]+0.157*[#   3]+0.157*[#   4]+0.083*[#   6]+0.083*[#  16]
          +0.083*[#  26]+0.034*[#  12]+0.034*[#  14]+0.034*[#  21]+0.034*[#  22]
          +0.034*[#  31]+0.034*[#  34]+0.013*[#  23]+0.011*[#  10]+0.011*[#  30]
          +0.009*[#  13]+0.009*[#  33]+0.007*[#  20]+0.003*[#   5]+0.003*[#  15]
          +0.003*[#  25]
    |psi|^2 = 0.998
==== e(  16) =    12.10053 eV ==== 
     psi = 0.186*[#   6]+0.186*[#  16]+0.186*[#  26]+0.046*[#  12]+0.046*[#  14]
          +0.046*[#  21]+0.046*[#  22]+0.046*[#  31]+0.046*[#  34]+0.043*[#  20]
          +0.032*[#  13]+0.032*[#  33]+0.011*[#  10]+0.011*[#  30]
    |psi|^2 = 0.967
==== e(  17) =    12.61130 eV ==== 
     psi = 0.258*[#  11]+0.258*[#  24]+0.258*[#  32]+0.067*[#   2]+0.067*[#   3]
          +0.067*[#   4]+0.021*[#   1]
    |psi|^2 = 0.995
==== e(  18) =    13.15321 eV ==== 
     psi = 0.128*[#  23]+0.108*[#  10]+0.108*[#  30]+0.069*[#  13]+0.069*[#  33]
          +0.067*[#  12]+0.067*[#  14]+0.067*[#  21]+0.067*[#  22]+0.067*[#  31]
          +0.067*[#  34]+0.050*[#  20]+0.016*[#   2]+0.016*[#   3]+0.016*[#   4]
          +0.003*[#   6]+0.003*[#  16]+0.003*[#  26]
    |psi|^2 = 0.992
==== e(  19) =    13.15321 eV ==== 
     psi = 0.128*[#  23]+0.108*[#  10]+0.108*[#  30]+0.069*[#  13]+0.069*[#  33]
          +0.067*[#  12]+0.067*[#  14]+0.067*[#  21]+0.067*[#  22]+0.067*[#  31]
          +0.067*[#  34]+0.050*[#  20]+0.016*[#   2]+0.016*[#   3]+0.016*[#   4]
          +0.003*[#   6]+0.003*[#  16]+0.003*[#  26]
    |psi|^2 = 0.992
==== e(  20) =    13.23565 eV ==== 
     psi = 0.106*[#  12]+0.106*[#  14]+0.106*[#  21]+0.106*[#  22]+0.106*[#  31]
          +0.106*[#  34]+0.064*[#  20]+0.048*[#  13]+0.048*[#  33]+0.031*[#   6]
          +0.031*[#  16]+0.031*[#  26]+0.016*[#  10]+0.016*[#  30]
    |psi|^2 = 0.922
==== e(  21) =    13.70829 eV ==== 
     psi = 0.133*[#  12]+0.133*[#  14]+0.133*[#  21]+0.133*[#  22]+0.133*[#  31]
          +0.133*[#  34]+0.047*[#  23]+0.037*[#  10]+0.037*[#  30]+0.018*[#  13]
          +0.018*[#  33]+0.008*[#  20]+0.006*[#   2]+0.006*[#   3]+0.006*[#   4]
          
    |psi|^2 = 0.979
==== e(  22) =    13.70829 eV ==== 
     psi = 0.133*[#  12]+0.133*[#  14]+0.133*[#  21]+0.133*[#  22]+0.133*[#  31]
          +0.133*[#  34]+0.047*[#  23]+0.037*[#  10]+0.037*[#  30]+0.018*[#  13]
          +0.018*[#  33]+0.008*[#  20]+0.006*[#   2]+0.006*[#   3]+0.006*[#   4]
          
    |psi|^2 = 0.979
==== e(  23) =    14.11134 eV ==== 
     psi = 0.261*[#  23]+0.196*[#  10]+0.196*[#  30]+0.065*[#  13]+0.065*[#  33]
          +0.036*[#  12]+0.036*[#  14]+0.036*[#  21]+0.036*[#  22]+0.036*[#  31]
          +0.036*[#  34]
    |psi|^2 = 0.997
==== e(  24) =    14.41954 eV ==== 
     psi = 0.230*[#  20]+0.189*[#  13]+0.189*[#  33]+0.107*[#  10]+0.107*[#  30]
          +0.066*[#  23]+0.017*[#  12]+0.017*[#  14]+0.017*[#  21]+0.017*[#  22]
          +0.017*[#  31]+0.017*[#  34]
    |psi|^2 = 0.992
==== e(  25) =    14.41954 eV ==== 
     psi = 0.230*[#  20]+0.189*[#  13]+0.189*[#  33]+0.107*[#  10]+0.107*[#  30]
          +0.066*[#  23]+0.017*[#  12]+0.017*[#  14]+0.017*[#  21]+0.017*[#  22]
          +0.017*[#  31]+0.017*[#  34]
    |psi|^2 = 0.992
==== e(  26) =    14.49286 eV ==== 
     psi = 0.220*[#  20]+0.165*[#  13]+0.165*[#  33]+0.090*[#   6]+0.090*[#  16]
          +0.090*[#  26]+0.055*[#  10]+0.055*[#  30]+0.008*[#  12]+0.008*[#  14]
          +0.008*[#  21]+0.008*[#  22]+0.008*[#  31]+0.008*[#  34]
    |psi|^2 = 0.978
==== e(  27) =    14.67757 eV ==== 
     psi = 0.333*[#  11]+0.333*[#  24]+0.333*[#  32]
    |psi|^2 = 0.998
==== e(  28) =    14.94717 eV ==== 
     psi = 0.131*[#  12]+0.131*[#  14]+0.131*[#  21]+0.131*[#  22]+0.131*[#  31]
          +0.131*[#  34]+0.071*[#  23]+0.053*[#  10]+0.053*[#  30]+0.018*[#  13]
          +0.018*[#  33]
    |psi|^2 = 0.999
==== e(  29) =    15.00919 eV ==== 
     psi = 0.249*[#  11]+0.249*[#  24]+0.249*[#  32]+0.142*[#   1]+0.018*[#   2]
          +0.018*[#   3]+0.018*[#   4]
    |psi|^2 = 0.942
==== e(  30) =    16.41272 eV ==== 
     psi = 0.077*[#  23]+0.070*[#  12]+0.070*[#  14]+0.070*[#  21]+0.070*[#  22]
          +0.070*[#  31]+0.070*[#  34]+0.067*[#  10]+0.067*[#  30]+0.059*[#   2]
          +0.059*[#   3]+0.059*[#   4]+0.046*[#  13]+0.046*[#  33]+0.036*[#  20]
          +0.018*[#   6]+0.018*[#  16]+0.018*[#  26]
    |psi|^2 = 0.996
==== e(  31) =    16.41272 eV ==== 
     psi = 0.077*[#  23]+0.070*[#  12]+0.070*[#  14]+0.070*[#  21]+0.070*[#  22]
          +0.070*[#  31]+0.070*[#  34]+0.067*[#  10]+0.067*[#  30]+0.059*[#   2]
          +0.059*[#   3]+0.059*[#   4]+0.046*[#  13]+0.046*[#  33]+0.036*[#  20]
          +0.018*[#   6]+0.018*[#  16]+0.018*[#  26]
    |psi|^2 = 0.996
==== e(  32) =    21.81462 eV ==== 
     psi = 0.182*[#   2]+0.182*[#   3]+0.182*[#   4]+0.174*[#   1]+0.050*[#  11]
          +0.050*[#  24]+0.050*[#  32]
    |psi|^2 = 0.869
==== e(  33) =    22.43729 eV ==== 
     psi = 0.125*[#   6]+0.125*[#  16]+0.125*[#  26]+0.038*[#   2]+0.038*[#   3]
          +0.038*[#   4]+0.010*[#  12]+0.010*[#  14]+0.010*[#  21]+0.010*[#  22]
          +0.010*[#  31]+0.010*[#  34]+0.003*[#   5]+0.003*[#  15]+0.003*[#  25]
          +0.001*[#  23]
    |psi|^2 = 0.564
==== e(  34) =    22.43729 eV ==== 
     psi = 0.125*[#   6]+0.125*[#  16]+0.125*[#  26]+0.038*[#   2]+0.038*[#   3]
          +0.038*[#   4]+0.010*[#  12]+0.010*[#  14]+0.010*[#  21]+0.010*[#  22]
          +0.010*[#  31]+0.010*[#  34]+0.003*[#   5]+0.003*[#  15]+0.003*[#  25]
          +0.001*[#  23]
    |psi|^2 = 0.564
==== e(  35) =    24.12908 eV ==== 
     psi = 0.016*[#   6]+0.016*[#  16]+0.016*[#  26]+0.006*[#  12]+0.006*[#  14]
          +0.006*[#  21]+0.006*[#  22]+0.006*[#  31]+0.006*[#  34]+0.003*[#  20]
          +0.003*[#  13]+0.003*[#  33]
    |psi|^2 = 0.093

 k =   0.2500000000  0.2500000000  0.2500000000
==== e(   1) =   -87.43325 eV ==== 
     psi = 0.318*[#   5]+0.318*[#  15]+0.318*[#  25]+0.014*[#   2]+0.014*[#   3]
          +0.014*[#   4]+0.003*[#   1]
    |psi|^2 = 1.000
==== e(   2) =   -87.41929 eV ==== 
     psi = 0.328*[#   5]+0.328*[#  15]+0.328*[#  25]+0.003*[#   6]+0.003*[#  16]
          +0.003*[#  26]+0.002*[#   2]+0.002*[#   3]+0.002*[#   4]
    |psi|^2 = 1.000
==== e(   3) =   -87.41929 eV ==== 
     psi = 0.328*[#   5]+0.328*[#  15]+0.328*[#  25]+0.003*[#   6]+0.003*[#  16]
          +0.003*[#  26]+0.002*[#   2]+0.002*[#   3]+0.002*[#   4]
    |psi|^2 = 1.000
==== e(   4) =   -47.88257 eV ==== 
     psi = 0.119*[#   9]+0.119*[#  17]+0.119*[#  28]+0.107*[#   7]+0.107*[#   8]
          +0.107*[#  18]+0.107*[#  19]+0.107*[#  27]+0.107*[#  29]+0.002*[#   1]
          
    |psi|^2 = 1.000
==== e(   5) =   -47.85584 eV ==== 
     psi = 0.158*[#   7]+0.158*[#   8]+0.158*[#  18]+0.158*[#  19]+0.158*[#  27]
          +0.158*[#  29]+0.015*[#   9]+0.015*[#  17]+0.015*[#  28]+0.002*[#   2]
          +0.002*[#   3]+0.002*[#   4]
    |psi|^2 = 1.000
==== e(   6) =   -47.85584 eV ==== 
     psi = 0.158*[#   7]+0.158*[#   8]+0.158*[#  18]+0.158*[#  19]+0.158*[#  27]
          +0.158*[#  29]+0.015*[#   9]+0.015*[#  17]+0.015*[#  28]+0.002*[#   2]
          +0.002*[#   3]+0.002*[#   4]
    |psi|^2 = 1.000
==== e(   7) =   -47.81631 eV ==== 
     psi = 0.214*[#   9]+0.214*[#  17]+0.214*[#  28]+0.059*[#   7]+0.059*[#   8]
          +0.059*[#  18]+0.059*[#  19]+0.059*[#  27]+0.059*[#  29]
    |psi|^2 = 1.000
==== e(   8) =   -47.81219 eV ==== 
     psi = 0.142*[#   7]+0.142*[#   8]+0.142*[#  18]+0.142*[#  19]+0.142*[#  27]
          +0.142*[#  29]+0.049*[#   9]+0.049*[#  17]+0.049*[#  28]
    |psi|^2 = 1.000
==== e(   9) =   -47.81219 eV ==== 
     psi = 0.142*[#   7]+0.142*[#   8]+0.142*[#  18]+0.142*[#  19]+0.142*[#  27]
          +0.142*[#  29]+0.049*[#   9]+0.049*[#  17]+0.049*[#  28]
    |psi|^2 = 1.000
==== e(  10) =   -47.79447 eV ==== 
     psi = 0.167*[#   7]+0.167*[#   8]+0.167*[#  18]+0.167*[#  19]+0.167*[#  27]
          +0.167*[#  29]
    |psi|^2 = 1.000
==== e(  11) =   -47.74377 eV ==== 
     psi = 0.269*[#   9]+0.269*[#  17]+0.269*[#  28]+0.032*[#   7]+0.032*[#   8]
          +0.032*[#  18]+0.032*[#  19]+0.032*[#  27]+0.032*[#  29]
    |psi|^2 = 1.000
==== e(  12) =   -47.74377 eV ==== 
     psi = 0.269*[#   9]+0.269*[#  17]+0.269*[#  28]+0.032*[#   7]+0.032*[#   8]
          +0.032*[#  18]+0.032*[#  19]+0.032*[#  27]+0.032*[#  29]
    |psi|^2 = 1.000
==== e(  13) =     7.69943 eV ==== 
     psi = 0.286*[#   1]+0.139*[#   6]+0.139*[#  16]+0.139*[#  26]+0.077*[#   2]
          +0.077*[#   3]+0.077*[#   4]+0.008*[#   5]+0.008*[#  15]+0.008*[#  25]
          +0.006*[#  11]+0.006*[#  24]+0.006*[#  32]+0.002*[#  20]+0.002*[#  12]
          +0.002*[#  13]+0.002*[#  14]+0.002*[#  21]+0.002*[#  22]+0.002*[#  31]
          +0.002*[#  33]+0.002*[#  34]
    |psi|^2 = 0.997
==== e(  14) =    11.38563 eV ==== 
     psi = 0.184*[#   1]+0.122*[#  11]+0.122*[#  24]+0.122*[#  32]+0.047*[#  20]
          +0.035*[#  13]+0.035*[#  33]+0.026*[#   6]+0.026*[#  16]+0.026*[#  26]
          +0.025*[#  12]+0.025*[#  14]+0.025*[#  21]+0.025*[#  22]+0.025*[#  31]
          +0.025*[#  34]+0.022*[#   2]+0.022*[#   3]+0.022*[#   4]+0.012*[#  10]
          +0.012*[#  30]
    |psi|^2 = 0.985
==== e(  15) =    11.91933 eV ==== 
     psi = 0.109*[#  23]+0.107*[#   2]+0.107*[#   3]+0.107*[#   4]+0.085*[#  10]
          +0.085*[#  30]+0.053*[#   6]+0.053*[#  16]+0.053*[#  26]+0.035*[#  13]
          +0.035*[#  33]+0.021*[#  12]+0.021*[#  14]+0.021*[#  21]+0.021*[#  22]
          +0.021*[#  31]+0.021*[#  34]+0.011*[#  20]+0.006*[#  11]+0.006*[#  24]
          +0.006*[#  32]
    |psi|^2 = 0.990
==== e(  16) =    11.91933 eV ==== 
     psi = 0.109*[#  23]+0.107*[#   2]+0.107*[#   3]+0.107*[#   4]+0.085*[#  10]
          +0.085*[#  30]+0.053*[#   6]+0.053*[#  16]+0.053*[#  26]+0.035*[#  13]
          +0.035*[#  33]+0.021*[#  12]+0.021*[#  14]+0.021*[#  21]+0.021*[#  22]
          +0.021*[#  31]+0.021*[#  34]+0.011*[#  20]+0.006*[#  11]+0.006*[#  24]
          +0.006*[#  32]
    |psi|^2 = 0.990
==== e(  17) =    12.47735 eV ==== 
     psi = 0.212*[#  20]+0.159*[#  13]+0.159*[#  33]+0.061*[#  11]+0.061*[#  24]
          +0.061*[#  32]+0.053*[#  10]+0.053*[#  30]+0.018*[#   6]+0.018*[#  16]
          +0.018*[#  26]+0.011*[#   2]+0.011*[#   3]+0.011*[#   4]+0.010*[#  12]
          +0.010*[#  14]+0.010*[#  21]+0.010*[#  22]+0.010*[#  31]+0.010*[#  34]
          +0.002*[#   1]
    |psi|^2 = 0.968
==== e(  18) =    12.90812 eV ==== 
     psi = 0.123*[#  12]+0.123*[#  14]+0.123*[#  21]+0.123*[#  22]+0.123*[#  31]
          +0.123*[#  34]+0.051*[#  11]+0.051*[#  24]+0.051*[#  32]+0.015*[#   2]
          +0.015*[#   3]+0.015*[#   4]+0.006*[#  20]+0.005*[#   6]+0.005*[#  13]
          +0.005*[#  16]+0.005*[#  26]+0.005*[#  33]+0.003*[#  10]+0.003*[#  30]
          +0.002*[#  23]
    |psi|^2 = 0.981
==== e(  19) =    12.90812 eV ==== 
     psi = 0.123*[#  12]+0.123*[#  14]+0.123*[#  21]+0.123*[#  22]+0.123*[#  31]
          +0.123*[#  34]+0.051*[#  11]+0.051*[#  24]+0.051*[#  32]+0.015*[#   2]
          +0.015*[#   3]+0.015*[#   4]+0.006*[#  20]+0.005*[#   6]+0.005*[#  13]
          +0.005*[#  16]+0.005*[#  26]+0.005*[#  33]+0.003*[#  10]+0.003*[#  30]
          +0.002*[#  23]
    |psi|^2 = 0.981
==== e(  20) =    13.27696 eV ==== 
     psi = 0.126*[#  12]+0.126*[#  14]+0.126*[#  21]+0.126*[#  22]+0.126*[#  31]
          +0.126*[#  34]+0.053*[#  11]+0.053*[#  24]+0.053*[#  32]+0.011*[#   2]
          +0.011*[#   3]+0.011*[#   4]+0.006*[#   6]+0.006*[#  16]+0.006*[#  26]
          +0.005*[#   1]+0.002*[#  20]+0.002*[#  13]+0.002*[#  33]
    |psi|^2 = 0.976
==== e(  21) =    13.61176 eV ==== 
     psi = 0.131*[#  23]+0.100*[#  10]+0.100*[#  30]+0.072*[#  12]+0.072*[#  14]
          +0.072*[#  21]+0.072*[#  22]+0.072*[#  31]+0.072*[#  34]+0.039*[#  13]
          +0.039*[#  33]+0.024*[#  11]+0.024*[#  24]+0.024*[#  32]+0.010*[#   2]
          +0.010*[#   3]+0.010*[#   4]+0.009*[#   6]+0.009*[#  16]+0.009*[#  26]
          +0.008*[#  20]
    |psi|^2 = 0.980
==== e(  22) =    13.61176 eV ==== 
     psi = 0.131*[#  23]+0.100*[#  10]+0.100*[#  30]+0.072*[#  12]+0.072*[#  14]
          +0.072*[#  21]+0.072*[#  22]+0.072*[#  31]+0.072*[#  34]+0.039*[#  13]
          +0.039*[#  33]+0.024*[#  11]+0.024*[#  24]+0.024*[#  32]+0.010*[#   2]
          +0.010*[#   3]+0.010*[#   4]+0.009*[#   6]+0.009*[#  16]+0.009*[#  26]
          +0.008*[#  20]
    |psi|^2 = 0.980
==== e(  23) =    14.48112 eV ==== 
     psi = 0.221*[#  23]+0.166*[#  10]+0.166*[#  30]+0.055*[#  12]+0.055*[#  13]
          +0.055*[#  14]+0.055*[#  21]+0.055*[#  22]+0.055*[#  31]+0.055*[#  33]
          +0.055*[#  34]
    |psi|^2 = 0.996
==== e(  24) =    14.48442 eV ==== 
     psi = 0.211*[#  11]+0.211*[#  24]+0.211*[#  32]+0.045*[#  20]+0.035*[#  12]
          +0.035*[#  14]+0.035*[#  21]+0.035*[#  22]+0.035*[#  31]+0.035*[#  34]
          +0.034*[#  13]+0.034*[#  33]+0.013*[#  10]+0.013*[#  30]+0.003*[#   6]
          +0.003*[#  16]+0.003*[#  26]+0.002*[#  23]
    |psi|^2 = 0.994
==== e(  25) =    14.48442 eV ==== 
     psi = 0.211*[#  11]+0.211*[#  24]+0.211*[#  32]+0.045*[#  20]+0.035*[#  12]
          +0.035*[#  14]+0.035*[#  21]+0.035*[#  22]+0.035*[#  31]+0.035*[#  34]
          +0.034*[#  13]+0.034*[#  33]+0.013*[#  10]+0.013*[#  30]+0.003*[#   6]
          +0.003*[#  16]+0.003*[#  26]+0.002*[#  23]
    |psi|^2 = 0.994
==== e(  26) =    14.73828 eV ==== 
     psi = 0.244*[#  20]+0.192*[#  13]+0.192*[#  33]+0.087*[#  10]+0.087*[#  30]
          +0.035*[#  23]+0.020*[#  11]+0.020*[#  24]+0.020*[#  32]+0.017*[#  12]
          +0.017*[#  14]+0.017*[#  21]+0.017*[#  22]+0.017*[#  31]+0.017*[#  34]
          
    |psi|^2 = 0.997
==== e(  27) =    14.73828 eV ==== 
     psi = 0.244*[#  20]+0.192*[#  13]+0.192*[#  33]+0.087*[#  10]+0.087*[#  30]
          +0.035*[#  23]+0.020*[#  11]+0.020*[#  24]+0.020*[#  32]+0.017*[#  12]
          +0.017*[#  14]+0.017*[#  21]+0.017*[#  22]+0.017*[#  31]+0.017*[#  34]
          
    |psi|^2 = 0.997
==== e(  28) =    15.53231 eV ==== 
     psi = 0.111*[#  12]+0.111*[#  14]+0.111*[#  21]+0.111*[#  22]+0.111*[#  23]
          +0.111*[#  31]+0.111*[#  34]+0.083*[#  10]+0.083*[#  30]+0.028*[#  13]
          +0.028*[#  33]
    |psi|^2 = 1.000
==== e(  29) =    16.07401 eV ==== 
     psi = 0.343*[#   1]+0.057*[#  20]+0.056*[#  11]+0.056*[#  24]+0.056*[#  32]
          +0.043*[#  13]+0.043*[#  33]+0.035*[#   6]+0.035*[#  16]+0.035*[#  26]
          +0.014*[#  10]+0.014*[#  30]
    |psi|^2 = 0.791
==== e(  30) =    16.87151 eV ==== 
     psi = 0.112*[#   2]+0.112*[#   3]+0.112*[#   4]+0.053*[#  12]+0.053*[#  14]
          +0.053*[#  21]+0.053*[#  22]+0.053*[#  31]+0.053*[#  34]+0.049*[#  23]
          +0.041*[#  10]+0.041*[#  30]+0.027*[#   6]+0.027*[#  16]+0.027*[#  26]
          +0.026*[#  13]+0.026*[#  33]+0.019*[#  20]+0.014*[#  11]+0.014*[#  24]
          +0.014*[#  32]
    |psi|^2 = 0.984
==== e(  31) =    16.87151 eV ==== 
     psi = 0.112*[#   2]+0.112*[#   3]+0.112*[#   4]+0.053*[#  12]+0.053*[#  14]
          +0.053*[#  21]+0.053*[#  22]+0.053*[#  31]+0.053*[#  34]+0.049*[#  23]
          +0.041*[#  10]+0.041*[#  30]+0.027*[#   6]+0.027*[#  16]+0.027*[#  26]
          +0.026*[#  13]+0.026*[#  33]+0.019*[#  20]+0.014*[#  11]+0.014*[#  24]
          +0.014*[#  32]
    |psi|^2 = 0.984
==== e(  32) =    21.80553 eV ==== 
     psi = 0.151*[#   6]+0.151*[#  16]+0.151*[#  26]+0.043*[#   2]+0.043*[#   3]
          +0.043*[#   4]+0.011*[#  12]+0.011*[#  14]+0.011*[#  21]+0.011*[#  22]
          +0.011*[#  31]+0.011*[#  34]+0.003*[#   5]+0.003*[#  11]+0.003*[#  15]
          +0.003*[#  24]+0.003*[#  25]+0.003*[#  32]+0.001*[#  23]
    |psi|^2 = 0.673
==== e(  33) =    21.80553 eV ==== 
     psi = 0.151*[#   6]+0.151*[#  16]+0.151*[#  26]+0.043*[#   2]+0.043*[#   3]
          +0.043*[#   4]+0.011*[#  12]+0.011*[#  14]+0.011*[#  21]+0.011*[#  22]
          +0.011*[#  31]+0.011*[#  34]+0.003*[#   5]+0.003*[#  11]+0.003*[#  15]
          +0.003*[#  24]+0.003*[#  25]+0.003*[#  32]+0.001*[#  23]
    |psi|^2 = 0.673
==== e(  34) =    21.82973 eV ==== 
     psi = 0.128*[#   1]+0.111*[#   2]+0.111*[#   3]+0.111*[#   4]+0.030*[#  11]
          +0.030*[#  24]+0.030*[#  32]+0.013*[#   6]+0.013*[#  16]+0.013*[#  26]
          +0.004*[#  20]+0.003*[#   5]+0.003*[#  15]+0.003*[#  25]+0.003*[#  13]
          +0.003*[#  33]+0.002*[#  12]+0.002*[#  14]+0.002*[#  21]+0.002*[#  22]
          +0.002*[#  31]+0.002*[#  34]
    |psi|^2 = 0.627
==== e(  35) =    26.48929 eV ==== 
     psi = 0.049*[#   6]+0.049*[#  16]+0.049*[#  26]+0.028*[#   2]+0.028*[#   3]
          +0.028*[#   4]+0.003*[#  23]+0.002*[#  10]+0.002*[#  11]+0.002*[#  24]
          +0.002*[#  30]+0.002*[#  32]+0.001*[#   5]+0.001*[#  15]+0.001*[#  25]
          
    |psi|^2 = 0.250

 k =   0.2500000000  0.2500000000  0.3750000000
==== e(   1) =   -87.43049 eV ==== 
     psi = 0.320*[#   5]+0.320*[#  15]+0.320*[#  25]+0.013*[#   2]+0.013*[#   3]
          +0.013*[#   4]+0.001*[#   1]
    |psi|^2 = 1.000
==== e(   2) =   -87.42197 eV ==== 
     psi = 0.327*[#   5]+0.327*[#  15]+0.327*[#  25]+0.004*[#   2]+0.004*[#   3]
          +0.004*[#   4]+0.002*[#   6]+0.002*[#  16]+0.002*[#  26]
    |psi|^2 = 1.000
==== e(   3) =   -87.41926 eV ==== 
     psi = 0.330*[#   5]+0.330*[#  15]+0.330*[#  25]+0.003*[#   6]+0.003*[#  16]
          +0.003*[#  26]
    |psi|^2 = 1.000
==== e(   4) =   -47.87964 eV ==== 
     psi = 0.123*[#   9]+0.123*[#  17]+0.123*[#  28]+0.105*[#   7]+0.105*[#   8]
          +0.105*[#  18]+0.105*[#  19]+0.105*[#  27]+0.105*[#  29]+0.002*[#   1]
          
    |psi|^2 = 1.000
==== e(   5) =   -47.86105 eV ==== 
     psi = 0.164*[#   7]+0.164*[#   8]+0.164*[#  18]+0.164*[#  19]+0.164*[#  27]
          +0.164*[#  29]+0.004*[#   9]+0.004*[#  17]+0.004*[#  28]+0.002*[#   2]
          +0.002*[#   3]+0.002*[#   4]
    |psi|^2 = 1.000
==== e(   6) =   -47.85972 eV ==== 
     psi = 0.156*[#   7]+0.156*[#   8]+0.156*[#  18]+0.156*[#  19]+0.156*[#  27]
          +0.156*[#  29]+0.019*[#   9]+0.019*[#  17]+0.019*[#  28]+0.001*[#   2]
          +0.001*[#   3]+0.001*[#   4]
    |psi|^2 = 1.000
==== e(   7) =   -47.83225 eV ==== 
     psi = 0.197*[#   9]+0.197*[#  17]+0.197*[#  28]+0.067*[#   7]+0.067*[#   8]
          +0.067*[#  18]+0.067*[#  19]+0.067*[#  27]+0.067*[#  29]
    |psi|^2 = 1.000
==== e(   8) =   -47.80980 eV ==== 
     psi = 0.139*[#   7]+0.139*[#   8]+0.139*[#  18]+0.139*[#  19]+0.139*[#  27]
          +0.139*[#  29]+0.055*[#   9]+0.055*[#  17]+0.055*[#  28]
    |psi|^2 = 1.000
==== e(   9) =   -47.79677 eV ==== 
     psi = 0.155*[#   7]+0.155*[#   8]+0.155*[#  18]+0.155*[#  19]+0.155*[#  27]
          +0.155*[#  29]+0.022*[#   9]+0.022*[#  17]+0.022*[#  28]
    |psi|^2 = 1.000
==== e(  10) =   -47.78815 eV ==== 
     psi = 0.166*[#   7]+0.166*[#   8]+0.166*[#  18]+0.166*[#  19]+0.166*[#  27]
          +0.166*[#  29]+0.001*[#   9]+0.001*[#  17]+0.001*[#  28]
    |psi|^2 = 1.000
==== e(  11) =   -47.74689 eV ==== 
     psi = 0.273*[#   9]+0.273*[#  17]+0.273*[#  28]+0.030*[#   7]+0.030*[#   8]
          +0.030*[#  18]+0.030*[#  19]+0.030*[#  27]+0.030*[#  29]
    |psi|^2 = 1.000
==== e(  12) =   -47.74157 eV ==== 
     psi = 0.304*[#   9]+0.304*[#  17]+0.304*[#  28]+0.015*[#   7]+0.015*[#   8]
          +0.015*[#  18]+0.015*[#  19]+0.015*[#  27]+0.015*[#  29]
    |psi|^2 = 1.000
==== e(  13) =     8.47948 eV ==== 
     psi = 0.323*[#   1]+0.110*[#   6]+0.110*[#  16]+0.110*[#  26]+0.082*[#   2]
          +0.082*[#   3]+0.082*[#   4]+0.016*[#  11]+0.016*[#  24]+0.016*[#  32]
          +0.005*[#   5]+0.005*[#  15]+0.005*[#  25]+0.003*[#  12]+0.003*[#  14]
          +0.003*[#  21]+0.003*[#  22]+0.003*[#  31]+0.003*[#  34]+0.003*[#  20]
          +0.002*[#  13]+0.002*[#  33]
    |psi|^2 = 0.996
==== e(  14) =    10.79764 eV ==== 
     psi = 0.136*[#   1]+0.089*[#   2]+0.089*[#   3]+0.089*[#   4]+0.078*[#   6]
          +0.078*[#  16]+0.078*[#  26]+0.051*[#  11]+0.051*[#  24]+0.051*[#  32]
          +0.019*[#  23]+0.018*[#  12]+0.018*[#  14]+0.018*[#  21]+0.018*[#  22]
          +0.018*[#  31]+0.018*[#  34]+0.017*[#  10]+0.017*[#  30]+0.012*[#  13]
          +0.012*[#  33]+0.010*[#  20]+0.002*[#   5]+0.002*[#  15]+0.002*[#  25]
          
    |psi|^2 = 0.991
==== e(  15) =    11.64267 eV ==== 
     psi = 0.103*[#  11]+0.103*[#  24]+0.103*[#  32]+0.070*[#   2]+0.070*[#   3]
          +0.070*[#   4]+0.040*[#  12]+0.040*[#  14]+0.040*[#  21]+0.040*[#  22]
          +0.040*[#  31]+0.040*[#  34]+0.039*[#   6]+0.039*[#  16]+0.039*[#  26]
          +0.036*[#   1]+0.020*[#  23]+0.017*[#  10]+0.017*[#  30]+0.010*[#  13]
          +0.010*[#  33]+0.007*[#  20]
    |psi|^2 = 0.995
==== e(  16) =    12.37378 eV ==== 
     psi = 0.086*[#   2]+0.086*[#   3]+0.086*[#   4]+0.084*[#  23]+0.064*[#  10]
          +0.064*[#  30]+0.048*[#  12]+0.048*[#  14]+0.048*[#  21]+0.048*[#  22]
          +0.048*[#  31]+0.048*[#  34]+0.044*[#   6]+0.044*[#  16]+0.044*[#  26]
          +0.023*[#  13]+0.023*[#  33]+0.016*[#  11]+0.016*[#  24]+0.016*[#  32]
          +0.002*[#  20]
    |psi|^2 = 0.987
==== e(  17) =    12.65179 eV ==== 
     psi = 0.219*[#  20]+0.171*[#  13]+0.171*[#  33]+0.073*[#  10]+0.073*[#  30]
          +0.028*[#  11]+0.028*[#  24]+0.028*[#  32]+0.025*[#  23]+0.021*[#   6]
          +0.021*[#  16]+0.021*[#  26]+0.017*[#   2]+0.017*[#   3]+0.017*[#   4]
          +0.005*[#  12]+0.005*[#  14]+0.005*[#  21]+0.005*[#  22]+0.005*[#  31]
          +0.005*[#  34]+0.002*[#   1]
    |psi|^2 = 0.966
==== e(  18) =    12.87351 eV ==== 
     psi = 0.098*[#  12]+0.098*[#  14]+0.098*[#  21]+0.098*[#  22]+0.098*[#  31]
          +0.098*[#  34]+0.059*[#  11]+0.059*[#  24]+0.059*[#  32]+0.042*[#   2]
          +0.042*[#   3]+0.042*[#   4]+0.014*[#  23]+0.012*[#  10]+0.012*[#  30]
          +0.010*[#   6]+0.010*[#  16]+0.010*[#  26]+0.008*[#  13]+0.008*[#  33]
          +0.006*[#  20]
    |psi|^2 = 0.981
==== e(  19) =    13.03743 eV ==== 
     psi = 0.122*[#  12]+0.122*[#  14]+0.122*[#  21]+0.122*[#  22]+0.122*[#  31]
          +0.122*[#  34]+0.028*[#  20]+0.023*[#  13]+0.023*[#  33]+0.020*[#  11]
          +0.020*[#  24]+0.020*[#  32]+0.015*[#  10]+0.015*[#  30]+0.013*[#   2]
          +0.013*[#   3]+0.013*[#   4]+0.010*[#  23]+0.006*[#   6]+0.006*[#  16]
          +0.006*[#  26]+0.005*[#   1]
    |psi|^2 = 0.969
==== e(  20) =    13.33243 eV ==== 
     psi = 0.110*[#  12]+0.110*[#  14]+0.110*[#  21]+0.110*[#  22]+0.110*[#  31]
          +0.110*[#  34]+0.057*[#  11]+0.057*[#  24]+0.057*[#  32]+0.019*[#  20]
          +0.014*[#  13]+0.014*[#  33]+0.014*[#   2]+0.014*[#   3]+0.014*[#   4]
          +0.010*[#   6]+0.010*[#  16]+0.010*[#  26]+0.006*[#  10]+0.006*[#  30]
          +0.002*[#  23]
    |psi|^2 = 0.965
==== e(  21) =    13.50720 eV ==== 
     psi = 0.153*[#  23]+0.116*[#  10]+0.116*[#  30]+0.067*[#  12]+0.067*[#  14]
          +0.067*[#  21]+0.067*[#  22]+0.067*[#  31]+0.067*[#  34]+0.041*[#  13]
          +0.041*[#  33]+0.031*[#  11]+0.031*[#  24]+0.031*[#  32]+0.004*[#  20]
          +0.004*[#   6]+0.004*[#  16]+0.004*[#  26]+0.003*[#   2]+0.003*[#   3]
          +0.003*[#   4]
    |psi|^2 = 0.984
==== e(  22) =    13.54265 eV ==== 
     psi = 0.141*[#  23]+0.109*[#  10]+0.109*[#  30]+0.079*[#  12]+0.079*[#  14]
          +0.079*[#  21]+0.079*[#  22]+0.079*[#  31]+0.079*[#  34]+0.045*[#  13]
          +0.045*[#  33]+0.013*[#  20]+0.010*[#  11]+0.010*[#  24]+0.010*[#  32]
          +0.006*[#   2]+0.006*[#   3]+0.006*[#   4]+0.003*[#   6]+0.003*[#  16]
          +0.003*[#  26]
    |psi|^2 = 0.989
==== e(  23) =    14.28835 eV ==== 
     psi = 0.219*[#  23]+0.165*[#  10]+0.165*[#  30]+0.058*[#  13]+0.058*[#  33]
          +0.052*[#  12]+0.052*[#  14]+0.052*[#  21]+0.052*[#  22]+0.052*[#  31]
          +0.052*[#  34]+0.005*[#  20]+0.003*[#  11]+0.003*[#  24]+0.003*[#  32]
          
    |psi|^2 = 0.995
==== e(  24) =    14.42402 eV ==== 
     psi = 0.176*[#  11]+0.176*[#  24]+0.176*[#  32]+0.138*[#  20]+0.106*[#  13]
          +0.106*[#  33]+0.042*[#  10]+0.042*[#  30]+0.010*[#  23]+0.003*[#  12]
          +0.003*[#  14]+0.003*[#  21]+0.003*[#  22]+0.003*[#  31]+0.003*[#  34]
          
    |psi|^2 = 0.994
==== e(  25) =    14.54430 eV ==== 
     psi = 0.153*[#  11]+0.153*[#  24]+0.153*[#  32]+0.086*[#  20]+0.065*[#  13]
          +0.065*[#  33]+0.041*[#  12]+0.041*[#  14]+0.041*[#  21]+0.041*[#  22]
          +0.041*[#  31]+0.041*[#  34]+0.024*[#  10]+0.024*[#  30]+0.004*[#   6]
          +0.004*[#  16]+0.004*[#  26]+0.003*[#  23]+0.002*[#   2]+0.002*[#   3]
          +0.002*[#   4]
    |psi|^2 = 0.992
==== e(  26) =    14.65318 eV ==== 
     psi = 0.108*[#  20]+0.094*[#  13]+0.094*[#  33]+0.085*[#  11]+0.085*[#  24]
          +0.085*[#  32]+0.064*[#  10]+0.064*[#  30]+0.050*[#  23]+0.039*[#  12]
          +0.039*[#  14]+0.039*[#  21]+0.039*[#  22]+0.039*[#  31]+0.039*[#  34]
          +0.007*[#   6]+0.007*[#  16]+0.007*[#  26]+0.001*[#   1]
    |psi|^2 = 0.987
==== e(  27) =    14.75278 eV ==== 
     psi = 0.219*[#  20]+0.170*[#  13]+0.170*[#  33]+0.072*[#  10]+0.072*[#  30]
          +0.041*[#  11]+0.041*[#  24]+0.041*[#  32]+0.023*[#  12]+0.023*[#  14]
          +0.023*[#  21]+0.023*[#  22]+0.023*[#  31]+0.023*[#  34]+0.023*[#  23]
          
    |psi|^2 = 0.994
==== e(  28) =    15.42269 eV ==== 
     psi = 0.116*[#   1]+0.082*[#  20]+0.068*[#  13]+0.068*[#  33]+0.053*[#  11]
          +0.053*[#  24]+0.053*[#  32]+0.039*[#  10]+0.039*[#  30]+0.032*[#   6]
          +0.032*[#  16]+0.032*[#  26]+0.032*[#  12]+0.032*[#  14]+0.032*[#  21]
          +0.032*[#  22]+0.032*[#  31]+0.032*[#  34]+0.025*[#  23]+0.013*[#   2]
          +0.013*[#   3]+0.013*[#   4]
    |psi|^2 = 0.921
==== e(  29) =    15.45906 eV ==== 
     psi = 0.112*[#  12]+0.112*[#  14]+0.112*[#  21]+0.112*[#  22]+0.112*[#  31]
          +0.112*[#  34]+0.107*[#  23]+0.081*[#  10]+0.081*[#  30]+0.027*[#  13]
          +0.027*[#  33]
    |psi|^2 = 1.000
==== e(  30) =    17.12150 eV ==== 
     psi = 0.148*[#   2]+0.148*[#   3]+0.148*[#   4]+0.058*[#  23]+0.046*[#  10]
          +0.046*[#  30]+0.036*[#  12]+0.036*[#  14]+0.036*[#  21]+0.036*[#  22]
          +0.036*[#  31]+0.036*[#  34]+0.024*[#  11]+0.024*[#  24]+0.024*[#  32]
          +0.020*[#  13]+0.020*[#  33]+0.014*[#   6]+0.014*[#  16]+0.014*[#  26]
          +0.007*[#  20]
    |psi|^2 = 0.968
==== e(  31) =    17.16431 eV ==== 
     psi = 0.092*[#   1]+0.089*[#   2]+0.089*[#   3]+0.089*[#   4]+0.037*[#   6]
          +0.037*[#  16]+0.037*[#  26]+0.029*[#  20]+0.029*[#  13]+0.029*[#  33]
          +0.028*[#  10]+0.028*[#  30]+0.028*[#  12]+0.028*[#  14]+0.028*[#  21]
          +0.028*[#  22]+0.028*[#  23]+0.028*[#  31]+0.028*[#  34]+0.013*[#  11]
          +0.013*[#  24]+0.013*[#  32]+0.002*[#   5]+0.002*[#  15]+0.002*[#  25]
          
    |psi|^2 = 0.854
==== e(  32) =    20.26203 eV ==== 
     psi = 0.230*[#   1]+0.075*[#   6]+0.075*[#  16]+0.075*[#  26]+0.071*[#   2]
          +0.071*[#   3]+0.071*[#   4]+0.035*[#  11]+0.035*[#  24]+0.035*[#  32]
          +0.011*[#  12]+0.011*[#  14]+0.011*[#  21]+0.011*[#  22]+0.011*[#  31]
          +0.011*[#  34]+0.003*[#   5]+0.003*[#  15]+0.003*[#  20]+0.003*[#  25]
          +0.002*[#  13]+0.002*[#  33]+0.001*[#  10]+0.001*[#  30]
    |psi|^2 = 0.855
==== e(  33) =    20.42065 eV ==== 
     psi = 0.207*[#   6]+0.207*[#  16]+0.207*[#  26]+0.023*[#   2]+0.023*[#   3]
          +0.023*[#   4]+0.022*[#  12]+0.022*[#  14]+0.022*[#  21]+0.022*[#  22]
          +0.022*[#  31]+0.022*[#  34]+0.003*[#   5]+0.003*[#  15]+0.003*[#  25]
          +0.002*[#  11]+0.002*[#  24]+0.002*[#  32]+0.002*[#  20]+0.001*[#  13]
          +0.001*[#  33]+0.001*[#  10]+0.001*[#  30]
    |psi|^2 = 0.845
==== e(  34) =    22.68019 eV ==== 
     psi = 0.092*[#   6]+0.092*[#  16]+0.092*[#  26]+0.073*[#   2]+0.073*[#   3]
          +0.073*[#   4]+0.030*[#   1]+0.013*[#  11]+0.013*[#  24]+0.013*[#  32]
          +0.007*[#  12]+0.007*[#  14]+0.007*[#  21]+0.007*[#  22]+0.007*[#  31]
          +0.007*[#  34]+0.003*[#   5]+0.003*[#  15]+0.003*[#  25]
    |psi|^2 = 0.615
==== e(  35) =    25.57582 eV ==== 
     psi = 0.023*[#   6]+0.023*[#  16]+0.023*[#  26]+0.019*[#   2]+0.019*[#   3]
          +0.019*[#   4]+0.005*[#   1]+0.003*[#  11]+0.003*[#  12]+0.003*[#  14]
          +0.003*[#  21]+0.003*[#  22]+0.003*[#  24]+0.003*[#  31]+0.003*[#  32]
          +0.003*[#  34]
    |psi|^2 = 0.161

 k =   0.2500000000  0.2500000000 -0.5000000000
==== e(   1) =   -87.42852 eV ==== 
     psi = 0.321*[#   5]+0.321*[#  15]+0.321*[#  25]+0.012*[#   2]+0.012*[#   3]
          +0.012*[#   4]
    |psi|^2 = 1.000
==== e(   2) =   -87.42390 eV ==== 
     psi = 0.326*[#   5]+0.326*[#  15]+0.326*[#  25]+0.006*[#   2]+0.006*[#   3]
          +0.006*[#   4]+0.002*[#   1]
    |psi|^2 = 1.000
==== e(   3) =   -87.41929 eV ==== 
     psi = 0.330*[#   5]+0.330*[#  15]+0.330*[#  25]+0.003*[#   6]+0.003*[#  16]
          +0.003*[#  26]
    |psi|^2 = 1.000
==== e(   4) =   -47.87321 eV ==== 
     psi = 0.166*[#   9]+0.166*[#  17]+0.166*[#  28]+0.083*[#   7]+0.083*[#   8]
          +0.083*[#  18]+0.083*[#  19]+0.083*[#  27]+0.083*[#  29]
    |psi|^2 = 1.000
==== e(   5) =   -47.86758 eV ==== 
     psi = 0.166*[#   7]+0.166*[#   8]+0.166*[#  18]+0.166*[#  19]+0.166*[#  27]
          +0.166*[#  29]+0.002*[#   1]+0.001*[#   2]+0.001*[#   3]+0.001*[#   4]
          
    |psi|^2 = 1.000
==== e(   6) =   -47.86334 eV ==== 
     psi = 0.166*[#   7]+0.166*[#   8]+0.166*[#  18]+0.166*[#  19]+0.166*[#  27]
          +0.166*[#  29]+0.002*[#   2]+0.002*[#   3]+0.002*[#   4]
    |psi|^2 = 1.000
==== e(   7) =   -47.83722 eV ==== 
     psi = 0.172*[#   9]+0.172*[#  17]+0.172*[#  28]+0.080*[#   7]+0.080*[#   8]
          +0.080*[#  18]+0.080*[#  19]+0.080*[#  27]+0.080*[#  29]+0.001*[#   2]
          +0.001*[#   3]+0.001*[#   4]
    |psi|^2 = 1.000
==== e(   8) =   -47.80944 eV ==== 
     psi = 0.138*[#   7]+0.138*[#   8]+0.138*[#  18]+0.138*[#  19]+0.138*[#  27]
          +0.138*[#  29]+0.057*[#   9]+0.057*[#  17]+0.057*[#  28]
    |psi|^2 = 1.000
==== e(   9) =   -47.79009 eV ==== 
     psi = 0.166*[#   7]+0.166*[#   8]+0.166*[#  18]+0.166*[#  19]+0.166*[#  27]
          +0.166*[#  29]
    |psi|^2 = 1.000
==== e(  10) =   -47.78554 eV ==== 
     psi = 0.167*[#   7]+0.167*[#   8]+0.167*[#  18]+0.167*[#  19]+0.167*[#  27]
          +0.167*[#  29]
    |psi|^2 = 1.000
==== e(  11) =   -47.74836 eV ==== 
     psi = 0.276*[#   9]+0.276*[#  17]+0.276*[#  28]+0.028*[#   7]+0.028*[#   8]
          +0.028*[#  18]+0.028*[#  19]+0.028*[#  27]+0.028*[#  29]
    |psi|^2 = 1.000
==== e(  12) =   -47.74196 eV ==== 
     psi = 0.328*[#   9]+0.328*[#  17]+0.328*[#  28]+0.003*[#   7]+0.003*[#   8]
          +0.003*[#  18]+0.003*[#  19]+0.003*[#  27]+0.003*[#  29]
    |psi|^2 = 1.000
==== e(  13) =     9.15547 eV ==== 
     psi = 0.463*[#   1]+0.064*[#   6]+0.064*[#  16]+0.064*[#  26]+0.057*[#   2]
          +0.057*[#   3]+0.057*[#   4]+0.040*[#  11]+0.040*[#  24]+0.040*[#  32]
          +0.007*[#  20]+0.005*[#  13]+0.005*[#  33]+0.003*[#  12]+0.003*[#  14]
          +0.003*[#  21]+0.003*[#  22]+0.003*[#  31]+0.003*[#  34]+0.002*[#  10]
          +0.002*[#  30]+0.001*[#   5]+0.001*[#  15]+0.001*[#  25]
    |psi|^2 = 0.993
==== e(  14) =    10.08291 eV ==== 
     psi = 0.142*[#   2]+0.142*[#   3]+0.142*[#   4]+0.136*[#   6]+0.136*[#  16]
          +0.136*[#  26]+0.016*[#  12]+0.016*[#  14]+0.016*[#  21]+0.016*[#  22]
          +0.016*[#  31]+0.016*[#  34]+0.015*[#  23]+0.012*[#  10]+0.012*[#  30]
          +0.005*[#   5]+0.005*[#  15]+0.005*[#  25]+0.004*[#  13]+0.004*[#  33]
          
    |psi|^2 = 0.997
==== e(  15) =    11.61405 eV ==== 
     psi = 0.147*[#  11]+0.147*[#  24]+0.147*[#  32]+0.052*[#   2]+0.052*[#   3]
          +0.052*[#   4]+0.045*[#   1]+0.043*[#  12]+0.043*[#  14]+0.043*[#  21]
          +0.043*[#  22]+0.043*[#  31]+0.043*[#  34]+0.031*[#   6]+0.031*[#  16]
          +0.031*[#  26]
    |psi|^2 = 0.996
==== e(  16) =    12.68356 eV ==== 
     psi = 0.134*[#  12]+0.134*[#  14]+0.134*[#  21]+0.134*[#  22]+0.134*[#  31]
          +0.134*[#  34]+0.053*[#   6]+0.053*[#  16]+0.053*[#  26]+0.005*[#  23]
          +0.004*[#  10]+0.004*[#  30]+0.002*[#  13]+0.002*[#  33]
    |psi|^2 = 0.983
==== e(  17) =    12.68384 eV ==== 
     psi = 0.180*[#  20]+0.149*[#  13]+0.149*[#  33]+0.087*[#  10]+0.087*[#  30]
          +0.056*[#  23]+0.024*[#  12]+0.024*[#  14]+0.024*[#  21]+0.024*[#  22]
          +0.024*[#  31]+0.024*[#  34]+0.023*[#   2]+0.023*[#   3]+0.023*[#   4]
          +0.018*[#   6]+0.018*[#  16]+0.018*[#  26]
    |psi|^2 = 0.975
==== e(  18) =    12.77444 eV ==== 
     psi = 0.130*[#   2]+0.130*[#   3]+0.130*[#   4]+0.087*[#  11]+0.087*[#  24]
          +0.087*[#  32]+0.081*[#  23]+0.061*[#  10]+0.061*[#  30]+0.020*[#  13]
          +0.020*[#  33]+0.014*[#  12]+0.014*[#  14]+0.014*[#  21]+0.014*[#  22]
          +0.014*[#  31]+0.014*[#  34]
    |psi|^2 = 0.983
==== e(  19) =    13.16859 eV ==== 
     psi = 0.124*[#  12]+0.124*[#  14]+0.124*[#  21]+0.124*[#  22]+0.124*[#  31]
          +0.124*[#  34]+0.045*[#  20]+0.034*[#  13]+0.034*[#  33]+0.015*[#   6]
          +0.015*[#  16]+0.015*[#  26]+0.011*[#  10]+0.011*[#  30]+0.004*[#   2]
          +0.004*[#   3]+0.004*[#   4]
    |psi|^2 = 0.939
==== e(  20) =    13.33009 eV ==== 
     psi = 0.084*[#  11]+0.084*[#  24]+0.084*[#  32]+0.075*[#  12]+0.075*[#  14]
          +0.075*[#  21]+0.075*[#  22]+0.075*[#  31]+0.075*[#  34]+0.067*[#  20]
          +0.051*[#  13]+0.051*[#  33]+0.021*[#   2]+0.021*[#   3]+0.021*[#   4]
          +0.017*[#  10]+0.017*[#  30]+0.013*[#   1]+0.002*[#   6]+0.002*[#  16]
          +0.002*[#  26]
    |psi|^2 = 0.985
==== e(  21) =    13.45247 eV ==== 
     psi = 0.172*[#  23]+0.129*[#  10]+0.129*[#  30]+0.063*[#  12]+0.063*[#  14]
          +0.063*[#  21]+0.063*[#  22]+0.063*[#  31]+0.063*[#  34]+0.043*[#  13]
          +0.043*[#  33]+0.032*[#  11]+0.032*[#  24]+0.032*[#  32]
    |psi|^2 = 0.988
==== e(  22) =    13.58022 eV ==== 
     psi = 0.136*[#  23]+0.108*[#  10]+0.108*[#  30]+0.081*[#  12]+0.081*[#  14]
          +0.081*[#  21]+0.081*[#  22]+0.081*[#  31]+0.081*[#  34]+0.053*[#  13]
          +0.053*[#  33]+0.025*[#  20]+0.004*[#   2]+0.004*[#   3]+0.004*[#   4]
          
    |psi|^2 = 0.985
==== e(  23) =    14.21830 eV ==== 
     psi = 0.224*[#  23]+0.170*[#  10]+0.170*[#  30]+0.064*[#  13]+0.064*[#  33]
          +0.048*[#  12]+0.048*[#  14]+0.048*[#  21]+0.048*[#  22]+0.048*[#  31]
          +0.048*[#  34]+0.011*[#  20]
    |psi|^2 = 0.994
==== e(  24) =    14.37805 eV ==== 
     psi = 0.211*[#  11]+0.211*[#  24]+0.211*[#  32]+0.118*[#  20]+0.088*[#  13]
          +0.088*[#  33]+0.029*[#  10]+0.029*[#  30]+0.005*[#   1]
    |psi|^2 = 0.991
==== e(  25) =    14.66364 eV ==== 
     psi = 0.182*[#  11]+0.182*[#  24]+0.182*[#  32]+0.064*[#  12]+0.064*[#  14]
          +0.064*[#  21]+0.064*[#  22]+0.064*[#  31]+0.064*[#  34]+0.014*[#  23]
          +0.011*[#  10]+0.011*[#  30]+0.005*[#   2]+0.005*[#   3]+0.005*[#   4]
          +0.004*[#  13]+0.004*[#  33]
    |psi|^2 = 0.986
==== e(  26) =    14.67001 eV ==== 
     psi = 0.314*[#  20]+0.236*[#  13]+0.236*[#  33]+0.081*[#  10]+0.081*[#  30]
          +0.005*[#   6]+0.005*[#  16]+0.005*[#  26]+0.005*[#  12]+0.005*[#  14]
          +0.005*[#  21]+0.005*[#  22]+0.005*[#  31]+0.005*[#  34]+0.003*[#  23]
          
    |psi|^2 = 0.996
==== e(  27) =    14.70143 eV ==== 
     psi = 0.101*[#  23]+0.088*[#  10]+0.088*[#  30]+0.065*[#  12]+0.065*[#  14]
          +0.065*[#  21]+0.065*[#  22]+0.065*[#  31]+0.065*[#  34]+0.061*[#  13]
          +0.061*[#  33]+0.048*[#  20]+0.037*[#   6]+0.037*[#  16]+0.037*[#  26]
          
    |psi|^2 = 0.950
==== e(  28) =    14.98637 eV ==== 
     psi = 0.138*[#  20]+0.115*[#  11]+0.115*[#  24]+0.115*[#  32]+0.104*[#  13]
          +0.104*[#  33]+0.037*[#   1]+0.035*[#  10]+0.035*[#  30]+0.025*[#  12]
          +0.025*[#  14]+0.025*[#  21]+0.025*[#  22]+0.025*[#  31]+0.025*[#  34]
          +0.011*[#   2]+0.011*[#   3]+0.011*[#   4]+0.003*[#   6]+0.003*[#  16]
          +0.003*[#  26]
    |psi|^2 = 0.986
==== e(  29) =    15.39314 eV ==== 
     psi = 0.115*[#  12]+0.115*[#  14]+0.115*[#  21]+0.115*[#  22]+0.115*[#  31]
          +0.115*[#  34]+0.100*[#  23]+0.076*[#  10]+0.076*[#  30]+0.028*[#  13]
          +0.028*[#  33]+0.003*[#  20]
    |psi|^2 = 1.000
==== e(  30) =    17.25068 eV ==== 
     psi = 0.174*[#   2]+0.174*[#   3]+0.174*[#   4]+0.064*[#  23]+0.048*[#  10]
          +0.048*[#  30]+0.029*[#  11]+0.029*[#  24]+0.029*[#  32]+0.025*[#  12]
          +0.025*[#  14]+0.025*[#  21]+0.025*[#  22]+0.025*[#  31]+0.025*[#  34]
          +0.016*[#  13]+0.016*[#  33]
    |psi|^2 = 0.954
==== e(  31) =    17.59971 eV ==== 
     psi = 0.109*[#   2]+0.109*[#   3]+0.109*[#   4]+0.056*[#   6]+0.056*[#  16]
          +0.056*[#  26]+0.031*[#  20]+0.029*[#  13]+0.029*[#  33]+0.025*[#  10]
          +0.025*[#  30]+0.023*[#  23]+0.016*[#  12]+0.016*[#  14]+0.016*[#  21]
          +0.016*[#  22]+0.016*[#  31]+0.016*[#  34]+0.004*[#   5]+0.004*[#  15]
          +0.004*[#  25]
    |psi|^2 = 0.768
==== e(  32) =    19.49747 eV ==== 
     psi = 0.388*[#   1]+0.067*[#   6]+0.067*[#  16]+0.067*[#  26]+0.051*[#  11]
          +0.051*[#  24]+0.051*[#  32]+0.043*[#   2]+0.043*[#   3]+0.043*[#   4]
          +0.016*[#  12]+0.016*[#  14]+0.016*[#  21]+0.016*[#  22]+0.016*[#  31]
          +0.016*[#  34]
    |psi|^2 = 0.970
==== e(  33) =    19.89270 eV ==== 
     psi = 0.236*[#   6]+0.236*[#  16]+0.236*[#  26]+0.031*[#  12]+0.031*[#  14]
          +0.031*[#  21]+0.031*[#  22]+0.031*[#  31]+0.031*[#  34]+0.004*[#  20]
          +0.003*[#  13]+0.003*[#  33]+0.003*[#   5]+0.003*[#  15]+0.003*[#  25]
          +0.001*[#  10]+0.001*[#  30]
    |psi|^2 = 0.911
==== e(  34) =    23.40165 eV ==== 
     psi = 0.090*[#   2]+0.090*[#   3]+0.090*[#   4]+0.087*[#   6]+0.087*[#  16]
          +0.087*[#  26]+0.030*[#   1]+0.016*[#  11]+0.016*[#  24]+0.016*[#  32]
          +0.005*[#  12]+0.005*[#  14]+0.005*[#  21]+0.005*[#  22]+0.005*[#  31]
          +0.005*[#  34]+0.003*[#   5]+0.003*[#  15]+0.003*[#  25]
    |psi|^2 = 0.646
==== e(  35) =    24.60958 eV ==== 
     psi = 0.031*[#   6]+0.031*[#  16]+0.031*[#  26]+0.010*[#   2]+0.010*[#   3]
          +0.010*[#   4]+0.005*[#  12]+0.005*[#  14]+0.005*[#  21]+0.005*[#  22]
          +0.005*[#  31]+0.005*[#  34]+0.001*[#  20]
    |psi|^2 = 0.157

 k =   0.2500000000  0.3750000000  0.3750000000
==== e(   1) =   -87.42819 eV ==== 
     psi = 0.324*[#   5]+0.324*[#  15]+0.324*[#  25]+0.009*[#   2]+0.009*[#   3]
          +0.009*[#   4]
    |psi|^2 = 1.000
==== e(   2) =   -87.42254 eV ==== 
     psi = 0.327*[#   5]+0.327*[#  15]+0.327*[#  25]+0.004*[#   2]+0.004*[#   3]
          +0.004*[#   4]+0.001*[#   6]+0.001*[#  16]+0.001*[#  26]
    |psi|^2 = 1.000
==== e(   3) =   -87.42096 eV ==== 
     psi = 0.331*[#   5]+0.331*[#  15]+0.331*[#  25]+0.002*[#   6]+0.002*[#  16]
          +0.002*[#  26]
    |psi|^2 = 1.000
==== e(   4) =   -47.88101 eV ==== 
     psi = 0.128*[#   9]+0.128*[#  17]+0.128*[#  28]+0.102*[#   7]+0.102*[#   8]
          +0.102*[#  18]+0.102*[#  19]+0.102*[#  27]+0.102*[#  29]+0.001*[#   1]
          
    |psi|^2 = 1.000
==== e(   5) =   -47.87051 eV ==== 
     psi = 0.147*[#   7]+0.147*[#   8]+0.147*[#  18]+0.147*[#  19]+0.147*[#  27]
          +0.147*[#  29]+0.038*[#   9]+0.038*[#  17]+0.038*[#  28]+0.002*[#   2]
          +0.002*[#   3]+0.002*[#   4]
    |psi|^2 = 1.000
==== e(   6) =   -47.86231 eV ==== 
     psi = 0.165*[#   7]+0.165*[#   8]+0.165*[#  18]+0.165*[#  19]+0.165*[#  27]
          +0.165*[#  29]+0.002*[#   2]+0.002*[#   3]+0.002*[#   4]+0.002*[#   9]
          +0.002*[#  17]+0.002*[#  28]
    |psi|^2 = 1.000
==== e(   7) =   -47.84935 eV ==== 
     psi = 0.168*[#   9]+0.168*[#  17]+0.168*[#  28]+0.081*[#   7]+0.081*[#   8]
          +0.081*[#  18]+0.081*[#  19]+0.081*[#  27]+0.081*[#  29]+0.001*[#   2]
          +0.001*[#   3]+0.001*[#   4]
    |psi|^2 = 1.000
==== e(   8) =   -47.79644 eV ==== 
     psi = 0.149*[#   7]+0.149*[#   8]+0.149*[#  18]+0.149*[#  19]+0.149*[#  27]
          +0.149*[#  29]+0.035*[#   9]+0.035*[#  17]+0.035*[#  28]
    |psi|^2 = 1.000
==== e(   9) =   -47.79220 eV ==== 
     psi = 0.161*[#   7]+0.161*[#   8]+0.161*[#  18]+0.161*[#  19]+0.161*[#  27]
          +0.161*[#  29]+0.011*[#   9]+0.011*[#  17]+0.011*[#  28]
    |psi|^2 = 1.000
==== e(  10) =   -47.78009 eV ==== 
     psi = 0.165*[#   7]+0.165*[#   8]+0.165*[#  18]+0.165*[#  19]+0.165*[#  27]
          +0.165*[#  29]+0.003*[#   9]+0.003*[#  17]+0.003*[#  28]
    |psi|^2 = 1.000
==== e(  11) =   -47.74829 eV ==== 
     psi = 0.296*[#   9]+0.296*[#  17]+0.296*[#  28]+0.018*[#   7]+0.018*[#   8]
          +0.018*[#  18]+0.018*[#  19]+0.018*[#  27]+0.018*[#  29]
    |psi|^2 = 1.000
==== e(  12) =   -47.73706 eV ==== 
     psi = 0.317*[#   9]+0.317*[#  17]+0.317*[#  28]+0.008*[#   7]+0.008*[#   8]
          +0.008*[#  18]+0.008*[#  19]+0.008*[#  27]+0.008*[#  29]
    |psi|^2 = 1.000
==== e(  13) =     9.14926 eV ==== 
     psi = 0.360*[#   1]+0.077*[#   2]+0.077*[#   3]+0.077*[#   4]+0.076*[#   6]
          +0.076*[#  16]+0.076*[#  26]+0.041*[#  11]+0.041*[#  24]+0.041*[#  32]
          +0.005*[#  12]+0.005*[#  14]+0.005*[#  21]+0.005*[#  22]+0.005*[#  31]
          +0.005*[#  34]+0.003*[#   5]+0.003*[#  15]+0.003*[#  25]+0.003*[#  20]
          +0.002*[#  13]+0.002*[#  33]
    |psi|^2 = 0.995
==== e(  14) =    10.96845 eV ==== 
     psi = 0.132*[#   1]+0.115*[#  11]+0.115*[#  24]+0.115*[#  32]+0.059*[#   6]
          +0.059*[#  16]+0.059*[#  26]+0.050*[#   2]+0.050*[#   3]+0.050*[#   4]
          +0.027*[#  12]+0.027*[#  14]+0.027*[#  21]+0.027*[#  22]+0.027*[#  31]
          +0.027*[#  34]+0.003*[#  23]+0.003*[#  10]+0.003*[#  30]+0.003*[#  13]
          +0.003*[#  33]+0.003*[#  20]+0.001*[#   5]+0.001*[#  15]+0.001*[#  25]
          
    |psi|^2 = 0.992
==== e(  15) =    11.36594 eV ==== 
     psi = 0.126*[#   2]+0.126*[#   3]+0.126*[#   4]+0.079*[#   6]+0.079*[#  16]
          +0.079*[#  26]+0.047*[#  12]+0.047*[#  14]+0.047*[#  21]+0.047*[#  22]
          +0.047*[#  31]+0.047*[#  34]+0.025*[#  23]+0.020*[#  10]+0.020*[#  30]
          +0.010*[#  13]+0.010*[#  33]+0.005*[#  20]+0.001*[#   5]
    |psi|^2 = 0.995
==== e(  16) =    12.21520 eV ==== 
     psi = 0.086*[#  12]+0.086*[#  14]+0.086*[#  21]+0.086*[#  22]+0.086*[#  31]
          +0.086*[#  34]+0.071*[#   6]+0.071*[#  16]+0.071*[#  26]+0.037*[#   2]
          +0.037*[#   3]+0.037*[#   4]+0.026*[#  11]+0.026*[#  24]+0.026*[#  32]
          +0.016*[#  23]+0.014*[#  10]+0.014*[#  30]+0.009*[#  13]+0.009*[#  33]
          +0.007*[#  20]
    |psi|^2 = 0.989
==== e(  17) =    12.81062 eV ==== 
     psi = 0.090*[#   2]+0.090*[#   3]+0.090*[#   4]+0.072*[#  20]+0.070*[#  13]
          +0.070*[#  33]+0.066*[#  10]+0.066*[#  30]+0.064*[#  23]+0.038*[#  11]
          +0.038*[#  24]+0.038*[#  32]+0.028*[#  12]+0.028*[#  14]+0.028*[#  21]
          +0.028*[#  22]+0.028*[#  31]+0.028*[#  34]+0.006*[#   6]+0.006*[#  16]
          +0.006*[#  26]+0.001*[#   1]
    |psi|^2 = 0.982
==== e(  18) =    12.96754 eV ==== 
     psi = 0.113*[#  20]+0.085*[#  13]+0.085*[#  33]+0.079*[#  11]+0.079*[#  24]
          +0.079*[#  32]+0.041*[#  12]+0.041*[#  14]+0.041*[#  21]+0.041*[#  22]
          +0.041*[#  31]+0.041*[#  34]+0.039*[#   2]+0.039*[#   3]+0.039*[#   4]
          +0.029*[#  10]+0.029*[#  30]+0.014*[#   1]+0.008*[#   6]+0.008*[#  16]
          +0.008*[#  26]
    |psi|^2 = 0.975
==== e(  19) =    13.07023 eV ==== 
     psi = 0.079*[#  12]+0.079*[#  14]+0.079*[#  21]+0.079*[#  22]+0.079*[#  31]
          +0.079*[#  34]+0.071*[#  23]+0.063*[#  10]+0.063*[#  30]+0.047*[#  13]
          +0.047*[#  33]+0.042*[#   2]+0.042*[#   3]+0.042*[#   4]+0.039*[#  20]
          +0.012*[#  11]+0.012*[#  24]+0.012*[#  32]+0.004*[#   6]+0.004*[#  16]
          +0.004*[#  26]
    |psi|^2 = 0.984
==== e(  20) =    13.41487 eV ==== 
     psi = 0.101*[#  12]+0.101*[#  14]+0.101*[#  21]+0.101*[#  22]+0.101*[#  31]
          +0.101*[#  34]+0.049*[#  20]+0.037*[#  13]+0.037*[#  33]+0.024*[#   6]
          +0.024*[#  16]+0.024*[#  26]+0.016*[#  11]+0.016*[#  24]+0.016*[#  32]
          +0.013*[#  10]+0.013*[#  30]+0.009*[#   2]+0.009*[#   3]+0.009*[#   4]
          +0.001*[#  23]
    |psi|^2 = 0.905
==== e(  21) =    13.56366 eV ==== 
     psi = 0.119*[#  23]+0.093*[#  12]+0.093*[#  14]+0.093*[#  21]+0.093*[#  22]
          +0.093*[#  31]+0.093*[#  34]+0.090*[#  10]+0.090*[#  30]+0.030*[#  13]
          +0.030*[#  33]+0.015*[#  11]+0.015*[#  24]+0.015*[#  32]+0.010*[#   2]
          +0.010*[#   3]+0.010*[#   4]
    |psi|^2 = 0.993
==== e(  22) =    13.58808 eV ==== 
     psi = 0.145*[#  23]+0.112*[#  10]+0.112*[#  30]+0.075*[#  12]+0.075*[#  14]
          +0.075*[#  21]+0.075*[#  22]+0.075*[#  31]+0.075*[#  34]+0.045*[#  13]
          +0.045*[#  33]+0.018*[#  11]+0.018*[#  24]+0.018*[#  32]+0.012*[#  20]
          +0.004*[#   2]+0.004*[#   3]+0.004*[#   4]+0.002*[#   6]+0.002*[#  16]
          +0.002*[#  26]
    |psi|^2 = 0.990
==== e(  23) =    14.06902 eV ==== 
     psi = 0.217*[#  23]+0.163*[#  10]+0.163*[#  30]+0.057*[#  12]+0.057*[#  14]
          +0.057*[#  21]+0.057*[#  22]+0.057*[#  31]+0.057*[#  34]+0.054*[#  13]
          +0.054*[#  33]
    |psi|^2 = 0.996
==== e(  24) =    14.45583 eV ==== 
     psi = 0.191*[#  20]+0.149*[#  13]+0.149*[#  33]+0.117*[#  11]+0.117*[#  24]
          +0.117*[#  32]+0.064*[#  10]+0.064*[#  30]+0.021*[#  23]+0.001*[#   6]
          +0.001*[#  16]+0.001*[#  26]
    |psi|^2 = 0.994
==== e(  25) =    14.47389 eV ==== 
     psi = 0.198*[#  20]+0.149*[#  13]+0.149*[#  33]+0.096*[#  11]+0.096*[#  24]
          +0.096*[#  32]+0.050*[#  10]+0.050*[#  30]+0.016*[#  12]+0.016*[#  14]
          +0.016*[#  21]+0.016*[#  22]+0.016*[#  31]+0.016*[#  34]+0.004*[#   6]
          +0.004*[#  16]+0.004*[#  26]+0.001*[#   2]+0.001*[#   3]+0.001*[#   4]
          
    |psi|^2 = 0.992
==== e(  26) =    14.68435 eV ==== 
     psi = 0.178*[#  11]+0.178*[#  24]+0.178*[#  32]+0.067*[#  20]+0.056*[#  13]
          +0.056*[#  33]+0.035*[#  10]+0.035*[#  30]+0.030*[#  12]+0.030*[#  14]
          +0.030*[#  21]+0.030*[#  22]+0.030*[#  31]+0.030*[#  34]+0.024*[#  23]
          +0.001*[#   2]+0.001*[#   3]+0.001*[#   4]
    |psi|^2 = 0.995
==== e(  27) =    14.76820 eV ==== 
     psi = 0.108*[#  20]+0.093*[#  11]+0.093*[#  24]+0.093*[#  32]+0.088*[#  13]
          +0.088*[#  33]+0.048*[#  10]+0.048*[#  30]+0.040*[#  12]+0.040*[#  14]
          +0.040*[#  21]+0.040*[#  22]+0.040*[#  31]+0.040*[#  34]+0.028*[#  23]
          +0.011*[#   6]+0.011*[#  16]+0.011*[#  26]+0.006*[#   2]+0.006*[#   3]
          +0.006*[#   4]
    |psi|^2 = 0.980
==== e(  28) =    15.39822 eV ==== 
     psi = 0.112*[#  23]+0.109*[#  12]+0.109*[#  14]+0.109*[#  21]+0.109*[#  22]
          +0.109*[#  31]+0.109*[#  34]+0.084*[#  10]+0.084*[#  30]+0.029*[#  13]
          +0.029*[#  33]+0.002*[#   2]+0.002*[#   3]+0.002*[#   4]+0.001*[#  11]
          +0.001*[#  24]+0.001*[#  32]
    |psi|^2 = 0.999
==== e(  29) =    15.40158 eV ==== 
     psi = 0.111*[#   1]+0.075*[#  20]+0.061*[#  13]+0.061*[#  33]+0.059*[#  11]
          +0.059*[#  24]+0.059*[#  32]+0.053*[#   6]+0.053*[#  16]+0.053*[#  26]
          +0.034*[#  10]+0.034*[#  30]+0.021*[#  23]+0.020*[#   2]+0.020*[#   3]
          +0.020*[#   4]+0.015*[#  12]+0.015*[#  14]+0.015*[#  21]+0.015*[#  22]
          +0.015*[#  31]+0.015*[#  34]
    |psi|^2 = 0.888
==== e(  30) =    16.29166 eV ==== 
     psi = 0.084*[#   2]+0.084*[#   3]+0.084*[#   4]+0.074*[#  23]+0.063*[#  12]
          +0.063*[#  14]+0.063*[#  21]+0.063*[#  22]+0.063*[#  31]+0.063*[#  34]
          +0.063*[#  10]+0.063*[#  30]+0.040*[#  13]+0.040*[#  33]+0.028*[#  20]
          +0.010*[#   6]+0.010*[#  16]+0.010*[#  26]+0.007*[#  11]+0.007*[#  24]
          +0.007*[#  32]
    |psi|^2 = 0.991
==== e(  31) =    16.94136 eV ==== 
     psi = 0.136*[#   2]+0.136*[#   3]+0.136*[#   4]+0.052*[#  23]+0.043*[#  10]
          +0.043*[#  30]+0.026*[#  12]+0.026*[#  14]+0.026*[#  21]+0.026*[#  22]
          +0.026*[#  31]+0.026*[#  34]+0.025*[#  13]+0.025*[#  33]+0.023*[#   6]
          +0.023*[#  16]+0.023*[#  26]+0.017*[#  20]+0.015*[#  11]+0.015*[#  24]
          +0.015*[#  32]+0.004*[#   1]+0.001*[#   5]+0.001*[#  15]+0.001*[#  25]
          
    |psi|^2 = 0.897
==== e(  32) =    19.56322 eV ==== 
     psi = 0.236*[#   1]+0.132*[#   6]+0.132*[#  16]+0.132*[#  26]+0.035*[#  11]
          +0.035*[#  24]+0.035*[#  32]+0.026*[#   2]+0.026*[#   3]+0.026*[#   4]
          +0.023*[#  12]+0.023*[#  14]+0.023*[#  21]+0.023*[#  22]+0.023*[#  31]
          +0.023*[#  34]+0.002*[#  20]+0.002*[#  13]+0.002*[#  33]+0.001*[#   5]
          +0.001*[#  15]+0.001*[#  25]
    |psi|^2 = 0.962
==== e(  33) =    21.08648 eV ==== 
     psi = 0.196*[#   6]+0.196*[#  16]+0.196*[#  26]+0.040*[#   2]+0.040*[#   3]
          +0.040*[#   4]+0.019*[#  12]+0.019*[#  14]+0.019*[#  21]+0.019*[#  22]
          +0.019*[#  31]+0.019*[#  34]+0.003*[#   5]+0.003*[#  15]+0.003*[#  25]
          +0.001*[#  11]+0.001*[#  24]+0.001*[#  32]
    |psi|^2 = 0.839
==== e(  34) =    21.16119 eV ==== 
     psi = 0.123*[#   1]+0.077*[#   2]+0.077*[#   3]+0.077*[#   4]+0.077*[#   6]
          +0.077*[#  16]+0.077*[#  26]+0.029*[#  11]+0.029*[#  24]+0.029*[#  32]
          +0.009*[#  12]+0.009*[#  14]+0.009*[#  21]+0.009*[#  22]+0.009*[#  31]
          +0.009*[#  34]+0.002*[#  20]+0.002*[#   5]+0.002*[#  15]+0.002*[#  25]
          +0.002*[#  13]+0.002*[#  33]
    |psi|^2 = 0.739
==== e(  35) =    23.91968 eV ==== 
     psi = 0.049*[#   6]+0.049*[#  16]+0.049*[#  26]+0.028*[#   2]+0.028*[#   3]
          +0.028*[#   4]+0.008*[#   1]+0.006*[#  12]+0.006*[#  14]+0.006*[#  21]
          +0.006*[#  22]+0.006*[#  31]+0.006*[#  34]+0.004*[#  11]+0.004*[#  24]
          +0.004*[#  32]+0.001*[#   5]+0.001*[#  15]+0.001*[#  25]
    |psi|^2 = 0.292

 k =   0.2500000000  0.3750000000 -0.5000000000
==== e(   1) =   -87.42641 eV ==== 
     psi = 0.326*[#   5]+0.326*[#  15]+0.326*[#  25]+0.007*[#   2]+0.007*[#   3]
          +0.007*[#   4]
    |psi|^2 = 1.000
==== e(   2) =   -87.42390 eV ==== 
     psi = 0.327*[#   5]+0.327*[#  15]+0.327*[#  25]+0.005*[#   2]+0.005*[#   3]
          +0.005*[#   4]+0.001*[#   6]+0.001*[#  16]+0.001*[#  26]
    |psi|^2 = 1.000
==== e(   3) =   -87.42139 eV ==== 
     psi = 0.331*[#   5]+0.331*[#  15]+0.331*[#  25]+0.002*[#   6]+0.002*[#  16]
          +0.002*[#  26]
    |psi|^2 = 1.000
==== e(   4) =   -47.87762 eV ==== 
     psi = 0.165*[#   7]+0.165*[#   8]+0.165*[#  18]+0.165*[#  19]+0.165*[#  27]
          +0.165*[#  29]+0.002*[#   2]+0.002*[#   3]+0.002*[#   4]+0.002*[#   1]
          
    |psi|^2 = 1.000
==== e(   5) =   -47.87590 eV ==== 
     psi = 0.213*[#   9]+0.213*[#  17]+0.213*[#  28]+0.060*[#   7]+0.060*[#   8]
          +0.060*[#  18]+0.060*[#  19]+0.060*[#  27]+0.060*[#  29]
    |psi|^2 = 1.000
==== e(   6) =   -47.86542 eV ==== 
     psi = 0.165*[#   7]+0.165*[#   8]+0.165*[#  18]+0.165*[#  19]+0.165*[#  27]
          +0.165*[#  29]+0.002*[#   2]+0.002*[#   3]+0.002*[#   4]
    |psi|^2 = 1.000
==== e(   7) =   -47.85549 eV ==== 
     psi = 0.121*[#   9]+0.121*[#  17]+0.121*[#  28]+0.105*[#   7]+0.105*[#   8]
          +0.105*[#  18]+0.105*[#  19]+0.105*[#  27]+0.105*[#  29]+0.002*[#   2]
          +0.002*[#   3]+0.002*[#   4]
    |psi|^2 = 1.000
==== e(   8) =   -47.79434 eV ==== 
     psi = 0.154*[#   7]+0.154*[#   8]+0.154*[#  18]+0.154*[#  19]+0.154*[#  27]
          +0.154*[#  29]+0.025*[#   9]+0.025*[#  17]+0.025*[#  28]
    |psi|^2 = 1.000
==== e(   9) =   -47.78816 eV ==== 
     psi = 0.167*[#   7]+0.167*[#   8]+0.167*[#  18]+0.167*[#  19]+0.167*[#  27]
          +0.167*[#  29]
    |psi|^2 = 1.000
==== e(  10) =   -47.77612 eV ==== 
     psi = 0.167*[#   7]+0.167*[#   8]+0.167*[#  18]+0.167*[#  19]+0.167*[#  27]
          +0.167*[#  29]
    |psi|^2 = 1.000
==== e(  11) =   -47.75037 eV ==== 
     psi = 0.311*[#   9]+0.311*[#  17]+0.311*[#  28]+0.011*[#   7]+0.011*[#   8]
          +0.011*[#  18]+0.011*[#  19]+0.011*[#  27]+0.011*[#  29]
    |psi|^2 = 1.000
==== e(  12) =   -47.73527 eV ==== 
     psi = 0.329*[#   9]+0.329*[#  17]+0.329*[#  28]+0.002*[#   7]+0.002*[#   8]
          +0.002*[#  18]+0.002*[#  19]+0.002*[#  27]+0.002*[#  29]
    |psi|^2 = 1.000
==== e(  13) =     9.64548 eV ==== 
     psi = 0.466*[#   1]+0.090*[#  11]+0.090*[#  24]+0.090*[#  32]+0.045*[#   2]
          +0.045*[#   3]+0.045*[#   4]+0.030*[#   6]+0.030*[#  16]+0.030*[#  26]
          +0.003*[#  12]+0.003*[#  14]+0.003*[#  20]+0.003*[#  21]+0.003*[#  22]
          +0.003*[#  31]+0.003*[#  34]+0.002*[#  13]+0.002*[#  33]
    |psi|^2 = 0.993
==== e(  14) =    10.69009 eV ==== 
     psi = 0.126*[#   2]+0.126*[#   3]+0.126*[#   4]+0.120*[#   6]+0.120*[#  16]
          +0.120*[#  26]+0.035*[#  12]+0.035*[#  14]+0.035*[#  21]+0.035*[#  22]
          +0.035*[#  31]+0.035*[#  34]+0.011*[#  23]+0.008*[#  10]+0.008*[#  30]
          +0.003*[#  13]+0.003*[#  33]+0.003*[#   5]+0.003*[#  15]+0.003*[#  25]
          
    |psi|^2 = 0.995
==== e(  15) =    11.30924 eV ==== 
     psi = 0.082*[#   2]+0.082*[#   3]+0.082*[#   4]+0.078*[#  11]+0.078*[#  24]
          +0.078*[#  32]+0.058*[#   6]+0.058*[#  16]+0.058*[#  26]+0.049*[#  12]
          +0.049*[#  14]+0.049*[#  21]+0.049*[#  22]+0.049*[#  31]+0.049*[#  34]
          +0.031*[#   1]+0.004*[#  23]+0.003*[#  10]+0.003*[#  30]+0.002*[#  13]
          +0.002*[#  33]+0.001*[#  20]
    |psi|^2 = 0.996
==== e(  16) =    12.22659 eV ==== 
     psi = 0.111*[#  12]+0.111*[#  14]+0.111*[#  21]+0.111*[#  22]+0.111*[#  31]
          +0.111*[#  34]+0.085*[#   6]+0.085*[#  16]+0.085*[#  26]+0.015*[#  20]
          +0.012*[#  13]+0.012*[#  33]+0.005*[#   2]+0.005*[#   3]+0.005*[#   4]
          +0.005*[#  10]+0.005*[#  30]+0.001*[#  23]
    |psi|^2 = 0.986
==== e(  17) =    12.86026 eV ==== 
     psi = 0.144*[#   2]+0.144*[#   3]+0.144*[#   4]+0.120*[#  11]+0.120*[#  24]
          +0.120*[#  32]+0.047*[#  23]+0.036*[#  10]+0.036*[#  30]+0.017*[#   1]
          +0.012*[#  13]+0.012*[#  33]+0.005*[#  12]+0.005*[#  14]+0.005*[#  21]
          +0.005*[#  22]+0.005*[#  31]+0.005*[#  34]
    |psi|^2 = 0.987
==== e(  18) =    12.95017 eV ==== 
     psi = 0.101*[#  20]+0.093*[#  13]+0.093*[#  33]+0.077*[#  10]+0.077*[#  30]
          +0.069*[#  23]+0.054*[#  12]+0.054*[#  14]+0.054*[#  21]+0.054*[#  22]
          +0.054*[#  31]+0.054*[#  34]+0.043*[#   2]+0.043*[#   3]+0.043*[#   4]
          +0.006*[#   6]+0.006*[#  16]+0.006*[#  26]
    |psi|^2 = 0.986
==== e(  19) =    13.16872 eV ==== 
     psi = 0.065*[#  12]+0.065*[#  14]+0.065*[#  21]+0.065*[#  22]+0.065*[#  31]
          +0.065*[#  34]+0.061*[#  20]+0.058*[#  13]+0.058*[#  33]+0.053*[#  10]
          +0.053*[#  30]+0.050*[#  23]+0.043*[#   2]+0.043*[#   3]+0.043*[#   4]
          +0.041*[#  11]+0.041*[#  24]+0.041*[#  32]+0.010*[#   1]+0.002*[#   6]
          +0.002*[#  16]+0.002*[#  26]
    |psi|^2 = 0.989
==== e(  20) =    13.49382 eV ==== 
     psi = 0.092*[#  20]+0.083*[#  12]+0.083*[#  14]+0.083*[#  21]+0.083*[#  22]
          +0.083*[#  31]+0.083*[#  34]+0.069*[#  13]+0.069*[#  33]+0.028*[#   6]
          +0.028*[#  16]+0.028*[#  26]+0.024*[#  10]+0.024*[#  30]+0.006*[#   2]
          +0.006*[#   3]+0.006*[#   4]
    |psi|^2 = 0.881
==== e(  21) =    13.60885 eV ==== 
     psi = 0.123*[#  23]+0.095*[#  10]+0.095*[#  30]+0.085*[#  12]+0.085*[#  14]
          +0.085*[#  21]+0.085*[#  22]+0.085*[#  31]+0.085*[#  34]+0.038*[#  13]
          +0.038*[#  33]+0.019*[#  11]+0.019*[#  24]+0.019*[#  32]+0.010*[#  20]
          +0.008*[#   2]+0.008*[#   3]+0.008*[#   4]
    |psi|^2 = 0.991
==== e(  22) =    13.63343 eV ==== 
     psi = 0.130*[#  23]+0.105*[#  10]+0.105*[#  30]+0.079*[#  12]+0.079*[#  14]
          +0.079*[#  21]+0.079*[#  22]+0.079*[#  31]+0.079*[#  34]+0.057*[#  13]
          +0.057*[#  33]+0.033*[#  20]+0.006*[#   2]+0.006*[#   3]+0.006*[#   4]
          
    |psi|^2 = 0.983
==== e(  23) =    13.98111 eV ==== 
     psi = 0.218*[#  23]+0.164*[#  10]+0.164*[#  30]+0.056*[#  12]+0.056*[#  14]
          +0.056*[#  21]+0.056*[#  22]+0.056*[#  31]+0.056*[#  34]+0.056*[#  13]
          +0.056*[#  33]+0.002*[#  20]
    |psi|^2 = 0.996
==== e(  24) =    14.44866 eV ==== 
     psi = 0.154*[#  11]+0.154*[#  24]+0.154*[#  32]+0.139*[#  20]+0.107*[#  13]
          +0.107*[#  33]+0.044*[#  10]+0.044*[#  30]+0.012*[#  23]+0.010*[#  12]
          +0.010*[#  14]+0.010*[#  21]+0.010*[#  22]+0.010*[#  31]+0.010*[#  34]
          +0.004*[#   2]+0.004*[#   3]+0.004*[#   4]+0.001*[#   1]
    |psi|^2 = 0.990
==== e(  25) =    14.51840 eV ==== 
     psi = 0.307*[#  20]+0.232*[#  13]+0.232*[#  33]+0.082*[#  10]+0.082*[#  30]
          +0.007*[#  23]+0.006*[#   6]+0.006*[#  16]+0.006*[#  26]+0.005*[#  12]
          +0.005*[#  14]+0.005*[#  21]+0.005*[#  22]+0.005*[#  31]+0.005*[#  34]
          
    |psi|^2 = 0.995
==== e(  26) =    14.68705 eV ==== 
     psi = 0.237*[#  11]+0.237*[#  24]+0.237*[#  32]+0.031*[#  12]+0.031*[#  14]
          +0.031*[#  21]+0.031*[#  22]+0.031*[#  31]+0.031*[#  34]+0.014*[#  20]
          +0.013*[#  13]+0.013*[#  33]+0.012*[#  10]+0.012*[#  30]+0.011*[#  23]
          +0.007*[#   2]+0.007*[#   3]+0.007*[#   4]
    |psi|^2 = 0.991
==== e(  27) =    14.86251 eV ==== 
     psi = 0.069*[#  20]+0.068*[#  13]+0.068*[#  33]+0.067*[#  10]+0.067*[#  30]
          +0.066*[#  23]+0.062*[#   6]+0.062*[#  16]+0.062*[#  26]+0.054*[#  12]
          +0.054*[#  14]+0.054*[#  21]+0.054*[#  22]+0.054*[#  31]+0.054*[#  34]
          
    |psi|^2 = 0.918
==== e(  28) =    14.95989 eV ==== 
     psi = 0.160*[#  11]+0.160*[#  24]+0.160*[#  32]+0.094*[#  20]+0.071*[#  13]
          +0.071*[#  33]+0.050*[#   1]+0.027*[#   2]+0.027*[#   3]+0.027*[#   4]
          +0.024*[#  10]+0.024*[#  30]+0.013*[#  12]+0.013*[#  14]+0.013*[#  21]
          +0.013*[#  22]+0.013*[#  31]+0.013*[#  34]
    |psi|^2 = 0.977
==== e(  29) =    15.33028 eV ==== 
     psi = 0.110*[#  23]+0.108*[#  12]+0.108*[#  14]+0.108*[#  21]+0.108*[#  22]
          +0.108*[#  31]+0.108*[#  34]+0.083*[#  10]+0.083*[#  30]+0.029*[#  13]
          +0.029*[#  33]+0.003*[#   6]+0.003*[#  16]+0.003*[#  20]+0.003*[#  26]
          
    |psi|^2 = 0.995
==== e(  30) =    16.44433 eV ==== 
     psi = 0.109*[#   2]+0.109*[#   3]+0.109*[#   4]+0.084*[#  23]+0.065*[#  10]
          +0.065*[#  30]+0.049*[#  12]+0.049*[#  14]+0.049*[#  21]+0.049*[#  22]
          +0.049*[#  31]+0.049*[#  34]+0.028*[#  13]+0.028*[#  33]+0.020*[#  11]
          +0.020*[#  24]+0.020*[#  32]+0.012*[#   1]+0.009*[#  20]+0.004*[#   6]
          +0.004*[#  16]+0.004*[#  26]
    |psi|^2 = 0.982
==== e(  31) =    16.54347 eV ==== 
     psi = 0.089*[#   2]+0.089*[#   3]+0.089*[#   4]+0.051*[#  23]+0.047*[#  10]
          +0.047*[#  30]+0.041*[#  12]+0.041*[#  14]+0.041*[#  21]+0.041*[#  22]
          +0.041*[#  31]+0.041*[#  34]+0.041*[#   6]+0.041*[#  16]+0.041*[#  26]
          +0.040*[#  13]+0.040*[#  33]+0.036*[#  20]+0.002*[#   5]+0.002*[#  15]
          +0.002*[#  25]
    |psi|^2 = 0.906
==== e(  32) =    19.71884 eV ==== 
     psi = 0.338*[#   1]+0.067*[#   6]+0.067*[#  16]+0.067*[#  26]+0.060*[#   2]
          +0.060*[#   3]+0.060*[#   4]+0.055*[#  11]+0.055*[#  24]+0.055*[#  32]
          +0.013*[#  12]+0.013*[#  14]+0.013*[#  21]+0.013*[#  22]+0.013*[#  31]
          +0.013*[#  34]
    |psi|^2 = 0.969
==== e(  33) =    20.25185 eV ==== 
     psi = 0.207*[#   6]+0.207*[#  16]+0.207*[#  26]+0.028*[#  12]+0.028*[#  14]
          +0.028*[#  21]+0.028*[#  22]+0.028*[#  31]+0.028*[#  34]+0.016*[#   2]
          +0.016*[#   3]+0.016*[#   4]+0.003*[#  20]+0.003*[#   5]+0.003*[#  13]
          +0.003*[#  15]+0.003*[#  25]+0.003*[#  33]+0.001*[#  10]+0.001*[#  30]
          
    |psi|^2 = 0.857
==== e(  34) =    21.83389 eV ==== 
     psi = 0.125*[#   6]+0.125*[#  16]+0.125*[#  26]+0.084*[#   2]+0.084*[#   3]
          +0.084*[#   4]+0.067*[#   1]+0.020*[#  11]+0.020*[#  24]+0.020*[#  32]
          +0.010*[#  12]+0.010*[#  14]+0.010*[#  21]+0.010*[#  22]+0.010*[#  31]
          +0.010*[#  34]+0.003*[#   5]+0.003*[#  15]+0.003*[#  25]
    |psi|^2 = 0.824
==== e(  35) =    22.91359 eV ==== 
     psi = 0.056*[#   6]+0.056*[#  16]+0.056*[#  26]+0.011*[#   2]+0.011*[#   3]
          +0.011*[#   4]+0.010*[#  12]+0.010*[#  14]+0.010*[#  21]+0.010*[#  22]
          +0.010*[#  31]+0.010*[#  34]+0.002*[#  20]+0.001*[#  13]+0.001*[#  33]
          
    |psi|^2 = 0.268

 k =   0.2500000000 -0.5000000000 -0.5000000000
==== e(   1) =   -87.42388 eV ==== 
     psi = 0.333*[#   5]+0.333*[#  15]+0.333*[#  25]
    |psi|^2 = 1.000
==== e(   2) =   -87.42388 eV ==== 
     psi = 0.327*[#   5]+0.327*[#  15]+0.327*[#  25]+0.005*[#   2]+0.005*[#   3]
          +0.005*[#   4]+0.001*[#   6]+0.001*[#  16]+0.001*[#  26]
    |psi|^2 = 1.000
==== e(   3) =   -87.42388 eV ==== 
     psi = 0.327*[#   5]+0.327*[#  15]+0.327*[#  25]+0.005*[#   2]+0.005*[#   3]
          +0.005*[#   4]+0.001*[#   6]+0.001*[#  16]+0.001*[#  26]
    |psi|^2 = 1.000
==== e(   4) =   -47.88136 eV ==== 
     psi = 0.165*[#   7]+0.165*[#   8]+0.165*[#  18]+0.165*[#  19]+0.165*[#  27]
          +0.165*[#  29]+0.002*[#   2]+0.002*[#   3]+0.002*[#   4]+0.002*[#   1]
          
    |psi|^2 = 1.000
==== e(   5) =   -47.87302 eV ==== 
     psi = 0.333*[#   9]+0.333*[#  17]+0.333*[#  28]
    |psi|^2 = 1.000
==== e(   6) =   -47.86527 eV ==== 
     psi = 0.165*[#   7]+0.165*[#   8]+0.165*[#  18]+0.165*[#  19]+0.165*[#  27]
          +0.165*[#  29]+0.002*[#   2]+0.002*[#   3]+0.002*[#   4]
    |psi|^2 = 1.000
==== e(   7) =   -47.86527 eV ==== 
     psi = 0.165*[#   7]+0.165*[#   8]+0.165*[#  18]+0.165*[#  19]+0.165*[#  27]
          +0.165*[#  29]+0.002*[#   2]+0.002*[#   3]+0.002*[#   4]
    |psi|^2 = 1.000
==== e(   8) =   -47.78783 eV ==== 
     psi = 0.167*[#   7]+0.167*[#   8]+0.167*[#  18]+0.167*[#  19]+0.167*[#  27]
          +0.167*[#  29]
    |psi|^2 = 1.000
==== e(   9) =   -47.78783 eV ==== 
     psi = 0.167*[#   7]+0.167*[#   8]+0.167*[#  18]+0.167*[#  19]+0.167*[#  27]
          +0.167*[#  29]
    |psi|^2 = 1.000
==== e(  10) =   -47.77214 eV ==== 
     psi = 0.167*[#   7]+0.167*[#   8]+0.167*[#  18]+0.167*[#  19]+0.167*[#  27]
          +0.167*[#  29]
    |psi|^2 = 1.000
==== e(  11) =   -47.75239 eV ==== 
     psi = 0.333*[#   9]+0.333*[#  17]+0.333*[#  28]
    |psi|^2 = 1.000
==== e(  12) =   -47.73221 eV ==== 
     psi = 0.333*[#   9]+0.333*[#  17]+0.333*[#  28]
    |psi|^2 = 1.000
==== e(  13) =     9.93965 eV ==== 
     psi = 0.501*[#   1]+0.149*[#  11]+0.149*[#  24]+0.149*[#  32]+0.014*[#   2]
          +0.014*[#   3]+0.014*[#   4]
    |psi|^2 = 0.992
==== e(  14) =    11.10666 eV ==== 
     psi = 0.125*[#   2]+0.125*[#   3]+0.125*[#   4]+0.085*[#   6]+0.085*[#  16]
          +0.085*[#  26]+0.055*[#  12]+0.055*[#  14]+0.055*[#  21]+0.055*[#  22]
          +0.055*[#  31]+0.055*[#  34]+0.007*[#  23]+0.006*[#  10]+0.006*[#  30]
          +0.004*[#  13]+0.004*[#  33]+0.003*[#  20]+0.002*[#   5]+0.002*[#  15]
          +0.002*[#  25]
    |psi|^2 = 0.996
==== e(  15) =    11.10666 eV ==== 
     psi = 0.125*[#   2]+0.125*[#   3]+0.125*[#   4]+0.085*[#   6]+0.085*[#  16]
          +0.085*[#  26]+0.055*[#  12]+0.055*[#  14]+0.055*[#  21]+0.055*[#  22]
          +0.055*[#  31]+0.055*[#  34]+0.007*[#  23]+0.006*[#  10]+0.006*[#  30]
          +0.004*[#  13]+0.004*[#  33]+0.003*[#  20]+0.002*[#   5]+0.002*[#  15]
          +0.002*[#  25]
    |psi|^2 = 0.996
==== e(  16) =    11.90087 eV ==== 
     psi = 0.128*[#   6]+0.128*[#  16]+0.128*[#  26]+0.093*[#  12]+0.093*[#  14]
          +0.093*[#  21]+0.093*[#  22]+0.093*[#  31]+0.093*[#  34]+0.013*[#  20]
          +0.010*[#  13]+0.010*[#  33]+0.003*[#  10]+0.003*[#  30]
    |psi|^2 = 0.985
==== e(  17) =    12.88019 eV ==== 
     psi = 0.178*[#  11]+0.178*[#  24]+0.178*[#  32]+0.137*[#   2]+0.137*[#   3]
          +0.137*[#   4]+0.041*[#   1]
    |psi|^2 = 0.990
==== e(  18) =    13.11057 eV ==== 
     psi = 0.088*[#  23]+0.081*[#  10]+0.081*[#  30]+0.066*[#  13]+0.066*[#  33]
          +0.060*[#  12]+0.060*[#  14]+0.060*[#  21]+0.060*[#  22]+0.060*[#  31]
          +0.060*[#  34]+0.060*[#   2]+0.060*[#   3]+0.060*[#   4]+0.059*[#  20]
          +0.002*[#   6]+0.002*[#  16]+0.002*[#  26]
    |psi|^2 = 0.990
==== e(  19) =    13.11057 eV ==== 
     psi = 0.088*[#  23]+0.081*[#  10]+0.081*[#  30]+0.066*[#  13]+0.066*[#  33]
          +0.060*[#  12]+0.060*[#  14]+0.060*[#  21]+0.060*[#  22]+0.060*[#  31]
          +0.060*[#  34]+0.060*[#   2]+0.060*[#   3]+0.060*[#   4]+0.059*[#  20]
          +0.002*[#   6]+0.002*[#  16]+0.002*[#  26]
    |psi|^2 = 0.990
==== e(  20) =    13.68571 eV ==== 
     psi = 0.110*[#  23]+0.097*[#  12]+0.097*[#  14]+0.097*[#  21]+0.097*[#  22]
          +0.097*[#  31]+0.097*[#  34]+0.086*[#  10]+0.086*[#  30]+0.038*[#  13]
          +0.038*[#  33]+0.014*[#  20]+0.013*[#   2]+0.013*[#   3]+0.013*[#   4]
          
    |psi|^2 = 0.992
==== e(  21) =    13.68571 eV ==== 
     psi = 0.110*[#  23]+0.097*[#  12]+0.097*[#  14]+0.097*[#  21]+0.097*[#  22]
          +0.097*[#  31]+0.097*[#  34]+0.086*[#  10]+0.086*[#  30]+0.038*[#  13]
          +0.038*[#  33]+0.014*[#  20]+0.013*[#   2]+0.013*[#   3]+0.013*[#   4]
          
    |psi|^2 = 0.992
==== e(  22) =    13.69179 eV ==== 
     psi = 0.174*[#  20]+0.130*[#  13]+0.130*[#  33]+0.043*[#  10]+0.043*[#  30]
          +0.038*[#  12]+0.038*[#  14]+0.038*[#  21]+0.038*[#  22]+0.038*[#  31]
          +0.038*[#  34]+0.029*[#   6]+0.029*[#  16]+0.029*[#  26]
    |psi|^2 = 0.838
==== e(  23) =    13.86775 eV ==== 
     psi = 0.222*[#  23]+0.166*[#  10]+0.166*[#  30]+0.055*[#  13]+0.055*[#  33]
          +0.055*[#  12]+0.055*[#  14]+0.055*[#  21]+0.055*[#  22]+0.055*[#  31]
          +0.055*[#  34]
    |psi|^2 = 0.997
==== e(  24) =    14.54327 eV ==== 
     psi = 0.228*[#  20]+0.179*[#  13]+0.179*[#  33]+0.083*[#  10]+0.083*[#  30]
          +0.034*[#  23]+0.028*[#  12]+0.028*[#  14]+0.028*[#  21]+0.028*[#  22]
          +0.028*[#  31]+0.028*[#  34]+0.010*[#   2]+0.010*[#   3]+0.010*[#   4]
          
    |psi|^2 = 0.989
==== e(  25) =    14.54327 eV ==== 
     psi = 0.228*[#  20]+0.179*[#  13]+0.179*[#  33]+0.083*[#  10]+0.083*[#  30]
          +0.034*[#  23]+0.028*[#  12]+0.028*[#  14]+0.028*[#  21]+0.028*[#  22]
          +0.028*[#  31]+0.028*[#  34]+0.010*[#   2]+0.010*[#   3]+0.010*[#   4]
          
    |psi|^2 = 0.989
==== e(  26) =    14.64059 eV ==== 
     psi = 0.332*[#  11]+0.332*[#  24]+0.332*[#  32]
    |psi|^2 = 0.997
==== e(  27) =    14.73682 eV ==== 
     psi = 0.141*[#  20]+0.112*[#   6]+0.112*[#  16]+0.112*[#  26]+0.106*[#  13]
          +0.106*[#  33]+0.035*[#  10]+0.035*[#  30]+0.020*[#  12]+0.020*[#  14]
          +0.020*[#  21]+0.020*[#  22]+0.020*[#  31]+0.020*[#  34]
    |psi|^2 = 0.882
==== e(  28) =    14.90882 eV ==== 
     psi = 0.258*[#  11]+0.258*[#  24]+0.258*[#  32]+0.062*[#   1]+0.044*[#   2]
          +0.044*[#   3]+0.044*[#   4]
    |psi|^2 = 0.969
==== e(  29) =    15.21401 eV ==== 
     psi = 0.111*[#  12]+0.111*[#  14]+0.111*[#  21]+0.111*[#  22]+0.111*[#  31]
          +0.111*[#  34]+0.111*[#  23]+0.083*[#  10]+0.083*[#  30]+0.028*[#  13]
          +0.028*[#  33]
    |psi|^2 = 0.999
==== e(  30) =    16.11669 eV ==== 
     psi = 0.092*[#  23]+0.076*[#  10]+0.076*[#  30]+0.069*[#  12]+0.069*[#  14]
          +0.069*[#  21]+0.069*[#  22]+0.069*[#  31]+0.069*[#  34]+0.065*[#   2]
          +0.065*[#   3]+0.065*[#   4]+0.044*[#  13]+0.044*[#  33]+0.028*[#  20]
          +0.006*[#   6]+0.006*[#  16]+0.006*[#  26]
    |psi|^2 = 0.994
==== e(  31) =    16.11669 eV ==== 
     psi = 0.092*[#  23]+0.076*[#  10]+0.076*[#  30]+0.069*[#  12]+0.069*[#  14]
          +0.069*[#  21]+0.069*[#  22]+0.069*[#  31]+0.069*[#  34]+0.065*[#   2]
          +0.065*[#   3]+0.065*[#   4]+0.044*[#  13]+0.044*[#  33]+0.028*[#  20]
          +0.006*[#   6]+0.006*[#  16]+0.006*[#  26]
    |psi|^2 = 0.994
==== e(  32) =    20.27765 eV ==== 
     psi = 0.392*[#   1]+0.117*[#   2]+0.117*[#   3]+0.117*[#   4]+0.077*[#  11]
          +0.077*[#  24]+0.077*[#  32]
    |psi|^2 = 0.972
==== e(  33) =    20.86110 eV ==== 
     psi = 0.203*[#   6]+0.203*[#  16]+0.203*[#  26]+0.036*[#   2]+0.036*[#   3]
          +0.036*[#   4]+0.023*[#  12]+0.023*[#  14]+0.023*[#  21]+0.023*[#  22]
          +0.023*[#  31]+0.023*[#  34]+0.003*[#   5]+0.003*[#  15]+0.003*[#  25]
          
    |psi|^2 = 0.866
==== e(  34) =    20.86110 eV ==== 
     psi = 0.203*[#   6]+0.203*[#  16]+0.203*[#  26]+0.036*[#   2]+0.036*[#   3]
          +0.036*[#   4]+0.023*[#  12]+0.023*[#  14]+0.023*[#  21]+0.023*[#  22]
          +0.023*[#  31]+0.023*[#  34]+0.003*[#   5]+0.003*[#  15]+0.003*[#  25]
          
    |psi|^2 = 0.866
==== e(  35) =    21.92502 eV ==== 
     psi = 0.054*[#   6]+0.054*[#  16]+0.054*[#  26]+0.014*[#  12]+0.014*[#  14]
          +0.014*[#  21]+0.014*[#  22]+0.014*[#  31]+0.014*[#  34]+0.004*[#  20]
          +0.003*[#  13]+0.003*[#  33]+0.001*[#  10]+0.001*[#  30]
    |psi|^2 = 0.261

 k =   0.3750000000  0.3750000000  0.3750000000
==== e(   1) =   -87.42661 eV ==== 
     psi = 0.327*[#   5]+0.327*[#  15]+0.327*[#  25]+0.006*[#   2]+0.006*[#   3]
          +0.006*[#   4]
    |psi|^2 = 1.000
==== e(   2) =   -87.42252 eV ==== 
     psi = 0.330*[#   5]+0.330*[#  15]+0.330*[#  25]+0.001*[#   2]+0.001*[#   3]
          +0.001*[#   4]+0.001*[#   6]+0.001*[#  16]+0.001*[#  26]
    |psi|^2 = 1.000
==== e(   3) =   -87.42252 eV ==== 
     psi = 0.330*[#   5]+0.330*[#  15]+0.330*[#  25]+0.001*[#   2]+0.001*[#   3]
          +0.001*[#   4]+0.001*[#   6]+0.001*[#  16]+0.001*[#  26]
    |psi|^2 = 1.000
==== e(   4) =   -47.88596 eV ==== 
     psi = 0.196*[#   9]+0.196*[#  17]+0.196*[#  28]+0.068*[#   7]+0.068*[#   8]
          +0.068*[#  18]+0.068*[#  19]+0.068*[#  27]+0.068*[#  29]
    |psi|^2 = 1.000
==== e(   5) =   -47.87306 eV ==== 
     psi = 0.165*[#   7]+0.165*[#   8]+0.165*[#  18]+0.165*[#  19]+0.165*[#  27]
          +0.165*[#  29]+0.003*[#   2]+0.003*[#   3]+0.003*[#   4]
    |psi|^2 = 1.000
==== e(   6) =   -47.87306 eV ==== 
     psi = 0.165*[#   7]+0.165*[#   8]+0.165*[#  18]+0.165*[#  19]+0.165*[#  27]
          +0.165*[#  29]+0.003*[#   2]+0.003*[#   3]+0.003*[#   4]
    |psi|^2 = 1.000
==== e(   7) =   -47.86682 eV ==== 
     psi = 0.137*[#   9]+0.137*[#  17]+0.137*[#  28]+0.097*[#   7]+0.097*[#   8]
          +0.097*[#  18]+0.097*[#  19]+0.097*[#  27]+0.097*[#  29]+0.002*[#   2]
          +0.002*[#   3]+0.002*[#   4]
    |psi|^2 = 1.000
==== e(   8) =   -47.78199 eV ==== 
     psi = 0.161*[#   7]+0.161*[#   8]+0.161*[#  18]+0.161*[#  19]+0.161*[#  27]
          +0.161*[#  29]+0.011*[#   9]+0.011*[#  17]+0.011*[#  28]
    |psi|^2 = 1.000
==== e(   9) =   -47.78199 eV ==== 
     psi = 0.161*[#   7]+0.161*[#   8]+0.161*[#  18]+0.161*[#  19]+0.161*[#  27]
          +0.161*[#  29]+0.011*[#   9]+0.011*[#  17]+0.011*[#  28]
    |psi|^2 = 1.000
==== e(  10) =   -47.77849 eV ==== 
     psi = 0.167*[#   7]+0.167*[#   8]+0.167*[#  18]+0.167*[#  19]+0.167*[#  27]
          +0.167*[#  29]
    |psi|^2 = 1.000
==== e(  11) =   -47.73818 eV ==== 
     psi = 0.322*[#   9]+0.322*[#  17]+0.322*[#  28]+0.006*[#   7]+0.006*[#   8]
          +0.006*[#  18]+0.006*[#  19]+0.006*[#  27]+0.006*[#  29]
    |psi|^2 = 1.000
==== e(  12) =   -47.73818 eV ==== 
     psi = 0.322*[#   9]+0.322*[#  17]+0.322*[#  28]+0.006*[#   7]+0.006*[#   8]
          +0.006*[#  18]+0.006*[#  19]+0.006*[#  27]+0.006*[#  29]
    |psi|^2 = 1.000
==== e(  13) =     9.61745 eV ==== 
     psi = 0.389*[#   1]+0.099*[#  11]+0.099*[#  24]+0.099*[#  32]+0.052*[#   2]
          +0.052*[#   3]+0.052*[#   4]+0.039*[#   6]+0.039*[#  16]+0.039*[#  26]
          +0.005*[#  12]+0.005*[#  14]+0.005*[#  21]+0.005*[#  22]+0.005*[#  31]
          +0.005*[#  34]+0.001*[#  20]+0.001*[#   5]+0.001*[#  15]+0.001*[#  25]
          +0.001*[#  13]+0.001*[#  33]
    |psi|^2 = 0.996
==== e(  14) =    11.01652 eV ==== 
     psi = 0.089*[#  11]+0.089*[#  24]+0.089*[#  32]+0.080*[#   6]+0.080*[#  16]
          +0.080*[#  26]+0.056*[#   2]+0.056*[#   3]+0.056*[#   4]+0.047*[#   1]
          +0.045*[#  12]+0.045*[#  14]+0.045*[#  21]+0.045*[#  22]+0.045*[#  31]
          +0.045*[#  34]+0.001*[#   5]+0.001*[#  15]+0.001*[#  25]
    |psi|^2 = 0.995
==== e(  15) =    11.79284 eV ==== 
     psi = 0.091*[#  12]+0.091*[#  14]+0.091*[#  21]+0.091*[#  22]+0.091*[#  31]
          +0.091*[#  34]+0.079*[#   6]+0.079*[#  16]+0.079*[#  26]+0.058*[#   2]
          +0.058*[#   3]+0.058*[#   4]+0.010*[#  23]+0.008*[#  10]+0.008*[#  30]
          +0.003*[#  13]+0.003*[#  33]+0.001*[#  11]+0.001*[#  24]+0.001*[#  32]
          
    |psi|^2 = 0.993
==== e(  16) =    11.79284 eV ==== 
     psi = 0.091*[#  12]+0.091*[#  14]+0.091*[#  21]+0.091*[#  22]+0.091*[#  31]
          +0.091*[#  34]+0.079*[#   6]+0.079*[#  16]+0.079*[#  26]+0.058*[#   2]
          +0.058*[#   3]+0.058*[#   4]+0.010*[#  23]+0.008*[#  10]+0.008*[#  30]
          +0.003*[#  13]+0.003*[#  33]+0.001*[#  11]+0.001*[#  24]+0.001*[#  32]
          
    |psi|^2 = 0.993
==== e(  17) =    13.03791 eV ==== 
     psi = 0.133*[#  20]+0.100*[#  13]+0.100*[#  33]+0.069*[#   2]+0.069*[#   3]
          +0.069*[#   4]+0.040*[#  12]+0.040*[#  14]+0.040*[#  21]+0.040*[#  22]
          +0.040*[#  31]+0.040*[#  34]+0.037*[#  11]+0.037*[#  24]+0.037*[#  32]
          +0.033*[#  10]+0.033*[#  30]+0.013*[#   1]+0.004*[#   6]+0.004*[#  16]
          +0.004*[#  26]
    |psi|^2 = 0.984
==== e(  18) =    13.05675 eV ==== 
     psi = 0.130*[#   2]+0.130*[#   3]+0.130*[#   4]+0.071*[#  23]+0.060*[#  10]
          +0.060*[#  30]+0.037*[#  13]+0.037*[#  33]+0.036*[#  12]+0.036*[#  14]
          +0.036*[#  21]+0.036*[#  22]+0.036*[#  31]+0.036*[#  34]+0.026*[#  11]
          +0.026*[#  24]+0.026*[#  32]+0.026*[#  20]+0.001*[#   6]+0.001*[#  16]
          +0.001*[#  26]
    |psi|^2 = 0.986
==== e(  19) =    13.05675 eV ==== 
     psi = 0.130*[#   2]+0.130*[#   3]+0.130*[#   4]+0.071*[#  23]+0.060*[#  10]
          +0.060*[#  30]+0.037*[#  13]+0.037*[#  33]+0.036*[#  12]+0.036*[#  14]
          +0.036*[#  21]+0.036*[#  22]+0.036*[#  31]+0.036*[#  34]+0.026*[#  11]
          +0.026*[#  24]+0.026*[#  32]+0.026*[#  20]+0.001*[#   6]+0.001*[#  16]
          +0.001*[#  26]
    |psi|^2 = 0.986
==== e(  20) =    13.61599 eV ==== 
     psi = 0.137*[#  23]+0.103*[#  10]+0.103*[#  30]+0.082*[#  12]+0.082*[#  14]
          +0.082*[#  21]+0.082*[#  22]+0.082*[#  31]+0.082*[#  34]+0.035*[#  13]
          +0.035*[#  33]+0.017*[#  11]+0.017*[#  24]+0.017*[#  32]+0.013*[#   2]
          +0.013*[#   3]+0.013*[#   4]
    |psi|^2 = 0.995
==== e(  21) =    13.61599 eV ==== 
     psi = 0.137*[#  23]+0.103*[#  10]+0.103*[#  30]+0.082*[#  12]+0.082*[#  14]
          +0.082*[#  21]+0.082*[#  22]+0.082*[#  31]+0.082*[#  34]+0.035*[#  13]
          +0.035*[#  33]+0.017*[#  11]+0.017*[#  24]+0.017*[#  32]+0.013*[#   2]
          +0.013*[#   3]+0.013*[#   4]
    |psi|^2 = 0.995
==== e(  22) =    13.79516 eV ==== 
     psi = 0.109*[#  20]+0.082*[#  13]+0.082*[#  33]+0.060*[#  12]+0.060*[#  14]
          +0.060*[#  21]+0.060*[#  22]+0.060*[#  31]+0.060*[#  34]+0.027*[#  10]
          +0.027*[#  30]+0.026*[#   6]+0.026*[#  16]+0.026*[#  26]+0.012*[#   2]
          +0.012*[#   3]+0.012*[#   4]+0.005*[#  11]+0.005*[#  24]+0.005*[#  32]
          +0.001*[#   1]
    |psi|^2 = 0.820
==== e(  23) =    13.86987 eV ==== 
     psi = 0.207*[#  23]+0.155*[#  10]+0.155*[#  30]+0.063*[#  12]+0.063*[#  14]
          +0.063*[#  21]+0.063*[#  22]+0.063*[#  31]+0.063*[#  34]+0.052*[#  13]
          +0.052*[#  33]
    |psi|^2 = 0.997
==== e(  24) =    14.43493 eV ==== 
     psi = 0.229*[#  20]+0.173*[#  13]+0.173*[#  33]+0.095*[#  11]+0.095*[#  24]
          +0.095*[#  32]+0.061*[#  10]+0.061*[#  30]+0.005*[#  23]+0.003*[#   6]
          +0.003*[#  16]+0.003*[#  26]
    |psi|^2 = 0.995
==== e(  25) =    14.43493 eV ==== 
     psi = 0.229*[#  20]+0.173*[#  13]+0.173*[#  33]+0.095*[#  11]+0.095*[#  24]
          +0.095*[#  32]+0.061*[#  10]+0.061*[#  30]+0.005*[#  23]+0.003*[#   6]
          +0.003*[#  16]+0.003*[#  26]
    |psi|^2 = 0.995
==== e(  26) =    14.72976 eV ==== 
     psi = 0.178*[#  11]+0.178*[#  24]+0.178*[#  32]+0.064*[#  20]+0.053*[#  13]
          +0.053*[#  33]+0.030*[#  12]+0.030*[#  14]+0.030*[#  21]+0.030*[#  22]
          +0.030*[#  31]+0.030*[#  34]+0.029*[#  10]+0.029*[#  30]+0.017*[#  23]
          +0.011*[#   2]+0.011*[#   3]+0.011*[#   4]
    |psi|^2 = 0.991
==== e(  27) =    14.72976 eV ==== 
     psi = 0.178*[#  11]+0.178*[#  24]+0.178*[#  32]+0.064*[#  20]+0.053*[#  13]
          +0.053*[#  33]+0.030*[#  12]+0.030*[#  14]+0.030*[#  21]+0.030*[#  22]
          +0.030*[#  31]+0.030*[#  34]+0.029*[#  10]+0.029*[#  30]+0.017*[#  23]
          +0.011*[#   2]+0.011*[#   3]+0.011*[#   4]
    |psi|^2 = 0.991
==== e(  28) =    15.49331 eV ==== 
     psi = 0.126*[#  23]+0.104*[#  12]+0.104*[#  14]+0.104*[#  21]+0.104*[#  22]
          +0.104*[#  31]+0.104*[#  34]+0.094*[#  10]+0.094*[#  30]+0.031*[#  13]
          +0.031*[#  33]
    |psi|^2 = 1.000
==== e(  29) =    15.55550 eV ==== 
     psi = 0.084*[#  20]+0.082*[#   1]+0.076*[#   6]+0.076*[#  16]+0.076*[#  26]
          +0.063*[#  13]+0.063*[#  33]+0.033*[#   2]+0.033*[#   3]+0.033*[#   4]
          +0.021*[#  10]+0.021*[#  30]+0.019*[#  11]+0.019*[#  24]+0.019*[#  32]
          +0.001*[#  12]+0.001*[#  14]+0.001*[#  21]+0.001*[#  22]+0.001*[#  31]
          +0.001*[#  34]+0.001*[#   5]+0.001*[#  15]+0.001*[#  25]
    |psi|^2 = 0.728
==== e(  30) =    16.02577 eV ==== 
     psi = 0.092*[#   2]+0.092*[#   3]+0.092*[#   4]+0.092*[#  23]+0.071*[#  10]
          +0.071*[#  30]+0.060*[#  12]+0.060*[#  14]+0.060*[#  21]+0.060*[#  22]
          +0.060*[#  31]+0.060*[#  34]+0.031*[#  13]+0.031*[#  33]+0.014*[#  11]
          +0.014*[#  24]+0.014*[#  32]+0.011*[#  20]+0.001*[#   6]+0.001*[#  16]
          +0.001*[#  26]
    |psi|^2 = 0.990
==== e(  31) =    16.02577 eV ==== 
     psi = 0.092*[#   2]+0.092*[#   3]+0.092*[#   4]+0.092*[#  23]+0.071*[#  10]
          +0.071*[#  30]+0.060*[#  12]+0.060*[#  14]+0.060*[#  21]+0.060*[#  22]
          +0.060*[#  31]+0.060*[#  34]+0.031*[#  13]+0.031*[#  33]+0.014*[#  11]
          +0.014*[#  24]+0.014*[#  32]+0.011*[#  20]+0.001*[#   6]+0.001*[#  16]
          +0.001*[#  26]
    |psi|^2 = 0.990
==== e(  32) =    19.67706 eV ==== 
     psi = 0.447*[#   1]+0.080*[#  11]+0.080*[#  24]+0.080*[#  32]+0.057*[#   2]
          +0.057*[#   3]+0.057*[#   4]+0.003*[#  12]+0.003*[#  14]+0.003*[#  21]
          +0.003*[#  22]+0.003*[#  31]+0.003*[#  34]+0.002*[#  20]+0.002*[#  13]
          +0.002*[#  33]
    |psi|^2 = 0.887
==== e(  33) =    19.99612 eV ==== 
     psi = 0.228*[#   6]+0.228*[#  16]+0.228*[#  26]+0.034*[#  12]+0.034*[#  14]
          +0.034*[#  21]+0.034*[#  22]+0.034*[#  31]+0.034*[#  34]+0.014*[#   2]
          +0.014*[#   3]+0.014*[#   4]+0.003*[#  20]+0.002*[#   5]+0.002*[#  15]
          +0.002*[#  25]+0.002*[#  13]+0.002*[#  33]
    |psi|^2 = 0.942
==== e(  34) =    19.99612 eV ==== 
     psi = 0.228*[#   6]+0.228*[#  16]+0.228*[#  26]+0.034*[#  12]+0.034*[#  14]
          +0.034*[#  21]+0.034*[#  22]+0.034*[#  31]+0.034*[#  34]+0.014*[#   2]
          +0.014*[#   3]+0.014*[#   4]+0.003*[#  20]+0.002*[#   5]+0.002*[#  15]
          +0.002*[#  25]+0.002*[#  13]+0.002*[#  33]
    |psi|^2 = 0.942
==== e(  35) =    22.24699 eV ==== 
     psi = 0.085*[#   6]+0.085*[#  16]+0.085*[#  26]+0.030*[#   2]+0.030*[#   3]
          +0.030*[#   4]+0.017*[#   1]+0.012*[#  12]+0.012*[#  14]+0.012*[#  21]
          +0.012*[#  22]+0.012*[#  31]+0.012*[#  34]+0.005*[#  11]+0.005*[#  24]
          +0.005*[#  32]+0.001*[#   5]+0.001*[#  15]+0.001*[#  25]+0.001*[#  20]
          
    |psi|^2 = 0.457

 k =   0.3750000000  0.3750000000 -0.5000000000
==== e(   1) =   -87.42524 eV ==== 
     psi = 0.329*[#   5]+0.329*[#  15]+0.329*[#  25]+0.003*[#   2]+0.003*[#   3]
          +0.003*[#   4]
    |psi|^2 = 1.000
==== e(   2) =   -87.42387 eV ==== 
     psi = 0.329*[#   5]+0.329*[#  15]+0.329*[#  25]+0.003*[#   2]+0.003*[#   3]
          +0.003*[#   4]
    |psi|^2 = 1.000
==== e(   3) =   -87.42249 eV ==== 
     psi = 0.332*[#   5]+0.332*[#  15]+0.332*[#  25]+0.001*[#   6]+0.001*[#  16]
          +0.001*[#  26]
    |psi|^2 = 1.000
==== e(   4) =   -47.88545 eV ==== 
     psi = 0.279*[#   9]+0.279*[#  17]+0.279*[#  28]+0.027*[#   7]+0.027*[#   8]
          +0.027*[#  18]+0.027*[#  19]+0.027*[#  27]+0.027*[#  29]
    |psi|^2 = 1.000
==== e(   5) =   -47.87797 eV ==== 
     psi = 0.165*[#   7]+0.165*[#   8]+0.165*[#  18]+0.165*[#  19]+0.165*[#  27]
          +0.165*[#  29]+0.002*[#   2]+0.002*[#   3]+0.002*[#   4]
    |psi|^2 = 1.000
==== e(   6) =   -47.87670 eV ==== 
     psi = 0.165*[#   7]+0.165*[#   8]+0.165*[#  18]+0.165*[#  19]+0.165*[#  27]
          +0.165*[#  29]+0.003*[#   2]+0.003*[#   3]+0.003*[#   4]
    |psi|^2 = 1.000
==== e(   7) =   -47.87122 eV ==== 
     psi = 0.138*[#   7]+0.138*[#   8]+0.138*[#  18]+0.138*[#  19]+0.138*[#  27]
          +0.138*[#  29]+0.054*[#   9]+0.054*[#  17]+0.054*[#  28]+0.002*[#   2]
          +0.002*[#   3]+0.002*[#   4]
    |psi|^2 = 1.000
==== e(   8) =   -47.78086 eV ==== 
     psi = 0.162*[#   7]+0.162*[#   8]+0.162*[#  18]+0.162*[#  19]+0.162*[#  27]
          +0.162*[#  29]+0.008*[#   9]+0.008*[#  17]+0.008*[#  28]
    |psi|^2 = 1.000
==== e(   9) =   -47.77681 eV ==== 
     psi = 0.167*[#   7]+0.167*[#   8]+0.167*[#  18]+0.167*[#  19]+0.167*[#  27]
          +0.167*[#  29]
    |psi|^2 = 1.000
==== e(  10) =   -47.77507 eV ==== 
     psi = 0.167*[#   7]+0.167*[#   8]+0.167*[#  18]+0.167*[#  19]+0.167*[#  27]
          +0.167*[#  29]
    |psi|^2 = 1.000
==== e(  11) =   -47.73871 eV ==== 
     psi = 0.325*[#   9]+0.325*[#  17]+0.325*[#  28]+0.004*[#   7]+0.004*[#   8]
          +0.004*[#  18]+0.004*[#  19]+0.004*[#  27]+0.004*[#  29]
    |psi|^2 = 1.000
==== e(  12) =   -47.73457 eV ==== 
     psi = 0.333*[#   9]+0.333*[#  17]+0.333*[#  28]
    |psi|^2 = 1.000
==== e(  13) =     9.85895 eV ==== 
     psi = 0.420*[#   1]+0.158*[#  11]+0.158*[#  24]+0.158*[#  32]+0.021*[#   2]
          +0.021*[#   3]+0.021*[#   4]+0.009*[#   6]+0.009*[#  16]+0.009*[#  26]
          +0.001*[#  12]+0.001*[#  14]+0.001*[#  21]+0.001*[#  22]+0.001*[#  31]
          +0.001*[#  34]
    |psi|^2 = 0.996
==== e(  14) =    11.17612 eV ==== 
     psi = 0.110*[#   6]+0.110*[#  16]+0.110*[#  26]+0.082*[#   2]+0.082*[#   3]
          +0.082*[#   4]+0.067*[#  12]+0.067*[#  14]+0.067*[#  21]+0.067*[#  22]
          +0.067*[#  31]+0.067*[#  34]+0.004*[#  23]+0.003*[#  10]+0.003*[#  30]
          +0.001*[#  13]+0.001*[#  33]
    |psi|^2 = 0.994
==== e(  15) =    11.43698 eV ==== 
     psi = 0.078*[#   6]+0.078*[#  16]+0.078*[#  26]+0.077*[#  12]+0.077*[#  14]
          +0.077*[#  21]+0.077*[#  22]+0.077*[#  31]+0.077*[#  34]+0.064*[#   2]
          +0.064*[#   3]+0.064*[#   4]+0.034*[#  11]+0.034*[#  24]+0.034*[#  32]
          +0.003*[#   1]
    |psi|^2 = 0.996
==== e(  16) =    11.98290 eV ==== 
     psi = 0.125*[#  12]+0.125*[#  14]+0.125*[#  21]+0.125*[#  22]+0.125*[#  31]
          +0.125*[#  34]+0.078*[#   6]+0.078*[#  16]+0.078*[#  26]+0.002*[#  20]
          +0.001*[#  13]+0.001*[#  33]
    |psi|^2 = 0.992
==== e(  17) =    13.06669 eV ==== 
     psi = 0.115*[#   2]+0.115*[#   3]+0.115*[#   4]+0.078*[#  20]+0.073*[#  13]
          +0.073*[#  33]+0.064*[#  10]+0.064*[#  30]+0.059*[#  23]+0.037*[#  12]
          +0.037*[#  14]+0.037*[#  21]+0.037*[#  22]+0.037*[#  31]+0.037*[#  34]
          +0.001*[#   6]+0.001*[#  16]+0.001*[#  26]
    |psi|^2 = 0.988
==== e(  18) =    13.11435 eV ==== 
     psi = 0.205*[#   2]+0.205*[#   3]+0.205*[#   4]+0.077*[#  23]+0.057*[#  10]
          +0.057*[#  30]+0.043*[#  11]+0.043*[#  24]+0.043*[#  32]+0.019*[#  13]
          +0.019*[#  33]
    |psi|^2 = 0.986
==== e(  19) =    13.19030 eV ==== 
     psi = 0.121*[#   2]+0.121*[#   3]+0.121*[#   4]+0.063*[#  20]+0.047*[#  13]
          +0.047*[#  33]+0.046*[#  11]+0.046*[#  24]+0.046*[#  32]+0.046*[#  12]
          +0.046*[#  14]+0.046*[#  21]+0.046*[#  22]+0.046*[#  31]+0.046*[#  34]
          +0.020*[#   1]+0.016*[#  10]+0.016*[#  30]
    |psi|^2 = 0.988
==== e(  20) =    13.64264 eV ==== 
     psi = 0.147*[#  23]+0.113*[#  10]+0.113*[#  30]+0.080*[#  12]+0.080*[#  14]
          +0.080*[#  21]+0.080*[#  22]+0.080*[#  31]+0.080*[#  34]+0.045*[#  13]
          +0.045*[#  33]+0.013*[#   2]+0.013*[#   3]+0.013*[#   4]+0.010*[#  20]
          
    |psi|^2 = 0.996
==== e(  21) =    13.64294 eV ==== 
     psi = 0.140*[#  23]+0.105*[#  10]+0.105*[#  30]+0.078*[#  12]+0.078*[#  14]
          +0.078*[#  21]+0.078*[#  22]+0.078*[#  31]+0.078*[#  34]+0.035*[#  13]
          +0.035*[#  33]+0.019*[#  11]+0.019*[#  24]+0.019*[#  32]+0.015*[#   2]
          +0.015*[#   3]+0.015*[#   4]
    |psi|^2 = 0.995
==== e(  22) =    13.78711 eV ==== 
     psi = 0.207*[#  23]+0.156*[#  10]+0.156*[#  30]+0.062*[#  12]+0.062*[#  14]
          +0.062*[#  21]+0.062*[#  22]+0.062*[#  31]+0.062*[#  34]+0.052*[#  13]
          +0.052*[#  33]
    |psi|^2 = 0.997
==== e(  23) =    13.98502 eV ==== 
     psi = 0.164*[#  20]+0.124*[#  13]+0.124*[#  33]+0.044*[#  10]+0.044*[#  30]
          +0.036*[#  12]+0.036*[#  14]+0.036*[#  21]+0.036*[#  22]+0.036*[#  31]
          +0.036*[#  34]+0.017*[#   6]+0.017*[#  16]+0.017*[#  26]+0.013*[#   2]
          +0.013*[#   3]+0.013*[#   4]+0.003*[#  23]
    |psi|^2 = 0.806
==== e(  24) =    14.42647 eV ==== 
     psi = 0.326*[#  20]+0.244*[#  13]+0.244*[#  33]+0.081*[#  10]+0.081*[#  30]
          +0.006*[#   6]+0.006*[#  16]+0.006*[#  26]
    |psi|^2 = 0.995
==== e(  25) =    14.47126 eV ==== 
     psi = 0.177*[#  11]+0.177*[#  24]+0.177*[#  32]+0.144*[#  20]+0.108*[#  13]
          +0.108*[#  33]+0.036*[#  10]+0.036*[#  30]+0.006*[#   2]+0.006*[#   3]
          +0.006*[#   4]+0.004*[#   1]+0.001*[#   6]+0.001*[#  16]+0.001*[#  26]
          
    |psi|^2 = 0.993
==== e(  26) =    14.71147 eV ==== 
     psi = 0.255*[#  11]+0.255*[#  24]+0.255*[#  32]+0.022*[#  12]+0.022*[#  14]
          +0.022*[#  21]+0.022*[#  22]+0.022*[#  31]+0.022*[#  34]+0.022*[#   2]
          +0.022*[#   3]+0.022*[#   4]+0.008*[#  23]+0.006*[#  10]+0.006*[#  30]
          +0.002*[#  13]+0.002*[#  33]
    |psi|^2 = 0.989
==== e(  27) =    14.80385 eV ==== 
     psi = 0.153*[#  11]+0.153*[#  24]+0.153*[#  32]+0.122*[#  20]+0.091*[#  13]
          +0.091*[#  33]+0.033*[#   2]+0.033*[#   3]+0.033*[#   4]+0.030*[#  10]
          +0.030*[#  30]+0.018*[#   1]+0.007*[#  12]+0.007*[#  14]+0.007*[#  21]
          +0.007*[#  22]+0.007*[#  31]+0.007*[#  34]
    |psi|^2 = 0.987
==== e(  28) =    15.09821 eV ==== 
     psi = 0.060*[#   6]+0.060*[#  16]+0.060*[#  26]+0.050*[#  23]+0.049*[#  10]
          +0.049*[#  30]+0.048*[#  12]+0.048*[#  14]+0.048*[#  21]+0.048*[#  22]
          +0.048*[#  31]+0.048*[#  34]+0.048*[#  13]+0.048*[#  33]+0.047*[#  20]
          +0.003*[#   2]+0.003*[#   3]+0.003*[#   4]
    |psi|^2 = 0.770
==== e(  29) =    15.45178 eV ==== 
     psi = 0.125*[#  23]+0.104*[#  12]+0.104*[#  14]+0.104*[#  21]+0.104*[#  22]
          +0.104*[#  31]+0.104*[#  34]+0.094*[#  10]+0.094*[#  30]+0.031*[#  13]
          +0.031*[#  33]
    |psi|^2 = 1.000
==== e(  30) =    15.92798 eV ==== 
     psi = 0.108*[#  23]+0.081*[#  10]+0.081*[#  30]+0.079*[#   2]+0.079*[#   3]
          +0.079*[#   4]+0.065*[#  12]+0.065*[#  14]+0.065*[#  21]+0.065*[#  22]
          +0.065*[#  31]+0.065*[#  34]+0.027*[#  13]+0.027*[#  33]+0.014*[#  11]
          +0.014*[#  24]+0.014*[#  32]
    |psi|^2 = 0.992
==== e(  31) =    15.98604 eV ==== 
     psi = 0.080*[#   2]+0.080*[#   3]+0.080*[#   4]+0.068*[#  23]+0.059*[#  10]
          +0.059*[#  30]+0.045*[#  12]+0.045*[#  14]+0.045*[#  21]+0.045*[#  22]
          +0.045*[#  31]+0.045*[#  34]+0.039*[#  13]+0.039*[#  33]+0.029*[#  20]
          +0.020*[#   6]+0.020*[#  16]+0.020*[#  26]
    |psi|^2 = 0.868
==== e(  32) =    19.21806 eV ==== 
     psi = 0.441*[#   1]+0.077*[#  11]+0.077*[#  24]+0.077*[#  32]+0.058*[#   6]
          +0.058*[#  16]+0.058*[#  26]+0.020*[#   2]+0.020*[#   3]+0.020*[#   4]
          +0.014*[#  12]+0.014*[#  14]+0.014*[#  21]+0.014*[#  22]+0.014*[#  31]
          +0.014*[#  34]+0.002*[#  20]+0.001*[#  13]+0.001*[#  33]
    |psi|^2 = 0.993
==== e(  33) =    19.64248 eV ==== 
     psi = 0.235*[#   6]+0.235*[#  16]+0.235*[#  26]+0.041*[#  12]+0.041*[#  14]
          +0.041*[#  21]+0.041*[#  22]+0.041*[#  31]+0.041*[#  34]+0.005*[#  20]
          +0.003*[#  13]+0.003*[#  33]+0.002*[#   5]+0.002*[#  15]+0.002*[#  25]
          +0.001*[#  10]+0.001*[#  30]
    |psi|^2 = 0.967
==== e(  34) =    20.50884 eV ==== 
     psi = 0.165*[#   6]+0.165*[#  16]+0.165*[#  26]+0.092*[#   1]+0.051*[#   2]
          +0.051*[#   3]+0.051*[#   4]+0.021*[#  11]+0.021*[#  24]+0.021*[#  32]
          +0.020*[#  12]+0.020*[#  14]+0.020*[#  21]+0.020*[#  22]+0.020*[#  31]
          +0.020*[#  34]+0.002*[#   5]+0.002*[#  15]+0.002*[#  25]
    |psi|^2 = 0.933
==== e(  35) =    21.23375 eV ==== 
     psi = 0.110*[#   6]+0.110*[#  16]+0.110*[#  26]+0.020*[#  12]+0.020*[#  14]
          +0.020*[#  21]+0.020*[#  22]+0.020*[#  31]+0.020*[#  34]+0.011*[#   2]
          +0.011*[#   3]+0.011*[#   4]+0.002*[#  20]+0.002*[#  13]+0.002*[#  33]
          
    |psi|^2 = 0.491

 k =   0.3750000000 -0.5000000000 -0.5000000000
==== e(   1) =   -87.42386 eV ==== 
     psi = 0.332*[#   5]+0.332*[#  15]+0.332*[#  25]
    |psi|^2 = 1.000
==== e(   2) =   -87.42386 eV ==== 
     psi = 0.330*[#   5]+0.330*[#  15]+0.330*[#  25]+0.001*[#   2]+0.001*[#   3]
          +0.001*[#   4]
    |psi|^2 = 1.000
==== e(   3) =   -87.42386 eV ==== 
     psi = 0.330*[#   5]+0.330*[#  15]+0.330*[#  25]+0.001*[#   2]+0.001*[#   3]
          +0.001*[#   4]
    |psi|^2 = 1.000
==== e(   4) =   -47.88823 eV ==== 
     psi = 0.333*[#   9]+0.333*[#  17]+0.333*[#  28]
    |psi|^2 = 1.000
==== e(   5) =   -47.88144 eV ==== 
     psi = 0.165*[#   7]+0.165*[#   8]+0.165*[#  18]+0.165*[#  19]+0.165*[#  27]
          +0.165*[#  29]+0.003*[#   2]+0.003*[#   3]+0.003*[#   4]
    |psi|^2 = 1.000
==== e(   6) =   -47.87726 eV ==== 
     psi = 0.165*[#   7]+0.165*[#   8]+0.165*[#  18]+0.165*[#  19]+0.165*[#  27]
          +0.165*[#  29]+0.003*[#   2]+0.003*[#   3]+0.003*[#   4]
    |psi|^2 = 1.000
==== e(   7) =   -47.87726 eV ==== 
     psi = 0.165*[#   7]+0.165*[#   8]+0.165*[#  18]+0.165*[#  19]+0.165*[#  27]
          +0.165*[#  29]+0.003*[#   2]+0.003*[#   3]+0.003*[#   4]
    |psi|^2 = 1.000
==== e(   8) =   -47.77609 eV ==== 
     psi = 0.167*[#   7]+0.167*[#   8]+0.167*[#  18]+0.167*[#  19]+0.167*[#  27]
          +0.167*[#  29]
    |psi|^2 = 1.000
==== e(   9) =   -47.77609 eV ==== 
     psi = 0.167*[#   7]+0.167*[#   8]+0.167*[#  18]+0.167*[#  19]+0.167*[#  27]
          +0.167*[#  29]
    |psi|^2 = 1.000
==== e(  10) =   -47.77208 eV ==== 
     psi = 0.167*[#   7]+0.167*[#   8]+0.167*[#  18]+0.167*[#  19]+0.167*[#  27]
          +0.167*[#  29]
    |psi|^2 = 1.000
==== e(  11) =   -47.73741 eV ==== 
     psi = 0.333*[#   9]+0.333*[#  17]+0.333*[#  28]
    |psi|^2 = 1.000
==== e(  12) =   -47.73215 eV ==== 
     psi = 0.333*[#   9]+0.333*[#  17]+0.333*[#  28]
    |psi|^2 = 1.000
==== e(  13) =     9.94176 eV ==== 
     psi = 0.398*[#   1]+0.194*[#  11]+0.194*[#  24]+0.194*[#  32]+0.006*[#   2]
          +0.006*[#   3]+0.006*[#   4]
    |psi|^2 = 0.997
==== e(  14) =    11.51678 eV ==== 
     psi = 0.096*[#  12]+0.096*[#  14]+0.096*[#  21]+0.096*[#  22]+0.096*[#  31]
          +0.096*[#  34]+0.086*[#   6]+0.086*[#  16]+0.086*[#  26]+0.052*[#   2]
          +0.052*[#   3]+0.052*[#   4]+0.001*[#  23]
    |psi|^2 = 0.995
==== e(  15) =    11.51678 eV ==== 
     psi = 0.096*[#  12]+0.096*[#  14]+0.096*[#  21]+0.096*[#  22]+0.096*[#  31]
          +0.096*[#  34]+0.086*[#   6]+0.086*[#  16]+0.086*[#  26]+0.052*[#   2]
          +0.052*[#   3]+0.052*[#   4]+0.001*[#  23]
    |psi|^2 = 0.995
==== e(  16) =    11.74787 eV ==== 
     psi = 0.116*[#  12]+0.116*[#  14]+0.116*[#  21]+0.116*[#  22]+0.116*[#  31]
          +0.116*[#  34]+0.095*[#   6]+0.095*[#  16]+0.095*[#  26]+0.004*[#  20]
          +0.003*[#  13]+0.003*[#  33]
    |psi|^2 = 0.992
==== e(  17) =    13.22782 eV ==== 
     psi = 0.172*[#   2]+0.172*[#   3]+0.172*[#   4]+0.058*[#  23]+0.055*[#  10]
          +0.055*[#  30]+0.049*[#  13]+0.049*[#  33]+0.046*[#  20]+0.026*[#  12]
          +0.026*[#  14]+0.026*[#  21]+0.026*[#  22]+0.026*[#  31]+0.026*[#  34]
          
    |psi|^2 = 0.988
==== e(  18) =    13.22782 eV ==== 
     psi = 0.172*[#   2]+0.172*[#   3]+0.172*[#   4]+0.058*[#  23]+0.055*[#  10]
          +0.055*[#  30]+0.049*[#  13]+0.049*[#  33]+0.046*[#  20]+0.026*[#  12]
          +0.026*[#  14]+0.026*[#  21]+0.026*[#  22]+0.026*[#  31]+0.026*[#  34]
          
    |psi|^2 = 0.988
==== e(  19) =    13.24691 eV ==== 
     psi = 0.243*[#   2]+0.243*[#   3]+0.243*[#   4]+0.075*[#  11]+0.075*[#  24]
          +0.075*[#  32]+0.024*[#   1]+0.001*[#   7]+0.001*[#   8]+0.001*[#  18]
          +0.001*[#  19]+0.001*[#  27]+0.001*[#  29]
    |psi|^2 = 0.985
==== e(  20) =    13.67194 eV ==== 
     psi = 0.148*[#  23]+0.114*[#  10]+0.114*[#  30]+0.077*[#  12]+0.077*[#  14]
          +0.077*[#  21]+0.077*[#  22]+0.077*[#  31]+0.077*[#  34]+0.044*[#  13]
          +0.044*[#  33]+0.020*[#   2]+0.020*[#   3]+0.020*[#   4]+0.010*[#  20]
          
    |psi|^2 = 0.996
==== e(  21) =    13.67194 eV ==== 
     psi = 0.148*[#  23]+0.114*[#  10]+0.114*[#  30]+0.077*[#  12]+0.077*[#  14]
          +0.077*[#  21]+0.077*[#  22]+0.077*[#  31]+0.077*[#  34]+0.044*[#  13]
          +0.044*[#  33]+0.020*[#   2]+0.020*[#   3]+0.020*[#   4]+0.010*[#  20]
          
    |psi|^2 = 0.996
==== e(  22) =    13.69667 eV ==== 
     psi = 0.208*[#  23]+0.156*[#  10]+0.156*[#  30]+0.062*[#  12]+0.062*[#  14]
          +0.062*[#  21]+0.062*[#  22]+0.062*[#  31]+0.062*[#  34]+0.052*[#  13]
          +0.052*[#  33]
    |psi|^2 = 0.997
==== e(  23) =    14.15163 eV ==== 
     psi = 0.285*[#  20]+0.214*[#  13]+0.214*[#  33]+0.071*[#  10]+0.071*[#  30]
          +0.004*[#  12]+0.004*[#  14]+0.004*[#  21]+0.004*[#  22]+0.004*[#  31]
          +0.004*[#  34]
    |psi|^2 = 0.880
==== e(  24) =    14.51548 eV ==== 
     psi = 0.267*[#  20]+0.202*[#  13]+0.202*[#  33]+0.072*[#  10]+0.072*[#  30]
          +0.030*[#   2]+0.030*[#   3]+0.030*[#   4]+0.012*[#  12]+0.012*[#  14]
          +0.012*[#  21]+0.012*[#  22]+0.012*[#  31]+0.012*[#  34]+0.007*[#  23]
          +0.003*[#   6]+0.003*[#  16]+0.003*[#  26]
    |psi|^2 = 0.990
==== e(  25) =    14.51548 eV ==== 
     psi = 0.267*[#  20]+0.202*[#  13]+0.202*[#  33]+0.072*[#  10]+0.072*[#  30]
          +0.030*[#   2]+0.030*[#   3]+0.030*[#   4]+0.012*[#  12]+0.012*[#  14]
          +0.012*[#  21]+0.012*[#  22]+0.012*[#  31]+0.012*[#  34]+0.007*[#  23]
          +0.003*[#   6]+0.003*[#  16]+0.003*[#  26]
    |psi|^2 = 0.990
==== e(  26) =    14.60393 eV ==== 
     psi = 0.332*[#  11]+0.332*[#  24]+0.332*[#  32]
    |psi|^2 = 0.996
==== e(  27) =    14.72479 eV ==== 
     psi = 0.289*[#  11]+0.289*[#  24]+0.289*[#  32]+0.037*[#   2]+0.037*[#   3]
          +0.037*[#   4]+0.009*[#   1]
    |psi|^2 = 0.987
==== e(  28) =    15.07541 eV ==== 
     psi = 0.079*[#   6]+0.079*[#  16]+0.079*[#  26]+0.039*[#  20]+0.029*[#  13]
          +0.029*[#  33]+0.016*[#  12]+0.016*[#  14]+0.016*[#  21]+0.016*[#  22]
          +0.016*[#  31]+0.016*[#  34]+0.010*[#  10]+0.010*[#  30]
    |psi|^2 = 0.453
==== e(  29) =    15.40837 eV ==== 
     psi = 0.125*[#  23]+0.104*[#  12]+0.104*[#  14]+0.104*[#  21]+0.104*[#  22]
          +0.104*[#  31]+0.104*[#  34]+0.094*[#  10]+0.094*[#  30]+0.031*[#  13]
          +0.031*[#  33]
    |psi|^2 = 1.000
==== e(  30) =    15.67880 eV ==== 
     psi = 0.119*[#  23]+0.091*[#  10]+0.091*[#  30]+0.085*[#  12]+0.085*[#  14]
          +0.085*[#  21]+0.085*[#  22]+0.085*[#  31]+0.085*[#  34]+0.036*[#   2]
          +0.036*[#   3]+0.036*[#   4]+0.035*[#  13]+0.035*[#  33]+0.007*[#  20]
          
    |psi|^2 = 0.997
==== e(  31) =    15.67880 eV ==== 
     psi = 0.119*[#  23]+0.091*[#  10]+0.091*[#  30]+0.085*[#  12]+0.085*[#  14]
          +0.085*[#  21]+0.085*[#  22]+0.085*[#  31]+0.085*[#  34]+0.036*[#   2]
          +0.036*[#   3]+0.036*[#   4]+0.035*[#  13]+0.035*[#  33]+0.007*[#  20]
          
    |psi|^2 = 0.997
==== e(  32) =    19.26363 eV ==== 
     psi = 0.568*[#   1]+0.107*[#  11]+0.107*[#  24]+0.107*[#  32]+0.036*[#   2]
          +0.036*[#   3]+0.036*[#   4]
    |psi|^2 = 0.996
==== e(  33) =    19.88359 eV ==== 
     psi = 0.228*[#   6]+0.228*[#  16]+0.228*[#  26]+0.037*[#  12]+0.037*[#  14]
          +0.037*[#  21]+0.037*[#  22]+0.037*[#  31]+0.037*[#  34]+0.011*[#   2]
          +0.011*[#   3]+0.011*[#   4]+0.003*[#  20]+0.002*[#  13]+0.002*[#  33]
          +0.002*[#   5]+0.002*[#  15]+0.002*[#  25]
    |psi|^2 = 0.957
==== e(  34) =    19.88359 eV ==== 
     psi = 0.228*[#   6]+0.228*[#  16]+0.228*[#  26]+0.037*[#  12]+0.037*[#  14]
          +0.037*[#  21]+0.037*[#  22]+0.037*[#  31]+0.037*[#  34]+0.011*[#   2]
          +0.011*[#   3]+0.011*[#   4]+0.003*[#  20]+0.002*[#  13]+0.002*[#  33]
          +0.002*[#   5]+0.002*[#  15]+0.002*[#  25]
    |psi|^2 = 0.957
==== e(  35) =    20.26450 eV ==== 
     psi = 0.147*[#   6]+0.147*[#  16]+0.147*[#  26]+0.030*[#  12]+0.030*[#  14]
          +0.030*[#  21]+0.030*[#  22]+0.030*[#  31]+0.030*[#  34]+0.005*[#  20]
          +0.004*[#  13]+0.004*[#  33]+0.001*[#  10]+0.001*[#  30]
    |psi|^2 = 0.641

 k =  -0.5000000000 -0.5000000000 -0.5000000000
==== e(   1) =   -87.42381 eV ==== 
     psi = 0.332*[#   5]+0.332*[#  15]+0.332*[#  25]
    |psi|^2 = 1.000
==== e(   2) =   -87.42381 eV ==== 
     psi = 0.332*[#   5]+0.332*[#  15]+0.332*[#  25]
    |psi|^2 = 1.000
==== e(   3) =   -87.42381 eV ==== 
     psi = 0.332*[#   5]+0.332*[#  15]+0.332*[#  25]
    |psi|^2 = 1.000
==== e(   4) =   -47.89323 eV ==== 
     psi = 0.333*[#   9]+0.333*[#  17]+0.333*[#  28]
    |psi|^2 = 1.000
==== e(   5) =   -47.88098 eV ==== 
     psi = 0.165*[#   7]+0.165*[#   8]+0.165*[#  18]+0.165*[#  19]+0.165*[#  27]
          +0.165*[#  29]+0.003*[#   2]+0.003*[#   3]+0.003*[#   4]
    |psi|^2 = 1.000
==== e(   6) =   -47.88098 eV ==== 
     psi = 0.165*[#   7]+0.165*[#   8]+0.165*[#  18]+0.165*[#  19]+0.165*[#  27]
          +0.165*[#  29]+0.003*[#   2]+0.003*[#   3]+0.003*[#   4]
    |psi|^2 = 1.000
==== e(   7) =   -47.88098 eV ==== 
     psi = 0.165*[#   7]+0.165*[#   8]+0.165*[#  18]+0.165*[#  19]+0.165*[#  27]
          +0.165*[#  29]+0.003*[#   2]+0.003*[#   3]+0.003*[#   4]
    |psi|^2 = 1.000
==== e(   8) =   -47.77150 eV ==== 
     psi = 0.167*[#   7]+0.167*[#   8]+0.167*[#  18]+0.167*[#  19]+0.167*[#  27]
          +0.167*[#  29]
    |psi|^2 = 1.000
==== e(   9) =   -47.77150 eV ==== 
     psi = 0.167*[#   7]+0.167*[#   8]+0.167*[#  18]+0.167*[#  19]+0.167*[#  27]
          +0.167*[#  29]
    |psi|^2 = 1.000
==== e(  10) =   -47.77150 eV ==== 
     psi = 0.167*[#   7]+0.167*[#   8]+0.167*[#  18]+0.167*[#  19]+0.167*[#  27]
          +0.167*[#  29]
    |psi|^2 = 1.000
==== e(  11) =   -47.73157 eV ==== 
     psi = 0.333*[#   9]+0.333*[#  17]+0.333*[#  28]
    |psi|^2 = 1.000
==== e(  12) =   -47.73157 eV ==== 
     psi = 0.333*[#   9]+0.333*[#  17]+0.333*[#  28]
    |psi|^2 = 1.000
==== e(  13) =     9.94211 eV ==== 
     psi = 0.364*[#   1]+0.211*[#  11]+0.211*[#  24]+0.211*[#  32]
    |psi|^2 = 0.998
==== e(  14) =    11.69223 eV ==== 
     psi = 0.122*[#  12]+0.122*[#  14]+0.122*[#  21]+0.122*[#  22]+0.122*[#  31]
          +0.122*[#  34]+0.085*[#   6]+0.085*[#  16]+0.085*[#  26]+0.002*[#  20]
          +0.001*[#  13]+0.001*[#  33]
    |psi|^2 = 0.995
==== e(  15) =    11.69223 eV ==== 
     psi = 0.122*[#  12]+0.122*[#  14]+0.122*[#  21]+0.122*[#  22]+0.122*[#  31]
          +0.122*[#  34]+0.085*[#   6]+0.085*[#  16]+0.085*[#  26]+0.002*[#  20]
          +0.001*[#  13]+0.001*[#  33]
    |psi|^2 = 0.995
==== e(  16) =    11.69223 eV ==== 
     psi = 0.122*[#  12]+0.122*[#  14]+0.122*[#  21]+0.122*[#  22]+0.122*[#  31]
          +0.122*[#  34]+0.085*[#   6]+0.085*[#  16]+0.085*[#  26]+0.002*[#  20]
          +0.001*[#  13]+0.001*[#  33]
    |psi|^2 = 0.995
==== e(  17) =    13.46204 eV ==== 
     psi = 0.324*[#   2]+0.324*[#   3]+0.324*[#   4]+0.002*[#   7]+0.002*[#   8]
          +0.002*[#  18]+0.002*[#  19]+0.002*[#  27]+0.002*[#  29]
    |psi|^2 = 0.982
==== e(  18) =    13.46204 eV ==== 
     psi = 0.324*[#   2]+0.324*[#   3]+0.324*[#   4]+0.002*[#   7]+0.002*[#   8]
          +0.002*[#  18]+0.002*[#  19]+0.002*[#  27]+0.002*[#  29]
    |psi|^2 = 0.982
==== e(  19) =    13.46204 eV ==== 
     psi = 0.324*[#   2]+0.324*[#   3]+0.324*[#   4]+0.002*[#   7]+0.002*[#   8]
          +0.002*[#  18]+0.002*[#  19]+0.002*[#  27]+0.002*[#  29]
    |psi|^2 = 0.982
==== e(  20) =    13.63640 eV ==== 
     psi = 0.204*[#  23]+0.153*[#  10]+0.153*[#  30]+0.064*[#  12]+0.064*[#  14]
          +0.064*[#  21]+0.064*[#  22]+0.064*[#  31]+0.064*[#  34]+0.051*[#  13]
          +0.051*[#  33]
    |psi|^2 = 0.997
==== e(  21) =    13.63640 eV ==== 
     psi = 0.204*[#  23]+0.153*[#  10]+0.153*[#  30]+0.064*[#  12]+0.064*[#  14]
          +0.064*[#  21]+0.064*[#  22]+0.064*[#  31]+0.064*[#  34]+0.051*[#  13]
          +0.051*[#  33]
    |psi|^2 = 0.997
==== e(  22) =    13.63640 eV ==== 
     psi = 0.204*[#  23]+0.153*[#  10]+0.153*[#  30]+0.064*[#  12]+0.064*[#  14]
          +0.064*[#  21]+0.064*[#  22]+0.064*[#  31]+0.064*[#  34]+0.051*[#  13]
          +0.051*[#  33]
    |psi|^2 = 0.997
==== e(  23) =    14.33271 eV ==== 
     psi = 0.326*[#  20]+0.244*[#  13]+0.244*[#  33]+0.081*[#  10]+0.081*[#  30]
          +0.006*[#   6]+0.006*[#  16]+0.006*[#  26]
    |psi|^2 = 0.995
==== e(  24) =    14.33271 eV ==== 
     psi = 0.326*[#  20]+0.244*[#  13]+0.244*[#  33]+0.081*[#  10]+0.081*[#  30]
          +0.006*[#   6]+0.006*[#  16]+0.006*[#  26]
    |psi|^2 = 0.995
==== e(  25) =    14.33271 eV ==== 
     psi = 0.326*[#  20]+0.244*[#  13]+0.244*[#  33]+0.081*[#  10]+0.081*[#  30]
          +0.006*[#   6]+0.006*[#  16]+0.006*[#  26]
    |psi|^2 = 0.995
==== e(  26) =    14.58951 eV ==== 
     psi = 0.332*[#  11]+0.332*[#  24]+0.332*[#  32]
    |psi|^2 = 0.995
==== e(  27) =    14.58951 eV ==== 
     psi = 0.332*[#  11]+0.332*[#  24]+0.332*[#  32]
    |psi|^2 = 0.995
==== e(  28) =    15.29912 eV ==== 

    |psi|^2 = 0.000
==== e(  29) =    15.47910 eV ==== 
     psi = 0.129*[#  23]+0.102*[#  12]+0.102*[#  14]+0.102*[#  21]+0.102*[#  22]
          +0.102*[#  31]+0.102*[#  34]+0.097*[#  10]+0.097*[#  30]+0.032*[#  13]
          +0.032*[#  33]
    |psi|^2 = 1.000
==== e(  30) =    15.47910 eV ==== 
     psi = 0.129*[#  23]+0.102*[#  12]+0.102*[#  14]+0.102*[#  21]+0.102*[#  22]
          +0.102*[#  31]+0.102*[#  34]+0.097*[#  10]+0.097*[#  30]+0.032*[#  13]
          +0.032*[#  33]
    |psi|^2 = 1.000
==== e(  31) =    15.47910 eV ==== 
     psi = 0.129*[#  23]+0.102*[#  12]+0.102*[#  14]+0.102*[#  21]+0.102*[#  22]
          +0.102*[#  31]+0.102*[#  34]+0.097*[#  10]+0.097*[#  30]+0.032*[#  13]
          +0.032*[#  33]
    |psi|^2 = 1.000
==== e(  32) =    18.90614 eV ==== 
     psi = 0.634*[#   1]+0.122*[#  11]+0.122*[#  24]+0.122*[#  32]
    |psi|^2 = 0.999
==== e(  33) =    19.57955 eV ==== 
     psi = 0.232*[#   6]+0.232*[#  16]+0.232*[#  26]+0.044*[#  12]+0.044*[#  14]
          +0.044*[#  21]+0.044*[#  22]+0.044*[#  31]+0.044*[#  34]+0.005*[#  20]
          +0.004*[#  13]+0.004*[#  33]+0.001*[#   5]+0.001*[#  10]+0.001*[#  15]
          +0.001*[#  25]+0.001*[#  30]
    |psi|^2 = 0.976
==== e(  34) =    19.57955 eV ==== 
     psi = 0.232*[#   6]+0.232*[#  16]+0.232*[#  26]+0.044*[#  12]+0.044*[#  14]
          +0.044*[#  21]+0.044*[#  22]+0.044*[#  31]+0.044*[#  34]+0.005*[#  20]
          +0.004*[#  13]+0.004*[#  33]+0.001*[#   5]+0.001*[#  10]+0.001*[#  15]
          +0.001*[#  25]+0.001*[#  30]
    |psi|^2 = 0.976
==== e(  35) =    19.57955 eV ==== 
     psi = 0.232*[#   6]+0.232*[#  16]+0.232*[#  26]+0.044*[#  12]+0.044*[#  14]
          +0.044*[#  21]+0.044*[#  22]+0.044*[#  31]+0.044*[#  34]+0.005*[#  20]
          +0.004*[#  13]+0.004*[#  33]+0.001*[#   5]+0.001*[#  10]+0.001*[#  15]
          +0.001*[#  25]+0.001*[#  30]
    |psi|^2 = 0.976

Lowdin Charges: 

     Atom #   1: total charge =   3.6367, s =  1.1829, p =  2.4538, d =  0.0000, 
                 spin up      =   1.8184, s =  0.5914, 
                 spin up      =   1.8184, p =  1.2269, pz=  0.4090, px=  0.4090, py=  0.4090, 
                 spin up      =   1.8184, d =  0.0000, dz2=  0.0000, dxz=  0.0000, dyz=  0.0000, dx2-y2=  0.0000, dxy=  0.0000, 
                 spin down    =   1.8184, s =  0.5914, 
                 spin down    =   1.8184, p =  1.2269, pz=  0.4090, px=  0.4090, py=  0.4090, 
                 spin down    =   1.8184, d =  0.0000, dz2=  0.0000, dxz=  0.0000, dyz=  0.0000, dx2-y2=  0.0000, dxy=  0.0000, 
                 polarization =   0.0000, s = -0.0000, p =  0.0000, d =  0.0000, 
     Atom #   2: total charge =  17.6019, s =  2.7206, p =  5.9970, d =  8.8842, 
                 spin up      =   8.8009, s =  1.3603, 
                 spin up      =   8.8009, p =  2.9985, pz=  0.9993, px=  0.9993, py=  0.9998, 
                 spin up      =   8.8009, d =  4.4421, dz2=  0.9060, dxz=  0.9108, dyz=  0.8479, dx2-y2=  0.9295, dxy=  0.8479, 
                 spin down    =   8.8010, s =  1.3603, 
                 spin down    =   8.8010, p =  2.9985, pz=  0.9993, px=  0.9993, py=  0.9998, 
                 spin down    =   8.8010, d =  4.4421, dz2=  0.9060, dxz=  0.9108, dyz=  0.8480, dx2-y2=  0.9295, dxy=  0.8480, 
                 polarization =  -0.0001, s =  0.0000, p =  0.0000, d = -0.0001, 
     Atom #   3: total charge =  17.6019, s =  2.7206, p =  5.9970, d =  8.8842, 
                 spin up      =   8.8009, s =  1.3603, 
                 spin up      =   8.8009, p =  2.9985, pz=  0.9998, px=  0.9993, py=  0.9993, 
                 spin up      =   8.8009, d =  4.4421, dz2=  0.9412, dxz=  0.8479, dyz=  0.8479, dx2-y2=  0.8942, dxy=  0.9108, 
                 spin down    =   8.8010, s =  1.3603, 
                 spin down    =   8.8010, p =  2.9985, pz=  0.9998, px=  0.9993, py=  0.9993, 
                 spin down    =   8.8010, d =  4.4421, dz2=  0.9412, dxz=  0.8480, dyz=  0.8480, dx2-y2=  0.8943, dxy=  0.9108, 
                 polarization =  -0.0001, s =  0.0000, p =  0.0000, d = -0.0001, 
     Atom #   4: total charge =  17.6019, s =  2.7206, p =  5.9970, d =  8.8842, 
                 spin up      =   8.8009, s =  1.3603, 
                 spin up      =   8.8009, p =  2.9985, pz=  0.9993, px=  0.9998, py=  0.9993, 
                 spin up      =   8.8009, d =  4.4421, dz2=  0.9060, dxz=  0.8479, dyz=  0.9108, dx2-y2=  0.9295, dxy=  0.8479, 
                 spin down    =   8.8010, s =  1.3603, 
                 spin down    =   8.8010, p =  2.9985, pz=  0.9993, px=  0.9998, py=  0.9993, 
                 spin down    =   8.8010, d =  4.4421, dz2=  0.9060, dxz=  0.8480, dyz=  0.9108, dx2-y2=  0.9295, dxy=  0.8480, 
                 polarization =  -0.0001, s =  0.0000, p =  0.0000, d = -0.0001, 
     Spilling Parameter:   0.0098

     PROJWFC      :      7.55s CPU      6.99s WALL


   This run was terminated on:   2:35:32  25Jul2026            

=------------------------------------------------------------------------------=
   JOB DONE.
=------------------------------------------------------------------------------=
